ISO-10303-21;
HEADER;
/* Generated by software containing ST-Developer
 * from STEP Tools, Inc. (www.steptools.com) 
 */

FILE_DESCRIPTION(
/* description */ (''),
/* implementation_level */ '2;1');

FILE_NAME(
/* name */ 'pmot-glass.cell.step',
/* time_stamp */ '2026-08-17T02:30:16-05:00',
/* author */ (''),
/* organization */ (''),
/* preprocessor_version */ 'ST-DEVELOPER v20.1',
/* originating_system */ 'Autodesk Translation Framework v15.8.0.0',
/* authorisation */ '');

FILE_SCHEMA (('AUTOMOTIVE_DESIGN { 1 0 10303 214 3 1 1 }'));
ENDSEC;

DATA;
#10=MECHANICAL_DESIGN_GEOMETRIC_PRESENTATION_REPRESENTATION('',(#24,#25),
#2759);
#11=SHAPE_REPRESENTATION_RELATIONSHIP('SRR','None',#2766,#12);
#12=ADVANCED_BREP_SHAPE_REPRESENTATION('',(#26,#27),#2758);
#13=B_SPLINE_CURVE_WITH_KNOTS('',3,(#1370,#1371,#1372,#1373,#1374,#1375,
#1376,#1377,#1378,#1379,#1380,#1381,#1382,#1383,#1384,#1385,#1386),
 .UNSPECIFIED.,.T.,.F.,(4,1,1,1,1,1,1,1,1,1,1,1,1,1,4),(-1.,-0.928571428571429,
-0.857142857142857,-0.785714285714286,-0.714285714285714,-0.619047619047619,
-0.571428571428571,-0.523809523809524,-0.428571428571429,-0.333333333333333,
-0.285714285714286,-0.19047619047619,-0.142857142857143,-0.0714285714285714,
0.),.UNSPECIFIED.);
#14=B_SPLINE_CURVE_WITH_KNOTS('',3,(#1387,#1388,#1389,#1390),
 .UNSPECIFIED.,.F.,.F.,(4,4),(0.,1.),.UNSPECIFIED.);
#15=B_SPLINE_CURVE_WITH_KNOTS('',3,(#2497,#2498,#2499,#2500,#2501,#2502,
#2503,#2504,#2505,#2506,#2507,#2508,#2509,#2510,#2511,#2512,#2513,#2514,
#2515,#2516,#2517,#2518,#2519,#2520,#2521,#2522,#2523,#2524,#2525,#2526,
#2527,#2528,#2529,#2530,#2531,#2532,#2533,#2534,#2535,#2536,#2537,#2538,
#2539,#2540,#2541,#2542,#2543,#2544,#2545,#2546,#2547,#2548,#2549,#2550,
#2551,#2552,#2553,#2554),.UNSPECIFIED.,.F.,.F.,(4,1,1,1,1,1,1,1,1,1,1,1,
1,1,1,1,1,1,1,1,1,1,1,1,1,1,1,1,1,1,1,1,1,1,1,1,1,1,1,1,1,1,1,1,1,1,1,1,
1,1,1,1,1,1,1,4),(1.35488462432335E-14,0.0357142857142857,0.0714285714285714,
0.0892857142857143,0.142857142857143,0.178571428571429,0.214285714285714,
0.232142857142857,0.25,0.258928571428571,0.267857142857143,0.276785714285714,
0.285714285714286,0.303571428571429,0.321428571428571,0.357142857142857,
0.375,0.383928571428571,0.392857142857143,0.410714285714286,0.419642857142857,
0.424107142857143,0.428571428571429,0.482142857142857,0.5,0.508928571428571,
0.517857142857143,0.535714285714286,0.571428571428571,0.598214285714286,
0.602678571428571,0.607142857142857,0.625,0.642857142857143,0.651785714285714,
0.660714285714286,0.678571428571428,0.691964285714286,0.705357142857143,
0.714285714285714,0.732142857142857,0.736607142857143,0.737723214285714,
0.738839285714286,0.75,0.761160714285714,0.764508928571429,0.767857142857143,
0.785714285714286,0.821428571428571,0.839285714285714,0.857142857142857,
0.910714285714286,0.964285714285714,0.982142857142857,1.),.UNSPECIFIED.);
#16=B_SPLINE_CURVE_WITH_KNOTS('',3,(#2650,#2651,#2652,#2653),
 .UNSPECIFIED.,.F.,.F.,(4,4),(0.5,0.999999999999995),.UNSPECIFIED.);
#17=B_SPLINE_CURVE_WITH_KNOTS('',3,(#2659,#2660,#2661,#2662,#2663,#2664,
#2665,#2666,#2667,#2668,#2669,#2670,#2671,#2672,#2673,#2674,#2675),
 .UNSPECIFIED.,.T.,.F.,(4,1,1,1,1,1,1,1,1,1,1,1,1,1,4),(-1.,-0.928571428571429,
-0.857142857142857,-0.785714285714286,-0.714285714285714,-0.619047619047619,
-0.571428571428571,-0.523809523809524,-0.428571428571429,-0.333333333333333,
-0.285714285714286,-0.19047619047619,-0.142857142857143,-0.0714285714285714,
0.),.UNSPECIFIED.);
#18=B_SPLINE_CURVE_WITH_KNOTS('',3,(#2745,#2746,#2747,#2748),
 .UNSPECIFIED.,.F.,.F.,(4,4),(0.,0.999999999999996),.UNSPECIFIED.);
#19=B_SPLINE_SURFACE_WITH_KNOTS('',3,3,((#1301,#1302,#1303,#1304),(#1305,
#1306,#1307,#1308),(#1309,#1310,#1311,#1312),(#1313,#1314,#1315,#1316),
(#1317,#1318,#1319,#1320),(#1321,#1322,#1323,#1324),(#1325,#1326,#1327,
#1328),(#1329,#1330,#1331,#1332),(#1333,#1334,#1335,#1336),(#1337,#1338,
#1339,#1340),(#1341,#1342,#1343,#1344),(#1345,#1346,#1347,#1348),(#1349,
#1350,#1351,#1352),(#1353,#1354,#1355,#1356),(#1357,#1358,#1359,#1360),
(#1361,#1362,#1363,#1364),(#1365,#1366,#1367,#1368)),.UNSPECIFIED.,.T.,
 .F.,.F.,(4,1,1,1,1,1,1,1,1,1,1,1,1,1,4),(4,4),(0.,0.0714285714285714,0.142857142857143,
0.19047619047619,0.285714285714286,0.333333333333333,0.428571428571429,
0.523809523809524,0.571428571428571,0.619047619047619,0.714285714285714,
0.785714285714286,0.857142857142857,0.928571428571429,1.),(0.,1.00086745659512),
 .UNSPECIFIED.);
#20=B_SPLINE_SURFACE_WITH_KNOTS('',3,3,((#1508,#1509,#1510,#1511,#1512,
#1513,#1514,#1515,#1516,#1517,#1518,#1519,#1520,#1521,#1522,#1523,#1524,
#1525,#1526,#1527,#1528,#1529,#1530,#1531,#1532,#1533,#1534,#1535,#1536,
#1537,#1538,#1539,#1540,#1541,#1542,#1543,#1544,#1545,#1546,#1547,#1548,
#1549,#1550,#1551,#1552,#1553,#1554,#1555,#1556,#1557,#1558,#1559,#1560,
#1561,#1562,#1563,#1564,#1565),(#1566,#1567,#1568,#1569,#1570,#1571,#1572,
#1573,#1574,#1575,#1576,#1577,#1578,#1579,#1580,#1581,#1582,#1583,#1584,
#1585,#1586,#1587,#1588,#1589,#1590,#1591,#1592,#1593,#1594,#1595,#1596,
#1597,#1598,#1599,#1600,#1601,#1602,#1603,#1604,#1605,#1606,#1607,#1608,
#1609,#1610,#1611,#1612,#1613,#1614,#1615,#1616,#1617,#1618,#1619,#1620,
#1621,#1622,#1623),(#1624,#1625,#1626,#1627,#1628,#1629,#1630,#1631,#1632,
#1633,#1634,#1635,#1636,#1637,#1638,#1639,#1640,#1641,#1642,#1643,#1644,
#1645,#1646,#1647,#1648,#1649,#1650,#1651,#1652,#1653,#1654,#1655,#1656,
#1657,#1658,#1659,#1660,#1661,#1662,#1663,#1664,#1665,#1666,#1667,#1668,
#1669,#1670,#1671,#1672,#1673,#1674,#1675,#1676,#1677,#1678,#1679,#1680,
#1681),(#1682,#1683,#1684,#1685,#1686,#1687,#1688,#1689,#1690,#1691,#1692,
#1693,#1694,#1695,#1696,#1697,#1698,#1699,#1700,#1701,#1702,#1703,#1704,
#1705,#1706,#1707,#1708,#1709,#1710,#1711,#1712,#1713,#1714,#1715,#1716,
#1717,#1718,#1719,#1720,#1721,#1722,#1723,#1724,#1725,#1726,#1727,#1728,
#1729,#1730,#1731,#1732,#1733,#1734,#1735,#1736,#1737,#1738,#1739),(#1740,
#1741,#1742,#1743,#1744,#1745,#1746,#1747,#1748,#1749,#1750,#1751,#1752,
#1753,#1754,#1755,#1756,#1757,#1758,#1759,#1760,#1761,#1762,#1763,#1764,
#1765,#1766,#1767,#1768,#1769,#1770,#1771,#1772,#1773,#1774,#1775,#1776,
#1777,#1778,#1779,#1780,#1781,#1782,#1783,#1784,#1785,#1786,#1787,#1788,
#1789,#1790,#1791,#1792,#1793,#1794,#1795,#1796,#1797),(#1798,#1799,#1800,
#1801,#1802,#1803,#1804,#1805,#1806,#1807,#1808,#1809,#1810,#1811,#1812,
#1813,#1814,#1815,#1816,#1817,#1818,#1819,#1820,#1821,#1822,#1823,#1824,
#1825,#1826,#1827,#1828,#1829,#1830,#1831,#1832,#1833,#1834,#1835,#1836,
#1837,#1838,#1839,#1840,#1841,#1842,#1843,#1844,#1845,#1846,#1847,#1848,
#1849,#1850,#1851,#1852,#1853,#1854,#1855),(#1856,#1857,#1858,#1859,#1860,
#1861,#1862,#1863,#1864,#1865,#1866,#1867,#1868,#1869,#1870,#1871,#1872,
#1873,#1874,#1875,#1876,#1877,#1878,#1879,#1880,#1881,#1882,#1883,#1884,
#1885,#1886,#1887,#1888,#1889,#1890,#1891,#1892,#1893,#1894,#1895,#1896,
#1897,#1898,#1899,#1900,#1901,#1902,#1903,#1904,#1905,#1906,#1907,#1908,
#1909,#1910,#1911,#1912,#1913),(#1914,#1915,#1916,#1917,#1918,#1919,#1920,
#1921,#1922,#1923,#1924,#1925,#1926,#1927,#1928,#1929,#1930,#1931,#1932,
#1933,#1934,#1935,#1936,#1937,#1938,#1939,#1940,#1941,#1942,#1943,#1944,
#1945,#1946,#1947,#1948,#1949,#1950,#1951,#1952,#1953,#1954,#1955,#1956,
#1957,#1958,#1959,#1960,#1961,#1962,#1963,#1964,#1965,#1966,#1967,#1968,
#1969,#1970,#1971),(#1972,#1973,#1974,#1975,#1976,#1977,#1978,#1979,#1980,
#1981,#1982,#1983,#1984,#1985,#1986,#1987,#1988,#1989,#1990,#1991,#1992,
#1993,#1994,#1995,#1996,#1997,#1998,#1999,#2000,#2001,#2002,#2003,#2004,
#2005,#2006,#2007,#2008,#2009,#2010,#2011,#2012,#2013,#2014,#2015,#2016,
#2017,#2018,#2019,#2020,#2021,#2022,#2023,#2024,#2025,#2026,#2027,#2028,
#2029),(#2030,#2031,#2032,#2033,#2034,#2035,#2036,#2037,#2038,#2039,#2040,
#2041,#2042,#2043,#2044,#2045,#2046,#2047,#2048,#2049,#2050,#2051,#2052,
#2053,#2054,#2055,#2056,#2057,#2058,#2059,#2060,#2061,#2062,#2063,#2064,
#2065,#2066,#2067,#2068,#2069,#2070,#2071,#2072,#2073,#2074,#2075,#2076,
#2077,#2078,#2079,#2080,#2081,#2082,#2083,#2084,#2085,#2086,#2087),(#2088,
#2089,#2090,#2091,#2092,#2093,#2094,#2095,#2096,#2097,#2098,#2099,#2100,
#2101,#2102,#2103,#2104,#2105,#2106,#2107,#2108,#2109,#2110,#2111,#2112,
#2113,#2114,#2115,#2116,#2117,#2118,#2119,#2120,#2121,#2122,#2123,#2124,
#2125,#2126,#2127,#2128,#2129,#2130,#2131,#2132,#2133,#2134,#2135,#2136,
#2137,#2138,#2139,#2140,#2141,#2142,#2143,#2144,#2145),(#2146,#2147,#2148,
#2149,#2150,#2151,#2152,#2153,#2154,#2155,#2156,#2157,#2158,#2159,#2160,
#2161,#2162,#2163,#2164,#2165,#2166,#2167,#2168,#2169,#2170,#2171,#2172,
#2173,#2174,#2175,#2176,#2177,#2178,#2179,#2180,#2181,#2182,#2183,#2184,
#2185,#2186,#2187,#2188,#2189,#2190,#2191,#2192,#2193,#2194,#2195,#2196,
#2197,#2198,#2199,#2200,#2201,#2202,#2203),(#2204,#2205,#2206,#2207,#2208,
#2209,#2210,#2211,#2212,#2213,#2214,#2215,#2216,#2217,#2218,#2219,#2220,
#2221,#2222,#2223,#2224,#2225,#2226,#2227,#2228,#2229,#2230,#2231,#2232,
#2233,#2234,#2235,#2236,#2237,#2238,#2239,#2240,#2241,#2242,#2243,#2244,
#2245,#2246,#2247,#2248,#2249,#2250,#2251,#2252,#2253,#2254,#2255,#2256,
#2257,#2258,#2259,#2260,#2261),(#2262,#2263,#2264,#2265,#2266,#2267,#2268,
#2269,#2270,#2271,#2272,#2273,#2274,#2275,#2276,#2277,#2278,#2279,#2280,
#2281,#2282,#2283,#2284,#2285,#2286,#2287,#2288,#2289,#2290,#2291,#2292,
#2293,#2294,#2295,#2296,#2297,#2298,#2299,#2300,#2301,#2302,#2303,#2304,
#2305,#2306,#2307,#2308,#2309,#2310,#2311,#2312,#2313,#2314,#2315,#2316,
#2317,#2318,#2319),(#2320,#2321,#2322,#2323,#2324,#2325,#2326,#2327,#2328,
#2329,#2330,#2331,#2332,#2333,#2334,#2335,#2336,#2337,#2338,#2339,#2340,
#2341,#2342,#2343,#2344,#2345,#2346,#2347,#2348,#2349,#2350,#2351,#2352,
#2353,#2354,#2355,#2356,#2357,#2358,#2359,#2360,#2361,#2362,#2363,#2364,
#2365,#2366,#2367,#2368,#2369,#2370,#2371,#2372,#2373,#2374,#2375,#2376,
#2377),(#2378,#2379,#2380,#2381,#2382,#2383,#2384,#2385,#2386,#2387,#2388,
#2389,#2390,#2391,#2392,#2393,#2394,#2395,#2396,#2397,#2398,#2399,#2400,
#2401,#2402,#2403,#2404,#2405,#2406,#2407,#2408,#2409,#2410,#2411,#2412,
#2413,#2414,#2415,#2416,#2417,#2418,#2419,#2420,#2421,#2422,#2423,#2424,
#2425,#2426,#2427,#2428,#2429,#2430,#2431,#2432,#2433,#2434,#2435),(#2436,
#2437,#2438,#2439,#2440,#2441,#2442,#2443,#2444,#2445,#2446,#2447,#2448,
#2449,#2450,#2451,#2452,#2453,#2454,#2455,#2456,#2457,#2458,#2459,#2460,
#2461,#2462,#2463,#2464,#2465,#2466,#2467,#2468,#2469,#2470,#2471,#2472,
#2473,#2474,#2475,#2476,#2477,#2478,#2479,#2480,#2481,#2482,#2483,#2484,
#2485,#2486,#2487,#2488,#2489,#2490,#2491,#2492,#2493)),.UNSPECIFIED.,.T.,
 .F.,.F.,(4,1,1,1,1,1,1,1,1,1,1,1,1,1,4),(4,1,1,1,1,1,1,1,1,1,1,1,1,1,1,
1,1,1,1,1,1,1,1,1,1,1,1,1,1,1,1,1,1,1,1,1,1,1,1,1,1,1,1,1,1,1,1,1,1,1,1,
1,1,1,1,4),(0.,0.0714285714285714,0.142857142857143,0.19047619047619,0.285714285714286,
0.333333333333333,0.428571428571429,0.523809523809524,0.571428571428571,
0.619047619047619,0.714285714285714,0.785714285714286,0.857142857142857,
0.928571428571429,1.),(-0.000769105603835484,0.0357142857142857,0.0714285714285714,
0.0892857142857143,0.142857142857143,0.178571428571429,0.214285714285714,
0.232142857142857,0.25,0.258928571428571,0.267857142857143,0.276785714285714,
0.285714285714286,0.303571428571429,0.321428571428571,0.357142857142857,
0.375,0.383928571428571,0.392857142857143,0.410714285714286,0.419642857142857,
0.424107142857143,0.428571428571429,0.482142857142857,0.5,0.508928571428571,
0.517857142857143,0.535714285714286,0.571428571428571,0.598214285714286,
0.602678571428571,0.607142857142857,0.625,0.642857142857143,0.651785714285714,
0.660714285714286,0.678571428571428,0.691964285714286,0.705357142857143,
0.714285714285714,0.732142857142857,0.736607142857143,0.737723214285714,
0.738839285714286,0.75,0.761160714285714,0.764508928571429,0.767857142857143,
0.785714285714286,0.821428571428571,0.839285714285714,0.857142857142857,
0.910714285714286,0.964285714285714,0.982142857142857,1.0002888090853),
 .UNSPECIFIED.);
#21=B_SPLINE_SURFACE_WITH_KNOTS('',3,3,((#2581,#2582,#2583,#2584),(#2585,
#2586,#2587,#2588),(#2589,#2590,#2591,#2592),(#2593,#2594,#2595,#2596),
(#2597,#2598,#2599,#2600),(#2601,#2602,#2603,#2604),(#2605,#2606,#2607,
#2608),(#2609,#2610,#2611,#2612),(#2613,#2614,#2615,#2616),(#2617,#2618,
#2619,#2620),(#2621,#2622,#2623,#2624),(#2625,#2626,#2627,#2628),(#2629,
#2630,#2631,#2632),(#2633,#2634,#2635,#2636),(#2637,#2638,#2639,#2640),
(#2641,#2642,#2643,#2644),(#2645,#2646,#2647,#2648)),.UNSPECIFIED.,.T.,
 .F.,.F.,(4,1,1,1,1,1,1,1,1,1,1,1,1,1,4),(4,4),(0.,0.0714285714285714,0.142857142857143,
0.19047619047619,0.285714285714286,0.333333333333333,0.428571428571429,
0.523809523809524,0.571428571428571,0.619047619047619,0.714285714285714,
0.785714285714286,0.857142857142857,0.928571428571429,1.),(0.5,1.00028568495887),
 .UNSPECIFIED.);
#22=B_SPLINE_SURFACE_WITH_KNOTS('',3,3,((#2676,#2677,#2678,#2679),(#2680,
#2681,#2682,#2683),(#2684,#2685,#2686,#2687),(#2688,#2689,#2690,#2691),
(#2692,#2693,#2694,#2695),(#2696,#2697,#2698,#2699),(#2700,#2701,#2702,
#2703),(#2704,#2705,#2706,#2707),(#2708,#2709,#2710,#2711),(#2712,#2713,
#2714,#2715),(#2716,#2717,#2718,#2719),(#2720,#2721,#2722,#2723),(#2724,
#2725,#2726,#2727),(#2728,#2729,#2730,#2731),(#2732,#2733,#2734,#2735),
(#2736,#2737,#2738,#2739),(#2740,#2741,#2742,#2743)),.UNSPECIFIED.,.T.,
 .F.,.F.,(4,1,1,1,1,1,1,1,1,1,1,1,1,1,4),(4,4),(0.,0.0714285714285714,0.142857142857143,
0.19047619047619,0.285714285714286,0.333333333333333,0.428571428571429,
0.523809523809524,0.571428571428571,0.619047619047619,0.714285714285714,
0.785714285714286,0.857142857142857,0.928571428571429,1.),(0.,1.0003475078569),
 .UNSPECIFIED.);
#23=CONICAL_SURFACE('',#924,20.5715799889324,0.202577428046824);
#24=STYLED_ITEM('',(#2776),#26);
#25=STYLED_ITEM('',(#2776),#27);
#26=MANIFOLD_SOLID_BREP('Body1',#876);
#27=MANIFOLD_SOLID_BREP('Body2',#877);
#28=FACE_BOUND('',#142,.T.);
#29=FACE_BOUND('',#143,.T.);
#30=FACE_BOUND('',#144,.T.);
#31=FACE_BOUND('',#145,.T.);
#32=FACE_BOUND('',#146,.T.);
#33=FACE_BOUND('',#147,.T.);
#34=FACE_BOUND('',#148,.T.);
#35=FACE_BOUND('',#151,.T.);
#36=FACE_BOUND('',#152,.T.);
#37=FACE_BOUND('',#153,.T.);
#38=FACE_BOUND('',#154,.T.);
#39=FACE_BOUND('',#155,.T.);
#40=FACE_BOUND('',#156,.T.);
#41=FACE_BOUND('',#157,.T.);
#42=FACE_BOUND('',#159,.T.);
#43=FACE_BOUND('',#164,.T.);
#44=FACE_BOUND('',#176,.T.);
#45=FACE_BOUND('',#188,.T.);
#46=FACE_BOUND('',#193,.T.);
#47=FACE_BOUND('',#197,.T.);
#48=FACE_BOUND('',#201,.T.);
#49=FACE_BOUND('',#204,.T.);
#50=PLANE('',#915);
#51=PLANE('',#919);
#52=PLANE('',#920);
#53=PLANE('',#928);
#54=PLANE('',#930);
#55=PLANE('',#932);
#56=PLANE('',#934);
#57=PLANE('',#935);
#58=PLANE('',#936);
#59=PLANE('',#937);
#60=PLANE('',#938);
#61=PLANE('',#939);
#62=PLANE('',#940);
#63=PLANE('',#941);
#64=PLANE('',#942);
#65=PLANE('',#943);
#66=PLANE('',#944);
#67=PLANE('',#945);
#68=PLANE('',#946);
#69=PLANE('',#947);
#70=PLANE('',#948);
#71=PLANE('',#949);
#72=PLANE('',#950);
#73=PLANE('',#951);
#74=PLANE('',#952);
#75=PLANE('',#953);
#76=PLANE('',#960);
#77=PLANE('',#964);
#78=PLANE('',#972);
#79=PLANE('',#975);
#80=FACE_OUTER_BOUND('',#133,.T.);
#81=FACE_OUTER_BOUND('',#134,.T.);
#82=FACE_OUTER_BOUND('',#135,.T.);
#83=FACE_OUTER_BOUND('',#136,.T.);
#84=FACE_OUTER_BOUND('',#137,.T.);
#85=FACE_OUTER_BOUND('',#138,.T.);
#86=FACE_OUTER_BOUND('',#139,.T.);
#87=FACE_OUTER_BOUND('',#140,.T.);
#88=FACE_OUTER_BOUND('',#141,.T.);
#89=FACE_OUTER_BOUND('',#149,.T.);
#90=FACE_OUTER_BOUND('',#150,.T.);
#91=FACE_OUTER_BOUND('',#158,.T.);
#92=FACE_OUTER_BOUND('',#160,.T.);
#93=FACE_OUTER_BOUND('',#161,.T.);
#94=FACE_OUTER_BOUND('',#162,.T.);
#95=FACE_OUTER_BOUND('',#163,.T.);
#96=FACE_OUTER_BOUND('',#165,.T.);
#97=FACE_OUTER_BOUND('',#166,.T.);
#98=FACE_OUTER_BOUND('',#167,.T.);
#99=FACE_OUTER_BOUND('',#168,.T.);
#100=FACE_OUTER_BOUND('',#169,.T.);
#101=FACE_OUTER_BOUND('',#170,.T.);
#102=FACE_OUTER_BOUND('',#171,.T.);
#103=FACE_OUTER_BOUND('',#172,.T.);
#104=FACE_OUTER_BOUND('',#173,.T.);
#105=FACE_OUTER_BOUND('',#174,.T.);
#106=FACE_OUTER_BOUND('',#175,.T.);
#107=FACE_OUTER_BOUND('',#177,.T.);
#108=FACE_OUTER_BOUND('',#178,.T.);
#109=FACE_OUTER_BOUND('',#179,.T.);
#110=FACE_OUTER_BOUND('',#180,.T.);
#111=FACE_OUTER_BOUND('',#181,.T.);
#112=FACE_OUTER_BOUND('',#182,.T.);
#113=FACE_OUTER_BOUND('',#183,.T.);
#114=FACE_OUTER_BOUND('',#184,.T.);
#115=FACE_OUTER_BOUND('',#185,.T.);
#116=FACE_OUTER_BOUND('',#186,.T.);
#117=FACE_OUTER_BOUND('',#187,.T.);
#118=FACE_OUTER_BOUND('',#189,.T.);
#119=FACE_OUTER_BOUND('',#190,.T.);
#120=FACE_OUTER_BOUND('',#191,.T.);
#121=FACE_OUTER_BOUND('',#192,.T.);
#122=FACE_OUTER_BOUND('',#194,.T.);
#123=FACE_OUTER_BOUND('',#195,.T.);
#124=FACE_OUTER_BOUND('',#196,.T.);
#125=FACE_OUTER_BOUND('',#198,.T.);
#126=FACE_OUTER_BOUND('',#199,.T.);
#127=FACE_OUTER_BOUND('',#200,.T.);
#128=FACE_OUTER_BOUND('',#202,.T.);
#129=FACE_OUTER_BOUND('',#203,.T.);
#130=FACE_OUTER_BOUND('',#205,.T.);
#131=FACE_OUTER_BOUND('',#206,.T.);
#132=FACE_OUTER_BOUND('',#207,.T.);
#133=EDGE_LOOP('',(#575,#576,#577,#578));
#134=EDGE_LOOP('',(#579,#580,#581,#582));
#135=EDGE_LOOP('',(#583,#584,#585,#586));
#136=EDGE_LOOP('',(#587,#588,#589,#590));
#137=EDGE_LOOP('',(#591,#592,#593,#594));
#138=EDGE_LOOP('',(#595,#596,#597,#598));
#139=EDGE_LOOP('',(#599,#600,#601,#602));
#140=EDGE_LOOP('',(#603,#604,#605,#606));
#141=EDGE_LOOP('',(#607));
#142=EDGE_LOOP('',(#608));
#143=EDGE_LOOP('',(#609));
#144=EDGE_LOOP('',(#610));
#145=EDGE_LOOP('',(#611));
#146=EDGE_LOOP('',(#612));
#147=EDGE_LOOP('',(#613));
#148=EDGE_LOOP('',(#614));
#149=EDGE_LOOP('',(#615,#616,#617,#618));
#150=EDGE_LOOP('',(#619));
#151=EDGE_LOOP('',(#620));
#152=EDGE_LOOP('',(#621));
#153=EDGE_LOOP('',(#622));
#154=EDGE_LOOP('',(#623));
#155=EDGE_LOOP('',(#624));
#156=EDGE_LOOP('',(#625));
#157=EDGE_LOOP('',(#626));
#158=EDGE_LOOP('',(#627));
#159=EDGE_LOOP('',(#628));
#160=EDGE_LOOP('',(#629,#630,#631,#632));
#161=EDGE_LOOP('',(#633,#634,#635,#636,#637));
#162=EDGE_LOOP('',(#638,#639,#640,#641));
#163=EDGE_LOOP('',(#642));
#164=EDGE_LOOP('',(#643,#644,#645,#646));
#165=EDGE_LOOP('',(#647,#648,#649,#650));
#166=EDGE_LOOP('',(#651,#652,#653,#654));
#167=EDGE_LOOP('',(#655,#656,#657,#658));
#168=EDGE_LOOP('',(#659,#660,#661,#662));
#169=EDGE_LOOP('',(#663,#664,#665,#666));
#170=EDGE_LOOP('',(#667,#668,#669,#670));
#171=EDGE_LOOP('',(#671,#672,#673,#674));
#172=EDGE_LOOP('',(#675,#676,#677,#678));
#173=EDGE_LOOP('',(#679,#680,#681,#682));
#174=EDGE_LOOP('',(#683,#684,#685,#686));
#175=EDGE_LOOP('',(#687,#688,#689,#690));
#176=EDGE_LOOP('',(#691,#692,#693,#694));
#177=EDGE_LOOP('',(#695,#696,#697,#698));
#178=EDGE_LOOP('',(#699,#700,#701,#702));
#179=EDGE_LOOP('',(#703,#704,#705,#706));
#180=EDGE_LOOP('',(#707,#708,#709,#710,#711));
#181=EDGE_LOOP('',(#712,#713,#714,#715,#716));
#182=EDGE_LOOP('',(#717,#718,#719,#720,#721,#722,#723,#724));
#183=EDGE_LOOP('',(#725,#726,#727,#728));
#184=EDGE_LOOP('',(#729,#730,#731,#732,#733,#734,#735,#736));
#185=EDGE_LOOP('',(#737,#738,#739,#740));
#186=EDGE_LOOP('',(#741,#742,#743,#744));
#187=EDGE_LOOP('',(#745));
#188=EDGE_LOOP('',(#746));
#189=EDGE_LOOP('',(#747,#748,#749,#750));
#190=EDGE_LOOP('',(#751,#752,#753,#754));
#191=EDGE_LOOP('',(#755,#756,#757,#758,#759));
#192=EDGE_LOOP('',(#760));
#193=EDGE_LOOP('',(#761));
#194=EDGE_LOOP('',(#762,#763,#764,#765,#766));
#195=EDGE_LOOP('',(#767,#768,#769,#770));
#196=EDGE_LOOP('',(#771));
#197=EDGE_LOOP('',(#772));
#198=EDGE_LOOP('',(#773,#774,#775,#776));
#199=EDGE_LOOP('',(#777,#778,#779,#780));
#200=EDGE_LOOP('',(#781));
#201=EDGE_LOOP('',(#782));
#202=EDGE_LOOP('',(#783,#784,#785,#786,#787));
#203=EDGE_LOOP('',(#788));
#204=EDGE_LOOP('',(#789));
#205=EDGE_LOOP('',(#790,#791,#792,#793,#794));
#206=EDGE_LOOP('',(#795,#796,#797,#798,#799));
#207=EDGE_LOOP('',(#800,#801,#802,#803,#804));
#208=LINE('',#1234,#277);
#209=LINE('',#1240,#278);
#210=LINE('',#1246,#279);
#211=LINE('',#1252,#280);
#212=LINE('',#1258,#281);
#213=LINE('',#1264,#282);
#214=LINE('',#1270,#283);
#215=LINE('',#1276,#284);
#216=LINE('',#1283,#285);
#217=LINE('',#1291,#286);
#218=LINE('',#1297,#287);
#219=LINE('',#1396,#288);
#220=LINE('',#1398,#289);
#221=LINE('',#1400,#290);
#222=LINE('',#1401,#291);
#223=LINE('',#1407,#292);
#224=LINE('',#1409,#293);
#225=LINE('',#1410,#294);
#226=LINE('',#1414,#295);
#227=LINE('',#1416,#296);
#228=LINE('',#1417,#297);
#229=LINE('',#1420,#298);
#230=LINE('',#1422,#299);
#231=LINE('',#1423,#300);
#232=LINE('',#1426,#301);
#233=LINE('',#1427,#302);
#234=LINE('',#1430,#303);
#235=LINE('',#1431,#304);
#236=LINE('',#1433,#305);
#237=LINE('',#1437,#306);
#238=LINE('',#1439,#307);
#239=LINE('',#1441,#308);
#240=LINE('',#1442,#309);
#241=LINE('',#1445,#310);
#242=LINE('',#1447,#311);
#243=LINE('',#1448,#312);
#244=LINE('',#1451,#313);
#245=LINE('',#1453,#314);
#246=LINE('',#1454,#315);
#247=LINE('',#1456,#316);
#248=LINE('',#1457,#317);
#249=LINE('',#1463,#318);
#250=LINE('',#1465,#319);
#251=LINE('',#1467,#320);
#252=LINE('',#1468,#321);
#253=LINE('',#1472,#322);
#254=LINE('',#1474,#323);
#255=LINE('',#1476,#324);
#256=LINE('',#1477,#325);
#257=LINE('',#1479,#326);
#258=LINE('',#1480,#327);
#259=LINE('',#1482,#328);
#260=LINE('',#1483,#329);
#261=LINE('',#1486,#330);
#262=LINE('',#1488,#331);
#263=LINE('',#1489,#332);
#264=LINE('',#1492,#333);
#265=LINE('',#1493,#334);
#266=LINE('',#1496,#335);
#267=LINE('',#1497,#336);
#268=LINE('',#1499,#337);
#269=LINE('',#1507,#338);
#270=LINE('',#2557,#339);
#271=LINE('',#2562,#340);
#272=LINE('',#2564,#341);
#273=LINE('',#2574,#342);
#274=LINE('',#2578,#343);
#275=LINE('',#2753,#344);
#276=LINE('',#2755,#345);
#277=VECTOR('',#986,23.986599990191);
#278=VECTOR('',#993,3.39810166527706);
#279=VECTOR('',#1000,3.39810166527706);
#280=VECTOR('',#1007,3.39810166527706);
#281=VECTOR('',#1014,3.39810166527706);
#282=VECTOR('',#1021,3.39810166527706);
#283=VECTOR('',#1028,3.39810166527706);
#284=VECTOR('',#1035,34.6806258191512);
#285=VECTOR('',#1044,23.486879157062);
#286=VECTOR('',#1055,17.5901733261401);
#287=VECTOR('',#1062,20.5715799889324);
#288=VECTOR('',#1071,0.999441666257958);
#289=VECTOR('',#1072,0.999441666257958);
#290=VECTOR('',#1073,0.999441666257958);
#291=VECTOR('',#1074,0.999441666257958);
#292=VECTOR('',#1079,0.999441666257958);
#293=VECTOR('',#1080,0.999441666257958);
#294=VECTOR('',#1081,0.999441666257958);
#295=VECTOR('',#1086,0.999441666257958);
#296=VECTOR('',#1087,0.999441666257958);
#297=VECTOR('',#1088,0.999441666257958);
#298=VECTOR('',#1091,0.999441666257958);
#299=VECTOR('',#1092,0.999441666257958);
#300=VECTOR('',#1093,0.999441666257958);
#301=VECTOR('',#1096,0.999441666257958);
#302=VECTOR('',#1097,0.999441666257958);
#303=VECTOR('',#1100,0.999441666257958);
#304=VECTOR('',#1101,0.999441666257958);
#305=VECTOR('',#1104,0.999441666257958);
#306=VECTOR('',#1107,0.999441666257958);
#307=VECTOR('',#1108,0.999441666257958);
#308=VECTOR('',#1109,0.999441666257958);
#309=VECTOR('',#1110,0.999441666257958);
#310=VECTOR('',#1113,0.999441666257958);
#311=VECTOR('',#1114,0.999441666257958);
#312=VECTOR('',#1115,0.999441666257958);
#313=VECTOR('',#1118,0.999441666257958);
#314=VECTOR('',#1119,0.999441666257958);
#315=VECTOR('',#1120,0.999441666257958);
#316=VECTOR('',#1123,0.999441666257958);
#317=VECTOR('',#1124,0.999441666257958);
#318=VECTOR('',#1131,0.999441666257958);
#319=VECTOR('',#1132,0.999441666257958);
#320=VECTOR('',#1133,0.999441666257958);
#321=VECTOR('',#1134,0.999441666257958);
#322=VECTOR('',#1137,0.999441666257958);
#323=VECTOR('',#1138,0.999441666257958);
#324=VECTOR('',#1139,0.999441666257958);
#325=VECTOR('',#1140,0.999441666257958);
#326=VECTOR('',#1143,0.999441666257958);
#327=VECTOR('',#1144,0.999441666257958);
#328=VECTOR('',#1147,0.999441666257958);
#329=VECTOR('',#1148,0.999441666257958);
#330=VECTOR('',#1151,0.999441666257958);
#331=VECTOR('',#1152,0.999441666257958);
#332=VECTOR('',#1153,0.999441666257958);
#333=VECTOR('',#1156,0.999441666257958);
#334=VECTOR('',#1157,0.999441666257958);
#335=VECTOR('',#1160,0.999441666257958);
#336=VECTOR('',#1161,0.999441666257958);
#337=VECTOR('',#1164,0.999441666257958);
#338=VECTOR('',#1175,17.4902291595143);
#339=VECTOR('',#1182,18.9893916589012);
#340=VECTOR('',#1189,18.9893916589012);
#341=VECTOR('',#1192,15.4913458269984);
#342=VECTOR('',#1203,17.225876838789);
#343=VECTOR('',#1208,23.986599990191);
#344=VECTOR('',#1225,18.3111990996162);
#345=VECTOR('',#1228,17.2260910048241);
#346=CIRCLE('',#892,23.986599990191);
#347=CIRCLE('',#893,23.986599990191);
#348=CIRCLE('',#895,3.39810166527706);
#349=CIRCLE('',#896,3.39810166527706);
#350=CIRCLE('',#898,3.39810166527706);
#351=CIRCLE('',#899,3.39810166527706);
#352=CIRCLE('',#901,3.39810166527706);
#353=CIRCLE('',#902,3.39810166527706);
#354=CIRCLE('',#904,3.39810166527706);
#355=CIRCLE('',#905,3.39810166527706);
#356=CIRCLE('',#907,3.39810166527706);
#357=CIRCLE('',#908,3.39810166527706);
#358=CIRCLE('',#910,3.39810166527706);
#359=CIRCLE('',#911,3.39810166527706);
#360=CIRCLE('',#913,34.6806258191512);
#361=CIRCLE('',#914,34.6806258191512);
#362=CIRCLE('',#917,23.486879157062);
#363=CIRCLE('',#918,23.486879157062);
#364=CIRCLE('',#922,17.5901733261401);
#365=CIRCLE('',#923,17.5901733261401);
#366=CIRCLE('',#925,20.5715799889324);
#367=CIRCLE('',#926,18.9893916589012);
#368=CIRCLE('',#927,18.9893916589012);
#369=CIRCLE('',#929,15.4913458269984);
#370=CIRCLE('',#931,18.9893916589012);
#371=CIRCLE('',#933,18.9893916589012);
#372=CIRCLE('',#954,17.4902291595143);
#373=CIRCLE('',#956,17.4902291595143);
#374=CIRCLE('',#957,18.9893916589012);
#375=CIRCLE('',#958,18.9893916589012);
#376=CIRCLE('',#961,15.4913458269984);
#377=CIRCLE('',#965,23.986599990191);
#378=CIRCLE('',#966,18.3111990996162);
#379=CIRCLE('',#968,17.225876838789);
#380=CIRCLE('',#969,17.225876838789);
#381=CIRCLE('',#971,23.986599990191);
#382=CIRCLE('',#973,18.3111990996162);
#383=CIRCLE('',#974,18.3111990996162);
#384=CIRCLE('',#976,17.2260910048241);
#385=CIRCLE('',#977,17.2260910048241);
#386=VERTEX_POINT('',#1231);
#387=VERTEX_POINT('',#1233);
#388=VERTEX_POINT('',#1237);
#389=VERTEX_POINT('',#1239);
#390=VERTEX_POINT('',#1243);
#391=VERTEX_POINT('',#1245);
#392=VERTEX_POINT('',#1249);
#393=VERTEX_POINT('',#1251);
#394=VERTEX_POINT('',#1255);
#395=VERTEX_POINT('',#1257);
#396=VERTEX_POINT('',#1261);
#397=VERTEX_POINT('',#1263);
#398=VERTEX_POINT('',#1267);
#399=VERTEX_POINT('',#1269);
#400=VERTEX_POINT('',#1273);
#401=VERTEX_POINT('',#1275);
#402=VERTEX_POINT('',#1280);
#403=VERTEX_POINT('',#1282);
#404=VERTEX_POINT('',#1288);
#405=VERTEX_POINT('',#1290);
#406=VERTEX_POINT('',#1294);
#407=VERTEX_POINT('',#1296);
#408=VERTEX_POINT('',#1298);
#409=VERTEX_POINT('',#1369);
#410=VERTEX_POINT('',#1392);
#411=VERTEX_POINT('',#1394);
#412=VERTEX_POINT('',#1395);
#413=VERTEX_POINT('',#1397);
#414=VERTEX_POINT('',#1399);
#415=VERTEX_POINT('',#1403);
#416=VERTEX_POINT('',#1404);
#417=VERTEX_POINT('',#1406);
#418=VERTEX_POINT('',#1408);
#419=VERTEX_POINT('',#1413);
#420=VERTEX_POINT('',#1415);
#421=VERTEX_POINT('',#1419);
#422=VERTEX_POINT('',#1421);
#423=VERTEX_POINT('',#1425);
#424=VERTEX_POINT('',#1429);
#425=VERTEX_POINT('',#1435);
#426=VERTEX_POINT('',#1436);
#427=VERTEX_POINT('',#1438);
#428=VERTEX_POINT('',#1440);
#429=VERTEX_POINT('',#1444);
#430=VERTEX_POINT('',#1446);
#431=VERTEX_POINT('',#1450);
#432=VERTEX_POINT('',#1452);
#433=VERTEX_POINT('',#1461);
#434=VERTEX_POINT('',#1462);
#435=VERTEX_POINT('',#1464);
#436=VERTEX_POINT('',#1466);
#437=VERTEX_POINT('',#1470);
#438=VERTEX_POINT('',#1471);
#439=VERTEX_POINT('',#1473);
#440=VERTEX_POINT('',#1475);
#441=VERTEX_POINT('',#1485);
#442=VERTEX_POINT('',#1487);
#443=VERTEX_POINT('',#1491);
#444=VERTEX_POINT('',#1495);
#445=VERTEX_POINT('',#1502);
#446=VERTEX_POINT('',#1505);
#447=VERTEX_POINT('',#2494);
#448=VERTEX_POINT('',#2496);
#449=VERTEX_POINT('',#2559);
#450=VERTEX_POINT('',#2566);
#451=VERTEX_POINT('',#2568);
#452=VERTEX_POINT('',#2571);
#453=VERTEX_POINT('',#2573);
#454=VERTEX_POINT('',#2577);
#455=VERTEX_POINT('',#2649);
#456=VERTEX_POINT('',#2654);
#457=VERTEX_POINT('',#2658);
#458=VERTEX_POINT('',#2744);
#459=VERTEX_POINT('',#2749);
#460=EDGE_CURVE('',#386,#386,#346,.T.);
#461=EDGE_CURVE('',#386,#387,#208,.T.);
#462=EDGE_CURVE('',#387,#387,#347,.T.);
#463=EDGE_CURVE('',#388,#388,#348,.T.);
#464=EDGE_CURVE('',#388,#389,#209,.T.);
#465=EDGE_CURVE('',#389,#389,#349,.T.);
#466=EDGE_CURVE('',#390,#390,#350,.T.);
#467=EDGE_CURVE('',#390,#391,#210,.T.);
#468=EDGE_CURVE('',#391,#391,#351,.T.);
#469=EDGE_CURVE('',#392,#392,#352,.T.);
#470=EDGE_CURVE('',#392,#393,#211,.T.);
#471=EDGE_CURVE('',#393,#393,#353,.T.);
#472=EDGE_CURVE('',#394,#394,#354,.T.);
#473=EDGE_CURVE('',#394,#395,#212,.T.);
#474=EDGE_CURVE('',#395,#395,#355,.T.);
#475=EDGE_CURVE('',#396,#396,#356,.T.);
#476=EDGE_CURVE('',#396,#397,#213,.T.);
#477=EDGE_CURVE('',#397,#397,#357,.T.);
#478=EDGE_CURVE('',#398,#398,#358,.T.);
#479=EDGE_CURVE('',#398,#399,#214,.T.);
#480=EDGE_CURVE('',#399,#399,#359,.T.);
#481=EDGE_CURVE('',#400,#400,#360,.T.);
#482=EDGE_CURVE('',#400,#401,#215,.T.);
#483=EDGE_CURVE('',#401,#401,#361,.T.);
#484=EDGE_CURVE('',#402,#402,#362,.T.);
#485=EDGE_CURVE('',#402,#403,#216,.T.);
#486=EDGE_CURVE('',#403,#403,#363,.T.);
#487=EDGE_CURVE('',#404,#404,#364,.T.);
#488=EDGE_CURVE('',#404,#405,#217,.T.);
#489=EDGE_CURVE('',#405,#405,#365,.T.);
#490=EDGE_CURVE('',#406,#406,#366,.T.);
#491=EDGE_CURVE('',#406,#407,#218,.T.);
#492=EDGE_CURVE('',#407,#408,#367,.T.);
#493=EDGE_CURVE('',#408,#407,#368,.T.);
#494=EDGE_CURVE('',#409,#409,#13,.T.);
#495=EDGE_CURVE('',#409,#406,#14,.T.);
#496=EDGE_CURVE('',#410,#410,#369,.T.);
#497=EDGE_CURVE('',#411,#412,#219,.T.);
#498=EDGE_CURVE('',#412,#413,#220,.T.);
#499=EDGE_CURVE('',#413,#414,#221,.T.);
#500=EDGE_CURVE('',#414,#411,#222,.T.);
#501=EDGE_CURVE('',#415,#416,#370,.T.);
#502=EDGE_CURVE('',#416,#417,#223,.T.);
#503=EDGE_CURVE('',#418,#417,#224,.T.);
#504=EDGE_CURVE('',#418,#415,#225,.T.);
#505=EDGE_CURVE('',#416,#415,#371,.T.);
#506=EDGE_CURVE('',#415,#419,#226,.T.);
#507=EDGE_CURVE('',#420,#419,#227,.T.);
#508=EDGE_CURVE('',#420,#416,#228,.T.);
#509=EDGE_CURVE('',#411,#421,#229,.T.);
#510=EDGE_CURVE('',#422,#421,#230,.T.);
#511=EDGE_CURVE('',#412,#422,#231,.T.);
#512=EDGE_CURVE('',#414,#423,#232,.T.);
#513=EDGE_CURVE('',#421,#423,#233,.T.);
#514=EDGE_CURVE('',#413,#424,#234,.T.);
#515=EDGE_CURVE('',#423,#424,#235,.T.);
#516=EDGE_CURVE('',#424,#422,#236,.T.);
#517=EDGE_CURVE('',#425,#426,#237,.T.);
#518=EDGE_CURVE('',#427,#426,#238,.F.);
#519=EDGE_CURVE('',#428,#427,#239,.F.);
#520=EDGE_CURVE('',#425,#428,#240,.T.);
#521=EDGE_CURVE('',#429,#427,#241,.F.);
#522=EDGE_CURVE('',#430,#429,#242,.F.);
#523=EDGE_CURVE('',#428,#430,#243,.T.);
#524=EDGE_CURVE('',#431,#429,#244,.F.);
#525=EDGE_CURVE('',#432,#431,#245,.F.);
#526=EDGE_CURVE('',#430,#432,#246,.T.);
#527=EDGE_CURVE('',#426,#431,#247,.F.);
#528=EDGE_CURVE('',#432,#425,#248,.T.);
#529=EDGE_CURVE('',#433,#434,#249,.T.);
#530=EDGE_CURVE('',#433,#435,#250,.T.);
#531=EDGE_CURVE('',#435,#436,#251,.T.);
#532=EDGE_CURVE('',#436,#434,#252,.T.);
#533=EDGE_CURVE('',#437,#438,#253,.T.);
#534=EDGE_CURVE('',#437,#439,#254,.T.);
#535=EDGE_CURVE('',#439,#440,#255,.T.);
#536=EDGE_CURVE('',#440,#438,#256,.T.);
#537=EDGE_CURVE('',#439,#419,#257,.T.);
#538=EDGE_CURVE('',#440,#418,#258,.T.);
#539=EDGE_CURVE('',#435,#417,#259,.T.);
#540=EDGE_CURVE('',#436,#420,#260,.T.);
#541=EDGE_CURVE('',#441,#433,#261,.T.);
#542=EDGE_CURVE('',#441,#442,#262,.T.);
#543=EDGE_CURVE('',#442,#438,#263,.T.);
#544=EDGE_CURVE('',#443,#434,#264,.T.);
#545=EDGE_CURVE('',#443,#441,#265,.T.);
#546=EDGE_CURVE('',#444,#437,#266,.T.);
#547=EDGE_CURVE('',#444,#443,#267,.T.);
#548=EDGE_CURVE('',#442,#444,#268,.T.);
#549=EDGE_CURVE('',#445,#445,#372,.T.);
#550=EDGE_CURVE('',#446,#446,#373,.T.);
#551=EDGE_CURVE('',#446,#445,#269,.T.);
#552=EDGE_CURVE('',#447,#447,#374,.T.);
#553=EDGE_CURVE('',#447,#448,#15,.T.);
#554=EDGE_CURVE('',#448,#448,#375,.T.);
#555=EDGE_CURVE('',#408,#448,#270,.T.);
#556=EDGE_CURVE('',#449,#449,#376,.T.);
#557=EDGE_CURVE('',#415,#447,#271,.T.);
#558=EDGE_CURVE('',#449,#410,#272,.T.);
#559=EDGE_CURVE('',#450,#450,#377,.T.);
#560=EDGE_CURVE('',#451,#451,#378,.T.);
#561=EDGE_CURVE('',#452,#452,#379,.T.);
#562=EDGE_CURVE('',#452,#453,#273,.T.);
#563=EDGE_CURVE('',#453,#453,#380,.T.);
#564=EDGE_CURVE('',#450,#454,#274,.T.);
#565=EDGE_CURVE('',#454,#454,#381,.T.);
#566=EDGE_CURVE('',#409,#455,#16,.T.);
#567=EDGE_CURVE('',#455,#456,#382,.T.);
#568=EDGE_CURVE('',#456,#455,#383,.T.);
#569=EDGE_CURVE('',#457,#457,#17,.T.);
#570=EDGE_CURVE('',#457,#458,#18,.T.);
#571=EDGE_CURVE('',#458,#459,#384,.T.);
#572=EDGE_CURVE('',#459,#458,#385,.T.);
#573=EDGE_CURVE('',#456,#451,#275,.T.);
#574=EDGE_CURVE('',#459,#452,#276,.T.);
#575=ORIENTED_EDGE('',*,*,#460,.F.);
#576=ORIENTED_EDGE('',*,*,#461,.T.);
#577=ORIENTED_EDGE('',*,*,#462,.F.);
#578=ORIENTED_EDGE('',*,*,#461,.F.);
#579=ORIENTED_EDGE('',*,*,#463,.F.);
#580=ORIENTED_EDGE('',*,*,#464,.T.);
#581=ORIENTED_EDGE('',*,*,#465,.F.);
#582=ORIENTED_EDGE('',*,*,#464,.F.);
#583=ORIENTED_EDGE('',*,*,#466,.F.);
#584=ORIENTED_EDGE('',*,*,#467,.T.);
#585=ORIENTED_EDGE('',*,*,#468,.F.);
#586=ORIENTED_EDGE('',*,*,#467,.F.);
#587=ORIENTED_EDGE('',*,*,#469,.F.);
#588=ORIENTED_EDGE('',*,*,#470,.T.);
#589=ORIENTED_EDGE('',*,*,#471,.F.);
#590=ORIENTED_EDGE('',*,*,#470,.F.);
#591=ORIENTED_EDGE('',*,*,#472,.F.);
#592=ORIENTED_EDGE('',*,*,#473,.T.);
#593=ORIENTED_EDGE('',*,*,#474,.F.);
#594=ORIENTED_EDGE('',*,*,#473,.F.);
#595=ORIENTED_EDGE('',*,*,#475,.F.);
#596=ORIENTED_EDGE('',*,*,#476,.T.);
#597=ORIENTED_EDGE('',*,*,#477,.F.);
#598=ORIENTED_EDGE('',*,*,#476,.F.);
#599=ORIENTED_EDGE('',*,*,#478,.F.);
#600=ORIENTED_EDGE('',*,*,#479,.T.);
#601=ORIENTED_EDGE('',*,*,#480,.F.);
#602=ORIENTED_EDGE('',*,*,#479,.F.);
#603=ORIENTED_EDGE('',*,*,#481,.F.);
#604=ORIENTED_EDGE('',*,*,#482,.T.);
#605=ORIENTED_EDGE('',*,*,#483,.F.);
#606=ORIENTED_EDGE('',*,*,#482,.F.);
#607=ORIENTED_EDGE('',*,*,#481,.T.);
#608=ORIENTED_EDGE('',*,*,#460,.T.);
#609=ORIENTED_EDGE('',*,*,#463,.T.);
#610=ORIENTED_EDGE('',*,*,#466,.T.);
#611=ORIENTED_EDGE('',*,*,#469,.T.);
#612=ORIENTED_EDGE('',*,*,#472,.T.);
#613=ORIENTED_EDGE('',*,*,#475,.T.);
#614=ORIENTED_EDGE('',*,*,#478,.T.);
#615=ORIENTED_EDGE('',*,*,#484,.F.);
#616=ORIENTED_EDGE('',*,*,#485,.T.);
#617=ORIENTED_EDGE('',*,*,#486,.F.);
#618=ORIENTED_EDGE('',*,*,#485,.F.);
#619=ORIENTED_EDGE('',*,*,#483,.T.);
#620=ORIENTED_EDGE('',*,*,#465,.T.);
#621=ORIENTED_EDGE('',*,*,#468,.T.);
#622=ORIENTED_EDGE('',*,*,#471,.T.);
#623=ORIENTED_EDGE('',*,*,#474,.T.);
#624=ORIENTED_EDGE('',*,*,#477,.T.);
#625=ORIENTED_EDGE('',*,*,#480,.T.);
#626=ORIENTED_EDGE('',*,*,#486,.T.);
#627=ORIENTED_EDGE('',*,*,#462,.T.);
#628=ORIENTED_EDGE('',*,*,#484,.T.);
#629=ORIENTED_EDGE('',*,*,#487,.F.);
#630=ORIENTED_EDGE('',*,*,#488,.T.);
#631=ORIENTED_EDGE('',*,*,#489,.F.);
#632=ORIENTED_EDGE('',*,*,#488,.F.);
#633=ORIENTED_EDGE('',*,*,#490,.T.);
#634=ORIENTED_EDGE('',*,*,#491,.T.);
#635=ORIENTED_EDGE('',*,*,#492,.T.);
#636=ORIENTED_EDGE('',*,*,#493,.T.);
#637=ORIENTED_EDGE('',*,*,#491,.F.);
#638=ORIENTED_EDGE('',*,*,#494,.F.);
#639=ORIENTED_EDGE('',*,*,#495,.T.);
#640=ORIENTED_EDGE('',*,*,#490,.F.);
#641=ORIENTED_EDGE('',*,*,#495,.F.);
#642=ORIENTED_EDGE('',*,*,#496,.T.);
#643=ORIENTED_EDGE('',*,*,#497,.T.);
#644=ORIENTED_EDGE('',*,*,#498,.T.);
#645=ORIENTED_EDGE('',*,*,#499,.T.);
#646=ORIENTED_EDGE('',*,*,#500,.T.);
#647=ORIENTED_EDGE('',*,*,#501,.T.);
#648=ORIENTED_EDGE('',*,*,#502,.T.);
#649=ORIENTED_EDGE('',*,*,#503,.F.);
#650=ORIENTED_EDGE('',*,*,#504,.T.);
#651=ORIENTED_EDGE('',*,*,#505,.T.);
#652=ORIENTED_EDGE('',*,*,#506,.T.);
#653=ORIENTED_EDGE('',*,*,#507,.F.);
#654=ORIENTED_EDGE('',*,*,#508,.T.);
#655=ORIENTED_EDGE('',*,*,#509,.T.);
#656=ORIENTED_EDGE('',*,*,#510,.F.);
#657=ORIENTED_EDGE('',*,*,#511,.F.);
#658=ORIENTED_EDGE('',*,*,#497,.F.);
#659=ORIENTED_EDGE('',*,*,#512,.T.);
#660=ORIENTED_EDGE('',*,*,#513,.F.);
#661=ORIENTED_EDGE('',*,*,#509,.F.);
#662=ORIENTED_EDGE('',*,*,#500,.F.);
#663=ORIENTED_EDGE('',*,*,#514,.T.);
#664=ORIENTED_EDGE('',*,*,#515,.F.);
#665=ORIENTED_EDGE('',*,*,#512,.F.);
#666=ORIENTED_EDGE('',*,*,#499,.F.);
#667=ORIENTED_EDGE('',*,*,#511,.T.);
#668=ORIENTED_EDGE('',*,*,#516,.F.);
#669=ORIENTED_EDGE('',*,*,#514,.F.);
#670=ORIENTED_EDGE('',*,*,#498,.F.);
#671=ORIENTED_EDGE('',*,*,#517,.T.);
#672=ORIENTED_EDGE('',*,*,#518,.F.);
#673=ORIENTED_EDGE('',*,*,#519,.F.);
#674=ORIENTED_EDGE('',*,*,#520,.F.);
#675=ORIENTED_EDGE('',*,*,#519,.T.);
#676=ORIENTED_EDGE('',*,*,#521,.F.);
#677=ORIENTED_EDGE('',*,*,#522,.F.);
#678=ORIENTED_EDGE('',*,*,#523,.F.);
#679=ORIENTED_EDGE('',*,*,#522,.T.);
#680=ORIENTED_EDGE('',*,*,#524,.F.);
#681=ORIENTED_EDGE('',*,*,#525,.F.);
#682=ORIENTED_EDGE('',*,*,#526,.F.);
#683=ORIENTED_EDGE('',*,*,#525,.T.);
#684=ORIENTED_EDGE('',*,*,#527,.F.);
#685=ORIENTED_EDGE('',*,*,#517,.F.);
#686=ORIENTED_EDGE('',*,*,#528,.F.);
#687=ORIENTED_EDGE('',*,*,#518,.T.);
#688=ORIENTED_EDGE('',*,*,#527,.T.);
#689=ORIENTED_EDGE('',*,*,#524,.T.);
#690=ORIENTED_EDGE('',*,*,#521,.T.);
#691=ORIENTED_EDGE('',*,*,#510,.T.);
#692=ORIENTED_EDGE('',*,*,#513,.T.);
#693=ORIENTED_EDGE('',*,*,#515,.T.);
#694=ORIENTED_EDGE('',*,*,#516,.T.);
#695=ORIENTED_EDGE('',*,*,#520,.T.);
#696=ORIENTED_EDGE('',*,*,#523,.T.);
#697=ORIENTED_EDGE('',*,*,#526,.T.);
#698=ORIENTED_EDGE('',*,*,#528,.T.);
#699=ORIENTED_EDGE('',*,*,#529,.F.);
#700=ORIENTED_EDGE('',*,*,#530,.T.);
#701=ORIENTED_EDGE('',*,*,#531,.T.);
#702=ORIENTED_EDGE('',*,*,#532,.T.);
#703=ORIENTED_EDGE('',*,*,#533,.F.);
#704=ORIENTED_EDGE('',*,*,#534,.T.);
#705=ORIENTED_EDGE('',*,*,#535,.T.);
#706=ORIENTED_EDGE('',*,*,#536,.T.);
#707=ORIENTED_EDGE('',*,*,#537,.T.);
#708=ORIENTED_EDGE('',*,*,#506,.F.);
#709=ORIENTED_EDGE('',*,*,#504,.F.);
#710=ORIENTED_EDGE('',*,*,#538,.F.);
#711=ORIENTED_EDGE('',*,*,#535,.F.);
#712=ORIENTED_EDGE('',*,*,#539,.T.);
#713=ORIENTED_EDGE('',*,*,#502,.F.);
#714=ORIENTED_EDGE('',*,*,#508,.F.);
#715=ORIENTED_EDGE('',*,*,#540,.F.);
#716=ORIENTED_EDGE('',*,*,#531,.F.);
#717=ORIENTED_EDGE('',*,*,#541,.F.);
#718=ORIENTED_EDGE('',*,*,#542,.T.);
#719=ORIENTED_EDGE('',*,*,#543,.T.);
#720=ORIENTED_EDGE('',*,*,#536,.F.);
#721=ORIENTED_EDGE('',*,*,#538,.T.);
#722=ORIENTED_EDGE('',*,*,#503,.T.);
#723=ORIENTED_EDGE('',*,*,#539,.F.);
#724=ORIENTED_EDGE('',*,*,#530,.F.);
#725=ORIENTED_EDGE('',*,*,#529,.T.);
#726=ORIENTED_EDGE('',*,*,#544,.F.);
#727=ORIENTED_EDGE('',*,*,#545,.T.);
#728=ORIENTED_EDGE('',*,*,#541,.T.);
#729=ORIENTED_EDGE('',*,*,#546,.F.);
#730=ORIENTED_EDGE('',*,*,#547,.T.);
#731=ORIENTED_EDGE('',*,*,#544,.T.);
#732=ORIENTED_EDGE('',*,*,#532,.F.);
#733=ORIENTED_EDGE('',*,*,#540,.T.);
#734=ORIENTED_EDGE('',*,*,#507,.T.);
#735=ORIENTED_EDGE('',*,*,#537,.F.);
#736=ORIENTED_EDGE('',*,*,#534,.F.);
#737=ORIENTED_EDGE('',*,*,#545,.F.);
#738=ORIENTED_EDGE('',*,*,#547,.F.);
#739=ORIENTED_EDGE('',*,*,#548,.F.);
#740=ORIENTED_EDGE('',*,*,#542,.F.);
#741=ORIENTED_EDGE('',*,*,#533,.T.);
#742=ORIENTED_EDGE('',*,*,#543,.F.);
#743=ORIENTED_EDGE('',*,*,#548,.T.);
#744=ORIENTED_EDGE('',*,*,#546,.T.);
#745=ORIENTED_EDGE('',*,*,#487,.T.);
#746=ORIENTED_EDGE('',*,*,#549,.F.);
#747=ORIENTED_EDGE('',*,*,#550,.F.);
#748=ORIENTED_EDGE('',*,*,#551,.T.);
#749=ORIENTED_EDGE('',*,*,#549,.T.);
#750=ORIENTED_EDGE('',*,*,#551,.F.);
#751=ORIENTED_EDGE('',*,*,#552,.T.);
#752=ORIENTED_EDGE('',*,*,#553,.T.);
#753=ORIENTED_EDGE('',*,*,#554,.F.);
#754=ORIENTED_EDGE('',*,*,#553,.F.);
#755=ORIENTED_EDGE('',*,*,#493,.F.);
#756=ORIENTED_EDGE('',*,*,#555,.T.);
#757=ORIENTED_EDGE('',*,*,#554,.T.);
#758=ORIENTED_EDGE('',*,*,#555,.F.);
#759=ORIENTED_EDGE('',*,*,#492,.F.);
#760=ORIENTED_EDGE('',*,*,#550,.T.);
#761=ORIENTED_EDGE('',*,*,#556,.T.);
#762=ORIENTED_EDGE('',*,*,#505,.F.);
#763=ORIENTED_EDGE('',*,*,#501,.F.);
#764=ORIENTED_EDGE('',*,*,#557,.T.);
#765=ORIENTED_EDGE('',*,*,#552,.F.);
#766=ORIENTED_EDGE('',*,*,#557,.F.);
#767=ORIENTED_EDGE('',*,*,#556,.F.);
#768=ORIENTED_EDGE('',*,*,#558,.T.);
#769=ORIENTED_EDGE('',*,*,#496,.F.);
#770=ORIENTED_EDGE('',*,*,#558,.F.);
#771=ORIENTED_EDGE('',*,*,#559,.T.);
#772=ORIENTED_EDGE('',*,*,#560,.T.);
#773=ORIENTED_EDGE('',*,*,#561,.F.);
#774=ORIENTED_EDGE('',*,*,#562,.T.);
#775=ORIENTED_EDGE('',*,*,#563,.F.);
#776=ORIENTED_EDGE('',*,*,#562,.F.);
#777=ORIENTED_EDGE('',*,*,#559,.F.);
#778=ORIENTED_EDGE('',*,*,#564,.T.);
#779=ORIENTED_EDGE('',*,*,#565,.F.);
#780=ORIENTED_EDGE('',*,*,#564,.F.);
#781=ORIENTED_EDGE('',*,*,#565,.T.);
#782=ORIENTED_EDGE('',*,*,#563,.T.);
#783=ORIENTED_EDGE('',*,*,#494,.T.);
#784=ORIENTED_EDGE('',*,*,#566,.T.);
#785=ORIENTED_EDGE('',*,*,#567,.T.);
#786=ORIENTED_EDGE('',*,*,#568,.T.);
#787=ORIENTED_EDGE('',*,*,#566,.F.);
#788=ORIENTED_EDGE('',*,*,#489,.T.);
#789=ORIENTED_EDGE('',*,*,#569,.T.);
#790=ORIENTED_EDGE('',*,*,#569,.F.);
#791=ORIENTED_EDGE('',*,*,#570,.T.);
#792=ORIENTED_EDGE('',*,*,#571,.T.);
#793=ORIENTED_EDGE('',*,*,#572,.T.);
#794=ORIENTED_EDGE('',*,*,#570,.F.);
#795=ORIENTED_EDGE('',*,*,#567,.F.);
#796=ORIENTED_EDGE('',*,*,#568,.F.);
#797=ORIENTED_EDGE('',*,*,#573,.T.);
#798=ORIENTED_EDGE('',*,*,#560,.F.);
#799=ORIENTED_EDGE('',*,*,#573,.F.);
#800=ORIENTED_EDGE('',*,*,#571,.F.);
#801=ORIENTED_EDGE('',*,*,#572,.F.);
#802=ORIENTED_EDGE('',*,*,#574,.T.);
#803=ORIENTED_EDGE('',*,*,#561,.T.);
#804=ORIENTED_EDGE('',*,*,#574,.F.);
#805=CYLINDRICAL_SURFACE('',#891,23.986599990191);
#806=CYLINDRICAL_SURFACE('',#894,3.39810166527706);
#807=CYLINDRICAL_SURFACE('',#897,3.39810166527706);
#808=CYLINDRICAL_SURFACE('',#900,3.39810166527706);
#809=CYLINDRICAL_SURFACE('',#903,3.39810166527706);
#810=CYLINDRICAL_SURFACE('',#906,3.39810166527706);
#811=CYLINDRICAL_SURFACE('',#909,3.39810166527706);
#812=CYLINDRICAL_SURFACE('',#912,34.6806258191512);
#813=CYLINDRICAL_SURFACE('',#916,23.486879157062);
#814=CYLINDRICAL_SURFACE('',#921,17.5901733261401);
#815=CYLINDRICAL_SURFACE('',#955,17.4902291595143);
#816=CYLINDRICAL_SURFACE('',#959,18.9893916589012);
#817=CYLINDRICAL_SURFACE('',#962,18.9893916589012);
#818=CYLINDRICAL_SURFACE('',#963,15.4913458269984);
#819=CYLINDRICAL_SURFACE('',#967,17.225876838789);
#820=CYLINDRICAL_SURFACE('',#970,23.986599990191);
#821=CYLINDRICAL_SURFACE('',#978,18.3111990996162);
#822=CYLINDRICAL_SURFACE('',#979,17.2260910048241);
#823=ADVANCED_FACE('',(#80),#805,.F.);
#824=ADVANCED_FACE('',(#81),#806,.F.);
#825=ADVANCED_FACE('',(#82),#807,.F.);
#826=ADVANCED_FACE('',(#83),#808,.F.);
#827=ADVANCED_FACE('',(#84),#809,.F.);
#828=ADVANCED_FACE('',(#85),#810,.F.);
#829=ADVANCED_FACE('',(#86),#811,.F.);
#830=ADVANCED_FACE('',(#87),#812,.T.);
#831=ADVANCED_FACE('',(#88,#28,#29,#30,#31,#32,#33,#34),#50,.T.);
#832=ADVANCED_FACE('',(#89),#813,.F.);
#833=ADVANCED_FACE('',(#90,#35,#36,#37,#38,#39,#40,#41),#51,.T.);
#834=ADVANCED_FACE('',(#91,#42),#52,.T.);
#835=ADVANCED_FACE('',(#92),#814,.F.);
#836=ADVANCED_FACE('',(#93),#23,.T.);
#837=ADVANCED_FACE('',(#94),#19,.T.);
#838=ADVANCED_FACE('',(#95,#43),#53,.T.);
#839=ADVANCED_FACE('',(#96),#54,.T.);
#840=ADVANCED_FACE('',(#97),#55,.T.);
#841=ADVANCED_FACE('',(#98),#56,.F.);
#842=ADVANCED_FACE('',(#99),#57,.F.);
#843=ADVANCED_FACE('',(#100),#58,.F.);
#844=ADVANCED_FACE('',(#101),#59,.F.);
#845=ADVANCED_FACE('',(#102),#60,.F.);
#846=ADVANCED_FACE('',(#103),#61,.F.);
#847=ADVANCED_FACE('',(#104),#62,.F.);
#848=ADVANCED_FACE('',(#105),#63,.F.);
#849=ADVANCED_FACE('',(#106,#44),#64,.F.);
#850=ADVANCED_FACE('',(#107),#65,.T.);
#851=ADVANCED_FACE('',(#108),#66,.T.);
#852=ADVANCED_FACE('',(#109),#67,.T.);
#853=ADVANCED_FACE('',(#110),#68,.F.);
#854=ADVANCED_FACE('',(#111),#69,.F.);
#855=ADVANCED_FACE('',(#112),#70,.T.);
#856=ADVANCED_FACE('',(#113),#71,.T.);
#857=ADVANCED_FACE('',(#114),#72,.T.);
#858=ADVANCED_FACE('',(#115),#73,.F.);
#859=ADVANCED_FACE('',(#116),#74,.T.);
#860=ADVANCED_FACE('',(#117,#45),#75,.T.);
#861=ADVANCED_FACE('',(#118),#815,.F.);
#862=ADVANCED_FACE('',(#119),#20,.F.);
#863=ADVANCED_FACE('',(#120),#816,.T.);
#864=ADVANCED_FACE('',(#121,#46),#76,.T.);
#865=ADVANCED_FACE('',(#122),#817,.T.);
#866=ADVANCED_FACE('',(#123),#818,.F.);
#867=ADVANCED_FACE('',(#124,#47),#77,.T.);
#868=ADVANCED_FACE('',(#125),#819,.F.);
#869=ADVANCED_FACE('',(#126),#820,.T.);
#870=ADVANCED_FACE('',(#127,#48),#78,.F.);
#871=ADVANCED_FACE('',(#128),#21,.F.);
#872=ADVANCED_FACE('',(#129,#49),#79,.T.);
#873=ADVANCED_FACE('',(#130),#22,.T.);
#874=ADVANCED_FACE('',(#131),#821,.T.);
#875=ADVANCED_FACE('',(#132),#822,.F.);
#876=CLOSED_SHELL('',(#823,#824,#825,#826,#827,#828,#829,#830,#831,#832,
#833,#834));
#877=CLOSED_SHELL('',(#835,#836,#837,#838,#839,#840,#841,#842,#843,#844,
#845,#846,#847,#848,#849,#850,#851,#852,#853,#854,#855,#856,#857,#858,#859,
#860,#861,#862,#863,#864,#865,#866,#867,#868,#869,#870,#871,#872,#873,#874,
#875));
#878=DERIVED_UNIT_ELEMENT(#880,1.);
#879=DERIVED_UNIT_ELEMENT(#2761,-3.);
#880=(
MASS_UNIT()
NAMED_UNIT(*)
SI_UNIT(.KILO.,.GRAM.)
);
#881=DERIVED_UNIT((#878,#879));
#882=MEASURE_REPRESENTATION_ITEM('density measure',
POSITIVE_RATIO_MEASURE(7850.),#881);
#883=PROPERTY_DEFINITION_REPRESENTATION(#888,#885);
#884=PROPERTY_DEFINITION_REPRESENTATION(#889,#886);
#885=REPRESENTATION('material name',(#887),#2758);
#886=REPRESENTATION('density',(#882),#2758);
#887=DESCRIPTIVE_REPRESENTATION_ITEM('Steel','Steel');
#888=PROPERTY_DEFINITION('material property','material name',#2768);
#889=PROPERTY_DEFINITION('material property','density of part',#2768);
#890=AXIS2_PLACEMENT_3D('',#1229,#980,#981);
#891=AXIS2_PLACEMENT_3D('',#1230,#982,#983);
#892=AXIS2_PLACEMENT_3D('',#1232,#984,#985);
#893=AXIS2_PLACEMENT_3D('',#1235,#987,#988);
#894=AXIS2_PLACEMENT_3D('',#1236,#989,#990);
#895=AXIS2_PLACEMENT_3D('',#1238,#991,#992);
#896=AXIS2_PLACEMENT_3D('',#1241,#994,#995);
#897=AXIS2_PLACEMENT_3D('',#1242,#996,#997);
#898=AXIS2_PLACEMENT_3D('',#1244,#998,#999);
#899=AXIS2_PLACEMENT_3D('',#1247,#1001,#1002);
#900=AXIS2_PLACEMENT_3D('',#1248,#1003,#1004);
#901=AXIS2_PLACEMENT_3D('',#1250,#1005,#1006);
#902=AXIS2_PLACEMENT_3D('',#1253,#1008,#1009);
#903=AXIS2_PLACEMENT_3D('',#1254,#1010,#1011);
#904=AXIS2_PLACEMENT_3D('',#1256,#1012,#1013);
#905=AXIS2_PLACEMENT_3D('',#1259,#1015,#1016);
#906=AXIS2_PLACEMENT_3D('',#1260,#1017,#1018);
#907=AXIS2_PLACEMENT_3D('',#1262,#1019,#1020);
#908=AXIS2_PLACEMENT_3D('',#1265,#1022,#1023);
#909=AXIS2_PLACEMENT_3D('',#1266,#1024,#1025);
#910=AXIS2_PLACEMENT_3D('',#1268,#1026,#1027);
#911=AXIS2_PLACEMENT_3D('',#1271,#1029,#1030);
#912=AXIS2_PLACEMENT_3D('',#1272,#1031,#1032);
#913=AXIS2_PLACEMENT_3D('',#1274,#1033,#1034);
#914=AXIS2_PLACEMENT_3D('',#1277,#1036,#1037);
#915=AXIS2_PLACEMENT_3D('',#1278,#1038,#1039);
#916=AXIS2_PLACEMENT_3D('',#1279,#1040,#1041);
#917=AXIS2_PLACEMENT_3D('',#1281,#1042,#1043);
#918=AXIS2_PLACEMENT_3D('',#1284,#1045,#1046);
#919=AXIS2_PLACEMENT_3D('',#1285,#1047,#1048);
#920=AXIS2_PLACEMENT_3D('',#1286,#1049,#1050);
#921=AXIS2_PLACEMENT_3D('',#1287,#1051,#1052);
#922=AXIS2_PLACEMENT_3D('',#1289,#1053,#1054);
#923=AXIS2_PLACEMENT_3D('',#1292,#1056,#1057);
#924=AXIS2_PLACEMENT_3D('',#1293,#1058,#1059);
#925=AXIS2_PLACEMENT_3D('',#1295,#1060,#1061);
#926=AXIS2_PLACEMENT_3D('',#1299,#1063,#1064);
#927=AXIS2_PLACEMENT_3D('',#1300,#1065,#1066);
#928=AXIS2_PLACEMENT_3D('',#1391,#1067,#1068);
#929=AXIS2_PLACEMENT_3D('',#1393,#1069,#1070);
#930=AXIS2_PLACEMENT_3D('',#1402,#1075,#1076);
#931=AXIS2_PLACEMENT_3D('',#1405,#1077,#1078);
#932=AXIS2_PLACEMENT_3D('',#1411,#1082,#1083);
#933=AXIS2_PLACEMENT_3D('',#1412,#1084,#1085);
#934=AXIS2_PLACEMENT_3D('',#1418,#1089,#1090);
#935=AXIS2_PLACEMENT_3D('',#1424,#1094,#1095);
#936=AXIS2_PLACEMENT_3D('',#1428,#1098,#1099);
#937=AXIS2_PLACEMENT_3D('',#1432,#1102,#1103);
#938=AXIS2_PLACEMENT_3D('',#1434,#1105,#1106);
#939=AXIS2_PLACEMENT_3D('',#1443,#1111,#1112);
#940=AXIS2_PLACEMENT_3D('',#1449,#1116,#1117);
#941=AXIS2_PLACEMENT_3D('',#1455,#1121,#1122);
#942=AXIS2_PLACEMENT_3D('',#1458,#1125,#1126);
#943=AXIS2_PLACEMENT_3D('',#1459,#1127,#1128);
#944=AXIS2_PLACEMENT_3D('',#1460,#1129,#1130);
#945=AXIS2_PLACEMENT_3D('',#1469,#1135,#1136);
#946=AXIS2_PLACEMENT_3D('',#1478,#1141,#1142);
#947=AXIS2_PLACEMENT_3D('',#1481,#1145,#1146);
#948=AXIS2_PLACEMENT_3D('',#1484,#1149,#1150);
#949=AXIS2_PLACEMENT_3D('',#1490,#1154,#1155);
#950=AXIS2_PLACEMENT_3D('',#1494,#1158,#1159);
#951=AXIS2_PLACEMENT_3D('',#1498,#1162,#1163);
#952=AXIS2_PLACEMENT_3D('',#1500,#1165,#1166);
#953=AXIS2_PLACEMENT_3D('',#1501,#1167,#1168);
#954=AXIS2_PLACEMENT_3D('',#1503,#1169,#1170);
#955=AXIS2_PLACEMENT_3D('',#1504,#1171,#1172);
#956=AXIS2_PLACEMENT_3D('',#1506,#1173,#1174);
#957=AXIS2_PLACEMENT_3D('',#2495,#1176,#1177);
#958=AXIS2_PLACEMENT_3D('',#2555,#1178,#1179);
#959=AXIS2_PLACEMENT_3D('',#2556,#1180,#1181);
#960=AXIS2_PLACEMENT_3D('',#2558,#1183,#1184);
#961=AXIS2_PLACEMENT_3D('',#2560,#1185,#1186);
#962=AXIS2_PLACEMENT_3D('',#2561,#1187,#1188);
#963=AXIS2_PLACEMENT_3D('',#2563,#1190,#1191);
#964=AXIS2_PLACEMENT_3D('',#2565,#1193,#1194);
#965=AXIS2_PLACEMENT_3D('',#2567,#1195,#1196);
#966=AXIS2_PLACEMENT_3D('',#2569,#1197,#1198);
#967=AXIS2_PLACEMENT_3D('',#2570,#1199,#1200);
#968=AXIS2_PLACEMENT_3D('',#2572,#1201,#1202);
#969=AXIS2_PLACEMENT_3D('',#2575,#1204,#1205);
#970=AXIS2_PLACEMENT_3D('',#2576,#1206,#1207);
#971=AXIS2_PLACEMENT_3D('',#2579,#1209,#1210);
#972=AXIS2_PLACEMENT_3D('',#2580,#1211,#1212);
#973=AXIS2_PLACEMENT_3D('',#2655,#1213,#1214);
#974=AXIS2_PLACEMENT_3D('',#2656,#1215,#1216);
#975=AXIS2_PLACEMENT_3D('',#2657,#1217,#1218);
#976=AXIS2_PLACEMENT_3D('',#2750,#1219,#1220);
#977=AXIS2_PLACEMENT_3D('',#2751,#1221,#1222);
#978=AXIS2_PLACEMENT_3D('',#2752,#1223,#1224);
#979=AXIS2_PLACEMENT_3D('',#2754,#1226,#1227);
#980=DIRECTION('axis',(0.,0.,1.));
#981=DIRECTION('refdir',(1.,0.,0.));
#982=DIRECTION('center_axis',(-3.21624529935327E-16,1.,4.93038065763132E-32));
#983=DIRECTION('ref_axis',(1.,3.21624529935327E-16,-2.22044604925031E-16));
#984=DIRECTION('center_axis',(-3.21624529935327E-16,1.,-1.22464679914735E-16));
#985=DIRECTION('ref_axis',(1.,3.21624529935327E-16,-2.22044604925031E-16));
#986=DIRECTION('',(-3.21624529935327E-16,1.,4.93038065763132E-32));
#987=DIRECTION('center_axis',(3.21624529935327E-16,-1.,1.22464679914735E-16));
#988=DIRECTION('ref_axis',(1.,3.21624529935327E-16,-2.22044604925031E-16));
#989=DIRECTION('center_axis',(-3.21624529935327E-16,1.,4.93038065763132E-32));
#990=DIRECTION('ref_axis',(-1.,-3.21624529935327E-16,9.14301314397183E-17));
#991=DIRECTION('center_axis',(-3.21624529935327E-16,1.,-1.22464679914735E-16));
#992=DIRECTION('ref_axis',(-1.,-3.21624529935327E-16,9.14301314397183E-17));
#993=DIRECTION('',(-3.21624529935327E-16,1.,4.93038065763132E-32));
#994=DIRECTION('center_axis',(3.21624529935327E-16,-1.,1.22464679914735E-16));
#995=DIRECTION('ref_axis',(-1.,-3.21624529935327E-16,9.14301314397183E-17));
#996=DIRECTION('center_axis',(-3.21624529935327E-16,1.,4.93038065763132E-32));
#997=DIRECTION('ref_axis',(0.5,1.60812264967664E-16,0.866025403784439));
#998=DIRECTION('center_axis',(-3.21624529935327E-16,1.,-1.22464679914735E-16));
#999=DIRECTION('ref_axis',(0.5,2.66869788840154E-16,0.866025403784439));
#1000=DIRECTION('',(-3.21624529935327E-16,1.,4.93038065763132E-32));
#1001=DIRECTION('center_axis',(3.21624529935327E-16,-1.,1.22464679914735E-16));
#1002=DIRECTION('ref_axis',(0.5,2.66869788840154E-16,0.866025403784439));
#1003=DIRECTION('center_axis',(-3.21624529935327E-16,1.,4.93038065763132E-32));
#1004=DIRECTION('ref_axis',(0.5,1.60812264967664E-16,-0.866025403784439));
#1005=DIRECTION('center_axis',(-3.21624529935327E-16,1.,-1.22464679914735E-16));
#1006=DIRECTION('ref_axis',(0.5,5.47547410951732E-17,-0.866025403784439));
#1007=DIRECTION('',(-3.21624529935327E-16,1.,4.93038065763132E-32));
#1008=DIRECTION('center_axis',(3.21624529935327E-16,-1.,1.22464679914735E-16));
#1009=DIRECTION('ref_axis',(0.5,5.47547410951732E-17,-0.866025403784439));
#1010=DIRECTION('center_axis',(-3.21624529935327E-16,1.,4.93038065763132E-32));
#1011=DIRECTION('ref_axis',(1.,3.21624529935327E-16,-9.14301314397183E-17));
#1012=DIRECTION('center_axis',(-3.21624529935327E-16,1.,-1.22464679914735E-16));
#1013=DIRECTION('ref_axis',(1.,3.21624529935327E-16,-9.14301314397183E-17));
#1014=DIRECTION('',(-3.21624529935327E-16,1.,4.93038065763132E-32));
#1015=DIRECTION('center_axis',(3.21624529935327E-16,-1.,1.22464679914735E-16));
#1016=DIRECTION('ref_axis',(1.,3.21624529935327E-16,-9.14301314397183E-17));
#1017=DIRECTION('center_axis',(-3.21624529935327E-16,1.,4.93038065763132E-32));
#1018=DIRECTION('ref_axis',(-0.5,-1.60812264967664E-16,0.866025403784439));
#1019=DIRECTION('center_axis',(-3.21624529935327E-16,1.,-1.22464679914735E-16));
#1020=DIRECTION('ref_axis',(-0.5,-5.47547410951732E-17,0.866025403784439));
#1021=DIRECTION('',(-3.21624529935327E-16,1.,4.93038065763132E-32));
#1022=DIRECTION('center_axis',(3.21624529935327E-16,-1.,1.22464679914735E-16));
#1023=DIRECTION('ref_axis',(-0.5,-5.47547410951732E-17,0.866025403784439));
#1024=DIRECTION('center_axis',(-3.21624529935327E-16,1.,4.93038065763132E-32));
#1025=DIRECTION('ref_axis',(-0.5,-1.60812264967664E-16,-0.866025403784439));
#1026=DIRECTION('center_axis',(-3.21624529935327E-16,1.,-1.22464679914735E-16));
#1027=DIRECTION('ref_axis',(-0.5,-2.66869788840154E-16,-0.866025403784439));
#1028=DIRECTION('',(-3.21624529935327E-16,1.,4.93038065763132E-32));
#1029=DIRECTION('center_axis',(3.21624529935327E-16,-1.,1.22464679914735E-16));
#1030=DIRECTION('ref_axis',(-0.5,-2.66869788840154E-16,-0.866025403784439));
#1031=DIRECTION('center_axis',(3.21624529935327E-16,-1.,1.22464679914735E-16));
#1032=DIRECTION('ref_axis',(1.,3.21624529935327E-16,-2.22044604925031E-16));
#1033=DIRECTION('center_axis',(3.21624529935327E-16,-1.,1.22464679914735E-16));
#1034=DIRECTION('ref_axis',(1.,3.21624529935327E-16,-2.22044604925031E-16));
#1035=DIRECTION('',(-3.21624529935327E-16,1.,-1.22464679914735E-16));
#1036=DIRECTION('center_axis',(-3.21624529935327E-16,1.,-1.22464679914735E-16));
#1037=DIRECTION('ref_axis',(1.,3.21624529935327E-16,-2.22044604925031E-16));
#1038=DIRECTION('center_axis',(3.21624529935327E-16,-1.,1.22464679914735E-16));
#1039=DIRECTION('ref_axis',(1.,3.21624529935327E-16,-2.22044604925031E-16));
#1040=DIRECTION('center_axis',(-3.21624529935327E-16,1.,4.93038065763132E-32));
#1041=DIRECTION('ref_axis',(1.,3.21624529935327E-16,-2.22044604925031E-16));
#1042=DIRECTION('center_axis',(-3.21624529935327E-16,1.,-1.22464679914735E-16));
#1043=DIRECTION('ref_axis',(1.,3.21624529935327E-16,-2.22044604925031E-16));
#1044=DIRECTION('',(-3.21624529935327E-16,1.,4.93038065763132E-32));
#1045=DIRECTION('center_axis',(3.21624529935327E-16,-1.,1.22464679914735E-16));
#1046=DIRECTION('ref_axis',(1.,3.21624529935327E-16,-2.22044604925031E-16));
#1047=DIRECTION('center_axis',(-3.21624529935327E-16,1.,-1.22464679914735E-16));
#1048=DIRECTION('ref_axis',(-1.,-3.21624529935327E-16,2.22044604925031E-16));
#1049=DIRECTION('center_axis',(3.21624529935327E-16,-1.,1.22464679914735E-16));
#1050=DIRECTION('ref_axis',(1.,3.21624529935327E-16,-2.22044604925031E-16));
#1051=DIRECTION('center_axis',(3.21624529935327E-16,-1.,1.22464679914735E-16));
#1052=DIRECTION('ref_axis',(1.,3.21624529935327E-16,-2.22044604925031E-16));
#1053=DIRECTION('center_axis',(3.21624529935327E-16,-1.,-4.93038065763132E-32));
#1054=DIRECTION('ref_axis',(1.,3.21624529935327E-16,-2.22044604925031E-16));
#1055=DIRECTION('',(3.21624529935327E-16,-1.,1.22464679914735E-16));
#1056=DIRECTION('center_axis',(-3.21624529935327E-16,1.,4.93038065763132E-32));
#1057=DIRECTION('ref_axis',(1.,3.21624529935327E-16,-2.22044604925031E-16));
#1058=DIRECTION('center_axis',(3.21624529935327E-16,-1.,-4.93038065763132E-32));
#1059=DIRECTION('ref_axis',(-1.,-3.21624529935327E-16,2.22044604925031E-16));
#1060=DIRECTION('center_axis',(-3.21624529935327E-16,1.,4.93038065763132E-32));
#1061=DIRECTION('ref_axis',(-1.,-3.21624529935327E-16,2.22044604925031E-16));
#1062=DIRECTION('',(-0.201194719190468,0.979551267147294,2.00349550494544E-17));
#1063=DIRECTION('center_axis',(3.21624529935327E-16,-1.,1.22464679914735E-16));
#1064=DIRECTION('ref_axis',(1.,3.21624529935327E-16,-2.22044604925031E-16));
#1065=DIRECTION('center_axis',(3.21624529935327E-16,-1.,1.22464679914735E-16));
#1066=DIRECTION('ref_axis',(1.,3.21624529935327E-16,-2.22044604925031E-16));
#1067=DIRECTION('center_axis',(3.21624529935327E-16,-1.,-4.93038065763132E-32));
#1068=DIRECTION('ref_axis',(1.,3.21624529935327E-16,-2.22044604925031E-16));
#1069=DIRECTION('center_axis',(3.21624529935327E-16,-1.,-4.93038065763132E-32));
#1070=DIRECTION('ref_axis',(1.,3.21624529935327E-16,-2.22044604925031E-16));
#1071=DIRECTION('',(1.,3.21624529935327E-16,-2.22044604925031E-16));
#1072=DIRECTION('',(-2.22044604925031E-16,-2.21111851073754E-32,-1.));
#1073=DIRECTION('',(-1.,-3.21624529935327E-16,2.22044604925031E-16));
#1074=DIRECTION('',(2.22044604925031E-16,2.21111851073754E-32,1.));
#1075=DIRECTION('center_axis',(3.21624529935327E-16,-1.,-4.93038065763132E-32));
#1076=DIRECTION('ref_axis',(1.,3.21624529935327E-16,-2.22044604925031E-16));
#1077=DIRECTION('center_axis',(-3.21624529935327E-16,1.,4.93038065763132E-32));
#1078=DIRECTION('ref_axis',(1.,3.21624529935327E-16,-2.22044604925031E-16));
#1079=DIRECTION('',(2.22044604925031E-16,2.21111851073754E-32,1.));
#1080=DIRECTION('',(1.,3.21624529935327E-16,-2.22044604925031E-16));
#1081=DIRECTION('',(-2.22044604925031E-16,-2.21111851073754E-32,-1.));
#1082=DIRECTION('center_axis',(3.21624529935327E-16,-1.,-4.93038065763132E-32));
#1083=DIRECTION('ref_axis',(1.,3.21624529935327E-16,-2.22044604925031E-16));
#1084=DIRECTION('center_axis',(-3.21624529935327E-16,1.,4.93038065763132E-32));
#1085=DIRECTION('ref_axis',(1.,3.21624529935327E-16,-2.22044604925031E-16));
#1086=DIRECTION('',(-2.22044604925031E-16,-2.21111851073754E-32,-1.));
#1087=DIRECTION('',(-1.,-3.21624529935327E-16,2.22044604925031E-16));
#1088=DIRECTION('',(2.22044604925031E-16,2.21111851073754E-32,1.));
#1089=DIRECTION('center_axis',(2.22044604925031E-16,2.21111851073754E-32,
1.));
#1090=DIRECTION('ref_axis',(3.21624529935327E-16,-1.,-4.93038065763132E-32));
#1091=DIRECTION('',(-3.21624529935327E-16,1.,4.93038065763132E-32));
#1092=DIRECTION('',(-1.,-3.21624529935327E-16,2.22044604925031E-16));
#1093=DIRECTION('',(-3.21624529935327E-16,1.,4.93038065763132E-32));
#1094=DIRECTION('center_axis',(-1.,-3.21624529935327E-16,2.22044604925031E-16));
#1095=DIRECTION('ref_axis',(-3.21624529935327E-16,1.,4.93038065763132E-32));
#1096=DIRECTION('',(-3.21624529935327E-16,1.,4.93038065763132E-32));
#1097=DIRECTION('',(-2.22044604925031E-16,-2.21111851073754E-32,-1.));
#1098=DIRECTION('center_axis',(-2.22044604925031E-16,-2.21111851073754E-32,
-1.));
#1099=DIRECTION('ref_axis',(-3.21624529935327E-16,1.,4.93038065763132E-32));
#1100=DIRECTION('',(-3.21624529935327E-16,1.,4.93038065763132E-32));
#1101=DIRECTION('',(1.,3.21624529935327E-16,-2.22044604925031E-16));
#1102=DIRECTION('center_axis',(1.,3.21624529935327E-16,-2.22044604925031E-16));
#1103=DIRECTION('ref_axis',(3.21624529935327E-16,-1.,-4.93038065763132E-32));
#1104=DIRECTION('',(2.22044604925031E-16,2.21111851073754E-32,1.));
#1105=DIRECTION('center_axis',(1.,3.21624529935327E-16,-2.22044604925031E-16));
#1106=DIRECTION('ref_axis',(-3.21624529935327E-16,1.,4.93038065763132E-32));
#1107=DIRECTION('',(3.21624529935327E-16,-1.,-4.93038065763132E-32));
#1108=DIRECTION('',(2.22044604925031E-16,2.21111851073754E-32,1.));
#1109=DIRECTION('',(-3.21624529935327E-16,1.,4.93038065763132E-32));
#1110=DIRECTION('',(2.22044604925031E-16,2.21111851073754E-32,1.));
#1111=DIRECTION('center_axis',(2.22044604925031E-16,2.21111851073754E-32,
1.));
#1112=DIRECTION('ref_axis',(3.21624529935327E-16,-1.,-4.93038065763132E-32));
#1113=DIRECTION('',(-1.,-3.21624529935327E-16,2.22044604925031E-16));
#1114=DIRECTION('',(-3.21624529935327E-16,1.,4.93038065763132E-32));
#1115=DIRECTION('',(-1.,-3.21624529935327E-16,2.22044604925031E-16));
#1116=DIRECTION('center_axis',(-1.,-3.21624529935327E-16,2.22044604925031E-16));
#1117=DIRECTION('ref_axis',(3.21624529935327E-16,-1.,-4.93038065763132E-32));
#1118=DIRECTION('',(-2.22044604925031E-16,-2.21111851073754E-32,-1.));
#1119=DIRECTION('',(-3.21624529935327E-16,1.,4.93038065763132E-32));
#1120=DIRECTION('',(-2.22044604925031E-16,-2.21111851073754E-32,-1.));
#1121=DIRECTION('center_axis',(-2.22044604925031E-16,-2.21111851073754E-32,
-1.));
#1122=DIRECTION('ref_axis',(-3.21624529935327E-16,1.,4.93038065763132E-32));
#1123=DIRECTION('',(1.,3.21624529935327E-16,-2.22044604925031E-16));
#1124=DIRECTION('',(1.,3.21624529935327E-16,-2.22044604925031E-16));
#1125=DIRECTION('center_axis',(3.21624529935327E-16,-1.,-4.93038065763132E-32));
#1126=DIRECTION('ref_axis',(1.,3.21624529935327E-16,-2.22044604925031E-16));
#1127=DIRECTION('center_axis',(3.21624529935327E-16,-1.,-4.93038065763132E-32));
#1128=DIRECTION('ref_axis',(1.,3.21624529935327E-16,-2.22044604925031E-16));
#1129=DIRECTION('center_axis',(-3.21624529935327E-16,1.,4.93038065763132E-32));
#1130=DIRECTION('ref_axis',(1.,3.21624529935327E-16,-2.22044604925031E-16));
#1131=DIRECTION('',(-2.22044604925031E-16,-2.21111851073754E-32,-1.));
#1132=DIRECTION('',(1.,3.21624529935327E-16,-2.22044604925031E-16));
#1133=DIRECTION('',(-2.22044604925031E-16,-2.21111851073754E-32,-1.));
#1134=DIRECTION('',(-1.,-3.21624529935327E-16,2.22044604925031E-16));
#1135=DIRECTION('center_axis',(-3.21624529935327E-16,1.,4.93038065763132E-32));
#1136=DIRECTION('ref_axis',(1.,3.21624529935327E-16,-2.22044604925031E-16));
#1137=DIRECTION('',(2.22044604925031E-16,2.21111851073754E-32,1.));
#1138=DIRECTION('',(-1.,-3.21624529935327E-16,2.22044604925031E-16));
#1139=DIRECTION('',(2.22044604925031E-16,2.21111851073754E-32,1.));
#1140=DIRECTION('',(1.,3.21624529935327E-16,-2.22044604925031E-16));
#1141=DIRECTION('center_axis',(1.,3.21624529935327E-16,-2.22044604925031E-16));
#1142=DIRECTION('ref_axis',(3.21624529935327E-16,-1.,-4.93038065763132E-32));
#1143=DIRECTION('',(3.21624529935327E-16,-1.,-4.93038065763132E-32));
#1144=DIRECTION('',(3.21624529935327E-16,-1.,-4.93038065763132E-32));
#1145=DIRECTION('center_axis',(-1.,-3.21624529935327E-16,2.22044604925031E-16));
#1146=DIRECTION('ref_axis',(-3.21624529935327E-16,1.,4.93038065763132E-32));
#1147=DIRECTION('',(3.21624529935327E-16,-1.,-4.93038065763132E-32));
#1148=DIRECTION('',(3.21624529935327E-16,-1.,-4.93038065763132E-32));
#1149=DIRECTION('center_axis',(2.22044604925031E-16,2.21111851073754E-32,
1.));
#1150=DIRECTION('ref_axis',(3.21624529935327E-16,-1.,-4.93038065763132E-32));
#1151=DIRECTION('',(3.21624529935327E-16,-1.,-4.93038065763132E-32));
#1152=DIRECTION('',(-1.,-3.21624529935327E-16,2.22044604925031E-16));
#1153=DIRECTION('',(3.21624529935327E-16,-1.,-4.93038065763132E-32));
#1154=DIRECTION('center_axis',(1.,3.21624529935327E-16,-2.22044604925031E-16));
#1155=DIRECTION('ref_axis',(-3.21624529935327E-16,1.,4.93038065763132E-32));
#1156=DIRECTION('',(3.21624529935327E-16,-1.,-4.93038065763132E-32));
#1157=DIRECTION('',(2.22044604925031E-16,2.21111851073754E-32,1.));
#1158=DIRECTION('center_axis',(-2.22044604925031E-16,-2.21111851073754E-32,
-1.));
#1159=DIRECTION('ref_axis',(-3.21624529935327E-16,1.,4.93038065763132E-32));
#1160=DIRECTION('',(3.21624529935327E-16,-1.,-4.93038065763132E-32));
#1161=DIRECTION('',(1.,3.21624529935327E-16,-2.22044604925031E-16));
#1162=DIRECTION('center_axis',(3.21624529935327E-16,-1.,-4.93038065763132E-32));
#1163=DIRECTION('ref_axis',(1.,3.21624529935327E-16,-2.22044604925031E-16));
#1164=DIRECTION('',(-2.22044604925031E-16,-2.21111851073754E-32,-1.));
#1165=DIRECTION('center_axis',(-1.,-3.21624529935327E-16,2.22044604925031E-16));
#1166=DIRECTION('ref_axis',(3.21624529935327E-16,-1.,-4.93038065763132E-32));
#1167=DIRECTION('center_axis',(3.21624529935327E-16,-1.,-4.93038065763132E-32));
#1168=DIRECTION('ref_axis',(-1.,-3.21624529935327E-16,2.22044604925031E-16));
#1169=DIRECTION('center_axis',(3.21624529935327E-16,-1.,-4.93038065763132E-32));
#1170=DIRECTION('ref_axis',(-1.,-3.21624529935327E-16,2.22044604925031E-16));
#1171=DIRECTION('center_axis',(4.44089209850062E-16,-1.,-7.6496428045251E-32));
#1172=DIRECTION('ref_axis',(-1.,-4.44089209850062E-16,2.22044604925031E-16));
#1173=DIRECTION('center_axis',(3.21624529935327E-16,-1.,2.44929359829471E-16));
#1174=DIRECTION('ref_axis',(-1.,-3.21624529935327E-16,2.22044604925031E-16));
#1175=DIRECTION('',(4.44089209850062E-16,-1.,-7.6496428045251E-32));
#1176=DIRECTION('center_axis',(3.21624529935327E-16,-1.,2.44929359829471E-16));
#1177=DIRECTION('ref_axis',(1.,3.21624529935327E-16,-2.22044604925031E-16));
#1178=DIRECTION('center_axis',(4.44089209850062E-16,-1.,1.22464679914735E-16));
#1179=DIRECTION('ref_axis',(1.,4.44089209850062E-16,-2.22044604925031E-16));
#1180=DIRECTION('center_axis',(4.44089209850062E-16,-1.,1.22464679914735E-16));
#1181=DIRECTION('ref_axis',(1.,4.44089209850062E-16,-2.22044604925031E-16));
#1182=DIRECTION('',(-4.44089209850062E-16,1.,-1.22464679914735E-16));
#1183=DIRECTION('center_axis',(3.21624529935327E-16,-1.,2.44929359829471E-16));
#1184=DIRECTION('ref_axis',(-1.,-3.21624529935327E-16,2.22044604925031E-16));
#1185=DIRECTION('center_axis',(-3.21624529935327E-16,1.,-2.44929359829471E-16));
#1186=DIRECTION('ref_axis',(1.,3.21624529935327E-16,-2.22044604925031E-16));
#1187=DIRECTION('center_axis',(-3.21624529935327E-16,1.,-2.44929359829471E-16));
#1188=DIRECTION('ref_axis',(1.,3.21624529935327E-16,-2.22044604925031E-16));
#1189=DIRECTION('',(3.21624529935327E-16,-1.,2.44929359829471E-16));
#1190=DIRECTION('center_axis',(-3.21624529935327E-16,1.,-2.44929359829471E-16));
#1191=DIRECTION('ref_axis',(1.,3.21624529935327E-16,-2.22044604925031E-16));
#1192=DIRECTION('',(-3.21624529935327E-16,1.,-2.44929359829471E-16));
#1193=DIRECTION('center_axis',(-3.21624529935327E-16,1.,4.93038065763132E-32));
#1194=DIRECTION('ref_axis',(1.,3.21624529935327E-16,-2.22044604925031E-16));
#1195=DIRECTION('center_axis',(-3.21624529935327E-16,1.,4.93038065763132E-32));
#1196=DIRECTION('ref_axis',(1.,3.21624529935327E-16,-2.22044604925031E-16));
#1197=DIRECTION('center_axis',(3.21624529935327E-16,-1.,-4.93038065763132E-32));
#1198=DIRECTION('ref_axis',(1.,3.21624529935327E-16,-2.22044604925031E-16));
#1199=DIRECTION('center_axis',(3.21624529935327E-16,-1.,1.22464679914735E-16));
#1200=DIRECTION('ref_axis',(1.,3.21624529935327E-16,-2.22044604925031E-16));
#1201=DIRECTION('center_axis',(3.21624529935327E-16,-1.,-4.93038065763132E-32));
#1202=DIRECTION('ref_axis',(1.,3.21624529935327E-16,-2.22044604925031E-16));
#1203=DIRECTION('',(3.21624529935327E-16,-1.,1.22464679914735E-16));
#1204=DIRECTION('center_axis',(-3.21624529935327E-16,1.,4.93038065763132E-32));
#1205=DIRECTION('ref_axis',(1.,3.21624529935327E-16,-2.22044604925031E-16));
#1206=DIRECTION('center_axis',(-3.21624529935327E-16,1.,4.93038065763132E-32));
#1207=DIRECTION('ref_axis',(1.,3.21624529935327E-16,-2.22044604925031E-16));
#1208=DIRECTION('',(3.21624529935327E-16,-1.,-4.93038065763132E-32));
#1209=DIRECTION('center_axis',(3.21624529935327E-16,-1.,-4.93038065763132E-32));
#1210=DIRECTION('ref_axis',(1.,3.21624529935327E-16,-2.22044604925031E-16));
#1211=DIRECTION('center_axis',(-3.21624529935327E-16,1.,4.93038065763132E-32));
#1212=DIRECTION('ref_axis',(1.,3.21624529935327E-16,-2.22044604925031E-16));
#1213=DIRECTION('center_axis',(-3.21624529935327E-16,1.,4.93038065763132E-32));
#1214=DIRECTION('ref_axis',(0.809016994376585,2.60199710526061E-16,0.587785252290218));
#1215=DIRECTION('center_axis',(-3.21624529935327E-16,1.,4.93038065763132E-32));
#1216=DIRECTION('ref_axis',(0.809016994376585,2.60199710526061E-16,0.587785252290218));
#1217=DIRECTION('center_axis',(-3.21624529935327E-16,1.,4.93038065763132E-32));
#1218=DIRECTION('ref_axis',(1.,3.21624529935327E-16,-2.22044604925031E-16));
#1219=DIRECTION('center_axis',(3.21624529935327E-16,-1.,-4.93038065763132E-32));
#1220=DIRECTION('ref_axis',(0.809016994377493,2.60199710526353E-16,-0.58778525228897));
#1221=DIRECTION('center_axis',(3.21624529935327E-16,-1.,-4.93038065763132E-32));
#1222=DIRECTION('ref_axis',(0.809016994377493,2.60199710526353E-16,-0.58778525228897));
#1223=DIRECTION('center_axis',(-3.21624529935327E-16,1.,4.93038065763132E-32));
#1224=DIRECTION('ref_axis',(1.,3.21624529935327E-16,-2.22044604925031E-16));
#1225=DIRECTION('',(3.21624529935327E-16,-1.,-4.93038065763132E-32));
#1226=DIRECTION('center_axis',(3.21624529935327E-16,-1.,1.22464679914735E-16));
#1227=DIRECTION('ref_axis',(1.,3.21624529935327E-16,-2.22044604925031E-16));
#1228=DIRECTION('',(3.21624529935327E-16,-1.,1.22464679914735E-16));
#1229=CARTESIAN_POINT('',(0.,0.,0.));
#1230=CARTESIAN_POINT('Origin',(3.0024051794762E-13,-160.91017985727,-9.18362608182122E-14));
#1231=CARTESIAN_POINT('',(-23.9865999901907,-163.908504856044,-8.35095881335235E-14));
#1232=CARTESIAN_POINT('Origin',(3.00539090926155E-13,-163.908504856044,
-9.18362608182122E-14));
#1233=CARTESIAN_POINT('',(-23.9865999901907,-157.911854858496,-8.35095881335235E-14));
#1234=CARTESIAN_POINT('',(-23.9865999901907,-160.91017985727,-8.35726544098539E-14));
#1235=CARTESIAN_POINT('Origin',(2.99941944969086E-13,-157.911854858496,
-9.18362608182122E-14));
#1236=CARTESIAN_POINT('Origin',(2.93011955341204E-13,-155.214007073386,
-29.4835291546098));
#1237=CARTESIAN_POINT('',(3.39810166527729,-163.908504856044,-29.4835291546098));
#1238=CARTESIAN_POINT('Origin',(2.93877752778404E-13,-163.908504856044,
-29.4835291546098));
#1239=CARTESIAN_POINT('',(3.39810166527739,-153.914088193464,-29.4835291546098));
#1240=CARTESIAN_POINT('',(3.39810166527735,-155.214007073386,-29.4835291546098));
#1241=CARTESIAN_POINT('Origin',(2.90662063467372E-13,-153.914088193464,
-29.4835291546098));
#1242=CARTESIAN_POINT('Origin',(-25.533485241111,-155.214007073386,14.7417645773049));
#1243=CARTESIAN_POINT('',(-27.2325360737495,-163.908504856044,11.7989222105328));
#1244=CARTESIAN_POINT('Origin',(-25.533485241111,-163.908504856044,14.7417645773049));
#1245=CARTESIAN_POINT('',(-27.2325360737494,-153.914088193464,11.7989222105326));
#1246=CARTESIAN_POINT('',(-27.2325360737495,-155.214007073386,11.7989222105328));
#1247=CARTESIAN_POINT('Origin',(-25.533485241111,-153.914088193464,14.7417645773049));
#1248=CARTESIAN_POINT('Origin',(25.5334852411116,-155.214007073386,14.7417645773049));
#1249=CARTESIAN_POINT('',(23.8344344084731,-163.908504856044,17.684606944077));
#1250=CARTESIAN_POINT('Origin',(25.5334852411116,-163.908504856044,14.7417645773049));
#1251=CARTESIAN_POINT('',(23.834434408473,-153.914088193464,17.684606944077));
#1252=CARTESIAN_POINT('',(23.8344344084731,-155.214007073386,17.684606944077));
#1253=CARTESIAN_POINT('Origin',(25.5334852411116,-153.914088193464,14.7417645773049));
#1254=CARTESIAN_POINT('Origin',(3.06334631636706E-13,-155.214007073386,
29.4835291546097));
#1255=CARTESIAN_POINT('',(-3.39810166527679,-163.908504856044,29.4835291546097));
#1256=CARTESIAN_POINT('Origin',(3.07200429073906E-13,-163.908504856044,
29.4835291546097));
#1257=CARTESIAN_POINT('',(-3.3981016652768,-153.914088193464,29.4835291546097));
#1258=CARTESIAN_POINT('',(-3.39810166527675,-155.214007073386,29.4835291546097));
#1259=CARTESIAN_POINT('Origin',(3.03984739762874E-13,-153.914088193464,
29.4835291546097));
#1260=CARTESIAN_POINT('Origin',(-25.533485241111,-155.214007073386,-14.7417645773049));
#1261=CARTESIAN_POINT('',(-23.8344344084725,-163.908504856044,-17.684606944077));
#1262=CARTESIAN_POINT('Origin',(-25.533485241111,-163.908504856044,-14.7417645773049));
#1263=CARTESIAN_POINT('',(-23.8344344084725,-153.914088193464,-17.6846069440771));
#1264=CARTESIAN_POINT('',(-23.8344344084725,-155.214007073386,-17.684606944077));
#1265=CARTESIAN_POINT('Origin',(-25.533485241111,-153.914088193464,-14.7417645773049));
#1266=CARTESIAN_POINT('Origin',(25.5334852411116,-155.214007073386,-14.7417645773049));
#1267=CARTESIAN_POINT('',(27.2325360737501,-163.908504856044,-11.7989222105327));
#1268=CARTESIAN_POINT('Origin',(25.5334852411116,-163.908504856044,-14.7417645773049));
#1269=CARTESIAN_POINT('',(27.2325360737499,-153.914088193464,-11.7989222105328));
#1270=CARTESIAN_POINT('',(27.2325360737501,-155.214007073386,-11.7989222105328));
#1271=CARTESIAN_POINT('Origin',(25.5334852411116,-153.914088193464,-14.7417645773049));
#1272=CARTESIAN_POINT('Origin',(3.00041469295264E-13,-158.911296524754,
-9.18362608182122E-14));
#1273=CARTESIAN_POINT('',(-34.6806258191509,-163.908504856044,-8.81239525796218E-14));
#1274=CARTESIAN_POINT('Origin',(3.00539090926155E-13,-163.908504856044,
-9.18362608182122E-14));
#1275=CARTESIAN_POINT('',(-34.6806258191509,-153.914088193464,-8.91300921956883E-14));
#1276=CARTESIAN_POINT('',(-34.6806258191509,-158.911296524754,-8.8382766699831E-14));
#1277=CARTESIAN_POINT('Origin',(2.97323401615123E-13,-153.914088193464,
-9.18362608182122E-14));
#1278=CARTESIAN_POINT('Origin',(3.00539090926155E-13,-163.908504856044,
-9.18362608182122E-14));
#1279=CARTESIAN_POINT('Origin',(2.9974289631673E-13,-155.91297152598,-9.18362608182122E-14));
#1280=CARTESIAN_POINT('',(-23.4868791570618,-157.911854858496,-8.36136715420821E-14));
#1281=CARTESIAN_POINT('Origin',(2.99941944969086E-13,-157.911854858496,
-9.18362608182122E-14));
#1282=CARTESIAN_POINT('',(-23.4868791570618,-153.914088193464,-8.36136715420821E-14));
#1283=CARTESIAN_POINT('',(-23.4868791570617,-155.91297152598,-8.37448128766947E-14));
#1284=CARTESIAN_POINT('Origin',(2.97323401615123E-13,-153.914088193464,
-9.18362608182122E-14));
#1285=CARTESIAN_POINT('Origin',(2.97323401615123E-13,-153.914088193464,
-9.18362608182122E-14));
#1286=CARTESIAN_POINT('Origin',(2.99941944969086E-13,-157.911854858496,
-9.18362608182122E-14));
#1287=CARTESIAN_POINT('Origin',(2.86979664566173E-13,-116.934758265079,
-9.18362608182122E-14));
#1288=CARTESIAN_POINT('',(-17.59017332614,-104.941458269984,-8.79504802320241E-14));
#1289=CARTESIAN_POINT('Origin',(2.83564926602785E-13,-104.941458269984,
-9.18362608182122E-14));
#1290=CARTESIAN_POINT('',(-17.59017332614,-138.922463199635,-8.79504802320241E-14));
#1291=CARTESIAN_POINT('',(-17.5901733261398,-116.934758265079,-9.0084632677477E-14));
#1292=CARTESIAN_POINT('Origin',(2.93610090673205E-13,-138.922463199635,
-9.18362608182122E-14));
#1293=CARTESIAN_POINT('Origin',(2.93565985800906E-13,-138.479553925563,
-9.18362608182122E-14));
#1294=CARTESIAN_POINT('',(20.5715799889324,-138.479553925563,-9.64159307947909E-14));
#1295=CARTESIAN_POINT('Origin',(2.93565985800906E-13,-138.479553925563,
-9.18362608182122E-14));
#1296=CARTESIAN_POINT('',(18.9893916589015,-130.776396557499,-9.37272230155967E-14));
#1297=CARTESIAN_POINT('',(20.5715799889327,-138.479553925563,-9.38847772108534E-14));
#1298=CARTESIAN_POINT('',(-18.989391658901,-130.776396557499,-8.76382300063483E-14));
#1299=CARTESIAN_POINT('Origin',(2.90578459918602E-13,-130.776396557499,
-9.18362608182122E-14));
#1300=CARTESIAN_POINT('Origin',(2.90578459918602E-13,-130.776396557499,
-9.18362608182122E-14));
#1301=CARTESIAN_POINT('Ctrl Pts',(16.9548139811264,-145.704388792085,-9.75955427584552E-14));
#1302=CARTESIAN_POINT('Ctrl Pts',(19.8910710767865,-143.885869395794,-9.92261828258734E-14));
#1303=CARTESIAN_POINT('Ctrl Pts',(21.0962051693395,-141.474988627644,-9.95037385820297E-14));
#1304=CARTESIAN_POINT('Ctrl Pts',(20.5702162587853,-138.471746487637,-9.9399655173471E-14));
#1305=CARTESIAN_POINT('Ctrl Pts',(16.9548139811264,-145.704388792085,-2.53643424028997));
#1306=CARTESIAN_POINT('Ctrl Pts',(19.8914699279397,-143.885869395794,-2.97459900256782));
#1307=CARTESIAN_POINT('Ctrl Pts',(21.0962755799216,-141.474988627644,-3.15579103148142));
#1308=CARTESIAN_POINT('Ctrl Pts',(20.5702160746505,-138.471746487637,-3.07729766328637));
#1309=CARTESIAN_POINT('Ctrl Pts',(15.7988313267404,-145.704388792085,-7.61226740727417));
#1310=CARTESIAN_POINT('Ctrl Pts',(18.5347052138722,-143.885869395794,-8.93168264808465));
#1311=CARTESIAN_POINT('Ctrl Pts',(19.6578283291725,-141.474988627644,-9.47184001245031));
#1312=CARTESIAN_POINT('Ctrl Pts',(19.1677348312503,-138.471746487637,-9.23548782381267));
#1313=CARTESIAN_POINT('Ctrl Pts',(11.4724706406258,-145.704388792085,-13.0231774925721));
#1314=CARTESIAN_POINT('Ctrl Pts',(13.4593805717387,-143.885869395794,-15.2779456975187));
#1315=CARTESIAN_POINT('Ctrl Pts',(14.2747582468559,-141.474988627644,-16.2041187918498));
#1316=CARTESIAN_POINT('Ctrl Pts',(13.9188316451277,-138.471746487637,-15.8002076823729));
#1317=CARTESIAN_POINT('Ctrl Pts',(4.80551223293599,-145.704388792085,-16.8860445236264));
#1318=CARTESIAN_POINT('Ctrl Pts',(5.63764109060648,-143.885869395794,-19.8112538044923));
#1319=CARTESIAN_POINT('Ctrl Pts',(5.97929204523346,-141.474988627644,-21.0107901817735));
#1320=CARTESIAN_POINT('Ctrl Pts',(5.83022772930462,-138.471746487637,-20.4867821757113));
#1321=CARTESIAN_POINT('Ctrl Pts',(-2.23403879968581,-145.704388792085,-17.4111859250267));
#1322=CARTESIAN_POINT('Ctrl Pts',(-2.62079349361243,-143.885869395794,-20.4258300079506));
#1323=CARTESIAN_POINT('Ctrl Pts',(-2.77970165835291,-141.474988627644,-21.6639363353728));
#1324=CARTESIAN_POINT('Ctrl Pts',(-2.71041972975871,-138.471746487637,-21.1239041178168));
#1325=CARTESIAN_POINT('Ctrl Pts',(-10.202365901026,-145.704388792085,-14.2845384418443));
#1326=CARTESIAN_POINT('Ctrl Pts',(-11.9693515168139,-143.885869395794,-16.7582246562218));
#1327=CARTESIAN_POINT('Ctrl Pts',(-12.6944231201046,-141.474988627644,-17.7736640368668));
#1328=CARTESIAN_POINT('Ctrl Pts',(-12.3778929205337,-138.471746487637,-17.3305378780775));
#1329=CARTESIAN_POINT('Ctrl Pts',(-16.2198018450691,-145.704388792085,-7.81545912044342));
#1330=CARTESIAN_POINT('Ctrl Pts',(-19.0285799212127,-143.885869395794,-9.16911256511565));
#1331=CARTESIAN_POINT('Ctrl Pts',(-20.1816253056385,-141.474988627644,-9.72449558422863));
#1332=CARTESIAN_POINT('Ctrl Pts',(-19.6784720537621,-138.471746487637,-9.48200807044471));
#1333=CARTESIAN_POINT('Ctrl Pts',(-17.533779800021,-145.704388792085,0.934663296741602));
#1334=CARTESIAN_POINT('Ctrl Pts',(-20.5705640930282,-143.885869395794,1.09700545463965));
#1335=CARTESIAN_POINT('Ctrl Pts',(-21.8166355619071,-141.474988627644,1.16304863060952));
#1336=CARTESIAN_POINT('Ctrl Pts',(-21.2726391854174,-138.471746487637,1.13396834900145));
#1337=CARTESIAN_POINT('Ctrl Pts',(-15.5000807104803,-145.704388792085,7.46295007403719));
#1338=CARTESIAN_POINT('Ctrl Pts',(-18.1839791042819,-143.885869395794,8.75493847466846));
#1339=CARTESIAN_POINT('Ctrl Pts',(-19.2860628198641,-141.474988627644,9.2857735730528));
#1340=CARTESIAN_POINT('Ctrl Pts',(-18.8052794877704,-138.471746487637,9.05433115839872));
#1341=CARTESIAN_POINT('Ctrl Pts',(-11.6606570401061,-145.704388792085,13.1300367261342));
#1342=CARTESIAN_POINT('Ctrl Pts',(-13.6803912387687,-143.885869395794,15.4040800372281));
#1343=CARTESIAN_POINT('Ctrl Pts',(-14.5089524395311,-141.474988627644,16.3372152831416));
#1344=CARTESIAN_POINT('Ctrl Pts',(-14.1471463354432,-138.471746487637,15.9298529575226));
#1345=CARTESIAN_POINT('Ctrl Pts',(-4.7737499506827,-145.704388792085,17.1030020541466));
#1346=CARTESIAN_POINT('Ctrl Pts',(-5.60034097569709,-143.885869395794,20.064804185005));
#1347=CARTESIAN_POINT('Ctrl Pts',(-5.93976492551702,-141.474988627644,21.2805688373667));
#1348=CARTESIAN_POINT('Ctrl Pts',(-5.79169255431664,-138.471746487637,20.7500036418218));
#1349=CARTESIAN_POINT('Ctrl Pts',(3.9045019232571,-145.704388792085,17.0906270101307));
#1350=CARTESIAN_POINT('Ctrl Pts',(4.5805805015668,-143.885869395794,20.0504381185497));
#1351=CARTESIAN_POINT('Ctrl Pts',(4.8581983747815,-141.474988627644,21.2651979104786));
#1352=CARTESIAN_POINT('Ctrl Pts',(4.73708823233184,-138.471746487637,20.734989704041));
#1353=CARTESIAN_POINT('Ctrl Pts',(10.9309229942479,-145.704388792085,13.7109408200245));
#1354=CARTESIAN_POINT('Ctrl Pts',(12.8240891515325,-143.885869395794,16.0855648142992));
#1355=CARTESIAN_POINT('Ctrl Pts',(13.6009393497092,-141.474988627644,17.0600075792198));
#1356=CARTESIAN_POINT('Ctrl Pts',(13.2618057088444,-138.471746487637,16.6346276023551));
#1357=CARTESIAN_POINT('Ctrl Pts',(15.7986169963033,-145.704388792085,7.60659807797911));
#1358=CARTESIAN_POINT('Ctrl Pts',(18.53454671761,-143.885869395794,8.92377452304655));
#1359=CARTESIAN_POINT('Ctrl Pts',(19.6575780554535,-141.474988627644,9.46456399203812));
#1360=CARTESIAN_POINT('Ctrl Pts',(19.1674747546123,-138.471746487637,9.22861016116628));
#1361=CARTESIAN_POINT('Ctrl Pts',(16.9548139811264,-145.704388792085,2.53643424028978));
#1362=CARTESIAN_POINT('Ctrl Pts',(19.8914434817574,-143.885869395794,2.97584994459915));
#1363=CARTESIAN_POINT('Ctrl Pts',(21.096270911285,-141.474988627644,3.15601186463155));
#1364=CARTESIAN_POINT('Ctrl Pts',(20.5702160868598,-138.471746487637,3.07729708577272));
#1365=CARTESIAN_POINT('Ctrl Pts',(16.9548139811264,-145.704388792085,-9.36056787637085E-14));
#1366=CARTESIAN_POINT('Ctrl Pts',(19.8910710767865,-143.885869395794,-9.42301792150602E-14));
#1367=CARTESIAN_POINT('Ctrl Pts',(21.0962051693395,-141.474988627644,-9.45077349712165E-14));
#1368=CARTESIAN_POINT('Ctrl Pts',(20.5702162587853,-138.471746487637,-9.44036515626578E-14));
#1369=CARTESIAN_POINT('',(16.9548139811263,-145.704388792085,-9.56179579958416E-14));
#1370=CARTESIAN_POINT('Ctrl Pts',(16.9548139811264,-145.704388792085,-9.36056787637085E-14));
#1371=CARTESIAN_POINT('Ctrl Pts',(16.9548139811264,-145.704388792085,2.53643424028978));
#1372=CARTESIAN_POINT('Ctrl Pts',(15.7986169963033,-145.704388792085,7.60659807797911));
#1373=CARTESIAN_POINT('Ctrl Pts',(10.9309229942479,-145.704388792085,13.7109408200245));
#1374=CARTESIAN_POINT('Ctrl Pts',(3.9045019232571,-145.704388792085,17.0906270101307));
#1375=CARTESIAN_POINT('Ctrl Pts',(-4.7737499506827,-145.704388792085,17.1030020541466));
#1376=CARTESIAN_POINT('Ctrl Pts',(-11.6606570401061,-145.704388792085,13.1300367261342));
#1377=CARTESIAN_POINT('Ctrl Pts',(-15.5000807104803,-145.704388792085,7.46295007403719));
#1378=CARTESIAN_POINT('Ctrl Pts',(-17.533779800021,-145.704388792085,0.934663296741602));
#1379=CARTESIAN_POINT('Ctrl Pts',(-16.2198018450691,-145.704388792085,-7.81545912044342));
#1380=CARTESIAN_POINT('Ctrl Pts',(-10.202365901026,-145.704388792085,-14.2845384418443));
#1381=CARTESIAN_POINT('Ctrl Pts',(-2.23403879968581,-145.704388792085,-17.4111859250267));
#1382=CARTESIAN_POINT('Ctrl Pts',(4.80551223293599,-145.704388792085,-16.8860445236264));
#1383=CARTESIAN_POINT('Ctrl Pts',(11.4724706406258,-145.704388792085,-13.0231774925721));
#1384=CARTESIAN_POINT('Ctrl Pts',(15.7988313267404,-145.704388792085,-7.61226740727417));
#1385=CARTESIAN_POINT('Ctrl Pts',(16.9548139811264,-145.704388792085,-2.53643424028997));
#1386=CARTESIAN_POINT('Ctrl Pts',(16.9548139811264,-145.704388792085,-9.75955427584552E-14));
#1387=CARTESIAN_POINT('Ctrl Pts',(16.9548139811264,-145.704388792085,-9.75955427584552E-14));
#1388=CARTESIAN_POINT('Ctrl Pts',(19.8885262087665,-143.887445515222,-9.92253942445736E-14));
#1389=CARTESIAN_POINT('Ctrl Pts',(21.0941148780352,-141.479167226381,-9.95034698123738E-14));
#1390=CARTESIAN_POINT('Ctrl Pts',(20.5715799889326,-138.479553925563,-9.93998059105277E-14));
#1391=CARTESIAN_POINT('Origin',(2.64768412367485E-13,-49.972166625796,-9.18362608182122E-14));
#1392=CARTESIAN_POINT('',(-15.4913458269981,-49.972166625796,-8.84015083357781E-14));
#1393=CARTESIAN_POINT('Origin',(2.64768412367485E-13,-49.972166625796,-9.18362608182122E-14));
#1394=CARTESIAN_POINT('',(-8.99497499632163,-49.972166625796,11.9932999950954));
#1395=CARTESIAN_POINT('',(8.99497499632166,-49.972166625796,11.9932999950954));
#1396=CARTESIAN_POINT('',(2.66988858416736E-13,-49.972166625796,11.9932999950954));
#1397=CARTESIAN_POINT('',(8.99497499632165,-49.972166625796,-11.9932999950956));
#1398=CARTESIAN_POINT('',(8.99497499632165,-49.972166625796,-9.38485400503453E-14));
#1399=CARTESIAN_POINT('',(-8.99497499632164,-49.972166625796,-11.9932999950956));
#1400=CARTESIAN_POINT('',(2.62547966318235E-13,-49.972166625796,-11.9932999950956));
#1401=CARTESIAN_POINT('',(-8.99497499632164,-49.972166625796,-8.98586760555986E-14));
#1402=CARTESIAN_POINT('Origin',(2.64768412367485E-13,-49.972166625796,-9.18362608182122E-14));
#1403=CARTESIAN_POINT('',(-18.989391658901,-49.972166625796,-8.76382300063483E-14));
#1404=CARTESIAN_POINT('',(18.9893916589013,-49.972166625796,-9.60689860995956E-14));
#1405=CARTESIAN_POINT('Origin',(2.64768412367485E-13,-49.972166625796,-9.18362608182122E-14));
#1406=CARTESIAN_POINT('',(18.9893916589013,-49.972166625796,19.9888333251592));
#1407=CARTESIAN_POINT('',(18.9893916589013,-49.972166625796,-9.60689860995956E-14));
#1408=CARTESIAN_POINT('',(-18.989391658901,-49.972166625796,19.9888333251592));
#1409=CARTESIAN_POINT('',(2.69209304465986E-13,-49.972166625796,19.9888333251592));
#1410=CARTESIAN_POINT('',(-18.989391658901,-49.972166625796,-8.76382300063483E-14));
#1411=CARTESIAN_POINT('Origin',(2.64768412367485E-13,-49.972166625796,-9.18362608182122E-14));
#1412=CARTESIAN_POINT('Origin',(2.64768412367485E-13,-49.972166625796,-9.18362608182122E-14));
#1413=CARTESIAN_POINT('',(-18.989391658901,-49.972166625796,-19.9888333251592));
#1414=CARTESIAN_POINT('',(-18.989391658901,-49.972166625796,-8.76382300063483E-14));
#1415=CARTESIAN_POINT('',(18.9893916589013,-49.972166625796,-19.9888333251592));
#1416=CARTESIAN_POINT('',(2.60327520268985E-13,-49.972166625796,-19.9888333251592));
#1417=CARTESIAN_POINT('',(18.9893916589013,-49.972166625796,-9.60689860995956E-14));
#1418=CARTESIAN_POINT('Origin',(2.6674004760129E-13,-47.473562460151,11.9932999950954));
#1419=CARTESIAN_POINT('',(-8.99497499632163,-44.974958294506,11.9932999950954));
#1420=CARTESIAN_POINT('',(-8.99497499632163,-47.473562460151,11.9932999950954));
#1421=CARTESIAN_POINT('',(8.99497499632166,-44.974958294506,11.9932999950954));
#1422=CARTESIAN_POINT('',(2.66491236785845E-13,-44.974958294506,11.9932999950954));
#1423=CARTESIAN_POINT('',(8.99497499632166,-47.473562460151,11.9932999950954));
#1424=CARTESIAN_POINT('Origin',(-8.99497499632164,-47.473562460151,-8.98586760555986E-14));
#1425=CARTESIAN_POINT('',(-8.99497499632164,-44.974958294506,-11.9932999950956));
#1426=CARTESIAN_POINT('',(-8.99497499632164,-47.473562460151,-11.9932999950956));
#1427=CARTESIAN_POINT('',(-8.99497499632164,-44.974958294506,-8.98586760555986E-14));
#1428=CARTESIAN_POINT('Origin',(2.6229915550279E-13,-47.473562460151,-11.9932999950956));
#1429=CARTESIAN_POINT('',(8.99497499632165,-44.974958294506,-11.9932999950956));
#1430=CARTESIAN_POINT('',(8.99497499632165,-47.473562460151,-11.9932999950956));
#1431=CARTESIAN_POINT('',(2.62050344687344E-13,-44.974958294506,-11.9932999950956));
#1432=CARTESIAN_POINT('Origin',(8.99497499632165,-47.473562460151,-9.38485400503453E-14));
#1433=CARTESIAN_POINT('',(8.99497499632165,-44.974958294506,-9.38485400503453E-14));
#1434=CARTESIAN_POINT('Origin',(9.99441666257967,-8.33128980105608E-5,-9.40567068674625E-14));
#1435=CARTESIAN_POINT('',(9.99441666257965,44.97479166871,-14.9916249938695));
#1436=CARTESIAN_POINT('',(9.99441666257968,-44.974958294506,-14.9916249938695));
#1437=CARTESIAN_POINT('',(9.99441666257967,-8.33128980105608E-5,-14.9916249938695));
#1438=CARTESIAN_POINT('',(9.99441666257969,-44.974958294506,14.9916249938693));
#1439=CARTESIAN_POINT('',(9.99441666257968,-44.974958294506,-9.40567068674625E-14));
#1440=CARTESIAN_POINT('',(9.99441666257966,44.97479166871,14.9916249938693));
#1441=CARTESIAN_POINT('',(9.99441666257967,-8.33128980105608E-5,14.9916249938693));
#1442=CARTESIAN_POINT('',(9.99441666257965,44.97479166871,-9.40567068674625E-14));
#1443=CARTESIAN_POINT('Origin',(2.53130857910828E-13,-8.33128980115561E-5,
14.9916249938693));
#1444=CARTESIAN_POINT('',(-9.99441666257943,-44.974958294506,14.9916249938693));
#1445=CARTESIAN_POINT('',(2.68711682835095E-13,-44.974958294506,14.9916249938693));
#1446=CARTESIAN_POINT('',(-9.99441666257946,44.97479166871,14.9916249938693));
#1447=CARTESIAN_POINT('',(-9.99441666257945,-8.33128980125513E-5,14.9916249938693));
#1448=CARTESIAN_POINT('',(2.39770479035811E-13,44.97479166871,14.9916249938693));
#1449=CARTESIAN_POINT('Origin',(-9.99441666257945,-8.33128980125513E-5,
-8.96158147689619E-14));
#1450=CARTESIAN_POINT('',(-9.99441666257944,-44.974958294506,-14.9916249938695));
#1451=CARTESIAN_POINT('',(-9.99441666257944,-44.974958294506,-8.96158147689619E-14));
#1452=CARTESIAN_POINT('',(-9.99441666257947,44.97479166871,-14.9916249938695));
#1453=CARTESIAN_POINT('',(-9.99441666257946,-8.33128980125513E-5,-14.9916249938695));
#1454=CARTESIAN_POINT('',(-9.99441666257947,44.97479166871,-8.96158147689619E-14));
#1455=CARTESIAN_POINT('Origin',(2.46469519763077E-13,-8.33128980115561E-5,
-14.9916249938695));
#1456=CARTESIAN_POINT('',(2.62050344687344E-13,-44.974958294506,-14.9916249938695));
#1457=CARTESIAN_POINT('',(2.3310914088806E-13,44.97479166871,-14.9916249938695));
#1458=CARTESIAN_POINT('Origin',(2.64270790736595E-13,-44.974958294506,-9.18362608182122E-14));
#1459=CARTESIAN_POINT('Origin',(2.3532958693731E-13,44.97479166871,-9.18362608182122E-14));
#1460=CARTESIAN_POINT('Origin',(2.64270790736595E-13,-44.974958294506,-9.18362608182122E-14));
#1461=CARTESIAN_POINT('',(14.9916249938694,-44.974958294506,19.9888333251592));
#1462=CARTESIAN_POINT('',(14.9916249938694,-44.974958294506,-19.9888333251592));
#1463=CARTESIAN_POINT('',(14.9916249938694,-44.974958294506,-9.51669298920876E-14));
#1464=CARTESIAN_POINT('',(18.9893916589013,-44.974958294506,19.9888333251592));
#1465=CARTESIAN_POINT('',(2.68711682835095E-13,-44.974958294506,19.9888333251592));
#1466=CARTESIAN_POINT('',(18.9893916589013,-44.974958294506,-19.9888333251592));
#1467=CARTESIAN_POINT('',(18.9893916589013,-44.974958294506,-9.60689860995956E-14));
#1468=CARTESIAN_POINT('',(2.59829898638094E-13,-44.974958294506,-19.9888333251592));
#1469=CARTESIAN_POINT('Origin',(2.64270790736595E-13,-44.974958294506,-9.18362608182122E-14));
#1470=CARTESIAN_POINT('',(-14.9916249938693,-44.974958294506,-19.9888333251592));
#1471=CARTESIAN_POINT('',(-14.9916249938693,-44.974958294506,19.9888333251592));
#1472=CARTESIAN_POINT('',(-14.9916249938693,-44.974958294506,-8.85055917443367E-14));
#1473=CARTESIAN_POINT('',(-18.989391658901,-44.974958294506,-19.9888333251592));
#1474=CARTESIAN_POINT('',(2.59829898638094E-13,-44.974958294506,-19.9888333251592));
#1475=CARTESIAN_POINT('',(-18.989391658901,-44.974958294506,19.9888333251592));
#1476=CARTESIAN_POINT('',(-18.989391658901,-44.974958294506,-8.76382300063483E-14));
#1477=CARTESIAN_POINT('',(2.68711682835095E-13,-44.974958294506,19.9888333251592));
#1478=CARTESIAN_POINT('Origin',(-18.989391658901,-47.473562460151,-8.76382300063483E-14));
#1479=CARTESIAN_POINT('',(-18.989391658901,-47.473562460151,-19.9888333251592));
#1480=CARTESIAN_POINT('',(-18.989391658901,-47.473562460151,19.9888333251592));
#1481=CARTESIAN_POINT('Origin',(18.9893916589013,-47.473562460151,-9.60689860995956E-14));
#1482=CARTESIAN_POINT('',(18.9893916589013,-47.473562460151,19.9888333251592));
#1483=CARTESIAN_POINT('',(18.9893916589013,-47.473562460151,-19.9888333251592));
#1484=CARTESIAN_POINT('Origin',(2.53130857910828E-13,-8.33128980115561E-5,
19.9888333251592));
#1485=CARTESIAN_POINT('',(14.9916249938694,49.972,19.9888333251592));
#1486=CARTESIAN_POINT('',(14.9916249938694,-8.33128980100632E-5,19.9888333251592));
#1487=CARTESIAN_POINT('',(-14.9916249938694,49.972,19.9888333251592));
#1488=CARTESIAN_POINT('',(2.3705241135567E-13,49.972,19.9888333251592));
#1489=CARTESIAN_POINT('',(-14.9916249938693,-8.33128980130489E-5,19.9888333251592));
#1490=CARTESIAN_POINT('Origin',(14.9916249938694,-8.33128980100632E-5,-9.51669298920876E-14));
#1491=CARTESIAN_POINT('',(14.9916249938694,49.972,-19.9888333251592));
#1492=CARTESIAN_POINT('',(14.9916249938694,-8.33128980100632E-5,-19.9888333251592));
#1493=CARTESIAN_POINT('',(14.9916249938694,49.972,-9.51669298920876E-14));
#1494=CARTESIAN_POINT('Origin',(2.44249073713827E-13,-8.33128980115561E-5,
-19.9888333251592));
#1495=CARTESIAN_POINT('',(-14.9916249938694,49.972,-19.9888333251592));
#1496=CARTESIAN_POINT('',(-14.9916249938694,-8.33128980130489E-5,-19.9888333251592));
#1497=CARTESIAN_POINT('',(2.28170627158668E-13,49.972,-19.9888333251592));
#1498=CARTESIAN_POINT('Origin',(2.32611519257169E-13,49.972,-9.18362608182122E-14));
#1499=CARTESIAN_POINT('',(-14.9916249938694,49.972,-8.85055917443367E-14));
#1500=CARTESIAN_POINT('Origin',(-14.9916249938694,-8.33128980130489E-5,
-8.85055917443367E-14));
#1501=CARTESIAN_POINT('Origin',(0.00764026956778287,-104.941458269984,0.0147479398822982));
#1502=CARTESIAN_POINT('',(17.4902291595145,-104.941458269984,1.26322563520631E-13));
#1503=CARTESIAN_POINT('Origin',(2.83564926602785E-13,-104.941458269984,
1.30208344106819E-13));
#1504=CARTESIAN_POINT('Origin',(2.74166669485135E-13,-77.45681244789,1.30208344106819E-13));
#1505=CARTESIAN_POINT('',(17.4902291595145,-64.963791619666,1.26322563520631E-13));
#1506=CARTESIAN_POINT('Origin',(2.70702169358658E-13,-64.963791619665,1.30208344106819E-13));
#1507=CARTESIAN_POINT('',(17.4902291595146,-77.45681244789,1.28466668398702E-13));
#1508=CARTESIAN_POINT('Ctrl Pts',(-18.9815063320432,-64.9438027902334,1.37390099297363E-13));
#1509=CARTESIAN_POINT('Ctrl Pts',(-19.1064147387018,-65.2598799299412,1.37424793766883E-13));
#1510=CARTESIAN_POINT('Ctrl Pts',(-19.3324505121046,-65.8841580958694,1.37494182705922E-13));
#1511=CARTESIAN_POINT('Ctrl Pts',(-19.5621739912323,-66.659851719437,1.37528877175441E-13));
#1512=CARTESIAN_POINT('Ctrl Pts',(-19.7893955900336,-67.580092933798,1.37563571644961E-13));
#1513=CARTESIAN_POINT('Ctrl Pts',(-19.9551541722705,-68.496811501751,1.37632960584E-13));
#1514=CARTESIAN_POINT('Ctrl Pts',(-20.0589380979087,-69.561178985246,1.37632960584E-13));
#1515=CARTESIAN_POINT('Ctrl Pts',(-20.081803381375,-70.3185106163511,1.37632960584E-13));
#1516=CARTESIAN_POINT('Ctrl Pts',(-20.0694406421866,-70.9226086700116,1.37632960584E-13));
#1517=CARTESIAN_POINT('Ctrl Pts',(-20.0487847940006,-71.2994468118872,1.36626820967933E-13));
#1518=CARTESIAN_POINT('Ctrl Pts',(-20.0248537403805,-71.6004534731116,1.37632960584E-13));
#1519=CARTESIAN_POINT('Ctrl Pts',(-20.0025177880967,-71.8260348308916,1.36626820967933E-13));
#1520=CARTESIAN_POINT('Ctrl Pts',(-19.9780706251544,-72.0512490814437,1.36626820967933E-13));
#1521=CARTESIAN_POINT('Ctrl Pts',(-19.9175614978699,-72.3531781751031,1.3759826611448E-13));
#1522=CARTESIAN_POINT('Ctrl Pts',(-19.8014416714391,-72.7326644741569,1.3759826611448E-13));
#1523=CARTESIAN_POINT('Ctrl Pts',(-19.5593620199278,-73.3417112227977,1.37528877175441E-13));
#1524=CARTESIAN_POINT('Ctrl Pts',(-19.2816384665298,-73.9494142077089,1.37459488236402E-13));
#1525=CARTESIAN_POINT('Ctrl Pts',(-19.0911310982366,-74.472864613629,1.37424793766883E-13));
#1526=CARTESIAN_POINT('Ctrl Pts',(-19.0092762539846,-74.7685922713459,1.36383959681297E-13));
#1527=CARTESIAN_POINT('Ctrl Pts',(-18.949477912127,-75.0617116389278,1.37390099297363E-13));
#1528=CARTESIAN_POINT('Ctrl Pts',(-18.928530344375,-75.3504484950928,1.36383959681297E-13));
#1529=CARTESIAN_POINT('Ctrl Pts',(-18.9551879338922,-75.5982834344833,1.36383959681297E-13));
#1530=CARTESIAN_POINT('Ctrl Pts',(-18.9842202088383,-75.7384930631138,1.36383959681297E-13));
#1531=CARTESIAN_POINT('Ctrl Pts',(-19.1256792268672,-76.2248139095216,1.36418654150816E-13));
#1532=CARTESIAN_POINT('Ctrl Pts',(-19.6398229907406,-76.7736211191079,1.37563571644961E-13));
#1533=CARTESIAN_POINT('Ctrl Pts',(-19.9530352992081,-77.3810383723742,1.37632960584E-13));
#1534=CARTESIAN_POINT('Ctrl Pts',(-20.0149477171097,-77.6600174868083,1.37632960584E-13));
#1535=CARTESIAN_POINT('Ctrl Pts',(-20.0237620181983,-77.9441804765119,1.37632960584E-13));
#1536=CARTESIAN_POINT('Ctrl Pts',(-19.9236199705091,-78.4530636067788,1.3759826611448E-13));
#1537=CARTESIAN_POINT('Ctrl Pts',(-19.5879010803751,-79.1289255603859,1.37528877175441E-13));
#1538=CARTESIAN_POINT('Ctrl Pts',(-19.29019410322,-79.6965012863309,1.37459488236402E-13));
#1539=CARTESIAN_POINT('Ctrl Pts',(-19.1627312107227,-79.9970923766321,1.37424793766883E-13));
#1540=CARTESIAN_POINT('Ctrl Pts',(-19.0755077126931,-80.2219301993117,1.37424793766883E-13));
#1541=CARTESIAN_POINT('Ctrl Pts',(-18.9780879069109,-80.5567424862465,1.36383959681297E-13));
#1542=CARTESIAN_POINT('Ctrl Pts',(-18.9710313059026,-80.920593360909,1.36383959681297E-13));
#1543=CARTESIAN_POINT('Ctrl Pts',(-19.0362000233397,-81.2058969688644,1.36418654150816E-13));
#1544=CARTESIAN_POINT('Ctrl Pts',(-19.1315590409092,-81.4889164043622,1.36418654150816E-13));
#1545=CARTESIAN_POINT('Ctrl Pts',(-19.2839609231824,-81.8039439799755,1.36453348620336E-13));
#1546=CARTESIAN_POINT('Ctrl Pts',(-19.4793896697743,-82.1525007896272,1.36488043089855E-13));
#1547=CARTESIAN_POINT('Ctrl Pts',(-19.6388560000322,-82.4316440035899,1.36557432028894E-13));
#1548=CARTESIAN_POINT('Ctrl Pts',(-19.8064325535331,-82.7472719883294,1.36592126498414E-13));
#1549=CARTESIAN_POINT('Ctrl Pts',(-19.9167539687929,-82.995043784943,1.36592126498414E-13));
#1550=CARTESIAN_POINT('Ctrl Pts',(-19.9758496908676,-83.1832895905605,1.36626820967933E-13));
#1551=CARTESIAN_POINT('Ctrl Pts',(-19.9907421406176,-83.2372737027075,1.36626820967933E-13));
#1552=CARTESIAN_POINT('Ctrl Pts',(-20.0199682965675,-83.3453095955677,1.36626820967933E-13));
#1553=CARTESIAN_POINT('Ctrl Pts',(-20.067405002092,-83.5348753940015,1.35620681351867E-13));
#1554=CARTESIAN_POINT('Ctrl Pts',(-20.1117148939808,-83.7435198803342,1.35655375821386E-13));
#1555=CARTESIAN_POINT('Ctrl Pts',(-20.1391215703949,-83.8891238319888,1.35655375821386E-13));
#1556=CARTESIAN_POINT('Ctrl Pts',(-20.1746244381731,-84.0896221935339,1.36661515437453E-13));
#1557=CARTESIAN_POINT('Ctrl Pts',(-20.2409519170736,-84.5565611121463,1.35655375821386E-13));
#1558=CARTESIAN_POINT('Ctrl Pts',(-20.2735459683463,-85.1493303528174,1.36696209906972E-13));
#1559=CARTESIAN_POINT('Ctrl Pts',(-20.255459517726,-85.7489105879133,1.36661515437453E-13));
#1560=CARTESIAN_POINT('Ctrl Pts',(-20.190647077591,-86.5040585690826,1.36661515437453E-13));
#1561=CARTESIAN_POINT('Ctrl Pts',(-19.9817160350083,-87.577151573529,1.37632960584E-13));
#1562=CARTESIAN_POINT('Ctrl Pts',(-19.595461763691,-88.6740767663988,1.37528877175441E-13));
#1563=CARTESIAN_POINT('Ctrl Pts',(-19.2339730660524,-89.4715132414272,1.37459488236402E-13));
#1564=CARTESIAN_POINT('Ctrl Pts',(-19.0715167787295,-89.7943370229106,1.37424793766883E-13));
#1565=CARTESIAN_POINT('Ctrl Pts',(-18.9852772331899,-89.9576296775868,1.37390099297363E-13));
#1566=CARTESIAN_POINT('Ctrl Pts',(-18.9815052393929,-64.9438027902334,2.83962971570115));
#1567=CARTESIAN_POINT('Ctrl Pts',(-19.1064312973123,-65.2598799299412,2.85826736532732));
#1568=CARTESIAN_POINT('Ctrl Pts',(-19.3324665786271,-65.8841580958694,2.89208359296264));
#1569=CARTESIAN_POINT('Ctrl Pts',(-19.5622049265662,-66.659851719437,2.92640920248466));
#1570=CARTESIAN_POINT('Ctrl Pts',(-19.7894456797386,-67.580092933798,2.96034873091592));
#1571=CARTESIAN_POINT('Ctrl Pts',(-19.9551887860222,-68.496811501751,2.98518877124235));
#1572=CARTESIAN_POINT('Ctrl Pts',(-20.0589764108756,-69.561178985246,3.00070462409349));
#1573=CARTESIAN_POINT('Ctrl Pts',(-20.0818448280814,-70.3185106163511,3.00411663347167));
#1574=CARTESIAN_POINT('Ctrl Pts',(-20.069481161771,-70.9226086700116,3.00226972492635));
#1575=CARTESIAN_POINT('Ctrl Pts',(-20.0488241733018,-71.2994468118872,2.99918275713482));
#1576=CARTESIAN_POINT('Ctrl Pts',(-20.0248922662855,-71.6004534731116,2.99560502978714));
#1577=CARTESIAN_POINT('Ctrl Pts',(-20.0025550048242,-71.8260348308916,2.99226718407569));
#1578=CARTESIAN_POINT('Ctrl Pts',(-19.9781057784119,-72.0512490814437,2.98861557899938));
#1579=CARTESIAN_POINT('Ctrl Pts',(-19.9175935395337,-72.3531781751031,2.97957200277492));
#1580=CARTESIAN_POINT('Ctrl Pts',(-19.8014637802827,-72.7326644741569,2.96222786826507));
#1581=CARTESIAN_POINT('Ctrl Pts',(-19.5593613141692,-73.3417112227977,2.92607565911738));
#1582=CARTESIAN_POINT('Ctrl Pts',(-19.2816184848378,-73.9494142077089,2.88458139067758));
#1583=CARTESIAN_POINT('Ctrl Pts',(-19.0910893416664,-74.472864613629,2.85614151408544));
#1584=CARTESIAN_POINT('Ctrl Pts',(-19.009225742058,-74.7685922713459,2.84392016667156));
#1585=CARTESIAN_POINT('Ctrl Pts',(-18.9494193649315,-75.0617116389278,2.83499648147495));
#1586=CARTESIAN_POINT('Ctrl Pts',(-18.9284699635112,-75.3504484950928,2.83186778183568));
#1587=CARTESIAN_POINT('Ctrl Pts',(-18.9551300074168,-75.5982834344833,2.83584898952527));
#1588=CARTESIAN_POINT('Ctrl Pts',(-18.9841665414635,-75.7384930631138,2.84018047988953));
#1589=CARTESIAN_POINT('Ctrl Pts',(-19.1256376419994,-76.2248139095216,2.86130942924499));
#1590=CARTESIAN_POINT('Ctrl Pts',(-19.6398329020513,-76.7736211191079,2.9380833571608));
#1591=CARTESIAN_POINT('Ctrl Pts',(-19.9530887548778,-77.3810383723742,2.98481990567973));
#1592=CARTESIAN_POINT('Ctrl Pts',(-20.0150070932054,-77.6600174868083,2.99406567932111));
#1593=CARTESIAN_POINT('Ctrl Pts',(-20.0238225835021,-77.9441804765119,2.9953810210904));
#1594=CARTESIAN_POINT('Ctrl Pts',(-19.9236674788248,-78.4530636067788,2.98043575936383));
#1595=CARTESIAN_POINT('Ctrl Pts',(-19.5879079280355,-79.1289255603859,2.93032429356695));
#1596=CARTESIAN_POINT('Ctrl Pts',(-19.2901644455882,-79.6965012863309,2.88588795449262));
#1597=CARTESIAN_POINT('Ctrl Pts',(-19.1626844974346,-79.9970923766321,2.86686651462831));
#1598=CARTESIAN_POINT('Ctrl Pts',(-19.0754490331243,-80.2219301993117,2.85385086005236));
#1599=CARTESIAN_POINT('Ctrl Pts',(-18.9780160539805,-80.5567424862465,2.83931316520768));
#1600=CARTESIAN_POINT('Ctrl Pts',(-18.9709553576694,-80.920593360909,2.83826877694496));
#1601=CARTESIAN_POINT('Ctrl Pts',(-19.0361292609375,-81.2058969688644,2.84800371462989));
#1602=CARTESIAN_POINT('Ctrl Pts',(-19.1315005873424,-81.4889164043622,2.86223549682843));
#1603=CARTESIAN_POINT('Ctrl Pts',(-19.283913172046,-81.8039439799755,2.88500529500985));
#1604=CARTESIAN_POINT('Ctrl Pts',(-19.4793661656213,-82.1525007896272,2.91417460091294));
#1605=CARTESIAN_POINT('Ctrl Pts',(-19.6388505215237,-82.4316440035899,2.93798107292204));
#1606=CARTESIAN_POINT('Ctrl Pts',(-19.8064424572078,-82.7472719883294,2.96300811049587));
#1607=CARTESIAN_POINT('Ctrl Pts',(-19.9167755830289,-82.995043784943,2.9794799095553));
#1608=CARTESIAN_POINT('Ctrl Pts',(-19.9758765509692,-83.1832895905605,2.9883061639482));
#1609=CARTESIAN_POINT('Ctrl Pts',(-19.9907709736151,-83.2372737027075,2.99052863667675));
#1610=CARTESIAN_POINT('Ctrl Pts',(-20.0200006867872,-83.3453095955677,2.99489106425589));
#1611=CARTESIAN_POINT('Ctrl Pts',(-20.0674411592675,-83.5348753940015,3.00197720616035));
#1612=CARTESIAN_POINT('Ctrl Pts',(-20.111755012507,-83.7435198803342,3.0085950425552));
#1613=CARTESIAN_POINT('Ctrl Pts',(-20.1391654112622,-83.8891238319888,3.01268482196273));
#1614=CARTESIAN_POINT('Ctrl Pts',(-20.1746724813134,-84.0896221935339,3.01798446723092));
#1615=CARTESIAN_POINT('Ctrl Pts',(-20.2410073690485,-84.5565611121463,3.02788663398745));
#1616=CARTESIAN_POINT('Ctrl Pts',(-20.2736061152043,-85.1493303528174,3.03274976487845));
#1617=CARTESIAN_POINT('Ctrl Pts',(-20.2555179370724,-85.7489105879133,3.0300487950492));
#1618=CARTESIAN_POINT('Ctrl Pts',(-20.190709302497,-86.5040585690826,3.02034239773227));
#1619=CARTESIAN_POINT('Ctrl Pts',(-19.9817883396957,-87.577151573529,2.98905863127931));
#1620=CARTESIAN_POINT('Ctrl Pts',(-19.5955135305701,-88.6740767663988,2.931331680091));
#1621=CARTESIAN_POINT('Ctrl Pts',(-19.2339984780521,-89.4715132414272,2.87732566788241));
#1622=CARTESIAN_POINT('Ctrl Pts',(-19.0715280617659,-89.7943370229106,2.85306116948534));
#1623=CARTESIAN_POINT('Ctrl Pts',(-18.9852766711914,-89.9576296775868,2.84019237999666));
#1624=CARTESIAN_POINT('Ctrl Pts',(-17.6872983184342,-64.9438027902334,8.52184221228083));
#1625=CARTESIAN_POINT('Ctrl Pts',(-17.8036821099527,-65.2598799299412,8.57797215246245));
#1626=CARTESIAN_POINT('Ctrl Pts',(-18.0143063999471,-65.8841580958694,8.67945064129549));
#1627=CARTESIAN_POINT('Ctrl Pts',(-18.2283599660261,-66.659851719437,8.78262970598143));
#1628=CARTESIAN_POINT('Ctrl Pts',(-18.4400802857098,-67.580092933798,8.88469808237805));
#1629=CARTESIAN_POINT('Ctrl Pts',(-18.5945440609737,-68.496811501751,8.95907095685445));
#1630=CARTESIAN_POINT('Ctrl Pts',(-18.6912500445313,-69.561178985246,9.00567611446879));
#1631=CARTESIAN_POINT('Ctrl Pts',(-18.7125548869774,-70.3185106163511,9.0159507741491));
#1632=CARTESIAN_POINT('Ctrl Pts',(-18.7010354935521,-70.9226086700116,9.01039774478697));
#1633=CARTESIAN_POINT('Ctrl Pts',(-18.6817885339188,-71.2994468118872,9.00112085733893));
#1634=CARTESIAN_POINT('Ctrl Pts',(-18.6594895502925,-71.6004534731116,8.99037438919441));
#1635=CARTESIAN_POINT('Ctrl Pts',(-18.6386771173126,-71.8260348308916,8.98034271597185));
#1636=CARTESIAN_POINT('Ctrl Pts',(-18.6158977648654,-72.0512490814437,8.96936099599685));
#1637=CARTESIAN_POINT('Ctrl Pts',(-18.5595157237797,-72.3531781751031,8.9421860028195));
#1638=CARTESIAN_POINT('Ctrl Pts',(-18.4513177707863,-72.7326644741569,8.89002433302161));
#1639=CARTESIAN_POINT('Ctrl Pts',(-18.2257541252354,-73.3417112227976,8.78127464355407));
#1640=CARTESIAN_POINT('Ctrl Pts',(-17.9669752610119,-73.9494142077089,8.6565327977121));
#1641=CARTESIAN_POINT('Ctrl Pts',(-17.7894670928843,-74.472864613629,8.57093979471531));
#1642=CARTESIAN_POINT('Ctrl Pts',(-17.713197310412,-74.7685922713459,8.53416501226418));
#1643=CARTESIAN_POINT('Ctrl Pts',(-17.6574798328042,-75.0617116389277,8.50729471829853));
#1644=CARTESIAN_POINT('Ctrl Pts',(-17.6379613594323,-75.3504484950928,8.49788483230729));
#1645=CARTESIAN_POINT('Ctrl Pts',(-17.6628002478709,-75.5982834344832,8.50986007893931));
#1646=CARTESIAN_POINT('Ctrl Pts',(-17.6898510880017,-75.7384930631138,8.52290673525891));
#1647=CARTESIAN_POINT('Ctrl Pts',(-17.8216595620167,-76.2248139095215,8.58645085826521));
#1648=CARTESIAN_POINT('Ctrl Pts',(-18.3007242247382,-76.7736211191079,8.81742908854501));
#1649=CARTESIAN_POINT('Ctrl Pts',(-18.5925610813717,-77.3810383723742,8.95817482806843));
#1650=CARTESIAN_POINT('Ctrl Pts',(-18.6502494544901,-77.6600174868083,8.98598805726615));
#1651=CARTESIAN_POINT('Ctrl Pts',(-18.6584622322605,-77.9441804765119,8.9899487641218));
#1652=CARTESIAN_POINT('Ctrl Pts',(-18.5651540735811,-78.4530636067788,8.94495125627369));
#1653=CARTESIAN_POINT('Ctrl Pts',(-18.2523438799456,-79.1289255603859,8.79410951113327));
#1654=CARTESIAN_POINT('Ctrl Pts',(-17.9749519565993,-79.6965012863309,8.6603455735971));
#1655=CARTESIAN_POINT('Ctrl Pts',(-17.8561875796171,-79.9970923766321,8.60307052712316));
#1656=CARTESIAN_POINT('Ctrl Pts',(-17.7749166537656,-80.2219301993117,8.56387606143572));
#1657=CARTESIAN_POINT('Ctrl Pts',(-17.6841451804272,-80.5567424862465,8.52010037754193));
#1658=CARTESIAN_POINT('Ctrl Pts',(-17.6775715810214,-80.920593360909,8.51692029309622));
#1659=CARTESIAN_POINT('Ctrl Pts',(-17.7382945650835,-81.2058969688644,8.54619330465013));
#1660=CARTESIAN_POINT('Ctrl Pts',(-17.8271461536453,-81.4889164043622,8.58904125655542));
#1661=CARTESIAN_POINT('Ctrl Pts',(-17.9691520071451,-81.8039439799755,8.65749419556429));
#1662=CARTESIAN_POINT('Ctrl Pts',(-18.1512448758891,-82.1525007896272,8.74530391263741));
#1663=CARTESIAN_POINT('Ctrl Pts',(-18.2998301714022,-82.4316440035899,8.81694990711781));
#1664=CARTESIAN_POINT('Ctrl Pts',(-18.4559739173272,-82.7472719883294,8.89222929085478));
#1665=CARTESIAN_POINT('Ctrl Pts',(-18.5587680006909,-82.995043784943,8.94179293741913));
#1666=CARTESIAN_POINT('Ctrl Pts',(-18.613832034695,-83.1832895905605,8.96833962202586));
#1667=CARTESIAN_POINT('Ctrl Pts',(-18.6277081803955,-83.2372737027075,8.97503143900155));
#1668=CARTESIAN_POINT('Ctrl Pts',(-18.6549400017129,-83.3453095955677,8.98816308480445));
#1669=CARTESIAN_POINT('Ctrl Pts',(-18.6991406344618,-83.5348753940015,9.00947106488531));
#1670=CARTESIAN_POINT('Ctrl Pts',(-18.7404275593795,-83.7435198803342,9.02937581481059));
#1671=CARTESIAN_POINT('Ctrl Pts',(-18.76596388285,-83.8891238319888,9.04169107917089));
#1672=CARTESIAN_POINT('Ctrl Pts',(-18.7990441598183,-84.0896221935339,9.05764257526404));
#1673=CARTESIAN_POINT('Ctrl Pts',(-18.8608458860621,-84.5565611121463,9.08744232549254));
#1674=CARTESIAN_POINT('Ctrl Pts',(-18.8912154529705,-85.1493303528174,9.1020893352437));
#1675=CARTESIAN_POINT('Ctrl Pts',(-18.8743629699942,-85.7489105879133,9.09396427330236));
#1676=CARTESIAN_POINT('Ctrl Pts',(-18.8139678784492,-86.5040585690826,9.06487753205509));
#1677=CARTESIAN_POINT('Ctrl Pts',(-18.6192777098963,-87.577151573529,8.97110636370896));
#1678=CARTESIAN_POINT('Ctrl Pts',(-18.2593686090133,-88.6740767663988,8.79763539740177));
#1679=CARTESIAN_POINT('Ctrl Pts',(-17.9225391484545,-89.4715132414272,8.63526603689932));
#1680=CARTESIAN_POINT('Ctrl Pts',(-17.7711659851671,-89.7943370229106,8.56228909130755));
#1681=CARTESIAN_POINT('Ctrl Pts',(-17.6908118681727,-89.9576296775868,8.52353673106392));
#1682=CARTESIAN_POINT('Ctrl Pts',(-12.8438164254755,-64.9438027902334,14.5798093260264));
#1683=CARTESIAN_POINT('Ctrl Pts',(-12.9283397563707,-65.2598799299412,14.675726179268));
#1684=CARTESIAN_POINT('Ctrl Pts',(-13.0812865126328,-65.8841580958694,14.8493463247108));
#1685=CARTESIAN_POINT('Ctrl Pts',(-13.2367321943097,-66.659851719437,15.0257763615473));
#1686=CARTESIAN_POINT('Ctrl Pts',(-13.3904859976487,-67.580092933798,15.2002783680658));
#1687=CARTESIAN_POINT('Ctrl Pts',(-13.5026427009517,-68.496811501751,15.3276213462295));
#1688=CARTESIAN_POINT('Ctrl Pts',(-13.5728688645477,-69.561178985246,15.4073329393898));
#1689=CARTESIAN_POINT('Ctrl Pts',(-13.588341378253,-70.3185106163511,15.4248912771267));
#1690=CARTESIAN_POINT('Ctrl Pts',(-13.5799759236451,-70.9226086700116,15.4153967512549));
#1691=CARTESIAN_POINT('Ctrl Pts',(-13.5659988948312,-71.2994468118872,15.3995325535348));
#1692=CARTESIAN_POINT('Ctrl Pts',(-13.5498057696787,-71.6004534731116,15.3811522279171));
#1693=CARTESIAN_POINT('Ctrl Pts',(-13.534691860103,-71.8260348308916,15.3639977813825));
#1694=CARTESIAN_POINT('Ctrl Pts',(-13.5181492231171,-72.0512490814437,15.3452228139844));
#1695=CARTESIAN_POINT('Ctrl Pts',(-13.4772050465653,-72.3531781751031,15.2987499836395));
#1696=CARTESIAN_POINT('Ctrl Pts',(-13.3986303299976,-72.7326644741569,15.2095723063812));
#1697=CARTESIAN_POINT('Ctrl Pts',(-13.2348219725192,-73.3417112227976,15.0236631401851));
#1698=CARTESIAN_POINT('Ctrl Pts',(-13.0468960448524,-73.9494142077089,14.8103704617943));
#1699=CARTESIAN_POINT('Ctrl Pts',(-12.9179842662198,-74.472864613629,14.6640727389541));
#1700=CARTESIAN_POINT('Ctrl Pts',(-12.8625951937658,-74.7685922713459,14.6012124611974));
#1701=CARTESIAN_POINT('Ctrl Pts',(-12.8221308016938,-75.0617116389277,14.5552928517617));
#1702=CARTESIAN_POINT('Ctrl Pts',(-12.8079562166864,-75.3504484950928,14.5392056052512));
#1703=CARTESIAN_POINT('Ctrl Pts',(-12.8259946292486,-75.5982834344832,14.5596778378221));
#1704=CARTESIAN_POINT('Ctrl Pts',(-12.8456402982804,-75.7384930631138,14.5819714184271));
#1705=CARTESIAN_POINT('Ctrl Pts',(-12.9413612625521,-76.2248139095215,14.690609108421));
#1706=CARTESIAN_POINT('Ctrl Pts',(-13.2892683234899,-76.7736211191079,15.0854500294577));
#1707=CARTESIAN_POINT('Ctrl Pts',(-13.5012134364105,-77.3810383723742,15.3259660354911));
#1708=CARTESIAN_POINT('Ctrl Pts',(-13.5431078142809,-77.6600174868083,15.3735125986741));
#1709=CARTESIAN_POINT('Ctrl Pts',(-13.5490722840667,-77.9441804765119,15.3802811615967));
#1710=CARTESIAN_POINT('Ctrl Pts',(-13.4813081740494,-78.4530636067788,15.3033807191918));
#1711=CARTESIAN_POINT('Ctrl Pts',(-13.2541346897814,-79.1289255603859,15.0455730206977));
#1712=CARTESIAN_POINT('Ctrl Pts',(-13.0526829127563,-79.6965012863309,14.8169563691093));
#1713=CARTESIAN_POINT('Ctrl Pts',(-12.9664312329118,-79.9970923766321,14.7190765216133));
#1714=CARTESIAN_POINT('Ctrl Pts',(-12.9074087048818,-80.2219301993117,14.6520972851155));
#1715=CARTESIAN_POINT('Ctrl Pts',(-12.8414865694432,-80.5567424862465,14.5772879845329));
#1716=CARTESIAN_POINT('Ctrl Pts',(-12.8367107563666,-80.920593360909,14.5718738079568));
#1717=CARTESIAN_POINT('Ctrl Pts',(-12.880808331736,-81.2058969688644,14.6219226376715));
#1718=CARTESIAN_POINT('Ctrl Pts',(-12.9453358319163,-81.4889164043622,14.695150309765));
#1719=CARTESIAN_POINT('Ctrl Pts',(-13.0484609466816,-81.8039439799755,14.8121953143648));
#1720=CARTESIAN_POINT('Ctrl Pts',(-13.1807033571731,-82.1525007896272,14.9622695307506));
#1721=CARTESIAN_POINT('Ctrl Pts',(-13.288610360226,-82.4316440035899,15.0847299780788));
#1722=CARTESIAN_POINT('Ctrl Pts',(-13.4020045105238,-82.7472719883294,15.2134238351287));
#1723=CARTESIAN_POINT('Ctrl Pts',(-13.4766561597786,-82.995043784943,15.2981450961777));
#1724=CARTESIAN_POINT('Ctrl Pts',(-13.5166444633373,-83.1832895905605,15.3435291335463));
#1725=CARTESIAN_POINT('Ctrl Pts',(-13.5267218920136,-83.2372737027075,15.3549652026074));
#1726=CARTESIAN_POINT('Ctrl Pts',(-13.5464985839624,-83.3453095955677,15.3774087396305));
#1727=CARTESIAN_POINT('Ctrl Pts',(-13.5785974752434,-83.5348753940015,15.4138395985486));
#1728=CARTESIAN_POINT('Ctrl Pts',(-13.6085806574069,-83.7435198803342,15.4478684466163));
#1729=CARTESIAN_POINT('Ctrl Pts',(-13.6271262395654,-83.8891238319888,15.4689141870553));
#1730=CARTESIAN_POINT('Ctrl Pts',(-13.6511502150863,-84.0896221935339,15.4961779522535));
#1731=CARTESIAN_POINT('Ctrl Pts',(-13.6960323924339,-84.5565611121463,15.5471135546062));
#1732=CARTESIAN_POINT('Ctrl Pts',(-13.7180882370983,-85.1493303528174,15.5721423139777));
#1733=CARTESIAN_POINT('Ctrl Pts',(-13.7058496492247,-85.7489105879133,15.5582525519429));
#1734=CARTESIAN_POINT('Ctrl Pts',(-13.6619952810094,-86.5040585690826,15.508464118672));
#1735=CARTESIAN_POINT('Ctrl Pts',(-13.5206246971274,-87.577151573529,15.347968076718));
#1736=CARTESIAN_POINT('Ctrl Pts',(-13.2592612718259,-88.6740767663988,15.0513141707645));
#1737=CARTESIAN_POINT('Ctrl Pts',(-13.0146540667814,-89.4715132414272,14.7736914291544));
#1738=CARTESIAN_POINT('Ctrl Pts',(-12.9047248365385,-89.7943370229106,14.6489286304624));
#1739=CARTESIAN_POINT('Ctrl Pts',(-12.846368127702,-89.9576296775868,14.582704994877));
#1740=CARTESIAN_POINT('Ctrl Pts',(-5.37993140063008,-64.9438027902334,18.9041106779186));
#1741=CARTESIAN_POINT('Ctrl Pts',(-5.41533000786453,-65.2598799299412,19.0285506955867));
#1742=CARTESIAN_POINT('Ctrl Pts',(-5.47939547758781,-65.8841580958694,19.2536637152009));
#1743=CARTESIAN_POINT('Ctrl Pts',(-5.54450249848533,-66.659851719437,19.4824849967161));
#1744=CARTESIAN_POINT('Ctrl Pts',(-5.60889939113473,-67.580092933798,19.7088245286698));
#1745=CARTESIAN_POINT('Ctrl Pts',(-5.65588405374303,-68.496811501751,19.8738714063422));
#1746=CARTESIAN_POINT('Ctrl Pts',(-5.68529866670942,-69.561178985246,19.9772407460079));
#1747=CARTESIAN_POINT('Ctrl Pts',(-5.69177863156483,-70.3185106163511,20.0000200621045));
#1748=CARTESIAN_POINT('Ctrl Pts',(-5.68827487922193,-70.9226086700116,19.9877055812086));
#1749=CARTESIAN_POINT('Ctrl Pts',(-5.68242066050332,-71.2994468118872,19.9671313108265));
#1750=CARTESIAN_POINT('Ctrl Pts',(-5.67563808154773,-71.6004534731116,19.9432958537082));
#1751=CARTESIAN_POINT('Ctrl Pts',(-5.66930771087263,-71.8260348308916,19.9210479381644));
#1752=CARTESIAN_POINT('Ctrl Pts',(-5.66237913896613,-72.0512490814437,19.8966956722461));
#1753=CARTESIAN_POINT('Ctrl Pts',(-5.64522976863223,-72.3531781751031,19.8364260485447));
#1754=CARTESIAN_POINT('Ctrl Pts',(-5.61232027304512,-72.7326644741569,19.720756661546));
#1755=CARTESIAN_POINT('Ctrl Pts',(-5.54371303143712,-73.3417112227976,19.4796111765338));
#1756=CARTESIAN_POINT('Ctrl Pts',(-5.46500239127532,-73.9494142077089,19.2029753194755));
#1757=CARTESIAN_POINT('Ctrl Pts',(-5.41101204206162,-74.472864613629,19.0131942515782));
#1758=CARTESIAN_POINT('Ctrl Pts',(-5.38781399520012,-74.7685922713459,18.9316528667061));
#1759=CARTESIAN_POINT('Ctrl Pts',(-5.37086725469022,-75.0617116389277,18.8720797219339));
#1760=CARTESIAN_POINT('Ctrl Pts',(-5.36493051887352,-75.3504484950928,18.8512133148011));
#1761=CARTESIAN_POINT('Ctrl Pts',(-5.37248549927392,-75.5982834344832,18.8777679005214));
#1762=CARTESIAN_POINT('Ctrl Pts',(-5.38071310760503,-75.7384930631138,18.9066916710017));
#1763=CARTESIAN_POINT('Ctrl Pts',(-5.42080398239312,-76.2248139095215,19.0476019152831));
#1764=CARTESIAN_POINT('Ctrl Pts',(-5.56651556946733,-76.7736211191079,19.5597686848823));
#1765=CARTESIAN_POINT('Ctrl Pts',(-5.65527901697283,-77.3810383723742,19.8718048302731));
#1766=CARTESIAN_POINT('Ctrl Pts',(-5.67282545368793,-77.6600174868083,19.9334785311819));
#1767=CARTESIAN_POINT('Ctrl Pts',(-5.67532340932163,-77.9441804765119,19.94225964926));
#1768=CARTESIAN_POINT('Ctrl Pts',(-5.64694324145432,-78.4530636067788,19.8424956560879));
#1769=CARTESIAN_POINT('Ctrl Pts',(-5.55180006388162,-79.1289255603859,19.5080513766062));
#1770=CARTESIAN_POINT('Ctrl Pts',(-5.46742961946162,-79.6965012863309,19.2114736526764));
#1771=CARTESIAN_POINT('Ctrl Pts',(-5.43130685217842,-79.9970923766321,19.0844909445992));
#1772=CARTESIAN_POINT('Ctrl Pts',(-5.40658793116562,-80.2219301993117,18.9975953556293));
#1773=CARTESIAN_POINT('Ctrl Pts',(-5.37897935642002,-80.5567424862465,18.9005422353484));
#1774=CARTESIAN_POINT('Ctrl Pts',(-5.37698027761282,-80.920593360909,18.8935049171196));
#1775=CARTESIAN_POINT('Ctrl Pts',(-5.39544982261502,-81.2058969688644,18.9584199385879));
#1776=CARTESIAN_POINT('Ctrl Pts',(-5.42247451360562,-81.4889164043621,19.0534186699356));
#1777=CARTESIAN_POINT('Ctrl Pts',(-5.46566725447112,-81.8039439799755,19.2052239635097));
#1778=CARTESIAN_POINT('Ctrl Pts',(-5.52105188231582,-82.1525007896272,19.3999120718148));
#1779=CARTESIAN_POINT('Ctrl Pts',(-5.56624515783442,-82.4316440035899,19.5587699778426));
#1780=CARTESIAN_POINT('Ctrl Pts',(-5.61373774425162,-82.7472719883294,19.7256989143335));
#1781=CARTESIAN_POINT('Ctrl Pts',(-5.64500337221302,-82.995043784943,19.8355976510911));
#1782=CARTESIAN_POINT('Ctrl Pts',(-5.66175163295572,-83.1832895905605,19.8944645776687));
#1783=CARTESIAN_POINT('Ctrl Pts',(-5.66597213264832,-83.2372737027075,19.9093008778748));
#1784=CARTESIAN_POINT('Ctrl Pts',(-5.67425485974382,-83.3453095955677,19.9384161125599));
#1785=CARTESIAN_POINT('Ctrl Pts',(-5.68769895567702,-83.5348753940015,19.9856681330763));
#1786=CARTESIAN_POINT('Ctrl Pts',(-5.70025677209532,-83.7435198803342,20.029806539309));
#1787=CARTESIAN_POINT('Ctrl Pts',(-5.70802376454022,-83.8891238319888,20.0571100955949));
#1788=CARTESIAN_POINT('Ctrl Pts',(-5.71808534747722,-84.0896221935339,20.0924779447457));
#1789=CARTESIAN_POINT('Ctrl Pts',(-5.73688279135022,-84.5565611121463,20.1585521538882));
#1790=CARTESIAN_POINT('Ctrl Pts',(-5.74611981075752,-85.1493303528174,20.1910241880283));
#1791=CARTESIAN_POINT('Ctrl Pts',(-5.74099397652692,-85.7489105879133,20.1730074783913));
#1792=CARTESIAN_POINT('Ctrl Pts',(-5.72262327135502,-86.5040585690826,20.1084681151114));
#1793=CARTESIAN_POINT('Ctrl Pts',(-5.66340351619762,-87.577151573529,19.9004123005527));
#1794=CARTESIAN_POINT('Ctrl Pts',(-5.55393229896012,-88.6740767663988,19.5156853130481));
#1795=CARTESIAN_POINT('Ctrl Pts',(-5.45148177635345,-89.4715132414272,19.1556094443103));
#1796=CARTESIAN_POINT('Ctrl Pts',(-5.40544012947563,-89.7943370229106,18.9937828009608));
#1797=CARTESIAN_POINT('Ctrl Pts',(-5.3810000614065,-89.9576296775868,18.9078674335532));
#1798=CARTESIAN_POINT('Ctrl Pts',(2.50112507154148,-64.9438027902334,19.492941119747));
#1799=CARTESIAN_POINT('Ctrl Pts',(2.51757737088709,-65.2598799299412,19.6211828630579));
#1800=CARTESIAN_POINT('Ctrl Pts',(2.54736146932793,-65.8841580958694,19.8533097825271));
#1801=CARTESIAN_POINT('Ctrl Pts',(2.57762588676048,-66.659851719437,20.0891957785328));
#1802=CARTESIAN_POINT('Ctrl Pts',(2.60755907900857,-67.580092933798,20.3225046752867));
#1803=CARTESIAN_POINT('Ctrl Pts',(2.62940612855798,-68.496811501751,20.4927576133097));
#1804=CARTESIAN_POINT('Ctrl Pts',(2.64308001456747,-69.561178985246,20.5993311256902));
#1805=CARTESIAN_POINT('Ctrl Pts',(2.64609174878637,-70.3185106163511,20.6228067753141));
#1806=CARTESIAN_POINT('Ctrl Pts',(2.64446309299737,-70.9226086700115,20.6101126270287));
#1807=CARTESIAN_POINT('Ctrl Pts',(2.64174176179168,-71.2994468118872,20.5889023107729));
#1808=CARTESIAN_POINT('Ctrl Pts',(2.63858876404448,-71.6004534731115,20.5643280200453));
#1809=CARTESIAN_POINT('Ctrl Pts',(2.63564611311367,-71.8260348308915,20.5413926391513));
#1810=CARTESIAN_POINT('Ctrl Pts',(2.63242555038818,-72.0512490814436,20.5162905381145));
#1811=CARTESIAN_POINT('Ctrl Pts',(2.62445361448207,-72.353178175103,20.4541567383294));
#1812=CARTESIAN_POINT('Ctrl Pts',(2.60915654248417,-72.7326644741568,20.3349263083648));
#1813=CARTESIAN_POINT('Ctrl Pts',(2.57726689177877,-73.3417112227976,20.0863656968417));
#1814=CARTESIAN_POINT('Ctrl Pts',(2.54067928329078,-73.9494142077088,19.8011943553931));
#1815=CARTESIAN_POINT('Ctrl Pts',(2.51558474764018,-74.4728646136289,19.6055936828197));
#1816=CARTESIAN_POINT('Ctrl Pts',(2.50480221983548,-74.7685922713458,19.5215493163415));
#1817=CARTESIAN_POINT('Ctrl Pts',(2.49692573549018,-75.0617116389277,19.4601544248493));
#1818=CARTESIAN_POINT('Ctrl Pts',(2.49416621808168,-75.3504484950928,19.4386457924587));
#1819=CARTESIAN_POINT('Ctrl Pts',(2.49767789831968,-75.5982834344832,19.466017164922));
#1820=CARTESIAN_POINT('Ctrl Pts',(2.50150182475578,-75.7384930631137,19.4958239172782));
#1821=CARTESIAN_POINT('Ctrl Pts',(2.52013696746718,-76.2248139095215,19.6410723544253));
#1822=CARTESIAN_POINT('Ctrl Pts',(2.58786507559458,-76.7736211191078,20.1689752414056));
#1823=CARTESIAN_POINT('Ctrl Pts',(2.62912006729258,-77.3810383723742,20.4905473171831));
#1824=CARTESIAN_POINT('Ctrl Pts',(2.63727588635538,-77.6600174868083,20.554117099387));
#1825=CARTESIAN_POINT('Ctrl Pts',(2.63843688175548,-77.9441804765119,20.5631667238153));
#1826=CARTESIAN_POINT('Ctrl Pts',(2.62524628235438,-78.4530636067788,20.4603502664145));
#1827=CARTESIAN_POINT('Ctrl Pts',(2.58102462884258,-79.1289255603859,20.1156599429311));
#1828=CARTESIAN_POINT('Ctrl Pts',(2.54181015410108,-79.6965012863309,19.8099981439054));
#1829=CARTESIAN_POINT('Ctrl Pts',(2.52502104235688,-79.997092376632,19.6791320020722));
#1830=CARTESIAN_POINT('Ctrl Pts',(2.51353227628548,-80.2219301993117,19.5895801809654));
#1831=CARTESIAN_POINT('Ctrl Pts',(2.50070041928908,-80.5567424862465,19.4895595249029));
#1832=CARTESIAN_POINT('Ctrl Pts',(2.49977208852048,-80.9205933609088,19.4823202548955));
#1833=CARTESIAN_POINT('Ctrl Pts',(2.50835724608378,-81.2058969688643,19.5492354120652));
#1834=CARTESIAN_POINT('Ctrl Pts',(2.52091787543288,-81.4889164043621,19.647141329862));
#1835=CARTESIAN_POINT('Ctrl Pts',(2.54099542275088,-81.8039439799755,19.8036299876558));
#1836=CARTESIAN_POINT('Ctrl Pts',(2.56673752997708,-82.1525007896272,20.0042801343392));
#1837=CARTESIAN_POINT('Ctrl Pts',(2.58774326595108,-82.4316440035898,20.1680102388233));
#1838=CARTESIAN_POINT('Ctrl Pts',(2.60981861994728,-82.7472719883294,20.3400739030756));
#1839=CARTESIAN_POINT('Ctrl Pts',(2.62435100848988,-82.995043784943,20.4533464516775));
#1840=CARTESIAN_POINT('Ctrl Pts',(2.63213592747008,-83.1832895905605,20.5140248748772));
#1841=CARTESIAN_POINT('Ctrl Pts',(2.63409753307698,-83.2372737027075,20.5293149880396));
#1842=CARTESIAN_POINT('Ctrl Pts',(2.63794726224158,-83.3453095955676,20.559322124203));
#1843=CARTESIAN_POINT('Ctrl Pts',(2.64419645347058,-83.5348753940015,20.6080300881132));
#1844=CARTESIAN_POINT('Ctrl Pts',(2.65003356490978,-83.7435198803342,20.6535266361143));
#1845=CARTESIAN_POINT('Ctrl Pts',(2.65364348765338,-83.8891238319887,20.6816649682856));
#1846=CARTESIAN_POINT('Ctrl Pts',(2.65832004148968,-84.0896221935338,20.7181167590015));
#1847=CARTESIAN_POINT('Ctrl Pts',(2.66705707492938,-84.5565611121462,20.7862178483699));
#1848=CARTESIAN_POINT('Ctrl Pts',(2.67135016501798,-85.1493303528174,20.8196815505741));
#1849=CARTESIAN_POINT('Ctrl Pts',(2.66896760802348,-85.7489105879133,20.8011109310822));
#1850=CARTESIAN_POINT('Ctrl Pts',(2.66042611984868,-86.5040585690826,20.7345452670457));
#1851=CARTESIAN_POINT('Ctrl Pts',(2.63289235688788,-87.577151573529,20.5199664736773));
#1852=CARTESIAN_POINT('Ctrl Pts',(2.58200450664268,-88.6740767663988,20.1233424900378));
#1853=CARTESIAN_POINT('Ctrl Pts',(2.53438204621049,-89.4715132414272,19.7521619568316));
#1854=CARTESIAN_POINT('Ctrl Pts',(2.5129809146263,-89.7943370229104,19.5853542343372));
#1855=CARTESIAN_POINT('Ctrl Pts',(2.50162175625254,-89.9576296775866,19.4968126561545));
#1856=CARTESIAN_POINT('Ctrl Pts',(11.4218972279192,-64.9438027902344,15.9926711112372));
#1857=CARTESIAN_POINT('Ctrl Pts',(11.4970650327113,-65.2598799299412,16.0979013591935));
#1858=CARTESIAN_POINT('Ctrl Pts',(11.6330792362576,-65.8841580958694,16.2883457257825));
#1859=CARTESIAN_POINT('Ctrl Pts',(11.771317385054,-66.659851719437,16.4818884024894));
#1860=CARTESIAN_POINT('Ctrl Pts',(11.908051427226,-67.580092933798,16.6733207109613));
#1861=CARTESIAN_POINT('Ctrl Pts',(12.0077897506058,-68.496811501751,16.8129876715582));
#1862=CARTESIAN_POINT('Ctrl Pts',(12.0702416867509,-69.561178985246,16.9004276354553));
#1863=CARTESIAN_POINT('Ctrl Pts',(12.0840016034641,-70.3185106163512,16.9196907613602));
#1864=CARTESIAN_POINT('Ctrl Pts',(12.0765621744994,-70.9226086700116,16.9092751909832));
#1865=CARTESIAN_POINT('Ctrl Pts',(12.0641323968394,-71.2994468118873,16.8918724690997));
#1866=CARTESIAN_POINT('Ctrl Pts',(12.0497318946708,-71.6004534731116,16.871710093978));
#1867=CARTESIAN_POINT('Ctrl Pts',(12.0362910801784,-71.8260348308917,16.8528919138475));
#1868=CARTESIAN_POINT('Ctrl Pts',(12.0215796283771,-72.0512490814437,16.8322953837452));
#1869=CARTESIAN_POINT('Ctrl Pts',(11.9851679796796,-72.3531781751031,16.7813158166639));
#1870=CARTESIAN_POINT('Ctrl Pts',(11.9152910674501,-72.7326644741569,16.683485909901));
#1871=CARTESIAN_POINT('Ctrl Pts',(11.7696151968878,-73.3417112227977,16.4795371835606));
#1872=CARTESIAN_POINT('Ctrl Pts',(11.60249216026,-73.949414207709,16.2455550482312));
#1873=CARTESIAN_POINT('Ctrl Pts',(11.487849635371,-74.472864613629,16.08505742129));
#1874=CARTESIAN_POINT('Ctrl Pts',(11.4385916485717,-74.768592271346,16.0160964494078));
#1875=CARTESIAN_POINT('Ctrl Pts',(11.4026061322214,-75.0617116389278,15.965718544778));
#1876=CARTESIAN_POINT('Ctrl Pts',(11.3900005940352,-75.3504484950929,15.9480704315877));
#1877=CARTESIAN_POINT('Ctrl Pts',(11.4060422689598,-75.5982834344833,15.970529111465));
#1878=CARTESIAN_POINT('Ctrl Pts',(11.4235134599127,-75.7384930631138,15.9949875323983));
#1879=CARTESIAN_POINT('Ctrl Pts',(11.5086386192357,-76.2248139095216,16.1141654897305));
#1880=CARTESIAN_POINT('Ctrl Pts',(11.8180350320874,-76.7736211191079,16.5473227040821));
#1881=CARTESIAN_POINT('Ctrl Pts',(12.0065207686455,-77.3810383723742,16.8111917313009));
#1882=CARTESIAN_POINT('Ctrl Pts',(12.0437777290781,-77.6600174868084,16.8633520303226));
#1883=CARTESIAN_POINT('Ctrl Pts',(12.0490820110696,-77.9441804765119,16.8707777522161));
#1884=CARTESIAN_POINT('Ctrl Pts',(11.9888185397764,-78.4530636067788,16.786411531669));
#1885=CARTESIAN_POINT('Ctrl Pts',(11.7867906552281,-79.128925560386,16.5035781799493));
#1886=CARTESIAN_POINT('Ctrl Pts',(11.6076373197466,-79.6965012863309,16.252769008618));
#1887=CARTESIAN_POINT('Ctrl Pts',(11.5309325736786,-79.9970923766321,16.1453861668024));
#1888=CARTESIAN_POINT('Ctrl Pts',(11.4784430360543,-80.2219301993117,16.0719037160089));
#1889=CARTESIAN_POINT('Ctrl Pts',(11.4198176045122,-80.5567424862466,15.9898311581542));
#1890=CARTESIAN_POINT('Ctrl Pts',(11.415570068558,-80.920593360909,15.9838880193783));
#1891=CARTESIAN_POINT('Ctrl Pts',(11.4547862339379,-81.2058969688644,16.0387922970539));
#1892=CARTESIAN_POINT('Ctrl Pts',(11.5121713340349,-81.4889164043622,16.1191290504774));
#1893=CARTESIAN_POINT('Ctrl Pts',(11.6038807915674,-81.8039439799756,16.2475275882699));
#1894=CARTESIAN_POINT('Ctrl Pts',(11.7214854882911,-82.1525007896272,16.4121702666166));
#1895=CARTESIAN_POINT('Ctrl Pts',(11.8174482357644,-82.4316440035899,16.5465167205005));
#1896=CARTESIAN_POINT('Ctrl Pts',(11.9182903691498,-82.7472719883295,16.6876978605126));
#1897=CARTESIAN_POINT('Ctrl Pts',(11.9846787242933,-82.9950437849431,16.7806413662289));
#1898=CARTESIAN_POINT('Ctrl Pts',(12.0202405555324,-83.1832895905605,16.8304288707939));
#1899=CARTESIAN_POINT('Ctrl Pts',(12.0292025423915,-83.2372737027076,16.8429752282603));
#1900=CARTESIAN_POINT('Ctrl Pts',(12.0467901745182,-83.3453095955677,16.8675974004159));
#1901=CARTESIAN_POINT('Ctrl Pts',(12.0753358571505,-83.5348753940016,16.9075625623055));
#1902=CARTESIAN_POINT('Ctrl Pts',(12.1020000787134,-83.7435198803342,16.9448931494748));
#1903=CARTESIAN_POINT('Ctrl Pts',(12.1184929132861,-83.8891238319888,16.967982244276));
#1904=CARTESIAN_POINT('Ctrl Pts',(12.1398576889936,-84.0896221935339,16.9978924281055));
#1905=CARTESIAN_POINT('Ctrl Pts',(12.1797718362488,-84.5565611121463,17.0537717450924));
#1906=CARTESIAN_POINT('Ctrl Pts',(12.1993864234467,-85.1493303528175,17.08123085597));
#1907=CARTESIAN_POINT('Ctrl Pts',(12.1885025626968,-85.7489105879134,17.0659932869066));
#1908=CARTESIAN_POINT('Ctrl Pts',(12.1495036580803,-86.5040585690826,17.0113840781269));
#1909=CARTESIAN_POINT('Ctrl Pts',(12.023785090354,-87.5771515735291,16.8353456767159));
#1910=CARTESIAN_POINT('Ctrl Pts',(11.7913545706743,-88.6740767663988,16.5099228322083));
#1911=CARTESIAN_POINT('Ctrl Pts',(11.5738245828093,-89.4715132414273,16.205369269112));
#1912=CARTESIAN_POINT('Ctrl Pts',(11.4760639099421,-89.7943370229106,16.0685014439775));
#1913=CARTESIAN_POINT('Ctrl Pts',(11.4241664928941,-89.9576296775867,15.9958479432169));
#1914=CARTESIAN_POINT('Ctrl Pts',(18.1586656759827,-64.9438027902334,8.75005503334242));
#1915=CARTESIAN_POINT('Ctrl Pts',(18.2781507921708,-65.2598799299412,8.807639642586));
#1916=CARTESIAN_POINT('Ctrl Pts',(18.4943882380868,-65.8841580958694,8.91183701536731));
#1917=CARTESIAN_POINT('Ctrl Pts',(18.714146081648,-66.659851719437,9.01773833495013));
#1918=CARTESIAN_POINT('Ctrl Pts',(18.9315084226912,-67.580092933798,9.12248745776041));
#1919=CARTESIAN_POINT('Ctrl Pts',(19.0900889357094,-68.496811501751,9.1988944784966));
#1920=CARTESIAN_POINT('Ctrl Pts',(19.1893720735771,-69.561178985246,9.24673753901221));
#1921=CARTESIAN_POINT('Ctrl Pts',(19.2112446362449,-70.3185106163511,9.25727874502766));
#1922=CARTESIAN_POINT('Ctrl Pts',(19.1994182666631,-70.9226086700116,9.25157955404893));
#1923=CARTESIAN_POINT('Ctrl Pts',(19.1796583945979,-71.2994468118872,9.24205736747937));
#1924=CARTESIAN_POINT('Ctrl Pts',(19.1567651569353,-71.6004534731115,9.23102545814838));
#1925=CARTESIAN_POINT('Ctrl Pts',(19.1353980945402,-71.8260348308916,9.22072873675049));
#1926=CARTESIAN_POINT('Ctrl Pts',(19.1120117073806,-72.0512490814436,9.20945859763661));
#1927=CARTESIAN_POINT('Ctrl Pts',(19.0541271366797,-72.353178175103,9.18156441653775));
#1928=CARTESIAN_POINT('Ctrl Pts',(18.9430458769316,-72.7326644741568,9.12803315655717));
#1929=CARTESIAN_POINT('Ctrl Pts',(18.7114713487835,-73.3417112227976,9.01643384735659));
#1930=CARTESIAN_POINT('Ctrl Pts',(18.4457963528857,-73.9494142077089,8.88840440691091));
#1931=CARTESIAN_POINT('Ctrl Pts',(18.2635579647168,-74.4728646136289,8.80057905205255));
#1932=CARTESIAN_POINT('Ctrl Pts',(18.1852557421423,-74.7685922713458,8.76284349860177));
#1933=CARTESIAN_POINT('Ctrl Pts',(18.1280535317298,-75.0617116389277,8.73527569307793));
#1934=CARTESIAN_POINT('Ctrl Pts',(18.108014922206,-75.3504484950928,8.72561884985674));
#1935=CARTESIAN_POINT('Ctrl Pts',(18.1335157252478,-75.5982834344832,8.73790804850758));
#1936=CARTESIAN_POINT('Ctrl Pts',(18.1612873970175,-75.7384930631137,8.75129239417553));
#1937=CARTESIAN_POINT('Ctrl Pts',(18.2966083616726,-76.2248139095215,8.81650502121266));
#1938=CARTESIAN_POINT('Ctrl Pts',(18.7884392191965,-76.7736211191078,9.05352734022182));
#1939=CARTESIAN_POINT('Ctrl Pts',(19.0880527798807,-77.3810383723742,9.19792262621299));
#1940=CARTESIAN_POINT('Ctrl Pts',(19.1472784472716,-77.6600174868083,9.22646442397388));
#1941=CARTESIAN_POINT('Ctrl Pts',(19.1557100751481,-77.9441804765119,9.23052793151358));
#1942=CARTESIAN_POINT('Ctrl Pts',(19.0599154781101,-78.4530636067788,9.18436126205129));
#1943=CARTESIAN_POINT('Ctrl Pts',(18.738769589535,-79.1289255603859,9.02959168899315));
#1944=CARTESIAN_POINT('Ctrl Pts',(18.4539857971137,-79.6965012863309,8.89234584948486));
#1945=CARTESIAN_POINT('Ctrl Pts',(18.3320566423237,-79.997092376632,8.833583833608));
#1946=CARTESIAN_POINT('Ctrl Pts',(18.2486200518519,-80.2219301993117,8.79337261403366));
#1947=CARTESIAN_POINT('Ctrl Pts',(18.1554297449758,-80.5567424862465,8.7484608077122));
#1948=CARTESIAN_POINT('Ctrl Pts',(18.1486810305005,-80.9205933609088,8.74520680512779));
#1949=CARTESIAN_POINT('Ctrl Pts',(18.2110221942157,-81.2058969688643,8.77524949398442));
#1950=CARTESIAN_POINT('Ctrl Pts',(18.3022414664237,-81.4889164043621,8.81921109754867));
#1951=CARTESIAN_POINT('Ctrl Pts',(18.448031595361,-81.8039439799755,8.88946778438566));
#1952=CARTESIAN_POINT('Ctrl Pts',(18.634976823374,-82.1525007896272,8.97956242905578));
#1953=CARTESIAN_POINT('Ctrl Pts',(18.7875216086127,-82.4316440035898,9.05307757544797));
#1954=CARTESIAN_POINT('Ctrl Pts',(18.9478263235844,-82.7472719883294,9.13033066803292));
#1955=CARTESIAN_POINT('Ctrl Pts',(19.0533596692111,-82.995043784943,9.18118945093952));
#1956=CARTESIAN_POINT('Ctrl Pts',(19.1098910705305,-83.1832895905605,9.20843263863958));
#1957=CARTESIAN_POINT('Ctrl Pts',(19.1241369816467,-83.2372737027075,9.2152982423734));
#1958=CARTESIAN_POINT('Ctrl Pts',(19.1520944700427,-83.3453095955676,9.22877178032117));
#1959=CARTESIAN_POINT('Ctrl Pts',(19.1974729858289,-83.5348753940015,9.25064003410242));
#1960=CARTESIAN_POINT('Ctrl Pts',(19.2398601399302,-83.7435198803342,9.27106694640461));
#1961=CARTESIAN_POINT('Ctrl Pts',(19.2660769424919,-83.8891238319887,9.28370178741249));
#1962=CARTESIAN_POINT('Ctrl Pts',(19.3000387368711,-84.0896221935339,9.30006891872602));
#1963=CARTESIAN_POINT('Ctrl Pts',(19.3634873523965,-84.5565611121463,9.33064634931021));
#1964=CARTESIAN_POINT('Ctrl Pts',(19.3946661875435,-85.1493303528174,9.34567270858421));
#1965=CARTESIAN_POINT('Ctrl Pts',(19.3773646153281,-85.7489105879133,9.33733480480372));
#1966=CARTESIAN_POINT('Ctrl Pts',(19.3153599251353,-86.5040585690826,9.30745869087907));
#1967=CARTESIAN_POINT('Ctrl Pts',(19.1154810779713,-87.577151573529,9.21114871542304));
#1968=CARTESIAN_POINT('Ctrl Pts',(18.7459807418965,-88.6740767663988,9.03308868206073));
#1969=CARTESIAN_POINT('Ctrl Pts',(18.4001752214507,-89.4715132414272,8.86644351813843));
#1970=CARTESIAN_POINT('Ctrl Pts',(18.2447682034392,-89.7943370229104,8.7915510812134));
#1971=CARTESIAN_POINT('Ctrl Pts',(18.1622728527022,-89.9576296775867,8.7517934735519));
#1972=CARTESIAN_POINT('Ctrl Pts',(19.6296670479772,-64.9438027902334,-1.04591127213227));
#1973=CARTESIAN_POINT('Ctrl Pts',(19.7588523334599,-65.2598799299412,-1.05281825166537));
#1974=CARTESIAN_POINT('Ctrl Pts',(19.9926062254167,-65.8841580958694,-1.06527252328159));
#1975=CARTESIAN_POINT('Ctrl Pts',(20.2301838697288,-66.659851719437,-1.0779511555541));
#1976=CARTESIAN_POINT('Ctrl Pts',(20.4651770261214,-67.580092933798,-1.0904978340206));
#1977=CARTESIAN_POINT('Ctrl Pts',(20.636585567762,-68.496811501751,-1.09961008901141));
#1978=CARTESIAN_POINT('Ctrl Pts',(20.7439158404928,-69.561178985246,-1.1053338532803));
#1979=CARTESIAN_POINT('Ctrl Pts',(20.7675639697981,-70.3185106163511,-1.10659808586661));
#1980=CARTESIAN_POINT('Ctrl Pts',(20.7547784692375,-70.9226086700116,-1.10591560099313));
#1981=CARTESIAN_POINT('Ctrl Pts',(20.7334165344436,-71.2994468118872,-1.10477585826863));
#1982=CARTESIAN_POINT('Ctrl Pts',(20.7086677448395,-71.6004534731116,-1.1034560414705));
#1983=CARTESIAN_POINT('Ctrl Pts',(20.6855682241403,-71.8260348308916,-1.10222348952073));
#1984=CARTESIAN_POINT('Ctrl Pts',(20.6602849042138,-72.0512490814437,-1.10087356718043));
#1985=CARTESIAN_POINT('Ctrl Pts',(20.5977075214696,-72.3531781751031,-1.09753512628592));
#1986=CARTESIAN_POINT('Ctrl Pts',(20.4776160061483,-72.7326644741569,-1.09112304552364));
#1987=CARTESIAN_POINT('Ctrl Pts',(20.2272550271412,-73.3417112227976,-1.0777526209713));
#1988=CARTESIAN_POINT('Ctrl Pts',(19.9400353459626,-73.9494142077089,-1.0624230327873));
#1989=CARTESIAN_POINT('Ctrl Pts',(19.7430083739229,-74.472864613629,-1.05189575975443));
#1990=CARTESIAN_POINT('Ctrl Pts',(19.6583526629447,-74.7685922713459,-1.04737335900555));
#1991=CARTESIAN_POINT('Ctrl Pts',(19.5965070922021,-75.0617116389277,-1.04406730049166));
#1992=CARTESIAN_POINT('Ctrl Pts',(19.5748430195669,-75.3504484950928,-1.04291052829084));
#1993=CARTESIAN_POINT('Ctrl Pts',(19.6024125031056,-75.5982834344832,-1.0443827873839));
#1994=CARTESIAN_POINT('Ctrl Pts',(19.6324389497217,-75.7384930631138,-1.04598838187589));
#1995=CARTESIAN_POINT('Ctrl Pts',(19.7787363305402,-76.2248139095215,-1.05379965602711));
#1996=CARTESIAN_POINT('Ctrl Pts',(20.3104704949236,-76.7736211191079,-1.08220078174321));
#1997=CARTESIAN_POINT('Ctrl Pts',(20.6344067580313,-77.3810383723742,-1.09951929307029));
#1998=CARTESIAN_POINT('Ctrl Pts',(20.6984372005225,-77.6600174868083,-1.10293892720632));
#1999=CARTESIAN_POINT('Ctrl Pts',(20.7075532671888,-77.9441804765119,-1.10342624826204));
#2000=CARTESIAN_POINT('Ctrl Pts',(20.6039830649986,-78.4530636067788,-1.09789026585788));
#2001=CARTESIAN_POINT('Ctrl Pts',(20.2567735883609,-79.1289255603859,-1.0793355769266));
#2002=CARTESIAN_POINT('Ctrl Pts',(19.9488767556821,-79.6965012863309,-1.06288113266306));
#2003=CARTESIAN_POINT('Ctrl Pts',(19.8170501488335,-79.9970923766321,-1.05583421721653));
#2004=CARTESIAN_POINT('Ctrl Pts',(19.7268403447331,-80.2219301993117,-1.05101157113619));
#2005=CARTESIAN_POINT('Ctrl Pts',(19.6260852641476,-80.5567424862465,-1.04562542849695));
#2006=CARTESIAN_POINT('Ctrl Pts',(19.6187850026767,-80.920593360909,-1.04523095608582));
#2007=CARTESIAN_POINT('Ctrl Pts',(19.6861824534685,-81.2058969688644,-1.04882900576545));
#2008=CARTESIAN_POINT('Ctrl Pts',(19.7848058064057,-81.4889164043621,-1.05410040451213));
#2009=CARTESIAN_POINT('Ctrl Pts',(19.9424188079734,-81.8039439799755,-1.06251274754531));
#2010=CARTESIAN_POINT('Ctrl Pts',(20.1445368376734,-82.1525007896272,-1.07331460244997));
#2011=CARTESIAN_POINT('Ctrl Pts',(20.3094603427741,-82.4316440035899,-1.08212629719801));
#2012=CARTESIAN_POINT('Ctrl Pts',(20.4827692688918,-82.7472719883294,-1.09138123706846));
#2013=CARTESIAN_POINT('Ctrl Pts',(20.5968655462135,-82.995043784943,-1.09747626476721));
#2014=CARTESIAN_POINT('Ctrl Pts',(20.6579826666514,-83.1832895905605,-1.10073976494143));
#2015=CARTESIAN_POINT('Ctrl Pts',(20.6733849489381,-83.2372737027075,-1.10156308180961));
#2016=CARTESIAN_POINT('Ctrl Pts',(20.7036114344868,-83.3453095955677,-1.10317839252878));
#2017=CARTESIAN_POINT('Ctrl Pts',(20.7526704433988,-83.5348753940015,-1.10579742395638));
#2018=CARTESIAN_POINT('Ctrl Pts',(20.7984959954826,-83.7435198803342,-1.10824443052531));
#2019=CARTESIAN_POINT('Ctrl Pts',(20.826840980544,-83.8891238319888,-1.10975971235149));
#2020=CARTESIAN_POINT('Ctrl Pts',(20.8635589338565,-84.0896221935339,-1.11172176905311));
#2021=CARTESIAN_POINT('Ctrl Pts',(20.9321561792548,-84.5565611121463,-1.11538673094372));
#2022=CARTESIAN_POINT('Ctrl Pts',(20.965866313335,-85.1493303528174,-1.11718918562878));
#2023=CARTESIAN_POINT('Ctrl Pts',(20.9471611263444,-85.7489105879133,-1.11619021201845));
#2024=CARTESIAN_POINT('Ctrl Pts',(20.8801380438184,-86.5040585690826,-1.11262418077682));
#2025=CARTESIAN_POINT('Ctrl Pts',(20.6640792759869,-87.577151573529,-1.1011256169223));
#2026=CARTESIAN_POINT('Ctrl Pts',(20.2646220472588,-88.6740767663988,-1.07981406606221));
#2027=CARTESIAN_POINT('Ctrl Pts',(19.8907722288297,-89.4715132414272,-1.05985912590355));
#2028=CARTESIAN_POINT('Ctrl Pts',(19.7227592364523,-89.7943370229106,-1.05088804776645));
#2029=CARTESIAN_POINT('Ctrl Pts',(19.6335670637632,-89.9576296775867,-1.04611978614951));
#2030=CARTESIAN_POINT('Ctrl Pts',(17.3529906382028,-64.9438027902334,-8.35502438008484));
#2031=CARTESIAN_POINT('Ctrl Pts',(17.4671629437039,-65.2598799299412,-8.4099848017316));
#2032=CARTESIAN_POINT('Ctrl Pts',(17.673806541188,-65.8841580958694,-8.50947873579033));
#2033=CARTESIAN_POINT('Ctrl Pts',(17.8838044065696,-66.659851719437,-8.61057840501867));
#2034=CARTESIAN_POINT('Ctrl Pts',(18.0915102830663,-67.580092933798,-8.71057195655309));
#2035=CARTESIAN_POINT('Ctrl Pts',(18.2430647993273,-68.496811501751,-8.78355093111992));
#2036=CARTESIAN_POINT('Ctrl Pts',(18.3379404845585,-69.561178985246,-8.82922893107443));
#2037=CARTESIAN_POINT('Ctrl Pts',(18.3588405641386,-70.3185106163511,-8.83928989890876));
#2038=CARTESIAN_POINT('Ctrl Pts',(18.3475395143813,-70.9226086700116,-8.83384928969377));
#2039=CARTESIAN_POINT('Ctrl Pts',(18.3286570989087,-71.2994468118872,-8.82475857416748));
#2040=CARTESIAN_POINT('Ctrl Pts',(18.3067801555461,-71.6004534731116,-8.81422589667522));
#2041=CARTESIAN_POINT('Ctrl Pts',(18.2863619678617,-71.8260348308916,-8.80439584769145));
#2042=CARTESIAN_POINT('Ctrl Pts',(18.2640145379817,-72.0512490814437,-8.79363737233573));
#2043=CARTESIAN_POINT('Ctrl Pts',(18.208700240747,-72.3531781751031,-8.76700682047381));
#2044=CARTESIAN_POINT('Ctrl Pts',(18.1025539320267,-72.7326644741569,-8.7159060595187));
#2045=CARTESIAN_POINT('Ctrl Pts',(17.8812688113794,-73.3417112227977,-8.60937665361546));
#2046=CARTESIAN_POINT('Ctrl Pts',(17.6273939266188,-73.9494142077089,-8.48715397191552));
#2047=CARTESIAN_POINT('Ctrl Pts',(17.4532552948861,-74.472864613629,-8.403323774788));
#2048=CARTESIAN_POINT('Ctrl Pts',(17.3784328997324,-74.7685922713459,-8.36730397190308));
#2049=CARTESIAN_POINT('Ctrl Pts',(17.3237738716764,-75.0617116389277,-8.34099188347177));
#2050=CARTESIAN_POINT('Ctrl Pts',(17.3046255343892,-75.3504484950928,-8.33177355132538));
#2051=CARTESIAN_POINT('Ctrl Pts',(17.3289933135226,-75.5982834344832,-8.34350453782579));
#2052=CARTESIAN_POINT('Ctrl Pts',(17.3555300388037,-75.7384930631138,-8.35627872886431));
#2053=CARTESIAN_POINT('Ctrl Pts',(17.4848391788234,-76.2248139095215,-8.41853050825227));
#2054=CARTESIAN_POINT('Ctrl Pts',(17.9548148537631,-76.7736211191079,-8.64478080286046));
#2055=CARTESIAN_POINT('Ctrl Pts',(18.2411067993168,-77.3810383723742,-8.78259684602511));
#2056=CARTESIAN_POINT('Ctrl Pts',(18.2977008740071,-77.6600174868083,-8.80984188502851));
#2057=CARTESIAN_POINT('Ctrl Pts',(18.3057576327149,-77.9441804765119,-8.81372029261739));
#2058=CARTESIAN_POINT('Ctrl Pts',(18.2142217583994,-78.4530636067788,-8.76965596754171));
#2059=CARTESIAN_POINT('Ctrl Pts',(17.9073509805987,-79.1289255603859,-8.62193000165896));
#2060=CARTESIAN_POINT('Ctrl Pts',(17.6352262738966,-79.6965012863309,-8.49093088060232));
#2061=CARTESIAN_POINT('Ctrl Pts',(17.518717983325,-79.9970923766321,-8.43484538251648));
#2062=CARTESIAN_POINT('Ctrl Pts',(17.4389911019322,-80.2219301993117,-8.39646612976442));
#2063=CARTESIAN_POINT('Ctrl Pts',(17.349944044165,-80.5567424862465,-8.35360017671816));
#2064=CARTESIAN_POINT('Ctrl Pts',(17.3434974097066,-80.920593360909,-8.35049875480086));
#2065=CARTESIAN_POINT('Ctrl Pts',(17.4030692253971,-81.2058969688644,-8.37917794318731));
#2066=CARTESIAN_POINT('Ctrl Pts',(17.4902332597899,-81.4889164043622,-8.42113778949746));
#2067=CARTESIAN_POINT('Ctrl Pts',(17.6295479537962,-81.8039439799755,-8.48820782060579));
#2068=CARTESIAN_POINT('Ctrl Pts',(17.8081829903825,-82.1525007896272,-8.57420143214957));
#2069=CARTESIAN_POINT('Ctrl Pts',(17.9539479094445,-82.4316440035899,-8.64437266817652));
#2070=CARTESIAN_POINT('Ctrl Pts',(18.1071301701354,-82.7472719883294,-8.71811675905586));
#2071=CARTESIAN_POINT('Ctrl Pts',(18.2079735685503,-82.995043784943,-8.76666323192743));
#2072=CARTESIAN_POINT('Ctrl Pts',(18.2619933544169,-83.1832895905605,-8.7926692229481));
#2073=CARTESIAN_POINT('Ctrl Pts',(18.2756059175452,-83.2372737027075,-8.79922213668047));
#2074=CARTESIAN_POINT('Ctrl Pts',(18.3023206689453,-83.3453095955677,-8.81208246585949));
#2075=CARTESIAN_POINT('Ctrl Pts',(18.3456833643749,-83.5348753940015,-8.83295823031938));
#2076=CARTESIAN_POINT('Ctrl Pts',(18.3861872951209,-83.7435198803342,-8.85245745509898));
#2077=CARTESIAN_POINT('Ctrl Pts',(18.4112384858045,-83.8891238319888,-8.86451672256242));
#2078=CARTESIAN_POINT('Ctrl Pts',(18.4436907229744,-84.0896221935339,-8.88013911640484));
#2079=CARTESIAN_POINT('Ctrl Pts',(18.5043194166267,-84.5565611121463,-8.9093258246312));
#2080=CARTESIAN_POINT('Ctrl Pts',(18.5341118521614,-85.1493303528174,-8.92366729467808));
#2081=CARTESIAN_POINT('Ctrl Pts',(18.5175790448376,-85.7489105879133,-8.91570820970735));
#2082=CARTESIAN_POINT('Ctrl Pts',(18.4583229587567,-86.5040585690826,-8.88717561710251));
#2083=CARTESIAN_POINT('Ctrl Pts',(18.2673059501646,-87.577151573529,-8.79519970877812));
#2084=CARTESIAN_POINT('Ctrl Pts',(17.9142131330046,-88.6740767663988,-8.62520687630651));
#2085=CARTESIAN_POINT('Ctrl Pts',(17.5837675862431,-89.4715132414272,-8.46612163515389));
#2086=CARTESIAN_POINT('Ctrl Pts',(17.4352649077403,-89.7943370229106,-8.39462988866145));
#2087=CARTESIAN_POINT('Ctrl Pts',(17.3564374261186,-89.9576296775867,-8.35668360094147));
#2088=CARTESIAN_POINT('Ctrl Pts',(13.0544047313962,-64.9438027902334,-14.6995819759255));
#2089=CARTESIAN_POINT('Ctrl Pts',(13.1403248326395,-65.2598799299412,-14.7963200738552));
#2090=CARTESIAN_POINT('Ctrl Pts',(13.2957790206945,-65.8841580958694,-14.9713655998447));
#2091=CARTESIAN_POINT('Ctrl Pts',(13.4537826048893,-66.659851719437,-15.1492730602118));
#2092=CARTESIAN_POINT('Ctrl Pts',(13.6100692203368,-67.580092933798,-15.3252447307149));
#2093=CARTESIAN_POINT('Ctrl Pts',(13.7240552912407,-68.496811501751,-15.4536046688814));
#2094=CARTESIAN_POINT('Ctrl Pts',(13.7954351799892,-69.561178985246,-15.5339780754118));
#2095=CARTESIAN_POINT('Ctrl Pts',(13.8111633208219,-70.3185106163511,-15.5516865647322));
#2096=CARTESIAN_POINT('Ctrl Pts',(13.8026601318083,-70.9226086700116,-15.54211229243));
#2097=CARTESIAN_POINT('Ctrl Pts',(13.788453228643,-71.2994468118872,-15.5261156188703));
#2098=CARTESIAN_POINT('Ctrl Pts',(13.7719940711075,-71.6004534731116,-15.5075826880095));
#2099=CARTESIAN_POINT('Ctrl Pts',(13.7566315422959,-71.8260348308916,-15.4902848476907));
#2100=CARTESIAN_POINT('Ctrl Pts',(13.7398163940663,-72.0512490814437,-15.4713517517105));
#2101=CARTESIAN_POINT('Ctrl Pts',(13.6981989671911,-72.3531781751031,-15.42449127585));
#2102=CARTESIAN_POINT('Ctrl Pts',(13.6183297870652,-72.7326644741569,-15.3345622682972));
#2103=CARTESIAN_POINT('Ctrl Pts',(13.4518214984193,-73.3417112227976,-15.1470828265475));
#2104=CARTESIAN_POINT('Ctrl Pts',(13.2608023926263,-73.9494142077089,-14.9320015854317));
#2105=CARTESIAN_POINT('Ctrl Pts',(13.1297634948205,-74.472864613629,-14.7844609594865));
#2106=CARTESIAN_POINT('Ctrl Pts',(13.0734608418729,-74.7685922713459,-14.721067771553));
#2107=CARTESIAN_POINT('Ctrl Pts',(13.0323280216674,-75.0617116389277,-14.6747557789206));
#2108=CARTESIAN_POINT('Ctrl Pts',(13.0179198944142,-75.3504484950928,-14.6585329169835));
#2109=CARTESIAN_POINT('Ctrl Pts',(13.0362555848763,-75.5982834344832,-14.67917795834));
#2110=CARTESIAN_POINT('Ctrl Pts',(13.0562260005014,-75.7384930631138,-14.7016627126686));
#2111=CARTESIAN_POINT('Ctrl Pts',(13.1535238897691,-76.2248139095215,-14.8112156518024));
#2112=CARTESIAN_POINT('Ctrl Pts',(13.5071671240326,-76.7736211191079,-15.2093973178233));
#2113=CARTESIAN_POINT('Ctrl Pts',(13.7226142426756,-77.3810383723742,-15.4519712816642));
#2114=CARTESIAN_POINT('Ctrl Pts',(13.765199187267,-77.6600174868083,-15.4999196065973));
#2115=CARTESIAN_POINT('Ctrl Pts',(13.7712621866351,-77.9441804765119,-15.5067460159729));
#2116=CARTESIAN_POINT('Ctrl Pts',(13.702378933507,-78.4530636067788,-15.4291892121896));
#2117=CARTESIAN_POINT('Ctrl Pts',(13.4714555401052,-79.1289255603859,-15.1691869393213));
#2118=CARTESIAN_POINT('Ctrl Pts',(13.2666781599551,-79.6965012863309,-14.938623354941));
#2119=CARTESIAN_POINT('Ctrl Pts',(13.1790017397916,-79.9970923766321,-14.8399072594217));
#2120=CARTESIAN_POINT('Ctrl Pts',(13.1190040712416,-80.2219301993117,-14.7723552216008));
#2121=CARTESIAN_POINT('Ctrl Pts',(13.0519929220044,-80.5567424862465,-14.6969065192006));
#2122=CARTESIAN_POINT('Ctrl Pts',(13.0471362718189,-80.920593360909,-14.6914401438326));
#2123=CARTESIAN_POINT('Ctrl Pts',(13.0919600836216,-81.2058969688644,-14.7419099067788));
#2124=CARTESIAN_POINT('Ctrl Pts',(13.1575531964124,-81.4889164043621,-14.8157623575769));
#2125=CARTESIAN_POINT('Ctrl Pts',(13.2623757823109,-81.8039439799755,-14.9337890764999));
#2126=CARTESIAN_POINT('Ctrl Pts',(13.3968014500337,-82.1525007896272,-15.0851418808758));
#2127=CARTESIAN_POINT('Ctrl Pts',(13.5064888568311,-82.4316440035899,-15.2086423372006));
#2128=CARTESIAN_POINT('Ctrl Pts',(13.6217517443813,-82.7472719883294,-15.3384224277474));
#2129=CARTESIAN_POINT('Ctrl Pts',(13.6976346332612,-82.995043784943,-15.4238617606695));
#2130=CARTESIAN_POINT('Ctrl Pts',(13.7382818341879,-83.1832895905605,-15.4696285226772));
#2131=CARTESIAN_POINT('Ctrl Pts',(13.7485257136588,-83.2372737027075,-15.4811622597211));
#2132=CARTESIAN_POINT('Ctrl Pts',(13.768628866483,-83.3453095955677,-15.5037968791466));
#2133=CARTESIAN_POINT('Ctrl Pts',(13.8012563847986,-83.5348753940015,-15.5405341232332));
#2134=CARTESIAN_POINT('Ctrl Pts',(13.8317336247377,-83.7435198803342,-15.574849990177));
#2135=CARTESIAN_POINT('Ctrl Pts',(13.8505855844229,-83.8891238319888,-15.5960756412619));
#2136=CARTESIAN_POINT('Ctrl Pts',(13.8750060587151,-84.0896221935339,-15.6235713036522));
#2137=CARTESIAN_POINT('Ctrl Pts',(13.9206287114727,-84.5565611121463,-15.6749393151287));
#2138=CARTESIAN_POINT('Ctrl Pts',(13.9430490897561,-85.1493303528174,-15.7001825395802));
#2139=CARTESIAN_POINT('Ctrl Pts',(13.9306087681511,-85.7489105879133,-15.6861754148252));
#2140=CARTESIAN_POINT('Ctrl Pts',(13.8860377107454,-86.5040585690826,-15.6359851386945));
#2141=CARTESIAN_POINT('Ctrl Pts',(13.7423554278785,-87.577151573529,-15.4741896075007));
#2142=CARTESIAN_POINT('Ctrl Pts',(13.4766939528874,-88.6740767663988,-15.1750599383521));
#2143=CARTESIAN_POINT('Ctrl Pts',(13.2280598386168,-89.4715132414272,-14.8951068098777));
#2144=CARTESIAN_POINT('Ctrl Pts',(13.1163194573224,-89.7943370229106,-14.7692924344144));
#2145=CARTESIAN_POINT('Ctrl Pts',(13.056998599798,-89.9576296775867,-14.7025024334301));
#2146=CARTESIAN_POINT('Ctrl Pts',(5.34431525794916,-64.9438027902334,-19.1474375448146));
#2147=CARTESIAN_POINT('Ctrl Pts',(5.37947823710794,-65.2598799299412,-19.2734324267583));
#2148=CARTESIAN_POINT('Ctrl Pts',(5.44311961635232,-65.8841580958694,-19.5014442915722));
#2149=CARTESIAN_POINT('Ctrl Pts',(5.50779453565437,-66.659851719437,-19.733171366479));
#2150=CARTESIAN_POINT('Ctrl Pts',(5.57176371658967,-67.580092933798,-19.9623733700141));
#2151=CARTESIAN_POINT('Ctrl Pts',(5.61843845553007,-68.496811501751,-20.1295857341076));
#2152=CARTESIAN_POINT('Ctrl Pts',(5.64765806915797,-69.561178985246,-20.2342757693321));
#2153=CARTESIAN_POINT('Ctrl Pts',(5.65409490771007,-70.3185106163511,-20.2573399690738));
#2154=CARTESIAN_POINT('Ctrl Pts',(5.65061441825617,-70.9226086700116,-20.2448694440047));
#2155=CARTESIAN_POINT('Ctrl Pts',(5.64479903846837,-71.2994468118872,-20.2240333796337));
#2156=CARTESIAN_POINT('Ctrl Pts',(5.63806142353437,-71.6004534731116,-20.1998933905372));
#2157=CARTESIAN_POINT('Ctrl Pts',(5.63177305628007,-71.8260348308916,-20.1773625871151));
#2158=CARTESIAN_POINT('Ctrl Pts',(5.62489050279917,-72.0512490814437,-20.1527023498251));
#2159=CARTESIAN_POINT('Ctrl Pts',(5.60785489075837,-72.3531781751031,-20.0916652277726));
#2160=CARTESIAN_POINT('Ctrl Pts',(5.57516398415047,-72.7326644741569,-19.9745333753478));
#2161=CARTESIAN_POINT('Ctrl Pts',(5.50701259349367,-73.3417112227976,-19.730344561944));
#2162=CARTESIAN_POINT('Ctrl Pts',(5.42882443374827,-73.9494142077089,-19.4501991676828));
#2163=CARTESIAN_POINT('Ctrl Pts',(5.37519309320707,-74.472864613629,-19.2580331472578));
#2164=CARTESIAN_POINT('Ctrl Pts',(5.35214925805877,-74.7685922713459,-19.1754654488824));
#2165=CARTESIAN_POINT('Ctrl Pts',(5.33531529205537,-75.0617116389278,-19.11514684266));
#2166=CARTESIAN_POINT('Ctrl Pts',(5.32941799181787,-75.3504484950928,-19.0940167222173));
#2167=CARTESIAN_POINT('Ctrl Pts',(5.33692277844617,-75.5982834344833,-19.1209065885593));
#2168=CARTESIAN_POINT('Ctrl Pts',(5.34509560897667,-75.7384930631138,-19.1501913431396));
#2169=CARTESIAN_POINT('Ctrl Pts',(5.38492019646217,-76.2248139095216,-19.2928832328062));
#2170=CARTESIAN_POINT('Ctrl Pts',(5.52966340292057,-76.7736211191079,-19.8115056284692));
#2171=CARTESIAN_POINT('Ctrl Pts',(5.61783605551827,-77.3810383723742,-20.127442533512));
#2172=CARTESIAN_POINT('Ctrl Pts',(5.63526590124357,-77.6600174868083,-20.18989434798));
#2173=CARTESIAN_POINT('Ctrl Pts',(5.63774723352537,-77.9441804765119,-20.1987853347772));
#2174=CARTESIAN_POINT('Ctrl Pts',(5.60955589652617,-78.4530636067788,-20.0977718967622));
#2175=CARTESIAN_POINT('Ctrl Pts',(5.51504553947377,-79.1289255603859,-19.7591307755486));
#2176=CARTESIAN_POINT('Ctrl Pts',(5.43123629607357,-79.6965012863309,-19.4588325763246));
#2177=CARTESIAN_POINT('Ctrl Pts',(5.39535390768487,-79.9970923766321,-19.3302606944623));
#2178=CARTESIAN_POINT('Ctrl Pts',(5.37079950012287,-80.2219301993117,-19.2422784003245));
#2179=CARTESIAN_POINT('Ctrl Pts',(5.34337465659807,-80.5567424862465,-19.1440110371266));
#2180=CARTESIAN_POINT('Ctrl Pts',(5.34138910958157,-80.920593360909,-19.1368940110495));
#2181=CARTESIAN_POINT('Ctrl Pts',(5.35973600579457,-81.2058969688644,-19.2026308170075));
#2182=CARTESIAN_POINT('Ctrl Pts',(5.38658089379207,-81.4889164043621,-19.2988196435234));
#2183=CARTESIAN_POINT('Ctrl Pts',(5.42948691263207,-81.8039439799755,-19.4525504819942));
#2184=CARTESIAN_POINT('Ctrl Pts',(5.48450312182327,-82.1525007896272,-19.6496801403696));
#2185=CARTESIAN_POINT('Ctrl Pts',(5.52939589940707,-82.4316440035899,-19.8105349260119));
#2186=CARTESIAN_POINT('Ctrl Pts',(5.57657295801647,-82.7472719883294,-19.9795716465556));
#2187=CARTESIAN_POINT('Ctrl Pts',(5.60763075059337,-82.995043784943,-20.0908538520652));
#2188=CARTESIAN_POINT('Ctrl Pts',(5.62426775343197,-83.1832895905605,-20.150464555784));
#2189=CARTESIAN_POINT('Ctrl Pts',(5.62846016925807,-83.2372737027075,-20.165486583228));
#2190=CARTESIAN_POINT('Ctrl Pts',(5.63668780464127,-83.3453095955677,-20.1949671299038));
#2191=CARTESIAN_POINT('Ctrl Pts',(5.65004262433267,-83.5348753940015,-20.2428173529316));
#2192=CARTESIAN_POINT('Ctrl Pts',(5.66251701773557,-83.7435198803342,-20.2875133687264));
#2193=CARTESIAN_POINT('Ctrl Pts',(5.67023232074027,-83.8891238319888,-20.3151584796279));
#2194=CARTESIAN_POINT('Ctrl Pts',(5.68022698872587,-84.0896221935339,-20.350970408612));
#2195=CARTESIAN_POINT('Ctrl Pts',(5.69889945157117,-84.5565611121463,-20.4178754207143));
#2196=CARTESIAN_POINT('Ctrl Pts',(5.70807497901857,-85.1493303528174,-20.4507529533877));
#2197=CARTESIAN_POINT('Ctrl Pts',(5.70298320432507,-85.7489105879133,-20.4325089284353));
#2198=CARTESIAN_POINT('Ctrl Pts',(5.68473384045447,-86.5040585690826,-20.3671287441211));
#2199=CARTESIAN_POINT('Ctrl Pts',(5.62590539971137,-87.577151573529,-20.1563681809257));
#2200=CARTESIAN_POINT('Ctrl Pts',(5.51716039572827,-88.6740767663988,-19.766743713151));
#2201=CARTESIAN_POINT('Ctrl Pts',(5.41539003053394,-89.4715132414272,-19.4021031047512));
#2202=CARTESIAN_POINT('Ctrl Pts',(5.36965421491822,-89.7943370229106,-19.2382310241809));
#2203=CARTESIAN_POINT('Ctrl Pts',(5.34537680543008,-89.9576296775867,-19.1512412466089));
#2204=CARTESIAN_POINT('Ctrl Pts',(-4.37126116630107,-64.9438027902334,-19.1335460652384));
#2205=CARTESIAN_POINT('Ctrl Pts',(-4.40002136107081,-65.2598799299412,-19.2594565197156));
#2206=CARTESIAN_POINT('Ctrl Pts',(-4.45207539570389,-65.8841580958694,-19.4873027723388));
#2207=CARTESIAN_POINT('Ctrl Pts',(-4.50497429975834,-66.659851719437,-19.7188676132406));
#2208=CARTESIAN_POINT('Ctrl Pts',(-4.55729582413393,-67.580092933798,-19.9479109091067));
#2209=CARTESIAN_POINT('Ctrl Pts',(-4.59547286027453,-68.496811501751,-20.1149958453034));
#2210=CARTESIAN_POINT('Ctrl Pts',(-4.61937226048223,-69.561178985246,-20.2196113928141));
#2211=CARTESIAN_POINT('Ctrl Pts',(-4.62463702599583,-70.3185106163511,-20.2426600990205));
#2212=CARTESIAN_POINT('Ctrl Pts',(-4.62179026844074,-70.9226086700116,-20.2301982544736));
#2213=CARTESIAN_POINT('Ctrl Pts',(-4.61703374725023,-71.2994468118872,-20.2093768553596));
#2214=CARTESIAN_POINT('Ctrl Pts',(-4.61152289562083,-71.6004534731116,-20.1852540418765));
#2215=CARTESIAN_POINT('Ctrl Pts',(-4.60637951048863,-71.8260348308916,-20.1627390664292));
#2216=CARTESIAN_POINT('Ctrl Pts',(-4.60075014836303,-72.0512490814437,-20.1380959037347));
#2217=CARTESIAN_POINT('Ctrl Pts',(-4.58681635639063,-72.3531781751031,-20.0771018324989));
#2218=CARTESIAN_POINT('Ctrl Pts',(-4.56007789034953,-72.7326644741569,-19.9600510293724));
#2219=CARTESIAN_POINT('Ctrl Pts',(-4.50433573967503,-73.3417112227976,-19.7160303490355));
#2220=CARTESIAN_POINT('Ctrl Pts',(-4.44038412881933,-73.9494142077089,-19.4360805726962));
#2221=CARTESIAN_POINT('Ctrl Pts',(-4.39651828969443,-74.472864613629,-19.2440453550311));
#2222=CARTESIAN_POINT('Ctrl Pts',(-4.37767038872243,-74.7685922713459,-19.1615340959685));
#2223=CARTESIAN_POINT('Ctrl Pts',(-4.36390168597544,-75.0617116389278,-19.1012560725415));
#2224=CARTESIAN_POINT('Ctrl Pts',(-4.35907818198693,-75.3504484950928,-19.0801405565322));
#2225=CARTESIAN_POINT('Ctrl Pts',(-4.36521647306573,-75.5982834344833,-19.1070118852953));
#2226=CARTESIAN_POINT('Ctrl Pts',(-4.37190111775683,-75.7384930631138,-19.1362770784161));
#2227=CARTESIAN_POINT('Ctrl Pts',(-4.40447434710983,-76.2248139095216,-19.2788702254927));
#2228=CARTESIAN_POINT('Ctrl Pts',(-4.52286211466763,-76.7736211191079,-19.7971367328243));
#2229=CARTESIAN_POINT('Ctrl Pts',(-4.59497953841293,-77.3810383723742,-20.1128616493897));
#2230=CARTESIAN_POINT('Ctrl Pts',(-4.60923569504993,-77.6600174868083,-20.1752704972864));
#2231=CARTESIAN_POINT('Ctrl Pts',(-4.61126520633743,-77.9441804765119,-20.1841555040635));
#2232=CARTESIAN_POINT('Ctrl Pts',(-4.58820716082943,-78.4530636067788,-20.0832101865362));
#2233=CARTESIAN_POINT('Ctrl Pts',(-4.51090586364323,-79.1289255603859,-19.7447986653897));
#2234=CARTESIAN_POINT('Ctrl Pts',(-4.44235716614923,-79.6965012863309,-19.4447038922543));
#2235=CARTESIAN_POINT('Ctrl Pts',(-4.41300852791523,-79.9970923766321,-19.3162185429098));
#2236=CARTESIAN_POINT('Ctrl Pts',(-4.39292519125843,-80.2219301993117,-19.2282953467003));
#2237=CARTESIAN_POINT('Ctrl Pts',(-4.37049408537823,-80.5567424862465,-19.1300940657603));
#2238=CARTESIAN_POINT('Ctrl Pts',(-4.36887018329653,-80.920593360909,-19.1229805837034));
#2239=CARTESIAN_POINT('Ctrl Pts',(-4.38387644401413,-81.2058969688644,-19.1886717494516));
#2240=CARTESIAN_POINT('Ctrl Pts',(-4.40583321610263,-81.4889164043622,-19.2847956598209));
#2241=CARTESIAN_POINT('Ctrl Pts',(-4.44092687628592,-81.8039439799755,-19.438419201522));
#2242=CARTESIAN_POINT('Ctrl Pts',(-4.48592535818443,-82.1525007896272,-19.6354154335631));
#2243=CARTESIAN_POINT('Ctrl Pts',(-4.52264380834193,-82.4316440035899,-19.7961606496664));
#2244=CARTESIAN_POINT('Ctrl Pts',(-4.56123071874263,-82.7472719883294,-19.9650808196677));
#2245=CARTESIAN_POINT('Ctrl Pts',(-4.58663335945693,-82.995043784943,-20.0762869225646));
#2246=CARTESIAN_POINT('Ctrl Pts',(-4.60024104985373,-83.1832895905605,-20.1358564541637));
#2247=CARTESIAN_POINT('Ctrl Pts',(-4.60367007795643,-83.2372737027075,-20.1508683635112));
#2248=CARTESIAN_POINT('Ctrl Pts',(-4.61039957147303,-83.3453095955677,-20.1803289291715));
#2249=CARTESIAN_POINT('Ctrl Pts',(-4.62132272209213,-83.5348753940015,-20.2281459273108));
#2250=CARTESIAN_POINT('Ctrl Pts',(-4.63152574183423,-83.7435198803342,-20.2728110833867));
#2251=CARTESIAN_POINT('Ctrl Pts',(-4.63783617945303,-83.8891238319888,-20.3004376101271));
#2252=CARTESIAN_POINT('Ctrl Pts',(-4.64601095647753,-84.0896221935339,-20.3362252198605));
#2253=CARTESIAN_POINT('Ctrl Pts',(-4.66128343593773,-84.5565611121463,-20.4030846231902));
#2254=CARTESIAN_POINT('Ctrl Pts',(-4.66878819983583,-85.1493303528174,-20.4359401602246));
#2255=CARTESIAN_POINT('Ctrl Pts',(-4.66462355375343,-85.7489105879133,-20.4177086878793));
#2256=CARTESIAN_POINT('Ctrl Pts',(-4.64969677989733,-86.5040585690826,-20.3523774401264));
#2257=CARTESIAN_POINT('Ctrl Pts',(-4.60157907229453,-87.577151573529,-20.141773764522));
#2258=CARTESIAN_POINT('Ctrl Pts',(-4.51263422592943,-88.6740767663988,-19.7524238404167));
#2259=CARTESIAN_POINT('Ctrl Pts',(-4.42939431275408,-89.4715132414272,-19.388037350452));
#2260=CARTESIAN_POINT('Ctrl Pts',(-4.39198619421324,-89.7943370229106,-19.2242785690966));
#2261=CARTESIAN_POINT('Ctrl Pts',(-4.37212941795504,-89.9576296775868,-19.1373472173427));
#2262=CARTESIAN_POINT('Ctrl Pts',(-12.2374940733805,-64.9438027902344,-15.3497587457975));
#2263=CARTESIAN_POINT('Ctrl Pts',(-12.3180296263098,-65.2598799299412,-15.4507755548439));
#2264=CARTESIAN_POINT('Ctrl Pts',(-12.46375611015,-65.8841580958694,-15.6335635171995));
#2265=CARTESIAN_POINT('Ctrl Pts',(-12.6118655902168,-66.659851719437,-15.8193399054264));
#2266=CARTESIAN_POINT('Ctrl Pts',(-12.7583636296895,-67.580092933798,-16.0030948555234));
#2267=CARTESIAN_POINT('Ctrl Pts',(-12.8652236614667,-68.496811501751,-16.137132373557));
#2268=CARTESIAN_POINT('Ctrl Pts',(-12.9321351266709,-69.561178985246,-16.2210607509954));
#2269=CARTESIAN_POINT('Ctrl Pts',(-12.9468776402519,-70.3185106163512,-16.2395524846611));
#2270=CARTESIAN_POINT('Ctrl Pts',(-12.9389069733433,-70.9226086700116,-16.229554738724));
#2271=CARTESIAN_POINT('Ctrl Pts',(-12.9255896113453,-71.2994468118873,-16.2128505238081));
#2272=CARTESIAN_POINT('Ctrl Pts',(-12.9101608070573,-71.6004534731116,-16.1934978687041));
#2273=CARTESIAN_POINT('Ctrl Pts',(-12.8957602109841,-71.8260348308916,-16.1754349362023));
#2274=CARTESIAN_POINT('Ctrl Pts',(-12.8799982338042,-72.0512490814437,-16.1556644237428));
#2275=CARTESIAN_POINT('Ctrl Pts',(-12.8409865093636,-72.3531781751031,-16.1067312827709));
#2276=CARTESIAN_POINT('Ctrl Pts',(-12.7661197768347,-72.7326644741569,-16.0128246892172));
#2277=CARTESIAN_POINT('Ctrl Pts',(-12.610041346107,-73.3417112227977,-15.8170529905444));
#2278=CARTESIAN_POINT('Ctrl Pts',(-12.4309843407298,-73.949414207709,-15.5924586163559));
#2279=CARTESIAN_POINT('Ctrl Pts',(-12.3081552527054,-74.472864613629,-15.4383922596286));
#2280=CARTESIAN_POINT('Ctrl Pts',(-12.2553797883194,-74.768592271346,-15.3721951834702));
#2281=CARTESIAN_POINT('Ctrl Pts',(-12.2168245456444,-75.0617116389278,-15.323834816006));
#2282=CARTESIAN_POINT('Ctrl Pts',(-12.2033188615399,-75.3504484950929,-15.3068944124534));
#2283=CARTESIAN_POINT('Ctrl Pts',(-12.2205060546085,-75.5982834344833,-15.3284525888845));
#2284=CARTESIAN_POINT('Ctrl Pts',(-12.2392248693549,-75.7384930631138,-15.3519318394574));
#2285=CARTESIAN_POINT('Ctrl Pts',(-12.3304287063759,-76.2248139095216,-15.4663303368685));
#2286=CARTESIAN_POINT('Ctrl Pts',(-12.6619188394181,-76.7736211191079,-15.8821236467762));
#2287=CARTESIAN_POINT('Ctrl Pts',(-12.8638643690062,-77.3810383723742,-16.1354266239544));
#2288=CARTESIAN_POINT('Ctrl Pts',(-12.9037818110362,-77.6600174868084,-16.185495713313));
#2289=CARTESIAN_POINT('Ctrl Pts',(-12.9094648719708,-77.9441804765119,-16.1926240540672));
#2290=CARTESIAN_POINT('Ctrl Pts',(-12.8448979916054,-78.4530636067788,-16.1116369180997));
#2291=CARTESIAN_POINT('Ctrl Pts',(-12.6284433640026,-79.1289255603859,-15.8401347431212));
#2292=CARTESIAN_POINT('Ctrl Pts',(-12.436496742085,-79.6965012863309,-15.5993733327644));
#2293=CARTESIAN_POINT('Ctrl Pts',(-12.3543145099725,-79.9970923766321,-15.4962910337076));
#2294=CARTESIAN_POINT('Ctrl Pts',(-12.298076689636,-80.2219301993117,-15.4257511774814));
#2295=CARTESIAN_POINT('Ctrl Pts',(-12.2352648137153,-80.5567424862465,-15.3469653869821));
#2296=CARTESIAN_POINT('Ctrl Pts',(-12.2307139105478,-80.920593360909,-15.3412572537627));
#2297=CARTESIAN_POINT('Ctrl Pts',(-12.2727304455372,-81.2058969688644,-15.3939593113083));
#2298=CARTESIAN_POINT('Ctrl Pts',(-12.3342134084757,-81.4889164043622,-15.4710782517758));
#2299=CARTESIAN_POINT('Ctrl Pts',(-12.4324716827204,-81.8039439799755,-15.5943253409748));
#2300=CARTESIAN_POINT('Ctrl Pts',(-12.5584745004343,-82.1525007896272,-15.7523724772504));
#2301=CARTESIAN_POINT('Ctrl Pts',(-12.6612898946076,-82.4316440035899,-15.8813353674452));
#2302=CARTESIAN_POINT('Ctrl Pts',(-12.7693330516984,-82.7472719883294,-16.0168556624587));
#2303=CARTESIAN_POINT('Ctrl Pts',(-12.8404621503318,-82.995043784943,-16.106073987767));
#2304=CARTESIAN_POINT('Ctrl Pts',(-12.8785634092039,-83.1832895905605,-16.1538650257128));
#2305=CARTESIAN_POINT('Ctrl Pts',(-12.8881653712404,-83.2372737027075,-16.1659088989739));
#2306=CARTESIAN_POINT('Ctrl Pts',(-12.907008930523,-83.3453095955677,-16.1895446476465));
#2307=CARTESIAN_POINT('Ctrl Pts',(-12.9375930189098,-83.5348753940015,-16.2279067924503));
#2308=CARTESIAN_POINT('Ctrl Pts',(-12.9661613009417,-83.7435198803342,-16.263740459055));
#2309=CARTESIAN_POINT('Ctrl Pts',(-12.9838318897444,-83.8891238319888,-16.2859049183338));
#2310=CARTESIAN_POINT('Ctrl Pts',(-13.0067223153046,-84.0896221935339,-16.3146167146405));
#2311=CARTESIAN_POINT('Ctrl Pts',(-13.0494867083051,-84.5565611121463,-16.3682567374239));
#2312=CARTESIAN_POINT('Ctrl Pts',(-13.0705019785698,-85.1493303528174,-16.3946164652429));
#2313=CARTESIAN_POINT('Ctrl Pts',(-13.0588409124417,-85.7489105879133,-16.3799898024222));
#2314=CARTESIAN_POINT('Ctrl Pts',(-13.0170572966067,-86.5040585690826,-16.327579538269));
#2315=CARTESIAN_POINT('Ctrl Pts',(-12.8823617773117,-87.577151573529,-16.158627571756));
#2316=CARTESIAN_POINT('Ctrl Pts',(-12.6333338946146,-88.6740767663988,-15.8462672338459));
#2317=CARTESIAN_POINT('Ctrl Pts',(-12.4002704439247,-89.4715132414272,-15.5539316694362));
#2318=CARTESIAN_POINT('Ctrl Pts',(-12.2955288035866,-89.7943370229106,-15.4225524892083));
#2319=CARTESIAN_POINT('Ctrl Pts',(-12.2399253869901,-89.9576296775868,-15.3528083746998));
#2320=CARTESIAN_POINT('Ctrl Pts',(-17.6869501299201,-64.9438027902334,-8.515829566323));
#2321=CARTESIAN_POINT('Ctrl Pts',(-17.8033364847006,-65.2598799299412,-8.57186202432128));
#2322=CARTESIAN_POINT('Ctrl Pts',(-18.0139564966888,-65.8841580958694,-8.6732704845645));
#2323=CARTESIAN_POINT('Ctrl Pts',(-18.2280099400762,-66.659851719437,-8.77632797151559));
#2324=CARTESIAN_POINT('Ctrl Pts',(-18.4397313610758,-67.580092933798,-8.87826150747496));
#2325=CARTESIAN_POINT('Ctrl Pts',(-18.5941878438276,-68.496811501751,-8.95263260207918));
#2326=CARTESIAN_POINT('Ctrl Pts',(-18.6908929422205,-69.561178985246,-8.99919273255321));
#2327=CARTESIAN_POINT('Ctrl Pts',(-18.7121982271015,-70.3185106163511,-9.0094498670672));
#2328=CARTESIAN_POINT('Ctrl Pts',(-18.7006788053799,-70.9226086700116,-9.00390379685481));
#2329=CARTESIAN_POINT('Ctrl Pts',(-18.6814319108436,-71.2994468118872,-8.99463719619695));
#2330=CARTESIAN_POINT('Ctrl Pts',(-18.6591331312103,-71.6004534731116,-8.98390111200063));
#2331=CARTESIAN_POINT('Ctrl Pts',(-18.6383207476888,-71.8260348308916,-8.97388081201636));
#2332=CARTESIAN_POINT('Ctrl Pts',(-18.6155412760293,-72.0512490814437,-8.96291360834309));
#2333=CARTESIAN_POINT('Ctrl Pts',(-18.5591594885236,-72.3531781751031,-8.93576799899723));
#2334=CARTESIAN_POINT('Ctrl Pts',(-18.4509609330885,-72.7326644741569,-8.88367571106197));
#2335=CARTESIAN_POINT('Ctrl Pts',(-18.2253954522934,-73.3417112227977,-8.77507757606417));
#2336=CARTESIAN_POINT('Ctrl Pts',(-17.9666163789218,-73.9494142077089,-8.6504869760601));
#2337=CARTESIAN_POINT('Ctrl Pts',(-17.7891057161796,-74.472864613629,-8.56502577152345));
#2338=CARTESIAN_POINT('Ctrl Pts',(-17.7128350269654,-74.7685922713459,-8.52830564875622));
#2339=CARTESIAN_POINT('Ctrl Pts',(-17.6571164363309,-75.0617116389278,-8.50148066189196));
#2340=CARTESIAN_POINT('Ctrl Pts',(-17.6375978427824,-75.3504484950928,-8.49208342930013));
#2341=CARTESIAN_POINT('Ctrl Pts',(-17.6624369173895,-75.5982834344833,-8.50404217690527));
#2342=CARTESIAN_POINT('Ctrl Pts',(-17.689488396304,-75.7384930631138,-8.51706566248392));
#2343=CARTESIAN_POINT('Ctrl Pts',(-17.8212975993259,-76.2248139095216,-8.58052532182367));
#2344=CARTESIAN_POINT('Ctrl Pts',(-18.3003669958926,-76.7736211191079,-8.81117169716009));
#2345=CARTESIAN_POINT('Ctrl Pts',(-18.5922100829369,-77.3810383723742,-8.95167534759191));
#2346=CARTESIAN_POINT('Ctrl Pts',(-18.6498989489392,-77.6600174868083,-8.97944953584021));
#2347=CARTESIAN_POINT('Ctrl Pts',(-18.6581118920914,-77.9441804765119,-8.98340354864705));
#2348=CARTESIAN_POINT('Ctrl Pts',(-18.5648019792615,-78.4530636067788,-8.93848060504215));
#2349=CARTESIAN_POINT('Ctrl Pts',(-18.2519867604757,-79.1289255603859,-8.78787862459917));
#2350=CARTESIAN_POINT('Ctrl Pts',(-17.9745902576678,-79.6965012863309,-8.65432877513899));
#2351=CARTESIAN_POINT('Ctrl Pts',(-17.8558235279807,-79.9970923766321,-8.59715006704797));
#2352=CARTESIAN_POINT('Ctrl Pts',(-17.7745509110598,-80.2219301993117,-8.55802249376529));
#2353=CARTESIAN_POINT('Ctrl Pts',(-17.6837776016856,-80.5567424862465,-8.51432089297351));
#2354=CARTESIAN_POINT('Ctrl Pts',(-17.6772030057618,-80.920593360909,-8.51115647681098));
#2355=CARTESIAN_POINT('Ctrl Pts',(-17.7379262210779,-81.2058969688644,-8.54039182463139));
#2356=CARTESIAN_POINT('Ctrl Pts',(-17.8267794457759,-81.4889164043622,-8.58316918205874));
#2357=CARTESIAN_POINT('Ctrl Pts',(-17.9687854483246,-81.8039439799755,-8.65153871537918));
#2358=CARTESIAN_POINT('Ctrl Pts',(-18.1508814010979,-82.1525007896272,-8.73920696619797));
#2359=CARTESIAN_POINT('Ctrl Pts',(-18.2994687294269,-82.4316440035899,-8.81074329739196));
#2360=CARTESIAN_POINT('Ctrl Pts',(-18.4556136328054,-82.7472719883294,-8.88591911725162));
#2361=CARTESIAN_POINT('Ctrl Pts',(-18.5584089136055,-82.995043784943,-8.93540938917887));
#2362=CARTESIAN_POINT('Ctrl Pts',(-18.6134733066721,-83.1832895905605,-8.96192013800139));
#2363=CARTESIAN_POINT('Ctrl Pts',(-18.6273497218013,-83.2372737027075,-8.96860076412463));
#2364=CARTESIAN_POINT('Ctrl Pts',(-18.6545819853937,-83.3453095955677,-8.98171147974003));
#2365=CARTESIAN_POINT('Ctrl Pts',(-18.6987827843179,-83.5348753940015,-9.00299206988039));
#2366=CARTESIAN_POINT('Ctrl Pts',(-18.7400699861599,-83.7435198803342,-9.02286978334374));
#2367=CARTESIAN_POINT('Ctrl Pts',(-18.7656068306457,-83.8891238319888,-9.03516415265139));
#2368=CARTESIAN_POINT('Ctrl Pts',(-18.7986876121837,-84.0896221935339,-9.051090613517));
#2369=CARTESIAN_POINT('Ctrl Pts',(-18.8604901595753,-84.5565611121463,-9.08084504178449));
#2370=CARTESIAN_POINT('Ctrl Pts',(-18.8908604197899,-85.1493303528174,-9.09546632261281));
#2371=CARTESIAN_POINT('Ctrl Pts',(-18.8740077933831,-85.7489105879133,-9.08735265906324));
#2372=CARTESIAN_POINT('Ctrl Pts',(-18.8136149358993,-86.5040585690826,-9.05827397887414));
#2373=CARTESIAN_POINT('Ctrl Pts',(-18.6189313676375,-87.577151573529,-8.96453597224362));
#2374=CARTESIAN_POINT('Ctrl Pts',(-18.2590236998242,-88.6740767663988,-8.79125478948917));
#2375=CARTESIAN_POINT('Ctrl Pts',(-17.922193619253,-89.4715132414272,-8.62908644173054));
#2376=CARTESIAN_POINT('Ctrl Pts',(-17.770819549195,-89.7943370229106,-8.55620732685518));
#2377=CARTESIAN_POINT('Ctrl Pts',(-17.6904637564294,-89.9576296775868,-8.51752114949137));
#2378=CARTESIAN_POINT('Ctrl Pts',(-18.981505311842,-64.9438027902334,-2.83962628875257));
#2379=CARTESIAN_POINT('Ctrl Pts',(-19.1064301993788,-65.2598799299412,-2.85831929914183));
#2380=CARTESIAN_POINT('Ctrl Pts',(-19.332465513322,-65.8841580958694,-2.89213398341035));
#2381=CARTESIAN_POINT('Ctrl Pts',(-19.5622028753712,-66.659851719437,-2.92650622692335));
#2382=CARTESIAN_POINT('Ctrl Pts',(-19.7894423584959,-67.580092933798,-2.96050583041706));
#2383=CARTESIAN_POINT('Ctrl Pts',(-19.9551864909264,-68.496811501751,-2.98529733253472));
#2384=CARTESIAN_POINT('Ctrl Pts',(-20.0589738705001,-69.561178985246,-3.00082478746825));
#2385=CARTESIAN_POINT('Ctrl Pts',(-20.0818420799205,-70.3185106163511,-3.0042466253909));
#2386=CARTESIAN_POINT('Ctrl Pts',(-20.0694784750837,-70.9226086700116,-3.00239680905467));
#2387=CARTESIAN_POINT('Ctrl Pts',(-20.048821562222,-71.2994468118872,-2.9993062649209));
#2388=CARTESIAN_POINT('Ctrl Pts',(-20.0248897117909,-71.6004534731116,-2.99572586101295));
#2389=CARTESIAN_POINT('Ctrl Pts',(-20.0025525371358,-71.8260348308916,-2.99238390924552));
#2390=CARTESIAN_POINT('Ctrl Pts',(-19.9781034475438,-72.0512490814437,-2.98872583237833));
#2391=CARTESIAN_POINT('Ctrl Pts',(-19.9175914149826,-72.3531781751031,-2.9796724970662));
#2392=CARTESIAN_POINT('Ctrl Pts',(-19.8014623143361,-72.7326644741569,-2.96229720962552));
#2393=CARTESIAN_POINT('Ctrl Pts',(-19.5593613609651,-73.3417112227977,-2.92607344560162));
#2394=CARTESIAN_POINT('Ctrl Pts',(-19.2816198097418,-73.9494142077089,-2.88451872083642));
#2395=CARTESIAN_POINT('Ctrl Pts',(-19.0910921103731,-74.472864613629,-2.85601055032014));
#2396=CARTESIAN_POINT('Ctrl Pts',(-19.0092290912964,-74.7685922713459,-2.84376174292947));
#2397=CARTESIAN_POINT('Ctrl Pts',(-18.9494232469556,-75.0617116389278,-2.83481285621201));
#2398=CARTESIAN_POINT('Ctrl Pts',(-18.9284739671183,-75.3504484950928,-2.83167840552321));
#2399=CARTESIAN_POINT('Ctrl Pts',(-18.9551338482836,-75.5982834344833,-2.83566731106631));
#2400=CARTESIAN_POINT('Ctrl Pts',(-18.9841700999268,-75.7384930631138,-2.84001215951633));
#2401=CARTESIAN_POINT('Ctrl Pts',(-19.1256403993213,-76.2248139095216,-2.86117900400061));
#2402=CARTESIAN_POINT('Ctrl Pts',(-19.639832244873,-76.7736211191079,-2.93811444262933));
#2403=CARTESIAN_POINT('Ctrl Pts',(-19.9530852104519,-77.3810383723742,-2.98498756206859));
#2404=CARTESIAN_POINT('Ctrl Pts',(-20.0150031562203,-77.6600174868083,-2.99425190431501));
#2405=CARTESIAN_POINT('Ctrl Pts',(-20.0238185676655,-77.9441804765119,-2.99557097587271));
#2406=CARTESIAN_POINT('Ctrl Pts',(-19.9236643287435,-78.4530636067788,-2.98058476269104));
#2407=CARTESIAN_POINT('Ctrl Pts',(-19.5879074739952,-79.1289255603859,-2.93034577031572));
#2408=CARTESIAN_POINT('Ctrl Pts',(-19.290166412064,-79.6965012863309,-2.88579493739077));
#2409=CARTESIAN_POINT('Ctrl Pts',(-19.1626875948009,-79.9970923766321,-2.86672000479583));
#2410=CARTESIAN_POINT('Ctrl Pts',(-19.0754529239255,-80.2219301993117,-2.85366681961871));
#2411=CARTESIAN_POINT('Ctrl Pts',(-18.9780208182532,-80.5567424862465,-2.8390878083292));
#2412=CARTESIAN_POINT('Ctrl Pts',(-18.9709603934849,-80.920593360909,-2.83803057571016));
#2413=CARTESIAN_POINT('Ctrl Pts',(-19.0361339529018,-81.2058969688644,-2.84778177804386));
#2414=CARTESIAN_POINT('Ctrl Pts',(-19.1315044631583,-81.4889164043622,-2.86205216521923));
#2415=CARTESIAN_POINT('Ctrl Pts',(-19.2839163382278,-81.8039439799755,-2.88485553010845));
#2416=CARTESIAN_POINT('Ctrl Pts',(-19.4793677240852,-82.1525007896272,-2.914100883355));
#2417=CARTESIAN_POINT('Ctrl Pts',(-19.6388508847811,-82.4316440035899,-2.93796389032976));
#2418=CARTESIAN_POINT('Ctrl Pts',(-19.8064418005358,-82.7472719883294,-2.9630391720154));
#2419=CARTESIAN_POINT('Ctrl Pts',(-19.9167741498777,-82.995043784943,-2.979547699647));
#2420=CARTESIAN_POINT('Ctrl Pts',(-19.9758747699861,-83.1832895905605,-2.98839040697867));
#2421=CARTESIAN_POINT('Ctrl Pts',(-19.9907690618175,-83.2372737027075,-2.99061906742542));
#2422=CARTESIAN_POINT('Ctrl Pts',(-20.0199985391247,-83.3453095955677,-2.99499265174472));
#2423=CARTESIAN_POINT('Ctrl Pts',(-20.0674387618337,-83.5348753940015,-3.00209060819049));
#2424=CARTESIAN_POINT('Ctrl Pts',(-20.1117523524123,-83.7435198803342,-3.00872086881958));
#2425=CARTESIAN_POINT('Ctrl Pts',(-20.1391625043543,-83.8891238319888,-3.01282232284011));
#2426=CARTESIAN_POINT('Ctrl Pts',(-20.17466929577,-84.0896221935339,-3.01813514796205));
#2427=CARTESIAN_POINT('Ctrl Pts',(-20.2410036922557,-84.5565611121463,-3.02806055151408));
#2428=CARTESIAN_POINT('Ctrl Pts',(-20.2736021271131,-85.1493303528174,-3.03293840726287));
#2429=CARTESIAN_POINT('Ctrl Pts',(-20.2555140635254,-85.7489105879133,-3.03023201933015));
#2430=CARTESIAN_POINT('Ctrl Pts',(-20.1907051766189,-86.5040585690826,-3.02053755762977));
#2431=CARTESIAN_POINT('Ctrl Pts',(-19.9817835454688,-87.577151573529,-2.98928540503123));
#2432=CARTESIAN_POINT('Ctrl Pts',(-19.5955100981209,-88.6740767663988,-2.93149403981911));
#2433=CARTESIAN_POINT('Ctrl Pts',(-19.2339967930867,-89.4715132414272,-2.87740536914009));
#2434=CARTESIAN_POINT('Ctrl Pts',(-19.0715273136342,-89.7943370229106,-2.85309655718392));
#2435=CARTESIAN_POINT('Ctrl Pts',(-18.9852767084551,-89.9576296775868,-2.84019061736485));
#2436=CARTESIAN_POINT('Ctrl Pts',(-18.9815063320432,-64.9438027902334,1.3239409568655E-13));
#2437=CARTESIAN_POINT('Ctrl Pts',(-19.1064147387018,-65.2598799299412,1.32428790156069E-13));
#2438=CARTESIAN_POINT('Ctrl Pts',(-19.3324505121046,-65.8841580958694,1.32463484625589E-13));
#2439=CARTESIAN_POINT('Ctrl Pts',(-19.5621739912323,-66.659851719437,1.32532873564628E-13));
#2440=CARTESIAN_POINT('Ctrl Pts',(-19.7893955900336,-67.580092933798,1.32567568034148E-13));
#2441=CARTESIAN_POINT('Ctrl Pts',(-19.9551541722705,-68.496811501751,1.32636956973187E-13));
#2442=CARTESIAN_POINT('Ctrl Pts',(-20.0589380979087,-69.561178985246,1.32636956973187E-13));
#2443=CARTESIAN_POINT('Ctrl Pts',(-20.081803381375,-70.3185106163511,1.32636956973187E-13));
#2444=CARTESIAN_POINT('Ctrl Pts',(-20.0694406421866,-70.9226086700116,1.32636956973187E-13));
#2445=CARTESIAN_POINT('Ctrl Pts',(-20.0487847940006,-71.2994468118872,1.32636956973187E-13));
#2446=CARTESIAN_POINT('Ctrl Pts',(-20.0248537403805,-71.6004534731116,1.32636956973187E-13));
#2447=CARTESIAN_POINT('Ctrl Pts',(-20.0025177880967,-71.8260348308916,1.32636956973187E-13));
#2448=CARTESIAN_POINT('Ctrl Pts',(-19.9780706251544,-72.0512490814437,1.32636956973187E-13));
#2449=CARTESIAN_POINT('Ctrl Pts',(-19.9175614978699,-72.3531781751031,1.32602262503667E-13));
#2450=CARTESIAN_POINT('Ctrl Pts',(-19.8014416714391,-72.7326644741569,1.32602262503667E-13));
#2451=CARTESIAN_POINT('Ctrl Pts',(-19.5593620199278,-73.3417112227977,1.32532873564628E-13));
#2452=CARTESIAN_POINT('Ctrl Pts',(-19.2816384665298,-73.9494142077089,1.32463484625589E-13));
#2453=CARTESIAN_POINT('Ctrl Pts',(-19.0911310982366,-74.472864613629,1.32428790156069E-13));
#2454=CARTESIAN_POINT('Ctrl Pts',(-19.0092762539846,-74.7685922713459,1.3239409568655E-13));
#2455=CARTESIAN_POINT('Ctrl Pts',(-18.949477912127,-75.0617116389278,1.3239409568655E-13));
#2456=CARTESIAN_POINT('Ctrl Pts',(-18.928530344375,-75.3504484950928,1.3239409568655E-13));
#2457=CARTESIAN_POINT('Ctrl Pts',(-18.9551879338922,-75.5982834344833,1.3239409568655E-13));
#2458=CARTESIAN_POINT('Ctrl Pts',(-18.9842202088383,-75.7384930631138,1.3239409568655E-13));
#2459=CARTESIAN_POINT('Ctrl Pts',(-19.1256792268672,-76.2248139095216,1.32428790156069E-13));
#2460=CARTESIAN_POINT('Ctrl Pts',(-19.6398229907406,-76.7736211191079,1.32567568034148E-13));
#2461=CARTESIAN_POINT('Ctrl Pts',(-19.9530352992081,-77.3810383723742,1.32636956973187E-13));
#2462=CARTESIAN_POINT('Ctrl Pts',(-20.0149477171097,-77.6600174868083,1.32636956973187E-13));
#2463=CARTESIAN_POINT('Ctrl Pts',(-20.0237620181983,-77.9441804765119,1.32636956973187E-13));
#2464=CARTESIAN_POINT('Ctrl Pts',(-19.9236199705091,-78.4530636067788,1.32602262503667E-13));
#2465=CARTESIAN_POINT('Ctrl Pts',(-19.5879010803751,-79.1289255603859,1.32532873564628E-13));
#2466=CARTESIAN_POINT('Ctrl Pts',(-19.29019410322,-79.6965012863309,1.32463484625589E-13));
#2467=CARTESIAN_POINT('Ctrl Pts',(-19.1627312107227,-79.9970923766321,1.32428790156069E-13));
#2468=CARTESIAN_POINT('Ctrl Pts',(-19.0755077126931,-80.2219301993117,1.32428790156069E-13));
#2469=CARTESIAN_POINT('Ctrl Pts',(-18.9780879069109,-80.5567424862465,1.3239409568655E-13));
#2470=CARTESIAN_POINT('Ctrl Pts',(-18.9710313059026,-80.920593360909,1.3239409568655E-13));
#2471=CARTESIAN_POINT('Ctrl Pts',(-19.0362000233397,-81.2058969688644,1.32428790156069E-13));
#2472=CARTESIAN_POINT('Ctrl Pts',(-19.1315590409092,-81.4889164043622,1.32428790156069E-13));
#2473=CARTESIAN_POINT('Ctrl Pts',(-19.2839609231824,-81.8039439799755,1.31422650540003E-13));
#2474=CARTESIAN_POINT('Ctrl Pts',(-19.4793896697743,-82.1525007896272,1.31457345009522E-13));
#2475=CARTESIAN_POINT('Ctrl Pts',(-19.6388560000322,-82.4316440035899,1.31526733948562E-13));
#2476=CARTESIAN_POINT('Ctrl Pts',(-19.8064325535331,-82.7472719883294,1.31561428418081E-13));
#2477=CARTESIAN_POINT('Ctrl Pts',(-19.9167539687929,-82.995043784943,1.31561428418081E-13));
#2478=CARTESIAN_POINT('Ctrl Pts',(-19.9758496908676,-83.1832895905605,1.31596122887601E-13));
#2479=CARTESIAN_POINT('Ctrl Pts',(-19.9907421406176,-83.2372737027075,1.31596122887601E-13));
#2480=CARTESIAN_POINT('Ctrl Pts',(-20.0199682965675,-83.3453095955677,1.31596122887601E-13));
#2481=CARTESIAN_POINT('Ctrl Pts',(-20.067405002092,-83.5348753940015,1.31596122887601E-13));
#2482=CARTESIAN_POINT('Ctrl Pts',(-20.1117148939808,-83.7435198803342,1.30659372210573E-13));
#2483=CARTESIAN_POINT('Ctrl Pts',(-20.1391215703949,-83.8891238319888,1.3163081735712E-13));
#2484=CARTESIAN_POINT('Ctrl Pts',(-20.1746244381731,-84.0896221935339,1.3163081735712E-13));
#2485=CARTESIAN_POINT('Ctrl Pts',(-20.2409519170736,-84.5565611121463,1.3163081735712E-13));
#2486=CARTESIAN_POINT('Ctrl Pts',(-20.2735459683463,-85.1493303528174,1.3166551182664E-13));
#2487=CARTESIAN_POINT('Ctrl Pts',(-20.255459517726,-85.7489105879133,1.3163081735712E-13));
#2488=CARTESIAN_POINT('Ctrl Pts',(-20.190647077591,-86.5040585690826,1.3163081735712E-13));
#2489=CARTESIAN_POINT('Ctrl Pts',(-19.9817160350083,-87.577151573529,1.32636956973187E-13));
#2490=CARTESIAN_POINT('Ctrl Pts',(-19.595461763691,-88.6740767663988,1.32532873564628E-13));
#2491=CARTESIAN_POINT('Ctrl Pts',(-19.2339730660524,-89.4715132414272,1.32428790156069E-13));
#2492=CARTESIAN_POINT('Ctrl Pts',(-19.0715167787295,-89.7943370229106,1.32428790156069E-13));
#2493=CARTESIAN_POINT('Ctrl Pts',(-18.9852772331899,-89.9576296775868,1.3239409568655E-13));
#2494=CARTESIAN_POINT('',(-18.989391658901,-64.963791619665,1.34406374918683E-13));
#2495=CARTESIAN_POINT('Origin',(2.70702169358658E-13,-64.963791619665,-9.18362608182122E-14));
#2496=CARTESIAN_POINT('',(-18.989391658901,-89.9498332761145,1.34406374918683E-13));
#2497=CARTESIAN_POINT('Ctrl Pts',(-18.9893916589011,-64.963791619665,1.37391211081358E-13));
#2498=CARTESIAN_POINT('Ctrl Pts',(-19.1112258042791,-65.2731802473662,1.37425537702471E-13));
#2499=CARTESIAN_POINT('Ctrl Pts',(-19.3344124461283,-65.890782841924,1.37494331893122E-13));
#2500=CARTESIAN_POINT('Ctrl Pts',(-19.5621739912323,-66.659851719437,1.37528877175441E-13));
#2501=CARTESIAN_POINT('Ctrl Pts',(-19.7893955900336,-67.580092933798,1.37563571644961E-13));
#2502=CARTESIAN_POINT('Ctrl Pts',(-19.9551541722705,-68.496811501751,1.37632960584E-13));
#2503=CARTESIAN_POINT('Ctrl Pts',(-20.0589380979087,-69.561178985246,1.37632960584E-13));
#2504=CARTESIAN_POINT('Ctrl Pts',(-20.081803381375,-70.3185106163511,1.37632960584E-13));
#2505=CARTESIAN_POINT('Ctrl Pts',(-20.0694406421866,-70.9226086700116,1.37632960584E-13));
#2506=CARTESIAN_POINT('Ctrl Pts',(-20.0487847940006,-71.2994468118872,1.36626820967933E-13));
#2507=CARTESIAN_POINT('Ctrl Pts',(-20.0248537403805,-71.6004534731116,1.37632960584E-13));
#2508=CARTESIAN_POINT('Ctrl Pts',(-20.0025177880967,-71.8260348308916,1.36626820967933E-13));
#2509=CARTESIAN_POINT('Ctrl Pts',(-19.9780706251544,-72.0512490814437,1.36626820967933E-13));
#2510=CARTESIAN_POINT('Ctrl Pts',(-19.9175614978699,-72.3531781751031,1.3759826611448E-13));
#2511=CARTESIAN_POINT('Ctrl Pts',(-19.8014416714391,-72.7326644741569,1.3759826611448E-13));
#2512=CARTESIAN_POINT('Ctrl Pts',(-19.5593620199278,-73.3417112227977,1.37528877175441E-13));
#2513=CARTESIAN_POINT('Ctrl Pts',(-19.2816384665298,-73.9494142077089,1.37459488236402E-13));
#2514=CARTESIAN_POINT('Ctrl Pts',(-19.0911310982366,-74.472864613629,1.37424793766883E-13));
#2515=CARTESIAN_POINT('Ctrl Pts',(-19.0092762539846,-74.7685922713459,1.36383959681297E-13));
#2516=CARTESIAN_POINT('Ctrl Pts',(-18.949477912127,-75.0617116389278,1.37390099297363E-13));
#2517=CARTESIAN_POINT('Ctrl Pts',(-18.928530344375,-75.3504484950928,1.36383959681297E-13));
#2518=CARTESIAN_POINT('Ctrl Pts',(-18.9551879338922,-75.5982834344833,1.36383959681297E-13));
#2519=CARTESIAN_POINT('Ctrl Pts',(-18.9842202088383,-75.7384930631138,1.36383959681297E-13));
#2520=CARTESIAN_POINT('Ctrl Pts',(-19.1256792268672,-76.2248139095216,1.36418654150816E-13));
#2521=CARTESIAN_POINT('Ctrl Pts',(-19.6398229907406,-76.7736211191079,1.37563571644961E-13));
#2522=CARTESIAN_POINT('Ctrl Pts',(-19.9530352992081,-77.3810383723742,1.37632960584E-13));
#2523=CARTESIAN_POINT('Ctrl Pts',(-20.0149477171097,-77.6600174868083,1.37632960584E-13));
#2524=CARTESIAN_POINT('Ctrl Pts',(-20.0237620181983,-77.9441804765119,1.37632960584E-13));
#2525=CARTESIAN_POINT('Ctrl Pts',(-19.9236199705091,-78.4530636067788,1.3759826611448E-13));
#2526=CARTESIAN_POINT('Ctrl Pts',(-19.5879010803751,-79.1289255603859,1.37528877175441E-13));
#2527=CARTESIAN_POINT('Ctrl Pts',(-19.29019410322,-79.6965012863309,1.37459488236402E-13));
#2528=CARTESIAN_POINT('Ctrl Pts',(-19.1627312107227,-79.9970923766321,1.37424793766883E-13));
#2529=CARTESIAN_POINT('Ctrl Pts',(-19.0755077126931,-80.2219301993117,1.37424793766883E-13));
#2530=CARTESIAN_POINT('Ctrl Pts',(-18.9780879069109,-80.5567424862465,1.36383959681297E-13));
#2531=CARTESIAN_POINT('Ctrl Pts',(-18.9710313059026,-80.920593360909,1.36383959681297E-13));
#2532=CARTESIAN_POINT('Ctrl Pts',(-19.0362000233397,-81.2058969688644,1.36418654150816E-13));
#2533=CARTESIAN_POINT('Ctrl Pts',(-19.1315590409092,-81.4889164043622,1.36418654150816E-13));
#2534=CARTESIAN_POINT('Ctrl Pts',(-19.2839609231824,-81.8039439799755,1.36453348620336E-13));
#2535=CARTESIAN_POINT('Ctrl Pts',(-19.4793896697743,-82.1525007896272,1.36488043089855E-13));
#2536=CARTESIAN_POINT('Ctrl Pts',(-19.6388560000322,-82.4316440035899,1.36557432028894E-13));
#2537=CARTESIAN_POINT('Ctrl Pts',(-19.8064325535331,-82.7472719883294,1.36592126498414E-13));
#2538=CARTESIAN_POINT('Ctrl Pts',(-19.9167539687929,-82.995043784943,1.36592126498414E-13));
#2539=CARTESIAN_POINT('Ctrl Pts',(-19.9758496908676,-83.1832895905605,1.36626820967933E-13));
#2540=CARTESIAN_POINT('Ctrl Pts',(-19.9907421406176,-83.2372737027075,1.36626820967933E-13));
#2541=CARTESIAN_POINT('Ctrl Pts',(-20.0199682965675,-83.3453095955677,1.36626820967933E-13));
#2542=CARTESIAN_POINT('Ctrl Pts',(-20.067405002092,-83.5348753940015,1.35620681351867E-13));
#2543=CARTESIAN_POINT('Ctrl Pts',(-20.1117148939808,-83.7435198803342,1.35655375821386E-13));
#2544=CARTESIAN_POINT('Ctrl Pts',(-20.1391215703949,-83.8891238319888,1.35655375821386E-13));
#2545=CARTESIAN_POINT('Ctrl Pts',(-20.1746244381731,-84.0896221935339,1.36661515437453E-13));
#2546=CARTESIAN_POINT('Ctrl Pts',(-20.2409519170736,-84.5565611121463,1.35655375821386E-13));
#2547=CARTESIAN_POINT('Ctrl Pts',(-20.2735459683463,-85.1493303528174,1.36696209906972E-13));
#2548=CARTESIAN_POINT('Ctrl Pts',(-20.255459517726,-85.7489105879133,1.36661515437453E-13));
#2549=CARTESIAN_POINT('Ctrl Pts',(-20.190647077591,-86.5040585690826,1.36661515437453E-13));
#2550=CARTESIAN_POINT('Ctrl Pts',(-19.9817160350083,-87.577151573529,1.37632960584E-13));
#2551=CARTESIAN_POINT('Ctrl Pts',(-19.595461763691,-88.6740767663988,1.37528877175441E-13));
#2552=CARTESIAN_POINT('Ctrl Pts',(-19.2351385896431,-89.4689421208644,1.37459588835634E-13));
#2553=CARTESIAN_POINT('Ctrl Pts',(-19.0741220532169,-89.7891579254062,1.3742504462925E-13));
#2554=CARTESIAN_POINT('Ctrl Pts',(-18.9893916589009,-89.9498332761145,1.37390846753803E-13));
#2555=CARTESIAN_POINT('Origin',(2.77631169611612E-13,-89.9498332761145,
1.30208344106819E-13));
#2556=CARTESIAN_POINT('Origin',(2.77631169611612E-13,-89.9498332761145,
1.30208344106819E-13));
#2557=CARTESIAN_POINT('',(-18.9893916589009,-89.9498332761145,1.32099306304204E-13));
#2558=CARTESIAN_POINT('Origin',(2.70702169358658E-13,-64.963791619665,-9.18362608182122E-14));
#2559=CARTESIAN_POINT('',(-15.4913458269981,-64.963791619665,1.33643096589253E-13));
#2560=CARTESIAN_POINT('Origin',(2.70702169358658E-13,-64.963791619665,-9.18362608182122E-14));
#2561=CARTESIAN_POINT('Origin',(2.65017223182931E-13,-52.470770791441,-9.18362608182122E-14));
#2562=CARTESIAN_POINT('',(-18.9893916589009,-52.470770791441,-8.52942390782619E-14));
#2563=CARTESIAN_POINT('Origin',(2.65017223182931E-13,-52.470770791441,-9.18362608182122E-14));
#2564=CARTESIAN_POINT('',(-15.4913458269981,-52.470770791441,-8.64993483461474E-14));
#2565=CARTESIAN_POINT('Origin',(2.99941944969086E-13,-157.911854858496,
-9.18362608182122E-14));
#2566=CARTESIAN_POINT('',(-23.9865999901907,-157.911854858496,-8.35095881335235E-14));
#2567=CARTESIAN_POINT('Origin',(2.99941944969086E-13,-157.911854858496,
-9.18362608182122E-14));
#2568=CARTESIAN_POINT('',(-18.3111990996159,-157.911854858496,-8.57647286522933E-14));
#2569=CARTESIAN_POINT('Origin',(2.99941944969086E-13,-157.911854858496,
-9.18362608182122E-14));
#2570=CARTESIAN_POINT('Origin',(3.029574145808E-13,-165.895628318676,-9.18362608182122E-14));
#2571=CARTESIAN_POINT('',(-17.2258768387888,-157.911854858496,-9.10035935497433E-14));
#2572=CARTESIAN_POINT('Origin',(2.99941944969086E-13,-157.911854858496,
-9.18362608182122E-14));
#2573=CARTESIAN_POINT('',(-17.225876838789,-162.909063189786,-8.80198691710632E-14));
#2574=CARTESIAN_POINT('',(-17.2258768387887,-165.895628318676,-9.0120909294369E-14));
#2575=CARTESIAN_POINT('Origin',(3.00439566599976E-13,-162.909063189786,
-9.18362608182122E-14));
#2576=CARTESIAN_POINT('Origin',(3.0024051794762E-13,-160.91017985727,-9.18362608182122E-14));
#2577=CARTESIAN_POINT('',(-23.9865999901907,-162.909063189786,-8.65280069817231E-14));
#2578=CARTESIAN_POINT('',(-23.9865999901907,-160.91017985727,-8.35726544098539E-14));
#2579=CARTESIAN_POINT('Origin',(3.00439566599976E-13,-162.909063189786,
-9.18362608182122E-14));
#2580=CARTESIAN_POINT('Origin',(3.00439566599976E-13,-162.909063189786,
-9.18362608182122E-14));
#2581=CARTESIAN_POINT('Ctrl Pts',(16.9548139811264,-145.704388792085,-9.75955427584552E-14));
#2582=CARTESIAN_POINT('Ctrl Pts',(16.9548139811264,-147.966322318991,-9.75955427584552E-14));
#2583=CARTESIAN_POINT('Ctrl Pts',(17.4074591666622,-150.228255845897,-9.76996261670138E-14));
#2584=CARTESIAN_POINT('Ctrl Pts',(18.312749537734,-152.490189372804,-9.78730985146115E-14));
#2585=CARTESIAN_POINT('Ctrl Pts',(16.9548139811264,-145.704388792085,-2.53643424028997));
#2586=CARTESIAN_POINT('Ctrl Pts',(16.9548139811264,-147.966322318991,-2.53643424028997));
#2587=CARTESIAN_POINT('Ctrl Pts',(17.4073361951047,-150.228255845897,-2.60448841479411));
#2588=CARTESIAN_POINT('Ctrl Pts',(18.3127497485207,-152.490189372804,-2.73958034409314));
#2589=CARTESIAN_POINT('Ctrl Pts',(15.7988348690014,-145.704388792085,-7.61229593583615));
#2590=CARTESIAN_POINT('Ctrl Pts',(15.7988348690014,-147.966322318991,-7.61229593583615));
#2591=CARTESIAN_POINT('Ctrl Pts',(16.2206770472137,-150.228255845897,-7.8151809892443));
#2592=CARTESIAN_POINT('Ctrl Pts',(17.064186287779,-152.490189372804,-8.22197630485742));
#2593=CARTESIAN_POINT('Ctrl Pts',(11.4724713451172,-145.704388792085,-13.0231841367833));
#2594=CARTESIAN_POINT('Ctrl Pts',(11.4724713451172,-147.966322318991,-13.0231841367833));
#2595=CARTESIAN_POINT('Ctrl Pts',(11.7787251952412,-150.228255845897,-13.3710522502548));
#2596=CARTESIAN_POINT('Ctrl Pts',(12.391318205071,-152.490189372804,-14.0662294575327));
#2597=CARTESIAN_POINT('Ctrl Pts',(4.80551214403349,-145.704388792085,-16.8860826585781));
#2598=CARTESIAN_POINT('Ctrl Pts',(4.80551214403349,-147.966322318991,-16.8860826585781));
#2599=CARTESIAN_POINT('Ctrl Pts',(4.93383524012392,-150.228255845897,-17.3366292536422));
#2600=CARTESIAN_POINT('Ctrl Pts',(5.19039250629401,-152.490189372804,-18.2385138761675));
#2601=CARTESIAN_POINT('Ctrl Pts',(-2.23403561538341,-145.704388792085,-17.4111490499651));
#2602=CARTESIAN_POINT('Ctrl Pts',(-2.23403561538341,-147.966322318991,-17.4111490499651));
#2603=CARTESIAN_POINT('Ctrl Pts',(-2.29372071180041,-150.228255845897,-17.8761749330569));
#2604=CARTESIAN_POINT('Ctrl Pts',(-2.41296268346007,-152.490189372804,-18.805632802638));
#2605=CARTESIAN_POINT('Ctrl Pts',(-10.2023672957775,-145.704388792085,-14.2844976957161));
#2606=CARTESIAN_POINT('Ctrl Pts',(-10.2023672957775,-147.966322318991,-14.2844976957161));
#2607=CARTESIAN_POINT('Ctrl Pts',(-10.4747025122041,-150.228255845897,-14.6658906584103));
#2608=CARTESIAN_POINT('Ctrl Pts',(-11.0194897046927,-152.490189372804,-15.4285636971434));
#2609=CARTESIAN_POINT('Ctrl Pts',(-16.2197993193147,-145.704388792085,-7.81544152979255));
#2610=CARTESIAN_POINT('Ctrl Pts',(-16.2197993193147,-147.966322318991,-7.81544152979255));
#2611=CARTESIAN_POINT('Ctrl Pts',(-16.6528797368266,-150.228255845897,-8.0240406758395));
#2612=CARTESIAN_POINT('Ctrl Pts',(-17.5188663898729,-152.490189372804,-8.44139162477568));
#2613=CARTESIAN_POINT('Ctrl Pts',(-17.5337817128412,-145.704388792085,0.934694285702972));
#2614=CARTESIAN_POINT('Ctrl Pts',(-17.5337817128412,-147.966322318991,0.934694285702972));
#2615=CARTESIAN_POINT('Ctrl Pts',(-18.0018032773577,-150.228255845897,0.959502875496824));
#2616=CARTESIAN_POINT('Ctrl Pts',(-18.9380877696953,-152.490189372804,1.00955555064923));
#2617=CARTESIAN_POINT('Ctrl Pts',(-15.5000700627709,-145.704388792085,7.46294293137299));
#2618=CARTESIAN_POINT('Ctrl Pts',(-15.5000700627709,-147.966322318991,7.46294293137299));
#2619=CARTESIAN_POINT('Ctrl Pts',(-15.9140085293538,-150.228255845897,7.66232217681337));
#2620=CARTESIAN_POINT('Ctrl Pts',(-16.7414928522127,-152.490189372804,8.06066057707731));
#2621=CARTESIAN_POINT('Ctrl Pts',(-11.6606660167916,-145.704388792085,13.130030632869));
#2622=CARTESIAN_POINT('Ctrl Pts',(-11.6606660167916,-147.966322318991,13.130030632869));
#2623=CARTESIAN_POINT('Ctrl Pts',(-11.9718724555185,-150.228255845897,13.4805134436777));
#2624=CARTESIAN_POINT('Ctrl Pts',(-12.5945857828527,-152.490189372804,14.18163385153));
#2625=CARTESIAN_POINT('Ctrl Pts',(-4.7737542706508,-145.704388792085,17.1029979254293));
#2626=CARTESIAN_POINT('Ctrl Pts',(-4.7737542706508,-147.966322318991,17.1029979254293));
#2627=CARTESIAN_POINT('Ctrl Pts',(-4.90124122636484,-150.228255845897,17.5596354748057));
#2628=CARTESIAN_POINT('Ctrl Pts',(-5.15609107887003,-152.490189372804,18.4728016861274));
#2629=CARTESIAN_POINT('Ctrl Pts',(3.9044997567668,-145.704388792085,17.0906269756357));
#2630=CARTESIAN_POINT('Ctrl Pts',(3.9044997567668,-147.966322318991,17.0906269756357));
#2631=CARTESIAN_POINT('Ctrl Pts',(4.00877201817732,-150.228255845897,17.5468875786699));
#2632=CARTESIAN_POINT('Ctrl Pts',(4.21721672847783,-152.490189372804,18.459440009095));
#2633=CARTESIAN_POINT('Ctrl Pts',(10.9309274107208,-145.704388792085,13.7109503062623));
#2634=CARTESIAN_POINT('Ctrl Pts',(10.9309274107208,-147.966322318991,13.7109503062623));
#2635=CARTESIAN_POINT('Ctrl Pts',(11.2227107806671,-150.228255845897,14.0769493394284));
#2636=CARTESIAN_POINT('Ctrl Pts',(11.8064012562161,-152.490189372804,14.8090802086173));
#2637=CARTESIAN_POINT('Ctrl Pts',(15.7986301938769,-145.704388792085,7.60659909510927));
#2638=CARTESIAN_POINT('Ctrl Pts',(15.7986301938769,-147.966322318991,7.60659909510927));
#2639=CARTESIAN_POINT('Ctrl Pts',(16.2204387648819,-150.228255845897,7.8097181332963));
#2640=CARTESIAN_POINT('Ctrl Pts',(17.063965268168,-152.490189372804,8.21582253414956));
#2641=CARTESIAN_POINT('Ctrl Pts',(16.9548139811264,-145.704388792085,2.53643424028978));
#2642=CARTESIAN_POINT('Ctrl Pts',(16.9548139811264,-147.966322318991,2.53643424028978));
#2643=CARTESIAN_POINT('Ctrl Pts',(17.4073443488437,-150.228255845897,2.6041027313408));
#2644=CARTESIAN_POINT('Ctrl Pts',(18.3127497345443,-152.490189372804,2.73958100519671));
#2645=CARTESIAN_POINT('Ctrl Pts',(16.9548139811264,-145.704388792085,-9.36056787637085E-14));
#2646=CARTESIAN_POINT('Ctrl Pts',(16.9548139811264,-147.966322318991,-9.36056787637085E-14));
#2647=CARTESIAN_POINT('Ctrl Pts',(17.4074591666622,-150.228255845897,-9.37097621722671E-14));
#2648=CARTESIAN_POINT('Ctrl Pts',(18.312749537734,-152.490189372804,-9.38832345198648E-14));
#2649=CARTESIAN_POINT('',(18.3111990996164,-152.486314384536,-9.58955137519979E-14));
#2650=CARTESIAN_POINT('Ctrl Pts',(16.9548139811264,-145.704388792085,-9.75955427584552E-14));
#2651=CARTESIAN_POINT('Ctrl Pts',(16.9548139811264,-147.965030656235,-9.75955427584552E-14));
#2652=CARTESIAN_POINT('Ctrl Pts',(17.4069423539564,-150.225672520385,-9.76995675667084E-14));
#2653=CARTESIAN_POINT('Ctrl Pts',(18.3111990996164,-152.486314384536,-9.78729520097235E-14));
#2654=CARTESIAN_POINT('',(-18.3111990996159,-152.486314384536,-8.1881027045468E-14));
#2655=CARTESIAN_POINT('Origin',(3.03842562154049E-13,-152.486314384536,
-9.30852617209155E-14));
#2656=CARTESIAN_POINT('Origin',(3.03842562154049E-13,-152.486314384536,
-9.30852617209155E-14));
#2657=CARTESIAN_POINT('Origin',(2.93610090673205E-13,-138.922463199635,
-9.18362608182122E-14));
#2658=CARTESIAN_POINT('',(17.2260910048245,-138.922463199635,-9.56526524653611E-14));
#2659=CARTESIAN_POINT('Ctrl Pts',(17.2260910048244,-138.922463199635,-9.3640373233228E-14));
#2660=CARTESIAN_POINT('Ctrl Pts',(17.2260910048244,-138.922463199635,2.57701718813441));
#2661=CARTESIAN_POINT('Ctrl Pts',(16.0513540221189,-138.922463199635,7.72830885752759));
#2662=CARTESIAN_POINT('Ctrl Pts',(11.1057877809013,-138.922463199635,13.9302266085188));
#2663=CARTESIAN_POINT('Ctrl Pts',(3.9669424519254,-138.922463199635,17.364084680067));
#2664=CARTESIAN_POINT('Ctrl Pts',(-4.85019789249261,-138.922463199635,17.3764125811847));
#2665=CARTESIAN_POINT('Ctrl Pts',(-11.8473294379693,-138.922463199635,13.3401449375535));
#2666=CARTESIAN_POINT('Ctrl Pts',(-15.7484065400885,-138.922463199635,7.58151198643312));
#2667=CARTESIAN_POINT('Ctrl Pts',(-17.815686753305,-138.922463199635,0.950436438988592));
#2668=CARTESIAN_POINT('Ctrl Pts',(-16.4782387226512,-138.922463199635,-7.94063195859381));
#2669=CARTESIAN_POINT('Ctrl Pts',(-10.365930597305,-138.922463199635,-14.5130473506326));
#2670=CARTESIAN_POINT('Ctrl Pts',(-2.26960642083021,-138.922463199635,-17.6898647474529));
#2671=CARTESIAN_POINT('Ctrl Pts',(4.88233450910049,-138.922463199635,-17.1560938001598));
#2672=CARTESIAN_POINT('Ctrl Pts',(11.6560690007633,-138.922463199635,-13.2315267053538));
#2673=CARTESIAN_POINT('Ctrl Pts',(16.0515872305917,-138.922463199635,-7.73397899630924));
#2674=CARTESIAN_POINT('Ctrl Pts',(17.2260910048244,-138.922463199635,-2.57701718813461));
#2675=CARTESIAN_POINT('Ctrl Pts',(17.2260910048244,-138.922463199635,-9.76302372279747E-14));
#2676=CARTESIAN_POINT('Ctrl Pts',(17.2260910048244,-138.922463199635,-9.76302372279747E-14));
#2677=CARTESIAN_POINT('Ctrl Pts',(16.1406058264438,-143.445318109554,-9.7387375941338E-14));
#2678=CARTESIAN_POINT('Ctrl Pts',(16.1409830410718,-147.968173019473,-9.7387375941338E-14));
#2679=CARTESIAN_POINT('Ctrl Pts',(17.2272226487085,-152.491027929392,-9.76302372279747E-14));
#2680=CARTESIAN_POINT('Ctrl Pts',(17.2260910048244,-138.922463199635,-2.57701718813461));
#2681=CARTESIAN_POINT('Ctrl Pts',(16.1404550413469,-143.445318109554,-2.41503326836399));
#2682=CARTESIAN_POINT('Ctrl Pts',(16.140832308374,-147.968173019473,-2.4150895590488));
#2683=CARTESIAN_POINT('Ctrl Pts',(17.2272228059055,-152.491027929392,-2.57718606018904));
#2684=CARTESIAN_POINT('Ctrl Pts',(16.0515872305917,-138.922463199635,-7.73397899630924));
#2685=CARTESIAN_POINT('Ctrl Pts',(15.0401862440557,-143.445318109554,-7.24621627375671));
#2686=CARTESIAN_POINT('Ctrl Pts',(15.040537713845,-147.968173019473,-7.2463857751351));
#2687=CARTESIAN_POINT('Ctrl Pts',(16.0526416399596,-152.491027929392,-7.73448750044441));
#2688=CARTESIAN_POINT('Ctrl Pts',(11.6560690007633,-138.922463199635,-13.2315267053538));
#2689=CARTESIAN_POINT('Ctrl Pts',(10.9215354136249,-143.445318109554,-12.3979733716202));
#2690=CARTESIAN_POINT('Ctrl Pts',(10.9217906698176,-147.968173019473,-12.3982630379528));
#2691=CARTESIAN_POINT('Ctrl Pts',(11.6568347693413,-152.491027929392,-13.2323957043516));
#2692=CARTESIAN_POINT('Ctrl Pts',(4.88233450910049,-138.922463199635,-17.1560938001598));
#2693=CARTESIAN_POINT('Ctrl Pts',(4.57472032872475,-143.445318109554,-16.0746979765243));
#2694=CARTESIAN_POINT('Ctrl Pts',(4.57482722706929,-147.968173019473,-16.0750737700695));
#2695=CARTESIAN_POINT('Ctrl Pts',(4.88265520413418,-152.491027929392,-17.1572211807952));
#2696=CARTESIAN_POINT('Ctrl Pts',(-2.26960642083021,-138.922463199635,-17.6898647474529));
#2697=CARTESIAN_POINT('Ctrl Pts',(-2.12664876901858,-143.445318109554,-16.5753912890627));
#2698=CARTESIAN_POINT('Ctrl Pts',(-2.12669844792583,-147.968173019473,-16.5757785773458));
#2699=CARTESIAN_POINT('Ctrl Pts',(-2.26975545755188,-152.491027929392,-17.6910266123022));
#2700=CARTESIAN_POINT('Ctrl Pts',(-10.365930597305,-138.922463199635,-14.5130473506326));
#2701=CARTESIAN_POINT('Ctrl Pts',(-9.71267812483272,-143.445318109554,-13.5985812685881));
#2702=CARTESIAN_POINT('Ctrl Pts',(-9.71290513519936,-147.968173019473,-13.5988990527365));
#2703=CARTESIAN_POINT('Ctrl Pts',(-10.3666116284052,-152.491027929392,-14.5140007030777));
#2704=CARTESIAN_POINT('Ctrl Pts',(-16.4782387226512,-138.922463199635,-7.94063195859381));
#2705=CARTESIAN_POINT('Ctrl Pts',(-15.4399400785462,-143.445318109554,-7.44017628708555));
#2706=CARTESIAN_POINT('Ctrl Pts',(-15.4403008954829,-147.968173019473,-7.44035019936343));
#2707=CARTESIAN_POINT('Ctrl Pts',(-16.4793211734611,-152.491027929392,-7.94115369542745));
#2708=CARTESIAN_POINT('Ctrl Pts',(-17.815686753305,-138.922463199635,0.950436438988592));
#2709=CARTESIAN_POINT('Ctrl Pts',(-16.6929468079682,-143.445318109554,0.890365603112658));
#2710=CARTESIAN_POINT('Ctrl Pts',(-16.6933369689205,-147.968173019473,0.890386478200096));
#2711=CARTESIAN_POINT('Ctrl Pts',(-17.8168572361618,-152.491027929392,0.950499064250906));
#2712=CARTESIAN_POINT('Ctrl Pts',(-15.7484065400885,-138.922463199635,7.58151198643312));
#2713=CARTESIAN_POINT('Ctrl Pts',(-14.7561944451194,-143.445318109554,7.10389730145814));
#2714=CARTESIAN_POINT('Ctrl Pts',(-14.756539246618,-147.968173019473,7.10406327631375));
#2715=CARTESIAN_POINT('Ctrl Pts',(-15.7494409445846,-152.491027929392,7.58200991099993));
#2716=CARTESIAN_POINT('Ctrl Pts',(-11.8473294379693,-138.922463199635,13.3401449375535));
#2717=CARTESIAN_POINT('Ctrl Pts',(-11.1006814885342,-143.445318109554,12.4994627139526));
#2718=CARTESIAN_POINT('Ctrl Pts',(-11.100940954563,-147.968173019473,12.4997548576304));
#2719=CARTESIAN_POINT('Ctrl Pts',(-11.8481078360556,-152.491027929392,13.3410213685871));
#2720=CARTESIAN_POINT('Ctrl Pts',(-4.85019789249261,-138.922463199635,17.3764125811847));
#2721=CARTESIAN_POINT('Ctrl Pts',(-4.54461172599283,-143.445318109554,16.2814877821444));
#2722=CARTESIAN_POINT('Ctrl Pts',(-4.54471791958666,-147.968173019473,16.2818682771147));
#2723=CARTESIAN_POINT('Ctrl Pts',(-4.85051647327408,-152.491027929392,17.3775540660958));
#2724=CARTESIAN_POINT('Ctrl Pts',(3.9669424519254,-138.922463199635,17.364084680067));
#2725=CARTESIAN_POINT('Ctrl Pts',(3.71700183662448,-143.445318109554,16.2698896152115));
#2726=CARTESIAN_POINT('Ctrl Pts',(3.71708869295211,-147.968173019473,16.2702698565936));
#2727=CARTESIAN_POINT('Ctrl Pts',(3.96720302090809,-152.491027929392,17.3652254042131));
#2728=CARTESIAN_POINT('Ctrl Pts',(11.1057877809013,-138.922463199635,13.9302266085188));
#2729=CARTESIAN_POINT('Ctrl Pts',(10.405919563438,-143.445318109554,13.0523693248925));
#2730=CARTESIAN_POINT('Ctrl Pts',(10.4061627731424,-147.968173019473,13.0526743871958));
#2731=CARTESIAN_POINT('Ctrl Pts',(11.1065174100144,-152.491027929392,13.9311417954287));
#2732=CARTESIAN_POINT('Ctrl Pts',(16.0513540221189,-138.922463199635,7.72830885752759));
#2733=CARTESIAN_POINT('Ctrl Pts',(15.0399236707873,-143.445318109554,7.24136955537697));
#2734=CARTESIAN_POINT('Ctrl Pts',(15.0402751507811,-147.968173019473,7.2415387706103));
#2735=CARTESIAN_POINT('Ctrl Pts',(16.0524084621003,-152.491027929392,7.72881650322758));
#2736=CARTESIAN_POINT('Ctrl Pts',(17.2260910048244,-138.922463199635,2.57701718813441));
#2737=CARTESIAN_POINT('Ctrl Pts',(16.1404697169497,-143.445318109554,2.41457319249461));
#2738=CARTESIAN_POINT('Ctrl Pts',(16.1408469788769,-147.968173019473,2.4146296430594));
#2739=CARTESIAN_POINT('Ctrl Pts',(17.2272227906059,-152.491027929392,2.57718653982879));
#2740=CARTESIAN_POINT('Ctrl Pts',(17.2260910048244,-138.922463199635,-9.3640373233228E-14));
#2741=CARTESIAN_POINT('Ctrl Pts',(16.1406058264438,-143.445318109554,-9.33975119465913E-14));
#2742=CARTESIAN_POINT('Ctrl Pts',(16.1409830410718,-147.968173019473,-9.33975119465913E-14));
#2743=CARTESIAN_POINT('Ctrl Pts',(17.2272226487085,-152.491027929392,-9.3640373233228E-14));
#2744=CARTESIAN_POINT('',(17.2260910048245,-152.486314384536,-9.56526524653611E-14));
#2745=CARTESIAN_POINT('Ctrl Pts',(17.2260910048244,-138.922463199635,-9.76302372279747E-14));
#2746=CARTESIAN_POINT('Ctrl Pts',(16.1409829100323,-143.443746927935,-9.73874231037562E-14));
#2747=CARTESIAN_POINT('Ctrl Pts',(16.1409829100323,-147.965030656235,-9.73873759504967E-14));
#2748=CARTESIAN_POINT('Ctrl Pts',(17.2260910048244,-152.486314384536,-9.7630095768196E-14));
#2749=CARTESIAN_POINT('',(-17.2260910048238,-152.486314384536,-8.70644774111945E-14));
#2750=CARTESIAN_POINT('Origin',(2.97181224006298E-13,-152.486314384536,
-9.04831765069503E-14));
#2751=CARTESIAN_POINT('Origin',(2.97181224006298E-13,-152.486314384536,
-9.04831765069503E-14));
#2752=CARTESIAN_POINT('Origin',(2.99671807512317E-13,-155.199084621516,
-9.18362608182122E-14));
#2753=CARTESIAN_POINT('',(-18.3111990996159,-155.199084621516,-8.55278827118448E-14));
#2754=CARTESIAN_POINT('Origin',(3.00347151154239E-13,-161.981010213966,
-9.18362608182122E-14));
#2755=CARTESIAN_POINT('',(-17.2260910048238,-161.981010213966,-9.01208879677312E-14));
#2756=UNCERTAINTY_MEASURE_WITH_UNIT(LENGTH_MEASURE(0.01),#2760,
'DISTANCE_ACCURACY_VALUE',
'Maximum model space distance between geometric entities at asserted c
onnectivities');
#2757=UNCERTAINTY_MEASURE_WITH_UNIT(LENGTH_MEASURE(0.01),#2760,
'DISTANCE_ACCURACY_VALUE',
'Maximum model space distance between geometric entities at asserted c
onnectivities');
#2758=(
GEOMETRIC_REPRESENTATION_CONTEXT(3)
GLOBAL_UNCERTAINTY_ASSIGNED_CONTEXT((#2756))
GLOBAL_UNIT_ASSIGNED_CONTEXT((#2760,#2762,#2763))
REPRESENTATION_CONTEXT('','3D')
);
#2759=(
GEOMETRIC_REPRESENTATION_CONTEXT(3)
GLOBAL_UNCERTAINTY_ASSIGNED_CONTEXT((#2757))
GLOBAL_UNIT_ASSIGNED_CONTEXT((#2760,#2762,#2763))
REPRESENTATION_CONTEXT('','3D')
);
#2760=(
LENGTH_UNIT()
NAMED_UNIT(*)
SI_UNIT(.MILLI.,.METRE.)
);
#2761=(
LENGTH_UNIT()
NAMED_UNIT(*)
SI_UNIT($,.METRE.)
);
#2762=(
NAMED_UNIT(*)
PLANE_ANGLE_UNIT()
SI_UNIT($,.RADIAN.)
);
#2763=(
NAMED_UNIT(*)
SI_UNIT($,.STERADIAN.)
SOLID_ANGLE_UNIT()
);
#2764=SHAPE_DEFINITION_REPRESENTATION(#2765,#2766);
#2765=PRODUCT_DEFINITION_SHAPE('',$,#2768);
#2766=SHAPE_REPRESENTATION('',(#890),#2758);
#2767=PRODUCT_DEFINITION_CONTEXT('part definition',#2772,'design');
#2768=PRODUCT_DEFINITION('\X2\2605\X0\UHV-30x40x100-Q-WISJS-\X2\FF13\X0\D
 (Glass Cell)','(Unsaved)',#2769,#2767);
#2769=PRODUCT_DEFINITION_FORMATION('',$,#2774);
#2770=PRODUCT_RELATED_PRODUCT_CATEGORY('(Unsaved)','(Unsaved)',(#2774));
#2771=APPLICATION_PROTOCOL_DEFINITION('international standard',
'automotive_design',2009,#2772);
#2772=APPLICATION_CONTEXT(
'Core Data for Automotive Mechanical Design Process');
#2773=PRODUCT_CONTEXT('part definition',#2772,'mechanical');
#2774=PRODUCT('\X2\2605\X0\UHV-30x40x100-Q-WISJS-\X2\FF13\X0\D (Glass 
Cell)','(Unsaved)',$,(#2773));
#2775=PRESENTATION_STYLE_ASSIGNMENT((#2777));
#2776=PRESENTATION_STYLE_ASSIGNMENT((#2778));
#2777=SURFACE_STYLE_USAGE(.BOTH.,#2779);
#2778=SURFACE_STYLE_USAGE(.BOTH.,#2780);
#2779=SURFACE_SIDE_STYLE('',(#2781));
#2780=SURFACE_SIDE_STYLE('',(#2782));
#2781=SURFACE_STYLE_FILL_AREA(#2783);
#2782=SURFACE_STYLE_FILL_AREA(#2784);
#2783=FILL_AREA_STYLE('Steel - Satin',(#2785));
#2784=FILL_AREA_STYLE('Opaque(255,255,255)',(#2786));
#2785=FILL_AREA_STYLE_COLOUR('Steel - Satin',#2787);
#2786=FILL_AREA_STYLE_COLOUR('Opaque(255,255,255)',#2788);
#2787=COLOUR_RGB('Steel - Satin',0.627450980392157,0.627450980392157,0.627450980392157);
#2788=COLOUR_RGB('Opaque(255,255,255)',1.,1.,1.);
ENDSEC;
END-ISO-10303-21;
