ISO-10303-21;
HEADER;
/* Generated by software containing ST-Developer
 * from STEP Tools, Inc. (www.steptools.com) 
 */

FILE_DESCRIPTION(
/* description */ (''),
/* implementation_level */ '2;1');

FILE_NAME(
/* name */ 'shutter-sr475.step',
/* time_stamp */ '2026-08-21T18:01:48-05:00',
/* author */ (''),
/* organization */ (''),
/* preprocessor_version */ 'ST-DEVELOPER v20.1',
/* originating_system */ 'Autodesk Translation Framework v15.8.0.0',
/* authorisation */ '');

FILE_SCHEMA (('AUTOMOTIVE_DESIGN { 1 0 10303 214 3 1 1 }'));
ENDSEC;

DATA;
#10=MECHANICAL_DESIGN_GEOMETRIC_PRESENTATION_REPRESENTATION('',(#465,#466,
#467,#468,#469,#470,#471,#472,#473,#474,#475,#476,#477,#478,#479,#480,#481,
#482,#483,#484),#13152);
#11=ITEM_DEFINED_TRANSFORMATION($,$,#7745,#8072);
#12=ITEM_DEFINED_TRANSFORMATION($,$,#8041,#8073);
#13=ITEM_DEFINED_TRANSFORMATION($,$,#8052,#8074);
#14=ITEM_DEFINED_TRANSFORMATION($,$,#8063,#8075);
#15=ITEM_DEFINED_TRANSFORMATION($,$,#8077,#8279);
#16=ITEM_DEFINED_TRANSFORMATION($,$,#8127,#8280);
#17=ITEM_DEFINED_TRANSFORMATION($,$,#8265,#8281);
#18=ITEM_DEFINED_TRANSFORMATION($,$,#7744,#8530);
#19=ITEM_DEFINED_TRANSFORMATION($,$,#8076,#8531);
#20=ITEM_DEFINED_TRANSFORMATION($,$,#8282,#8532);
#21=ITEM_DEFINED_TRANSFORMATION($,$,#8335,#8533);
#22=ITEM_DEFINED_TRANSFORMATION($,$,#7743,#8534);
#23=(
REPRESENTATION_RELATIONSHIP($,$,#13201,#13200)
REPRESENTATION_RELATIONSHIP_WITH_TRANSFORMATION(#11)
SHAPE_REPRESENTATION_RELATIONSHIP()
);
#24=(
REPRESENTATION_RELATIONSHIP($,$,#13202,#13200)
REPRESENTATION_RELATIONSHIP_WITH_TRANSFORMATION(#12)
SHAPE_REPRESENTATION_RELATIONSHIP()
);
#25=(
REPRESENTATION_RELATIONSHIP($,$,#13203,#13200)
REPRESENTATION_RELATIONSHIP_WITH_TRANSFORMATION(#13)
SHAPE_REPRESENTATION_RELATIONSHIP()
);
#26=(
REPRESENTATION_RELATIONSHIP($,$,#13204,#13200)
REPRESENTATION_RELATIONSHIP_WITH_TRANSFORMATION(#14)
SHAPE_REPRESENTATION_RELATIONSHIP()
);
#27=(
REPRESENTATION_RELATIONSHIP($,$,#13206,#13205)
REPRESENTATION_RELATIONSHIP_WITH_TRANSFORMATION(#15)
SHAPE_REPRESENTATION_RELATIONSHIP()
);
#28=(
REPRESENTATION_RELATIONSHIP($,$,#13207,#13205)
REPRESENTATION_RELATIONSHIP_WITH_TRANSFORMATION(#16)
SHAPE_REPRESENTATION_RELATIONSHIP()
);
#29=(
REPRESENTATION_RELATIONSHIP($,$,#13208,#13205)
REPRESENTATION_RELATIONSHIP_WITH_TRANSFORMATION(#17)
SHAPE_REPRESENTATION_RELATIONSHIP()
);
#30=(
REPRESENTATION_RELATIONSHIP($,$,#13200,#13199)
REPRESENTATION_RELATIONSHIP_WITH_TRANSFORMATION(#18)
SHAPE_REPRESENTATION_RELATIONSHIP()
);
#31=(
REPRESENTATION_RELATIONSHIP($,$,#13205,#13199)
REPRESENTATION_RELATIONSHIP_WITH_TRANSFORMATION(#19)
SHAPE_REPRESENTATION_RELATIONSHIP()
);
#32=(
REPRESENTATION_RELATIONSHIP($,$,#13209,#13199)
REPRESENTATION_RELATIONSHIP_WITH_TRANSFORMATION(#20)
SHAPE_REPRESENTATION_RELATIONSHIP()
);
#33=(
REPRESENTATION_RELATIONSHIP($,$,#13210,#13199)
REPRESENTATION_RELATIONSHIP_WITH_TRANSFORMATION(#21)
SHAPE_REPRESENTATION_RELATIONSHIP()
);
#34=(
REPRESENTATION_RELATIONSHIP($,$,#13199,#13198)
REPRESENTATION_RELATIONSHIP_WITH_TRANSFORMATION(#22)
SHAPE_REPRESENTATION_RELATIONSHIP()
);
#35=CONTEXT_DEPENDENT_SHAPE_REPRESENTATION(#23,#13180);
#36=CONTEXT_DEPENDENT_SHAPE_REPRESENTATION(#24,#13181);
#37=CONTEXT_DEPENDENT_SHAPE_REPRESENTATION(#25,#13182);
#38=CONTEXT_DEPENDENT_SHAPE_REPRESENTATION(#26,#13183);
#39=CONTEXT_DEPENDENT_SHAPE_REPRESENTATION(#27,#13188);
#40=CONTEXT_DEPENDENT_SHAPE_REPRESENTATION(#28,#13189);
#41=CONTEXT_DEPENDENT_SHAPE_REPRESENTATION(#29,#13190);
#42=CONTEXT_DEPENDENT_SHAPE_REPRESENTATION(#30,#13193);
#43=CONTEXT_DEPENDENT_SHAPE_REPRESENTATION(#31,#13194);
#44=CONTEXT_DEPENDENT_SHAPE_REPRESENTATION(#32,#13195);
#45=CONTEXT_DEPENDENT_SHAPE_REPRESENTATION(#33,#13196);
#46=CONTEXT_DEPENDENT_SHAPE_REPRESENTATION(#34,#13197);
#47=NEXT_ASSEMBLY_USAGE_OCCURRENCE('7-01739-721_BASE_SHUTTER_HSING:1',
'7-01739-721_BASE_SHUTTER_HSING:1','7-01739-721_BASE_SHUTTER_HSING:1',#13214,
#13215,'7-01739-721_BASE_SHUTTER_HSING:1');
#48=NEXT_ASSEMBLY_USAGE_OCCURRENCE('DOWEL_PIN_0625_4375:1',
'DOWEL_PIN_0625_4375:1','DOWEL_PIN_0625_4375:1',#13214,#13216,
'DOWEL_PIN_0625_4375:1');
#49=NEXT_ASSEMBLY_USAGE_OCCURRENCE('DOWEL_PIN_0625_500:1',
'DOWEL_PIN_0625_500:1','DOWEL_PIN_0625_500:1',#13214,#13217,
'DOWEL_PIN_0625_500:1');
#50=NEXT_ASSEMBLY_USAGE_OCCURRENCE('0-01172_BRASS_BUSHING:1',
'0-01172_BRASS_BUSHING:1','0-01172_BRASS_BUSHING:1',#13214,#13218,
'0-01172_BRASS_BUSHING:1');
#51=NEXT_ASSEMBLY_USAGE_OCCURRENCE('7-01758-701_PCB_LASER_SHUTTER:1',
'7-01758-701_PCB_LASER_SHUTTER:1','7-01758-701_PCB_LASER_SHUTTER:1',#13219,
#13220,'7-01758-701_PCB_LASER_SHUTTER:1');
#52=NEXT_ASSEMBLY_USAGE_OCCURRENCE('IEEE_1394:1','IEEE_1394:1',
'IEEE_1394:1',#13219,#13221,'IEEE_1394:1');
#53=NEXT_ASSEMBLY_USAGE_OCCURRENCE('CAP_AEC_FM_25V:1',
'CAP_AEC_FM_25V:1','CAP_AEC_FM_25V:1',#13219,#13222,'CAP_AEC_FM_25V:1');
#54=NEXT_ASSEMBLY_USAGE_OCCURRENCE(
'7-01739-721_BASE_SHUTTER_HSING_ASM:1',
'7-01739-721_BASE_SHUTTER_HSING_ASM:1',
'7-01739-721_BASE_SHUTTER_HSING_ASM:1',#13213,#13214,
'7-01739-721_BASE_SHUTTER_HSING_ASM:1');
#55=NEXT_ASSEMBLY_USAGE_OCCURRENCE(
'7-01758-701_PCB_LASER_SHUTTER_ASM:1',
'7-01758-701_PCB_LASER_SHUTTER_ASM:1',
'7-01758-701_PCB_LASER_SHUTTER_ASM:1',#13213,#13219,
'7-01758-701_PCB_LASER_SHUTTER_ASM:1');
#56=NEXT_ASSEMBLY_USAGE_OCCURRENCE('7-01781-720_COVER_HOUSING:1',
'7-01781-720_COVER_HOUSING:1','7-01781-720_COVER_HOUSING:1',#13213,#13223,
'7-01781-720_COVER_HOUSING:1');
#57=NEXT_ASSEMBLY_USAGE_OCCURRENCE('7-01740-720_HOUSING_LID:1',
'7-01740-720_HOUSING_LID:1','7-01740-720_HOUSING_LID:1',#13213,#13224,
'7-01740-720_HOUSING_LID:1');
#58=NEXT_ASSEMBLY_USAGE_OCCURRENCE('Component12:1','Component12:1',
'Component12:1',#13212,#13213,'Component12:1');
#59=(
BOUNDED_SURFACE()
B_SPLINE_SURFACE(2,2,((#11680,#11681,#11682,#11683,#11684,#11685,#11686,
#11687,#11688),(#11689,#11690,#11691,#11692,#11693,#11694,#11695,#11696,
#11697),(#11698,#11699,#11700,#11701,#11702,#11703,#11704,#11705,#11706),
(#11707,#11708,#11709,#11710,#11711,#11712,#11713,#11714,#11715),(#11716,
#11717,#11718,#11719,#11720,#11721,#11722,#11723,#11724)),.UNSPECIFIED.,
 .F.,.T.,.F.)
B_SPLINE_SURFACE_WITH_KNOTS((3,2,3),(3,2,2,2,3),(-1.57079641274493,-0.785398206370936,
3.05334872079785E-12),(-3.14159265358979,-1.5707963267949,0.,1.5707963267949,
3.14159265358979),.UNSPECIFIED.)
GEOMETRIC_REPRESENTATION_ITEM()
RATIONAL_B_SPLINE_SURFACE(((1.,0.707106781186548,1.,0.707106781186548,1.,
0.707106781186548,1.,0.707106781186548,1.),(0.923879524288107,0.653281476623522,
0.923879524288107,0.653281476623522,0.923879524288107,0.653281476623522,
0.923879524288107,0.653281476623522,0.923879524288107),(1.,0.707106781186548,
1.,0.707106781186548,1.,0.707106781186548,1.,0.707106781186548,1.),(0.923879524288108,
0.653281476623523,0.923879524288108,0.653281476623523,0.923879524288108,
0.653281476623523,0.923879524288108,0.653281476623523,0.923879524288108),
(1.,0.707106781186548,1.,0.707106781186548,1.,0.707106781186548,1.,0.707106781186548,
1.)))
REPRESENTATION_ITEM('')
SURFACE()
);
#60=(
BOUNDED_SURFACE()
B_SPLINE_SURFACE(2,2,((#11743,#11744,#11745,#11746,#11747,#11748,#11749,
#11750,#11751),(#11752,#11753,#11754,#11755,#11756,#11757,#11758,#11759,
#11760),(#11761,#11762,#11763,#11764,#11765,#11766,#11767,#11768,#11769),
(#11770,#11771,#11772,#11773,#11774,#11775,#11776,#11777,#11778),(#11779,
#11780,#11781,#11782,#11783,#11784,#11785,#11786,#11787)),.UNSPECIFIED.,
 .F.,.T.,.F.)
B_SPLINE_SURFACE_WITH_KNOTS((3,2,3),(3,2,2,2,3),(-1.57079644925774,-0.785398224627839,
2.05919381608431E-12),(-3.14159265358979,-1.5707963267949,0.,1.5707963267949,
3.14159265358979),.UNSPECIFIED.)
GEOMETRIC_REPRESENTATION_ITEM()
RATIONAL_B_SPLINE_SURFACE(((1.,0.707106781186548,1.,0.707106781186548,1.,
0.707106781186548,1.,0.707106781186548,1.),(0.923879520794971,0.653281474153502,
0.923879520794971,0.653281474153502,0.923879520794971,0.653281474153502,
0.923879520794971,0.653281474153502,0.923879520794971),(1.,0.707106781186548,
1.,0.707106781186548,1.,0.707106781186548,1.,0.707106781186548,1.),(0.923879520794936,
0.653281474153477,0.923879520794936,0.653281474153477,0.923879520794936,
0.653281474153477,0.923879520794936,0.653281474153477,0.923879520794936),
(1.,0.707106781186548,1.,0.707106781186548,1.,0.707106781186548,1.,0.707106781186548,
1.)))
REPRESENTATION_ITEM('')
SURFACE()
);
#61=SHAPE_REPRESENTATION_RELATIONSHIP('SRR','None',#13201,#70);
#62=SHAPE_REPRESENTATION_RELATIONSHIP('SRR','None',#13202,#71);
#63=SHAPE_REPRESENTATION_RELATIONSHIP('SRR','None',#13203,#72);
#64=SHAPE_REPRESENTATION_RELATIONSHIP('SRR','None',#13204,#73);
#65=SHAPE_REPRESENTATION_RELATIONSHIP('SRR','None',#13206,#74);
#66=SHAPE_REPRESENTATION_RELATIONSHIP('SRR','None',#13207,#75);
#67=SHAPE_REPRESENTATION_RELATIONSHIP('SRR','None',#13208,#76);
#68=SHAPE_REPRESENTATION_RELATIONSHIP('SRR','None',#13209,#77);
#69=SHAPE_REPRESENTATION_RELATIONSHIP('SRR','None',#13210,#78);
#70=ADVANCED_BREP_SHAPE_REPRESENTATION('',(#79),#13142);
#71=ADVANCED_BREP_SHAPE_REPRESENTATION('',(#80),#13143);
#72=ADVANCED_BREP_SHAPE_REPRESENTATION('',(#81),#13144);
#73=ADVANCED_BREP_SHAPE_REPRESENTATION('',(#82),#13145);
#74=ADVANCED_BREP_SHAPE_REPRESENTATION('',(#83),#13147);
#75=ADVANCED_BREP_SHAPE_REPRESENTATION('',(#84),#13148);
#76=ADVANCED_BREP_SHAPE_REPRESENTATION('',(#85),#13149);
#77=ADVANCED_BREP_SHAPE_REPRESENTATION('',(#86),#13150);
#78=ADVANCED_BREP_SHAPE_REPRESENTATION('',(#87),#13151);
#79=MANIFOLD_SOLID_BREP('Body12',#111);
#80=MANIFOLD_SOLID_BREP('Body1',#112);
#81=MANIFOLD_SOLID_BREP('Body1',#113);
#82=MANIFOLD_SOLID_BREP('Body1',#114);
#83=MANIFOLD_SOLID_BREP('Body1',#115);
#84=MANIFOLD_SOLID_BREP('Body1',#116);
#85=MANIFOLD_SOLID_BREP('Body1',#117);
#86=MANIFOLD_SOLID_BREP('Body1',#118);
#87=MANIFOLD_SOLID_BREP('Body1',#119);
#88=B_SPLINE_CURVE_WITH_KNOTS('',3,(#11417,#11418,#11419,#11420,#11421,
#11422,#11423,#11424,#11425,#11426,#11427,#11428),.UNSPECIFIED.,.F.,.F.,
(4,2,2,2,2,4),(0.,0.12364744171757,0.247294883435139,0.310646094359957,
0.373997305284774,0.422518303895689),.UNSPECIFIED.);
#89=CONICAL_SURFACE('',#7842,0.039375,0.785398163397448);
#90=CONICAL_SURFACE('',#7907,0.039375,0.785398163397448);
#91=CONICAL_SURFACE('',#7963,0.0765,0.785398163397448);
#92=CONICAL_SURFACE('',#7967,0.03542457491968,1.02974425867665);
#93=CONICAL_SURFACE('',#7968,0.1130625,0.785398163397448);
#94=CONICAL_SURFACE('',#7972,0.05167457491968,1.02974425867665);
#95=CONICAL_SURFACE('',#7973,0.0765,0.785398163397448);
#96=CONICAL_SURFACE('',#7977,0.03542457491968,1.02974425867665);
#97=CONICAL_SURFACE('',#7978,0.0765,0.785398163397448);
#98=CONICAL_SURFACE('',#7982,0.03542457491968,1.02974425867665);
#99=CONICAL_SURFACE('',#8014,0.0500625,0.785398163397448);
#100=CONICAL_SURFACE('',#8017,0.039375,0.785398163397448);
#101=CONICAL_SURFACE('',#8021,0.01892457491968,1.02974425867665);
#102=CONICAL_SURFACE('',#8025,0.0500625,0.785398163397448);
#103=CONICAL_SURFACE('',#8028,0.039375,0.785398163397448);
#104=CONICAL_SURFACE('',#8032,0.039375,0.785398163397448);
#105=CONICAL_SURFACE('',#8044,0.028125,0.138006023657511);
#106=CONICAL_SURFACE('',#8055,0.028125,0.138006023657511);
#107=CONICAL_SURFACE('',#8321,0.0825,0.855211333477222);
#108=CONICAL_SURFACE('',#8327,0.0825,0.855211333477222);
#109=CONICAL_SURFACE('',#8328,0.0825,0.855211333477222);
#110=CONICAL_SURFACE('',#8334,0.0825,0.855211333477222);
#111=CLOSED_SHELL('',(#7220,#7221,#7222,#7223,#7224,#7225,#7226,#7227,#7228,
#7229,#7230,#7231,#7232,#7233,#7234,#7235,#7236,#7237,#7238,#7239,#7240,
#7241,#7242,#7243,#7244,#7245,#7246,#7247,#7248,#7249,#7250,#7251,#7252,
#7253,#7254,#7255,#7256,#7257,#7258,#7259,#7260,#7261,#7262,#7263,#7264,
#7265,#7266,#7267,#7268,#7269,#7270,#7271,#7272,#7273,#7274,#7275,#7276,
#7277,#7278,#7279,#7280,#7281,#7282,#7283,#7284,#7285,#7286,#7287,#7288,
#7289,#7290,#7291,#7292,#7293,#7294,#7295,#7296,#7297,#7298,#7299,#7300,
#7301,#7302,#7303,#7304,#7305,#7306,#7307,#7308,#7309,#7310,#7311,#7312,
#7313,#7314,#7315,#7316,#7317,#7318,#7319,#7320,#7321,#7322,#7323,#7324,
#7325,#7326,#7327,#7328,#7329,#7330,#7331,#7332,#7333,#7334,#7335,#7336,
#7337,#7338,#7339,#7340,#7341,#7342,#7343,#7344,#7345,#7346,#7347,#7348,
#7349,#7350,#7351,#7352,#7353,#7354));
#112=CLOSED_SHELL('',(#7355,#7356,#7357,#7358,#7359));
#113=CLOSED_SHELL('',(#7360,#7361,#7362,#7363,#7364));
#114=CLOSED_SHELL('',(#7365,#7366,#7367,#7368));
#115=CLOSED_SHELL('',(#7369,#7370,#7371,#7372,#7373,#7374,#7375,#7376,#7377,
#7378,#7379,#7380,#7381,#7382,#7383,#7384,#7385,#7386,#7387,#7388,#7389,
#7390,#7391,#7392,#7393,#7394,#7395,#7396,#7397,#7398,#7399));
#116=CLOSED_SHELL('',(#7400,#7401,#7402,#7403,#7404,#7405,#7406,#7407,#7408,
#7409,#7410,#7411,#7412,#7413,#7414,#7415,#7416,#7417,#7418,#7419,#7420,
#7421,#7422,#7423,#7424,#7425,#7426,#7427,#7428,#7429,#7430,#7431,#7432,
#7433,#7434,#7435,#7436,#7437,#7438,#7439,#7440,#7441,#7442,#7443,#7444,
#7445,#7446,#7447,#7448,#7449,#7450,#7451,#7452,#7453,#7454,#7455,#7456,
#7457,#7458,#7459,#7460,#7461,#7462,#7463,#7464,#7465,#7466,#7467,#7468,
#7469,#7470,#7471,#7472,#7473,#7474,#7475,#7476,#7477,#7478,#7479,#7480));
#117=CLOSED_SHELL('',(#7481,#7482,#7483,#7484,#7485,#7486,#7487));
#118=CLOSED_SHELL('',(#7488,#7489,#7490,#7491,#7492,#7493,#7494,#7495,#7496,
#7497,#7498,#7499,#7500,#7501,#7502,#7503,#7504,#7505,#7506,#7507,#7508,
#7509,#7510,#7511,#7512,#7513,#7514,#7515,#7516,#7517));
#119=CLOSED_SHELL('',(#7518,#7519,#7520,#7521,#7522,#7523,#7524,#7525,#7526,
#7527,#7528,#7529,#7530,#7531,#7532,#7533,#7534,#7535,#7536,#7537,#7538,
#7539,#7540,#7541,#7542,#7543,#7544,#7545,#7546,#7547,#7548,#7549,#7550,
#7551,#7552,#7553,#7554,#7555,#7556,#7557,#7558,#7559,#7560,#7561,#7562,
#7563,#7564,#7565,#7566,#7567,#7568,#7569,#7570,#7571,#7572,#7573,#7574,
#7575,#7576,#7577,#7578,#7579,#7580,#7581,#7582,#7583,#7584,#7585,#7586,
#7587,#7588,#7589,#7590,#7591,#7592,#7593,#7594,#7595,#7596,#7597,#7598,
#7599,#7600,#7601,#7602,#7603,#7604,#7605,#7606,#7607,#7608,#7609,#7610,
#7611,#7612,#7613,#7614,#7615,#7616,#7617,#7618,#7619));
#120=FACE_BOUND('',#905,.T.);
#121=FACE_BOUND('',#908,.T.);
#122=FACE_BOUND('',#911,.T.);
#123=FACE_BOUND('',#916,.T.);
#124=FACE_BOUND('',#921,.T.);
#125=FACE_BOUND('',#923,.T.);
#126=FACE_BOUND('',#924,.T.);
#127=FACE_BOUND('',#925,.T.);
#128=FACE_BOUND('',#928,.T.);
#129=FACE_BOUND('',#929,.T.);
#130=FACE_BOUND('',#931,.T.);
#131=FACE_BOUND('',#937,.T.);
#132=FACE_BOUND('',#940,.T.);
#133=FACE_BOUND('',#941,.T.);
#134=FACE_BOUND('',#942,.T.);
#135=FACE_BOUND('',#943,.T.);
#136=FACE_BOUND('',#944,.T.);
#137=FACE_BOUND('',#945,.T.);
#138=FACE_BOUND('',#946,.T.);
#139=FACE_BOUND('',#947,.T.);
#140=FACE_BOUND('',#948,.T.);
#141=FACE_BOUND('',#949,.T.);
#142=FACE_BOUND('',#953,.T.);
#143=FACE_BOUND('',#955,.T.);
#144=FACE_BOUND('',#956,.T.);
#145=FACE_BOUND('',#957,.T.);
#146=FACE_BOUND('',#958,.T.);
#147=FACE_BOUND('',#959,.T.);
#148=FACE_BOUND('',#960,.T.);
#149=FACE_BOUND('',#962,.T.);
#150=FACE_BOUND('',#972,.T.);
#151=FACE_BOUND('',#973,.T.);
#152=FACE_BOUND('',#974,.T.);
#153=FACE_BOUND('',#975,.T.);
#154=FACE_BOUND('',#976,.T.);
#155=FACE_BOUND('',#977,.T.);
#156=FACE_BOUND('',#978,.T.);
#157=FACE_BOUND('',#986,.T.);
#158=FACE_BOUND('',#987,.T.);
#159=FACE_BOUND('',#997,.T.);
#160=FACE_BOUND('',#1031,.T.);
#161=FACE_BOUND('',#1037,.T.);
#162=FACE_BOUND('',#1038,.T.);
#163=FACE_BOUND('',#1040,.T.);
#164=FACE_BOUND('',#1107,.T.);
#165=FACE_BOUND('',#1110,.T.);
#166=FACE_BOUND('',#1113,.T.);
#167=FACE_BOUND('',#1114,.T.);
#168=FACE_BOUND('',#1115,.T.);
#169=FACE_BOUND('',#1116,.T.);
#170=FACE_BOUND('',#1117,.T.);
#171=FACE_BOUND('',#1120,.T.);
#172=FACE_BOUND('',#1121,.T.);
#173=FACE_BOUND('',#1122,.T.);
#174=FACE_BOUND('',#1123,.T.);
#175=FACE_BOUND('',#1124,.T.);
#176=FACE_BOUND('',#1159,.T.);
#177=FACE_BOUND('',#1160,.T.);
#178=FACE_BOUND('',#1161,.T.);
#179=FACE_BOUND('',#1162,.T.);
#180=FACE_BOUND('',#1163,.T.);
#181=FACE_BOUND('',#1164,.T.);
#182=FACE_BOUND('',#1209,.T.);
#183=FACE_BOUND('',#1242,.T.);
#184=FACE_BOUND('',#1243,.T.);
#185=FACE_BOUND('',#1251,.T.);
#186=FACE_BOUND('',#1252,.T.);
#187=FACE_BOUND('',#1253,.T.);
#188=FACE_BOUND('',#1263,.T.);
#189=FACE_BOUND('',#1264,.T.);
#190=FACE_BOUND('',#1265,.T.);
#191=FACE_BOUND('',#1272,.T.);
#192=FACE_BOUND('',#1273,.T.);
#193=FACE_BOUND('',#1274,.T.);
#194=FACE_BOUND('',#1278,.T.);
#195=FACE_BOUND('',#1279,.T.);
#196=FACE_BOUND('',#1280,.T.);
#197=FACE_BOUND('',#1293,.T.);
#198=FACE_BOUND('',#1294,.T.);
#199=FACE_BOUND('',#1295,.T.);
#200=FACE_BOUND('',#1296,.T.);
#201=FACE_BOUND('',#1297,.T.);
#202=FACE_BOUND('',#1298,.T.);
#203=FACE_BOUND('',#1299,.T.);
#204=FACE_BOUND('',#1300,.T.);
#205=FACE_BOUND('',#1301,.T.);
#206=FACE_BOUND('',#1302,.T.);
#207=FACE_BOUND('',#1305,.T.);
#208=FACE_BOUND('',#1306,.T.);
#209=FACE_BOUND('',#1307,.T.);
#210=FACE_BOUND('',#1308,.T.);
#211=FACE_BOUND('',#1309,.T.);
#212=FACE_BOUND('',#1310,.T.);
#213=FACE_BOUND('',#1311,.T.);
#214=FACE_BOUND('',#1312,.T.);
#215=FACE_BOUND('',#1313,.T.);
#216=FACE_BOUND('',#1334,.T.);
#217=FACE_BOUND('',#1335,.T.);
#218=FACE_BOUND('',#1336,.T.);
#219=FACE_BOUND('',#1337,.T.);
#220=FACE_BOUND('',#1338,.T.);
#221=FACE_BOUND('',#1339,.T.);
#222=FACE_BOUND('',#1362,.T.);
#223=FACE_BOUND('',#1368,.T.);
#224=FACE_BOUND('',#1397,.T.);
#225=FACE_BOUND('',#1413,.T.);
#226=FACE_BOUND('',#1417,.T.);
#227=FACE_BOUND('',#1421,.T.);
#228=PLANE('',#7755);
#229=PLANE('',#7760);
#230=PLANE('',#7765);
#231=PLANE('',#7776);
#232=PLANE('',#7787);
#233=PLANE('',#7789);
#234=PLANE('',#7800);
#235=PLANE('',#7801);
#236=PLANE('',#7806);
#237=PLANE('',#7809);
#238=PLANE('',#7810);
#239=PLANE('',#7813);
#240=PLANE('',#7814);
#241=PLANE('',#7819);
#242=PLANE('',#7844);
#243=PLANE('',#7846);
#244=PLANE('',#7860);
#245=PLANE('',#7862);
#246=PLANE('',#7863);
#247=PLANE('',#7867);
#248=PLANE('',#7868);
#249=PLANE('',#7871);
#250=PLANE('',#7872);
#251=PLANE('',#7875);
#252=PLANE('',#7891);
#253=PLANE('',#7893);
#254=PLANE('',#7895);
#255=PLANE('',#7896);
#256=PLANE('',#7903);
#257=PLANE('',#7906);
#258=PLANE('',#7911);
#259=PLANE('',#7912);
#260=PLANE('',#7913);
#261=PLANE('',#7914);
#262=PLANE('',#7915);
#263=PLANE('',#7917);
#264=PLANE('',#7919);
#265=PLANE('',#7922);
#266=PLANE('',#7923);
#267=PLANE('',#7928);
#268=PLANE('',#7931);
#269=PLANE('',#7933);
#270=PLANE('',#7935);
#271=PLANE('',#7937);
#272=PLANE('',#7940);
#273=PLANE('',#7941);
#274=PLANE('',#7942);
#275=PLANE('',#7945);
#276=PLANE('',#7947);
#277=PLANE('',#7949);
#278=PLANE('',#7950);
#279=PLANE('',#7955);
#280=PLANE('',#7957);
#281=PLANE('',#7958);
#282=PLANE('',#7961);
#283=PLANE('',#7986);
#284=PLANE('',#7989);
#285=PLANE('',#7990);
#286=PLANE('',#7991);
#287=PLANE('',#7995);
#288=PLANE('',#7997);
#289=PLANE('',#8000);
#290=PLANE('',#8003);
#291=PLANE('',#8004);
#292=PLANE('',#8005);
#293=PLANE('',#8009);
#294=PLANE('',#8011);
#295=PLANE('',#8013);
#296=PLANE('',#8022);
#297=PLANE('',#8024);
#298=PLANE('',#8035);
#299=PLANE('',#8040);
#300=PLANE('',#8042);
#301=PLANE('',#8051);
#302=PLANE('',#8053);
#303=PLANE('',#8062);
#304=PLANE('',#8064);
#305=PLANE('',#8069);
#306=PLANE('',#8078);
#307=PLANE('',#8090);
#308=PLANE('',#8100);
#309=PLANE('',#8102);
#310=PLANE('',#8103);
#311=PLANE('',#8104);
#312=PLANE('',#8105);
#313=PLANE('',#8106);
#314=PLANE('',#8107);
#315=PLANE('',#8108);
#316=PLANE('',#8109);
#317=PLANE('',#8110);
#318=PLANE('',#8112);
#319=PLANE('',#8114);
#320=PLANE('',#8115);
#321=PLANE('',#8116);
#322=PLANE('',#8117);
#323=PLANE('',#8118);
#324=PLANE('',#8119);
#325=PLANE('',#8120);
#326=PLANE('',#8122);
#327=PLANE('',#8123);
#328=PLANE('',#8128);
#329=PLANE('',#8129);
#330=PLANE('',#8132);
#331=PLANE('',#8135);
#332=PLANE('',#8141);
#333=PLANE('',#8155);
#334=PLANE('',#8158);
#335=PLANE('',#8161);
#336=PLANE('',#8164);
#337=PLANE('',#8167);
#338=PLANE('',#8170);
#339=PLANE('',#8171);
#340=PLANE('',#8174);
#341=PLANE('',#8177);
#342=PLANE('',#8178);
#343=PLANE('',#8180);
#344=PLANE('',#8183);
#345=PLANE('',#8185);
#346=PLANE('',#8186);
#347=PLANE('',#8188);
#348=PLANE('',#8190);
#349=PLANE('',#8193);
#350=PLANE('',#8194);
#351=PLANE('',#8195);
#352=PLANE('',#8196);
#353=PLANE('',#8199);
#354=PLANE('',#8204);
#355=PLANE('',#8205);
#356=PLANE('',#8207);
#357=PLANE('',#8209);
#358=PLANE('',#8210);
#359=PLANE('',#8211);
#360=PLANE('',#8214);
#361=PLANE('',#8215);
#362=PLANE('',#8216);
#363=PLANE('',#8217);
#364=PLANE('',#8228);
#365=PLANE('',#8231);
#366=PLANE('',#8234);
#367=PLANE('',#8235);
#368=PLANE('',#8241);
#369=PLANE('',#8243);
#370=PLANE('',#8245);
#371=PLANE('',#8247);
#372=PLANE('',#8248);
#373=PLANE('',#8250);
#374=PLANE('',#8252);
#375=PLANE('',#8253);
#376=PLANE('',#8254);
#377=PLANE('',#8256);
#378=PLANE('',#8257);
#379=PLANE('',#8258);
#380=PLANE('',#8260);
#381=PLANE('',#8261);
#382=PLANE('',#8262);
#383=PLANE('',#8263);
#384=PLANE('',#8264);
#385=PLANE('',#8266);
#386=PLANE('',#8272);
#387=PLANE('',#8275);
#388=PLANE('',#8276);
#389=PLANE('',#8283);
#390=PLANE('',#8287);
#391=PLANE('',#8288);
#392=PLANE('',#8290);
#393=PLANE('',#8291);
#394=PLANE('',#8292);
#395=PLANE('',#8293);
#396=PLANE('',#8295);
#397=PLANE('',#8296);
#398=PLANE('',#8297);
#399=PLANE('',#8302);
#400=PLANE('',#8306);
#401=PLANE('',#8307);
#402=PLANE('',#8308);
#403=PLANE('',#8312);
#404=PLANE('',#8313);
#405=PLANE('',#8314);
#406=PLANE('',#8318);
#407=PLANE('',#8336);
#408=PLANE('',#8364);
#409=PLANE('',#8377);
#410=PLANE('',#8378);
#411=PLANE('',#8379);
#412=PLANE('',#8383);
#413=PLANE('',#8384);
#414=PLANE('',#8389);
#415=PLANE('',#8391);
#416=PLANE('',#8393);
#417=PLANE('',#8395);
#418=PLANE('',#8397);
#419=PLANE('',#8399);
#420=PLANE('',#8400);
#421=PLANE('',#8403);
#422=PLANE('',#8418);
#423=PLANE('',#8425);
#424=PLANE('',#8427);
#425=PLANE('',#8429);
#426=PLANE('',#8430);
#427=PLANE('',#8432);
#428=PLANE('',#8434);
#429=PLANE('',#8435);
#430=PLANE('',#8437);
#431=PLANE('',#8439);
#432=PLANE('',#8441);
#433=PLANE('',#8443);
#434=PLANE('',#8444);
#435=PLANE('',#8449);
#436=PLANE('',#8453);
#437=PLANE('',#8458);
#438=PLANE('',#8461);
#439=PLANE('',#8462);
#440=PLANE('',#8463);
#441=PLANE('',#8466);
#442=PLANE('',#8469);
#443=PLANE('',#8473);
#444=PLANE('',#8475);
#445=PLANE('',#8477);
#446=PLANE('',#8479);
#447=PLANE('',#8481);
#448=PLANE('',#8483);
#449=PLANE('',#8485);
#450=PLANE('',#8489);
#451=PLANE('',#8492);
#452=PLANE('',#8493);
#453=PLANE('',#8500);
#454=PLANE('',#8502);
#455=PLANE('',#8503);
#456=PLANE('',#8504);
#457=PLANE('',#8505);
#458=PLANE('',#8506);
#459=PLANE('',#8509);
#460=PLANE('',#8511);
#461=PLANE('',#8514);
#462=PLANE('',#8519);
#463=PLANE('',#8524);
#464=PLANE('',#8529);
#465=STYLED_ITEM('',(#13268),#7631);
#466=STYLED_ITEM('',(#13268),#7632);
#467=STYLED_ITEM('',(#13268),#7633);
#468=STYLED_ITEM('',(#13268),#7634);
#469=STYLED_ITEM('',(#13268),#7635);
#470=STYLED_ITEM('',(#13268),#7636);
#471=STYLED_ITEM('',(#13268),#7637);
#472=STYLED_ITEM('',(#13268),#7638);
#473=STYLED_ITEM('',(#13268),#7639);
#474=STYLED_ITEM('',(#13268),#7640);
#475=STYLED_ITEM('',(#13268),#7641);
#476=STYLED_ITEM('',(#13268),#79);
#477=STYLED_ITEM('',(#13268),#80);
#478=STYLED_ITEM('',(#13268),#81);
#479=STYLED_ITEM('',(#13268),#82);
#480=STYLED_ITEM('',(#13268),#83);
#481=STYLED_ITEM('',(#13268),#84);
#482=STYLED_ITEM('',(#13268),#85);
#483=STYLED_ITEM('',(#13268),#86);
#484=STYLED_ITEM('',(#13268),#87);
#485=FACE_OUTER_BOUND('',#901,.T.);
#486=FACE_OUTER_BOUND('',#902,.T.);
#487=FACE_OUTER_BOUND('',#903,.T.);
#488=FACE_OUTER_BOUND('',#904,.T.);
#489=FACE_OUTER_BOUND('',#906,.T.);
#490=FACE_OUTER_BOUND('',#907,.T.);
#491=FACE_OUTER_BOUND('',#909,.T.);
#492=FACE_OUTER_BOUND('',#910,.T.);
#493=FACE_OUTER_BOUND('',#912,.T.);
#494=FACE_OUTER_BOUND('',#913,.T.);
#495=FACE_OUTER_BOUND('',#914,.T.);
#496=FACE_OUTER_BOUND('',#915,.T.);
#497=FACE_OUTER_BOUND('',#917,.T.);
#498=FACE_OUTER_BOUND('',#918,.T.);
#499=FACE_OUTER_BOUND('',#919,.T.);
#500=FACE_OUTER_BOUND('',#920,.T.);
#501=FACE_OUTER_BOUND('',#922,.T.);
#502=FACE_OUTER_BOUND('',#926,.T.);
#503=FACE_OUTER_BOUND('',#927,.T.);
#504=FACE_OUTER_BOUND('',#930,.T.);
#505=FACE_OUTER_BOUND('',#932,.T.);
#506=FACE_OUTER_BOUND('',#933,.T.);
#507=FACE_OUTER_BOUND('',#934,.T.);
#508=FACE_OUTER_BOUND('',#935,.T.);
#509=FACE_OUTER_BOUND('',#936,.T.);
#510=FACE_OUTER_BOUND('',#938,.T.);
#511=FACE_OUTER_BOUND('',#939,.T.);
#512=FACE_OUTER_BOUND('',#950,.T.);
#513=FACE_OUTER_BOUND('',#951,.T.);
#514=FACE_OUTER_BOUND('',#952,.T.);
#515=FACE_OUTER_BOUND('',#954,.T.);
#516=FACE_OUTER_BOUND('',#961,.T.);
#517=FACE_OUTER_BOUND('',#963,.T.);
#518=FACE_OUTER_BOUND('',#964,.T.);
#519=FACE_OUTER_BOUND('',#965,.T.);
#520=FACE_OUTER_BOUND('',#966,.T.);
#521=FACE_OUTER_BOUND('',#967,.T.);
#522=FACE_OUTER_BOUND('',#968,.T.);
#523=FACE_OUTER_BOUND('',#969,.T.);
#524=FACE_OUTER_BOUND('',#970,.T.);
#525=FACE_OUTER_BOUND('',#971,.T.);
#526=FACE_OUTER_BOUND('',#979,.T.);
#527=FACE_OUTER_BOUND('',#980,.T.);
#528=FACE_OUTER_BOUND('',#981,.T.);
#529=FACE_OUTER_BOUND('',#982,.T.);
#530=FACE_OUTER_BOUND('',#983,.T.);
#531=FACE_OUTER_BOUND('',#984,.T.);
#532=FACE_OUTER_BOUND('',#985,.T.);
#533=FACE_OUTER_BOUND('',#988,.T.);
#534=FACE_OUTER_BOUND('',#989,.T.);
#535=FACE_OUTER_BOUND('',#990,.T.);
#536=FACE_OUTER_BOUND('',#991,.T.);
#537=FACE_OUTER_BOUND('',#992,.T.);
#538=FACE_OUTER_BOUND('',#993,.T.);
#539=FACE_OUTER_BOUND('',#994,.T.);
#540=FACE_OUTER_BOUND('',#995,.T.);
#541=FACE_OUTER_BOUND('',#996,.T.);
#542=FACE_OUTER_BOUND('',#998,.T.);
#543=FACE_OUTER_BOUND('',#999,.T.);
#544=FACE_OUTER_BOUND('',#1000,.T.);
#545=FACE_OUTER_BOUND('',#1001,.T.);
#546=FACE_OUTER_BOUND('',#1002,.T.);
#547=FACE_OUTER_BOUND('',#1003,.T.);
#548=FACE_OUTER_BOUND('',#1004,.T.);
#549=FACE_OUTER_BOUND('',#1005,.T.);
#550=FACE_OUTER_BOUND('',#1006,.T.);
#551=FACE_OUTER_BOUND('',#1007,.T.);
#552=FACE_OUTER_BOUND('',#1008,.T.);
#553=FACE_OUTER_BOUND('',#1009,.T.);
#554=FACE_OUTER_BOUND('',#1010,.T.);
#555=FACE_OUTER_BOUND('',#1011,.T.);
#556=FACE_OUTER_BOUND('',#1012,.T.);
#557=FACE_OUTER_BOUND('',#1013,.T.);
#558=FACE_OUTER_BOUND('',#1014,.T.);
#559=FACE_OUTER_BOUND('',#1015,.T.);
#560=FACE_OUTER_BOUND('',#1016,.T.);
#561=FACE_OUTER_BOUND('',#1017,.T.);
#562=FACE_OUTER_BOUND('',#1018,.T.);
#563=FACE_OUTER_BOUND('',#1019,.T.);
#564=FACE_OUTER_BOUND('',#1020,.T.);
#565=FACE_OUTER_BOUND('',#1021,.T.);
#566=FACE_OUTER_BOUND('',#1022,.T.);
#567=FACE_OUTER_BOUND('',#1023,.T.);
#568=FACE_OUTER_BOUND('',#1024,.T.);
#569=FACE_OUTER_BOUND('',#1025,.T.);
#570=FACE_OUTER_BOUND('',#1026,.T.);
#571=FACE_OUTER_BOUND('',#1027,.T.);
#572=FACE_OUTER_BOUND('',#1028,.T.);
#573=FACE_OUTER_BOUND('',#1029,.T.);
#574=FACE_OUTER_BOUND('',#1030,.T.);
#575=FACE_OUTER_BOUND('',#1032,.T.);
#576=FACE_OUTER_BOUND('',#1033,.T.);
#577=FACE_OUTER_BOUND('',#1034,.T.);
#578=FACE_OUTER_BOUND('',#1035,.T.);
#579=FACE_OUTER_BOUND('',#1036,.T.);
#580=FACE_OUTER_BOUND('',#1039,.T.);
#581=FACE_OUTER_BOUND('',#1041,.T.);
#582=FACE_OUTER_BOUND('',#1042,.T.);
#583=FACE_OUTER_BOUND('',#1043,.T.);
#584=FACE_OUTER_BOUND('',#1044,.T.);
#585=FACE_OUTER_BOUND('',#1045,.T.);
#586=FACE_OUTER_BOUND('',#1046,.T.);
#587=FACE_OUTER_BOUND('',#1047,.T.);
#588=FACE_OUTER_BOUND('',#1048,.T.);
#589=FACE_OUTER_BOUND('',#1049,.T.);
#590=FACE_OUTER_BOUND('',#1050,.T.);
#591=FACE_OUTER_BOUND('',#1051,.T.);
#592=FACE_OUTER_BOUND('',#1052,.T.);
#593=FACE_OUTER_BOUND('',#1053,.T.);
#594=FACE_OUTER_BOUND('',#1054,.T.);
#595=FACE_OUTER_BOUND('',#1055,.T.);
#596=FACE_OUTER_BOUND('',#1056,.T.);
#597=FACE_OUTER_BOUND('',#1057,.T.);
#598=FACE_OUTER_BOUND('',#1058,.T.);
#599=FACE_OUTER_BOUND('',#1059,.T.);
#600=FACE_OUTER_BOUND('',#1060,.T.);
#601=FACE_OUTER_BOUND('',#1061,.T.);
#602=FACE_OUTER_BOUND('',#1062,.T.);
#603=FACE_OUTER_BOUND('',#1063,.T.);
#604=FACE_OUTER_BOUND('',#1064,.T.);
#605=FACE_OUTER_BOUND('',#1065,.T.);
#606=FACE_OUTER_BOUND('',#1066,.T.);
#607=FACE_OUTER_BOUND('',#1067,.T.);
#608=FACE_OUTER_BOUND('',#1068,.T.);
#609=FACE_OUTER_BOUND('',#1069,.T.);
#610=FACE_OUTER_BOUND('',#1070,.T.);
#611=FACE_OUTER_BOUND('',#1071,.T.);
#612=FACE_OUTER_BOUND('',#1072,.T.);
#613=FACE_OUTER_BOUND('',#1073,.T.);
#614=FACE_OUTER_BOUND('',#1074,.T.);
#615=FACE_OUTER_BOUND('',#1075,.T.);
#616=FACE_OUTER_BOUND('',#1076,.T.);
#617=FACE_OUTER_BOUND('',#1077,.T.);
#618=FACE_OUTER_BOUND('',#1078,.T.);
#619=FACE_OUTER_BOUND('',#1079,.T.);
#620=FACE_OUTER_BOUND('',#1080,.T.);
#621=FACE_OUTER_BOUND('',#1081,.T.);
#622=FACE_OUTER_BOUND('',#1082,.T.);
#623=FACE_OUTER_BOUND('',#1083,.T.);
#624=FACE_OUTER_BOUND('',#1084,.T.);
#625=FACE_OUTER_BOUND('',#1085,.T.);
#626=FACE_OUTER_BOUND('',#1086,.T.);
#627=FACE_OUTER_BOUND('',#1087,.T.);
#628=FACE_OUTER_BOUND('',#1088,.T.);
#629=FACE_OUTER_BOUND('',#1089,.T.);
#630=FACE_OUTER_BOUND('',#1090,.T.);
#631=FACE_OUTER_BOUND('',#1091,.T.);
#632=FACE_OUTER_BOUND('',#1092,.T.);
#633=FACE_OUTER_BOUND('',#1093,.T.);
#634=FACE_OUTER_BOUND('',#1094,.T.);
#635=FACE_OUTER_BOUND('',#1095,.T.);
#636=FACE_OUTER_BOUND('',#1096,.T.);
#637=FACE_OUTER_BOUND('',#1097,.T.);
#638=FACE_OUTER_BOUND('',#1098,.T.);
#639=FACE_OUTER_BOUND('',#1099,.T.);
#640=FACE_OUTER_BOUND('',#1100,.T.);
#641=FACE_OUTER_BOUND('',#1101,.T.);
#642=FACE_OUTER_BOUND('',#1102,.T.);
#643=FACE_OUTER_BOUND('',#1103,.T.);
#644=FACE_OUTER_BOUND('',#1104,.T.);
#645=FACE_OUTER_BOUND('',#1105,.T.);
#646=FACE_OUTER_BOUND('',#1106,.T.);
#647=FACE_OUTER_BOUND('',#1108,.T.);
#648=FACE_OUTER_BOUND('',#1109,.T.);
#649=FACE_OUTER_BOUND('',#1111,.T.);
#650=FACE_OUTER_BOUND('',#1112,.T.);
#651=FACE_OUTER_BOUND('',#1118,.T.);
#652=FACE_OUTER_BOUND('',#1119,.T.);
#653=FACE_OUTER_BOUND('',#1125,.T.);
#654=FACE_OUTER_BOUND('',#1126,.T.);
#655=FACE_OUTER_BOUND('',#1127,.T.);
#656=FACE_OUTER_BOUND('',#1128,.T.);
#657=FACE_OUTER_BOUND('',#1129,.T.);
#658=FACE_OUTER_BOUND('',#1130,.T.);
#659=FACE_OUTER_BOUND('',#1131,.T.);
#660=FACE_OUTER_BOUND('',#1132,.T.);
#661=FACE_OUTER_BOUND('',#1133,.T.);
#662=FACE_OUTER_BOUND('',#1134,.T.);
#663=FACE_OUTER_BOUND('',#1135,.T.);
#664=FACE_OUTER_BOUND('',#1136,.T.);
#665=FACE_OUTER_BOUND('',#1137,.T.);
#666=FACE_OUTER_BOUND('',#1138,.T.);
#667=FACE_OUTER_BOUND('',#1139,.T.);
#668=FACE_OUTER_BOUND('',#1140,.T.);
#669=FACE_OUTER_BOUND('',#1141,.T.);
#670=FACE_OUTER_BOUND('',#1142,.T.);
#671=FACE_OUTER_BOUND('',#1143,.T.);
#672=FACE_OUTER_BOUND('',#1144,.T.);
#673=FACE_OUTER_BOUND('',#1145,.T.);
#674=FACE_OUTER_BOUND('',#1146,.T.);
#675=FACE_OUTER_BOUND('',#1147,.T.);
#676=FACE_OUTER_BOUND('',#1148,.T.);
#677=FACE_OUTER_BOUND('',#1149,.T.);
#678=FACE_OUTER_BOUND('',#1150,.T.);
#679=FACE_OUTER_BOUND('',#1151,.T.);
#680=FACE_OUTER_BOUND('',#1152,.T.);
#681=FACE_OUTER_BOUND('',#1153,.T.);
#682=FACE_OUTER_BOUND('',#1154,.T.);
#683=FACE_OUTER_BOUND('',#1155,.T.);
#684=FACE_OUTER_BOUND('',#1156,.T.);
#685=FACE_OUTER_BOUND('',#1157,.T.);
#686=FACE_OUTER_BOUND('',#1158,.T.);
#687=FACE_OUTER_BOUND('',#1165,.T.);
#688=FACE_OUTER_BOUND('',#1166,.T.);
#689=FACE_OUTER_BOUND('',#1167,.T.);
#690=FACE_OUTER_BOUND('',#1168,.T.);
#691=FACE_OUTER_BOUND('',#1169,.T.);
#692=FACE_OUTER_BOUND('',#1170,.T.);
#693=FACE_OUTER_BOUND('',#1171,.T.);
#694=FACE_OUTER_BOUND('',#1172,.T.);
#695=FACE_OUTER_BOUND('',#1173,.T.);
#696=FACE_OUTER_BOUND('',#1174,.T.);
#697=FACE_OUTER_BOUND('',#1175,.T.);
#698=FACE_OUTER_BOUND('',#1176,.T.);
#699=FACE_OUTER_BOUND('',#1177,.T.);
#700=FACE_OUTER_BOUND('',#1178,.T.);
#701=FACE_OUTER_BOUND('',#1179,.T.);
#702=FACE_OUTER_BOUND('',#1180,.T.);
#703=FACE_OUTER_BOUND('',#1181,.T.);
#704=FACE_OUTER_BOUND('',#1182,.T.);
#705=FACE_OUTER_BOUND('',#1183,.T.);
#706=FACE_OUTER_BOUND('',#1184,.T.);
#707=FACE_OUTER_BOUND('',#1185,.T.);
#708=FACE_OUTER_BOUND('',#1186,.T.);
#709=FACE_OUTER_BOUND('',#1187,.T.);
#710=FACE_OUTER_BOUND('',#1188,.T.);
#711=FACE_OUTER_BOUND('',#1189,.T.);
#712=FACE_OUTER_BOUND('',#1190,.T.);
#713=FACE_OUTER_BOUND('',#1191,.T.);
#714=FACE_OUTER_BOUND('',#1192,.T.);
#715=FACE_OUTER_BOUND('',#1193,.T.);
#716=FACE_OUTER_BOUND('',#1194,.T.);
#717=FACE_OUTER_BOUND('',#1195,.T.);
#718=FACE_OUTER_BOUND('',#1196,.T.);
#719=FACE_OUTER_BOUND('',#1197,.T.);
#720=FACE_OUTER_BOUND('',#1198,.T.);
#721=FACE_OUTER_BOUND('',#1199,.T.);
#722=FACE_OUTER_BOUND('',#1200,.T.);
#723=FACE_OUTER_BOUND('',#1201,.T.);
#724=FACE_OUTER_BOUND('',#1202,.T.);
#725=FACE_OUTER_BOUND('',#1203,.T.);
#726=FACE_OUTER_BOUND('',#1204,.T.);
#727=FACE_OUTER_BOUND('',#1205,.T.);
#728=FACE_OUTER_BOUND('',#1206,.T.);
#729=FACE_OUTER_BOUND('',#1207,.T.);
#730=FACE_OUTER_BOUND('',#1208,.T.);
#731=FACE_OUTER_BOUND('',#1210,.T.);
#732=FACE_OUTER_BOUND('',#1211,.T.);
#733=FACE_OUTER_BOUND('',#1212,.T.);
#734=FACE_OUTER_BOUND('',#1213,.T.);
#735=FACE_OUTER_BOUND('',#1214,.T.);
#736=FACE_OUTER_BOUND('',#1215,.T.);
#737=FACE_OUTER_BOUND('',#1216,.T.);
#738=FACE_OUTER_BOUND('',#1217,.T.);
#739=FACE_OUTER_BOUND('',#1218,.T.);
#740=FACE_OUTER_BOUND('',#1219,.T.);
#741=FACE_OUTER_BOUND('',#1220,.T.);
#742=FACE_OUTER_BOUND('',#1221,.T.);
#743=FACE_OUTER_BOUND('',#1222,.T.);
#744=FACE_OUTER_BOUND('',#1223,.T.);
#745=FACE_OUTER_BOUND('',#1224,.T.);
#746=FACE_OUTER_BOUND('',#1225,.T.);
#747=FACE_OUTER_BOUND('',#1226,.T.);
#748=FACE_OUTER_BOUND('',#1227,.T.);
#749=FACE_OUTER_BOUND('',#1228,.T.);
#750=FACE_OUTER_BOUND('',#1229,.T.);
#751=FACE_OUTER_BOUND('',#1230,.T.);
#752=FACE_OUTER_BOUND('',#1231,.T.);
#753=FACE_OUTER_BOUND('',#1232,.T.);
#754=FACE_OUTER_BOUND('',#1233,.T.);
#755=FACE_OUTER_BOUND('',#1234,.T.);
#756=FACE_OUTER_BOUND('',#1235,.T.);
#757=FACE_OUTER_BOUND('',#1236,.T.);
#758=FACE_OUTER_BOUND('',#1237,.T.);
#759=FACE_OUTER_BOUND('',#1238,.T.);
#760=FACE_OUTER_BOUND('',#1239,.T.);
#761=FACE_OUTER_BOUND('',#1240,.T.);
#762=FACE_OUTER_BOUND('',#1241,.T.);
#763=FACE_OUTER_BOUND('',#1244,.T.);
#764=FACE_OUTER_BOUND('',#1245,.T.);
#765=FACE_OUTER_BOUND('',#1246,.T.);
#766=FACE_OUTER_BOUND('',#1247,.T.);
#767=FACE_OUTER_BOUND('',#1248,.T.);
#768=FACE_OUTER_BOUND('',#1249,.T.);
#769=FACE_OUTER_BOUND('',#1250,.T.);
#770=FACE_OUTER_BOUND('',#1254,.T.);
#771=FACE_OUTER_BOUND('',#1255,.T.);
#772=FACE_OUTER_BOUND('',#1256,.T.);
#773=FACE_OUTER_BOUND('',#1257,.T.);
#774=FACE_OUTER_BOUND('',#1258,.T.);
#775=FACE_OUTER_BOUND('',#1259,.T.);
#776=FACE_OUTER_BOUND('',#1260,.T.);
#777=FACE_OUTER_BOUND('',#1261,.T.);
#778=FACE_OUTER_BOUND('',#1262,.T.);
#779=FACE_OUTER_BOUND('',#1266,.T.);
#780=FACE_OUTER_BOUND('',#1267,.T.);
#781=FACE_OUTER_BOUND('',#1268,.T.);
#782=FACE_OUTER_BOUND('',#1269,.T.);
#783=FACE_OUTER_BOUND('',#1270,.T.);
#784=FACE_OUTER_BOUND('',#1271,.T.);
#785=FACE_OUTER_BOUND('',#1275,.T.);
#786=FACE_OUTER_BOUND('',#1276,.T.);
#787=FACE_OUTER_BOUND('',#1277,.T.);
#788=FACE_OUTER_BOUND('',#1281,.T.);
#789=FACE_OUTER_BOUND('',#1282,.T.);
#790=FACE_OUTER_BOUND('',#1283,.T.);
#791=FACE_OUTER_BOUND('',#1284,.T.);
#792=FACE_OUTER_BOUND('',#1285,.T.);
#793=FACE_OUTER_BOUND('',#1286,.T.);
#794=FACE_OUTER_BOUND('',#1287,.T.);
#795=FACE_OUTER_BOUND('',#1288,.T.);
#796=FACE_OUTER_BOUND('',#1289,.T.);
#797=FACE_OUTER_BOUND('',#1290,.T.);
#798=FACE_OUTER_BOUND('',#1291,.T.);
#799=FACE_OUTER_BOUND('',#1292,.T.);
#800=FACE_OUTER_BOUND('',#1303,.T.);
#801=FACE_OUTER_BOUND('',#1304,.T.);
#802=FACE_OUTER_BOUND('',#1314,.T.);
#803=FACE_OUTER_BOUND('',#1315,.T.);
#804=FACE_OUTER_BOUND('',#1316,.T.);
#805=FACE_OUTER_BOUND('',#1317,.T.);
#806=FACE_OUTER_BOUND('',#1318,.T.);
#807=FACE_OUTER_BOUND('',#1319,.T.);
#808=FACE_OUTER_BOUND('',#1320,.T.);
#809=FACE_OUTER_BOUND('',#1321,.T.);
#810=FACE_OUTER_BOUND('',#1322,.T.);
#811=FACE_OUTER_BOUND('',#1323,.T.);
#812=FACE_OUTER_BOUND('',#1324,.T.);
#813=FACE_OUTER_BOUND('',#1325,.T.);
#814=FACE_OUTER_BOUND('',#1326,.T.);
#815=FACE_OUTER_BOUND('',#1327,.T.);
#816=FACE_OUTER_BOUND('',#1328,.T.);
#817=FACE_OUTER_BOUND('',#1329,.T.);
#818=FACE_OUTER_BOUND('',#1330,.T.);
#819=FACE_OUTER_BOUND('',#1331,.T.);
#820=FACE_OUTER_BOUND('',#1332,.T.);
#821=FACE_OUTER_BOUND('',#1333,.T.);
#822=FACE_OUTER_BOUND('',#1340,.T.);
#823=FACE_OUTER_BOUND('',#1341,.T.);
#824=FACE_OUTER_BOUND('',#1342,.T.);
#825=FACE_OUTER_BOUND('',#1343,.T.);
#826=FACE_OUTER_BOUND('',#1344,.T.);
#827=FACE_OUTER_BOUND('',#1345,.T.);
#828=FACE_OUTER_BOUND('',#1346,.T.);
#829=FACE_OUTER_BOUND('',#1347,.T.);
#830=FACE_OUTER_BOUND('',#1348,.T.);
#831=FACE_OUTER_BOUND('',#1349,.T.);
#832=FACE_OUTER_BOUND('',#1350,.T.);
#833=FACE_OUTER_BOUND('',#1351,.T.);
#834=FACE_OUTER_BOUND('',#1352,.T.);
#835=FACE_OUTER_BOUND('',#1353,.T.);
#836=FACE_OUTER_BOUND('',#1354,.T.);
#837=FACE_OUTER_BOUND('',#1355,.T.);
#838=FACE_OUTER_BOUND('',#1356,.T.);
#839=FACE_OUTER_BOUND('',#1357,.T.);
#840=FACE_OUTER_BOUND('',#1358,.T.);
#841=FACE_OUTER_BOUND('',#1359,.T.);
#842=FACE_OUTER_BOUND('',#1360,.T.);
#843=FACE_OUTER_BOUND('',#1361,.T.);
#844=FACE_OUTER_BOUND('',#1363,.T.);
#845=FACE_OUTER_BOUND('',#1364,.T.);
#846=FACE_OUTER_BOUND('',#1365,.T.);
#847=FACE_OUTER_BOUND('',#1366,.T.);
#848=FACE_OUTER_BOUND('',#1367,.T.);
#849=FACE_OUTER_BOUND('',#1369,.T.);
#850=FACE_OUTER_BOUND('',#1370,.T.);
#851=FACE_OUTER_BOUND('',#1371,.T.);
#852=FACE_OUTER_BOUND('',#1372,.T.);
#853=FACE_OUTER_BOUND('',#1373,.T.);
#854=FACE_OUTER_BOUND('',#1374,.T.);
#855=FACE_OUTER_BOUND('',#1375,.T.);
#856=FACE_OUTER_BOUND('',#1376,.T.);
#857=FACE_OUTER_BOUND('',#1377,.T.);
#858=FACE_OUTER_BOUND('',#1378,.T.);
#859=FACE_OUTER_BOUND('',#1379,.T.);
#860=FACE_OUTER_BOUND('',#1380,.T.);
#861=FACE_OUTER_BOUND('',#1381,.T.);
#862=FACE_OUTER_BOUND('',#1382,.T.);
#863=FACE_OUTER_BOUND('',#1383,.T.);
#864=FACE_OUTER_BOUND('',#1384,.T.);
#865=FACE_OUTER_BOUND('',#1385,.T.);
#866=FACE_OUTER_BOUND('',#1386,.T.);
#867=FACE_OUTER_BOUND('',#1387,.T.);
#868=FACE_OUTER_BOUND('',#1388,.T.);
#869=FACE_OUTER_BOUND('',#1389,.T.);
#870=FACE_OUTER_BOUND('',#1390,.T.);
#871=FACE_OUTER_BOUND('',#1391,.T.);
#872=FACE_OUTER_BOUND('',#1392,.T.);
#873=FACE_OUTER_BOUND('',#1393,.T.);
#874=FACE_OUTER_BOUND('',#1394,.T.);
#875=FACE_OUTER_BOUND('',#1395,.T.);
#876=FACE_OUTER_BOUND('',#1396,.T.);
#877=FACE_OUTER_BOUND('',#1398,.T.);
#878=FACE_OUTER_BOUND('',#1399,.T.);
#879=FACE_OUTER_BOUND('',#1400,.T.);
#880=FACE_OUTER_BOUND('',#1401,.T.);
#881=FACE_OUTER_BOUND('',#1402,.T.);
#882=FACE_OUTER_BOUND('',#1403,.T.);
#883=FACE_OUTER_BOUND('',#1404,.T.);
#884=FACE_OUTER_BOUND('',#1405,.T.);
#885=FACE_OUTER_BOUND('',#1406,.T.);
#886=FACE_OUTER_BOUND('',#1407,.T.);
#887=FACE_OUTER_BOUND('',#1408,.T.);
#888=FACE_OUTER_BOUND('',#1409,.T.);
#889=FACE_OUTER_BOUND('',#1410,.T.);
#890=FACE_OUTER_BOUND('',#1411,.T.);
#891=FACE_OUTER_BOUND('',#1412,.T.);
#892=FACE_OUTER_BOUND('',#1414,.T.);
#893=FACE_OUTER_BOUND('',#1415,.T.);
#894=FACE_OUTER_BOUND('',#1416,.T.);
#895=FACE_OUTER_BOUND('',#1418,.T.);
#896=FACE_OUTER_BOUND('',#1419,.T.);
#897=FACE_OUTER_BOUND('',#1420,.T.);
#898=FACE_OUTER_BOUND('',#1422,.T.);
#899=FACE_OUTER_BOUND('',#1423,.T.);
#900=FACE_OUTER_BOUND('',#1424,.T.);
#901=EDGE_LOOP('',(#4949,#4950,#4951,#4952));
#902=EDGE_LOOP('',(#4953,#4954,#4955,#4956));
#903=EDGE_LOOP('',(#4957,#4958,#4959,#4960));
#904=EDGE_LOOP('',(#4961));
#905=EDGE_LOOP('',(#4962));
#906=EDGE_LOOP('',(#4963,#4964,#4965,#4966));
#907=EDGE_LOOP('',(#4967));
#908=EDGE_LOOP('',(#4968));
#909=EDGE_LOOP('',(#4969,#4970,#4971,#4972));
#910=EDGE_LOOP('',(#4973));
#911=EDGE_LOOP('',(#4974));
#912=EDGE_LOOP('',(#4975,#4976,#4977,#4978));
#913=EDGE_LOOP('',(#4979,#4980,#4981,#4982));
#914=EDGE_LOOP('',(#4983,#4984,#4985,#4986));
#915=EDGE_LOOP('',(#4987));
#916=EDGE_LOOP('',(#4988));
#917=EDGE_LOOP('',(#4989,#4990,#4991,#4992));
#918=EDGE_LOOP('',(#4993,#4994,#4995,#4996));
#919=EDGE_LOOP('',(#4997,#4998,#4999,#5000));
#920=EDGE_LOOP('',(#5001));
#921=EDGE_LOOP('',(#5002));
#922=EDGE_LOOP('',(#5003,#5004,#5005,#5006));
#923=EDGE_LOOP('',(#5007));
#924=EDGE_LOOP('',(#5008));
#925=EDGE_LOOP('',(#5009,#5010,#5011,#5012,#5013,#5014,#5015,#5016,#5017,
#5018,#5019,#5020,#5021,#5022,#5023,#5024,#5025,#5026,#5027));
#926=EDGE_LOOP('',(#5028,#5029,#5030,#5031,#5032,#5033,#5034,#5035,#5036,
#5037,#5038,#5039,#5040,#5041,#5042,#5043));
#927=EDGE_LOOP('',(#5044,#5045,#5046,#5047,#5048,#5049,#5050,#5051));
#928=EDGE_LOOP('',(#5052));
#929=EDGE_LOOP('',(#5053));
#930=EDGE_LOOP('',(#5054,#5055,#5056,#5057,#5058));
#931=EDGE_LOOP('',(#5059));
#932=EDGE_LOOP('',(#5060,#5061,#5062,#5063));
#933=EDGE_LOOP('',(#5064,#5065,#5066,#5067,#5068,#5069,#5070,#5071));
#934=EDGE_LOOP('',(#5072,#5073,#5074,#5075));
#935=EDGE_LOOP('',(#5076,#5077,#5078,#5079,#5080,#5081,#5082,#5083));
#936=EDGE_LOOP('',(#5084,#5085,#5086,#5087,#5088));
#937=EDGE_LOOP('',(#5089));
#938=EDGE_LOOP('',(#5090,#5091,#5092,#5093));
#939=EDGE_LOOP('',(#5094,#5095,#5096,#5097,#5098,#5099,#5100,#5101,#5102,
#5103,#5104,#5105,#5106,#5107,#5108,#5109,#5110,#5111,#5112,#5113,#5114,
#5115,#5116,#5117,#5118));
#940=EDGE_LOOP('',(#5119));
#941=EDGE_LOOP('',(#5120));
#942=EDGE_LOOP('',(#5121));
#943=EDGE_LOOP('',(#5122));
#944=EDGE_LOOP('',(#5123));
#945=EDGE_LOOP('',(#5124));
#946=EDGE_LOOP('',(#5125));
#947=EDGE_LOOP('',(#5126));
#948=EDGE_LOOP('',(#5127));
#949=EDGE_LOOP('',(#5128));
#950=EDGE_LOOP('',(#5129,#5130,#5131,#5132));
#951=EDGE_LOOP('',(#5133,#5134,#5135,#5136));
#952=EDGE_LOOP('',(#5137,#5138,#5139,#5140));
#953=EDGE_LOOP('',(#5141));
#954=EDGE_LOOP('',(#5142,#5143,#5144,#5145,#5146,#5147,#5148,#5149,#5150,
#5151,#5152,#5153,#5154,#5155,#5156,#5157,#5158,#5159,#5160,#5161,#5162,
#5163,#5164,#5165,#5166,#5167,#5168,#5169,#5170,#5171));
#955=EDGE_LOOP('',(#5172));
#956=EDGE_LOOP('',(#5173));
#957=EDGE_LOOP('',(#5174));
#958=EDGE_LOOP('',(#5175));
#959=EDGE_LOOP('',(#5176));
#960=EDGE_LOOP('',(#5177));
#961=EDGE_LOOP('',(#5178,#5179,#5180,#5181));
#962=EDGE_LOOP('',(#5182));
#963=EDGE_LOOP('',(#5183,#5184,#5185,#5186));
#964=EDGE_LOOP('',(#5187,#5188,#5189,#5190,#5191,#5192,#5193,#5194));
#965=EDGE_LOOP('',(#5195,#5196,#5197,#5198));
#966=EDGE_LOOP('',(#5199,#5200,#5201,#5202));
#967=EDGE_LOOP('',(#5203,#5204,#5205,#5206,#5207,#5208,#5209,#5210,#5211,
#5212));
#968=EDGE_LOOP('',(#5213,#5214,#5215,#5216));
#969=EDGE_LOOP('',(#5217,#5218,#5219,#5220));
#970=EDGE_LOOP('',(#5221,#5222,#5223,#5224));
#971=EDGE_LOOP('',(#5225,#5226,#5227,#5228,#5229,#5230,#5231,#5232));
#972=EDGE_LOOP('',(#5233));
#973=EDGE_LOOP('',(#5234));
#974=EDGE_LOOP('',(#5235,#5236,#5237,#5238));
#975=EDGE_LOOP('',(#5239,#5240,#5241,#5242));
#976=EDGE_LOOP('',(#5243,#5244,#5245,#5246));
#977=EDGE_LOOP('',(#5247,#5248,#5249,#5250));
#978=EDGE_LOOP('',(#5251,#5252,#5253,#5254,#5255,#5256));
#979=EDGE_LOOP('',(#5257,#5258,#5259,#5260));
#980=EDGE_LOOP('',(#5261,#5262,#5263,#5264));
#981=EDGE_LOOP('',(#5265,#5266,#5267,#5268));
#982=EDGE_LOOP('',(#5269,#5270,#5271,#5272,#5273,#5274));
#983=EDGE_LOOP('',(#5275,#5276,#5277,#5278));
#984=EDGE_LOOP('',(#5279,#5280,#5281,#5282,#5283,#5284));
#985=EDGE_LOOP('',(#5285,#5286,#5287,#5288,#5289,#5290));
#986=EDGE_LOOP('',(#5291));
#987=EDGE_LOOP('',(#5292));
#988=EDGE_LOOP('',(#5293,#5294,#5295,#5296));
#989=EDGE_LOOP('',(#5297,#5298,#5299,#5300));
#990=EDGE_LOOP('',(#5301,#5302,#5303,#5304));
#991=EDGE_LOOP('',(#5305,#5306,#5307,#5308));
#992=EDGE_LOOP('',(#5309,#5310,#5311,#5312));
#993=EDGE_LOOP('',(#5313,#5314,#5315,#5316));
#994=EDGE_LOOP('',(#5317,#5318,#5319,#5320));
#995=EDGE_LOOP('',(#5321,#5322,#5323,#5324));
#996=EDGE_LOOP('',(#5325,#5326,#5327,#5328));
#997=EDGE_LOOP('',(#5329));
#998=EDGE_LOOP('',(#5330,#5331,#5332,#5333,#5334,#5335));
#999=EDGE_LOOP('',(#5336,#5337,#5338,#5339));
#1000=EDGE_LOOP('',(#5340,#5341,#5342,#5343,#5344,#5345));
#1001=EDGE_LOOP('',(#5346,#5347,#5348,#5349));
#1002=EDGE_LOOP('',(#5350,#5351,#5352,#5353));
#1003=EDGE_LOOP('',(#5354,#5355,#5356,#5357));
#1004=EDGE_LOOP('',(#5358,#5359,#5360,#5361));
#1005=EDGE_LOOP('',(#5362,#5363,#5364,#5365,#5366,#5367,#5368,#5369));
#1006=EDGE_LOOP('',(#5370,#5371,#5372,#5373,#5374,#5375));
#1007=EDGE_LOOP('',(#5376,#5377,#5378,#5379,#5380,#5381,#5382,#5383,#5384,
#5385,#5386,#5387));
#1008=EDGE_LOOP('',(#5388,#5389,#5390,#5391));
#1009=EDGE_LOOP('',(#5392,#5393,#5394,#5395,#5396,#5397));
#1010=EDGE_LOOP('',(#5398,#5399,#5400,#5401,#5402));
#1011=EDGE_LOOP('',(#5403,#5404,#5405,#5406));
#1012=EDGE_LOOP('',(#5407,#5408,#5409,#5410));
#1013=EDGE_LOOP('',(#5411,#5412,#5413,#5414,#5415,#5416));
#1014=EDGE_LOOP('',(#5417,#5418,#5419,#5420));
#1015=EDGE_LOOP('',(#5421,#5422,#5423,#5424));
#1016=EDGE_LOOP('',(#5425,#5426,#5427,#5428));
#1017=EDGE_LOOP('',(#5429,#5430,#5431,#5432));
#1018=EDGE_LOOP('',(#5433,#5434,#5435,#5436));
#1019=EDGE_LOOP('',(#5437,#5438,#5439,#5440));
#1020=EDGE_LOOP('',(#5441,#5442,#5443,#5444));
#1021=EDGE_LOOP('',(#5445,#5446,#5447,#5448));
#1022=EDGE_LOOP('',(#5449,#5450,#5451,#5452));
#1023=EDGE_LOOP('',(#5453,#5454,#5455,#5456,#5457,#5458,#5459,#5460));
#1024=EDGE_LOOP('',(#5461,#5462,#5463,#5464));
#1025=EDGE_LOOP('',(#5465,#5466,#5467,#5468));
#1026=EDGE_LOOP('',(#5469,#5470,#5471,#5472));
#1027=EDGE_LOOP('',(#5473,#5474,#5475,#5476));
#1028=EDGE_LOOP('',(#5477,#5478,#5479,#5480));
#1029=EDGE_LOOP('',(#5481,#5482,#5483,#5484));
#1030=EDGE_LOOP('',(#5485,#5486,#5487,#5488,#5489,#5490,#5491,#5492,#5493,
#5494));
#1031=EDGE_LOOP('',(#5495));
#1032=EDGE_LOOP('',(#5496,#5497,#5498,#5499));
#1033=EDGE_LOOP('',(#5500,#5501,#5502,#5503));
#1034=EDGE_LOOP('',(#5504,#5505,#5506,#5507));
#1035=EDGE_LOOP('',(#5508,#5509,#5510,#5511));
#1036=EDGE_LOOP('',(#5512,#5513,#5514,#5515));
#1037=EDGE_LOOP('',(#5516));
#1038=EDGE_LOOP('',(#5517));
#1039=EDGE_LOOP('',(#5518,#5519,#5520,#5521));
#1040=EDGE_LOOP('',(#5522));
#1041=EDGE_LOOP('',(#5523,#5524,#5525,#5526));
#1042=EDGE_LOOP('',(#5527,#5528,#5529,#5530));
#1043=EDGE_LOOP('',(#5531,#5532,#5533));
#1044=EDGE_LOOP('',(#5534,#5535,#5536,#5537));
#1045=EDGE_LOOP('',(#5538,#5539,#5540,#5541));
#1046=EDGE_LOOP('',(#5542,#5543,#5544));
#1047=EDGE_LOOP('',(#5545,#5546,#5547,#5548));
#1048=EDGE_LOOP('',(#5549,#5550,#5551,#5552));
#1049=EDGE_LOOP('',(#5553,#5554,#5555));
#1050=EDGE_LOOP('',(#5556,#5557,#5558,#5559));
#1051=EDGE_LOOP('',(#5560,#5561,#5562,#5563));
#1052=EDGE_LOOP('',(#5564,#5565,#5566));
#1053=EDGE_LOOP('',(#5567,#5568,#5569,#5570));
#1054=EDGE_LOOP('',(#5571,#5572,#5573,#5574));
#1055=EDGE_LOOP('',(#5575,#5576,#5577,#5578));
#1056=EDGE_LOOP('',(#5579,#5580,#5581,#5582));
#1057=EDGE_LOOP('',(#5583,#5584,#5585,#5586));
#1058=EDGE_LOOP('',(#5587,#5588,#5589,#5590));
#1059=EDGE_LOOP('',(#5591,#5592,#5593,#5594));
#1060=EDGE_LOOP('',(#5595,#5596,#5597,#5598));
#1061=EDGE_LOOP('',(#5599,#5600,#5601,#5602));
#1062=EDGE_LOOP('',(#5603,#5604,#5605,#5606));
#1063=EDGE_LOOP('',(#5607,#5608,#5609,#5610));
#1064=EDGE_LOOP('',(#5611,#5612,#5613,#5614));
#1065=EDGE_LOOP('',(#5615,#5616,#5617,#5618));
#1066=EDGE_LOOP('',(#5619,#5620,#5621,#5622));
#1067=EDGE_LOOP('',(#5623,#5624,#5625,#5626));
#1068=EDGE_LOOP('',(#5627,#5628,#5629,#5630));
#1069=EDGE_LOOP('',(#5631,#5632,#5633,#5634));
#1070=EDGE_LOOP('',(#5635,#5636,#5637,#5638));
#1071=EDGE_LOOP('',(#5639,#5640,#5641,#5642));
#1072=EDGE_LOOP('',(#5643,#5644,#5645,#5646));
#1073=EDGE_LOOP('',(#5647,#5648,#5649,#5650));
#1074=EDGE_LOOP('',(#5651,#5652,#5653,#5654));
#1075=EDGE_LOOP('',(#5655,#5656,#5657,#5658));
#1076=EDGE_LOOP('',(#5659,#5660,#5661,#5662));
#1077=EDGE_LOOP('',(#5663,#5664,#5665,#5666));
#1078=EDGE_LOOP('',(#5667,#5668,#5669,#5670));
#1079=EDGE_LOOP('',(#5671,#5672,#5673,#5674));
#1080=EDGE_LOOP('',(#5675,#5676,#5677));
#1081=EDGE_LOOP('',(#5678,#5679,#5680,#5681));
#1082=EDGE_LOOP('',(#5682,#5683,#5684,#5685));
#1083=EDGE_LOOP('',(#5686,#5687,#5688,#5689));
#1084=EDGE_LOOP('',(#5690,#5691,#5692,#5693));
#1085=EDGE_LOOP('',(#5694,#5695,#5696,#5697));
#1086=EDGE_LOOP('',(#5698,#5699,#5700,#5701));
#1087=EDGE_LOOP('',(#5702,#5703,#5704,#5705));
#1088=EDGE_LOOP('',(#5706,#5707,#5708,#5709));
#1089=EDGE_LOOP('',(#5710,#5711,#5712,#5713));
#1090=EDGE_LOOP('',(#5714,#5715,#5716,#5717));
#1091=EDGE_LOOP('',(#5718,#5719,#5720,#5721));
#1092=EDGE_LOOP('',(#5722,#5723,#5724,#5725));
#1093=EDGE_LOOP('',(#5726,#5727,#5728,#5729));
#1094=EDGE_LOOP('',(#5730,#5731,#5732,#5733));
#1095=EDGE_LOOP('',(#5734));
#1096=EDGE_LOOP('',(#5735));
#1097=EDGE_LOOP('',(#5736,#5737,#5738,#5739));
#1098=EDGE_LOOP('',(#5740,#5741,#5742,#5743,#5744));
#1099=EDGE_LOOP('',(#5745,#5746,#5747,#5748,#5749));
#1100=EDGE_LOOP('',(#5750));
#1101=EDGE_LOOP('',(#5751));
#1102=EDGE_LOOP('',(#5752,#5753,#5754,#5755));
#1103=EDGE_LOOP('',(#5756,#5757,#5758,#5759,#5760));
#1104=EDGE_LOOP('',(#5761,#5762,#5763,#5764,#5765));
#1105=EDGE_LOOP('',(#5766));
#1106=EDGE_LOOP('',(#5767));
#1107=EDGE_LOOP('',(#5768));
#1108=EDGE_LOOP('',(#5769,#5770,#5771,#5772));
#1109=EDGE_LOOP('',(#5773));
#1110=EDGE_LOOP('',(#5774));
#1111=EDGE_LOOP('',(#5775,#5776,#5777,#5778));
#1112=EDGE_LOOP('',(#5779,#5780,#5781,#5782,#5783,#5784,#5785,#5786,#5787,
#5788,#5789,#5790,#5791,#5792,#5793,#5794,#5795,#5796,#5797,#5798,#5799,
#5800,#5801,#5802));
#1113=EDGE_LOOP('',(#5803));
#1114=EDGE_LOOP('',(#5804));
#1115=EDGE_LOOP('',(#5805));
#1116=EDGE_LOOP('',(#5806));
#1117=EDGE_LOOP('',(#5807));
#1118=EDGE_LOOP('',(#5808,#5809,#5810,#5811));
#1119=EDGE_LOOP('',(#5812,#5813,#5814,#5815,#5816,#5817,#5818,#5819,#5820,
#5821,#5822,#5823,#5824,#5825,#5826,#5827,#5828,#5829,#5830,#5831,#5832,
#5833,#5834,#5835));
#1120=EDGE_LOOP('',(#5836));
#1121=EDGE_LOOP('',(#5837));
#1122=EDGE_LOOP('',(#5838));
#1123=EDGE_LOOP('',(#5839));
#1124=EDGE_LOOP('',(#5840));
#1125=EDGE_LOOP('',(#5841,#5842,#5843,#5844));
#1126=EDGE_LOOP('',(#5845,#5846,#5847,#5848));
#1127=EDGE_LOOP('',(#5849,#5850,#5851,#5852));
#1128=EDGE_LOOP('',(#5853,#5854,#5855,#5856));
#1129=EDGE_LOOP('',(#5857,#5858,#5859,#5860));
#1130=EDGE_LOOP('',(#5861,#5862,#5863,#5864));
#1131=EDGE_LOOP('',(#5865,#5866,#5867,#5868));
#1132=EDGE_LOOP('',(#5869,#5870,#5871,#5872));
#1133=EDGE_LOOP('',(#5873,#5874,#5875,#5876));
#1134=EDGE_LOOP('',(#5877,#5878,#5879,#5880));
#1135=EDGE_LOOP('',(#5881,#5882,#5883,#5884));
#1136=EDGE_LOOP('',(#5885,#5886,#5887,#5888));
#1137=EDGE_LOOP('',(#5889,#5890,#5891,#5892));
#1138=EDGE_LOOP('',(#5893,#5894,#5895,#5896));
#1139=EDGE_LOOP('',(#5897,#5898,#5899,#5900));
#1140=EDGE_LOOP('',(#5901,#5902,#5903,#5904));
#1141=EDGE_LOOP('',(#5905,#5906,#5907,#5908));
#1142=EDGE_LOOP('',(#5909,#5910,#5911,#5912));
#1143=EDGE_LOOP('',(#5913,#5914,#5915,#5916));
#1144=EDGE_LOOP('',(#5917,#5918,#5919,#5920));
#1145=EDGE_LOOP('',(#5921,#5922,#5923,#5924));
#1146=EDGE_LOOP('',(#5925,#5926,#5927,#5928));
#1147=EDGE_LOOP('',(#5929,#5930,#5931,#5932));
#1148=EDGE_LOOP('',(#5933,#5934,#5935,#5936));
#1149=EDGE_LOOP('',(#5937,#5938,#5939,#5940));
#1150=EDGE_LOOP('',(#5941,#5942,#5943,#5944));
#1151=EDGE_LOOP('',(#5945,#5946,#5947,#5948));
#1152=EDGE_LOOP('',(#5949,#5950,#5951,#5952));
#1153=EDGE_LOOP('',(#5953,#5954,#5955,#5956,#5957,#5958,#5959,#5960,#5961,
#5962));
#1154=EDGE_LOOP('',(#5963,#5964,#5965,#5966));
#1155=EDGE_LOOP('',(#5967,#5968,#5969,#5970));
#1156=EDGE_LOOP('',(#5971,#5972,#5973,#5974));
#1157=EDGE_LOOP('',(#5975,#5976,#5977,#5978,#5979));
#1158=EDGE_LOOP('',(#5980,#5981,#5982,#5983,#5984,#5985,#5986,#5987,#5988,
#5989,#5990,#5991,#5992,#5993,#5994,#5995,#5996,#5997,#5998,#5999,#6000,
#6001,#6002,#6003));
#1159=EDGE_LOOP('',(#6004));
#1160=EDGE_LOOP('',(#6005));
#1161=EDGE_LOOP('',(#6006));
#1162=EDGE_LOOP('',(#6007));
#1163=EDGE_LOOP('',(#6008));
#1164=EDGE_LOOP('',(#6009));
#1165=EDGE_LOOP('',(#6010,#6011,#6012,#6013));
#1166=EDGE_LOOP('',(#6014));
#1167=EDGE_LOOP('',(#6015,#6016,#6017,#6018));
#1168=EDGE_LOOP('',(#6019));
#1169=EDGE_LOOP('',(#6020,#6021,#6022,#6023));
#1170=EDGE_LOOP('',(#6024));
#1171=EDGE_LOOP('',(#6025,#6026,#6027,#6028));
#1172=EDGE_LOOP('',(#6029));
#1173=EDGE_LOOP('',(#6030,#6031,#6032,#6033));
#1174=EDGE_LOOP('',(#6034));
#1175=EDGE_LOOP('',(#6035,#6036,#6037,#6038));
#1176=EDGE_LOOP('',(#6039));
#1177=EDGE_LOOP('',(#6040,#6041,#6042,#6043));
#1178=EDGE_LOOP('',(#6044,#6045,#6046,#6047,#6048));
#1179=EDGE_LOOP('',(#6049,#6050,#6051,#6052));
#1180=EDGE_LOOP('',(#6053,#6054,#6055,#6056,#6057));
#1181=EDGE_LOOP('',(#6058,#6059,#6060,#6061));
#1182=EDGE_LOOP('',(#6062,#6063,#6064,#6065));
#1183=EDGE_LOOP('',(#6066,#6067,#6068,#6069));
#1184=EDGE_LOOP('',(#6070,#6071,#6072,#6073));
#1185=EDGE_LOOP('',(#6074,#6075,#6076,#6077,#6078));
#1186=EDGE_LOOP('',(#6079,#6080,#6081,#6082));
#1187=EDGE_LOOP('',(#6083,#6084,#6085,#6086));
#1188=EDGE_LOOP('',(#6087,#6088,#6089,#6090,#6091));
#1189=EDGE_LOOP('',(#6092,#6093,#6094,#6095));
#1190=EDGE_LOOP('',(#6096,#6097,#6098,#6099,#6100));
#1191=EDGE_LOOP('',(#6101,#6102,#6103,#6104,#6105,#6106,#6107,#6108,#6109,
#6110,#6111,#6112));
#1192=EDGE_LOOP('',(#6113,#6114,#6115,#6116));
#1193=EDGE_LOOP('',(#6117,#6118,#6119,#6120));
#1194=EDGE_LOOP('',(#6121,#6122,#6123,#6124,#6125,#6126,#6127,#6128,#6129,
#6130));
#1195=EDGE_LOOP('',(#6131,#6132,#6133,#6134,#6135));
#1196=EDGE_LOOP('',(#6136,#6137,#6138,#6139,#6140));
#1197=EDGE_LOOP('',(#6141,#6142,#6143,#6144,#6145));
#1198=EDGE_LOOP('',(#6146,#6147,#6148,#6149));
#1199=EDGE_LOOP('',(#6150,#6151,#6152,#6153,#6154));
#1200=EDGE_LOOP('',(#6155,#6156,#6157,#6158,#6159));
#1201=EDGE_LOOP('',(#6160,#6161,#6162,#6163));
#1202=EDGE_LOOP('',(#6164,#6165,#6166,#6167));
#1203=EDGE_LOOP('',(#6168,#6169,#6170,#6171));
#1204=EDGE_LOOP('',(#6172,#6173,#6174,#6175,#6176));
#1205=EDGE_LOOP('',(#6177,#6178,#6179,#6180,#6181,#6182,#6183,#6184));
#1206=EDGE_LOOP('',(#6185,#6186,#6187,#6188));
#1207=EDGE_LOOP('',(#6189,#6190,#6191,#6192));
#1208=EDGE_LOOP('',(#6193,#6194,#6195,#6196,#6197,#6198,#6199,#6200,#6201,
#6202,#6203,#6204,#6205,#6206,#6207,#6208,#6209,#6210,#6211,#6212,#6213,
#6214));
#1209=EDGE_LOOP('',(#6215,#6216,#6217,#6218,#6219,#6220,#6221,#6222,#6223,
#6224,#6225,#6226));
#1210=EDGE_LOOP('',(#6227,#6228,#6229,#6230));
#1211=EDGE_LOOP('',(#6231,#6232,#6233,#6234));
#1212=EDGE_LOOP('',(#6235,#6236,#6237,#6238));
#1213=EDGE_LOOP('',(#6239,#6240,#6241,#6242));
#1214=EDGE_LOOP('',(#6243,#6244,#6245,#6246));
#1215=EDGE_LOOP('',(#6247,#6248,#6249,#6250,#6251,#6252,#6253,#6254,#6255,
#6256,#6257,#6258));
#1216=EDGE_LOOP('',(#6259,#6260,#6261,#6262));
#1217=EDGE_LOOP('',(#6263,#6264,#6265,#6266));
#1218=EDGE_LOOP('',(#6267,#6268,#6269,#6270));
#1219=EDGE_LOOP('',(#6271,#6272,#6273,#6274));
#1220=EDGE_LOOP('',(#6275,#6276,#6277,#6278));
#1221=EDGE_LOOP('',(#6279,#6280,#6281,#6282));
#1222=EDGE_LOOP('',(#6283,#6284,#6285,#6286));
#1223=EDGE_LOOP('',(#6287,#6288,#6289,#6290));
#1224=EDGE_LOOP('',(#6291,#6292,#6293,#6294));
#1225=EDGE_LOOP('',(#6295,#6296,#6297,#6298,#6299));
#1226=EDGE_LOOP('',(#6300,#6301,#6302,#6303));
#1227=EDGE_LOOP('',(#6304,#6305,#6306,#6307,#6308,#6309));
#1228=EDGE_LOOP('',(#6310,#6311,#6312,#6313));
#1229=EDGE_LOOP('',(#6314,#6315,#6316,#6317));
#1230=EDGE_LOOP('',(#6318,#6319,#6320,#6321));
#1231=EDGE_LOOP('',(#6322,#6323,#6324,#6325,#6326));
#1232=EDGE_LOOP('',(#6327,#6328,#6329,#6330));
#1233=EDGE_LOOP('',(#6331,#6332,#6333,#6334));
#1234=EDGE_LOOP('',(#6335,#6336,#6337,#6338));
#1235=EDGE_LOOP('',(#6339,#6340,#6341,#6342,#6343,#6344));
#1236=EDGE_LOOP('',(#6345,#6346,#6347,#6348));
#1237=EDGE_LOOP('',(#6349,#6350,#6351,#6352));
#1238=EDGE_LOOP('',(#6353,#6354,#6355,#6356));
#1239=EDGE_LOOP('',(#6357,#6358,#6359,#6360));
#1240=EDGE_LOOP('',(#6361,#6362,#6363,#6364));
#1241=EDGE_LOOP('',(#6365));
#1242=EDGE_LOOP('',(#6366));
#1243=EDGE_LOOP('',(#6367));
#1244=EDGE_LOOP('',(#6368,#6369,#6370,#6371));
#1245=EDGE_LOOP('',(#6372));
#1246=EDGE_LOOP('',(#6373,#6374,#6375,#6376));
#1247=EDGE_LOOP('',(#6377));
#1248=EDGE_LOOP('',(#6378));
#1249=EDGE_LOOP('',(#6379,#6380,#6381,#6382));
#1250=EDGE_LOOP('',(#6383,#6384,#6385,#6386));
#1251=EDGE_LOOP('',(#6387));
#1252=EDGE_LOOP('',(#6388));
#1253=EDGE_LOOP('',(#6389));
#1254=EDGE_LOOP('',(#6390,#6391,#6392,#6393));
#1255=EDGE_LOOP('',(#6394,#6395,#6396));
#1256=EDGE_LOOP('',(#6397,#6398,#6399,#6400));
#1257=EDGE_LOOP('',(#6401,#6402,#6403,#6404));
#1258=EDGE_LOOP('',(#6405,#6406,#6407,#6408));
#1259=EDGE_LOOP('',(#6409,#6410,#6411));
#1260=EDGE_LOOP('',(#6412,#6413,#6414,#6415));
#1261=EDGE_LOOP('',(#6416,#6417,#6418,#6419));
#1262=EDGE_LOOP('',(#6420,#6421,#6422,#6423));
#1263=EDGE_LOOP('',(#6424));
#1264=EDGE_LOOP('',(#6425));
#1265=EDGE_LOOP('',(#6426));
#1266=EDGE_LOOP('',(#6427,#6428,#6429,#6430));
#1267=EDGE_LOOP('',(#6431,#6432,#6433,#6434));
#1268=EDGE_LOOP('',(#6435,#6436,#6437,#6438));
#1269=EDGE_LOOP('',(#6439,#6440,#6441));
#1270=EDGE_LOOP('',(#6442,#6443,#6444,#6445));
#1271=EDGE_LOOP('',(#6446,#6447,#6448,#6449));
#1272=EDGE_LOOP('',(#6450));
#1273=EDGE_LOOP('',(#6451));
#1274=EDGE_LOOP('',(#6452));
#1275=EDGE_LOOP('',(#6453,#6454,#6455,#6456));
#1276=EDGE_LOOP('',(#6457,#6458,#6459));
#1277=EDGE_LOOP('',(#6460,#6461,#6462,#6463));
#1278=EDGE_LOOP('',(#6464));
#1279=EDGE_LOOP('',(#6465));
#1280=EDGE_LOOP('',(#6466));
#1281=EDGE_LOOP('',(#6467,#6468,#6469,#6470));
#1282=EDGE_LOOP('',(#6471,#6472,#6473,#6474));
#1283=EDGE_LOOP('',(#6475,#6476,#6477,#6478));
#1284=EDGE_LOOP('',(#6479,#6480,#6481,#6482,#6483));
#1285=EDGE_LOOP('',(#6484,#6485,#6486,#6487,#6488));
#1286=EDGE_LOOP('',(#6489,#6490,#6491,#6492));
#1287=EDGE_LOOP('',(#6493,#6494,#6495,#6496));
#1288=EDGE_LOOP('',(#6497,#6498,#6499,#6500));
#1289=EDGE_LOOP('',(#6501,#6502,#6503,#6504));
#1290=EDGE_LOOP('',(#6505,#6506,#6507,#6508,#6509));
#1291=EDGE_LOOP('',(#6510,#6511,#6512,#6513,#6514));
#1292=EDGE_LOOP('',(#6515,#6516,#6517,#6518,#6519,#6520,#6521,#6522,#6523,
#6524,#6525,#6526,#6527,#6528,#6529,#6530,#6531,#6532));
#1293=EDGE_LOOP('',(#6533));
#1294=EDGE_LOOP('',(#6534));
#1295=EDGE_LOOP('',(#6535));
#1296=EDGE_LOOP('',(#6536,#6537,#6538,#6539,#6540,#6541,#6542,#6543,#6544));
#1297=EDGE_LOOP('',(#6545));
#1298=EDGE_LOOP('',(#6546));
#1299=EDGE_LOOP('',(#6547,#6548,#6549,#6550,#6551,#6552,#6553,#6554,#6555,
#6556,#6557));
#1300=EDGE_LOOP('',(#6558));
#1301=EDGE_LOOP('',(#6559));
#1302=EDGE_LOOP('',(#6560,#6561,#6562,#6563));
#1303=EDGE_LOOP('',(#6564,#6565,#6566,#6567));
#1304=EDGE_LOOP('',(#6568,#6569,#6570,#6571));
#1305=EDGE_LOOP('',(#6572));
#1306=EDGE_LOOP('',(#6573));
#1307=EDGE_LOOP('',(#6574));
#1308=EDGE_LOOP('',(#6575));
#1309=EDGE_LOOP('',(#6576,#6577,#6578,#6579,#6580,#6581,#6582,#6583,#6584,
#6585,#6586,#6587,#6588));
#1310=EDGE_LOOP('',(#6589));
#1311=EDGE_LOOP('',(#6590));
#1312=EDGE_LOOP('',(#6591));
#1313=EDGE_LOOP('',(#6592));
#1314=EDGE_LOOP('',(#6593,#6594,#6595,#6596));
#1315=EDGE_LOOP('',(#6597,#6598,#6599,#6600,#6601,#6602,#6603,#6604));
#1316=EDGE_LOOP('',(#6605,#6606,#6607,#6608));
#1317=EDGE_LOOP('',(#6609,#6610,#6611,#6612));
#1318=EDGE_LOOP('',(#6613,#6614,#6615,#6616,#6617,#6618,#6619,#6620));
#1319=EDGE_LOOP('',(#6621,#6622,#6623,#6624,#6625,#6626,#6627,#6628,#6629,
#6630));
#1320=EDGE_LOOP('',(#6631,#6632,#6633,#6634));
#1321=EDGE_LOOP('',(#6635,#6636,#6637,#6638));
#1322=EDGE_LOOP('',(#6639,#6640,#6641,#6642));
#1323=EDGE_LOOP('',(#6643,#6644,#6645,#6646));
#1324=EDGE_LOOP('',(#6647,#6648,#6649,#6650));
#1325=EDGE_LOOP('',(#6651,#6652,#6653,#6654));
#1326=EDGE_LOOP('',(#6655,#6656,#6657,#6658));
#1327=EDGE_LOOP('',(#6659,#6660,#6661,#6662));
#1328=EDGE_LOOP('',(#6663,#6664,#6665,#6666));
#1329=EDGE_LOOP('',(#6667,#6668,#6669,#6670));
#1330=EDGE_LOOP('',(#6671,#6672,#6673,#6674));
#1331=EDGE_LOOP('',(#6675,#6676,#6677,#6678));
#1332=EDGE_LOOP('',(#6679,#6680,#6681,#6682));
#1333=EDGE_LOOP('',(#6683,#6684,#6685,#6686,#6687,#6688,#6689,#6690,#6691));
#1334=EDGE_LOOP('',(#6692));
#1335=EDGE_LOOP('',(#6693,#6694,#6695,#6696));
#1336=EDGE_LOOP('',(#6697,#6698,#6699,#6700));
#1337=EDGE_LOOP('',(#6701,#6702,#6703,#6704));
#1338=EDGE_LOOP('',(#6705,#6706,#6707,#6708));
#1339=EDGE_LOOP('',(#6709,#6710,#6711,#6712));
#1340=EDGE_LOOP('',(#6713,#6714,#6715,#6716,#6717,#6718,#6719,#6720,#6721,
#6722));
#1341=EDGE_LOOP('',(#6723,#6724,#6725,#6726));
#1342=EDGE_LOOP('',(#6727,#6728,#6729,#6730));
#1343=EDGE_LOOP('',(#6731,#6732,#6733,#6734));
#1344=EDGE_LOOP('',(#6735,#6736,#6737,#6738));
#1345=EDGE_LOOP('',(#6739,#6740,#6741,#6742));
#1346=EDGE_LOOP('',(#6743,#6744,#6745,#6746));
#1347=EDGE_LOOP('',(#6747,#6748,#6749,#6750));
#1348=EDGE_LOOP('',(#6751,#6752,#6753,#6754));
#1349=EDGE_LOOP('',(#6755,#6756,#6757,#6758));
#1350=EDGE_LOOP('',(#6759,#6760,#6761,#6762,#6763,#6764,#6765,#6766));
#1351=EDGE_LOOP('',(#6767,#6768,#6769,#6770));
#1352=EDGE_LOOP('',(#6771,#6772,#6773,#6774));
#1353=EDGE_LOOP('',(#6775,#6776,#6777,#6778));
#1354=EDGE_LOOP('',(#6779,#6780,#6781,#6782));
#1355=EDGE_LOOP('',(#6783,#6784,#6785,#6786));
#1356=EDGE_LOOP('',(#6787,#6788,#6789,#6790));
#1357=EDGE_LOOP('',(#6791,#6792,#6793,#6794));
#1358=EDGE_LOOP('',(#6795,#6796,#6797,#6798));
#1359=EDGE_LOOP('',(#6799,#6800,#6801,#6802));
#1360=EDGE_LOOP('',(#6803,#6804,#6805,#6806));
#1361=EDGE_LOOP('',(#6807,#6808,#6809,#6810));
#1362=EDGE_LOOP('',(#6811));
#1363=EDGE_LOOP('',(#6812,#6813,#6814,#6815));
#1364=EDGE_LOOP('',(#6816,#6817,#6818,#6819));
#1365=EDGE_LOOP('',(#6820,#6821,#6822,#6823));
#1366=EDGE_LOOP('',(#6824,#6825,#6826,#6827));
#1367=EDGE_LOOP('',(#6828));
#1368=EDGE_LOOP('',(#6829));
#1369=EDGE_LOOP('',(#6830,#6831,#6832,#6833));
#1370=EDGE_LOOP('',(#6834,#6835,#6836,#6837));
#1371=EDGE_LOOP('',(#6838,#6839,#6840,#6841));
#1372=EDGE_LOOP('',(#6842,#6843,#6844,#6845));
#1373=EDGE_LOOP('',(#6846,#6847,#6848,#6849));
#1374=EDGE_LOOP('',(#6850,#6851,#6852,#6853));
#1375=EDGE_LOOP('',(#6854,#6855,#6856,#6857));
#1376=EDGE_LOOP('',(#6858,#6859,#6860,#6861));
#1377=EDGE_LOOP('',(#6862,#6863,#6864,#6865));
#1378=EDGE_LOOP('',(#6866,#6867,#6868,#6869));
#1379=EDGE_LOOP('',(#6870,#6871,#6872,#6873));
#1380=EDGE_LOOP('',(#6874,#6875,#6876,#6877));
#1381=EDGE_LOOP('',(#6878,#6879,#6880,#6881));
#1382=EDGE_LOOP('',(#6882,#6883,#6884,#6885));
#1383=EDGE_LOOP('',(#6886,#6887,#6888,#6889));
#1384=EDGE_LOOP('',(#6890,#6891,#6892,#6893));
#1385=EDGE_LOOP('',(#6894,#6895,#6896,#6897));
#1386=EDGE_LOOP('',(#6898,#6899,#6900,#6901));
#1387=EDGE_LOOP('',(#6902,#6903,#6904,#6905));
#1388=EDGE_LOOP('',(#6906,#6907,#6908,#6909));
#1389=EDGE_LOOP('',(#6910,#6911,#6912,#6913));
#1390=EDGE_LOOP('',(#6914,#6915,#6916,#6917));
#1391=EDGE_LOOP('',(#6918,#6919,#6920,#6921,#6922,#6923));
#1392=EDGE_LOOP('',(#6924,#6925,#6926,#6927));
#1393=EDGE_LOOP('',(#6928,#6929,#6930,#6931));
#1394=EDGE_LOOP('',(#6932,#6933,#6934,#6935,#6936,#6937,#6938,#6939));
#1395=EDGE_LOOP('',(#6940,#6941,#6942,#6943,#6944,#6945));
#1396=EDGE_LOOP('',(#6946,#6947,#6948,#6949,#6950,#6951,#6952,#6953,#6954,
#6955,#6956,#6957));
#1397=EDGE_LOOP('',(#6958,#6959,#6960,#6961));
#1398=EDGE_LOOP('',(#6962,#6963,#6964,#6965));
#1399=EDGE_LOOP('',(#6966,#6967,#6968,#6969));
#1400=EDGE_LOOP('',(#6970,#6971,#6972,#6973));
#1401=EDGE_LOOP('',(#6974,#6975,#6976,#6977));
#1402=EDGE_LOOP('',(#6978,#6979,#6980,#6981));
#1403=EDGE_LOOP('',(#6982,#6983,#6984,#6985));
#1404=EDGE_LOOP('',(#6986,#6987,#6988,#6989));
#1405=EDGE_LOOP('',(#6990,#6991,#6992,#6993));
#1406=EDGE_LOOP('',(#6994,#6995,#6996,#6997));
#1407=EDGE_LOOP('',(#6998,#6999,#7000,#7001));
#1408=EDGE_LOOP('',(#7002,#7003,#7004,#7005));
#1409=EDGE_LOOP('',(#7006,#7007,#7008,#7009));
#1410=EDGE_LOOP('',(#7010,#7011,#7012,#7013));
#1411=EDGE_LOOP('',(#7014,#7015,#7016,#7017));
#1412=EDGE_LOOP('',(#7018));
#1413=EDGE_LOOP('',(#7019));
#1414=EDGE_LOOP('',(#7020,#7021,#7022,#7023));
#1415=EDGE_LOOP('',(#7024,#7025,#7026,#7027));
#1416=EDGE_LOOP('',(#7028));
#1417=EDGE_LOOP('',(#7029));
#1418=EDGE_LOOP('',(#7030,#7031,#7032,#7033));
#1419=EDGE_LOOP('',(#7034,#7035,#7036,#7037));
#1420=EDGE_LOOP('',(#7038));
#1421=EDGE_LOOP('',(#7039));
#1422=EDGE_LOOP('',(#7040,#7041,#7042,#7043));
#1423=EDGE_LOOP('',(#7044,#7045,#7046,#7047));
#1424=EDGE_LOOP('',(#7048));
#1425=LINE('',#10835,#2131);
#1426=LINE('',#10841,#2132);
#1427=LINE('',#10847,#2133);
#1428=LINE('',#10856,#2134);
#1429=LINE('',#10865,#2135);
#1430=LINE('',#10874,#2136);
#1431=LINE('',#10880,#2137);
#1432=LINE('',#10886,#2138);
#1433=LINE('',#10895,#2139);
#1434=LINE('',#10901,#2140);
#1435=LINE('',#10907,#2141);
#1436=LINE('',#10915,#2142);
#1437=LINE('',#10917,#2143);
#1438=LINE('',#10919,#2144);
#1439=LINE('',#10920,#2145);
#1440=LINE('',#10927,#2146);
#1441=LINE('',#10929,#2147);
#1442=LINE('',#10933,#2148);
#1443=LINE('',#10937,#2149);
#1444=LINE('',#10941,#2150);
#1445=LINE('',#10945,#2151);
#1446=LINE('',#10947,#2152);
#1447=LINE('',#10951,#2153);
#1448=LINE('',#10955,#2154);
#1449=LINE('',#10959,#2155);
#1450=LINE('',#10962,#2156);
#1451=LINE('',#10966,#2157);
#1452=LINE('',#10968,#2158);
#1453=LINE('',#10970,#2159);
#1454=LINE('',#10972,#2160);
#1455=LINE('',#10974,#2161);
#1456=LINE('',#10976,#2162);
#1457=LINE('',#10978,#2163);
#1458=LINE('',#10980,#2164);
#1459=LINE('',#10982,#2165);
#1460=LINE('',#10983,#2166);
#1461=LINE('',#10985,#2167);
#1462=LINE('',#10987,#2168);
#1463=LINE('',#10989,#2169);
#1464=LINE('',#10991,#2170);
#1465=LINE('',#10992,#2171);
#1466=LINE('',#10995,#2172);
#1467=LINE('',#10999,#2173);
#1468=LINE('',#11001,#2174);
#1469=LINE('',#11005,#2175);
#1470=LINE('',#11006,#2176);
#1471=LINE('',#11013,#2177);
#1472=LINE('',#11015,#2178);
#1473=LINE('',#11018,#2179);
#1474=LINE('',#11023,#2180);
#1475=LINE('',#11024,#2181);
#1476=LINE('',#11027,#2182);
#1477=LINE('',#11028,#2183);
#1478=LINE('',#11030,#2184);
#1479=LINE('',#11032,#2185);
#1480=LINE('',#11033,#2186);
#1481=LINE('',#11037,#2187);
#1482=LINE('',#11040,#2188);
#1483=LINE('',#11042,#2189);
#1484=LINE('',#11044,#2190);
#1485=LINE('',#11046,#2191);
#1486=LINE('',#11047,#2192);
#1487=LINE('',#11050,#2193);
#1488=LINE('',#11053,#2194);
#1489=LINE('',#11058,#2195);
#1490=LINE('',#11065,#2196);
#1491=LINE('',#11069,#2197);
#1492=LINE('',#11073,#2198);
#1493=LINE('',#11077,#2199);
#1494=LINE('',#11079,#2200);
#1495=LINE('',#11081,#2201);
#1496=LINE('',#11085,#2202);
#1497=LINE('',#11089,#2203);
#1498=LINE('',#11091,#2204);
#1499=LINE('',#11095,#2205);
#1500=LINE('',#11099,#2206);
#1501=LINE('',#11103,#2207);
#1502=LINE('',#11107,#2208);
#1503=LINE('',#11109,#2209);
#1504=LINE('',#11131,#2210);
#1505=LINE('',#11135,#2211);
#1506=LINE('',#11140,#2212);
#1507=LINE('',#11142,#2213);
#1508=LINE('',#11144,#2214);
#1509=LINE('',#11145,#2215);
#1510=LINE('',#11151,#2216);
#1511=LINE('',#11153,#2217);
#1512=LINE('',#11157,#2218);
#1513=LINE('',#11161,#2219);
#1514=LINE('',#11165,#2220);
#1515=LINE('',#11169,#2221);
#1516=LINE('',#11171,#2222);
#1517=LINE('',#11173,#2223);
#1518=LINE('',#11174,#2224);
#1519=LINE('',#11176,#2225);
#1520=LINE('',#11179,#2226);
#1521=LINE('',#11183,#2227);
#1522=LINE('',#11187,#2228);
#1523=LINE('',#11189,#2229);
#1524=LINE('',#11192,#2230);
#1525=LINE('',#11194,#2231);
#1526=LINE('',#11196,#2232);
#1527=LINE('',#11198,#2233);
#1528=LINE('',#11199,#2234);
#1529=LINE('',#11211,#2235);
#1530=LINE('',#11216,#2236);
#1531=LINE('',#11218,#2237);
#1532=LINE('',#11219,#2238);
#1533=LINE('',#11223,#2239);
#1534=LINE('',#11225,#2240);
#1535=LINE('',#11226,#2241);
#1536=LINE('',#11228,#2242);
#1537=LINE('',#11230,#2243);
#1538=LINE('',#11231,#2244);
#1539=LINE('',#11235,#2245);
#1540=LINE('',#11240,#2246);
#1541=LINE('',#11242,#2247);
#1542=LINE('',#11243,#2248);
#1543=LINE('',#11248,#2249);
#1544=LINE('',#11251,#2250);
#1545=LINE('',#11252,#2251);
#1546=LINE('',#11254,#2252);
#1547=LINE('',#11258,#2253);
#1548=LINE('',#11264,#2254);
#1549=LINE('',#11268,#2255);
#1550=LINE('',#11278,#2256);
#1551=LINE('',#11281,#2257);
#1552=LINE('',#11286,#2258);
#1553=LINE('',#11289,#2259);
#1554=LINE('',#11294,#2260);
#1555=LINE('',#11297,#2261);
#1556=LINE('',#11302,#2262);
#1557=LINE('',#11305,#2263);
#1558=LINE('',#11307,#2264);
#1559=LINE('',#11310,#2265);
#1560=LINE('',#11312,#2266);
#1561=LINE('',#11314,#2267);
#1562=LINE('',#11316,#2268);
#1563=LINE('',#11317,#2269);
#1564=LINE('',#11322,#2270);
#1565=LINE('',#11323,#2271);
#1566=LINE('',#11324,#2272);
#1567=LINE('',#11327,#2273);
#1568=LINE('',#11329,#2274);
#1569=LINE('',#11337,#2275);
#1570=LINE('',#11339,#2276);
#1571=LINE('',#11341,#2277);
#1572=LINE('',#11344,#2278);
#1573=LINE('',#11349,#2279);
#1574=LINE('',#11353,#2280);
#1575=LINE('',#11357,#2281);
#1576=LINE('',#11359,#2282);
#1577=LINE('',#11361,#2283);
#1578=LINE('',#11362,#2284);
#1579=LINE('',#11364,#2285);
#1580=LINE('',#11365,#2286);
#1581=LINE('',#11366,#2287);
#1582=LINE('',#11368,#2288);
#1583=LINE('',#11370,#2289);
#1584=LINE('',#11371,#2290);
#1585=LINE('',#11374,#2291);
#1586=LINE('',#11376,#2292);
#1587=LINE('',#11378,#2293);
#1588=LINE('',#11381,#2294);
#1589=LINE('',#11383,#2295);
#1590=LINE('',#11387,#2296);
#1591=LINE('',#11391,#2297);
#1592=LINE('',#11392,#2298);
#1593=LINE('',#11393,#2299);
#1594=LINE('',#11396,#2300);
#1595=LINE('',#11400,#2301);
#1596=LINE('',#11403,#2302);
#1597=LINE('',#11407,#2303);
#1598=LINE('',#11410,#2304);
#1599=LINE('',#11413,#2305);
#1600=LINE('',#11414,#2306);
#1601=LINE('',#11416,#2307);
#1602=LINE('',#11430,#2308);
#1603=LINE('',#11432,#2309);
#1604=LINE('',#11435,#2310);
#1605=LINE('',#11436,#2311);
#1606=LINE('',#11438,#2312);
#1607=LINE('',#11440,#2313);
#1608=LINE('',#11442,#2314);
#1609=LINE('',#11444,#2315);
#1610=LINE('',#11447,#2316);
#1611=LINE('',#11449,#2317);
#1612=LINE('',#11451,#2318);
#1613=LINE('',#11453,#2319);
#1614=LINE('',#11454,#2320);
#1615=LINE('',#11456,#2321);
#1616=LINE('',#11458,#2322);
#1617=LINE('',#11460,#2323);
#1618=LINE('',#11462,#2324);
#1619=LINE('',#11464,#2325);
#1620=LINE('',#11468,#2326);
#1621=LINE('',#11469,#2327);
#1622=LINE('',#11474,#2328);
#1623=LINE('',#11477,#2329);
#1624=LINE('',#11478,#2330);
#1625=LINE('',#11482,#2331);
#1626=LINE('',#11484,#2332);
#1627=LINE('',#11486,#2333);
#1628=LINE('',#11489,#2334);
#1629=LINE('',#11500,#2335);
#1630=LINE('',#11504,#2336);
#1631=LINE('',#11507,#2337);
#1632=LINE('',#11511,#2338);
#1633=LINE('',#11515,#2339);
#1634=LINE('',#11518,#2340);
#1635=LINE('',#11522,#2341);
#1636=LINE('',#11526,#2342);
#1637=LINE('',#11529,#2343);
#1638=LINE('',#11533,#2344);
#1639=LINE('',#11537,#2345);
#1640=LINE('',#11540,#2346);
#1641=LINE('',#11542,#2347);
#1642=LINE('',#11545,#2348);
#1643=LINE('',#11548,#2349);
#1644=LINE('',#11551,#2350);
#1645=LINE('',#11552,#2351);
#1646=LINE('',#11556,#2352);
#1647=LINE('',#11558,#2353);
#1648=LINE('',#11565,#2354);
#1649=LINE('',#11568,#2355);
#1650=LINE('',#11570,#2356);
#1651=LINE('',#11571,#2357);
#1652=LINE('',#11573,#2358);
#1653=LINE('',#11575,#2359);
#1654=LINE('',#11579,#2360);
#1655=LINE('',#11582,#2361);
#1656=LINE('',#11585,#2362);
#1657=LINE('',#11586,#2363);
#1658=LINE('',#11590,#2364);
#1659=LINE('',#11592,#2365);
#1660=LINE('',#11599,#2366);
#1661=LINE('',#11602,#2367);
#1662=LINE('',#11604,#2368);
#1663=LINE('',#11605,#2369);
#1664=LINE('',#11607,#2370);
#1665=LINE('',#11609,#2371);
#1666=LINE('',#11612,#2372);
#1667=LINE('',#11617,#2373);
#1668=LINE('',#11619,#2374);
#1669=LINE('',#11623,#2375);
#1670=LINE('',#11627,#2376);
#1671=LINE('',#11630,#2377);
#1672=LINE('',#11632,#2378);
#1673=LINE('',#11634,#2379);
#1674=LINE('',#11639,#2380);
#1675=LINE('',#11641,#2381);
#1676=LINE('',#11645,#2382);
#1677=LINE('',#11647,#2383);
#1678=LINE('',#11649,#2384);
#1679=LINE('',#11653,#2385);
#1680=LINE('',#11655,#2386);
#1681=LINE('',#11658,#2387);
#1682=LINE('',#11660,#2388);
#1683=LINE('',#11663,#2389);
#1684=LINE('',#11673,#2390);
#1685=LINE('',#11679,#2391);
#1686=LINE('',#11736,#2392);
#1687=LINE('',#11742,#2393);
#1688=LINE('',#11801,#2394);
#1689=LINE('',#11806,#2395);
#1690=LINE('',#11816,#2396);
#1691=LINE('',#11818,#2397);
#1692=LINE('',#11820,#2398);
#1693=LINE('',#11822,#2399);
#1694=LINE('',#11824,#2400);
#1695=LINE('',#11826,#2401);
#1696=LINE('',#11828,#2402);
#1697=LINE('',#11830,#2403);
#1698=LINE('',#11832,#2404);
#1699=LINE('',#11836,#2405);
#1700=LINE('',#11840,#2406);
#1701=LINE('',#11842,#2407);
#1702=LINE('',#11844,#2408);
#1703=LINE('',#11846,#2409);
#1704=LINE('',#11848,#2410);
#1705=LINE('',#11850,#2411);
#1706=LINE('',#11854,#2412);
#1707=LINE('',#11856,#2413);
#1708=LINE('',#11858,#2414);
#1709=LINE('',#11860,#2415);
#1710=LINE('',#11874,#2416);
#1711=LINE('',#11879,#2417);
#1712=LINE('',#11881,#2418);
#1713=LINE('',#11883,#2419);
#1714=LINE('',#11885,#2420);
#1715=LINE('',#11889,#2421);
#1716=LINE('',#11891,#2422);
#1717=LINE('',#11893,#2423);
#1718=LINE('',#11895,#2424);
#1719=LINE('',#11897,#2425);
#1720=LINE('',#11899,#2426);
#1721=LINE('',#11903,#2427);
#1722=LINE('',#11907,#2428);
#1723=LINE('',#11909,#2429);
#1724=LINE('',#11911,#2430);
#1725=LINE('',#11913,#2431);
#1726=LINE('',#11915,#2432);
#1727=LINE('',#11917,#2433);
#1728=LINE('',#11919,#2434);
#1729=LINE('',#11921,#2435);
#1730=LINE('',#11923,#2436);
#1731=LINE('',#11934,#2437);
#1732=LINE('',#11936,#2438);
#1733=LINE('',#11937,#2439);
#1734=LINE('',#11939,#2440);
#1735=LINE('',#11941,#2441);
#1736=LINE('',#11943,#2442);
#1737=LINE('',#11945,#2443);
#1738=LINE('',#11947,#2444);
#1739=LINE('',#11949,#2445);
#1740=LINE('',#11951,#2446);
#1741=LINE('',#11953,#2447);
#1742=LINE('',#11955,#2448);
#1743=LINE('',#11957,#2449);
#1744=LINE('',#11959,#2450);
#1745=LINE('',#11961,#2451);
#1746=LINE('',#11963,#2452);
#1747=LINE('',#11965,#2453);
#1748=LINE('',#11967,#2454);
#1749=LINE('',#11969,#2455);
#1750=LINE('',#11971,#2456);
#1751=LINE('',#11973,#2457);
#1752=LINE('',#11974,#2458);
#1753=LINE('',#11976,#2459);
#1754=LINE('',#11978,#2460);
#1755=LINE('',#11980,#2461);
#1756=LINE('',#11984,#2462);
#1757=LINE('',#11986,#2463);
#1758=LINE('',#11988,#2464);
#1759=LINE('',#11993,#2465);
#1760=LINE('',#11995,#2466);
#1761=LINE('',#11997,#2467);
#1762=LINE('',#11999,#2468);
#1763=LINE('',#12001,#2469);
#1764=LINE('',#12003,#2470);
#1765=LINE('',#12005,#2471);
#1766=LINE('',#12007,#2472);
#1767=LINE('',#12009,#2473);
#1768=LINE('',#12010,#2474);
#1769=LINE('',#12015,#2475);
#1770=LINE('',#12020,#2476);
#1771=LINE('',#12024,#2477);
#1772=LINE('',#12029,#2478);
#1773=LINE('',#12033,#2479);
#1774=LINE('',#12039,#2480);
#1775=LINE('',#12042,#2481);
#1776=LINE('',#12046,#2482);
#1777=LINE('',#12049,#2483);
#1778=LINE('',#12051,#2484);
#1779=LINE('',#12053,#2485);
#1780=LINE('',#12054,#2486);
#1781=LINE('',#12058,#2487);
#1782=LINE('',#12061,#2488);
#1783=LINE('',#12063,#2489);
#1784=LINE('',#12065,#2490);
#1785=LINE('',#12067,#2491);
#1786=LINE('',#12069,#2492);
#1787=LINE('',#12070,#2493);
#1788=LINE('',#12072,#2494);
#1789=LINE('',#12075,#2495);
#1790=LINE('',#12077,#2496);
#1791=LINE('',#12078,#2497);
#1792=LINE('',#12095,#2498);
#1793=LINE('',#12100,#2499);
#1794=LINE('',#12105,#2500);
#1795=LINE('',#12110,#2501);
#1796=LINE('',#12115,#2502);
#1797=LINE('',#12120,#2503);
#1798=LINE('',#12124,#2504);
#1799=LINE('',#12126,#2505);
#1800=LINE('',#12127,#2506);
#1801=LINE('',#12131,#2507);
#1802=LINE('',#12134,#2508);
#1803=LINE('',#12135,#2509);
#1804=LINE('',#12141,#2510);
#1805=LINE('',#12144,#2511);
#1806=LINE('',#12148,#2512);
#1807=LINE('',#12152,#2513);
#1808=LINE('',#12155,#2514);
#1809=LINE('',#12157,#2515);
#1810=LINE('',#12160,#2516);
#1811=LINE('',#12161,#2517);
#1812=LINE('',#12163,#2518);
#1813=LINE('',#12165,#2519);
#1814=LINE('',#12169,#2520);
#1815=LINE('',#12170,#2521);
#1816=LINE('',#12174,#2522);
#1817=LINE('',#12178,#2523);
#1818=LINE('',#12180,#2524);
#1819=LINE('',#12181,#2525);
#1820=LINE('',#12184,#2526);
#1821=LINE('',#12185,#2527);
#1822=LINE('',#12188,#2528);
#1823=LINE('',#12189,#2529);
#1824=LINE('',#12191,#2530);
#1825=LINE('',#12193,#2531);
#1826=LINE('',#12195,#2532);
#1827=LINE('',#12197,#2533);
#1828=LINE('',#12198,#2534);
#1829=LINE('',#12203,#2535);
#1830=LINE('',#12208,#2536);
#1831=LINE('',#12213,#2537);
#1832=LINE('',#12215,#2538);
#1833=LINE('',#12219,#2539);
#1834=LINE('',#12221,#2540);
#1835=LINE('',#12222,#2541);
#1836=LINE('',#12227,#2542);
#1837=LINE('',#12229,#2543);
#1838=LINE('',#12230,#2544);
#1839=LINE('',#12233,#2545);
#1840=LINE('',#12235,#2546);
#1841=LINE('',#12237,#2547);
#1842=LINE('',#12242,#2548);
#1843=LINE('',#12244,#2549);
#1844=LINE('',#12246,#2550);
#1845=LINE('',#12247,#2551);
#1846=LINE('',#12250,#2552);
#1847=LINE('',#12251,#2553);
#1848=LINE('',#12254,#2554);
#1849=LINE('',#12256,#2555);
#1850=LINE('',#12257,#2556);
#1851=LINE('',#12261,#2557);
#1852=LINE('',#12264,#2558);
#1853=LINE('',#12266,#2559);
#1854=LINE('',#12267,#2560);
#1855=LINE('',#12269,#2561);
#1856=LINE('',#12270,#2562);
#1857=LINE('',#12273,#2563);
#1858=LINE('',#12274,#2564);
#1859=LINE('',#12277,#2565);
#1860=LINE('',#12278,#2566);
#1861=LINE('',#12281,#2567);
#1862=LINE('',#12285,#2568);
#1863=LINE('',#12287,#2569);
#1864=LINE('',#12289,#2570);
#1865=LINE('',#12291,#2571);
#1866=LINE('',#12293,#2572);
#1867=LINE('',#12295,#2573);
#1868=LINE('',#12299,#2574);
#1869=LINE('',#12303,#2575);
#1870=LINE('',#12304,#2576);
#1871=LINE('',#12307,#2577);
#1872=LINE('',#12311,#2578);
#1873=LINE('',#12315,#2579);
#1874=LINE('',#12319,#2580);
#1875=LINE('',#12323,#2581);
#1876=LINE('',#12327,#2582);
#1877=LINE('',#12331,#2583);
#1878=LINE('',#12333,#2584);
#1879=LINE('',#12334,#2585);
#1880=LINE('',#12337,#2586);
#1881=LINE('',#12341,#2587);
#1882=LINE('',#12342,#2588);
#1883=LINE('',#12345,#2589);
#1884=LINE('',#12349,#2590);
#1885=LINE('',#12350,#2591);
#1886=LINE('',#12355,#2592);
#1887=LINE('',#12359,#2593);
#1888=LINE('',#12363,#2594);
#1889=LINE('',#12366,#2595);
#1890=LINE('',#12368,#2596);
#1891=LINE('',#12370,#2597);
#1892=LINE('',#12372,#2598);
#1893=LINE('',#12374,#2599);
#1894=LINE('',#12376,#2600);
#1895=LINE('',#12379,#2601);
#1896=LINE('',#12381,#2602);
#1897=LINE('',#12383,#2603);
#1898=LINE('',#12385,#2604);
#1899=LINE('',#12387,#2605);
#1900=LINE('',#12389,#2606);
#1901=LINE('',#12393,#2607);
#1902=LINE('',#12395,#2608);
#1903=LINE('',#12397,#2609);
#1904=LINE('',#12399,#2610);
#1905=LINE('',#12401,#2611);
#1906=LINE('',#12406,#2612);
#1907=LINE('',#12407,#2613);
#1908=LINE('',#12409,#2614);
#1909=LINE('',#12422,#2615);
#1910=LINE('',#12427,#2616);
#1911=LINE('',#12433,#2617);
#1912=LINE('',#12441,#2618);
#1913=LINE('',#12443,#2619);
#1914=LINE('',#12445,#2620);
#1915=LINE('',#12446,#2621);
#1916=LINE('',#12455,#2622);
#1917=LINE('',#12457,#2623);
#1918=LINE('',#12458,#2624);
#1919=LINE('',#12462,#2625);
#1920=LINE('',#12465,#2626);
#1921=LINE('',#12467,#2627);
#1922=LINE('',#12468,#2628);
#1923=LINE('',#12471,#2629);
#1924=LINE('',#12472,#2630);
#1925=LINE('',#12475,#2631);
#1926=LINE('',#12477,#2632);
#1927=LINE('',#12478,#2633);
#1928=LINE('',#12482,#2634);
#1929=LINE('',#12485,#2635);
#1930=LINE('',#12486,#2636);
#1931=LINE('',#12488,#2637);
#1932=LINE('',#12490,#2638);
#1933=LINE('',#12498,#2639);
#1934=LINE('',#12500,#2640);
#1935=LINE('',#12505,#2641);
#1936=LINE('',#12508,#2642);
#1937=LINE('',#12511,#2643);
#1938=LINE('',#12513,#2644);
#1939=LINE('',#12514,#2645);
#1940=LINE('',#12517,#2646);
#1941=LINE('',#12518,#2647);
#1942=LINE('',#12527,#2648);
#1943=LINE('',#12528,#2649);
#1944=LINE('',#12529,#2650);
#1945=LINE('',#12532,#2651);
#1946=LINE('',#12541,#2652);
#1947=LINE('',#12543,#2653);
#1948=LINE('',#12549,#2654);
#1949=LINE('',#12551,#2655);
#1950=LINE('',#12554,#2656);
#1951=LINE('',#12557,#2657);
#1952=LINE('',#12561,#2658);
#1953=LINE('',#12563,#2659);
#1954=LINE('',#12569,#2660);
#1955=LINE('',#12571,#2661);
#1956=LINE('',#12576,#2662);
#1957=LINE('',#12580,#2663);
#1958=LINE('',#12582,#2664);
#1959=LINE('',#12584,#2665);
#1960=LINE('',#12586,#2666);
#1961=LINE('',#12588,#2667);
#1962=LINE('',#12592,#2668);
#1963=LINE('',#12594,#2669);
#1964=LINE('',#12598,#2670);
#1965=LINE('',#12602,#2671);
#1966=LINE('',#12606,#2672);
#1967=LINE('',#12609,#2673);
#1968=LINE('',#12620,#2674);
#1969=LINE('',#12624,#2675);
#1970=LINE('',#12628,#2676);
#1971=LINE('',#12630,#2677);
#1972=LINE('',#12633,#2678);
#1973=LINE('',#12642,#2679);
#1974=LINE('',#12646,#2680);
#1975=LINE('',#12650,#2681);
#1976=LINE('',#12654,#2682);
#1977=LINE('',#12658,#2683);
#1978=LINE('',#12668,#2684);
#1979=LINE('',#12671,#2685);
#1980=LINE('',#12675,#2686);
#1981=LINE('',#12679,#2687);
#1982=LINE('',#12681,#2688);
#1983=LINE('',#12683,#2689);
#1984=LINE('',#12684,#2690);
#1985=LINE('',#12693,#2691);
#1986=LINE('',#12695,#2692);
#1987=LINE('',#12697,#2693);
#1988=LINE('',#12701,#2694);
#1989=LINE('',#12705,#2695);
#1990=LINE('',#12707,#2696);
#1991=LINE('',#12709,#2697);
#1992=LINE('',#12713,#2698);
#1993=LINE('',#12726,#2699);
#1994=LINE('',#12727,#2700);
#1995=LINE('',#12731,#2701);
#1996=LINE('',#12732,#2702);
#1997=LINE('',#12733,#2703);
#1998=LINE('',#12734,#2704);
#1999=LINE('',#12739,#2705);
#2000=LINE('',#12742,#2706);
#2001=LINE('',#12746,#2707);
#2002=LINE('',#12747,#2708);
#2003=LINE('',#12748,#2709);
#2004=LINE('',#12749,#2710);
#2005=LINE('',#12752,#2711);
#2006=LINE('',#12756,#2712);
#2007=LINE('',#12760,#2713);
#2008=LINE('',#12764,#2714);
#2009=LINE('',#12767,#2715);
#2010=LINE('',#12769,#2716);
#2011=LINE('',#12771,#2717);
#2012=LINE('',#12773,#2718);
#2013=LINE('',#12775,#2719);
#2014=LINE('',#12777,#2720);
#2015=LINE('',#12779,#2721);
#2016=LINE('',#12781,#2722);
#2017=LINE('',#12783,#2723);
#2018=LINE('',#12787,#2724);
#2019=LINE('',#12791,#2725);
#2020=LINE('',#12798,#2726);
#2021=LINE('',#12802,#2727);
#2022=LINE('',#12804,#2728);
#2023=LINE('',#12808,#2729);
#2024=LINE('',#12811,#2730);
#2025=LINE('',#12814,#2731);
#2026=LINE('',#12818,#2732);
#2027=LINE('',#12824,#2733);
#2028=LINE('',#12827,#2734);
#2029=LINE('',#12832,#2735);
#2030=LINE('',#12835,#2736);
#2031=LINE('',#12840,#2737);
#2032=LINE('',#12843,#2738);
#2033=LINE('',#12848,#2739);
#2034=LINE('',#12851,#2740);
#2035=LINE('',#12857,#2741);
#2036=LINE('',#12861,#2742);
#2037=LINE('',#12865,#2743);
#2038=LINE('',#12869,#2744);
#2039=LINE('',#12872,#2745);
#2040=LINE('',#12874,#2746);
#2041=LINE('',#12875,#2747);
#2042=LINE('',#12877,#2748);
#2043=LINE('',#12879,#2749);
#2044=LINE('',#12881,#2750);
#2045=LINE('',#12883,#2751);
#2046=LINE('',#12885,#2752);
#2047=LINE('',#12887,#2753);
#2048=LINE('',#12889,#2754);
#2049=LINE('',#12892,#2755);
#2050=LINE('',#12893,#2756);
#2051=LINE('',#12894,#2757);
#2052=LINE('',#12896,#2758);
#2053=LINE('',#12898,#2759);
#2054=LINE('',#12900,#2760);
#2055=LINE('',#12902,#2761);
#2056=LINE('',#12904,#2762);
#2057=LINE('',#12906,#2763);
#2058=LINE('',#12908,#2764);
#2059=LINE('',#12910,#2765);
#2060=LINE('',#12915,#2766);
#2061=LINE('',#12916,#2767);
#2062=LINE('',#12917,#2768);
#2063=LINE('',#12922,#2769);
#2064=LINE('',#12927,#2770);
#2065=LINE('',#12929,#2771);
#2066=LINE('',#12934,#2772);
#2067=LINE('',#12939,#2773);
#2068=LINE('',#12942,#2774);
#2069=LINE('',#12945,#2775);
#2070=LINE('',#12948,#2776);
#2071=LINE('',#12949,#2777);
#2072=LINE('',#12953,#2778);
#2073=LINE('',#12955,#2779);
#2074=LINE('',#12962,#2780);
#2075=LINE('',#12965,#2781);
#2076=LINE('',#12971,#2782);
#2077=LINE('',#12974,#2783);
#2078=LINE('',#12980,#2784);
#2079=LINE('',#12983,#2785);
#2080=LINE('',#12985,#2786);
#2081=LINE('',#12986,#2787);
#2082=LINE('',#12988,#2788);
#2083=LINE('',#12990,#2789);
#2084=LINE('',#12993,#2790);
#2085=LINE('',#12994,#2791);
#2086=LINE('',#12996,#2792);
#2087=LINE('',#12998,#2793);
#2088=LINE('',#13001,#2794);
#2089=LINE('',#13002,#2795);
#2090=LINE('',#13004,#2796);
#2091=LINE('',#13006,#2797);
#2092=LINE('',#13009,#2798);
#2093=LINE('',#13013,#2799);
#2094=LINE('',#13015,#2800);
#2095=LINE('',#13016,#2801);
#2096=LINE('',#13018,#2802);
#2097=LINE('',#13019,#2803);
#2098=LINE('',#13024,#2804);
#2099=LINE('',#13029,#2805);
#2100=LINE('',#13031,#2806);
#2101=LINE('',#13032,#2807);
#2102=LINE('',#13035,#2808);
#2103=LINE('',#13036,#2809);
#2104=LINE('',#13042,#2810);
#2105=LINE('',#13046,#2811);
#2106=LINE('',#13047,#2812);
#2107=LINE('',#13051,#2813);
#2108=LINE('',#13053,#2814);
#2109=LINE('',#13054,#2815);
#2110=LINE('',#13059,#2816);
#2111=LINE('',#13062,#2817);
#2112=LINE('',#13064,#2818);
#2113=LINE('',#13065,#2819);
#2114=LINE('',#13067,#2820);
#2115=LINE('',#13069,#2821);
#2116=LINE('',#13071,#2822);
#2117=LINE('',#13074,#2823);
#2118=LINE('',#13076,#2824);
#2119=LINE('',#13078,#2825);
#2120=LINE('',#13081,#2826);
#2121=LINE('',#13082,#2827);
#2122=LINE('',#13084,#2828);
#2123=LINE('',#13086,#2829);
#2124=LINE('',#13090,#2830);
#2125=LINE('',#13096,#2831);
#2126=LINE('',#13099,#2832);
#2127=LINE('',#13105,#2833);
#2128=LINE('',#13108,#2834);
#2129=LINE('',#13114,#2835);
#2130=LINE('',#13117,#2836);
#2131=VECTOR('',#8547,0.043);
#2132=VECTOR('',#8554,0.055);
#2133=VECTOR('',#8561,0.082);
#2134=VECTOR('',#8572,0.125);
#2135=VECTOR('',#8583,0.082);
#2136=VECTOR('',#8594,0.055);
#2137=VECTOR('',#8601,0.043);
#2138=VECTOR('',#8608,0.082);
#2139=VECTOR('',#8619,0.043);
#2140=VECTOR('',#8626,0.043);
#2141=VECTOR('',#8633,0.043);
#2142=VECTOR('',#8642,2.25);
#2143=VECTOR('',#8643,1.5);
#2144=VECTOR('',#8644,2.25);
#2145=VECTOR('',#8645,1.5);
#2146=VECTOR('',#8650,0.188);
#2147=VECTOR('',#8651,0.109);
#2148=VECTOR('',#8654,0.731);
#2149=VECTOR('',#8657,0.851);
#2150=VECTOR('',#8660,0.0786254738845);
#2151=VECTOR('',#8663,0.7746254738845);
#2152=VECTOR('',#8664,0.0755);
#2153=VECTOR('',#8667,0.525);
#2154=VECTOR('',#8670,1.0765);
#2155=VECTOR('',#8673,0.606);
#2156=VECTOR('',#8676,0.109);
#2157=VECTOR('',#8679,0.768);
#2158=VECTOR('',#8680,0.138);
#2159=VECTOR('',#8681,0.301);
#2160=VECTOR('',#8682,0.138);
#2161=VECTOR('',#8683,0.431);
#2162=VECTOR('',#8684,0.088);
#2163=VECTOR('',#8685,0.193);
#2164=VECTOR('',#8686,0.05);
#2165=VECTOR('',#8687,0.288);
#2166=VECTOR('',#8688,0.6);
#2167=VECTOR('',#8689,0.6);
#2168=VECTOR('',#8690,0.063);
#2169=VECTOR('',#8691,0.05);
#2170=VECTOR('',#8692,0.206);
#2171=VECTOR('',#8693,0.088);
#2172=VECTOR('',#8696,0.625);
#2173=VECTOR('',#8699,0.1);
#2174=VECTOR('',#8700,0.372);
#2175=VECTOR('',#8703,0.368);
#2176=VECTOR('',#8704,0.253);
#2177=VECTOR('',#8711,0.253);
#2178=VECTOR('',#8712,0.281);
#2179=VECTOR('',#8715,0.403);
#2180=VECTOR('',#8720,0.138);
#2181=VECTOR('',#8721,0.253);
#2182=VECTOR('',#8724,0.138);
#2183=VECTOR('',#8725,0.301);
#2184=VECTOR('',#8726,0.1);
#2185=VECTOR('',#8727,0.95);
#2186=VECTOR('',#8728,0.1);
#2187=VECTOR('',#8733,0.1);
#2188=VECTOR('',#8736,0.425);
#2189=VECTOR('',#8737,0.238);
#2190=VECTOR('',#8738,0.053);
#2191=VECTOR('',#8739,0.05);
#2192=VECTOR('',#8740,0.775);
#2193=VECTOR('',#8743,0.043);
#2194=VECTOR('',#8746,0.625);
#2195=VECTOR('',#8751,0.07);
#2196=VECTOR('',#8758,0.0786254738845);
#2197=VECTOR('',#8761,0.851);
#2198=VECTOR('',#8764,0.731);
#2199=VECTOR('',#8767,0.269);
#2200=VECTOR('',#8768,0.188);
#2201=VECTOR('',#8769,0.269);
#2202=VECTOR('',#8772,0.606);
#2203=VECTOR('',#8775,0.881);
#2204=VECTOR('',#8776,0.05613307291703);
#2205=VECTOR('',#8779,0.475);
#2206=VECTOR('',#8782,0.0785);
#2207=VECTOR('',#8785,0.05);
#2208=VECTOR('',#8788,0.0755);
#2209=VECTOR('',#8789,0.7746254738845);
#2210=VECTOR('',#8812,0.035);
#2211=VECTOR('',#8817,0.039375);
#2212=VECTOR('',#8822,0.158);
#2213=VECTOR('',#8823,0.301);
#2214=VECTOR('',#8824,0.158);
#2215=VECTOR('',#8825,0.301);
#2216=VECTOR('',#8830,0.031);
#2217=VECTOR('',#8831,0.07800986884822);
#2218=VECTOR('',#8834,0.475);
#2219=VECTOR('',#8837,0.0785);
#2220=VECTOR('',#8840,0.475);
#2221=VECTOR('',#8843,0.09813307291703);
#2222=VECTOR('',#8844,0.031);
#2223=VECTOR('',#8845,0.02);
#2224=VECTOR('',#8846,1.061);
#2225=VECTOR('',#8847,0.625);
#2226=VECTOR('',#8850,0.043);
#2227=VECTOR('',#8853,0.95);
#2228=VECTOR('',#8856,0.053);
#2229=VECTOR('',#8857,0.306);
#2230=VECTOR('',#8860,0.625);
#2231=VECTOR('',#8861,1.5);
#2232=VECTOR('',#8862,2.25);
#2233=VECTOR('',#8863,0.084);
#2234=VECTOR('',#8864,0.02);
#2235=VECTOR('',#8877,0.253);
#2236=VECTOR('',#8882,0.138);
#2237=VECTOR('',#8883,0.158);
#2238=VECTOR('',#8884,0.138);
#2239=VECTOR('',#8887,0.1);
#2240=VECTOR('',#8888,0.13325);
#2241=VECTOR('',#8889,0.138);
#2242=VECTOR('',#8890,0.135);
#2243=VECTOR('',#8891,0.1);
#2244=VECTOR('',#8892,0.56925);
#2245=VECTOR('',#8895,0.1);
#2246=VECTOR('',#8902,0.0004999999999999);
#2247=VECTOR('',#8903,0.1);
#2248=VECTOR('',#8904,0.0004999999999999);
#2249=VECTOR('',#8909,0.56925);
#2250=VECTOR('',#8912,0.301);
#2251=VECTOR('',#8913,0.158);
#2252=VECTOR('',#8916,0.138);
#2253=VECTOR('',#8921,0.1);
#2254=VECTOR('',#8928,0.425);
#2255=VECTOR('',#8931,0.95);
#2256=VECTOR('',#8940,0.16);
#2257=VECTOR('',#8943,0.16);
#2258=VECTOR('',#8946,0.16);
#2259=VECTOR('',#8949,0.16);
#2260=VECTOR('',#8952,0.157);
#2261=VECTOR('',#8955,0.157);
#2262=VECTOR('',#8958,0.157);
#2263=VECTOR('',#8961,0.157);
#2264=VECTOR('',#8962,0.56925);
#2265=VECTOR('',#8967,0.238);
#2266=VECTOR('',#8970,0.238);
#2267=VECTOR('',#8973,0.238);
#2268=VECTOR('',#8976,0.138);
#2269=VECTOR('',#8977,0.1);
#2270=VECTOR('',#8982,0.206);
#2271=VECTOR('',#8983,0.05);
#2272=VECTOR('',#8984,0.088);
#2273=VECTOR('',#8987,0.625);
#2274=VECTOR('',#8988,0.625);
#2275=VECTOR('',#8999,0.06);
#2276=VECTOR('',#9002,0.031);
#2277=VECTOR('',#9005,0.088);
#2278=VECTOR('',#9010,0.05);
#2279=VECTOR('',#9017,0.039375);
#2280=VECTOR('',#9022,0.035);
#2281=VECTOR('',#9025,0.16);
#2282=VECTOR('',#9026,0.188);
#2283=VECTOR('',#9027,0.16);
#2284=VECTOR('',#9028,0.188);
#2285=VECTOR('',#9031,0.1225);
#2286=VECTOR('',#9032,0.262);
#2287=VECTOR('',#9033,0.1395);
#2288=VECTOR('',#9036,0.1395);
#2289=VECTOR('',#9039,0.262);
#2290=VECTOR('',#9040,0.1225);
#2291=VECTOR('',#9045,0.262);
#2292=VECTOR('',#9048,0.262);
#2293=VECTOR('',#9051,0.262);
#2294=VECTOR('',#9054,0.048);
#2295=VECTOR('',#9055,0.1880625160174);
#2296=VECTOR('',#9058,0.043);
#2297=VECTOR('',#9063,0.29);
#2298=VECTOR('',#9064,0.338);
#2299=VECTOR('',#9065,0.042);
#2300=VECTOR('',#9068,0.29);
#2301=VECTOR('',#9071,0.043);
#2302=VECTOR('',#9074,0.29);
#2303=VECTOR('',#9077,0.043);
#2304=VECTOR('',#9080,0.29);
#2305=VECTOR('',#9083,0.07800986884822);
#2306=VECTOR('',#9084,0.29);
#2307=VECTOR('',#9087,0.6);
#2308=VECTOR('',#9090,0.042);
#2309=VECTOR('',#9093,0.042);
#2310=VECTOR('',#9098,0.262);
#2311=VECTOR('',#9099,0.338);
#2312=VECTOR('',#9102,0.338);
#2313=VECTOR('',#9105,0.338);
#2314=VECTOR('',#9108,0.338);
#2315=VECTOR('',#9111,0.338);
#2316=VECTOR('',#9116,0.262);
#2317=VECTOR('',#9119,0.262);
#2318=VECTOR('',#9122,0.262);
#2319=VECTOR('',#9125,0.262);
#2320=VECTOR('',#9126,0.262);
#2321=VECTOR('',#9129,0.172);
#2322=VECTOR('',#9132,0.262);
#2323=VECTOR('',#9135,0.262);
#2324=VECTOR('',#9138,0.262);
#2325=VECTOR('',#9141,0.262);
#2326=VECTOR('',#9146,0.02);
#2327=VECTOR('',#9147,0.29);
#2328=VECTOR('',#9152,0.043);
#2329=VECTOR('',#9155,0.29);
#2330=VECTOR('',#9156,0.6);
#2331=VECTOR('',#9161,0.02);
#2332=VECTOR('',#9164,0.02);
#2333=VECTOR('',#9167,0.02);
#2334=VECTOR('',#9172,0.6);
#2335=VECTOR('',#9185,0.0765);
#2336=VECTOR('',#9190,0.068);
#2337=VECTOR('',#9193,0.03542457491968);
#2338=VECTOR('',#9198,0.1130625);
#2339=VECTOR('',#9203,0.1005);
#2340=VECTOR('',#9206,0.05167457491968);
#2341=VECTOR('',#9211,0.0765);
#2342=VECTOR('',#9216,0.068);
#2343=VECTOR('',#9219,0.03542457491968);
#2344=VECTOR('',#9224,0.0765);
#2345=VECTOR('',#9229,0.068);
#2346=VECTOR('',#9232,0.03542457491968);
#2347=VECTOR('',#9235,0.035);
#2348=VECTOR('',#9238,0.02);
#2349=VECTOR('',#9241,0.02);
#2350=VECTOR('',#9244,0.16);
#2351=VECTOR('',#9245,0.02);
#2352=VECTOR('',#9250,0.02);
#2353=VECTOR('',#9253,0.16);
#2354=VECTOR('',#9260,0.16);
#2355=VECTOR('',#9263,0.16);
#2356=VECTOR('',#9266,0.02);
#2357=VECTOR('',#9267,0.02);
#2358=VECTOR('',#9270,0.02);
#2359=VECTOR('',#9273,0.02);
#2360=VECTOR('',#9278,0.02);
#2361=VECTOR('',#9281,0.02);
#2362=VECTOR('',#9284,0.157);
#2363=VECTOR('',#9285,0.02);
#2364=VECTOR('',#9290,0.02);
#2365=VECTOR('',#9293,0.157);
#2366=VECTOR('',#9300,0.157);
#2367=VECTOR('',#9303,0.157);
#2368=VECTOR('',#9306,0.02);
#2369=VECTOR('',#9307,0.02);
#2370=VECTOR('',#9310,0.02);
#2371=VECTOR('',#9313,0.02);
#2372=VECTOR('',#9318,0.1);
#2373=VECTOR('',#9325,0.0500625);
#2374=VECTOR('',#9328,0.0445);
#2375=VECTOR('',#9333,0.039375);
#2376=VECTOR('',#9338,0.035);
#2377=VECTOR('',#9341,0.01892457491968);
#2378=VECTOR('',#9344,0.05);
#2379=VECTOR('',#9347,0.05);
#2380=VECTOR('',#9354,0.0500625);
#2381=VECTOR('',#9357,0.0445);
#2382=VECTOR('',#9362,0.039375);
#2383=VECTOR('',#9365,0.035);
#2384=VECTOR('',#9368,0.125);
#2385=VECTOR('',#9373,0.039375);
#2386=VECTOR('',#9376,0.035);
#2387=VECTOR('',#9381,0.0625);
#2388=VECTOR('',#9384,0.0315);
#2389=VECTOR('',#9387,0.035);
#2390=VECTOR('',#9402,0.028125);
#2391=VECTOR('',#9409,0.03125);
#2392=VECTOR('',#9426,0.028125);
#2393=VECTOR('',#9433,0.03125);
#2394=VECTOR('',#9452,0.0689);
#2395=VECTOR('',#9459,0.05315);
#2396=VECTOR('',#9474,0.0675);
#2397=VECTOR('',#9475,0.141421356237291);
#2398=VECTOR('',#9476,0.546);
#2399=VECTOR('',#9477,0.141421356237291);
#2400=VECTOR('',#9478,1.104);
#2401=VECTOR('',#9479,0.141421356237291);
#2402=VECTOR('',#9480,0.646);
#2403=VECTOR('',#9481,0.141421356237291);
#2404=VECTOR('',#9482,0.2965);
#2405=VECTOR('',#9485,0.123);
#2406=VECTOR('',#9488,0.2965);
#2407=VECTOR('',#9489,0.141421356237291);
#2408=VECTOR('',#9490,0.771);
#2409=VECTOR('',#9491,0.141421356237291);
#2410=VECTOR('',#9492,0.20275);
#2411=VECTOR('',#9493,0.0945);
#2412=VECTOR('',#9496,0.0945);
#2413=VECTOR('',#9497,0.48375);
#2414=VECTOR('',#9498,0.141421356237291);
#2415=VECTOR('',#9499,1.1565);
#2416=VECTOR('',#9514,0.049);
#2417=VECTOR('',#9519,1.1565);
#2418=VECTOR('',#9520,0.141421356237291);
#2419=VECTOR('',#9521,0.48375);
#2420=VECTOR('',#9522,0.0945);
#2421=VECTOR('',#9525,0.0945);
#2422=VECTOR('',#9526,0.20275);
#2423=VECTOR('',#9527,0.141421356237291);
#2424=VECTOR('',#9528,0.771);
#2425=VECTOR('',#9529,0.141421356237291);
#2426=VECTOR('',#9530,0.2965);
#2427=VECTOR('',#9533,0.123);
#2428=VECTOR('',#9536,0.2965);
#2429=VECTOR('',#9537,0.141421356237291);
#2430=VECTOR('',#9538,0.646);
#2431=VECTOR('',#9539,0.141421356237291);
#2432=VECTOR('',#9540,1.104);
#2433=VECTOR('',#9541,0.141421356237291);
#2434=VECTOR('',#9542,0.546);
#2435=VECTOR('',#9543,0.141421356237291);
#2436=VECTOR('',#9544,0.0675);
#2437=VECTOR('',#9557,0.049);
#2438=VECTOR('',#9560,0.06);
#2439=VECTOR('',#9561,0.06);
#2440=VECTOR('',#9564,0.06);
#2441=VECTOR('',#9567,0.06);
#2442=VECTOR('',#9570,0.06);
#2443=VECTOR('',#9573,0.06);
#2444=VECTOR('',#9576,0.06);
#2445=VECTOR('',#9579,0.06);
#2446=VECTOR('',#9582,0.06);
#2447=VECTOR('',#9585,0.06);
#2448=VECTOR('',#9588,0.06);
#2449=VECTOR('',#9591,0.06);
#2450=VECTOR('',#9594,0.06);
#2451=VECTOR('',#9597,0.06);
#2452=VECTOR('',#9600,0.06);
#2453=VECTOR('',#9603,0.06);
#2454=VECTOR('',#9606,0.06);
#2455=VECTOR('',#9609,0.06);
#2456=VECTOR('',#9612,0.06);
#2457=VECTOR('',#9615,0.06);
#2458=VECTOR('',#9616,0.06);
#2459=VECTOR('',#9619,0.06);
#2460=VECTOR('',#9622,0.06);
#2461=VECTOR('',#9625,0.06);
#2462=VECTOR('',#9632,0.049);
#2463=VECTOR('',#9635,0.0315);
#2464=VECTOR('',#9638,0.0315);
#2465=VECTOR('',#9643,0.05740252447688);
#2466=VECTOR('',#9644,0.06421873776156);
#2467=VECTOR('',#9645,0.09231370849898);
#2468=VECTOR('',#9646,0.334);
#2469=VECTOR('',#9647,0.367686291501);
#2470=VECTOR('',#9648,0.693);
#2471=VECTOR('',#9649,0.36);
#2472=VECTOR('',#9650,0.187);
#2473=VECTOR('',#9651,0.1);
#2474=VECTOR('',#9652,0.05037873776156);
#2475=VECTOR('',#9657,0.03506);
#2476=VECTOR('',#9662,0.05740252447688);
#2477=VECTOR('',#9665,0.03506);
#2478=VECTOR('',#9670,0.05310539040197);
#2479=VECTOR('',#9673,0.037);
#2480=VECTOR('',#9680,0.125);
#2481=VECTOR('',#9683,0.125);
#2482=VECTOR('',#9686,0.037);
#2483=VECTOR('',#9689,0.147447304799);
#2484=VECTOR('',#9690,0.187);
#2485=VECTOR('',#9691,0.036);
#2486=VECTOR('',#9692,0.05037873776156);
#2487=VECTOR('',#9695,0.03506);
#2488=VECTOR('',#9698,0.06421873776156);
#2489=VECTOR('',#9699,0.09231370849898);
#2490=VECTOR('',#9700,0.334);
#2491=VECTOR('',#9701,0.09337258300203);
#2492=VECTOR('',#9702,0.334);
#2493=VECTOR('',#9703,0.09231370849898);
#2494=VECTOR('',#9704,0.03506);
#2495=VECTOR('',#9707,0.036);
#2496=VECTOR('',#9708,0.187);
#2497=VECTOR('',#9709,0.149447304799);
#2498=VECTOR('',#9728,0.0115);
#2499=VECTOR('',#9735,0.0115);
#2500=VECTOR('',#9742,0.0115);
#2501=VECTOR('',#9749,0.0115);
#2502=VECTOR('',#9756,0.0115);
#2503=VECTOR('',#9763,0.0115);
#2504=VECTOR('',#9768,0.125);
#2505=VECTOR('',#9769,0.037);
#2506=VECTOR('',#9770,0.125);
#2507=VECTOR('',#9775,0.125);
#2508=VECTOR('',#9778,0.037);
#2509=VECTOR('',#9779,0.125);
#2510=VECTOR('',#9788,0.03506);
#2511=VECTOR('',#9791,0.03506);
#2512=VECTOR('',#9794,0.03506);
#2513=VECTOR('',#9797,0.03506);
#2514=VECTOR('',#9802,0.125);
#2515=VECTOR('',#9805,0.125);
#2516=VECTOR('',#9810,0.125);
#2517=VECTOR('',#9811,0.125);
#2518=VECTOR('',#9814,0.125);
#2519=VECTOR('',#9817,0.125);
#2520=VECTOR('',#9822,0.1);
#2521=VECTOR('',#9823,0.036);
#2522=VECTOR('',#9826,0.23);
#2523=VECTOR('',#9829,0.36);
#2524=VECTOR('',#9830,0.036);
#2525=VECTOR('',#9831,0.1);
#2526=VECTOR('',#9834,0.187);
#2527=VECTOR('',#9835,0.1);
#2528=VECTOR('',#9838,0.1);
#2529=VECTOR('',#9839,0.036);
#2530=VECTOR('',#9842,0.187);
#2531=VECTOR('',#9843,0.693);
#2532=VECTOR('',#9844,0.367686291501);
#2533=VECTOR('',#9845,0.334);
#2534=VECTOR('',#9846,0.09231370849898);
#2535=VECTOR('',#9851,0.0966101730552634);
#2536=VECTOR('',#9856,0.0966101730552634);
#2537=VECTOR('',#9863,0.016);
#2538=VECTOR('',#9864,0.35);
#2539=VECTOR('',#9869,0.02375);
#2540=VECTOR('',#9870,0.016);
#2541=VECTOR('',#9871,0.02375);
#2542=VECTOR('',#9876,0.02441084238344);
#2543=VECTOR('',#9877,0.368686291501);
#2544=VECTOR('',#9878,0.02439);
#2545=VECTOR('',#9881,0.02439);
#2546=VECTOR('',#9882,0.368686291501);
#2547=VECTOR('',#9883,0.02441084238344);
#2548=VECTOR('',#9888,0.228);
#2549=VECTOR('',#9889,0.02375);
#2550=VECTOR('',#9890,0.228);
#2551=VECTOR('',#9891,0.02375);
#2552=VECTOR('',#9894,0.09337258300203);
#2553=VECTOR('',#9895,0.02375);
#2554=VECTOR('',#9898,0.016);
#2555=VECTOR('',#9899,0.016);
#2556=VECTOR('',#9900,0.02439);
#2557=VECTOR('',#9905,0.709);
#2558=VECTOR('',#9908,0.016);
#2559=VECTOR('',#9909,0.001);
#2560=VECTOR('',#9910,0.709);
#2561=VECTOR('',#9911,0.001);
#2562=VECTOR('',#9912,0.016);
#2563=VECTOR('',#9915,0.02375);
#2564=VECTOR('',#9916,0.016);
#2565=VECTOR('',#9919,0.228);
#2566=VECTOR('',#9920,0.016);
#2567=VECTOR('',#9923,0.0966101730552634);
#2568=VECTOR('',#9926,0.02441084238344);
#2569=VECTOR('',#9927,0.368686291501);
#2570=VECTOR('',#9928,0.02439);
#2571=VECTOR('',#9931,0.02375);
#2572=VECTOR('',#9932,0.368686291501);
#2573=VECTOR('',#9933,0.02441084238344);
#2574=VECTOR('',#9936,0.0966101730552634);
#2575=VECTOR('',#9939,0.02375);
#2576=VECTOR('',#9940,0.09337258300203);
#2577=VECTOR('',#9941,0.09337258300203);
#2578=VECTOR('',#9944,0.0951959594928837);
#2579=VECTOR('',#9947,0.368686291501);
#2580=VECTOR('',#9950,0.228);
#2581=VECTOR('',#9953,0.368686291501);
#2582=VECTOR('',#9956,0.0951959594928837);
#2583=VECTOR('',#9961,0.36);
#2584=VECTOR('',#9962,0.09337258300203);
#2585=VECTOR('',#9963,0.36);
#2586=VECTOR('',#9966,0.36);
#2587=VECTOR('',#9971,0.36);
#2588=VECTOR('',#9972,0.0951959594928837);
#2589=VECTOR('',#9975,0.36);
#2590=VECTOR('',#9980,0.36);
#2591=VECTOR('',#9981,0.368686291501);
#2592=VECTOR('',#9986,0.228);
#2593=VECTOR('',#9989,0.368686291501);
#2594=VECTOR('',#9992,0.0951959594928837);
#2595=VECTOR('',#9997,0.36);
#2596=VECTOR('',#10000,0.36);
#2597=VECTOR('',#10003,0.36);
#2598=VECTOR('',#10006,0.36);
#2599=VECTOR('',#10009,0.36);
#2600=VECTOR('',#10012,0.36);
#2601=VECTOR('',#10017,0.016);
#2602=VECTOR('',#10020,0.016);
#2603=VECTOR('',#10023,0.35);
#2604=VECTOR('',#10026,0.35);
#2605=VECTOR('',#10029,0.016);
#2606=VECTOR('',#10032,0.016);
#2607=VECTOR('',#10039,0.016);
#2608=VECTOR('',#10042,0.016);
#2609=VECTOR('',#10045,0.016);
#2610=VECTOR('',#10048,0.016);
#2611=VECTOR('',#10051,0.35);
#2612=VECTOR('',#10058,0.187);
#2613=VECTOR('',#10059,0.036);
#2614=VECTOR('',#10062,0.1);
#2615=VECTOR('',#10079,0.15748);
#2616=VECTOR('',#10086,0.0125);
#2617=VECTOR('',#10095,0.0125);
#2618=VECTOR('',#10106,1.49);
#2619=VECTOR('',#10107,2.24);
#2620=VECTOR('',#10108,1.49);
#2621=VECTOR('',#10109,2.24);
#2622=VECTOR('',#10118,0.1);
#2623=VECTOR('',#10119,1.49);
#2624=VECTOR('',#10120,0.1);
#2625=VECTOR('',#10125,0.1);
#2626=VECTOR('',#10128,0.801);
#2627=VECTOR('',#10129,0.801);
#2628=VECTOR('',#10130,0.1);
#2629=VECTOR('',#10133,2.24);
#2630=VECTOR('',#10134,0.801);
#2631=VECTOR('',#10137,0.1);
#2632=VECTOR('',#10138,0.801);
#2633=VECTOR('',#10139,0.1);
#2634=VECTOR('',#10144,0.1);
#2635=VECTOR('',#10147,1.49);
#2636=VECTOR('',#10148,0.1);
#2637=VECTOR('',#10151,2.24);
#2638=VECTOR('',#10154,2.24);
#2639=VECTOR('',#10163,2.24);
#2640=VECTOR('',#10166,2.24);
#2641=VECTOR('',#10171,2.24);
#2642=VECTOR('',#10176,0.1);
#2643=VECTOR('',#10179,1.49);
#2644=VECTOR('',#10180,1.49);
#2645=VECTOR('',#10181,0.1);
#2646=VECTOR('',#10184,2.24);
#2647=VECTOR('',#10185,1.49);
#2648=VECTOR('',#10194,0.1);
#2649=VECTOR('',#10195,1.49);
#2650=VECTOR('',#10196,0.1);
#2651=VECTOR('',#10201,2.24);
#2652=VECTOR('',#10212,0.125);
#2653=VECTOR('',#10215,0.125);
#2654=VECTOR('',#10222,0.0825);
#2655=VECTOR('',#10225,0.0575);
#2656=VECTOR('',#10228,0.0575);
#2657=VECTOR('',#10233,0.0825);
#2658=VECTOR('',#10238,0.0825);
#2659=VECTOR('',#10241,0.0575);
#2660=VECTOR('',#10248,0.0575);
#2661=VECTOR('',#10251,0.0825);
#2662=VECTOR('',#10256,0.018);
#2663=VECTOR('',#10259,0.04117424305044);
#2664=VECTOR('',#10260,2.245);
#2665=VECTOR('',#10261,1.49);
#2666=VECTOR('',#10262,2.245);
#2667=VECTOR('',#10263,1.02917424305);
#2668=VECTOR('',#10266,0.017);
#2669=VECTOR('',#10267,0.09813307291703);
#2670=VECTOR('',#10270,0.475);
#2671=VECTOR('',#10273,0.0785);
#2672=VECTOR('',#10276,0.475);
#2673=VECTOR('',#10279,0.07800986884822);
#2674=VECTOR('',#10288,0.95);
#2675=VECTOR('',#10291,0.425);
#2676=VECTOR('',#10294,0.85);
#2677=VECTOR('',#10295,0.067);
#2678=VECTOR('',#10298,0.642);
#2679=VECTOR('',#10305,0.1092202661619);
#2680=VECTOR('',#10308,0.126);
#2681=VECTOR('',#10311,0.414);
#2682=VECTOR('',#10314,0.126);
#2683=VECTOR('',#10317,0.2732202661619);
#2684=VECTOR('',#10326,0.14);
#2685=VECTOR('',#10329,0.14);
#2686=VECTOR('',#10334,0.064);
#2687=VECTOR('',#10337,2.245);
#2688=VECTOR('',#10338,1.49);
#2689=VECTOR('',#10339,2.245);
#2690=VECTOR('',#10340,1.49);
#2691=VECTOR('',#10347,0.1365317309993);
#2692=VECTOR('',#10348,0.058);
#2693=VECTOR('',#10349,0.001);
#2694=VECTOR('',#10352,0.47);
#2695=VECTOR('',#10355,0.001);
#2696=VECTOR('',#10356,0.058);
#2697=VECTOR('',#10357,0.0009999999999997);
#2698=VECTOR('',#10360,0.5907922264153);
#2699=VECTOR('',#10375,0.2);
#2700=VECTOR('',#10376,0.2);
#2701=VECTOR('',#10379,0.4196515138991);
#2702=VECTOR('',#10380,0.15);
#2703=VECTOR('',#10381,0.2);
#2704=VECTOR('',#10382,0.15);
#2705=VECTOR('',#10387,0.328);
#2706=VECTOR('',#10392,0.15);
#2707=VECTOR('',#10395,0.293);
#2708=VECTOR('',#10396,0.1);
#2709=VECTOR('',#10397,0.15);
#2710=VECTOR('',#10398,0.1);
#2711=VECTOR('',#10401,0.07800986884822);
#2712=VECTOR('',#10404,0.475);
#2713=VECTOR('',#10407,0.0785);
#2714=VECTOR('',#10410,0.475);
#2715=VECTOR('',#10413,0.09813307291703);
#2716=VECTOR('',#10416,0.1);
#2717=VECTOR('',#10419,0.1);
#2718=VECTOR('',#10422,0.1);
#2719=VECTOR('',#10425,0.1);
#2720=VECTOR('',#10428,0.1);
#2721=VECTOR('',#10431,0.1);
#2722=VECTOR('',#10434,0.1);
#2723=VECTOR('',#10437,0.1);
#2724=VECTOR('',#10444,0.2);
#2725=VECTOR('',#10449,0.067);
#2726=VECTOR('',#10456,0.642);
#2727=VECTOR('',#10459,0.067);
#2728=VECTOR('',#10460,0.85);
#2729=VECTOR('',#10463,0.425);
#2730=VECTOR('',#10466,0.95);
#2731=VECTOR('',#10467,0.56925);
#2732=VECTOR('',#10470,0.56925);
#2733=VECTOR('',#10475,0.16);
#2734=VECTOR('',#10478,0.16);
#2735=VECTOR('',#10481,0.157);
#2736=VECTOR('',#10484,0.157);
#2737=VECTOR('',#10487,0.157);
#2738=VECTOR('',#10490,0.157);
#2739=VECTOR('',#10493,0.16);
#2740=VECTOR('',#10496,0.16);
#2741=VECTOR('',#10501,0.2732202661619);
#2742=VECTOR('',#10504,0.126);
#2743=VECTOR('',#10507,0.414);
#2744=VECTOR('',#10510,0.126);
#2745=VECTOR('',#10513,0.1092202661619);
#2746=VECTOR('',#10516,0.1);
#2747=VECTOR('',#10517,0.1);
#2748=VECTOR('',#10520,0.1);
#2749=VECTOR('',#10523,0.1);
#2750=VECTOR('',#10526,0.1);
#2751=VECTOR('',#10529,0.1);
#2752=VECTOR('',#10532,0.1);
#2753=VECTOR('',#10535,0.1);
#2754=VECTOR('',#10538,0.1);
#2755=VECTOR('',#10543,0.125);
#2756=VECTOR('',#10544,0.1);
#2757=VECTOR('',#10545,0.1);
#2758=VECTOR('',#10548,0.1);
#2759=VECTOR('',#10551,0.1);
#2760=VECTOR('',#10554,0.1);
#2761=VECTOR('',#10557,0.1);
#2762=VECTOR('',#10560,0.1);
#2763=VECTOR('',#10563,0.1);
#2764=VECTOR('',#10566,0.1);
#2765=VECTOR('',#10569,0.1);
#2766=VECTOR('',#10574,0.56925);
#2767=VECTOR('',#10575,0.1);
#2768=VECTOR('',#10576,0.1);
#2769=VECTOR('',#10581,0.56925);
#2770=VECTOR('',#10588,0.1);
#2771=VECTOR('',#10591,0.1);
#2772=VECTOR('',#10598,0.053);
#2773=VECTOR('',#10605,0.0935);
#2774=VECTOR('',#10608,0.02);
#2775=VECTOR('',#10611,0.02);
#2776=VECTOR('',#10614,0.16);
#2777=VECTOR('',#10615,0.02);
#2778=VECTOR('',#10620,0.02);
#2779=VECTOR('',#10623,0.16);
#2780=VECTOR('',#10630,0.157);
#2781=VECTOR('',#10633,0.157);
#2782=VECTOR('',#10638,0.157);
#2783=VECTOR('',#10641,0.157);
#2784=VECTOR('',#10646,0.16);
#2785=VECTOR('',#10649,0.16);
#2786=VECTOR('',#10652,0.02);
#2787=VECTOR('',#10653,0.02);
#2788=VECTOR('',#10656,0.02);
#2789=VECTOR('',#10659,0.02);
#2790=VECTOR('',#10664,0.02);
#2791=VECTOR('',#10665,0.02);
#2792=VECTOR('',#10668,0.02);
#2793=VECTOR('',#10671,0.02);
#2794=VECTOR('',#10676,0.02);
#2795=VECTOR('',#10677,0.02);
#2796=VECTOR('',#10680,0.02);
#2797=VECTOR('',#10683,0.02);
#2798=VECTOR('',#10688,0.064);
#2799=VECTOR('',#10691,0.062);
#2800=VECTOR('',#10692,0.0009999999999997);
#2801=VECTOR('',#10693,0.184);
#2802=VECTOR('',#10694,0.122);
#2803=VECTOR('',#10695,0.1355317309993);
#2804=VECTOR('',#10700,0.062);
#2805=VECTOR('',#10707,0.1207922264153);
#2806=VECTOR('',#10710,0.122);
#2807=VECTOR('',#10711,0.125);
#2808=VECTOR('',#10714,0.184);
#2809=VECTOR('',#10715,0.47);
#2810=VECTOR('',#10720,0.47);
#2811=VECTOR('',#10723,0.001);
#2812=VECTOR('',#10724,0.058);
#2813=VECTOR('',#10727,0.0009999999999997);
#2814=VECTOR('',#10728,0.058);
#2815=VECTOR('',#10729,0.001);
#2816=VECTOR('',#10732,0.14);
#2817=VECTOR('',#10735,0.14);
#2818=VECTOR('',#10738,0.184);
#2819=VECTOR('',#10739,0.184);
#2820=VECTOR('',#10742,0.184);
#2821=VECTOR('',#10745,0.184);
#2822=VECTOR('',#10748,0.184);
#2823=VECTOR('',#10753,0.184);
#2824=VECTOR('',#10756,0.184);
#2825=VECTOR('',#10759,0.184);
#2826=VECTOR('',#10764,0.016);
#2827=VECTOR('',#10765,0.016);
#2828=VECTOR('',#10768,0.016);
#2829=VECTOR('',#10771,0.016);
#2830=VECTOR('',#10776,0.0935);
#2831=VECTOR('',#10785,0.053);
#2832=VECTOR('',#10788,0.0935);
#2833=VECTOR('',#10797,0.053);
#2834=VECTOR('',#10800,0.0935);
#2835=VECTOR('',#10809,0.053);
#2836=VECTOR('',#10812,0.172);
#2837=CIRCLE('',#7747,0.043);
#2838=CIRCLE('',#7748,0.043);
#2839=CIRCLE('',#7750,0.055);
#2840=CIRCLE('',#7751,0.055);
#2841=CIRCLE('',#7753,0.082);
#2842=CIRCLE('',#7754,0.082);
#2843=CIRCLE('',#7756,0.068);
#2844=CIRCLE('',#7758,0.125);
#2845=CIRCLE('',#7759,0.125);
#2846=CIRCLE('',#7761,0.1005);
#2847=CIRCLE('',#7763,0.082);
#2848=CIRCLE('',#7764,0.082);
#2849=CIRCLE('',#7766,0.068);
#2850=CIRCLE('',#7768,0.055);
#2851=CIRCLE('',#7769,0.055);
#2852=CIRCLE('',#7771,0.043);
#2853=CIRCLE('',#7772,0.043);
#2854=CIRCLE('',#7774,0.082);
#2855=CIRCLE('',#7775,0.082);
#2856=CIRCLE('',#7777,0.068);
#2857=CIRCLE('',#7779,0.043);
#2858=CIRCLE('',#7780,0.043);
#2859=CIRCLE('',#7782,0.043);
#2860=CIRCLE('',#7783,0.043);
#2861=CIRCLE('',#7785,0.043);
#2862=CIRCLE('',#7786,0.043);
#2863=CIRCLE('',#7788,0.035);
#2864=CIRCLE('',#7790,0.0445);
#2865=CIRCLE('',#7791,0.0445);
#2866=CIRCLE('',#7792,0.15);
#2867=CIRCLE('',#7793,0.15);
#2868=CIRCLE('',#7794,0.15);
#2869=CIRCLE('',#7795,0.172);
#2870=CIRCLE('',#7796,0.15);
#2871=CIRCLE('',#7797,0.15);
#2872=CIRCLE('',#7798,0.15);
#2873=CIRCLE('',#7799,0.15);
#2874=CIRCLE('',#7802,0.15);
#2875=CIRCLE('',#7803,0.15);
#2876=CIRCLE('',#7804,0.0625);
#2877=CIRCLE('',#7805,0.035);
#2878=CIRCLE('',#7807,0.15);
#2879=CIRCLE('',#7808,0.0315);
#2880=CIRCLE('',#7812,0.15);
#2881=CIRCLE('',#7815,0.15);
#2882=CIRCLE('',#7816,0.07);
#2883=CIRCLE('',#7818,0.07);
#2884=CIRCLE('',#7820,0.172);
#2885=CIRCLE('',#7821,0.15);
#2886=CIRCLE('',#7822,0.15);
#2887=CIRCLE('',#7823,0.15);
#2888=CIRCLE('',#7824,0.15);
#2889=CIRCLE('',#7825,0.15);
#2890=CIRCLE('',#7826,0.15);
#2891=CIRCLE('',#7827,0.15);
#2892=CIRCLE('',#7828,0.15);
#2893=CIRCLE('',#7829,0.15);
#2894=CIRCLE('',#7830,0.172);
#2895=CIRCLE('',#7831,0.035);
#2896=CIRCLE('',#7832,0.0625);
#2897=CIRCLE('',#7833,0.06);
#2898=CIRCLE('',#7834,0.035);
#2899=CIRCLE('',#7835,0.035);
#2900=CIRCLE('',#7836,0.125);
#2901=CIRCLE('',#7837,0.031);
#2902=CIRCLE('',#7838,0.0315);
#2903=CIRCLE('',#7839,0.035);
#2904=CIRCLE('',#7841,0.035);
#2905=CIRCLE('',#7843,0.04375);
#2906=CIRCLE('',#7845,0.04375);
#2907=CIRCLE('',#7847,0.15);
#2908=CIRCLE('',#7848,0.15);
#2909=CIRCLE('',#7849,0.15);
#2910=CIRCLE('',#7850,0.15);
#2911=CIRCLE('',#7851,0.15);
#2912=CIRCLE('',#7852,0.15);
#2913=CIRCLE('',#7853,0.15);
#2914=CIRCLE('',#7854,0.15);
#2915=CIRCLE('',#7855,0.055625);
#2916=CIRCLE('',#7856,0.172);
#2917=CIRCLE('',#7857,0.055625);
#2918=CIRCLE('',#7858,0.04375);
#2919=CIRCLE('',#7859,0.125);
#2920=CIRCLE('',#7861,0.04375);
#2921=CIRCLE('',#7865,0.09375);
#2922=CIRCLE('',#7866,0.09375);
#2923=CIRCLE('',#7869,0.09375);
#2924=CIRCLE('',#7870,0.094);
#2925=CIRCLE('',#7874,0.094);
#2926=CIRCLE('',#7876,0.15);
#2927=CIRCLE('',#7877,0.15);
#2928=CIRCLE('',#7878,0.15);
#2929=CIRCLE('',#7879,0.04375);
#2930=CIRCLE('',#7880,0.035);
#2931=CIRCLE('',#7881,0.05);
#2932=CIRCLE('',#7882,0.05);
#2933=CIRCLE('',#7883,0.05);
#2934=CIRCLE('',#7884,0.05);
#2935=CIRCLE('',#7885,0.05);
#2936=CIRCLE('',#7886,0.05);
#2937=CIRCLE('',#7887,0.05);
#2938=CIRCLE('',#7888,0.05);
#2939=CIRCLE('',#7889,0.09375);
#2940=CIRCLE('',#7897,0.15);
#2941=CIRCLE('',#7898,0.15);
#2942=CIRCLE('',#7899,0.031);
#2943=CIRCLE('',#7900,0.06);
#2944=CIRCLE('',#7908,0.035);
#2945=CIRCLE('',#7910,0.035);
#2946=CIRCLE('',#7920,0.125);
#2947=CIRCLE('',#7921,0.125);
#2948=CIRCLE('',#7924,0.156);
#2949=CIRCLE('',#7925,0.156);
#2950=CIRCLE('',#7926,0.125);
#2951=CIRCLE('',#7927,0.125);
#2952=CIRCLE('',#7951,0.156);
#2953=CIRCLE('',#7952,0.156);
#2954=CIRCLE('',#7953,0.085);
#2955=CIRCLE('',#7959,0.125625);
#2956=CIRCLE('',#7960,0.085);
#2957=CIRCLE('',#7962,0.085);
#2958=CIRCLE('',#7964,0.068);
#2959=CIRCLE('',#7966,0.068);
#2960=CIRCLE('',#7969,0.1005);
#2961=CIRCLE('',#7971,0.1005);
#2962=CIRCLE('',#7974,0.068);
#2963=CIRCLE('',#7976,0.068);
#2964=CIRCLE('',#7979,0.068);
#2965=CIRCLE('',#7981,0.068);
#2966=CIRCLE('',#7985,0.05);
#2967=CIRCLE('',#7988,0.05);
#2968=CIRCLE('',#7992,0.05);
#2969=CIRCLE('',#7993,0.05);
#2970=CIRCLE('',#7999,0.05);
#2971=CIRCLE('',#8002,0.05);
#2972=CIRCLE('',#8006,0.05);
#2973=CIRCLE('',#8007,0.05);
#2974=CIRCLE('',#8015,0.0445);
#2975=CIRCLE('',#8018,0.035);
#2976=CIRCLE('',#8020,0.035);
#2977=CIRCLE('',#8026,0.0445);
#2978=CIRCLE('',#8029,0.035);
#2979=CIRCLE('',#8033,0.035);
#2980=CIRCLE('',#8039,0.035);
#2981=CIRCLE('',#8043,0.025);
#2982=CIRCLE('',#8045,0.03125);
#2983=CIRCLE('',#8047,0.03125);
#2984=CIRCLE('',#8048,0.03125);
#2985=CIRCLE('',#8049,0.0112499982812);
#2986=CIRCLE('',#8050,0.0199999999999477);
#2987=CIRCLE('',#8054,0.025);
#2988=CIRCLE('',#8056,0.03125);
#2989=CIRCLE('',#8058,0.03125);
#2990=CIRCLE('',#8059,0.03125);
#2991=CIRCLE('',#8060,0.01124999755086);
#2992=CIRCLE('',#8061,0.0199999999999903);
#2993=CIRCLE('',#8065,0.0689);
#2994=CIRCLE('',#8066,0.05315);
#2995=CIRCLE('',#8068,0.0689);
#2996=CIRCLE('',#8070,0.05315);
#2997=CIRCLE('',#8079,0.0625);
#2998=CIRCLE('',#8080,0.0625);
#2999=CIRCLE('',#8081,0.09375);
#3000=CIRCLE('',#8082,0.0625);
#3001=CIRCLE('',#8083,0.049);
#3002=CIRCLE('',#8084,0.049);
#3003=CIRCLE('',#8085,0.049);
#3004=CIRCLE('',#8086,0.0315);
#3005=CIRCLE('',#8087,0.0315);
#3006=CIRCLE('',#8089,0.049);
#3007=CIRCLE('',#8091,0.09375);
#3008=CIRCLE('',#8092,0.0625);
#3009=CIRCLE('',#8093,0.0625);
#3010=CIRCLE('',#8094,0.0625);
#3011=CIRCLE('',#8095,0.049);
#3012=CIRCLE('',#8096,0.049);
#3013=CIRCLE('',#8097,0.0315);
#3014=CIRCLE('',#8098,0.0315);
#3015=CIRCLE('',#8130,0.0115);
#3016=CIRCLE('',#8131,0.0115);
#3017=CIRCLE('',#8133,0.0115);
#3018=CIRCLE('',#8134,0.0115);
#3019=CIRCLE('',#8136,0.0115);
#3020=CIRCLE('',#8137,0.0115);
#3021=CIRCLE('',#8139,0.0115);
#3022=CIRCLE('',#8140,0.0115);
#3023=CIRCLE('',#8142,0.0115);
#3024=CIRCLE('',#8143,0.0115);
#3025=CIRCLE('',#8144,0.0115);
#3026=CIRCLE('',#8145,0.0115);
#3027=CIRCLE('',#8146,0.0115);
#3028=CIRCLE('',#8147,0.0115);
#3029=CIRCLE('',#8148,0.0115);
#3030=CIRCLE('',#8149,0.0115);
#3031=CIRCLE('',#8150,0.0115);
#3032=CIRCLE('',#8151,0.0115);
#3033=CIRCLE('',#8152,0.0115);
#3034=CIRCLE('',#8154,0.0115);
#3035=CIRCLE('',#8157,0.0115);
#3036=CIRCLE('',#8160,0.0115);
#3037=CIRCLE('',#8163,0.0115);
#3038=CIRCLE('',#8166,0.0115);
#3039=CIRCLE('',#8169,0.0115);
#3040=CIRCLE('',#8173,0.0115);
#3041=CIRCLE('',#8176,0.0115);
#3042=CIRCLE('',#8179,0.0115);
#3043=CIRCLE('',#8181,0.0115);
#3044=CIRCLE('',#8182,0.0115);
#3045=CIRCLE('',#8191,0.024);
#3046=CIRCLE('',#8192,0.024);
#3047=CIRCLE('',#8197,0.024);
#3048=CIRCLE('',#8198,0.024);
#3049=CIRCLE('',#8200,0.024);
#3050=CIRCLE('',#8201,0.024);
#3051=CIRCLE('',#8203,0.024);
#3052=CIRCLE('',#8206,0.024);
#3053=CIRCLE('',#8208,0.024);
#3054=CIRCLE('',#8213,0.024);
#3055=CIRCLE('',#8218,0.024);
#3056=CIRCLE('',#8219,0.024);
#3057=CIRCLE('',#8220,0.024);
#3058=CIRCLE('',#8221,0.024);
#3059=CIRCLE('',#8222,0.008);
#3060=CIRCLE('',#8223,0.008);
#3061=CIRCLE('',#8224,0.008);
#3062=CIRCLE('',#8225,0.008);
#3063=CIRCLE('',#8226,0.008);
#3064=CIRCLE('',#8227,0.008);
#3065=CIRCLE('',#8230,0.008);
#3066=CIRCLE('',#8233,0.008);
#3067=CIRCLE('',#8236,0.008);
#3068=CIRCLE('',#8237,0.008);
#3069=CIRCLE('',#8238,0.008);
#3070=CIRCLE('',#8239,0.008);
#3071=CIRCLE('',#8267,0.15748);
#3072=CIRCLE('',#8268,0.0125);
#3073=CIRCLE('',#8269,0.0125);
#3074=CIRCLE('',#8271,0.15748);
#3075=CIRCLE('',#8274,0.0125);
#3076=CIRCLE('',#8277,0.0125);
#3077=CIRCLE('',#8284,0.125);
#3078=CIRCLE('',#8285,0.0575);
#3079=CIRCLE('',#8286,0.0575);
#3080=CIRCLE('',#8289,0.1);
#3081=CIRCLE('',#8294,0.1);
#3082=CIRCLE('',#8298,0.125);
#3083=CIRCLE('',#8299,0.1075);
#3084=CIRCLE('',#8300,0.1075);
#3085=CIRCLE('',#8304,0.1);
#3086=CIRCLE('',#8305,0.1);
#3087=CIRCLE('',#8309,0.125);
#3088=CIRCLE('',#8310,0.0575);
#3089=CIRCLE('',#8311,0.0575);
#3090=CIRCLE('',#8315,0.125);
#3091=CIRCLE('',#8316,0.1075);
#3092=CIRCLE('',#8317,0.1075);
#3093=CIRCLE('',#8322,0.0575);
#3094=CIRCLE('',#8323,0.0575);
#3095=CIRCLE('',#8326,0.0575);
#3096=CIRCLE('',#8329,0.0575);
#3097=CIRCLE('',#8332,0.0575);
#3098=CIRCLE('',#8333,0.0575);
#3099=CIRCLE('',#8337,0.0625);
#3100=CIRCLE('',#8338,0.0625);
#3101=CIRCLE('',#8339,0.15);
#3102=CIRCLE('',#8340,0.15);
#3103=CIRCLE('',#8341,0.15);
#3104=CIRCLE('',#8342,0.15);
#3105=CIRCLE('',#8343,0.053);
#3106=CIRCLE('',#8344,0.053);
#3107=CIRCLE('',#8345,0.064);
#3108=CIRCLE('',#8346,0.15);
#3109=CIRCLE('',#8347,0.15);
#3110=CIRCLE('',#8348,0.15);
#3111=CIRCLE('',#8349,0.125);
#3112=CIRCLE('',#8350,0.053);
#3113=CIRCLE('',#8351,0.125);
#3114=CIRCLE('',#8352,0.125);
#3115=CIRCLE('',#8353,0.15);
#3116=CIRCLE('',#8354,0.15);
#3117=CIRCLE('',#8355,0.15);
#3118=CIRCLE('',#8356,0.15);
#3119=CIRCLE('',#8357,0.125);
#3120=CIRCLE('',#8358,0.172);
#3121=CIRCLE('',#8359,0.064);
#3122=CIRCLE('',#8360,0.02);
#3123=CIRCLE('',#8361,0.02);
#3124=CIRCLE('',#8363,0.064);
#3125=CIRCLE('',#8365,0.067);
#3126=CIRCLE('',#8366,0.064);
#3127=CIRCLE('',#8367,0.125);
#3128=CIRCLE('',#8368,0.065);
#3129=CIRCLE('',#8369,0.065);
#3130=CIRCLE('',#8370,0.065);
#3131=CIRCLE('',#8371,0.125);
#3132=CIRCLE('',#8372,0.125);
#3133=CIRCLE('',#8373,0.0935);
#3134=CIRCLE('',#8374,0.0935);
#3135=CIRCLE('',#8375,0.0935);
#3136=CIRCLE('',#8376,0.0935);
#3137=CIRCLE('',#8380,0.0625);
#3138=CIRCLE('',#8381,0.0625);
#3139=CIRCLE('',#8385,0.15);
#3140=CIRCLE('',#8386,0.15);
#3141=CIRCLE('',#8387,0.15);
#3142=CIRCLE('',#8388,0.15);
#3143=CIRCLE('',#8402,0.067);
#3144=CIRCLE('',#8404,0.15);
#3145=CIRCLE('',#8405,0.125);
#3146=CIRCLE('',#8406,0.15);
#3147=CIRCLE('',#8407,0.15);
#3148=CIRCLE('',#8408,0.094);
#3149=CIRCLE('',#8409,0.094);
#3150=CIRCLE('',#8410,0.05);
#3151=CIRCLE('',#8411,0.05);
#3152=CIRCLE('',#8412,0.05);
#3153=CIRCLE('',#8413,0.05);
#3154=CIRCLE('',#8414,0.05);
#3155=CIRCLE('',#8415,0.05);
#3156=CIRCLE('',#8416,0.05);
#3157=CIRCLE('',#8417,0.05);
#3158=CIRCLE('',#8419,0.125);
#3159=CIRCLE('',#8420,0.15);
#3160=CIRCLE('',#8421,0.15);
#3161=CIRCLE('',#8422,0.15);
#3162=CIRCLE('',#8423,0.15);
#3163=CIRCLE('',#8445,0.094);
#3164=CIRCLE('',#8446,0.094);
#3165=CIRCLE('',#8447,0.053);
#3166=CIRCLE('',#8452,0.053);
#3167=CIRCLE('',#8454,0.0935);
#3168=CIRCLE('',#8457,0.05);
#3169=CIRCLE('',#8460,0.05);
#3170=CIRCLE('',#8464,0.05);
#3171=CIRCLE('',#8465,0.05);
#3172=CIRCLE('',#8467,0.05);
#3173=CIRCLE('',#8468,0.05);
#3174=CIRCLE('',#8470,0.05);
#3175=CIRCLE('',#8471,0.05);
#3176=CIRCLE('',#8487,0.065);
#3177=CIRCLE('',#8488,0.065);
#3178=CIRCLE('',#8490,0.125);
#3179=CIRCLE('',#8494,0.065);
#3180=CIRCLE('',#8495,0.065);
#3181=CIRCLE('',#8496,0.065);
#3182=CIRCLE('',#8497,0.02);
#3183=CIRCLE('',#8498,0.02);
#3184=CIRCLE('',#8513,0.0935);
#3185=CIRCLE('',#8515,0.053);
#3186=CIRCLE('',#8518,0.0935);
#3187=CIRCLE('',#8520,0.053);
#3188=CIRCLE('',#8523,0.0935);
#3189=CIRCLE('',#8525,0.053);
#3190=CIRCLE('',#8528,0.172);
#3191=VERTEX_POINT('',#10832);
#3192=VERTEX_POINT('',#10834);
#3193=VERTEX_POINT('',#10838);
#3194=VERTEX_POINT('',#10840);
#3195=VERTEX_POINT('',#10844);
#3196=VERTEX_POINT('',#10846);
#3197=VERTEX_POINT('',#10850);
#3198=VERTEX_POINT('',#10853);
#3199=VERTEX_POINT('',#10855);
#3200=VERTEX_POINT('',#10859);
#3201=VERTEX_POINT('',#10862);
#3202=VERTEX_POINT('',#10864);
#3203=VERTEX_POINT('',#10868);
#3204=VERTEX_POINT('',#10871);
#3205=VERTEX_POINT('',#10873);
#3206=VERTEX_POINT('',#10877);
#3207=VERTEX_POINT('',#10879);
#3208=VERTEX_POINT('',#10883);
#3209=VERTEX_POINT('',#10885);
#3210=VERTEX_POINT('',#10889);
#3211=VERTEX_POINT('',#10892);
#3212=VERTEX_POINT('',#10894);
#3213=VERTEX_POINT('',#10898);
#3214=VERTEX_POINT('',#10900);
#3215=VERTEX_POINT('',#10904);
#3216=VERTEX_POINT('',#10906);
#3217=VERTEX_POINT('',#10910);
#3218=VERTEX_POINT('',#10913);
#3219=VERTEX_POINT('',#10914);
#3220=VERTEX_POINT('',#10916);
#3221=VERTEX_POINT('',#10918);
#3222=VERTEX_POINT('',#10921);
#3223=VERTEX_POINT('',#10923);
#3224=VERTEX_POINT('',#10925);
#3225=VERTEX_POINT('',#10926);
#3226=VERTEX_POINT('',#10928);
#3227=VERTEX_POINT('',#10930);
#3228=VERTEX_POINT('',#10932);
#3229=VERTEX_POINT('',#10934);
#3230=VERTEX_POINT('',#10936);
#3231=VERTEX_POINT('',#10938);
#3232=VERTEX_POINT('',#10940);
#3233=VERTEX_POINT('',#10942);
#3234=VERTEX_POINT('',#10944);
#3235=VERTEX_POINT('',#10946);
#3236=VERTEX_POINT('',#10948);
#3237=VERTEX_POINT('',#10950);
#3238=VERTEX_POINT('',#10952);
#3239=VERTEX_POINT('',#10954);
#3240=VERTEX_POINT('',#10956);
#3241=VERTEX_POINT('',#10958);
#3242=VERTEX_POINT('',#10960);
#3243=VERTEX_POINT('',#10964);
#3244=VERTEX_POINT('',#10965);
#3245=VERTEX_POINT('',#10967);
#3246=VERTEX_POINT('',#10969);
#3247=VERTEX_POINT('',#10971);
#3248=VERTEX_POINT('',#10973);
#3249=VERTEX_POINT('',#10975);
#3250=VERTEX_POINT('',#10977);
#3251=VERTEX_POINT('',#10979);
#3252=VERTEX_POINT('',#10981);
#3253=VERTEX_POINT('',#10984);
#3254=VERTEX_POINT('',#10986);
#3255=VERTEX_POINT('',#10988);
#3256=VERTEX_POINT('',#10990);
#3257=VERTEX_POINT('',#10994);
#3258=VERTEX_POINT('',#10996);
#3259=VERTEX_POINT('',#10998);
#3260=VERTEX_POINT('',#11000);
#3261=VERTEX_POINT('',#11002);
#3262=VERTEX_POINT('',#11004);
#3263=VERTEX_POINT('',#11007);
#3264=VERTEX_POINT('',#11009);
#3265=VERTEX_POINT('',#11012);
#3266=VERTEX_POINT('',#11014);
#3267=VERTEX_POINT('',#11016);
#3268=VERTEX_POINT('',#11019);
#3269=VERTEX_POINT('',#11022);
#3270=VERTEX_POINT('',#11026);
#3271=VERTEX_POINT('',#11029);
#3272=VERTEX_POINT('',#11031);
#3273=VERTEX_POINT('',#11035);
#3274=VERTEX_POINT('',#11039);
#3275=VERTEX_POINT('',#11041);
#3276=VERTEX_POINT('',#11043);
#3277=VERTEX_POINT('',#11045);
#3278=VERTEX_POINT('',#11049);
#3279=VERTEX_POINT('',#11051);
#3280=VERTEX_POINT('',#11054);
#3281=VERTEX_POINT('',#11057);
#3282=VERTEX_POINT('',#11061);
#3283=VERTEX_POINT('',#11062);
#3284=VERTEX_POINT('',#11064);
#3285=VERTEX_POINT('',#11066);
#3286=VERTEX_POINT('',#11068);
#3287=VERTEX_POINT('',#11070);
#3288=VERTEX_POINT('',#11072);
#3289=VERTEX_POINT('',#11074);
#3290=VERTEX_POINT('',#11076);
#3291=VERTEX_POINT('',#11078);
#3292=VERTEX_POINT('',#11080);
#3293=VERTEX_POINT('',#11082);
#3294=VERTEX_POINT('',#11084);
#3295=VERTEX_POINT('',#11086);
#3296=VERTEX_POINT('',#11088);
#3297=VERTEX_POINT('',#11090);
#3298=VERTEX_POINT('',#11092);
#3299=VERTEX_POINT('',#11094);
#3300=VERTEX_POINT('',#11096);
#3301=VERTEX_POINT('',#11098);
#3302=VERTEX_POINT('',#11100);
#3303=VERTEX_POINT('',#11102);
#3304=VERTEX_POINT('',#11104);
#3305=VERTEX_POINT('',#11106);
#3306=VERTEX_POINT('',#11108);
#3307=VERTEX_POINT('',#11111);
#3308=VERTEX_POINT('',#11113);
#3309=VERTEX_POINT('',#11115);
#3310=VERTEX_POINT('',#11117);
#3311=VERTEX_POINT('',#11119);
#3312=VERTEX_POINT('',#11121);
#3313=VERTEX_POINT('',#11123);
#3314=VERTEX_POINT('',#11125);
#3315=VERTEX_POINT('',#11127);
#3316=VERTEX_POINT('',#11130);
#3317=VERTEX_POINT('',#11134);
#3318=VERTEX_POINT('',#11138);
#3319=VERTEX_POINT('',#11139);
#3320=VERTEX_POINT('',#11141);
#3321=VERTEX_POINT('',#11143);
#3322=VERTEX_POINT('',#11146);
#3323=VERTEX_POINT('',#11149);
#3324=VERTEX_POINT('',#11150);
#3325=VERTEX_POINT('',#11152);
#3326=VERTEX_POINT('',#11154);
#3327=VERTEX_POINT('',#11156);
#3328=VERTEX_POINT('',#11158);
#3329=VERTEX_POINT('',#11160);
#3330=VERTEX_POINT('',#11162);
#3331=VERTEX_POINT('',#11164);
#3332=VERTEX_POINT('',#11166);
#3333=VERTEX_POINT('',#11168);
#3334=VERTEX_POINT('',#11170);
#3335=VERTEX_POINT('',#11172);
#3336=VERTEX_POINT('',#11175);
#3337=VERTEX_POINT('',#11177);
#3338=VERTEX_POINT('',#11180);
#3339=VERTEX_POINT('',#11182);
#3340=VERTEX_POINT('',#11184);
#3341=VERTEX_POINT('',#11186);
#3342=VERTEX_POINT('',#11188);
#3343=VERTEX_POINT('',#11190);
#3344=VERTEX_POINT('',#11193);
#3345=VERTEX_POINT('',#11195);
#3346=VERTEX_POINT('',#11197);
#3347=VERTEX_POINT('',#11200);
#3348=VERTEX_POINT('',#11202);
#3349=VERTEX_POINT('',#11204);
#3350=VERTEX_POINT('',#11206);
#3351=VERTEX_POINT('',#11208);
#3352=VERTEX_POINT('',#11212);
#3353=VERTEX_POINT('',#11215);
#3354=VERTEX_POINT('',#11217);
#3355=VERTEX_POINT('',#11221);
#3356=VERTEX_POINT('',#11222);
#3357=VERTEX_POINT('',#11224);
#3358=VERTEX_POINT('',#11227);
#3359=VERTEX_POINT('',#11229);
#3360=VERTEX_POINT('',#11233);
#3361=VERTEX_POINT('',#11234);
#3362=VERTEX_POINT('',#11239);
#3363=VERTEX_POINT('',#11241);
#3364=VERTEX_POINT('',#11245);
#3365=VERTEX_POINT('',#11247);
#3366=VERTEX_POINT('',#11250);
#3367=VERTEX_POINT('',#11257);
#3368=VERTEX_POINT('',#11261);
#3369=VERTEX_POINT('',#11263);
#3370=VERTEX_POINT('',#11265);
#3371=VERTEX_POINT('',#11267);
#3372=VERTEX_POINT('',#11270);
#3373=VERTEX_POINT('',#11272);
#3374=VERTEX_POINT('',#11274);
#3375=VERTEX_POINT('',#11275);
#3376=VERTEX_POINT('',#11277);
#3377=VERTEX_POINT('',#11279);
#3378=VERTEX_POINT('',#11282);
#3379=VERTEX_POINT('',#11283);
#3380=VERTEX_POINT('',#11285);
#3381=VERTEX_POINT('',#11287);
#3382=VERTEX_POINT('',#11290);
#3383=VERTEX_POINT('',#11291);
#3384=VERTEX_POINT('',#11293);
#3385=VERTEX_POINT('',#11295);
#3386=VERTEX_POINT('',#11298);
#3387=VERTEX_POINT('',#11299);
#3388=VERTEX_POINT('',#11301);
#3389=VERTEX_POINT('',#11303);
#3390=VERTEX_POINT('',#11306);
#3391=VERTEX_POINT('',#11320);
#3392=VERTEX_POINT('',#11321);
#3393=VERTEX_POINT('',#11326);
#3394=VERTEX_POINT('',#11328);
#3395=VERTEX_POINT('',#11332);
#3396=VERTEX_POINT('',#11334);
#3397=VERTEX_POINT('',#11347);
#3398=VERTEX_POINT('',#11351);
#3399=VERTEX_POINT('',#11355);
#3400=VERTEX_POINT('',#11356);
#3401=VERTEX_POINT('',#11358);
#3402=VERTEX_POINT('',#11360);
#3403=VERTEX_POINT('',#11380);
#3404=VERTEX_POINT('',#11382);
#3405=VERTEX_POINT('',#11384);
#3406=VERTEX_POINT('',#11386);
#3407=VERTEX_POINT('',#11390);
#3408=VERTEX_POINT('',#11395);
#3409=VERTEX_POINT('',#11397);
#3410=VERTEX_POINT('',#11399);
#3411=VERTEX_POINT('',#11401);
#3412=VERTEX_POINT('',#11404);
#3413=VERTEX_POINT('',#11406);
#3414=VERTEX_POINT('',#11408);
#3415=VERTEX_POINT('',#11412);
#3416=VERTEX_POINT('',#11467);
#3417=VERTEX_POINT('',#11471);
#3418=VERTEX_POINT('',#11473);
#3419=VERTEX_POINT('',#11475);
#3420=VERTEX_POINT('',#11479);
#3421=VERTEX_POINT('',#11490);
#3422=VERTEX_POINT('',#11492);
#3423=VERTEX_POINT('',#11495);
#3424=VERTEX_POINT('',#11498);
#3425=VERTEX_POINT('',#11502);
#3426=VERTEX_POINT('',#11506);
#3427=VERTEX_POINT('',#11509);
#3428=VERTEX_POINT('',#11513);
#3429=VERTEX_POINT('',#11517);
#3430=VERTEX_POINT('',#11520);
#3431=VERTEX_POINT('',#11524);
#3432=VERTEX_POINT('',#11528);
#3433=VERTEX_POINT('',#11531);
#3434=VERTEX_POINT('',#11535);
#3435=VERTEX_POINT('',#11539);
#3436=VERTEX_POINT('',#11544);
#3437=VERTEX_POINT('',#11546);
#3438=VERTEX_POINT('',#11550);
#3439=VERTEX_POINT('',#11554);
#3440=VERTEX_POINT('',#11561);
#3441=VERTEX_POINT('',#11562);
#3442=VERTEX_POINT('',#11564);
#3443=VERTEX_POINT('',#11566);
#3444=VERTEX_POINT('',#11578);
#3445=VERTEX_POINT('',#11580);
#3446=VERTEX_POINT('',#11584);
#3447=VERTEX_POINT('',#11588);
#3448=VERTEX_POINT('',#11595);
#3449=VERTEX_POINT('',#11596);
#3450=VERTEX_POINT('',#11598);
#3451=VERTEX_POINT('',#11600);
#3452=VERTEX_POINT('',#11615);
#3453=VERTEX_POINT('',#11621);
#3454=VERTEX_POINT('',#11625);
#3455=VERTEX_POINT('',#11629);
#3456=VERTEX_POINT('',#11637);
#3457=VERTEX_POINT('',#11643);
#3458=VERTEX_POINT('',#11651);
#3459=VERTEX_POINT('',#11662);
#3460=VERTEX_POINT('',#11668);
#3461=VERTEX_POINT('',#11671);
#3462=VERTEX_POINT('',#11675);
#3463=VERTEX_POINT('',#11676);
#3464=VERTEX_POINT('',#11725);
#3465=VERTEX_POINT('',#11731);
#3466=VERTEX_POINT('',#11734);
#3467=VERTEX_POINT('',#11738);
#3468=VERTEX_POINT('',#11739);
#3469=VERTEX_POINT('',#11788);
#3470=VERTEX_POINT('',#11794);
#3471=VERTEX_POINT('',#11796);
#3472=VERTEX_POINT('',#11799);
#3473=VERTEX_POINT('',#11803);
#3474=VERTEX_POINT('',#11814);
#3475=VERTEX_POINT('',#11815);
#3476=VERTEX_POINT('',#11817);
#3477=VERTEX_POINT('',#11819);
#3478=VERTEX_POINT('',#11821);
#3479=VERTEX_POINT('',#11823);
#3480=VERTEX_POINT('',#11825);
#3481=VERTEX_POINT('',#11827);
#3482=VERTEX_POINT('',#11829);
#3483=VERTEX_POINT('',#11831);
#3484=VERTEX_POINT('',#11833);
#3485=VERTEX_POINT('',#11835);
#3486=VERTEX_POINT('',#11837);
#3487=VERTEX_POINT('',#11839);
#3488=VERTEX_POINT('',#11841);
#3489=VERTEX_POINT('',#11843);
#3490=VERTEX_POINT('',#11845);
#3491=VERTEX_POINT('',#11847);
#3492=VERTEX_POINT('',#11849);
#3493=VERTEX_POINT('',#11851);
#3494=VERTEX_POINT('',#11853);
#3495=VERTEX_POINT('',#11855);
#3496=VERTEX_POINT('',#11857);
#3497=VERTEX_POINT('',#11859);
#3498=VERTEX_POINT('',#11862);
#3499=VERTEX_POINT('',#11864);
#3500=VERTEX_POINT('',#11866);
#3501=VERTEX_POINT('',#11868);
#3502=VERTEX_POINT('',#11870);
#3503=VERTEX_POINT('',#11873);
#3504=VERTEX_POINT('',#11877);
#3505=VERTEX_POINT('',#11878);
#3506=VERTEX_POINT('',#11880);
#3507=VERTEX_POINT('',#11882);
#3508=VERTEX_POINT('',#11884);
#3509=VERTEX_POINT('',#11886);
#3510=VERTEX_POINT('',#11888);
#3511=VERTEX_POINT('',#11890);
#3512=VERTEX_POINT('',#11892);
#3513=VERTEX_POINT('',#11894);
#3514=VERTEX_POINT('',#11896);
#3515=VERTEX_POINT('',#11898);
#3516=VERTEX_POINT('',#11900);
#3517=VERTEX_POINT('',#11902);
#3518=VERTEX_POINT('',#11904);
#3519=VERTEX_POINT('',#11906);
#3520=VERTEX_POINT('',#11908);
#3521=VERTEX_POINT('',#11910);
#3522=VERTEX_POINT('',#11912);
#3523=VERTEX_POINT('',#11914);
#3524=VERTEX_POINT('',#11916);
#3525=VERTEX_POINT('',#11918);
#3526=VERTEX_POINT('',#11920);
#3527=VERTEX_POINT('',#11922);
#3528=VERTEX_POINT('',#11925);
#3529=VERTEX_POINT('',#11927);
#3530=VERTEX_POINT('',#11929);
#3531=VERTEX_POINT('',#11931);
#3532=VERTEX_POINT('',#11991);
#3533=VERTEX_POINT('',#11992);
#3534=VERTEX_POINT('',#11994);
#3535=VERTEX_POINT('',#11996);
#3536=VERTEX_POINT('',#11998);
#3537=VERTEX_POINT('',#12000);
#3538=VERTEX_POINT('',#12002);
#3539=VERTEX_POINT('',#12004);
#3540=VERTEX_POINT('',#12006);
#3541=VERTEX_POINT('',#12008);
#3542=VERTEX_POINT('',#12012);
#3543=VERTEX_POINT('',#12014);
#3544=VERTEX_POINT('',#12018);
#3545=VERTEX_POINT('',#12019);
#3546=VERTEX_POINT('',#12021);
#3547=VERTEX_POINT('',#12023);
#3548=VERTEX_POINT('',#12027);
#3549=VERTEX_POINT('',#12028);
#3550=VERTEX_POINT('',#12030);
#3551=VERTEX_POINT('',#12032);
#3552=VERTEX_POINT('',#12036);
#3553=VERTEX_POINT('',#12038);
#3554=VERTEX_POINT('',#12040);
#3555=VERTEX_POINT('',#12044);
#3556=VERTEX_POINT('',#12045);
#3557=VERTEX_POINT('',#12048);
#3558=VERTEX_POINT('',#12050);
#3559=VERTEX_POINT('',#12052);
#3560=VERTEX_POINT('',#12055);
#3561=VERTEX_POINT('',#12057);
#3562=VERTEX_POINT('',#12060);
#3563=VERTEX_POINT('',#12062);
#3564=VERTEX_POINT('',#12064);
#3565=VERTEX_POINT('',#12066);
#3566=VERTEX_POINT('',#12068);
#3567=VERTEX_POINT('',#12071);
#3568=VERTEX_POINT('',#12074);
#3569=VERTEX_POINT('',#12076);
#3570=VERTEX_POINT('',#12080);
#3571=VERTEX_POINT('',#12082);
#3572=VERTEX_POINT('',#12084);
#3573=VERTEX_POINT('',#12086);
#3574=VERTEX_POINT('',#12088);
#3575=VERTEX_POINT('',#12090);
#3576=VERTEX_POINT('',#12093);
#3577=VERTEX_POINT('',#12098);
#3578=VERTEX_POINT('',#12103);
#3579=VERTEX_POINT('',#12108);
#3580=VERTEX_POINT('',#12113);
#3581=VERTEX_POINT('',#12118);
#3582=VERTEX_POINT('',#12123);
#3583=VERTEX_POINT('',#12125);
#3584=VERTEX_POINT('',#12129);
#3585=VERTEX_POINT('',#12133);
#3586=VERTEX_POINT('',#12140);
#3587=VERTEX_POINT('',#12142);
#3588=VERTEX_POINT('',#12146);
#3589=VERTEX_POINT('',#12147);
#3590=VERTEX_POINT('',#12149);
#3591=VERTEX_POINT('',#12151);
#3592=VERTEX_POINT('',#12168);
#3593=VERTEX_POINT('',#12171);
#3594=VERTEX_POINT('',#12173);
#3595=VERTEX_POINT('',#12175);
#3596=VERTEX_POINT('',#12177);
#3597=VERTEX_POINT('',#12179);
#3598=VERTEX_POINT('',#12183);
#3599=VERTEX_POINT('',#12187);
#3600=VERTEX_POINT('',#12192);
#3601=VERTEX_POINT('',#12194);
#3602=VERTEX_POINT('',#12196);
#3603=VERTEX_POINT('',#12200);
#3604=VERTEX_POINT('',#12202);
#3605=VERTEX_POINT('',#12206);
#3606=VERTEX_POINT('',#12207);
#3607=VERTEX_POINT('',#12212);
#3608=VERTEX_POINT('',#12214);
#3609=VERTEX_POINT('',#12218);
#3610=VERTEX_POINT('',#12220);
#3611=VERTEX_POINT('',#12224);
#3612=VERTEX_POINT('',#12226);
#3613=VERTEX_POINT('',#12228);
#3614=VERTEX_POINT('',#12232);
#3615=VERTEX_POINT('',#12234);
#3616=VERTEX_POINT('',#12236);
#3617=VERTEX_POINT('',#12240);
#3618=VERTEX_POINT('',#12241);
#3619=VERTEX_POINT('',#12243);
#3620=VERTEX_POINT('',#12245);
#3621=VERTEX_POINT('',#12249);
#3622=VERTEX_POINT('',#12253);
#3623=VERTEX_POINT('',#12255);
#3624=VERTEX_POINT('',#12259);
#3625=VERTEX_POINT('',#12263);
#3626=VERTEX_POINT('',#12265);
#3627=VERTEX_POINT('',#12268);
#3628=VERTEX_POINT('',#12272);
#3629=VERTEX_POINT('',#12276);
#3630=VERTEX_POINT('',#12280);
#3631=VERTEX_POINT('',#12282);
#3632=VERTEX_POINT('',#12284);
#3633=VERTEX_POINT('',#12286);
#3634=VERTEX_POINT('',#12288);
#3635=VERTEX_POINT('',#12292);
#3636=VERTEX_POINT('',#12294);
#3637=VERTEX_POINT('',#12296);
#3638=VERTEX_POINT('',#12298);
#3639=VERTEX_POINT('',#12300);
#3640=VERTEX_POINT('',#12302);
#3641=VERTEX_POINT('',#12305);
#3642=VERTEX_POINT('',#12306);
#3643=VERTEX_POINT('',#12308);
#3644=VERTEX_POINT('',#12310);
#3645=VERTEX_POINT('',#12312);
#3646=VERTEX_POINT('',#12314);
#3647=VERTEX_POINT('',#12316);
#3648=VERTEX_POINT('',#12318);
#3649=VERTEX_POINT('',#12320);
#3650=VERTEX_POINT('',#12322);
#3651=VERTEX_POINT('',#12324);
#3652=VERTEX_POINT('',#12326);
#3653=VERTEX_POINT('',#12330);
#3654=VERTEX_POINT('',#12332);
#3655=VERTEX_POINT('',#12336);
#3656=VERTEX_POINT('',#12340);
#3657=VERTEX_POINT('',#12344);
#3658=VERTEX_POINT('',#12348);
#3659=VERTEX_POINT('',#12352);
#3660=VERTEX_POINT('',#12354);
#3661=VERTEX_POINT('',#12356);
#3662=VERTEX_POINT('',#12358);
#3663=VERTEX_POINT('',#12360);
#3664=VERTEX_POINT('',#12362);
#3665=VERTEX_POINT('',#12405);
#3666=VERTEX_POINT('',#12413);
#3667=VERTEX_POINT('',#12415);
#3668=VERTEX_POINT('',#12417);
#3669=VERTEX_POINT('',#12420);
#3670=VERTEX_POINT('',#12425);
#3671=VERTEX_POINT('',#12430);
#3672=VERTEX_POINT('',#12439);
#3673=VERTEX_POINT('',#12440);
#3674=VERTEX_POINT('',#12442);
#3675=VERTEX_POINT('',#12444);
#3676=VERTEX_POINT('',#12447);
#3677=VERTEX_POINT('',#12449);
#3678=VERTEX_POINT('',#12451);
#3679=VERTEX_POINT('',#12454);
#3680=VERTEX_POINT('',#12456);
#3681=VERTEX_POINT('',#12460);
#3682=VERTEX_POINT('',#12464);
#3683=VERTEX_POINT('',#12466);
#3684=VERTEX_POINT('',#12470);
#3685=VERTEX_POINT('',#12474);
#3686=VERTEX_POINT('',#12476);
#3687=VERTEX_POINT('',#12480);
#3688=VERTEX_POINT('',#12484);
#3689=VERTEX_POINT('',#12491);
#3690=VERTEX_POINT('',#12493);
#3691=VERTEX_POINT('',#12495);
#3692=VERTEX_POINT('',#12502);
#3693=VERTEX_POINT('',#12504);
#3694=VERTEX_POINT('',#12510);
#3695=VERTEX_POINT('',#12512);
#3696=VERTEX_POINT('',#12516);
#3697=VERTEX_POINT('',#12519);
#3698=VERTEX_POINT('',#12521);
#3699=VERTEX_POINT('',#12523);
#3700=VERTEX_POINT('',#12526);
#3701=VERTEX_POINT('',#12533);
#3702=VERTEX_POINT('',#12535);
#3703=VERTEX_POINT('',#12537);
#3704=VERTEX_POINT('',#12545);
#3705=VERTEX_POINT('',#12546);
#3706=VERTEX_POINT('',#12553);
#3707=VERTEX_POINT('',#12559);
#3708=VERTEX_POINT('',#12565);
#3709=VERTEX_POINT('',#12566);
#3710=VERTEX_POINT('',#12574);
#3711=VERTEX_POINT('',#12575);
#3712=VERTEX_POINT('',#12577);
#3713=VERTEX_POINT('',#12579);
#3714=VERTEX_POINT('',#12581);
#3715=VERTEX_POINT('',#12583);
#3716=VERTEX_POINT('',#12585);
#3717=VERTEX_POINT('',#12587);
#3718=VERTEX_POINT('',#12589);
#3719=VERTEX_POINT('',#12591);
#3720=VERTEX_POINT('',#12593);
#3721=VERTEX_POINT('',#12595);
#3722=VERTEX_POINT('',#12597);
#3723=VERTEX_POINT('',#12599);
#3724=VERTEX_POINT('',#12601);
#3725=VERTEX_POINT('',#12603);
#3726=VERTEX_POINT('',#12605);
#3727=VERTEX_POINT('',#12607);
#3728=VERTEX_POINT('',#12610);
#3729=VERTEX_POINT('',#12612);
#3730=VERTEX_POINT('',#12614);
#3731=VERTEX_POINT('',#12616);
#3732=VERTEX_POINT('',#12617);
#3733=VERTEX_POINT('',#12619);
#3734=VERTEX_POINT('',#12621);
#3735=VERTEX_POINT('',#12623);
#3736=VERTEX_POINT('',#12625);
#3737=VERTEX_POINT('',#12627);
#3738=VERTEX_POINT('',#12629);
#3739=VERTEX_POINT('',#12631);
#3740=VERTEX_POINT('',#12634);
#3741=VERTEX_POINT('',#12636);
#3742=VERTEX_POINT('',#12638);
#3743=VERTEX_POINT('',#12639);
#3744=VERTEX_POINT('',#12641);
#3745=VERTEX_POINT('',#12643);
#3746=VERTEX_POINT('',#12645);
#3747=VERTEX_POINT('',#12647);
#3748=VERTEX_POINT('',#12649);
#3749=VERTEX_POINT('',#12651);
#3750=VERTEX_POINT('',#12653);
#3751=VERTEX_POINT('',#12655);
#3752=VERTEX_POINT('',#12657);
#3753=VERTEX_POINT('',#12660);
#3754=VERTEX_POINT('',#12662);
#3755=VERTEX_POINT('',#12664);
#3756=VERTEX_POINT('',#12665);
#3757=VERTEX_POINT('',#12667);
#3758=VERTEX_POINT('',#12669);
#3759=VERTEX_POINT('',#12673);
#3760=VERTEX_POINT('',#12677);
#3761=VERTEX_POINT('',#12678);
#3762=VERTEX_POINT('',#12680);
#3763=VERTEX_POINT('',#12682);
#3764=VERTEX_POINT('',#12685);
#3765=VERTEX_POINT('',#12687);
#3766=VERTEX_POINT('',#12689);
#3767=VERTEX_POINT('',#12691);
#3768=VERTEX_POINT('',#12692);
#3769=VERTEX_POINT('',#12694);
#3770=VERTEX_POINT('',#12696);
#3771=VERTEX_POINT('',#12698);
#3772=VERTEX_POINT('',#12700);
#3773=VERTEX_POINT('',#12702);
#3774=VERTEX_POINT('',#12704);
#3775=VERTEX_POINT('',#12706);
#3776=VERTEX_POINT('',#12708);
#3777=VERTEX_POINT('',#12710);
#3778=VERTEX_POINT('',#12712);
#3779=VERTEX_POINT('',#12714);
#3780=VERTEX_POINT('',#12717);
#3781=VERTEX_POINT('',#12719);
#3782=VERTEX_POINT('',#12721);
#3783=VERTEX_POINT('',#12723);
#3784=VERTEX_POINT('',#12729);
#3785=VERTEX_POINT('',#12730);
#3786=VERTEX_POINT('',#12736);
#3787=VERTEX_POINT('',#12738);
#3788=VERTEX_POINT('',#12744);
#3789=VERTEX_POINT('',#12745);
#3790=VERTEX_POINT('',#12751);
#3791=VERTEX_POINT('',#12753);
#3792=VERTEX_POINT('',#12755);
#3793=VERTEX_POINT('',#12757);
#3794=VERTEX_POINT('',#12759);
#3795=VERTEX_POINT('',#12761);
#3796=VERTEX_POINT('',#12763);
#3797=VERTEX_POINT('',#12765);
#3798=VERTEX_POINT('',#12790);
#3799=VERTEX_POINT('',#12794);
#3800=VERTEX_POINT('',#12795);
#3801=VERTEX_POINT('',#12797);
#3802=VERTEX_POINT('',#12799);
#3803=VERTEX_POINT('',#12801);
#3804=VERTEX_POINT('',#12803);
#3805=VERTEX_POINT('',#12805);
#3806=VERTEX_POINT('',#12807);
#3807=VERTEX_POINT('',#12809);
#3808=VERTEX_POINT('',#12812);
#3809=VERTEX_POINT('',#12813);
#3810=VERTEX_POINT('',#12815);
#3811=VERTEX_POINT('',#12817);
#3812=VERTEX_POINT('',#12820);
#3813=VERTEX_POINT('',#12821);
#3814=VERTEX_POINT('',#12823);
#3815=VERTEX_POINT('',#12825);
#3816=VERTEX_POINT('',#12828);
#3817=VERTEX_POINT('',#12829);
#3818=VERTEX_POINT('',#12831);
#3819=VERTEX_POINT('',#12833);
#3820=VERTEX_POINT('',#12836);
#3821=VERTEX_POINT('',#12837);
#3822=VERTEX_POINT('',#12839);
#3823=VERTEX_POINT('',#12841);
#3824=VERTEX_POINT('',#12844);
#3825=VERTEX_POINT('',#12845);
#3826=VERTEX_POINT('',#12847);
#3827=VERTEX_POINT('',#12849);
#3828=VERTEX_POINT('',#12853);
#3829=VERTEX_POINT('',#12854);
#3830=VERTEX_POINT('',#12856);
#3831=VERTEX_POINT('',#12858);
#3832=VERTEX_POINT('',#12860);
#3833=VERTEX_POINT('',#12862);
#3834=VERTEX_POINT('',#12864);
#3835=VERTEX_POINT('',#12866);
#3836=VERTEX_POINT('',#12868);
#3837=VERTEX_POINT('',#12870);
#3838=VERTEX_POINT('',#12913);
#3839=VERTEX_POINT('',#12914);
#3840=VERTEX_POINT('',#12919);
#3841=VERTEX_POINT('',#12921);
#3842=VERTEX_POINT('',#12924);
#3843=VERTEX_POINT('',#12932);
#3844=VERTEX_POINT('',#12936);
#3845=VERTEX_POINT('',#12941);
#3846=VERTEX_POINT('',#12943);
#3847=VERTEX_POINT('',#12947);
#3848=VERTEX_POINT('',#12951);
#3849=VERTEX_POINT('',#12958);
#3850=VERTEX_POINT('',#12959);
#3851=VERTEX_POINT('',#12961);
#3852=VERTEX_POINT('',#12963);
#3853=VERTEX_POINT('',#12967);
#3854=VERTEX_POINT('',#12968);
#3855=VERTEX_POINT('',#12970);
#3856=VERTEX_POINT('',#12972);
#3857=VERTEX_POINT('',#12976);
#3858=VERTEX_POINT('',#12977);
#3859=VERTEX_POINT('',#12979);
#3860=VERTEX_POINT('',#12981);
#3861=VERTEX_POINT('',#13011);
#3862=VERTEX_POINT('',#13012);
#3863=VERTEX_POINT('',#13014);
#3864=VERTEX_POINT('',#13017);
#3865=VERTEX_POINT('',#13021);
#3866=VERTEX_POINT('',#13023);
#3867=VERTEX_POINT('',#13027);
#3868=VERTEX_POINT('',#13034);
#3869=VERTEX_POINT('',#13038);
#3870=VERTEX_POINT('',#13039);
#3871=VERTEX_POINT('',#13041);
#3872=VERTEX_POINT('',#13043);
#3873=VERTEX_POINT('',#13045);
#3874=VERTEX_POINT('',#13048);
#3875=VERTEX_POINT('',#13050);
#3876=VERTEX_POINT('',#13052);
#3877=VERTEX_POINT('',#13055);
#3878=VERTEX_POINT('',#13056);
#3879=VERTEX_POINT('',#13058);
#3880=VERTEX_POINT('',#13060);
#3881=VERTEX_POINT('',#13089);
#3882=VERTEX_POINT('',#13093);
#3883=VERTEX_POINT('',#13098);
#3884=VERTEX_POINT('',#13102);
#3885=VERTEX_POINT('',#13107);
#3886=VERTEX_POINT('',#13111);
#3887=VERTEX_POINT('',#13116);
#3888=EDGE_CURVE('',#3191,#3191,#2837,.T.);
#3889=EDGE_CURVE('',#3191,#3192,#1425,.T.);
#3890=EDGE_CURVE('',#3192,#3192,#2838,.T.);
#3891=EDGE_CURVE('',#3193,#3193,#2839,.T.);
#3892=EDGE_CURVE('',#3193,#3194,#1426,.T.);
#3893=EDGE_CURVE('',#3194,#3194,#2840,.T.);
#3894=EDGE_CURVE('',#3195,#3195,#2841,.T.);
#3895=EDGE_CURVE('',#3195,#3196,#1427,.T.);
#3896=EDGE_CURVE('',#3196,#3196,#2842,.T.);
#3897=EDGE_CURVE('',#3197,#3197,#2843,.T.);
#3898=EDGE_CURVE('',#3198,#3198,#2844,.T.);
#3899=EDGE_CURVE('',#3198,#3199,#1428,.T.);
#3900=EDGE_CURVE('',#3199,#3199,#2845,.T.);
#3901=EDGE_CURVE('',#3200,#3200,#2846,.T.);
#3902=EDGE_CURVE('',#3201,#3201,#2847,.T.);
#3903=EDGE_CURVE('',#3201,#3202,#1429,.T.);
#3904=EDGE_CURVE('',#3202,#3202,#2848,.T.);
#3905=EDGE_CURVE('',#3203,#3203,#2849,.T.);
#3906=EDGE_CURVE('',#3204,#3204,#2850,.T.);
#3907=EDGE_CURVE('',#3204,#3205,#1430,.T.);
#3908=EDGE_CURVE('',#3205,#3205,#2851,.T.);
#3909=EDGE_CURVE('',#3206,#3206,#2852,.T.);
#3910=EDGE_CURVE('',#3206,#3207,#1431,.T.);
#3911=EDGE_CURVE('',#3207,#3207,#2853,.T.);
#3912=EDGE_CURVE('',#3208,#3208,#2854,.T.);
#3913=EDGE_CURVE('',#3208,#3209,#1432,.T.);
#3914=EDGE_CURVE('',#3209,#3209,#2855,.T.);
#3915=EDGE_CURVE('',#3210,#3210,#2856,.T.);
#3916=EDGE_CURVE('',#3211,#3211,#2857,.T.);
#3917=EDGE_CURVE('',#3211,#3212,#1433,.T.);
#3918=EDGE_CURVE('',#3212,#3212,#2858,.T.);
#3919=EDGE_CURVE('',#3213,#3213,#2859,.T.);
#3920=EDGE_CURVE('',#3213,#3214,#1434,.T.);
#3921=EDGE_CURVE('',#3214,#3214,#2860,.T.);
#3922=EDGE_CURVE('',#3215,#3215,#2861,.T.);
#3923=EDGE_CURVE('',#3215,#3216,#1435,.T.);
#3924=EDGE_CURVE('',#3216,#3216,#2862,.T.);
#3925=EDGE_CURVE('',#3217,#3217,#2863,.T.);
#3926=EDGE_CURVE('',#3218,#3219,#1436,.T.);
#3927=EDGE_CURVE('',#3220,#3218,#1437,.T.);
#3928=EDGE_CURVE('',#3221,#3220,#1438,.T.);
#3929=EDGE_CURVE('',#3219,#3221,#1439,.T.);
#3930=EDGE_CURVE('',#3222,#3222,#2864,.T.);
#3931=EDGE_CURVE('',#3223,#3223,#2865,.T.);
#3932=EDGE_CURVE('',#3224,#3225,#1440,.T.);
#3933=EDGE_CURVE('',#3226,#3224,#1441,.T.);
#3934=EDGE_CURVE('',#3226,#3227,#2866,.T.);
#3935=EDGE_CURVE('',#3228,#3227,#1442,.T.);
#3936=EDGE_CURVE('',#3228,#3229,#2867,.T.);
#3937=EDGE_CURVE('',#3230,#3229,#1443,.T.);
#3938=EDGE_CURVE('',#3230,#3231,#2868,.T.);
#3939=EDGE_CURVE('',#3232,#3231,#1444,.T.);
#3940=EDGE_CURVE('',#3233,#3232,#2869,.T.);
#3941=EDGE_CURVE('',#3234,#3233,#1445,.T.);
#3942=EDGE_CURVE('',#3235,#3234,#1446,.T.);
#3943=EDGE_CURVE('',#3235,#3236,#2870,.T.);
#3944=EDGE_CURVE('',#3237,#3236,#1447,.T.);
#3945=EDGE_CURVE('',#3237,#3238,#2871,.T.);
#3946=EDGE_CURVE('',#3239,#3238,#1448,.T.);
#3947=EDGE_CURVE('',#3239,#3240,#2872,.T.);
#3948=EDGE_CURVE('',#3241,#3240,#1449,.T.);
#3949=EDGE_CURVE('',#3241,#3242,#2873,.T.);
#3950=EDGE_CURVE('',#3225,#3242,#1450,.T.);
#3951=EDGE_CURVE('',#3243,#3244,#1451,.T.);
#3952=EDGE_CURVE('',#3244,#3245,#1452,.T.);
#3953=EDGE_CURVE('',#3246,#3245,#1453,.T.);
#3954=EDGE_CURVE('',#3246,#3247,#1454,.T.);
#3955=EDGE_CURVE('',#3247,#3248,#1455,.T.);
#3956=EDGE_CURVE('',#3249,#3248,#1456,.T.);
#3957=EDGE_CURVE('',#3249,#3250,#1457,.T.);
#3958=EDGE_CURVE('',#3251,#3250,#1458,.T.);
#3959=EDGE_CURVE('',#3252,#3251,#1459,.T.);
#3960=EDGE_CURVE('',#3218,#3252,#1460,.T.);
#3961=EDGE_CURVE('',#3219,#3253,#1461,.T.);
#3962=EDGE_CURVE('',#3254,#3253,#1462,.T.);
#3963=EDGE_CURVE('',#3254,#3255,#1463,.T.);
#3964=EDGE_CURVE('',#3255,#3256,#1464,.T.);
#3965=EDGE_CURVE('',#3256,#3243,#1465,.T.);
#3966=EDGE_CURVE('',#3243,#3257,#1466,.T.);
#3967=EDGE_CURVE('',#3257,#3258,#2874,.T.);
#3968=EDGE_CURVE('',#3258,#3259,#1467,.T.);
#3969=EDGE_CURVE('',#3260,#3259,#1468,.T.);
#3970=EDGE_CURVE('',#3261,#3260,#2875,.T.);
#3971=EDGE_CURVE('',#3262,#3261,#1469,.T.);
#3972=EDGE_CURVE('',#3262,#3244,#1470,.T.);
#3973=EDGE_CURVE('',#3263,#3263,#2876,.T.);
#3974=EDGE_CURVE('',#3264,#3264,#2877,.T.);
#3975=EDGE_CURVE('',#3247,#3265,#1471,.T.);
#3976=EDGE_CURVE('',#3266,#3265,#1472,.T.);
#3977=EDGE_CURVE('',#3266,#3267,#2878,.T.);
#3978=EDGE_CURVE('',#3267,#3248,#1473,.T.);
#3979=EDGE_CURVE('',#3268,#3268,#2879,.T.);
#3980=EDGE_CURVE('',#3269,#3262,#1474,.T.);
#3981=EDGE_CURVE('',#3245,#3269,#1475,.T.);
#3982=EDGE_CURVE('',#3270,#3265,#1476,.T.);
#3983=EDGE_CURVE('',#3270,#3269,#1477,.T.);
#3984=EDGE_CURVE('',#3261,#3271,#1478,.T.);
#3985=EDGE_CURVE('',#3272,#3271,#1479,.T.);
#3986=EDGE_CURVE('',#3266,#3272,#1480,.T.);
#3987=EDGE_CURVE('',#3273,#3272,#2880,.T.);
#3988=EDGE_CURVE('',#3267,#3273,#1481,.T.);
#3989=EDGE_CURVE('',#3274,#3273,#1482,.T.);
#3990=EDGE_CURVE('',#3275,#3274,#1483,.T.);
#3991=EDGE_CURVE('',#3275,#3276,#1484,.T.);
#3992=EDGE_CURVE('',#3276,#3277,#1485,.T.);
#3993=EDGE_CURVE('',#3249,#3277,#1486,.T.);
#3994=EDGE_CURVE('',#3277,#3278,#1487,.T.);
#3995=EDGE_CURVE('',#3278,#3279,#2881,.T.);
#3996=EDGE_CURVE('',#3279,#3250,#1488,.T.);
#3997=EDGE_CURVE('',#3280,#3280,#2882,.T.);
#3998=EDGE_CURVE('',#3280,#3281,#1489,.T.);
#3999=EDGE_CURVE('',#3281,#3281,#2883,.T.);
#4000=EDGE_CURVE('',#3282,#3283,#2884,.T.);
#4001=EDGE_CURVE('',#3282,#3284,#1490,.T.);
#4002=EDGE_CURVE('',#3284,#3285,#2885,.T.);
#4003=EDGE_CURVE('',#3285,#3286,#1491,.T.);
#4004=EDGE_CURVE('',#3286,#3287,#2886,.T.);
#4005=EDGE_CURVE('',#3287,#3288,#1492,.T.);
#4006=EDGE_CURVE('',#3288,#3289,#2887,.T.);
#4007=EDGE_CURVE('',#3289,#3290,#1493,.T.);
#4008=EDGE_CURVE('',#3290,#3291,#1494,.T.);
#4009=EDGE_CURVE('',#3291,#3292,#1495,.T.);
#4010=EDGE_CURVE('',#3292,#3293,#2888,.T.);
#4011=EDGE_CURVE('',#3293,#3294,#1496,.T.);
#4012=EDGE_CURVE('',#3294,#3295,#2889,.T.);
#4013=EDGE_CURVE('',#3295,#3296,#1497,.T.);
#4014=EDGE_CURVE('',#3296,#3297,#1498,.T.);
#4015=EDGE_CURVE('',#3297,#3298,#2890,.T.);
#4016=EDGE_CURVE('',#3298,#3299,#1499,.T.);
#4017=EDGE_CURVE('',#3299,#3300,#2891,.T.);
#4018=EDGE_CURVE('',#3300,#3301,#1500,.T.);
#4019=EDGE_CURVE('',#3301,#3302,#2892,.T.);
#4020=EDGE_CURVE('',#3302,#3303,#1501,.T.);
#4021=EDGE_CURVE('',#3303,#3304,#2893,.T.);
#4022=EDGE_CURVE('',#3304,#3305,#1502,.T.);
#4023=EDGE_CURVE('',#3305,#3306,#1503,.T.);
#4024=EDGE_CURVE('',#3283,#3306,#2894,.T.);
#4025=EDGE_CURVE('',#3307,#3307,#2895,.T.);
#4026=EDGE_CURVE('',#3308,#3308,#2896,.T.);
#4027=EDGE_CURVE('',#3309,#3309,#2897,.T.);
#4028=EDGE_CURVE('',#3310,#3310,#2898,.T.);
#4029=EDGE_CURVE('',#3311,#3311,#2899,.T.);
#4030=EDGE_CURVE('',#3312,#3312,#2900,.T.);
#4031=EDGE_CURVE('',#3313,#3313,#2901,.T.);
#4032=EDGE_CURVE('',#3314,#3314,#2902,.T.);
#4033=EDGE_CURVE('',#3315,#3315,#2903,.T.);
#4034=EDGE_CURVE('',#3310,#3316,#1504,.T.);
#4035=EDGE_CURVE('',#3316,#3316,#2904,.T.);
#4036=EDGE_CURVE('',#3316,#3317,#1505,.T.);
#4037=EDGE_CURVE('',#3317,#3317,#2905,.T.);
#4038=EDGE_CURVE('',#3318,#3319,#1506,.T.);
#4039=EDGE_CURVE('',#3320,#3318,#1507,.T.);
#4040=EDGE_CURVE('',#3321,#3320,#1508,.T.);
#4041=EDGE_CURVE('',#3319,#3321,#1509,.T.);
#4042=EDGE_CURVE('',#3322,#3322,#2906,.T.);
#4043=EDGE_CURVE('',#3323,#3324,#1510,.T.);
#4044=EDGE_CURVE('',#3325,#3324,#1511,.T.);
#4045=EDGE_CURVE('',#3326,#3325,#2907,.T.);
#4046=EDGE_CURVE('',#3327,#3326,#1512,.T.);
#4047=EDGE_CURVE('',#3328,#3327,#2908,.T.);
#4048=EDGE_CURVE('',#3329,#3328,#1513,.T.);
#4049=EDGE_CURVE('',#3330,#3329,#2909,.T.);
#4050=EDGE_CURVE('',#3331,#3330,#1514,.T.);
#4051=EDGE_CURVE('',#3332,#3331,#2910,.T.);
#4052=EDGE_CURVE('',#3333,#3332,#1515,.T.);
#4053=EDGE_CURVE('',#3333,#3334,#1516,.T.);
#4054=EDGE_CURVE('',#3335,#3334,#1517,.T.);
#4055=EDGE_CURVE('',#3335,#3252,#1518,.T.);
#4056=EDGE_CURVE('',#3251,#3336,#1519,.T.);
#4057=EDGE_CURVE('',#3337,#3336,#2911,.T.);
#4058=EDGE_CURVE('',#3276,#3337,#1520,.T.);
#4059=EDGE_CURVE('',#3275,#3338,#2912,.T.);
#4060=EDGE_CURVE('',#3339,#3338,#1521,.T.);
#4061=EDGE_CURVE('',#3339,#3340,#2913,.T.);
#4062=EDGE_CURVE('',#3341,#3340,#1522,.T.);
#4063=EDGE_CURVE('',#3342,#3341,#1523,.T.);
#4064=EDGE_CURVE('',#3342,#3343,#2914,.T.);
#4065=EDGE_CURVE('',#3254,#3343,#1524,.T.);
#4066=EDGE_CURVE('',#3253,#3344,#1525,.T.);
#4067=EDGE_CURVE('',#3344,#3345,#1526,.T.);
#4068=EDGE_CURVE('',#3345,#3346,#1527,.T.);
#4069=EDGE_CURVE('',#3346,#3323,#1528,.T.);
#4070=EDGE_CURVE('',#3347,#3347,#2915,.T.);
#4071=EDGE_CURVE('',#3348,#3348,#2916,.T.);
#4072=EDGE_CURVE('',#3349,#3349,#2917,.T.);
#4073=EDGE_CURVE('',#3350,#3350,#2918,.T.);
#4074=EDGE_CURVE('',#3351,#3351,#2919,.T.);
#4075=EDGE_CURVE('',#3246,#3270,#1529,.T.);
#4076=EDGE_CURVE('',#3352,#3352,#2920,.T.);
#4077=EDGE_CURVE('',#3319,#3353,#1530,.T.);
#4078=EDGE_CURVE('',#3354,#3353,#1531,.T.);
#4079=EDGE_CURVE('',#3318,#3354,#1532,.T.);
#4080=EDGE_CURVE('',#3355,#3356,#1533,.T.);
#4081=EDGE_CURVE('',#3356,#3357,#1534,.T.);
#4082=EDGE_CURVE('',#3320,#3357,#1535,.T.);
#4083=EDGE_CURVE('',#3354,#3358,#1536,.T.);
#4084=EDGE_CURVE('',#3358,#3359,#1537,.T.);
#4085=EDGE_CURVE('',#3355,#3359,#1538,.T.);
#4086=EDGE_CURVE('',#3360,#3361,#1539,.T.);
#4087=EDGE_CURVE('',#3356,#3361,#2921,.T.);
#4088=EDGE_CURVE('',#3360,#3355,#2922,.T.);
#4089=EDGE_CURVE('',#3362,#3360,#1540,.T.);
#4090=EDGE_CURVE('',#3362,#3363,#1541,.T.);
#4091=EDGE_CURVE('',#3363,#3361,#1542,.T.);
#4092=EDGE_CURVE('',#3363,#3364,#2923,.T.);
#4093=EDGE_CURVE('',#3365,#3364,#1543,.T.);
#4094=EDGE_CURVE('',#3365,#3358,#2924,.T.);
#4095=EDGE_CURVE('',#3353,#3366,#1544,.T.);
#4096=EDGE_CURVE('',#3366,#3357,#1545,.T.);
#4097=EDGE_CURVE('',#3321,#3366,#1546,.T.);
#4098=EDGE_CURVE('',#3365,#3367,#1547,.T.);
#4099=EDGE_CURVE('',#3359,#3367,#2925,.T.);
#4100=EDGE_CURVE('',#3271,#3368,#2926,.T.);
#4101=EDGE_CURVE('',#3368,#3369,#1548,.T.);
#4102=EDGE_CURVE('',#3369,#3370,#2927,.T.);
#4103=EDGE_CURVE('',#3370,#3371,#1549,.T.);
#4104=EDGE_CURVE('',#3371,#3274,#2928,.T.);
#4105=EDGE_CURVE('',#3372,#3372,#2929,.T.);
#4106=EDGE_CURVE('',#3373,#3373,#2930,.T.);
#4107=EDGE_CURVE('',#3374,#3375,#2931,.T.);
#4108=EDGE_CURVE('',#3376,#3374,#1550,.T.);
#4109=EDGE_CURVE('',#3377,#3376,#2932,.T.);
#4110=EDGE_CURVE('',#3375,#3377,#1551,.T.);
#4111=EDGE_CURVE('',#3378,#3379,#2933,.T.);
#4112=EDGE_CURVE('',#3380,#3378,#1552,.T.);
#4113=EDGE_CURVE('',#3381,#3380,#2934,.T.);
#4114=EDGE_CURVE('',#3379,#3381,#1553,.T.);
#4115=EDGE_CURVE('',#3382,#3383,#2935,.T.);
#4116=EDGE_CURVE('',#3384,#3382,#1554,.T.);
#4117=EDGE_CURVE('',#3385,#3384,#2936,.T.);
#4118=EDGE_CURVE('',#3383,#3385,#1555,.T.);
#4119=EDGE_CURVE('',#3386,#3387,#2937,.T.);
#4120=EDGE_CURVE('',#3388,#3386,#1556,.T.);
#4121=EDGE_CURVE('',#3389,#3388,#2938,.T.);
#4122=EDGE_CURVE('',#3387,#3389,#1557,.T.);
#4123=EDGE_CURVE('',#3367,#3390,#1558,.T.);
#4124=EDGE_CURVE('',#3390,#3362,#2939,.T.);
#4125=EDGE_CURVE('',#3338,#3371,#1559,.T.);
#4126=EDGE_CURVE('',#3339,#3370,#1560,.T.);
#4127=EDGE_CURVE('',#3340,#3369,#1561,.T.);
#4128=EDGE_CURVE('',#3259,#3341,#1562,.T.);
#4129=EDGE_CURVE('',#3260,#3368,#1563,.T.);
#4130=EDGE_CURVE('',#3391,#3392,#1564,.T.);
#4131=EDGE_CURVE('',#3342,#3391,#1565,.T.);
#4132=EDGE_CURVE('',#3392,#3258,#1566,.T.);
#4133=EDGE_CURVE('',#3256,#3393,#1567,.T.);
#4134=EDGE_CURVE('',#3255,#3394,#1568,.T.);
#4135=EDGE_CURVE('',#3394,#3391,#2940,.T.);
#4136=EDGE_CURVE('',#3393,#3392,#2941,.T.);
#4137=EDGE_CURVE('',#3395,#3395,#2942,.T.);
#4138=EDGE_CURVE('',#3396,#3396,#2943,.T.);
#4139=EDGE_CURVE('',#3396,#3309,#1569,.T.);
#4140=EDGE_CURVE('',#3313,#3395,#1570,.T.);
#4141=EDGE_CURVE('',#3393,#3257,#1571,.T.);
#4142=EDGE_CURVE('',#3343,#3394,#1572,.T.);
#4143=EDGE_CURVE('',#3397,#3397,#2944,.T.);
#4144=EDGE_CURVE('',#3397,#3372,#1573,.T.);
#4145=EDGE_CURVE('',#3398,#3398,#2945,.T.);
#4146=EDGE_CURVE('',#3398,#3397,#1574,.T.);
#4147=EDGE_CURVE('',#3399,#3400,#1575,.T.);
#4148=EDGE_CURVE('',#3400,#3401,#1576,.T.);
#4149=EDGE_CURVE('',#3402,#3401,#1577,.T.);
#4150=EDGE_CURVE('',#3399,#3402,#1578,.T.);
#4151=EDGE_CURVE('',#3399,#3290,#1579,.T.);
#4152=EDGE_CURVE('',#3226,#3289,#1580,.T.);
#4153=EDGE_CURVE('',#3224,#3400,#1581,.T.);
#4154=EDGE_CURVE('',#3225,#3401,#1582,.T.);
#4155=EDGE_CURVE('',#3242,#3292,#1583,.T.);
#4156=EDGE_CURVE('',#3402,#3291,#1584,.T.);
#4157=EDGE_CURVE('',#3241,#3293,#1585,.T.);
#4158=EDGE_CURVE('',#3240,#3294,#1586,.T.);
#4159=EDGE_CURVE('',#3239,#3295,#1587,.T.);
#4160=EDGE_CURVE('',#3403,#3296,#1588,.T.);
#4161=EDGE_CURVE('',#3404,#3238,#1589,.T.);
#4162=EDGE_CURVE('',#3404,#3405,#2946,.T.);
#4163=EDGE_CURVE('',#3405,#3406,#1590,.T.);
#4164=EDGE_CURVE('',#3406,#3403,#2947,.T.);
#4165=EDGE_CURVE('',#3407,#3333,#1591,.T.);
#4166=EDGE_CURVE('',#3297,#3332,#1592,.T.);
#4167=EDGE_CURVE('',#3403,#3407,#1593,.T.);
#4168=EDGE_CURVE('',#3323,#3408,#1594,.T.);
#4169=EDGE_CURVE('',#3408,#3409,#2948,.T.);
#4170=EDGE_CURVE('',#3409,#3410,#1595,.T.);
#4171=EDGE_CURVE('',#3410,#3411,#2949,.T.);
#4172=EDGE_CURVE('',#3411,#3334,#1596,.T.);
#4173=EDGE_CURVE('',#3412,#3407,#2950,.T.);
#4174=EDGE_CURVE('',#3413,#3412,#1597,.T.);
#4175=EDGE_CURVE('',#3413,#3414,#2951,.T.);
#4176=EDGE_CURVE('',#3414,#3324,#1598,.T.);
#4177=EDGE_CURVE('',#3414,#3415,#1599,.T.);
#4178=EDGE_CURVE('',#3415,#3325,#1600,.T.);
#4179=EDGE_CURVE('',#3326,#3237,#1601,.T.);
#4180=EDGE_CURVE('',#3415,#3404,#88,.T.);
#4181=EDGE_CURVE('',#3413,#3405,#1602,.T.);
#4182=EDGE_CURVE('',#3406,#3412,#1603,.T.);
#4183=EDGE_CURVE('',#3236,#3303,#1604,.T.);
#4184=EDGE_CURVE('',#3327,#3302,#1605,.T.);
#4185=EDGE_CURVE('',#3328,#3301,#1606,.T.);
#4186=EDGE_CURVE('',#3329,#3300,#1607,.T.);
#4187=EDGE_CURVE('',#3330,#3299,#1608,.T.);
#4188=EDGE_CURVE('',#3331,#3298,#1609,.T.);
#4189=EDGE_CURVE('',#3235,#3304,#1610,.T.);
#4190=EDGE_CURVE('',#3234,#3305,#1611,.T.);
#4191=EDGE_CURVE('',#3306,#3233,#1612,.T.);
#4192=EDGE_CURVE('',#3282,#3232,#1613,.T.);
#4193=EDGE_CURVE('',#3231,#3284,#1614,.T.);
#4194=EDGE_CURVE('',#3348,#3283,#1615,.T.);
#4195=EDGE_CURVE('',#3230,#3285,#1616,.T.);
#4196=EDGE_CURVE('',#3229,#3286,#1617,.T.);
#4197=EDGE_CURVE('',#3228,#3287,#1618,.T.);
#4198=EDGE_CURVE('',#3227,#3288,#1619,.T.);
#4199=EDGE_CURVE('',#3416,#3411,#1620,.T.);
#4200=EDGE_CURVE('',#3335,#3416,#1621,.T.);
#4201=EDGE_CURVE('',#3417,#3416,#2952,.T.);
#4202=EDGE_CURVE('',#3418,#3417,#1622,.T.);
#4203=EDGE_CURVE('',#3419,#3418,#2953,.T.);
#4204=EDGE_CURVE('',#3346,#3419,#1623,.T.);
#4205=EDGE_CURVE('',#3220,#3345,#1624,.T.);
#4206=EDGE_CURVE('',#3420,#3420,#2954,.T.);
#4207=EDGE_CURVE('',#3417,#3410,#1625,.T.);
#4208=EDGE_CURVE('',#3418,#3409,#1626,.T.);
#4209=EDGE_CURVE('',#3419,#3408,#1627,.T.);
#4210=EDGE_CURVE('',#3221,#3344,#1628,.T.);
#4211=EDGE_CURVE('',#3421,#3421,#2955,.T.);
#4212=EDGE_CURVE('',#3422,#3422,#2956,.T.);
#4213=EDGE_CURVE('',#3423,#3423,#2957,.T.);
#4214=EDGE_CURVE('',#3424,#3424,#2958,.T.);
#4215=EDGE_CURVE('',#3424,#3423,#1629,.T.);
#4216=EDGE_CURVE('',#3425,#3425,#2959,.T.);
#4217=EDGE_CURVE('',#3425,#3424,#1630,.T.);
#4218=EDGE_CURVE('',#3426,#3425,#1631,.T.);
#4219=EDGE_CURVE('',#3427,#3427,#2960,.T.);
#4220=EDGE_CURVE('',#3427,#3421,#1632,.T.);
#4221=EDGE_CURVE('',#3428,#3428,#2961,.T.);
#4222=EDGE_CURVE('',#3428,#3427,#1633,.T.);
#4223=EDGE_CURVE('',#3429,#3428,#1634,.T.);
#4224=EDGE_CURVE('',#3430,#3430,#2962,.T.);
#4225=EDGE_CURVE('',#3430,#3422,#1635,.T.);
#4226=EDGE_CURVE('',#3431,#3431,#2963,.T.);
#4227=EDGE_CURVE('',#3431,#3430,#1636,.T.);
#4228=EDGE_CURVE('',#3432,#3431,#1637,.T.);
#4229=EDGE_CURVE('',#3433,#3433,#2964,.T.);
#4230=EDGE_CURVE('',#3433,#3420,#1638,.T.);
#4231=EDGE_CURVE('',#3434,#3434,#2965,.T.);
#4232=EDGE_CURVE('',#3434,#3433,#1639,.T.);
#4233=EDGE_CURVE('',#3435,#3434,#1640,.T.);
#4234=EDGE_CURVE('',#3373,#3307,#1641,.T.);
#4235=EDGE_CURVE('',#3375,#3436,#1642,.T.);
#4236=EDGE_CURVE('',#3437,#3436,#2966,.T.);
#4237=EDGE_CURVE('',#3374,#3437,#1643,.T.);
#4238=EDGE_CURVE('',#3438,#3437,#1644,.T.);
#4239=EDGE_CURVE('',#3376,#3438,#1645,.T.);
#4240=EDGE_CURVE('',#3439,#3438,#2967,.T.);
#4241=EDGE_CURVE('',#3377,#3439,#1646,.T.);
#4242=EDGE_CURVE('',#3436,#3439,#1647,.T.);
#4243=EDGE_CURVE('',#3440,#3441,#2968,.T.);
#4244=EDGE_CURVE('',#3441,#3442,#1648,.T.);
#4245=EDGE_CURVE('',#3442,#3443,#2969,.T.);
#4246=EDGE_CURVE('',#3443,#3440,#1649,.T.);
#4247=EDGE_CURVE('',#3379,#3441,#1650,.T.);
#4248=EDGE_CURVE('',#3378,#3440,#1651,.T.);
#4249=EDGE_CURVE('',#3380,#3443,#1652,.T.);
#4250=EDGE_CURVE('',#3381,#3442,#1653,.T.);
#4251=EDGE_CURVE('',#3383,#3444,#1654,.T.);
#4252=EDGE_CURVE('',#3445,#3444,#2970,.T.);
#4253=EDGE_CURVE('',#3382,#3445,#1655,.T.);
#4254=EDGE_CURVE('',#3446,#3445,#1656,.T.);
#4255=EDGE_CURVE('',#3384,#3446,#1657,.T.);
#4256=EDGE_CURVE('',#3447,#3446,#2971,.T.);
#4257=EDGE_CURVE('',#3385,#3447,#1658,.T.);
#4258=EDGE_CURVE('',#3444,#3447,#1659,.T.);
#4259=EDGE_CURVE('',#3448,#3449,#2972,.T.);
#4260=EDGE_CURVE('',#3449,#3450,#1660,.T.);
#4261=EDGE_CURVE('',#3450,#3451,#2973,.T.);
#4262=EDGE_CURVE('',#3451,#3448,#1661,.T.);
#4263=EDGE_CURVE('',#3387,#3449,#1662,.T.);
#4264=EDGE_CURVE('',#3386,#3448,#1663,.T.);
#4265=EDGE_CURVE('',#3388,#3451,#1664,.T.);
#4266=EDGE_CURVE('',#3389,#3450,#1665,.T.);
#4267=EDGE_CURVE('',#3390,#3364,#1666,.T.);
#4268=EDGE_CURVE('',#3452,#3452,#2974,.T.);
#4269=EDGE_CURVE('',#3452,#3347,#1667,.T.);
#4270=EDGE_CURVE('',#3222,#3452,#1668,.T.);
#4271=EDGE_CURVE('',#3453,#3453,#2975,.T.);
#4272=EDGE_CURVE('',#3453,#3352,#1669,.T.);
#4273=EDGE_CURVE('',#3454,#3454,#2976,.T.);
#4274=EDGE_CURVE('',#3454,#3453,#1670,.T.);
#4275=EDGE_CURVE('',#3455,#3454,#1671,.T.);
#4276=EDGE_CURVE('',#3337,#3278,#1672,.T.);
#4277=EDGE_CURVE('',#3336,#3279,#1673,.T.);
#4278=EDGE_CURVE('',#3456,#3456,#2977,.T.);
#4279=EDGE_CURVE('',#3456,#3349,#1674,.T.);
#4280=EDGE_CURVE('',#3223,#3456,#1675,.T.);
#4281=EDGE_CURVE('',#3457,#3457,#2978,.T.);
#4282=EDGE_CURVE('',#3457,#3350,#1676,.T.);
#4283=EDGE_CURVE('',#3311,#3457,#1677,.T.);
#4284=EDGE_CURVE('',#3312,#3351,#1678,.T.);
#4285=EDGE_CURVE('',#3458,#3458,#2979,.T.);
#4286=EDGE_CURVE('',#3458,#3322,#1679,.T.);
#4287=EDGE_CURVE('',#3315,#3458,#1680,.T.);
#4288=EDGE_CURVE('',#3263,#3308,#1681,.T.);
#4289=EDGE_CURVE('',#3314,#3268,#1682,.T.);
#4290=EDGE_CURVE('',#3264,#3459,#1683,.T.);
#4291=EDGE_CURVE('',#3459,#3459,#2980,.T.);
#4292=EDGE_CURVE('',#3460,#3460,#2981,.T.);
#4293=EDGE_CURVE('',#3461,#3461,#2982,.T.);
#4294=EDGE_CURVE('',#3461,#3460,#1684,.T.);
#4295=EDGE_CURVE('',#3462,#3463,#2983,.T.);
#4296=EDGE_CURVE('',#3463,#3462,#2984,.T.);
#4297=EDGE_CURVE('',#3463,#3461,#1685,.T.);
#4298=EDGE_CURVE('',#3464,#3464,#2985,.T.);
#4299=EDGE_CURVE('',#3464,#3462,#2986,.T.);
#4300=EDGE_CURVE('',#3465,#3465,#2987,.T.);
#4301=EDGE_CURVE('',#3466,#3466,#2988,.T.);
#4302=EDGE_CURVE('',#3466,#3465,#1686,.T.);
#4303=EDGE_CURVE('',#3467,#3468,#2989,.T.);
#4304=EDGE_CURVE('',#3468,#3467,#2990,.T.);
#4305=EDGE_CURVE('',#3468,#3466,#1687,.T.);
#4306=EDGE_CURVE('',#3469,#3469,#2991,.T.);
#4307=EDGE_CURVE('',#3469,#3467,#2992,.T.);
#4308=EDGE_CURVE('',#3470,#3470,#2993,.T.);
#4309=EDGE_CURVE('',#3471,#3471,#2994,.T.);
#4310=EDGE_CURVE('',#3472,#3472,#2995,.T.);
#4311=EDGE_CURVE('',#3472,#3470,#1688,.T.);
#4312=EDGE_CURVE('',#3473,#3473,#2996,.T.);
#4313=EDGE_CURVE('',#3471,#3473,#1689,.T.);
#4314=EDGE_CURVE('',#3474,#3475,#1690,.T.);
#4315=EDGE_CURVE('',#3476,#3474,#1691,.T.);
#4316=EDGE_CURVE('',#3477,#3476,#1692,.T.);
#4317=EDGE_CURVE('',#3477,#3478,#1693,.T.);
#4318=EDGE_CURVE('',#3479,#3478,#1694,.T.);
#4319=EDGE_CURVE('',#3479,#3480,#1695,.T.);
#4320=EDGE_CURVE('',#3481,#3480,#1696,.T.);
#4321=EDGE_CURVE('',#3481,#3482,#1697,.T.);
#4322=EDGE_CURVE('',#3483,#3482,#1698,.T.);
#4323=EDGE_CURVE('',#3483,#3484,#2997,.T.);
#4324=EDGE_CURVE('',#3485,#3484,#1699,.T.);
#4325=EDGE_CURVE('',#3485,#3486,#2998,.T.);
#4326=EDGE_CURVE('',#3487,#3486,#1700,.T.);
#4327=EDGE_CURVE('',#3487,#3488,#1701,.T.);
#4328=EDGE_CURVE('',#3489,#3488,#1702,.T.);
#4329=EDGE_CURVE('',#3489,#3490,#1703,.T.);
#4330=EDGE_CURVE('',#3491,#3490,#1704,.T.);
#4331=EDGE_CURVE('',#3491,#3492,#1705,.T.);
#4332=EDGE_CURVE('',#3493,#3492,#2999,.T.);
#4333=EDGE_CURVE('',#3494,#3493,#1706,.T.);
#4334=EDGE_CURVE('',#3495,#3494,#1707,.T.);
#4335=EDGE_CURVE('',#3495,#3496,#1708,.T.);
#4336=EDGE_CURVE('',#3496,#3497,#1709,.T.);
#4337=EDGE_CURVE('',#3497,#3475,#3000,.T.);
#4338=EDGE_CURVE('',#3498,#3498,#3001,.T.);
#4339=EDGE_CURVE('',#3499,#3499,#3002,.T.);
#4340=EDGE_CURVE('',#3500,#3500,#3003,.T.);
#4341=EDGE_CURVE('',#3501,#3501,#3004,.T.);
#4342=EDGE_CURVE('',#3502,#3502,#3005,.T.);
#4343=EDGE_CURVE('',#3499,#3503,#1710,.T.);
#4344=EDGE_CURVE('',#3503,#3503,#3006,.T.);
#4345=EDGE_CURVE('',#3504,#3505,#1711,.T.);
#4346=EDGE_CURVE('',#3506,#3505,#1712,.T.);
#4347=EDGE_CURVE('',#3506,#3507,#1713,.T.);
#4348=EDGE_CURVE('',#3507,#3508,#1714,.T.);
#4349=EDGE_CURVE('',#3508,#3509,#3007,.T.);
#4350=EDGE_CURVE('',#3510,#3509,#1715,.T.);
#4351=EDGE_CURVE('',#3510,#3511,#1716,.T.);
#4352=EDGE_CURVE('',#3512,#3511,#1717,.T.);
#4353=EDGE_CURVE('',#3512,#3513,#1718,.T.);
#4354=EDGE_CURVE('',#3514,#3513,#1719,.T.);
#4355=EDGE_CURVE('',#3514,#3515,#1720,.T.);
#4356=EDGE_CURVE('',#3515,#3516,#3008,.T.);
#4357=EDGE_CURVE('',#3516,#3517,#1721,.T.);
#4358=EDGE_CURVE('',#3517,#3518,#3009,.T.);
#4359=EDGE_CURVE('',#3518,#3519,#1722,.T.);
#4360=EDGE_CURVE('',#3520,#3519,#1723,.T.);
#4361=EDGE_CURVE('',#3520,#3521,#1724,.T.);
#4362=EDGE_CURVE('',#3522,#3521,#1725,.T.);
#4363=EDGE_CURVE('',#3522,#3523,#1726,.T.);
#4364=EDGE_CURVE('',#3524,#3523,#1727,.T.);
#4365=EDGE_CURVE('',#3524,#3525,#1728,.T.);
#4366=EDGE_CURVE('',#3525,#3526,#1729,.T.);
#4367=EDGE_CURVE('',#3526,#3527,#1730,.T.);
#4368=EDGE_CURVE('',#3527,#3504,#3010,.T.);
#4369=EDGE_CURVE('',#3528,#3528,#3011,.T.);
#4370=EDGE_CURVE('',#3529,#3529,#3012,.T.);
#4371=EDGE_CURVE('',#3530,#3530,#3013,.T.);
#4372=EDGE_CURVE('',#3531,#3531,#3014,.T.);
#4373=EDGE_CURVE('',#3528,#3498,#1731,.T.);
#4374=EDGE_CURVE('',#3504,#3497,#1732,.T.);
#4375=EDGE_CURVE('',#3496,#3505,#1733,.T.);
#4376=EDGE_CURVE('',#3527,#3475,#1734,.T.);
#4377=EDGE_CURVE('',#3474,#3526,#1735,.T.);
#4378=EDGE_CURVE('',#3476,#3525,#1736,.T.);
#4379=EDGE_CURVE('',#3477,#3524,#1737,.T.);
#4380=EDGE_CURVE('',#3478,#3523,#1738,.T.);
#4381=EDGE_CURVE('',#3479,#3522,#1739,.T.);
#4382=EDGE_CURVE('',#3480,#3521,#1740,.T.);
#4383=EDGE_CURVE('',#3481,#3520,#1741,.T.);
#4384=EDGE_CURVE('',#3482,#3519,#1742,.T.);
#4385=EDGE_CURVE('',#3483,#3518,#1743,.T.);
#4386=EDGE_CURVE('',#3484,#3517,#1744,.T.);
#4387=EDGE_CURVE('',#3485,#3516,#1745,.T.);
#4388=EDGE_CURVE('',#3486,#3515,#1746,.T.);
#4389=EDGE_CURVE('',#3487,#3514,#1747,.T.);
#4390=EDGE_CURVE('',#3488,#3513,#1748,.T.);
#4391=EDGE_CURVE('',#3489,#3512,#1749,.T.);
#4392=EDGE_CURVE('',#3490,#3511,#1750,.T.);
#4393=EDGE_CURVE('',#3494,#3507,#1751,.T.);
#4394=EDGE_CURVE('',#3495,#3506,#1752,.T.);
#4395=EDGE_CURVE('',#3491,#3510,#1753,.T.);
#4396=EDGE_CURVE('',#3508,#3493,#1754,.T.);
#4397=EDGE_CURVE('',#3509,#3492,#1755,.T.);
#4398=EDGE_CURVE('',#3529,#3500,#1756,.T.);
#4399=EDGE_CURVE('',#3501,#3530,#1757,.T.);
#4400=EDGE_CURVE('',#3502,#3531,#1758,.T.);
#4401=EDGE_CURVE('',#3532,#3533,#1759,.T.);
#4402=EDGE_CURVE('',#3534,#3533,#1760,.T.);
#4403=EDGE_CURVE('',#3534,#3535,#1761,.T.);
#4404=EDGE_CURVE('',#3535,#3536,#1762,.T.);
#4405=EDGE_CURVE('',#3536,#3537,#1763,.T.);
#4406=EDGE_CURVE('',#3537,#3538,#1764,.T.);
#4407=EDGE_CURVE('',#3539,#3538,#1765,.T.);
#4408=EDGE_CURVE('',#3539,#3540,#1766,.T.);
#4409=EDGE_CURVE('',#3541,#3540,#1767,.T.);
#4410=EDGE_CURVE('',#3532,#3541,#1768,.T.);
#4411=EDGE_CURVE('',#3542,#3532,#3015,.T.);
#4412=EDGE_CURVE('',#3543,#3542,#1769,.T.);
#4413=EDGE_CURVE('',#3533,#3543,#3016,.T.);
#4414=EDGE_CURVE('',#3544,#3545,#1770,.T.);
#4415=EDGE_CURVE('',#3546,#3545,#3017,.T.);
#4416=EDGE_CURVE('',#3547,#3546,#1771,.T.);
#4417=EDGE_CURVE('',#3544,#3547,#3018,.T.);
#4418=EDGE_CURVE('',#3548,#3549,#1772,.T.);
#4419=EDGE_CURVE('',#3550,#3549,#3019,.T.);
#4420=EDGE_CURVE('',#3551,#3550,#1773,.T.);
#4421=EDGE_CURVE('',#3548,#3551,#3020,.T.);
#4422=EDGE_CURVE('',#3552,#3533,#3021,.T.);
#4423=EDGE_CURVE('',#3543,#3553,#1774,.T.);
#4424=EDGE_CURVE('',#3554,#3553,#3022,.T.);
#4425=EDGE_CURVE('',#3552,#3554,#1775,.T.);
#4426=EDGE_CURVE('',#3555,#3556,#1776,.T.);
#4427=EDGE_CURVE('',#3549,#3555,#3023,.T.);
#4428=EDGE_CURVE('',#3549,#3557,#1777,.T.);
#4429=EDGE_CURVE('',#3558,#3557,#1778,.T.);
#4430=EDGE_CURVE('',#3559,#3558,#1779,.T.);
#4431=EDGE_CURVE('',#3544,#3559,#1780,.T.);
#4432=EDGE_CURVE('',#3560,#3544,#3024,.T.);
#4433=EDGE_CURVE('',#3561,#3560,#1781,.T.);
#4434=EDGE_CURVE('',#3545,#3561,#3025,.T.);
#4435=EDGE_CURVE('',#3562,#3545,#1782,.T.);
#4436=EDGE_CURVE('',#3562,#3563,#1783,.T.);
#4437=EDGE_CURVE('',#3563,#3564,#1784,.T.);
#4438=EDGE_CURVE('',#3565,#3564,#1785,.T.);
#4439=EDGE_CURVE('',#3565,#3566,#1786,.T.);
#4440=EDGE_CURVE('',#3566,#3534,#1787,.T.);
#4441=EDGE_CURVE('',#3567,#3552,#1788,.T.);
#4442=EDGE_CURVE('',#3532,#3567,#3026,.T.);
#4443=EDGE_CURVE('',#3541,#3568,#1789,.T.);
#4444=EDGE_CURVE('',#3569,#3568,#1790,.T.);
#4445=EDGE_CURVE('',#3569,#3548,#1791,.T.);
#4446=EDGE_CURVE('',#3556,#3548,#3027,.T.);
#4447=EDGE_CURVE('',#3570,#3570,#3028,.T.);
#4448=EDGE_CURVE('',#3571,#3571,#3029,.T.);
#4449=EDGE_CURVE('',#3572,#3572,#3030,.T.);
#4450=EDGE_CURVE('',#3573,#3573,#3031,.T.);
#4451=EDGE_CURVE('',#3574,#3574,#3032,.T.);
#4452=EDGE_CURVE('',#3575,#3575,#3033,.T.);
#4453=EDGE_CURVE('',#3576,#3576,#3034,.T.);
#4454=EDGE_CURVE('',#3576,#3575,#1792,.T.);
#4455=EDGE_CURVE('',#3577,#3577,#3035,.T.);
#4456=EDGE_CURVE('',#3577,#3570,#1793,.T.);
#4457=EDGE_CURVE('',#3578,#3578,#3036,.T.);
#4458=EDGE_CURVE('',#3578,#3571,#1794,.T.);
#4459=EDGE_CURVE('',#3579,#3579,#3037,.T.);
#4460=EDGE_CURVE('',#3579,#3572,#1795,.T.);
#4461=EDGE_CURVE('',#3580,#3580,#3038,.T.);
#4462=EDGE_CURVE('',#3580,#3573,#1796,.T.);
#4463=EDGE_CURVE('',#3581,#3581,#3039,.T.);
#4464=EDGE_CURVE('',#3581,#3574,#1797,.T.);
#4465=EDGE_CURVE('',#3556,#3582,#1798,.T.);
#4466=EDGE_CURVE('',#3583,#3582,#1799,.T.);
#4467=EDGE_CURVE('',#3555,#3583,#1800,.T.);
#4468=EDGE_CURVE('',#3584,#3583,#3040,.T.);
#4469=EDGE_CURVE('',#3550,#3584,#1801,.T.);
#4470=EDGE_CURVE('',#3585,#3584,#1802,.T.);
#4471=EDGE_CURVE('',#3551,#3585,#1803,.T.);
#4472=EDGE_CURVE('',#3582,#3585,#3041,.T.);
#4473=EDGE_CURVE('',#3553,#3586,#1804,.T.);
#4474=EDGE_CURVE('',#3586,#3587,#3042,.T.);
#4475=EDGE_CURVE('',#3587,#3554,#1805,.T.);
#4476=EDGE_CURVE('',#3588,#3589,#1806,.T.);
#4477=EDGE_CURVE('',#3589,#3590,#3043,.T.);
#4478=EDGE_CURVE('',#3590,#3591,#1807,.T.);
#4479=EDGE_CURVE('',#3591,#3588,#3044,.T.);
#4480=EDGE_CURVE('',#3567,#3587,#1808,.T.);
#4481=EDGE_CURVE('',#3542,#3586,#1809,.T.);
#4482=EDGE_CURVE('',#3560,#3589,#1810,.T.);
#4483=EDGE_CURVE('',#3561,#3588,#1811,.T.);
#4484=EDGE_CURVE('',#3546,#3591,#1812,.T.);
#4485=EDGE_CURVE('',#3547,#3590,#1813,.T.);
#4486=EDGE_CURVE('',#3592,#3569,#1814,.T.);
#4487=EDGE_CURVE('',#3539,#3592,#1815,.T.);
#4488=EDGE_CURVE('',#3538,#3593,#3045,.T.);
#4489=EDGE_CURVE('',#3593,#3594,#1816,.T.);
#4490=EDGE_CURVE('',#3594,#3595,#3046,.T.);
#4491=EDGE_CURVE('',#3596,#3595,#1817,.T.);
#4492=EDGE_CURVE('',#3596,#3597,#1818,.T.);
#4493=EDGE_CURVE('',#3557,#3597,#1819,.T.);
#4494=EDGE_CURVE('',#3597,#3598,#1820,.T.);
#4495=EDGE_CURVE('',#3598,#3558,#1821,.T.);
#4496=EDGE_CURVE('',#3559,#3599,#1822,.T.);
#4497=EDGE_CURVE('',#3599,#3598,#1823,.T.);
#4498=EDGE_CURVE('',#3596,#3599,#1824,.T.);
#4499=EDGE_CURVE('',#3595,#3600,#1825,.T.);
#4500=EDGE_CURVE('',#3601,#3600,#1826,.T.);
#4501=EDGE_CURVE('',#3601,#3602,#1827,.T.);
#4502=EDGE_CURVE('',#3602,#3562,#1828,.T.);
#4503=EDGE_CURVE('',#3602,#3603,#3047,.T.);
#4504=EDGE_CURVE('',#3603,#3604,#1829,.T.);
#4505=EDGE_CURVE('',#3604,#3563,#3048,.T.);
#4506=EDGE_CURVE('',#3605,#3606,#1830,.T.);
#4507=EDGE_CURVE('',#3606,#3535,#3049,.T.);
#4508=EDGE_CURVE('',#3566,#3605,#3050,.T.);
#4509=EDGE_CURVE('',#3607,#3564,#1831,.T.);
#4510=EDGE_CURVE('',#3604,#3608,#1832,.T.);
#4511=EDGE_CURVE('',#3607,#3608,#3051,.T.);
#4512=EDGE_CURVE('',#3607,#3609,#1833,.T.);
#4513=EDGE_CURVE('',#3609,#3610,#1834,.T.);
#4514=EDGE_CURVE('',#3564,#3610,#1835,.T.);
#4515=EDGE_CURVE('',#3536,#3611,#3052,.T.);
#4516=EDGE_CURVE('',#3611,#3612,#1836,.T.);
#4517=EDGE_CURVE('',#3612,#3613,#1837,.T.);
#4518=EDGE_CURVE('',#3613,#3537,#1838,.T.);
#4519=EDGE_CURVE('',#3600,#3614,#1839,.T.);
#4520=EDGE_CURVE('',#3614,#3615,#1840,.T.);
#4521=EDGE_CURVE('',#3615,#3616,#1841,.T.);
#4522=EDGE_CURVE('',#3601,#3616,#3053,.T.);
#4523=EDGE_CURVE('',#3617,#3618,#1842,.T.);
#4524=EDGE_CURVE('',#3617,#3619,#1843,.T.);
#4525=EDGE_CURVE('',#3619,#3620,#1844,.T.);
#4526=EDGE_CURVE('',#3620,#3618,#1845,.T.);
#4527=EDGE_CURVE('',#3610,#3621,#1846,.T.);
#4528=EDGE_CURVE('',#3621,#3565,#1847,.T.);
#4529=EDGE_CURVE('',#3622,#3537,#1848,.T.);
#4530=EDGE_CURVE('',#3623,#3613,#1849,.T.);
#4531=EDGE_CURVE('',#3623,#3622,#1850,.T.);
#4532=EDGE_CURVE('',#3624,#3622,#3054,.T.);
#4533=EDGE_CURVE('',#3624,#3593,#1851,.T.);
#4534=EDGE_CURVE('',#3625,#3618,#1852,.T.);
#4535=EDGE_CURVE('',#3625,#3626,#1853,.T.);
#4536=EDGE_CURVE('',#3594,#3626,#1854,.T.);
#4537=EDGE_CURVE('',#3624,#3627,#1855,.T.);
#4538=EDGE_CURVE('',#3627,#3617,#1856,.T.);
#4539=EDGE_CURVE('',#3627,#3628,#1857,.T.);
#4540=EDGE_CURVE('',#3628,#3619,#1858,.T.);
#4541=EDGE_CURVE('',#3628,#3629,#1859,.T.);
#4542=EDGE_CURVE('',#3629,#3620,#1860,.T.);
#4543=EDGE_CURVE('',#3630,#3608,#1861,.T.);
#4544=EDGE_CURVE('',#3630,#3631,#3055,.T.);
#4545=EDGE_CURVE('',#3632,#3631,#1862,.T.);
#4546=EDGE_CURVE('',#3633,#3632,#1863,.T.);
#4547=EDGE_CURVE('',#3634,#3633,#1864,.T.);
#4548=EDGE_CURVE('',#3634,#3626,#3056,.T.);
#4549=EDGE_CURVE('',#3629,#3625,#1865,.T.);
#4550=EDGE_CURVE('',#3635,#3623,#1866,.T.);
#4551=EDGE_CURVE('',#3636,#3635,#1867,.T.);
#4552=EDGE_CURVE('',#3636,#3637,#3057,.T.);
#4553=EDGE_CURVE('',#3638,#3637,#1868,.T.);
#4554=EDGE_CURVE('',#3638,#3639,#3058,.T.);
#4555=EDGE_CURVE('',#3640,#3639,#1869,.T.);
#4556=EDGE_CURVE('',#3609,#3640,#1870,.T.);
#4557=EDGE_CURVE('',#3641,#3642,#1871,.T.);
#4558=EDGE_CURVE('',#3641,#3643,#3059,.T.);
#4559=EDGE_CURVE('',#3644,#3643,#1872,.T.);
#4560=EDGE_CURVE('',#3644,#3645,#3060,.T.);
#4561=EDGE_CURVE('',#3646,#3645,#1873,.T.);
#4562=EDGE_CURVE('',#3647,#3646,#3061,.T.);
#4563=EDGE_CURVE('',#3648,#3647,#1874,.T.);
#4564=EDGE_CURVE('',#3649,#3648,#3062,.T.);
#4565=EDGE_CURVE('',#3650,#3649,#1875,.T.);
#4566=EDGE_CURVE('',#3650,#3651,#3063,.T.);
#4567=EDGE_CURVE('',#3652,#3651,#1876,.T.);
#4568=EDGE_CURVE('',#3652,#3642,#3064,.T.);
#4569=EDGE_CURVE('',#3642,#3653,#1877,.T.);
#4570=EDGE_CURVE('',#3654,#3653,#1878,.T.);
#4571=EDGE_CURVE('',#3641,#3654,#1879,.T.);
#4572=EDGE_CURVE('',#3652,#3655,#1880,.T.);
#4573=EDGE_CURVE('',#3653,#3655,#3065,.T.);
#4574=EDGE_CURVE('',#3651,#3656,#1881,.T.);
#4575=EDGE_CURVE('',#3655,#3656,#1882,.T.);
#4576=EDGE_CURVE('',#3650,#3657,#1883,.T.);
#4577=EDGE_CURVE('',#3656,#3657,#3066,.T.);
#4578=EDGE_CURVE('',#3649,#3658,#1884,.T.);
#4579=EDGE_CURVE('',#3657,#3658,#1885,.T.);
#4580=EDGE_CURVE('',#3658,#3659,#3067,.T.);
#4581=EDGE_CURVE('',#3659,#3660,#1886,.T.);
#4582=EDGE_CURVE('',#3660,#3661,#3068,.T.);
#4583=EDGE_CURVE('',#3661,#3662,#1887,.T.);
#4584=EDGE_CURVE('',#3662,#3663,#3069,.T.);
#4585=EDGE_CURVE('',#3663,#3664,#1888,.T.);
#4586=EDGE_CURVE('',#3664,#3654,#3070,.T.);
#4587=EDGE_CURVE('',#3643,#3664,#1889,.T.);
#4588=EDGE_CURVE('',#3644,#3663,#1890,.T.);
#4589=EDGE_CURVE('',#3645,#3662,#1891,.T.);
#4590=EDGE_CURVE('',#3646,#3661,#1892,.T.);
#4591=EDGE_CURVE('',#3647,#3660,#1893,.T.);
#4592=EDGE_CURVE('',#3648,#3659,#1894,.T.);
#4593=EDGE_CURVE('',#3640,#3621,#1895,.T.);
#4594=EDGE_CURVE('',#3639,#3565,#1896,.T.);
#4595=EDGE_CURVE('',#3638,#3605,#1897,.T.);
#4596=EDGE_CURVE('',#3606,#3637,#1898,.T.);
#4597=EDGE_CURVE('',#3611,#3636,#1899,.T.);
#4598=EDGE_CURVE('',#3635,#3612,#1900,.T.);
#4599=EDGE_CURVE('',#3634,#3600,#1901,.T.);
#4600=EDGE_CURVE('',#3633,#3614,#1902,.T.);
#4601=EDGE_CURVE('',#3632,#3615,#1903,.T.);
#4602=EDGE_CURVE('',#3631,#3616,#1904,.T.);
#4603=EDGE_CURVE('',#3630,#3603,#1905,.T.);
#4604=EDGE_CURVE('',#3665,#3592,#1906,.T.);
#4605=EDGE_CURVE('',#3540,#3665,#1907,.T.);
#4606=EDGE_CURVE('',#3568,#3665,#1908,.T.);
#4607=EDGE_CURVE('',#3666,#3666,#3071,.T.);
#4608=EDGE_CURVE('',#3667,#3667,#3072,.T.);
#4609=EDGE_CURVE('',#3668,#3668,#3073,.T.);
#4610=EDGE_CURVE('',#3669,#3669,#3074,.T.);
#4611=EDGE_CURVE('',#3669,#3666,#1909,.T.);
#4612=EDGE_CURVE('',#3670,#3670,#3075,.T.);
#4613=EDGE_CURVE('',#3670,#3667,#1910,.T.);
#4614=EDGE_CURVE('',#3671,#3671,#3076,.T.);
#4615=EDGE_CURVE('',#3671,#3668,#1911,.T.);
#4616=EDGE_CURVE('',#3672,#3673,#1912,.T.);
#4617=EDGE_CURVE('',#3672,#3674,#1913,.T.);
#4618=EDGE_CURVE('',#3674,#3675,#1914,.T.);
#4619=EDGE_CURVE('',#3673,#3675,#1915,.T.);
#4620=EDGE_CURVE('',#3676,#3676,#3077,.T.);
#4621=EDGE_CURVE('',#3677,#3677,#3078,.T.);
#4622=EDGE_CURVE('',#3678,#3678,#3079,.T.);
#4623=EDGE_CURVE('',#3673,#3679,#1916,.T.);
#4624=EDGE_CURVE('',#3680,#3679,#1917,.T.);
#4625=EDGE_CURVE('',#3672,#3680,#1918,.T.);
#4626=EDGE_CURVE('',#3680,#3681,#3080,.T.);
#4627=EDGE_CURVE('',#3672,#3681,#1919,.T.);
#4628=EDGE_CURVE('',#3682,#3672,#1920,.T.);
#4629=EDGE_CURVE('',#3683,#3681,#1921,.T.);
#4630=EDGE_CURVE('',#3682,#3683,#1922,.T.);
#4631=EDGE_CURVE('',#3682,#3684,#1923,.T.);
#4632=EDGE_CURVE('',#3684,#3674,#1924,.T.);
#4633=EDGE_CURVE('',#3684,#3685,#1925,.T.);
#4634=EDGE_CURVE('',#3685,#3686,#1926,.T.);
#4635=EDGE_CURVE('',#3674,#3686,#1927,.T.);
#4636=EDGE_CURVE('',#3686,#3687,#3081,.T.);
#4637=EDGE_CURVE('',#3674,#3687,#1928,.T.);
#4638=EDGE_CURVE('',#3687,#3688,#1929,.T.);
#4639=EDGE_CURVE('',#3675,#3688,#1930,.T.);
#4640=EDGE_CURVE('',#3679,#3688,#1931,.T.);
#4641=EDGE_CURVE('',#3680,#3687,#1932,.T.);
#4642=EDGE_CURVE('',#3689,#3689,#3082,.T.);
#4643=EDGE_CURVE('',#3690,#3690,#3083,.T.);
#4644=EDGE_CURVE('',#3691,#3691,#3084,.T.);
#4645=EDGE_CURVE('',#3681,#3686,#1933,.T.);
#4646=EDGE_CURVE('',#3683,#3685,#1934,.T.);
#4647=EDGE_CURVE('',#3692,#3685,#3085,.T.);
#4648=EDGE_CURVE('',#3693,#3692,#1935,.T.);
#4649=EDGE_CURVE('',#3683,#3693,#3086,.T.);
#4650=EDGE_CURVE('',#3682,#3693,#1936,.T.);
#4651=EDGE_CURVE('',#3694,#3682,#1937,.T.);
#4652=EDGE_CURVE('',#3695,#3693,#1938,.T.);
#4653=EDGE_CURVE('',#3694,#3695,#1939,.T.);
#4654=EDGE_CURVE('',#3694,#3696,#1940,.T.);
#4655=EDGE_CURVE('',#3696,#3684,#1941,.T.);
#4656=EDGE_CURVE('',#3697,#3697,#3087,.T.);
#4657=EDGE_CURVE('',#3698,#3698,#3088,.T.);
#4658=EDGE_CURVE('',#3699,#3699,#3089,.T.);
#4659=EDGE_CURVE('',#3696,#3700,#1942,.T.);
#4660=EDGE_CURVE('',#3700,#3692,#1943,.T.);
#4661=EDGE_CURVE('',#3684,#3692,#1944,.T.);
#4662=EDGE_CURVE('',#3695,#3700,#1945,.T.);
#4663=EDGE_CURVE('',#3701,#3701,#3090,.T.);
#4664=EDGE_CURVE('',#3702,#3702,#3091,.T.);
#4665=EDGE_CURVE('',#3703,#3703,#3092,.T.);
#4666=EDGE_CURVE('',#3697,#3701,#1946,.T.);
#4667=EDGE_CURVE('',#3689,#3676,#1947,.T.);
#4668=EDGE_CURVE('',#3704,#3705,#3093,.T.);
#4669=EDGE_CURVE('',#3705,#3704,#3094,.T.);
#4670=EDGE_CURVE('',#3705,#3702,#1948,.T.);
#4671=EDGE_CURVE('',#3704,#3698,#1949,.T.);
#4672=EDGE_CURVE('',#3677,#3706,#1950,.T.);
#4673=EDGE_CURVE('',#3706,#3706,#3095,.T.);
#4674=EDGE_CURVE('',#3706,#3690,#1951,.T.);
#4675=EDGE_CURVE('',#3707,#3707,#3096,.T.);
#4676=EDGE_CURVE('',#3707,#3703,#1952,.T.);
#4677=EDGE_CURVE('',#3699,#3707,#1953,.T.);
#4678=EDGE_CURVE('',#3708,#3709,#3097,.T.);
#4679=EDGE_CURVE('',#3709,#3708,#3098,.T.);
#4680=EDGE_CURVE('',#3709,#3678,#1954,.T.);
#4681=EDGE_CURVE('',#3708,#3691,#1955,.T.);
#4682=EDGE_CURVE('',#3710,#3711,#1956,.T.);
#4683=EDGE_CURVE('',#3712,#3710,#3099,.T.);
#4684=EDGE_CURVE('',#3713,#3712,#1957,.T.);
#4685=EDGE_CURVE('',#3714,#3713,#1958,.T.);
#4686=EDGE_CURVE('',#3715,#3714,#1959,.T.);
#4687=EDGE_CURVE('',#3716,#3715,#1960,.T.);
#4688=EDGE_CURVE('',#3717,#3716,#1961,.T.);
#4689=EDGE_CURVE('',#3718,#3717,#3100,.T.);
#4690=EDGE_CURVE('',#3719,#3718,#1962,.T.);
#4691=EDGE_CURVE('',#3720,#3719,#1963,.T.);
#4692=EDGE_CURVE('',#3721,#3720,#3101,.T.);
#4693=EDGE_CURVE('',#3722,#3721,#1964,.T.);
#4694=EDGE_CURVE('',#3723,#3722,#3102,.T.);
#4695=EDGE_CURVE('',#3724,#3723,#1965,.T.);
#4696=EDGE_CURVE('',#3725,#3724,#3103,.T.);
#4697=EDGE_CURVE('',#3726,#3725,#1966,.T.);
#4698=EDGE_CURVE('',#3727,#3726,#3104,.T.);
#4699=EDGE_CURVE('',#3711,#3727,#1967,.T.);
#4700=EDGE_CURVE('',#3728,#3728,#3105,.T.);
#4701=EDGE_CURVE('',#3729,#3729,#3106,.T.);
#4702=EDGE_CURVE('',#3730,#3730,#3107,.T.);
#4703=EDGE_CURVE('',#3731,#3732,#3108,.T.);
#4704=EDGE_CURVE('',#3733,#3731,#1968,.T.);
#4705=EDGE_CURVE('',#3734,#3733,#3109,.T.);
#4706=EDGE_CURVE('',#3734,#3735,#1969,.T.);
#4707=EDGE_CURVE('',#3736,#3735,#3110,.T.);
#4708=EDGE_CURVE('',#3737,#3736,#1970,.T.);
#4709=EDGE_CURVE('',#3738,#3737,#1971,.T.);
#4710=EDGE_CURVE('',#3739,#3738,#3111,.T.);
#4711=EDGE_CURVE('',#3739,#3732,#1972,.T.);
#4712=EDGE_CURVE('',#3740,#3740,#3112,.T.);
#4713=EDGE_CURVE('',#3741,#3741,#3113,.T.);
#4714=EDGE_CURVE('',#3742,#3743,#3114,.T.);
#4715=EDGE_CURVE('',#3744,#3742,#1973,.T.);
#4716=EDGE_CURVE('',#3745,#3744,#3115,.T.);
#4717=EDGE_CURVE('',#3746,#3745,#1974,.T.);
#4718=EDGE_CURVE('',#3747,#3746,#3116,.T.);
#4719=EDGE_CURVE('',#3748,#3747,#1975,.T.);
#4720=EDGE_CURVE('',#3749,#3748,#3117,.T.);
#4721=EDGE_CURVE('',#3750,#3749,#1976,.T.);
#4722=EDGE_CURVE('',#3751,#3750,#3118,.T.);
#4723=EDGE_CURVE('',#3752,#3751,#1977,.T.);
#4724=EDGE_CURVE('',#3743,#3752,#3119,.T.);
#4725=EDGE_CURVE('',#3753,#3753,#3120,.T.);
#4726=EDGE_CURVE('',#3754,#3754,#3121,.T.);
#4727=EDGE_CURVE('',#3755,#3756,#3122,.T.);
#4728=EDGE_CURVE('',#3756,#3757,#1978,.T.);
#4729=EDGE_CURVE('',#3757,#3758,#3123,.T.);
#4730=EDGE_CURVE('',#3758,#3755,#1979,.T.);
#4731=EDGE_CURVE('',#3759,#3759,#3124,.T.);
#4732=EDGE_CURVE('',#3759,#3754,#1980,.T.);
#4733=EDGE_CURVE('',#3760,#3761,#1981,.T.);
#4734=EDGE_CURVE('',#3761,#3762,#1982,.T.);
#4735=EDGE_CURVE('',#3762,#3763,#1983,.T.);
#4736=EDGE_CURVE('',#3763,#3760,#1984,.T.);
#4737=EDGE_CURVE('',#3764,#3764,#3125,.T.);
#4738=EDGE_CURVE('',#3765,#3765,#3126,.T.);
#4739=EDGE_CURVE('',#3766,#3766,#3127,.T.);
#4740=EDGE_CURVE('',#3767,#3768,#1985,.T.);
#4741=EDGE_CURVE('',#3768,#3769,#1986,.T.);
#4742=EDGE_CURVE('',#3769,#3770,#1987,.T.);
#4743=EDGE_CURVE('',#3770,#3771,#3128,.T.);
#4744=EDGE_CURVE('',#3771,#3772,#1988,.T.);
#4745=EDGE_CURVE('',#3772,#3773,#3129,.T.);
#4746=EDGE_CURVE('',#3773,#3774,#1989,.T.);
#4747=EDGE_CURVE('',#3774,#3775,#1990,.T.);
#4748=EDGE_CURVE('',#3775,#3776,#1991,.T.);
#4749=EDGE_CURVE('',#3776,#3777,#3130,.T.);
#4750=EDGE_CURVE('',#3777,#3778,#1992,.T.);
#4751=EDGE_CURVE('',#3778,#3779,#3131,.T.);
#4752=EDGE_CURVE('',#3779,#3767,#3132,.T.);
#4753=EDGE_CURVE('',#3780,#3780,#3133,.T.);
#4754=EDGE_CURVE('',#3781,#3781,#3134,.T.);
#4755=EDGE_CURVE('',#3782,#3782,#3135,.T.);
#4756=EDGE_CURVE('',#3783,#3783,#3136,.T.);
#4757=EDGE_CURVE('',#3715,#3761,#1993,.T.);
#4758=EDGE_CURVE('',#3716,#3760,#1994,.T.);
#4759=EDGE_CURVE('',#3784,#3785,#1995,.T.);
#4760=EDGE_CURVE('',#3785,#3717,#1996,.T.);
#4761=EDGE_CURVE('',#3713,#3763,#1997,.T.);
#4762=EDGE_CURVE('',#3784,#3712,#1998,.T.);
#4763=EDGE_CURVE('',#3784,#3786,#3137,.T.);
#4764=EDGE_CURVE('',#3786,#3787,#1999,.T.);
#4765=EDGE_CURVE('',#3787,#3785,#3138,.T.);
#4766=EDGE_CURVE('',#3718,#3787,#2000,.T.);
#4767=EDGE_CURVE('',#3788,#3789,#2001,.T.);
#4768=EDGE_CURVE('',#3719,#3789,#2002,.T.);
#4769=EDGE_CURVE('',#3710,#3786,#2003,.T.);
#4770=EDGE_CURVE('',#3711,#3788,#2004,.T.);
#4771=EDGE_CURVE('',#3788,#3790,#2005,.T.);
#4772=EDGE_CURVE('',#3790,#3791,#3139,.T.);
#4773=EDGE_CURVE('',#3791,#3792,#2006,.T.);
#4774=EDGE_CURVE('',#3792,#3793,#3140,.T.);
#4775=EDGE_CURVE('',#3793,#3794,#2007,.T.);
#4776=EDGE_CURVE('',#3794,#3795,#3141,.T.);
#4777=EDGE_CURVE('',#3795,#3796,#2008,.T.);
#4778=EDGE_CURVE('',#3796,#3797,#3142,.T.);
#4779=EDGE_CURVE('',#3797,#3789,#2009,.T.);
#4780=EDGE_CURVE('',#3720,#3797,#2010,.T.);
#4781=EDGE_CURVE('',#3721,#3796,#2011,.T.);
#4782=EDGE_CURVE('',#3722,#3795,#2012,.T.);
#4783=EDGE_CURVE('',#3723,#3794,#2013,.T.);
#4784=EDGE_CURVE('',#3724,#3793,#2014,.T.);
#4785=EDGE_CURVE('',#3725,#3792,#2015,.T.);
#4786=EDGE_CURVE('',#3726,#3791,#2016,.T.);
#4787=EDGE_CURVE('',#3727,#3790,#2017,.T.);
#4788=EDGE_CURVE('',#3714,#3762,#2018,.T.);
#4789=EDGE_CURVE('',#3764,#3798,#2019,.T.);
#4790=EDGE_CURVE('',#3798,#3798,#3143,.T.);
#4791=EDGE_CURVE('',#3799,#3800,#3144,.T.);
#4792=EDGE_CURVE('',#3800,#3801,#2020,.T.);
#4793=EDGE_CURVE('',#3801,#3802,#3145,.T.);
#4794=EDGE_CURVE('',#3802,#3803,#2021,.T.);
#4795=EDGE_CURVE('',#3803,#3804,#2022,.T.);
#4796=EDGE_CURVE('',#3804,#3805,#3146,.T.);
#4797=EDGE_CURVE('',#3805,#3806,#2023,.T.);
#4798=EDGE_CURVE('',#3806,#3807,#3147,.T.);
#4799=EDGE_CURVE('',#3807,#3799,#2024,.T.);
#4800=EDGE_CURVE('',#3808,#3809,#2025,.T.);
#4801=EDGE_CURVE('',#3810,#3809,#3148,.T.);
#4802=EDGE_CURVE('',#3811,#3810,#2026,.T.);
#4803=EDGE_CURVE('',#3808,#3811,#3149,.T.);
#4804=EDGE_CURVE('',#3812,#3813,#3150,.T.);
#4805=EDGE_CURVE('',#3814,#3812,#2027,.T.);
#4806=EDGE_CURVE('',#3815,#3814,#3151,.T.);
#4807=EDGE_CURVE('',#3813,#3815,#2028,.T.);
#4808=EDGE_CURVE('',#3816,#3817,#3152,.T.);
#4809=EDGE_CURVE('',#3818,#3816,#2029,.T.);
#4810=EDGE_CURVE('',#3819,#3818,#3153,.T.);
#4811=EDGE_CURVE('',#3817,#3819,#2030,.T.);
#4812=EDGE_CURVE('',#3820,#3821,#3154,.T.);
#4813=EDGE_CURVE('',#3822,#3820,#2031,.T.);
#4814=EDGE_CURVE('',#3823,#3822,#3155,.T.);
#4815=EDGE_CURVE('',#3821,#3823,#2032,.T.);
#4816=EDGE_CURVE('',#3824,#3825,#3156,.T.);
#4817=EDGE_CURVE('',#3826,#3824,#2033,.T.);
#4818=EDGE_CURVE('',#3827,#3826,#3157,.T.);
#4819=EDGE_CURVE('',#3825,#3827,#2034,.T.);
#4820=EDGE_CURVE('',#3828,#3829,#3158,.T.);
#4821=EDGE_CURVE('',#3828,#3830,#2035,.T.);
#4822=EDGE_CURVE('',#3830,#3831,#3159,.T.);
#4823=EDGE_CURVE('',#3831,#3832,#2036,.T.);
#4824=EDGE_CURVE('',#3832,#3833,#3160,.T.);
#4825=EDGE_CURVE('',#3833,#3834,#2037,.T.);
#4826=EDGE_CURVE('',#3834,#3835,#3161,.T.);
#4827=EDGE_CURVE('',#3835,#3836,#2038,.T.);
#4828=EDGE_CURVE('',#3836,#3837,#3162,.T.);
#4829=EDGE_CURVE('',#3837,#3829,#2039,.T.);
#4830=EDGE_CURVE('',#3732,#3800,#2040,.T.);
#4831=EDGE_CURVE('',#3731,#3799,#2041,.T.);
#4832=EDGE_CURVE('',#3733,#3807,#2042,.T.);
#4833=EDGE_CURVE('',#3734,#3806,#2043,.T.);
#4834=EDGE_CURVE('',#3735,#3805,#2044,.T.);
#4835=EDGE_CURVE('',#3736,#3804,#2045,.T.);
#4836=EDGE_CURVE('',#3737,#3803,#2046,.T.);
#4837=EDGE_CURVE('',#3738,#3802,#2047,.T.);
#4838=EDGE_CURVE('',#3739,#3801,#2048,.T.);
#4839=EDGE_CURVE('',#3766,#3743,#2049,.T.);
#4840=EDGE_CURVE('',#3828,#3752,#2050,.T.);
#4841=EDGE_CURVE('',#3829,#3742,#2051,.T.);
#4842=EDGE_CURVE('',#3744,#3837,#2052,.T.);
#4843=EDGE_CURVE('',#3751,#3830,#2053,.T.);
#4844=EDGE_CURVE('',#3745,#3836,#2054,.T.);
#4845=EDGE_CURVE('',#3746,#3835,#2055,.T.);
#4846=EDGE_CURVE('',#3747,#3834,#2056,.T.);
#4847=EDGE_CURVE('',#3748,#3833,#2057,.T.);
#4848=EDGE_CURVE('',#3749,#3832,#2058,.T.);
#4849=EDGE_CURVE('',#3750,#3831,#2059,.T.);
#4850=EDGE_CURVE('',#3838,#3839,#2060,.T.);
#4851=EDGE_CURVE('',#3809,#3838,#2061,.T.);
#4852=EDGE_CURVE('',#3808,#3839,#2062,.T.);
#4853=EDGE_CURVE('',#3839,#3840,#3163,.T.);
#4854=EDGE_CURVE('',#3840,#3841,#2063,.T.);
#4855=EDGE_CURVE('',#3841,#3838,#3164,.T.);
#4856=EDGE_CURVE('',#3842,#3842,#3165,.T.);
#4857=EDGE_CURVE('',#3810,#3841,#2064,.T.);
#4858=EDGE_CURVE('',#3811,#3840,#2065,.T.);
#4859=EDGE_CURVE('',#3843,#3843,#3166,.T.);
#4860=EDGE_CURVE('',#3843,#3842,#2066,.T.);
#4861=EDGE_CURVE('',#3844,#3844,#3167,.T.);
#4862=EDGE_CURVE('',#3783,#3844,#2067,.T.);
#4863=EDGE_CURVE('',#3813,#3845,#2068,.T.);
#4864=EDGE_CURVE('',#3846,#3845,#3168,.T.);
#4865=EDGE_CURVE('',#3812,#3846,#2069,.T.);
#4866=EDGE_CURVE('',#3847,#3846,#2070,.T.);
#4867=EDGE_CURVE('',#3814,#3847,#2071,.T.);
#4868=EDGE_CURVE('',#3848,#3847,#3169,.T.);
#4869=EDGE_CURVE('',#3815,#3848,#2072,.T.);
#4870=EDGE_CURVE('',#3845,#3848,#2073,.T.);
#4871=EDGE_CURVE('',#3849,#3850,#3170,.T.);
#4872=EDGE_CURVE('',#3850,#3851,#2074,.T.);
#4873=EDGE_CURVE('',#3851,#3852,#3171,.T.);
#4874=EDGE_CURVE('',#3852,#3849,#2075,.T.);
#4875=EDGE_CURVE('',#3853,#3854,#3172,.T.);
#4876=EDGE_CURVE('',#3854,#3855,#2076,.T.);
#4877=EDGE_CURVE('',#3855,#3856,#3173,.T.);
#4878=EDGE_CURVE('',#3856,#3853,#2077,.T.);
#4879=EDGE_CURVE('',#3857,#3858,#3174,.T.);
#4880=EDGE_CURVE('',#3858,#3859,#2078,.T.);
#4881=EDGE_CURVE('',#3859,#3860,#3175,.T.);
#4882=EDGE_CURVE('',#3860,#3857,#2079,.T.);
#4883=EDGE_CURVE('',#3817,#3850,#2080,.T.);
#4884=EDGE_CURVE('',#3816,#3849,#2081,.T.);
#4885=EDGE_CURVE('',#3818,#3852,#2082,.T.);
#4886=EDGE_CURVE('',#3819,#3851,#2083,.T.);
#4887=EDGE_CURVE('',#3821,#3854,#2084,.T.);
#4888=EDGE_CURVE('',#3820,#3853,#2085,.T.);
#4889=EDGE_CURVE('',#3822,#3856,#2086,.T.);
#4890=EDGE_CURVE('',#3823,#3855,#2087,.T.);
#4891=EDGE_CURVE('',#3825,#3858,#2088,.T.);
#4892=EDGE_CURVE('',#3824,#3857,#2089,.T.);
#4893=EDGE_CURVE('',#3826,#3860,#2090,.T.);
#4894=EDGE_CURVE('',#3827,#3859,#2091,.T.);
#4895=EDGE_CURVE('',#3765,#3730,#2092,.T.);
#4896=EDGE_CURVE('',#3861,#3862,#2093,.T.);
#4897=EDGE_CURVE('',#3863,#3861,#2094,.T.);
#4898=EDGE_CURVE('',#3863,#3768,#2095,.T.);
#4899=EDGE_CURVE('',#3767,#3864,#2096,.T.);
#4900=EDGE_CURVE('',#3862,#3864,#2097,.T.);
#4901=EDGE_CURVE('',#3865,#3862,#3176,.T.);
#4902=EDGE_CURVE('',#3866,#3865,#2098,.T.);
#4903=EDGE_CURVE('',#3861,#3866,#3177,.T.);
#4904=EDGE_CURVE('',#3864,#3867,#3178,.T.);
#4905=EDGE_CURVE('',#3867,#3865,#2099,.T.);
#4906=EDGE_CURVE('',#3778,#3867,#2100,.T.);
#4907=EDGE_CURVE('',#3779,#3741,#2101,.T.);
#4908=EDGE_CURVE('',#3868,#3777,#2102,.T.);
#4909=EDGE_CURVE('',#3866,#3868,#2103,.T.);
#4910=EDGE_CURVE('',#3869,#3870,#3179,.T.);
#4911=EDGE_CURVE('',#3870,#3871,#2104,.T.);
#4912=EDGE_CURVE('',#3871,#3872,#3180,.T.);
#4913=EDGE_CURVE('',#3872,#3873,#2105,.T.);
#4914=EDGE_CURVE('',#3873,#3863,#2106,.T.);
#4915=EDGE_CURVE('',#3868,#3874,#3181,.T.);
#4916=EDGE_CURVE('',#3874,#3875,#2107,.T.);
#4917=EDGE_CURVE('',#3875,#3876,#2108,.T.);
#4918=EDGE_CURVE('',#3876,#3869,#2109,.T.);
#4919=EDGE_CURVE('',#3877,#3878,#3182,.T.);
#4920=EDGE_CURVE('',#3879,#3877,#2110,.T.);
#4921=EDGE_CURVE('',#3880,#3879,#3183,.T.);
#4922=EDGE_CURVE('',#3878,#3880,#2111,.T.);
#4923=EDGE_CURVE('',#3870,#3772,#2112,.T.);
#4924=EDGE_CURVE('',#3869,#3773,#2113,.T.);
#4925=EDGE_CURVE('',#3871,#3771,#2114,.T.);
#4926=EDGE_CURVE('',#3872,#3770,#2115,.T.);
#4927=EDGE_CURVE('',#3873,#3769,#2116,.T.);
#4928=EDGE_CURVE('',#3876,#3774,#2117,.T.);
#4929=EDGE_CURVE('',#3875,#3775,#2118,.T.);
#4930=EDGE_CURVE('',#3874,#3776,#2119,.T.);
#4931=EDGE_CURVE('',#3877,#3755,#2120,.T.);
#4932=EDGE_CURVE('',#3878,#3756,#2121,.T.);
#4933=EDGE_CURVE('',#3880,#3757,#2122,.T.);
#4934=EDGE_CURVE('',#3879,#3758,#2123,.T.);
#4935=EDGE_CURVE('',#3780,#3881,#2124,.T.);
#4936=EDGE_CURVE('',#3881,#3881,#3184,.T.);
#4937=EDGE_CURVE('',#3882,#3882,#3185,.T.);
#4938=EDGE_CURVE('',#3882,#3740,#2125,.T.);
#4939=EDGE_CURVE('',#3781,#3883,#2126,.T.);
#4940=EDGE_CURVE('',#3883,#3883,#3186,.T.);
#4941=EDGE_CURVE('',#3884,#3884,#3187,.T.);
#4942=EDGE_CURVE('',#3884,#3729,#2127,.T.);
#4943=EDGE_CURVE('',#3782,#3885,#2128,.T.);
#4944=EDGE_CURVE('',#3885,#3885,#3188,.T.);
#4945=EDGE_CURVE('',#3886,#3886,#3189,.T.);
#4946=EDGE_CURVE('',#3886,#3728,#2129,.T.);
#4947=EDGE_CURVE('',#3753,#3887,#2130,.T.);
#4948=EDGE_CURVE('',#3887,#3887,#3190,.T.);
#4949=ORIENTED_EDGE('',*,*,#3888,.F.);
#4950=ORIENTED_EDGE('',*,*,#3889,.T.);
#4951=ORIENTED_EDGE('',*,*,#3890,.F.);
#4952=ORIENTED_EDGE('',*,*,#3889,.F.);
#4953=ORIENTED_EDGE('',*,*,#3891,.F.);
#4954=ORIENTED_EDGE('',*,*,#3892,.T.);
#4955=ORIENTED_EDGE('',*,*,#3893,.F.);
#4956=ORIENTED_EDGE('',*,*,#3892,.F.);
#4957=ORIENTED_EDGE('',*,*,#3894,.T.);
#4958=ORIENTED_EDGE('',*,*,#3895,.T.);
#4959=ORIENTED_EDGE('',*,*,#3896,.F.);
#4960=ORIENTED_EDGE('',*,*,#3895,.F.);
#4961=ORIENTED_EDGE('',*,*,#3894,.F.);
#4962=ORIENTED_EDGE('',*,*,#3897,.F.);
#4963=ORIENTED_EDGE('',*,*,#3898,.T.);
#4964=ORIENTED_EDGE('',*,*,#3899,.T.);
#4965=ORIENTED_EDGE('',*,*,#3900,.F.);
#4966=ORIENTED_EDGE('',*,*,#3899,.F.);
#4967=ORIENTED_EDGE('',*,*,#3898,.F.);
#4968=ORIENTED_EDGE('',*,*,#3901,.F.);
#4969=ORIENTED_EDGE('',*,*,#3902,.T.);
#4970=ORIENTED_EDGE('',*,*,#3903,.T.);
#4971=ORIENTED_EDGE('',*,*,#3904,.F.);
#4972=ORIENTED_EDGE('',*,*,#3903,.F.);
#4973=ORIENTED_EDGE('',*,*,#3902,.F.);
#4974=ORIENTED_EDGE('',*,*,#3905,.F.);
#4975=ORIENTED_EDGE('',*,*,#3906,.F.);
#4976=ORIENTED_EDGE('',*,*,#3907,.T.);
#4977=ORIENTED_EDGE('',*,*,#3908,.F.);
#4978=ORIENTED_EDGE('',*,*,#3907,.F.);
#4979=ORIENTED_EDGE('',*,*,#3909,.F.);
#4980=ORIENTED_EDGE('',*,*,#3910,.T.);
#4981=ORIENTED_EDGE('',*,*,#3911,.F.);
#4982=ORIENTED_EDGE('',*,*,#3910,.F.);
#4983=ORIENTED_EDGE('',*,*,#3912,.T.);
#4984=ORIENTED_EDGE('',*,*,#3913,.T.);
#4985=ORIENTED_EDGE('',*,*,#3914,.F.);
#4986=ORIENTED_EDGE('',*,*,#3913,.F.);
#4987=ORIENTED_EDGE('',*,*,#3912,.F.);
#4988=ORIENTED_EDGE('',*,*,#3915,.F.);
#4989=ORIENTED_EDGE('',*,*,#3916,.F.);
#4990=ORIENTED_EDGE('',*,*,#3917,.T.);
#4991=ORIENTED_EDGE('',*,*,#3918,.F.);
#4992=ORIENTED_EDGE('',*,*,#3917,.F.);
#4993=ORIENTED_EDGE('',*,*,#3919,.F.);
#4994=ORIENTED_EDGE('',*,*,#3920,.T.);
#4995=ORIENTED_EDGE('',*,*,#3921,.F.);
#4996=ORIENTED_EDGE('',*,*,#3920,.F.);
#4997=ORIENTED_EDGE('',*,*,#3922,.T.);
#4998=ORIENTED_EDGE('',*,*,#3923,.T.);
#4999=ORIENTED_EDGE('',*,*,#3924,.F.);
#5000=ORIENTED_EDGE('',*,*,#3923,.F.);
#5001=ORIENTED_EDGE('',*,*,#3922,.F.);
#5002=ORIENTED_EDGE('',*,*,#3925,.F.);
#5003=ORIENTED_EDGE('',*,*,#3926,.F.);
#5004=ORIENTED_EDGE('',*,*,#3927,.F.);
#5005=ORIENTED_EDGE('',*,*,#3928,.F.);
#5006=ORIENTED_EDGE('',*,*,#3929,.F.);
#5007=ORIENTED_EDGE('',*,*,#3930,.T.);
#5008=ORIENTED_EDGE('',*,*,#3931,.T.);
#5009=ORIENTED_EDGE('',*,*,#3932,.F.);
#5010=ORIENTED_EDGE('',*,*,#3933,.F.);
#5011=ORIENTED_EDGE('',*,*,#3934,.T.);
#5012=ORIENTED_EDGE('',*,*,#3935,.F.);
#5013=ORIENTED_EDGE('',*,*,#3936,.T.);
#5014=ORIENTED_EDGE('',*,*,#3937,.F.);
#5015=ORIENTED_EDGE('',*,*,#3938,.T.);
#5016=ORIENTED_EDGE('',*,*,#3939,.F.);
#5017=ORIENTED_EDGE('',*,*,#3940,.F.);
#5018=ORIENTED_EDGE('',*,*,#3941,.F.);
#5019=ORIENTED_EDGE('',*,*,#3942,.F.);
#5020=ORIENTED_EDGE('',*,*,#3943,.T.);
#5021=ORIENTED_EDGE('',*,*,#3944,.F.);
#5022=ORIENTED_EDGE('',*,*,#3945,.T.);
#5023=ORIENTED_EDGE('',*,*,#3946,.F.);
#5024=ORIENTED_EDGE('',*,*,#3947,.T.);
#5025=ORIENTED_EDGE('',*,*,#3948,.F.);
#5026=ORIENTED_EDGE('',*,*,#3949,.T.);
#5027=ORIENTED_EDGE('',*,*,#3950,.F.);
#5028=ORIENTED_EDGE('',*,*,#3951,.T.);
#5029=ORIENTED_EDGE('',*,*,#3952,.T.);
#5030=ORIENTED_EDGE('',*,*,#3953,.F.);
#5031=ORIENTED_EDGE('',*,*,#3954,.T.);
#5032=ORIENTED_EDGE('',*,*,#3955,.T.);
#5033=ORIENTED_EDGE('',*,*,#3956,.F.);
#5034=ORIENTED_EDGE('',*,*,#3957,.T.);
#5035=ORIENTED_EDGE('',*,*,#3958,.F.);
#5036=ORIENTED_EDGE('',*,*,#3959,.F.);
#5037=ORIENTED_EDGE('',*,*,#3960,.F.);
#5038=ORIENTED_EDGE('',*,*,#3926,.T.);
#5039=ORIENTED_EDGE('',*,*,#3961,.T.);
#5040=ORIENTED_EDGE('',*,*,#3962,.F.);
#5041=ORIENTED_EDGE('',*,*,#3963,.T.);
#5042=ORIENTED_EDGE('',*,*,#3964,.T.);
#5043=ORIENTED_EDGE('',*,*,#3965,.T.);
#5044=ORIENTED_EDGE('',*,*,#3951,.F.);
#5045=ORIENTED_EDGE('',*,*,#3966,.T.);
#5046=ORIENTED_EDGE('',*,*,#3967,.T.);
#5047=ORIENTED_EDGE('',*,*,#3968,.T.);
#5048=ORIENTED_EDGE('',*,*,#3969,.F.);
#5049=ORIENTED_EDGE('',*,*,#3970,.F.);
#5050=ORIENTED_EDGE('',*,*,#3971,.F.);
#5051=ORIENTED_EDGE('',*,*,#3972,.T.);
#5052=ORIENTED_EDGE('',*,*,#3973,.T.);
#5053=ORIENTED_EDGE('',*,*,#3974,.T.);
#5054=ORIENTED_EDGE('',*,*,#3955,.F.);
#5055=ORIENTED_EDGE('',*,*,#3975,.T.);
#5056=ORIENTED_EDGE('',*,*,#3976,.F.);
#5057=ORIENTED_EDGE('',*,*,#3977,.T.);
#5058=ORIENTED_EDGE('',*,*,#3978,.T.);
#5059=ORIENTED_EDGE('',*,*,#3979,.F.);
#5060=ORIENTED_EDGE('',*,*,#3980,.F.);
#5061=ORIENTED_EDGE('',*,*,#3981,.F.);
#5062=ORIENTED_EDGE('',*,*,#3952,.F.);
#5063=ORIENTED_EDGE('',*,*,#3972,.F.);
#5064=ORIENTED_EDGE('',*,*,#3976,.T.);
#5065=ORIENTED_EDGE('',*,*,#3982,.F.);
#5066=ORIENTED_EDGE('',*,*,#3983,.T.);
#5067=ORIENTED_EDGE('',*,*,#3980,.T.);
#5068=ORIENTED_EDGE('',*,*,#3971,.T.);
#5069=ORIENTED_EDGE('',*,*,#3984,.T.);
#5070=ORIENTED_EDGE('',*,*,#3985,.F.);
#5071=ORIENTED_EDGE('',*,*,#3986,.F.);
#5072=ORIENTED_EDGE('',*,*,#3977,.F.);
#5073=ORIENTED_EDGE('',*,*,#3986,.T.);
#5074=ORIENTED_EDGE('',*,*,#3987,.F.);
#5075=ORIENTED_EDGE('',*,*,#3988,.F.);
#5076=ORIENTED_EDGE('',*,*,#3988,.T.);
#5077=ORIENTED_EDGE('',*,*,#3989,.F.);
#5078=ORIENTED_EDGE('',*,*,#3990,.F.);
#5079=ORIENTED_EDGE('',*,*,#3991,.T.);
#5080=ORIENTED_EDGE('',*,*,#3992,.T.);
#5081=ORIENTED_EDGE('',*,*,#3993,.F.);
#5082=ORIENTED_EDGE('',*,*,#3956,.T.);
#5083=ORIENTED_EDGE('',*,*,#3978,.F.);
#5084=ORIENTED_EDGE('',*,*,#3957,.F.);
#5085=ORIENTED_EDGE('',*,*,#3993,.T.);
#5086=ORIENTED_EDGE('',*,*,#3994,.T.);
#5087=ORIENTED_EDGE('',*,*,#3995,.T.);
#5088=ORIENTED_EDGE('',*,*,#3996,.T.);
#5089=ORIENTED_EDGE('',*,*,#3997,.T.);
#5090=ORIENTED_EDGE('',*,*,#3997,.F.);
#5091=ORIENTED_EDGE('',*,*,#3998,.T.);
#5092=ORIENTED_EDGE('',*,*,#3999,.T.);
#5093=ORIENTED_EDGE('',*,*,#3998,.F.);
#5094=ORIENTED_EDGE('',*,*,#4000,.F.);
#5095=ORIENTED_EDGE('',*,*,#4001,.T.);
#5096=ORIENTED_EDGE('',*,*,#4002,.T.);
#5097=ORIENTED_EDGE('',*,*,#4003,.T.);
#5098=ORIENTED_EDGE('',*,*,#4004,.T.);
#5099=ORIENTED_EDGE('',*,*,#4005,.T.);
#5100=ORIENTED_EDGE('',*,*,#4006,.T.);
#5101=ORIENTED_EDGE('',*,*,#4007,.T.);
#5102=ORIENTED_EDGE('',*,*,#4008,.T.);
#5103=ORIENTED_EDGE('',*,*,#4009,.T.);
#5104=ORIENTED_EDGE('',*,*,#4010,.T.);
#5105=ORIENTED_EDGE('',*,*,#4011,.T.);
#5106=ORIENTED_EDGE('',*,*,#4012,.T.);
#5107=ORIENTED_EDGE('',*,*,#4013,.T.);
#5108=ORIENTED_EDGE('',*,*,#4014,.T.);
#5109=ORIENTED_EDGE('',*,*,#4015,.T.);
#5110=ORIENTED_EDGE('',*,*,#4016,.T.);
#5111=ORIENTED_EDGE('',*,*,#4017,.T.);
#5112=ORIENTED_EDGE('',*,*,#4018,.T.);
#5113=ORIENTED_EDGE('',*,*,#4019,.T.);
#5114=ORIENTED_EDGE('',*,*,#4020,.T.);
#5115=ORIENTED_EDGE('',*,*,#4021,.T.);
#5116=ORIENTED_EDGE('',*,*,#4022,.T.);
#5117=ORIENTED_EDGE('',*,*,#4023,.T.);
#5118=ORIENTED_EDGE('',*,*,#4024,.F.);
#5119=ORIENTED_EDGE('',*,*,#4025,.F.);
#5120=ORIENTED_EDGE('',*,*,#4026,.F.);
#5121=ORIENTED_EDGE('',*,*,#4027,.F.);
#5122=ORIENTED_EDGE('',*,*,#3999,.F.);
#5123=ORIENTED_EDGE('',*,*,#4028,.T.);
#5124=ORIENTED_EDGE('',*,*,#4029,.T.);
#5125=ORIENTED_EDGE('',*,*,#4030,.T.);
#5126=ORIENTED_EDGE('',*,*,#4031,.T.);
#5127=ORIENTED_EDGE('',*,*,#4032,.T.);
#5128=ORIENTED_EDGE('',*,*,#4033,.T.);
#5129=ORIENTED_EDGE('',*,*,#4028,.F.);
#5130=ORIENTED_EDGE('',*,*,#4034,.T.);
#5131=ORIENTED_EDGE('',*,*,#4035,.T.);
#5132=ORIENTED_EDGE('',*,*,#4034,.F.);
#5133=ORIENTED_EDGE('',*,*,#4035,.F.);
#5134=ORIENTED_EDGE('',*,*,#4036,.T.);
#5135=ORIENTED_EDGE('',*,*,#4037,.T.);
#5136=ORIENTED_EDGE('',*,*,#4036,.F.);
#5137=ORIENTED_EDGE('',*,*,#4038,.F.);
#5138=ORIENTED_EDGE('',*,*,#4039,.F.);
#5139=ORIENTED_EDGE('',*,*,#4040,.F.);
#5140=ORIENTED_EDGE('',*,*,#4041,.F.);
#5141=ORIENTED_EDGE('',*,*,#4042,.F.);
#5142=ORIENTED_EDGE('',*,*,#4043,.T.);
#5143=ORIENTED_EDGE('',*,*,#4044,.F.);
#5144=ORIENTED_EDGE('',*,*,#4045,.F.);
#5145=ORIENTED_EDGE('',*,*,#4046,.F.);
#5146=ORIENTED_EDGE('',*,*,#4047,.F.);
#5147=ORIENTED_EDGE('',*,*,#4048,.F.);
#5148=ORIENTED_EDGE('',*,*,#4049,.F.);
#5149=ORIENTED_EDGE('',*,*,#4050,.F.);
#5150=ORIENTED_EDGE('',*,*,#4051,.F.);
#5151=ORIENTED_EDGE('',*,*,#4052,.F.);
#5152=ORIENTED_EDGE('',*,*,#4053,.T.);
#5153=ORIENTED_EDGE('',*,*,#4054,.F.);
#5154=ORIENTED_EDGE('',*,*,#4055,.T.);
#5155=ORIENTED_EDGE('',*,*,#3959,.T.);
#5156=ORIENTED_EDGE('',*,*,#4056,.T.);
#5157=ORIENTED_EDGE('',*,*,#4057,.F.);
#5158=ORIENTED_EDGE('',*,*,#4058,.F.);
#5159=ORIENTED_EDGE('',*,*,#3991,.F.);
#5160=ORIENTED_EDGE('',*,*,#4059,.T.);
#5161=ORIENTED_EDGE('',*,*,#4060,.F.);
#5162=ORIENTED_EDGE('',*,*,#4061,.T.);
#5163=ORIENTED_EDGE('',*,*,#4062,.F.);
#5164=ORIENTED_EDGE('',*,*,#4063,.F.);
#5165=ORIENTED_EDGE('',*,*,#4064,.T.);
#5166=ORIENTED_EDGE('',*,*,#4065,.F.);
#5167=ORIENTED_EDGE('',*,*,#3962,.T.);
#5168=ORIENTED_EDGE('',*,*,#4066,.T.);
#5169=ORIENTED_EDGE('',*,*,#4067,.T.);
#5170=ORIENTED_EDGE('',*,*,#4068,.T.);
#5171=ORIENTED_EDGE('',*,*,#4069,.T.);
#5172=ORIENTED_EDGE('',*,*,#4037,.F.);
#5173=ORIENTED_EDGE('',*,*,#4070,.F.);
#5174=ORIENTED_EDGE('',*,*,#4071,.T.);
#5175=ORIENTED_EDGE('',*,*,#4072,.F.);
#5176=ORIENTED_EDGE('',*,*,#4073,.F.);
#5177=ORIENTED_EDGE('',*,*,#4074,.F.);
#5178=ORIENTED_EDGE('',*,*,#4075,.F.);
#5179=ORIENTED_EDGE('',*,*,#3953,.T.);
#5180=ORIENTED_EDGE('',*,*,#3981,.T.);
#5181=ORIENTED_EDGE('',*,*,#3983,.F.);
#5182=ORIENTED_EDGE('',*,*,#4076,.F.);
#5183=ORIENTED_EDGE('',*,*,#4038,.T.);
#5184=ORIENTED_EDGE('',*,*,#4077,.T.);
#5185=ORIENTED_EDGE('',*,*,#4078,.F.);
#5186=ORIENTED_EDGE('',*,*,#4079,.F.);
#5187=ORIENTED_EDGE('',*,*,#4080,.T.);
#5188=ORIENTED_EDGE('',*,*,#4081,.T.);
#5189=ORIENTED_EDGE('',*,*,#4082,.F.);
#5190=ORIENTED_EDGE('',*,*,#4039,.T.);
#5191=ORIENTED_EDGE('',*,*,#4079,.T.);
#5192=ORIENTED_EDGE('',*,*,#4083,.T.);
#5193=ORIENTED_EDGE('',*,*,#4084,.T.);
#5194=ORIENTED_EDGE('',*,*,#4085,.F.);
#5195=ORIENTED_EDGE('',*,*,#4086,.T.);
#5196=ORIENTED_EDGE('',*,*,#4087,.F.);
#5197=ORIENTED_EDGE('',*,*,#4080,.F.);
#5198=ORIENTED_EDGE('',*,*,#4088,.F.);
#5199=ORIENTED_EDGE('',*,*,#4086,.F.);
#5200=ORIENTED_EDGE('',*,*,#4089,.F.);
#5201=ORIENTED_EDGE('',*,*,#4090,.T.);
#5202=ORIENTED_EDGE('',*,*,#4091,.T.);
#5203=ORIENTED_EDGE('',*,*,#4087,.T.);
#5204=ORIENTED_EDGE('',*,*,#4091,.F.);
#5205=ORIENTED_EDGE('',*,*,#4092,.T.);
#5206=ORIENTED_EDGE('',*,*,#4093,.F.);
#5207=ORIENTED_EDGE('',*,*,#4094,.T.);
#5208=ORIENTED_EDGE('',*,*,#4083,.F.);
#5209=ORIENTED_EDGE('',*,*,#4078,.T.);
#5210=ORIENTED_EDGE('',*,*,#4095,.T.);
#5211=ORIENTED_EDGE('',*,*,#4096,.T.);
#5212=ORIENTED_EDGE('',*,*,#4081,.F.);
#5213=ORIENTED_EDGE('',*,*,#4040,.T.);
#5214=ORIENTED_EDGE('',*,*,#4082,.T.);
#5215=ORIENTED_EDGE('',*,*,#4096,.F.);
#5216=ORIENTED_EDGE('',*,*,#4097,.F.);
#5217=ORIENTED_EDGE('',*,*,#4041,.T.);
#5218=ORIENTED_EDGE('',*,*,#4097,.T.);
#5219=ORIENTED_EDGE('',*,*,#4095,.F.);
#5220=ORIENTED_EDGE('',*,*,#4077,.F.);
#5221=ORIENTED_EDGE('',*,*,#4094,.F.);
#5222=ORIENTED_EDGE('',*,*,#4098,.T.);
#5223=ORIENTED_EDGE('',*,*,#4099,.F.);
#5224=ORIENTED_EDGE('',*,*,#4084,.F.);
#5225=ORIENTED_EDGE('',*,*,#3987,.T.);
#5226=ORIENTED_EDGE('',*,*,#3985,.T.);
#5227=ORIENTED_EDGE('',*,*,#4100,.T.);
#5228=ORIENTED_EDGE('',*,*,#4101,.T.);
#5229=ORIENTED_EDGE('',*,*,#4102,.T.);
#5230=ORIENTED_EDGE('',*,*,#4103,.T.);
#5231=ORIENTED_EDGE('',*,*,#4104,.T.);
#5232=ORIENTED_EDGE('',*,*,#3989,.T.);
#5233=ORIENTED_EDGE('',*,*,#4105,.F.);
#5234=ORIENTED_EDGE('',*,*,#4106,.T.);
#5235=ORIENTED_EDGE('',*,*,#4107,.F.);
#5236=ORIENTED_EDGE('',*,*,#4108,.F.);
#5237=ORIENTED_EDGE('',*,*,#4109,.F.);
#5238=ORIENTED_EDGE('',*,*,#4110,.F.);
#5239=ORIENTED_EDGE('',*,*,#4111,.F.);
#5240=ORIENTED_EDGE('',*,*,#4112,.F.);
#5241=ORIENTED_EDGE('',*,*,#4113,.F.);
#5242=ORIENTED_EDGE('',*,*,#4114,.F.);
#5243=ORIENTED_EDGE('',*,*,#4115,.F.);
#5244=ORIENTED_EDGE('',*,*,#4116,.F.);
#5245=ORIENTED_EDGE('',*,*,#4117,.F.);
#5246=ORIENTED_EDGE('',*,*,#4118,.F.);
#5247=ORIENTED_EDGE('',*,*,#4119,.F.);
#5248=ORIENTED_EDGE('',*,*,#4120,.F.);
#5249=ORIENTED_EDGE('',*,*,#4121,.F.);
#5250=ORIENTED_EDGE('',*,*,#4122,.F.);
#5251=ORIENTED_EDGE('',*,*,#4089,.T.);
#5252=ORIENTED_EDGE('',*,*,#4088,.T.);
#5253=ORIENTED_EDGE('',*,*,#4085,.T.);
#5254=ORIENTED_EDGE('',*,*,#4099,.T.);
#5255=ORIENTED_EDGE('',*,*,#4123,.T.);
#5256=ORIENTED_EDGE('',*,*,#4124,.T.);
#5257=ORIENTED_EDGE('',*,*,#3990,.T.);
#5258=ORIENTED_EDGE('',*,*,#4104,.F.);
#5259=ORIENTED_EDGE('',*,*,#4125,.F.);
#5260=ORIENTED_EDGE('',*,*,#4059,.F.);
#5261=ORIENTED_EDGE('',*,*,#4125,.T.);
#5262=ORIENTED_EDGE('',*,*,#4103,.F.);
#5263=ORIENTED_EDGE('',*,*,#4126,.F.);
#5264=ORIENTED_EDGE('',*,*,#4060,.T.);
#5265=ORIENTED_EDGE('',*,*,#4126,.T.);
#5266=ORIENTED_EDGE('',*,*,#4102,.F.);
#5267=ORIENTED_EDGE('',*,*,#4127,.F.);
#5268=ORIENTED_EDGE('',*,*,#4061,.F.);
#5269=ORIENTED_EDGE('',*,*,#3969,.T.);
#5270=ORIENTED_EDGE('',*,*,#4128,.T.);
#5271=ORIENTED_EDGE('',*,*,#4062,.T.);
#5272=ORIENTED_EDGE('',*,*,#4127,.T.);
#5273=ORIENTED_EDGE('',*,*,#4101,.F.);
#5274=ORIENTED_EDGE('',*,*,#4129,.F.);
#5275=ORIENTED_EDGE('',*,*,#3970,.T.);
#5276=ORIENTED_EDGE('',*,*,#4129,.T.);
#5277=ORIENTED_EDGE('',*,*,#4100,.F.);
#5278=ORIENTED_EDGE('',*,*,#3984,.F.);
#5279=ORIENTED_EDGE('',*,*,#4130,.F.);
#5280=ORIENTED_EDGE('',*,*,#4131,.F.);
#5281=ORIENTED_EDGE('',*,*,#4063,.T.);
#5282=ORIENTED_EDGE('',*,*,#4128,.F.);
#5283=ORIENTED_EDGE('',*,*,#3968,.F.);
#5284=ORIENTED_EDGE('',*,*,#4132,.F.);
#5285=ORIENTED_EDGE('',*,*,#4133,.F.);
#5286=ORIENTED_EDGE('',*,*,#3964,.F.);
#5287=ORIENTED_EDGE('',*,*,#4134,.T.);
#5288=ORIENTED_EDGE('',*,*,#4135,.T.);
#5289=ORIENTED_EDGE('',*,*,#4130,.T.);
#5290=ORIENTED_EDGE('',*,*,#4136,.F.);
#5291=ORIENTED_EDGE('',*,*,#4137,.F.);
#5292=ORIENTED_EDGE('',*,*,#4138,.T.);
#5293=ORIENTED_EDGE('',*,*,#4138,.F.);
#5294=ORIENTED_EDGE('',*,*,#4139,.T.);
#5295=ORIENTED_EDGE('',*,*,#4027,.T.);
#5296=ORIENTED_EDGE('',*,*,#4139,.F.);
#5297=ORIENTED_EDGE('',*,*,#4031,.F.);
#5298=ORIENTED_EDGE('',*,*,#4140,.T.);
#5299=ORIENTED_EDGE('',*,*,#4137,.T.);
#5300=ORIENTED_EDGE('',*,*,#4140,.F.);
#5301=ORIENTED_EDGE('',*,*,#3965,.F.);
#5302=ORIENTED_EDGE('',*,*,#4133,.T.);
#5303=ORIENTED_EDGE('',*,*,#4141,.T.);
#5304=ORIENTED_EDGE('',*,*,#3966,.F.);
#5305=ORIENTED_EDGE('',*,*,#4136,.T.);
#5306=ORIENTED_EDGE('',*,*,#4132,.T.);
#5307=ORIENTED_EDGE('',*,*,#3967,.F.);
#5308=ORIENTED_EDGE('',*,*,#4141,.F.);
#5309=ORIENTED_EDGE('',*,*,#4131,.T.);
#5310=ORIENTED_EDGE('',*,*,#4135,.F.);
#5311=ORIENTED_EDGE('',*,*,#4142,.F.);
#5312=ORIENTED_EDGE('',*,*,#4064,.F.);
#5313=ORIENTED_EDGE('',*,*,#4142,.T.);
#5314=ORIENTED_EDGE('',*,*,#4134,.F.);
#5315=ORIENTED_EDGE('',*,*,#3963,.F.);
#5316=ORIENTED_EDGE('',*,*,#4065,.T.);
#5317=ORIENTED_EDGE('',*,*,#4143,.F.);
#5318=ORIENTED_EDGE('',*,*,#4144,.T.);
#5319=ORIENTED_EDGE('',*,*,#4105,.T.);
#5320=ORIENTED_EDGE('',*,*,#4144,.F.);
#5321=ORIENTED_EDGE('',*,*,#4145,.F.);
#5322=ORIENTED_EDGE('',*,*,#4146,.T.);
#5323=ORIENTED_EDGE('',*,*,#4143,.T.);
#5324=ORIENTED_EDGE('',*,*,#4146,.F.);
#5325=ORIENTED_EDGE('',*,*,#4147,.T.);
#5326=ORIENTED_EDGE('',*,*,#4148,.T.);
#5327=ORIENTED_EDGE('',*,*,#4149,.F.);
#5328=ORIENTED_EDGE('',*,*,#4150,.F.);
#5329=ORIENTED_EDGE('',*,*,#4145,.T.);
#5330=ORIENTED_EDGE('',*,*,#4147,.F.);
#5331=ORIENTED_EDGE('',*,*,#4151,.T.);
#5332=ORIENTED_EDGE('',*,*,#4007,.F.);
#5333=ORIENTED_EDGE('',*,*,#4152,.F.);
#5334=ORIENTED_EDGE('',*,*,#3933,.T.);
#5335=ORIENTED_EDGE('',*,*,#4153,.T.);
#5336=ORIENTED_EDGE('',*,*,#3932,.T.);
#5337=ORIENTED_EDGE('',*,*,#4154,.T.);
#5338=ORIENTED_EDGE('',*,*,#4148,.F.);
#5339=ORIENTED_EDGE('',*,*,#4153,.F.);
#5340=ORIENTED_EDGE('',*,*,#4149,.T.);
#5341=ORIENTED_EDGE('',*,*,#4154,.F.);
#5342=ORIENTED_EDGE('',*,*,#3950,.T.);
#5343=ORIENTED_EDGE('',*,*,#4155,.T.);
#5344=ORIENTED_EDGE('',*,*,#4009,.F.);
#5345=ORIENTED_EDGE('',*,*,#4156,.F.);
#5346=ORIENTED_EDGE('',*,*,#4150,.T.);
#5347=ORIENTED_EDGE('',*,*,#4156,.T.);
#5348=ORIENTED_EDGE('',*,*,#4008,.F.);
#5349=ORIENTED_EDGE('',*,*,#4151,.F.);
#5350=ORIENTED_EDGE('',*,*,#4157,.T.);
#5351=ORIENTED_EDGE('',*,*,#4010,.F.);
#5352=ORIENTED_EDGE('',*,*,#4155,.F.);
#5353=ORIENTED_EDGE('',*,*,#3949,.F.);
#5354=ORIENTED_EDGE('',*,*,#4158,.T.);
#5355=ORIENTED_EDGE('',*,*,#4011,.F.);
#5356=ORIENTED_EDGE('',*,*,#4157,.F.);
#5357=ORIENTED_EDGE('',*,*,#3948,.T.);
#5358=ORIENTED_EDGE('',*,*,#4159,.T.);
#5359=ORIENTED_EDGE('',*,*,#4012,.F.);
#5360=ORIENTED_EDGE('',*,*,#4158,.F.);
#5361=ORIENTED_EDGE('',*,*,#3947,.F.);
#5362=ORIENTED_EDGE('',*,*,#4160,.T.);
#5363=ORIENTED_EDGE('',*,*,#4013,.F.);
#5364=ORIENTED_EDGE('',*,*,#4159,.F.);
#5365=ORIENTED_EDGE('',*,*,#3946,.T.);
#5366=ORIENTED_EDGE('',*,*,#4161,.F.);
#5367=ORIENTED_EDGE('',*,*,#4162,.T.);
#5368=ORIENTED_EDGE('',*,*,#4163,.T.);
#5369=ORIENTED_EDGE('',*,*,#4164,.T.);
#5370=ORIENTED_EDGE('',*,*,#4165,.T.);
#5371=ORIENTED_EDGE('',*,*,#4052,.T.);
#5372=ORIENTED_EDGE('',*,*,#4166,.F.);
#5373=ORIENTED_EDGE('',*,*,#4014,.F.);
#5374=ORIENTED_EDGE('',*,*,#4160,.F.);
#5375=ORIENTED_EDGE('',*,*,#4167,.T.);
#5376=ORIENTED_EDGE('',*,*,#4043,.F.);
#5377=ORIENTED_EDGE('',*,*,#4168,.T.);
#5378=ORIENTED_EDGE('',*,*,#4169,.T.);
#5379=ORIENTED_EDGE('',*,*,#4170,.T.);
#5380=ORIENTED_EDGE('',*,*,#4171,.T.);
#5381=ORIENTED_EDGE('',*,*,#4172,.T.);
#5382=ORIENTED_EDGE('',*,*,#4053,.F.);
#5383=ORIENTED_EDGE('',*,*,#4165,.F.);
#5384=ORIENTED_EDGE('',*,*,#4173,.F.);
#5385=ORIENTED_EDGE('',*,*,#4174,.F.);
#5386=ORIENTED_EDGE('',*,*,#4175,.T.);
#5387=ORIENTED_EDGE('',*,*,#4176,.T.);
#5388=ORIENTED_EDGE('',*,*,#4176,.F.);
#5389=ORIENTED_EDGE('',*,*,#4177,.T.);
#5390=ORIENTED_EDGE('',*,*,#4178,.T.);
#5391=ORIENTED_EDGE('',*,*,#4044,.T.);
#5392=ORIENTED_EDGE('',*,*,#4161,.T.);
#5393=ORIENTED_EDGE('',*,*,#3945,.F.);
#5394=ORIENTED_EDGE('',*,*,#4179,.F.);
#5395=ORIENTED_EDGE('',*,*,#4045,.T.);
#5396=ORIENTED_EDGE('',*,*,#4178,.F.);
#5397=ORIENTED_EDGE('',*,*,#4180,.T.);
#5398=ORIENTED_EDGE('',*,*,#4175,.F.);
#5399=ORIENTED_EDGE('',*,*,#4181,.T.);
#5400=ORIENTED_EDGE('',*,*,#4162,.F.);
#5401=ORIENTED_EDGE('',*,*,#4180,.F.);
#5402=ORIENTED_EDGE('',*,*,#4177,.F.);
#5403=ORIENTED_EDGE('',*,*,#4174,.T.);
#5404=ORIENTED_EDGE('',*,*,#4182,.F.);
#5405=ORIENTED_EDGE('',*,*,#4163,.F.);
#5406=ORIENTED_EDGE('',*,*,#4181,.F.);
#5407=ORIENTED_EDGE('',*,*,#4173,.T.);
#5408=ORIENTED_EDGE('',*,*,#4167,.F.);
#5409=ORIENTED_EDGE('',*,*,#4164,.F.);
#5410=ORIENTED_EDGE('',*,*,#4182,.T.);
#5411=ORIENTED_EDGE('',*,*,#4179,.T.);
#5412=ORIENTED_EDGE('',*,*,#3944,.T.);
#5413=ORIENTED_EDGE('',*,*,#4183,.T.);
#5414=ORIENTED_EDGE('',*,*,#4020,.F.);
#5415=ORIENTED_EDGE('',*,*,#4184,.F.);
#5416=ORIENTED_EDGE('',*,*,#4046,.T.);
#5417=ORIENTED_EDGE('',*,*,#4047,.T.);
#5418=ORIENTED_EDGE('',*,*,#4184,.T.);
#5419=ORIENTED_EDGE('',*,*,#4019,.F.);
#5420=ORIENTED_EDGE('',*,*,#4185,.F.);
#5421=ORIENTED_EDGE('',*,*,#4048,.T.);
#5422=ORIENTED_EDGE('',*,*,#4185,.T.);
#5423=ORIENTED_EDGE('',*,*,#4018,.F.);
#5424=ORIENTED_EDGE('',*,*,#4186,.F.);
#5425=ORIENTED_EDGE('',*,*,#4049,.T.);
#5426=ORIENTED_EDGE('',*,*,#4186,.T.);
#5427=ORIENTED_EDGE('',*,*,#4017,.F.);
#5428=ORIENTED_EDGE('',*,*,#4187,.F.);
#5429=ORIENTED_EDGE('',*,*,#4050,.T.);
#5430=ORIENTED_EDGE('',*,*,#4187,.T.);
#5431=ORIENTED_EDGE('',*,*,#4016,.F.);
#5432=ORIENTED_EDGE('',*,*,#4188,.F.);
#5433=ORIENTED_EDGE('',*,*,#4166,.T.);
#5434=ORIENTED_EDGE('',*,*,#4051,.T.);
#5435=ORIENTED_EDGE('',*,*,#4188,.T.);
#5436=ORIENTED_EDGE('',*,*,#4015,.F.);
#5437=ORIENTED_EDGE('',*,*,#3943,.F.);
#5438=ORIENTED_EDGE('',*,*,#4189,.T.);
#5439=ORIENTED_EDGE('',*,*,#4021,.F.);
#5440=ORIENTED_EDGE('',*,*,#4183,.F.);
#5441=ORIENTED_EDGE('',*,*,#4189,.F.);
#5442=ORIENTED_EDGE('',*,*,#3942,.T.);
#5443=ORIENTED_EDGE('',*,*,#4190,.T.);
#5444=ORIENTED_EDGE('',*,*,#4022,.F.);
#5445=ORIENTED_EDGE('',*,*,#4191,.F.);
#5446=ORIENTED_EDGE('',*,*,#4023,.F.);
#5447=ORIENTED_EDGE('',*,*,#4190,.F.);
#5448=ORIENTED_EDGE('',*,*,#3941,.T.);
#5449=ORIENTED_EDGE('',*,*,#4192,.T.);
#5450=ORIENTED_EDGE('',*,*,#3939,.T.);
#5451=ORIENTED_EDGE('',*,*,#4193,.T.);
#5452=ORIENTED_EDGE('',*,*,#4001,.F.);
#5453=ORIENTED_EDGE('',*,*,#4071,.F.);
#5454=ORIENTED_EDGE('',*,*,#4194,.T.);
#5455=ORIENTED_EDGE('',*,*,#4024,.T.);
#5456=ORIENTED_EDGE('',*,*,#4191,.T.);
#5457=ORIENTED_EDGE('',*,*,#3940,.T.);
#5458=ORIENTED_EDGE('',*,*,#4192,.F.);
#5459=ORIENTED_EDGE('',*,*,#4000,.T.);
#5460=ORIENTED_EDGE('',*,*,#4194,.F.);
#5461=ORIENTED_EDGE('',*,*,#4195,.T.);
#5462=ORIENTED_EDGE('',*,*,#4002,.F.);
#5463=ORIENTED_EDGE('',*,*,#4193,.F.);
#5464=ORIENTED_EDGE('',*,*,#3938,.F.);
#5465=ORIENTED_EDGE('',*,*,#4195,.F.);
#5466=ORIENTED_EDGE('',*,*,#3937,.T.);
#5467=ORIENTED_EDGE('',*,*,#4196,.T.);
#5468=ORIENTED_EDGE('',*,*,#4003,.F.);
#5469=ORIENTED_EDGE('',*,*,#4197,.T.);
#5470=ORIENTED_EDGE('',*,*,#4004,.F.);
#5471=ORIENTED_EDGE('',*,*,#4196,.F.);
#5472=ORIENTED_EDGE('',*,*,#3936,.F.);
#5473=ORIENTED_EDGE('',*,*,#4197,.F.);
#5474=ORIENTED_EDGE('',*,*,#3935,.T.);
#5475=ORIENTED_EDGE('',*,*,#4198,.T.);
#5476=ORIENTED_EDGE('',*,*,#4005,.F.);
#5477=ORIENTED_EDGE('',*,*,#4152,.T.);
#5478=ORIENTED_EDGE('',*,*,#4006,.F.);
#5479=ORIENTED_EDGE('',*,*,#4198,.F.);
#5480=ORIENTED_EDGE('',*,*,#3934,.F.);
#5481=ORIENTED_EDGE('',*,*,#4054,.T.);
#5482=ORIENTED_EDGE('',*,*,#4172,.F.);
#5483=ORIENTED_EDGE('',*,*,#4199,.F.);
#5484=ORIENTED_EDGE('',*,*,#4200,.F.);
#5485=ORIENTED_EDGE('',*,*,#4201,.F.);
#5486=ORIENTED_EDGE('',*,*,#4202,.F.);
#5487=ORIENTED_EDGE('',*,*,#4203,.F.);
#5488=ORIENTED_EDGE('',*,*,#4204,.F.);
#5489=ORIENTED_EDGE('',*,*,#4068,.F.);
#5490=ORIENTED_EDGE('',*,*,#4205,.F.);
#5491=ORIENTED_EDGE('',*,*,#3927,.T.);
#5492=ORIENTED_EDGE('',*,*,#3960,.T.);
#5493=ORIENTED_EDGE('',*,*,#4055,.F.);
#5494=ORIENTED_EDGE('',*,*,#4200,.T.);
#5495=ORIENTED_EDGE('',*,*,#4206,.F.);
#5496=ORIENTED_EDGE('',*,*,#4201,.T.);
#5497=ORIENTED_EDGE('',*,*,#4199,.T.);
#5498=ORIENTED_EDGE('',*,*,#4171,.F.);
#5499=ORIENTED_EDGE('',*,*,#4207,.F.);
#5500=ORIENTED_EDGE('',*,*,#4202,.T.);
#5501=ORIENTED_EDGE('',*,*,#4207,.T.);
#5502=ORIENTED_EDGE('',*,*,#4170,.F.);
#5503=ORIENTED_EDGE('',*,*,#4208,.F.);
#5504=ORIENTED_EDGE('',*,*,#4203,.T.);
#5505=ORIENTED_EDGE('',*,*,#4208,.T.);
#5506=ORIENTED_EDGE('',*,*,#4169,.F.);
#5507=ORIENTED_EDGE('',*,*,#4209,.F.);
#5508=ORIENTED_EDGE('',*,*,#4069,.F.);
#5509=ORIENTED_EDGE('',*,*,#4204,.T.);
#5510=ORIENTED_EDGE('',*,*,#4209,.T.);
#5511=ORIENTED_EDGE('',*,*,#4168,.F.);
#5512=ORIENTED_EDGE('',*,*,#3928,.T.);
#5513=ORIENTED_EDGE('',*,*,#4205,.T.);
#5514=ORIENTED_EDGE('',*,*,#4067,.F.);
#5515=ORIENTED_EDGE('',*,*,#4210,.F.);
#5516=ORIENTED_EDGE('',*,*,#4211,.F.);
#5517=ORIENTED_EDGE('',*,*,#4212,.F.);
#5518=ORIENTED_EDGE('',*,*,#3929,.T.);
#5519=ORIENTED_EDGE('',*,*,#4210,.T.);
#5520=ORIENTED_EDGE('',*,*,#4066,.F.);
#5521=ORIENTED_EDGE('',*,*,#3961,.F.);
#5522=ORIENTED_EDGE('',*,*,#4213,.F.);
#5523=ORIENTED_EDGE('',*,*,#4214,.F.);
#5524=ORIENTED_EDGE('',*,*,#4215,.T.);
#5525=ORIENTED_EDGE('',*,*,#4213,.T.);
#5526=ORIENTED_EDGE('',*,*,#4215,.F.);
#5527=ORIENTED_EDGE('',*,*,#4216,.T.);
#5528=ORIENTED_EDGE('',*,*,#4217,.T.);
#5529=ORIENTED_EDGE('',*,*,#4214,.T.);
#5530=ORIENTED_EDGE('',*,*,#4217,.F.);
#5531=ORIENTED_EDGE('',*,*,#4218,.T.);
#5532=ORIENTED_EDGE('',*,*,#4216,.F.);
#5533=ORIENTED_EDGE('',*,*,#4218,.F.);
#5534=ORIENTED_EDGE('',*,*,#4219,.F.);
#5535=ORIENTED_EDGE('',*,*,#4220,.T.);
#5536=ORIENTED_EDGE('',*,*,#4211,.T.);
#5537=ORIENTED_EDGE('',*,*,#4220,.F.);
#5538=ORIENTED_EDGE('',*,*,#4221,.T.);
#5539=ORIENTED_EDGE('',*,*,#4222,.T.);
#5540=ORIENTED_EDGE('',*,*,#4219,.T.);
#5541=ORIENTED_EDGE('',*,*,#4222,.F.);
#5542=ORIENTED_EDGE('',*,*,#4223,.T.);
#5543=ORIENTED_EDGE('',*,*,#4221,.F.);
#5544=ORIENTED_EDGE('',*,*,#4223,.F.);
#5545=ORIENTED_EDGE('',*,*,#4224,.F.);
#5546=ORIENTED_EDGE('',*,*,#4225,.T.);
#5547=ORIENTED_EDGE('',*,*,#4212,.T.);
#5548=ORIENTED_EDGE('',*,*,#4225,.F.);
#5549=ORIENTED_EDGE('',*,*,#4226,.T.);
#5550=ORIENTED_EDGE('',*,*,#4227,.T.);
#5551=ORIENTED_EDGE('',*,*,#4224,.T.);
#5552=ORIENTED_EDGE('',*,*,#4227,.F.);
#5553=ORIENTED_EDGE('',*,*,#4228,.T.);
#5554=ORIENTED_EDGE('',*,*,#4226,.F.);
#5555=ORIENTED_EDGE('',*,*,#4228,.F.);
#5556=ORIENTED_EDGE('',*,*,#4229,.F.);
#5557=ORIENTED_EDGE('',*,*,#4230,.T.);
#5558=ORIENTED_EDGE('',*,*,#4206,.T.);
#5559=ORIENTED_EDGE('',*,*,#4230,.F.);
#5560=ORIENTED_EDGE('',*,*,#4231,.T.);
#5561=ORIENTED_EDGE('',*,*,#4232,.T.);
#5562=ORIENTED_EDGE('',*,*,#4229,.T.);
#5563=ORIENTED_EDGE('',*,*,#4232,.F.);
#5564=ORIENTED_EDGE('',*,*,#4233,.T.);
#5565=ORIENTED_EDGE('',*,*,#4231,.F.);
#5566=ORIENTED_EDGE('',*,*,#4233,.F.);
#5567=ORIENTED_EDGE('',*,*,#4106,.F.);
#5568=ORIENTED_EDGE('',*,*,#4234,.T.);
#5569=ORIENTED_EDGE('',*,*,#4025,.T.);
#5570=ORIENTED_EDGE('',*,*,#4234,.F.);
#5571=ORIENTED_EDGE('',*,*,#4107,.T.);
#5572=ORIENTED_EDGE('',*,*,#4235,.T.);
#5573=ORIENTED_EDGE('',*,*,#4236,.F.);
#5574=ORIENTED_EDGE('',*,*,#4237,.F.);
#5575=ORIENTED_EDGE('',*,*,#4108,.T.);
#5576=ORIENTED_EDGE('',*,*,#4237,.T.);
#5577=ORIENTED_EDGE('',*,*,#4238,.F.);
#5578=ORIENTED_EDGE('',*,*,#4239,.F.);
#5579=ORIENTED_EDGE('',*,*,#4109,.T.);
#5580=ORIENTED_EDGE('',*,*,#4239,.T.);
#5581=ORIENTED_EDGE('',*,*,#4240,.F.);
#5582=ORIENTED_EDGE('',*,*,#4241,.F.);
#5583=ORIENTED_EDGE('',*,*,#4110,.T.);
#5584=ORIENTED_EDGE('',*,*,#4241,.T.);
#5585=ORIENTED_EDGE('',*,*,#4242,.F.);
#5586=ORIENTED_EDGE('',*,*,#4235,.F.);
#5587=ORIENTED_EDGE('',*,*,#4236,.T.);
#5588=ORIENTED_EDGE('',*,*,#4242,.T.);
#5589=ORIENTED_EDGE('',*,*,#4240,.T.);
#5590=ORIENTED_EDGE('',*,*,#4238,.T.);
#5591=ORIENTED_EDGE('',*,*,#4243,.T.);
#5592=ORIENTED_EDGE('',*,*,#4244,.T.);
#5593=ORIENTED_EDGE('',*,*,#4245,.T.);
#5594=ORIENTED_EDGE('',*,*,#4246,.T.);
#5595=ORIENTED_EDGE('',*,*,#4111,.T.);
#5596=ORIENTED_EDGE('',*,*,#4247,.T.);
#5597=ORIENTED_EDGE('',*,*,#4243,.F.);
#5598=ORIENTED_EDGE('',*,*,#4248,.F.);
#5599=ORIENTED_EDGE('',*,*,#4112,.T.);
#5600=ORIENTED_EDGE('',*,*,#4248,.T.);
#5601=ORIENTED_EDGE('',*,*,#4246,.F.);
#5602=ORIENTED_EDGE('',*,*,#4249,.F.);
#5603=ORIENTED_EDGE('',*,*,#4113,.T.);
#5604=ORIENTED_EDGE('',*,*,#4249,.T.);
#5605=ORIENTED_EDGE('',*,*,#4245,.F.);
#5606=ORIENTED_EDGE('',*,*,#4250,.F.);
#5607=ORIENTED_EDGE('',*,*,#4114,.T.);
#5608=ORIENTED_EDGE('',*,*,#4250,.T.);
#5609=ORIENTED_EDGE('',*,*,#4244,.F.);
#5610=ORIENTED_EDGE('',*,*,#4247,.F.);
#5611=ORIENTED_EDGE('',*,*,#4115,.T.);
#5612=ORIENTED_EDGE('',*,*,#4251,.T.);
#5613=ORIENTED_EDGE('',*,*,#4252,.F.);
#5614=ORIENTED_EDGE('',*,*,#4253,.F.);
#5615=ORIENTED_EDGE('',*,*,#4116,.T.);
#5616=ORIENTED_EDGE('',*,*,#4253,.T.);
#5617=ORIENTED_EDGE('',*,*,#4254,.F.);
#5618=ORIENTED_EDGE('',*,*,#4255,.F.);
#5619=ORIENTED_EDGE('',*,*,#4117,.T.);
#5620=ORIENTED_EDGE('',*,*,#4255,.T.);
#5621=ORIENTED_EDGE('',*,*,#4256,.F.);
#5622=ORIENTED_EDGE('',*,*,#4257,.F.);
#5623=ORIENTED_EDGE('',*,*,#4118,.T.);
#5624=ORIENTED_EDGE('',*,*,#4257,.T.);
#5625=ORIENTED_EDGE('',*,*,#4258,.F.);
#5626=ORIENTED_EDGE('',*,*,#4251,.F.);
#5627=ORIENTED_EDGE('',*,*,#4252,.T.);
#5628=ORIENTED_EDGE('',*,*,#4258,.T.);
#5629=ORIENTED_EDGE('',*,*,#4256,.T.);
#5630=ORIENTED_EDGE('',*,*,#4254,.T.);
#5631=ORIENTED_EDGE('',*,*,#4259,.T.);
#5632=ORIENTED_EDGE('',*,*,#4260,.T.);
#5633=ORIENTED_EDGE('',*,*,#4261,.T.);
#5634=ORIENTED_EDGE('',*,*,#4262,.T.);
#5635=ORIENTED_EDGE('',*,*,#4119,.T.);
#5636=ORIENTED_EDGE('',*,*,#4263,.T.);
#5637=ORIENTED_EDGE('',*,*,#4259,.F.);
#5638=ORIENTED_EDGE('',*,*,#4264,.F.);
#5639=ORIENTED_EDGE('',*,*,#4120,.T.);
#5640=ORIENTED_EDGE('',*,*,#4264,.T.);
#5641=ORIENTED_EDGE('',*,*,#4262,.F.);
#5642=ORIENTED_EDGE('',*,*,#4265,.F.);
#5643=ORIENTED_EDGE('',*,*,#4121,.T.);
#5644=ORIENTED_EDGE('',*,*,#4265,.T.);
#5645=ORIENTED_EDGE('',*,*,#4261,.F.);
#5646=ORIENTED_EDGE('',*,*,#4266,.F.);
#5647=ORIENTED_EDGE('',*,*,#4122,.T.);
#5648=ORIENTED_EDGE('',*,*,#4266,.T.);
#5649=ORIENTED_EDGE('',*,*,#4260,.F.);
#5650=ORIENTED_EDGE('',*,*,#4263,.F.);
#5651=ORIENTED_EDGE('',*,*,#4267,.T.);
#5652=ORIENTED_EDGE('',*,*,#4092,.F.);
#5653=ORIENTED_EDGE('',*,*,#4090,.F.);
#5654=ORIENTED_EDGE('',*,*,#4124,.F.);
#5655=ORIENTED_EDGE('',*,*,#4267,.F.);
#5656=ORIENTED_EDGE('',*,*,#4123,.F.);
#5657=ORIENTED_EDGE('',*,*,#4098,.F.);
#5658=ORIENTED_EDGE('',*,*,#4093,.T.);
#5659=ORIENTED_EDGE('',*,*,#4268,.F.);
#5660=ORIENTED_EDGE('',*,*,#4269,.T.);
#5661=ORIENTED_EDGE('',*,*,#4070,.T.);
#5662=ORIENTED_EDGE('',*,*,#4269,.F.);
#5663=ORIENTED_EDGE('',*,*,#3930,.F.);
#5664=ORIENTED_EDGE('',*,*,#4270,.T.);
#5665=ORIENTED_EDGE('',*,*,#4268,.T.);
#5666=ORIENTED_EDGE('',*,*,#4270,.F.);
#5667=ORIENTED_EDGE('',*,*,#4271,.F.);
#5668=ORIENTED_EDGE('',*,*,#4272,.T.);
#5669=ORIENTED_EDGE('',*,*,#4076,.T.);
#5670=ORIENTED_EDGE('',*,*,#4272,.F.);
#5671=ORIENTED_EDGE('',*,*,#4273,.T.);
#5672=ORIENTED_EDGE('',*,*,#4274,.T.);
#5673=ORIENTED_EDGE('',*,*,#4271,.T.);
#5674=ORIENTED_EDGE('',*,*,#4274,.F.);
#5675=ORIENTED_EDGE('',*,*,#4275,.T.);
#5676=ORIENTED_EDGE('',*,*,#4273,.F.);
#5677=ORIENTED_EDGE('',*,*,#4275,.F.);
#5678=ORIENTED_EDGE('',*,*,#4058,.T.);
#5679=ORIENTED_EDGE('',*,*,#4276,.T.);
#5680=ORIENTED_EDGE('',*,*,#3994,.F.);
#5681=ORIENTED_EDGE('',*,*,#3992,.F.);
#5682=ORIENTED_EDGE('',*,*,#4057,.T.);
#5683=ORIENTED_EDGE('',*,*,#4277,.T.);
#5684=ORIENTED_EDGE('',*,*,#3995,.F.);
#5685=ORIENTED_EDGE('',*,*,#4276,.F.);
#5686=ORIENTED_EDGE('',*,*,#4056,.F.);
#5687=ORIENTED_EDGE('',*,*,#3958,.T.);
#5688=ORIENTED_EDGE('',*,*,#3996,.F.);
#5689=ORIENTED_EDGE('',*,*,#4277,.F.);
#5690=ORIENTED_EDGE('',*,*,#4278,.F.);
#5691=ORIENTED_EDGE('',*,*,#4279,.T.);
#5692=ORIENTED_EDGE('',*,*,#4072,.T.);
#5693=ORIENTED_EDGE('',*,*,#4279,.F.);
#5694=ORIENTED_EDGE('',*,*,#3931,.F.);
#5695=ORIENTED_EDGE('',*,*,#4280,.T.);
#5696=ORIENTED_EDGE('',*,*,#4278,.T.);
#5697=ORIENTED_EDGE('',*,*,#4280,.F.);
#5698=ORIENTED_EDGE('',*,*,#4281,.F.);
#5699=ORIENTED_EDGE('',*,*,#4282,.T.);
#5700=ORIENTED_EDGE('',*,*,#4073,.T.);
#5701=ORIENTED_EDGE('',*,*,#4282,.F.);
#5702=ORIENTED_EDGE('',*,*,#4029,.F.);
#5703=ORIENTED_EDGE('',*,*,#4283,.T.);
#5704=ORIENTED_EDGE('',*,*,#4281,.T.);
#5705=ORIENTED_EDGE('',*,*,#4283,.F.);
#5706=ORIENTED_EDGE('',*,*,#4030,.F.);
#5707=ORIENTED_EDGE('',*,*,#4284,.T.);
#5708=ORIENTED_EDGE('',*,*,#4074,.T.);
#5709=ORIENTED_EDGE('',*,*,#4284,.F.);
#5710=ORIENTED_EDGE('',*,*,#4285,.F.);
#5711=ORIENTED_EDGE('',*,*,#4286,.T.);
#5712=ORIENTED_EDGE('',*,*,#4042,.T.);
#5713=ORIENTED_EDGE('',*,*,#4286,.F.);
#5714=ORIENTED_EDGE('',*,*,#4033,.F.);
#5715=ORIENTED_EDGE('',*,*,#4287,.T.);
#5716=ORIENTED_EDGE('',*,*,#4285,.T.);
#5717=ORIENTED_EDGE('',*,*,#4287,.F.);
#5718=ORIENTED_EDGE('',*,*,#4075,.T.);
#5719=ORIENTED_EDGE('',*,*,#3982,.T.);
#5720=ORIENTED_EDGE('',*,*,#3975,.F.);
#5721=ORIENTED_EDGE('',*,*,#3954,.F.);
#5722=ORIENTED_EDGE('',*,*,#3973,.F.);
#5723=ORIENTED_EDGE('',*,*,#4288,.T.);
#5724=ORIENTED_EDGE('',*,*,#4026,.T.);
#5725=ORIENTED_EDGE('',*,*,#4288,.F.);
#5726=ORIENTED_EDGE('',*,*,#4032,.F.);
#5727=ORIENTED_EDGE('',*,*,#4289,.T.);
#5728=ORIENTED_EDGE('',*,*,#3979,.T.);
#5729=ORIENTED_EDGE('',*,*,#4289,.F.);
#5730=ORIENTED_EDGE('',*,*,#3974,.F.);
#5731=ORIENTED_EDGE('',*,*,#4290,.T.);
#5732=ORIENTED_EDGE('',*,*,#4291,.T.);
#5733=ORIENTED_EDGE('',*,*,#4290,.F.);
#5734=ORIENTED_EDGE('',*,*,#4291,.F.);
#5735=ORIENTED_EDGE('',*,*,#4292,.F.);
#5736=ORIENTED_EDGE('',*,*,#4293,.F.);
#5737=ORIENTED_EDGE('',*,*,#4294,.T.);
#5738=ORIENTED_EDGE('',*,*,#4292,.T.);
#5739=ORIENTED_EDGE('',*,*,#4294,.F.);
#5740=ORIENTED_EDGE('',*,*,#4295,.F.);
#5741=ORIENTED_EDGE('',*,*,#4296,.F.);
#5742=ORIENTED_EDGE('',*,*,#4297,.T.);
#5743=ORIENTED_EDGE('',*,*,#4293,.T.);
#5744=ORIENTED_EDGE('',*,*,#4297,.F.);
#5745=ORIENTED_EDGE('',*,*,#4298,.F.);
#5746=ORIENTED_EDGE('',*,*,#4299,.T.);
#5747=ORIENTED_EDGE('',*,*,#4295,.T.);
#5748=ORIENTED_EDGE('',*,*,#4296,.T.);
#5749=ORIENTED_EDGE('',*,*,#4299,.F.);
#5750=ORIENTED_EDGE('',*,*,#4298,.T.);
#5751=ORIENTED_EDGE('',*,*,#4300,.F.);
#5752=ORIENTED_EDGE('',*,*,#4301,.F.);
#5753=ORIENTED_EDGE('',*,*,#4302,.T.);
#5754=ORIENTED_EDGE('',*,*,#4300,.T.);
#5755=ORIENTED_EDGE('',*,*,#4302,.F.);
#5756=ORIENTED_EDGE('',*,*,#4303,.F.);
#5757=ORIENTED_EDGE('',*,*,#4304,.F.);
#5758=ORIENTED_EDGE('',*,*,#4305,.T.);
#5759=ORIENTED_EDGE('',*,*,#4301,.T.);
#5760=ORIENTED_EDGE('',*,*,#4305,.F.);
#5761=ORIENTED_EDGE('',*,*,#4306,.F.);
#5762=ORIENTED_EDGE('',*,*,#4307,.T.);
#5763=ORIENTED_EDGE('',*,*,#4303,.T.);
#5764=ORIENTED_EDGE('',*,*,#4304,.T.);
#5765=ORIENTED_EDGE('',*,*,#4307,.F.);
#5766=ORIENTED_EDGE('',*,*,#4306,.T.);
#5767=ORIENTED_EDGE('',*,*,#4308,.F.);
#5768=ORIENTED_EDGE('',*,*,#4309,.F.);
#5769=ORIENTED_EDGE('',*,*,#4310,.F.);
#5770=ORIENTED_EDGE('',*,*,#4311,.T.);
#5771=ORIENTED_EDGE('',*,*,#4308,.T.);
#5772=ORIENTED_EDGE('',*,*,#4311,.F.);
#5773=ORIENTED_EDGE('',*,*,#4310,.T.);
#5774=ORIENTED_EDGE('',*,*,#4312,.T.);
#5775=ORIENTED_EDGE('',*,*,#4309,.T.);
#5776=ORIENTED_EDGE('',*,*,#4313,.T.);
#5777=ORIENTED_EDGE('',*,*,#4312,.F.);
#5778=ORIENTED_EDGE('',*,*,#4313,.F.);
#5779=ORIENTED_EDGE('',*,*,#4314,.F.);
#5780=ORIENTED_EDGE('',*,*,#4315,.F.);
#5781=ORIENTED_EDGE('',*,*,#4316,.F.);
#5782=ORIENTED_EDGE('',*,*,#4317,.T.);
#5783=ORIENTED_EDGE('',*,*,#4318,.F.);
#5784=ORIENTED_EDGE('',*,*,#4319,.T.);
#5785=ORIENTED_EDGE('',*,*,#4320,.F.);
#5786=ORIENTED_EDGE('',*,*,#4321,.T.);
#5787=ORIENTED_EDGE('',*,*,#4322,.F.);
#5788=ORIENTED_EDGE('',*,*,#4323,.T.);
#5789=ORIENTED_EDGE('',*,*,#4324,.F.);
#5790=ORIENTED_EDGE('',*,*,#4325,.T.);
#5791=ORIENTED_EDGE('',*,*,#4326,.F.);
#5792=ORIENTED_EDGE('',*,*,#4327,.T.);
#5793=ORIENTED_EDGE('',*,*,#4328,.F.);
#5794=ORIENTED_EDGE('',*,*,#4329,.T.);
#5795=ORIENTED_EDGE('',*,*,#4330,.F.);
#5796=ORIENTED_EDGE('',*,*,#4331,.T.);
#5797=ORIENTED_EDGE('',*,*,#4332,.F.);
#5798=ORIENTED_EDGE('',*,*,#4333,.F.);
#5799=ORIENTED_EDGE('',*,*,#4334,.F.);
#5800=ORIENTED_EDGE('',*,*,#4335,.T.);
#5801=ORIENTED_EDGE('',*,*,#4336,.T.);
#5802=ORIENTED_EDGE('',*,*,#4337,.T.);
#5803=ORIENTED_EDGE('',*,*,#4338,.F.);
#5804=ORIENTED_EDGE('',*,*,#4339,.F.);
#5805=ORIENTED_EDGE('',*,*,#4340,.F.);
#5806=ORIENTED_EDGE('',*,*,#4341,.T.);
#5807=ORIENTED_EDGE('',*,*,#4342,.T.);
#5808=ORIENTED_EDGE('',*,*,#4339,.T.);
#5809=ORIENTED_EDGE('',*,*,#4343,.T.);
#5810=ORIENTED_EDGE('',*,*,#4344,.F.);
#5811=ORIENTED_EDGE('',*,*,#4343,.F.);
#5812=ORIENTED_EDGE('',*,*,#4345,.T.);
#5813=ORIENTED_EDGE('',*,*,#4346,.F.);
#5814=ORIENTED_EDGE('',*,*,#4347,.T.);
#5815=ORIENTED_EDGE('',*,*,#4348,.T.);
#5816=ORIENTED_EDGE('',*,*,#4349,.T.);
#5817=ORIENTED_EDGE('',*,*,#4350,.F.);
#5818=ORIENTED_EDGE('',*,*,#4351,.T.);
#5819=ORIENTED_EDGE('',*,*,#4352,.F.);
#5820=ORIENTED_EDGE('',*,*,#4353,.T.);
#5821=ORIENTED_EDGE('',*,*,#4354,.F.);
#5822=ORIENTED_EDGE('',*,*,#4355,.T.);
#5823=ORIENTED_EDGE('',*,*,#4356,.T.);
#5824=ORIENTED_EDGE('',*,*,#4357,.T.);
#5825=ORIENTED_EDGE('',*,*,#4358,.T.);
#5826=ORIENTED_EDGE('',*,*,#4359,.T.);
#5827=ORIENTED_EDGE('',*,*,#4360,.F.);
#5828=ORIENTED_EDGE('',*,*,#4361,.T.);
#5829=ORIENTED_EDGE('',*,*,#4362,.F.);
#5830=ORIENTED_EDGE('',*,*,#4363,.T.);
#5831=ORIENTED_EDGE('',*,*,#4364,.F.);
#5832=ORIENTED_EDGE('',*,*,#4365,.T.);
#5833=ORIENTED_EDGE('',*,*,#4366,.T.);
#5834=ORIENTED_EDGE('',*,*,#4367,.T.);
#5835=ORIENTED_EDGE('',*,*,#4368,.T.);
#5836=ORIENTED_EDGE('',*,*,#4369,.T.);
#5837=ORIENTED_EDGE('',*,*,#4344,.T.);
#5838=ORIENTED_EDGE('',*,*,#4370,.T.);
#5839=ORIENTED_EDGE('',*,*,#4371,.F.);
#5840=ORIENTED_EDGE('',*,*,#4372,.F.);
#5841=ORIENTED_EDGE('',*,*,#4369,.F.);
#5842=ORIENTED_EDGE('',*,*,#4373,.T.);
#5843=ORIENTED_EDGE('',*,*,#4338,.T.);
#5844=ORIENTED_EDGE('',*,*,#4373,.F.);
#5845=ORIENTED_EDGE('',*,*,#4374,.T.);
#5846=ORIENTED_EDGE('',*,*,#4336,.F.);
#5847=ORIENTED_EDGE('',*,*,#4375,.T.);
#5848=ORIENTED_EDGE('',*,*,#4345,.F.);
#5849=ORIENTED_EDGE('',*,*,#4376,.T.);
#5850=ORIENTED_EDGE('',*,*,#4337,.F.);
#5851=ORIENTED_EDGE('',*,*,#4374,.F.);
#5852=ORIENTED_EDGE('',*,*,#4368,.F.);
#5853=ORIENTED_EDGE('',*,*,#4376,.F.);
#5854=ORIENTED_EDGE('',*,*,#4367,.F.);
#5855=ORIENTED_EDGE('',*,*,#4377,.F.);
#5856=ORIENTED_EDGE('',*,*,#4314,.T.);
#5857=ORIENTED_EDGE('',*,*,#4378,.F.);
#5858=ORIENTED_EDGE('',*,*,#4315,.T.);
#5859=ORIENTED_EDGE('',*,*,#4377,.T.);
#5860=ORIENTED_EDGE('',*,*,#4366,.F.);
#5861=ORIENTED_EDGE('',*,*,#4378,.T.);
#5862=ORIENTED_EDGE('',*,*,#4365,.F.);
#5863=ORIENTED_EDGE('',*,*,#4379,.F.);
#5864=ORIENTED_EDGE('',*,*,#4316,.T.);
#5865=ORIENTED_EDGE('',*,*,#4379,.T.);
#5866=ORIENTED_EDGE('',*,*,#4364,.T.);
#5867=ORIENTED_EDGE('',*,*,#4380,.F.);
#5868=ORIENTED_EDGE('',*,*,#4317,.F.);
#5869=ORIENTED_EDGE('',*,*,#4318,.T.);
#5870=ORIENTED_EDGE('',*,*,#4380,.T.);
#5871=ORIENTED_EDGE('',*,*,#4363,.F.);
#5872=ORIENTED_EDGE('',*,*,#4381,.F.);
#5873=ORIENTED_EDGE('',*,*,#4381,.T.);
#5874=ORIENTED_EDGE('',*,*,#4362,.T.);
#5875=ORIENTED_EDGE('',*,*,#4382,.F.);
#5876=ORIENTED_EDGE('',*,*,#4319,.F.);
#5877=ORIENTED_EDGE('',*,*,#4320,.T.);
#5878=ORIENTED_EDGE('',*,*,#4382,.T.);
#5879=ORIENTED_EDGE('',*,*,#4361,.F.);
#5880=ORIENTED_EDGE('',*,*,#4383,.F.);
#5881=ORIENTED_EDGE('',*,*,#4383,.T.);
#5882=ORIENTED_EDGE('',*,*,#4360,.T.);
#5883=ORIENTED_EDGE('',*,*,#4384,.F.);
#5884=ORIENTED_EDGE('',*,*,#4321,.F.);
#5885=ORIENTED_EDGE('',*,*,#4385,.F.);
#5886=ORIENTED_EDGE('',*,*,#4322,.T.);
#5887=ORIENTED_EDGE('',*,*,#4384,.T.);
#5888=ORIENTED_EDGE('',*,*,#4359,.F.);
#5889=ORIENTED_EDGE('',*,*,#4385,.T.);
#5890=ORIENTED_EDGE('',*,*,#4358,.F.);
#5891=ORIENTED_EDGE('',*,*,#4386,.F.);
#5892=ORIENTED_EDGE('',*,*,#4323,.F.);
#5893=ORIENTED_EDGE('',*,*,#4387,.F.);
#5894=ORIENTED_EDGE('',*,*,#4324,.T.);
#5895=ORIENTED_EDGE('',*,*,#4386,.T.);
#5896=ORIENTED_EDGE('',*,*,#4357,.F.);
#5897=ORIENTED_EDGE('',*,*,#4387,.T.);
#5898=ORIENTED_EDGE('',*,*,#4356,.F.);
#5899=ORIENTED_EDGE('',*,*,#4388,.F.);
#5900=ORIENTED_EDGE('',*,*,#4325,.F.);
#5901=ORIENTED_EDGE('',*,*,#4388,.T.);
#5902=ORIENTED_EDGE('',*,*,#4355,.F.);
#5903=ORIENTED_EDGE('',*,*,#4389,.F.);
#5904=ORIENTED_EDGE('',*,*,#4326,.T.);
#5905=ORIENTED_EDGE('',*,*,#4389,.T.);
#5906=ORIENTED_EDGE('',*,*,#4354,.T.);
#5907=ORIENTED_EDGE('',*,*,#4390,.F.);
#5908=ORIENTED_EDGE('',*,*,#4327,.F.);
#5909=ORIENTED_EDGE('',*,*,#4328,.T.);
#5910=ORIENTED_EDGE('',*,*,#4390,.T.);
#5911=ORIENTED_EDGE('',*,*,#4353,.F.);
#5912=ORIENTED_EDGE('',*,*,#4391,.F.);
#5913=ORIENTED_EDGE('',*,*,#4391,.T.);
#5914=ORIENTED_EDGE('',*,*,#4352,.T.);
#5915=ORIENTED_EDGE('',*,*,#4392,.F.);
#5916=ORIENTED_EDGE('',*,*,#4329,.F.);
#5917=ORIENTED_EDGE('',*,*,#4393,.T.);
#5918=ORIENTED_EDGE('',*,*,#4347,.F.);
#5919=ORIENTED_EDGE('',*,*,#4394,.F.);
#5920=ORIENTED_EDGE('',*,*,#4334,.T.);
#5921=ORIENTED_EDGE('',*,*,#4395,.F.);
#5922=ORIENTED_EDGE('',*,*,#4330,.T.);
#5923=ORIENTED_EDGE('',*,*,#4392,.T.);
#5924=ORIENTED_EDGE('',*,*,#4351,.F.);
#5925=ORIENTED_EDGE('',*,*,#4333,.T.);
#5926=ORIENTED_EDGE('',*,*,#4396,.F.);
#5927=ORIENTED_EDGE('',*,*,#4348,.F.);
#5928=ORIENTED_EDGE('',*,*,#4393,.F.);
#5929=ORIENTED_EDGE('',*,*,#4396,.T.);
#5930=ORIENTED_EDGE('',*,*,#4332,.T.);
#5931=ORIENTED_EDGE('',*,*,#4397,.F.);
#5932=ORIENTED_EDGE('',*,*,#4349,.F.);
#5933=ORIENTED_EDGE('',*,*,#4331,.F.);
#5934=ORIENTED_EDGE('',*,*,#4395,.T.);
#5935=ORIENTED_EDGE('',*,*,#4350,.T.);
#5936=ORIENTED_EDGE('',*,*,#4397,.T.);
#5937=ORIENTED_EDGE('',*,*,#4394,.T.);
#5938=ORIENTED_EDGE('',*,*,#4346,.T.);
#5939=ORIENTED_EDGE('',*,*,#4375,.F.);
#5940=ORIENTED_EDGE('',*,*,#4335,.F.);
#5941=ORIENTED_EDGE('',*,*,#4370,.F.);
#5942=ORIENTED_EDGE('',*,*,#4398,.T.);
#5943=ORIENTED_EDGE('',*,*,#4340,.T.);
#5944=ORIENTED_EDGE('',*,*,#4398,.F.);
#5945=ORIENTED_EDGE('',*,*,#4341,.F.);
#5946=ORIENTED_EDGE('',*,*,#4399,.T.);
#5947=ORIENTED_EDGE('',*,*,#4371,.T.);
#5948=ORIENTED_EDGE('',*,*,#4399,.F.);
#5949=ORIENTED_EDGE('',*,*,#4342,.F.);
#5950=ORIENTED_EDGE('',*,*,#4400,.T.);
#5951=ORIENTED_EDGE('',*,*,#4372,.T.);
#5952=ORIENTED_EDGE('',*,*,#4400,.F.);
#5953=ORIENTED_EDGE('',*,*,#4401,.T.);
#5954=ORIENTED_EDGE('',*,*,#4402,.F.);
#5955=ORIENTED_EDGE('',*,*,#4403,.T.);
#5956=ORIENTED_EDGE('',*,*,#4404,.T.);
#5957=ORIENTED_EDGE('',*,*,#4405,.T.);
#5958=ORIENTED_EDGE('',*,*,#4406,.T.);
#5959=ORIENTED_EDGE('',*,*,#4407,.F.);
#5960=ORIENTED_EDGE('',*,*,#4408,.T.);
#5961=ORIENTED_EDGE('',*,*,#4409,.F.);
#5962=ORIENTED_EDGE('',*,*,#4410,.F.);
#5963=ORIENTED_EDGE('',*,*,#4401,.F.);
#5964=ORIENTED_EDGE('',*,*,#4411,.F.);
#5965=ORIENTED_EDGE('',*,*,#4412,.F.);
#5966=ORIENTED_EDGE('',*,*,#4413,.F.);
#5967=ORIENTED_EDGE('',*,*,#4414,.T.);
#5968=ORIENTED_EDGE('',*,*,#4415,.F.);
#5969=ORIENTED_EDGE('',*,*,#4416,.F.);
#5970=ORIENTED_EDGE('',*,*,#4417,.F.);
#5971=ORIENTED_EDGE('',*,*,#4418,.T.);
#5972=ORIENTED_EDGE('',*,*,#4419,.F.);
#5973=ORIENTED_EDGE('',*,*,#4420,.F.);
#5974=ORIENTED_EDGE('',*,*,#4421,.F.);
#5975=ORIENTED_EDGE('',*,*,#4422,.T.);
#5976=ORIENTED_EDGE('',*,*,#4413,.T.);
#5977=ORIENTED_EDGE('',*,*,#4423,.T.);
#5978=ORIENTED_EDGE('',*,*,#4424,.F.);
#5979=ORIENTED_EDGE('',*,*,#4425,.F.);
#5980=ORIENTED_EDGE('',*,*,#4426,.F.);
#5981=ORIENTED_EDGE('',*,*,#4427,.F.);
#5982=ORIENTED_EDGE('',*,*,#4428,.T.);
#5983=ORIENTED_EDGE('',*,*,#4429,.F.);
#5984=ORIENTED_EDGE('',*,*,#4430,.F.);
#5985=ORIENTED_EDGE('',*,*,#4431,.F.);
#5986=ORIENTED_EDGE('',*,*,#4432,.F.);
#5987=ORIENTED_EDGE('',*,*,#4433,.F.);
#5988=ORIENTED_EDGE('',*,*,#4434,.F.);
#5989=ORIENTED_EDGE('',*,*,#4435,.F.);
#5990=ORIENTED_EDGE('',*,*,#4436,.T.);
#5991=ORIENTED_EDGE('',*,*,#4437,.T.);
#5992=ORIENTED_EDGE('',*,*,#4438,.F.);
#5993=ORIENTED_EDGE('',*,*,#4439,.T.);
#5994=ORIENTED_EDGE('',*,*,#4440,.T.);
#5995=ORIENTED_EDGE('',*,*,#4402,.T.);
#5996=ORIENTED_EDGE('',*,*,#4422,.F.);
#5997=ORIENTED_EDGE('',*,*,#4441,.F.);
#5998=ORIENTED_EDGE('',*,*,#4442,.F.);
#5999=ORIENTED_EDGE('',*,*,#4410,.T.);
#6000=ORIENTED_EDGE('',*,*,#4443,.T.);
#6001=ORIENTED_EDGE('',*,*,#4444,.F.);
#6002=ORIENTED_EDGE('',*,*,#4445,.T.);
#6003=ORIENTED_EDGE('',*,*,#4446,.F.);
#6004=ORIENTED_EDGE('',*,*,#4447,.F.);
#6005=ORIENTED_EDGE('',*,*,#4448,.F.);
#6006=ORIENTED_EDGE('',*,*,#4449,.F.);
#6007=ORIENTED_EDGE('',*,*,#4450,.F.);
#6008=ORIENTED_EDGE('',*,*,#4451,.F.);
#6009=ORIENTED_EDGE('',*,*,#4452,.F.);
#6010=ORIENTED_EDGE('',*,*,#4453,.F.);
#6011=ORIENTED_EDGE('',*,*,#4454,.T.);
#6012=ORIENTED_EDGE('',*,*,#4452,.T.);
#6013=ORIENTED_EDGE('',*,*,#4454,.F.);
#6014=ORIENTED_EDGE('',*,*,#4453,.T.);
#6015=ORIENTED_EDGE('',*,*,#4455,.F.);
#6016=ORIENTED_EDGE('',*,*,#4456,.T.);
#6017=ORIENTED_EDGE('',*,*,#4447,.T.);
#6018=ORIENTED_EDGE('',*,*,#4456,.F.);
#6019=ORIENTED_EDGE('',*,*,#4455,.T.);
#6020=ORIENTED_EDGE('',*,*,#4457,.F.);
#6021=ORIENTED_EDGE('',*,*,#4458,.T.);
#6022=ORIENTED_EDGE('',*,*,#4448,.T.);
#6023=ORIENTED_EDGE('',*,*,#4458,.F.);
#6024=ORIENTED_EDGE('',*,*,#4457,.T.);
#6025=ORIENTED_EDGE('',*,*,#4459,.F.);
#6026=ORIENTED_EDGE('',*,*,#4460,.T.);
#6027=ORIENTED_EDGE('',*,*,#4449,.T.);
#6028=ORIENTED_EDGE('',*,*,#4460,.F.);
#6029=ORIENTED_EDGE('',*,*,#4459,.T.);
#6030=ORIENTED_EDGE('',*,*,#4461,.F.);
#6031=ORIENTED_EDGE('',*,*,#4462,.T.);
#6032=ORIENTED_EDGE('',*,*,#4450,.T.);
#6033=ORIENTED_EDGE('',*,*,#4462,.F.);
#6034=ORIENTED_EDGE('',*,*,#4461,.T.);
#6035=ORIENTED_EDGE('',*,*,#4463,.F.);
#6036=ORIENTED_EDGE('',*,*,#4464,.T.);
#6037=ORIENTED_EDGE('',*,*,#4451,.T.);
#6038=ORIENTED_EDGE('',*,*,#4464,.F.);
#6039=ORIENTED_EDGE('',*,*,#4463,.T.);
#6040=ORIENTED_EDGE('',*,*,#4426,.T.);
#6041=ORIENTED_EDGE('',*,*,#4465,.T.);
#6042=ORIENTED_EDGE('',*,*,#4466,.F.);
#6043=ORIENTED_EDGE('',*,*,#4467,.F.);
#6044=ORIENTED_EDGE('',*,*,#4427,.T.);
#6045=ORIENTED_EDGE('',*,*,#4467,.T.);
#6046=ORIENTED_EDGE('',*,*,#4468,.F.);
#6047=ORIENTED_EDGE('',*,*,#4469,.F.);
#6048=ORIENTED_EDGE('',*,*,#4419,.T.);
#6049=ORIENTED_EDGE('',*,*,#4420,.T.);
#6050=ORIENTED_EDGE('',*,*,#4469,.T.);
#6051=ORIENTED_EDGE('',*,*,#4470,.F.);
#6052=ORIENTED_EDGE('',*,*,#4471,.F.);
#6053=ORIENTED_EDGE('',*,*,#4446,.T.);
#6054=ORIENTED_EDGE('',*,*,#4421,.T.);
#6055=ORIENTED_EDGE('',*,*,#4471,.T.);
#6056=ORIENTED_EDGE('',*,*,#4472,.F.);
#6057=ORIENTED_EDGE('',*,*,#4465,.F.);
#6058=ORIENTED_EDGE('',*,*,#4468,.T.);
#6059=ORIENTED_EDGE('',*,*,#4466,.T.);
#6060=ORIENTED_EDGE('',*,*,#4472,.T.);
#6061=ORIENTED_EDGE('',*,*,#4470,.T.);
#6062=ORIENTED_EDGE('',*,*,#4424,.T.);
#6063=ORIENTED_EDGE('',*,*,#4473,.T.);
#6064=ORIENTED_EDGE('',*,*,#4474,.T.);
#6065=ORIENTED_EDGE('',*,*,#4475,.T.);
#6066=ORIENTED_EDGE('',*,*,#4476,.T.);
#6067=ORIENTED_EDGE('',*,*,#4477,.T.);
#6068=ORIENTED_EDGE('',*,*,#4478,.T.);
#6069=ORIENTED_EDGE('',*,*,#4479,.T.);
#6070=ORIENTED_EDGE('',*,*,#4441,.T.);
#6071=ORIENTED_EDGE('',*,*,#4425,.T.);
#6072=ORIENTED_EDGE('',*,*,#4475,.F.);
#6073=ORIENTED_EDGE('',*,*,#4480,.F.);
#6074=ORIENTED_EDGE('',*,*,#4442,.T.);
#6075=ORIENTED_EDGE('',*,*,#4480,.T.);
#6076=ORIENTED_EDGE('',*,*,#4474,.F.);
#6077=ORIENTED_EDGE('',*,*,#4481,.F.);
#6078=ORIENTED_EDGE('',*,*,#4411,.T.);
#6079=ORIENTED_EDGE('',*,*,#4412,.T.);
#6080=ORIENTED_EDGE('',*,*,#4481,.T.);
#6081=ORIENTED_EDGE('',*,*,#4473,.F.);
#6082=ORIENTED_EDGE('',*,*,#4423,.F.);
#6083=ORIENTED_EDGE('',*,*,#4433,.T.);
#6084=ORIENTED_EDGE('',*,*,#4482,.T.);
#6085=ORIENTED_EDGE('',*,*,#4476,.F.);
#6086=ORIENTED_EDGE('',*,*,#4483,.F.);
#6087=ORIENTED_EDGE('',*,*,#4434,.T.);
#6088=ORIENTED_EDGE('',*,*,#4483,.T.);
#6089=ORIENTED_EDGE('',*,*,#4479,.F.);
#6090=ORIENTED_EDGE('',*,*,#4484,.F.);
#6091=ORIENTED_EDGE('',*,*,#4415,.T.);
#6092=ORIENTED_EDGE('',*,*,#4416,.T.);
#6093=ORIENTED_EDGE('',*,*,#4484,.T.);
#6094=ORIENTED_EDGE('',*,*,#4478,.F.);
#6095=ORIENTED_EDGE('',*,*,#4485,.F.);
#6096=ORIENTED_EDGE('',*,*,#4432,.T.);
#6097=ORIENTED_EDGE('',*,*,#4417,.T.);
#6098=ORIENTED_EDGE('',*,*,#4485,.T.);
#6099=ORIENTED_EDGE('',*,*,#4477,.F.);
#6100=ORIENTED_EDGE('',*,*,#4482,.F.);
#6101=ORIENTED_EDGE('',*,*,#4418,.F.);
#6102=ORIENTED_EDGE('',*,*,#4445,.F.);
#6103=ORIENTED_EDGE('',*,*,#4486,.F.);
#6104=ORIENTED_EDGE('',*,*,#4487,.F.);
#6105=ORIENTED_EDGE('',*,*,#4407,.T.);
#6106=ORIENTED_EDGE('',*,*,#4488,.T.);
#6107=ORIENTED_EDGE('',*,*,#4489,.T.);
#6108=ORIENTED_EDGE('',*,*,#4490,.T.);
#6109=ORIENTED_EDGE('',*,*,#4491,.F.);
#6110=ORIENTED_EDGE('',*,*,#4492,.T.);
#6111=ORIENTED_EDGE('',*,*,#4493,.F.);
#6112=ORIENTED_EDGE('',*,*,#4428,.F.);
#6113=ORIENTED_EDGE('',*,*,#4429,.T.);
#6114=ORIENTED_EDGE('',*,*,#4493,.T.);
#6115=ORIENTED_EDGE('',*,*,#4494,.T.);
#6116=ORIENTED_EDGE('',*,*,#4495,.T.);
#6117=ORIENTED_EDGE('',*,*,#4496,.F.);
#6118=ORIENTED_EDGE('',*,*,#4430,.T.);
#6119=ORIENTED_EDGE('',*,*,#4495,.F.);
#6120=ORIENTED_EDGE('',*,*,#4497,.F.);
#6121=ORIENTED_EDGE('',*,*,#4414,.F.);
#6122=ORIENTED_EDGE('',*,*,#4431,.T.);
#6123=ORIENTED_EDGE('',*,*,#4496,.T.);
#6124=ORIENTED_EDGE('',*,*,#4498,.F.);
#6125=ORIENTED_EDGE('',*,*,#4491,.T.);
#6126=ORIENTED_EDGE('',*,*,#4499,.T.);
#6127=ORIENTED_EDGE('',*,*,#4500,.F.);
#6128=ORIENTED_EDGE('',*,*,#4501,.T.);
#6129=ORIENTED_EDGE('',*,*,#4502,.T.);
#6130=ORIENTED_EDGE('',*,*,#4435,.T.);
#6131=ORIENTED_EDGE('',*,*,#4436,.F.);
#6132=ORIENTED_EDGE('',*,*,#4502,.F.);
#6133=ORIENTED_EDGE('',*,*,#4503,.T.);
#6134=ORIENTED_EDGE('',*,*,#4504,.T.);
#6135=ORIENTED_EDGE('',*,*,#4505,.T.);
#6136=ORIENTED_EDGE('',*,*,#4506,.T.);
#6137=ORIENTED_EDGE('',*,*,#4507,.T.);
#6138=ORIENTED_EDGE('',*,*,#4403,.F.);
#6139=ORIENTED_EDGE('',*,*,#4440,.F.);
#6140=ORIENTED_EDGE('',*,*,#4508,.T.);
#6141=ORIENTED_EDGE('',*,*,#4509,.T.);
#6142=ORIENTED_EDGE('',*,*,#4437,.F.);
#6143=ORIENTED_EDGE('',*,*,#4505,.F.);
#6144=ORIENTED_EDGE('',*,*,#4510,.T.);
#6145=ORIENTED_EDGE('',*,*,#4511,.F.);
#6146=ORIENTED_EDGE('',*,*,#4509,.F.);
#6147=ORIENTED_EDGE('',*,*,#4512,.T.);
#6148=ORIENTED_EDGE('',*,*,#4513,.T.);
#6149=ORIENTED_EDGE('',*,*,#4514,.F.);
#6150=ORIENTED_EDGE('',*,*,#4405,.F.);
#6151=ORIENTED_EDGE('',*,*,#4515,.T.);
#6152=ORIENTED_EDGE('',*,*,#4516,.T.);
#6153=ORIENTED_EDGE('',*,*,#4517,.T.);
#6154=ORIENTED_EDGE('',*,*,#4518,.T.);
#6155=ORIENTED_EDGE('',*,*,#4500,.T.);
#6156=ORIENTED_EDGE('',*,*,#4519,.T.);
#6157=ORIENTED_EDGE('',*,*,#4520,.T.);
#6158=ORIENTED_EDGE('',*,*,#4521,.T.);
#6159=ORIENTED_EDGE('',*,*,#4522,.F.);
#6160=ORIENTED_EDGE('',*,*,#4523,.F.);
#6161=ORIENTED_EDGE('',*,*,#4524,.T.);
#6162=ORIENTED_EDGE('',*,*,#4525,.T.);
#6163=ORIENTED_EDGE('',*,*,#4526,.T.);
#6164=ORIENTED_EDGE('',*,*,#4438,.T.);
#6165=ORIENTED_EDGE('',*,*,#4514,.T.);
#6166=ORIENTED_EDGE('',*,*,#4527,.T.);
#6167=ORIENTED_EDGE('',*,*,#4528,.T.);
#6168=ORIENTED_EDGE('',*,*,#4529,.T.);
#6169=ORIENTED_EDGE('',*,*,#4518,.F.);
#6170=ORIENTED_EDGE('',*,*,#4530,.F.);
#6171=ORIENTED_EDGE('',*,*,#4531,.T.);
#6172=ORIENTED_EDGE('',*,*,#4529,.F.);
#6173=ORIENTED_EDGE('',*,*,#4532,.F.);
#6174=ORIENTED_EDGE('',*,*,#4533,.T.);
#6175=ORIENTED_EDGE('',*,*,#4488,.F.);
#6176=ORIENTED_EDGE('',*,*,#4406,.F.);
#6177=ORIENTED_EDGE('',*,*,#4523,.T.);
#6178=ORIENTED_EDGE('',*,*,#4534,.F.);
#6179=ORIENTED_EDGE('',*,*,#4535,.T.);
#6180=ORIENTED_EDGE('',*,*,#4536,.F.);
#6181=ORIENTED_EDGE('',*,*,#4489,.F.);
#6182=ORIENTED_EDGE('',*,*,#4533,.F.);
#6183=ORIENTED_EDGE('',*,*,#4537,.T.);
#6184=ORIENTED_EDGE('',*,*,#4538,.T.);
#6185=ORIENTED_EDGE('',*,*,#4538,.F.);
#6186=ORIENTED_EDGE('',*,*,#4539,.T.);
#6187=ORIENTED_EDGE('',*,*,#4540,.T.);
#6188=ORIENTED_EDGE('',*,*,#4524,.F.);
#6189=ORIENTED_EDGE('',*,*,#4541,.T.);
#6190=ORIENTED_EDGE('',*,*,#4542,.T.);
#6191=ORIENTED_EDGE('',*,*,#4525,.F.);
#6192=ORIENTED_EDGE('',*,*,#4540,.F.);
#6193=ORIENTED_EDGE('',*,*,#4511,.T.);
#6194=ORIENTED_EDGE('',*,*,#4543,.F.);
#6195=ORIENTED_EDGE('',*,*,#4544,.T.);
#6196=ORIENTED_EDGE('',*,*,#4545,.F.);
#6197=ORIENTED_EDGE('',*,*,#4546,.F.);
#6198=ORIENTED_EDGE('',*,*,#4547,.F.);
#6199=ORIENTED_EDGE('',*,*,#4548,.T.);
#6200=ORIENTED_EDGE('',*,*,#4535,.F.);
#6201=ORIENTED_EDGE('',*,*,#4549,.F.);
#6202=ORIENTED_EDGE('',*,*,#4541,.F.);
#6203=ORIENTED_EDGE('',*,*,#4539,.F.);
#6204=ORIENTED_EDGE('',*,*,#4537,.F.);
#6205=ORIENTED_EDGE('',*,*,#4532,.T.);
#6206=ORIENTED_EDGE('',*,*,#4531,.F.);
#6207=ORIENTED_EDGE('',*,*,#4550,.F.);
#6208=ORIENTED_EDGE('',*,*,#4551,.F.);
#6209=ORIENTED_EDGE('',*,*,#4552,.T.);
#6210=ORIENTED_EDGE('',*,*,#4553,.F.);
#6211=ORIENTED_EDGE('',*,*,#4554,.T.);
#6212=ORIENTED_EDGE('',*,*,#4555,.F.);
#6213=ORIENTED_EDGE('',*,*,#4556,.F.);
#6214=ORIENTED_EDGE('',*,*,#4512,.F.);
#6215=ORIENTED_EDGE('',*,*,#4557,.F.);
#6216=ORIENTED_EDGE('',*,*,#4558,.T.);
#6217=ORIENTED_EDGE('',*,*,#4559,.F.);
#6218=ORIENTED_EDGE('',*,*,#4560,.T.);
#6219=ORIENTED_EDGE('',*,*,#4561,.F.);
#6220=ORIENTED_EDGE('',*,*,#4562,.F.);
#6221=ORIENTED_EDGE('',*,*,#4563,.F.);
#6222=ORIENTED_EDGE('',*,*,#4564,.F.);
#6223=ORIENTED_EDGE('',*,*,#4565,.F.);
#6224=ORIENTED_EDGE('',*,*,#4566,.T.);
#6225=ORIENTED_EDGE('',*,*,#4567,.F.);
#6226=ORIENTED_EDGE('',*,*,#4568,.T.);
#6227=ORIENTED_EDGE('',*,*,#4569,.T.);
#6228=ORIENTED_EDGE('',*,*,#4570,.F.);
#6229=ORIENTED_EDGE('',*,*,#4571,.F.);
#6230=ORIENTED_EDGE('',*,*,#4557,.T.);
#6231=ORIENTED_EDGE('',*,*,#4572,.T.);
#6232=ORIENTED_EDGE('',*,*,#4573,.F.);
#6233=ORIENTED_EDGE('',*,*,#4569,.F.);
#6234=ORIENTED_EDGE('',*,*,#4568,.F.);
#6235=ORIENTED_EDGE('',*,*,#4574,.T.);
#6236=ORIENTED_EDGE('',*,*,#4575,.F.);
#6237=ORIENTED_EDGE('',*,*,#4572,.F.);
#6238=ORIENTED_EDGE('',*,*,#4567,.T.);
#6239=ORIENTED_EDGE('',*,*,#4576,.T.);
#6240=ORIENTED_EDGE('',*,*,#4577,.F.);
#6241=ORIENTED_EDGE('',*,*,#4574,.F.);
#6242=ORIENTED_EDGE('',*,*,#4566,.F.);
#6243=ORIENTED_EDGE('',*,*,#4576,.F.);
#6244=ORIENTED_EDGE('',*,*,#4565,.T.);
#6245=ORIENTED_EDGE('',*,*,#4578,.T.);
#6246=ORIENTED_EDGE('',*,*,#4579,.F.);
#6247=ORIENTED_EDGE('',*,*,#4577,.T.);
#6248=ORIENTED_EDGE('',*,*,#4579,.T.);
#6249=ORIENTED_EDGE('',*,*,#4580,.T.);
#6250=ORIENTED_EDGE('',*,*,#4581,.T.);
#6251=ORIENTED_EDGE('',*,*,#4582,.T.);
#6252=ORIENTED_EDGE('',*,*,#4583,.T.);
#6253=ORIENTED_EDGE('',*,*,#4584,.T.);
#6254=ORIENTED_EDGE('',*,*,#4585,.T.);
#6255=ORIENTED_EDGE('',*,*,#4586,.T.);
#6256=ORIENTED_EDGE('',*,*,#4570,.T.);
#6257=ORIENTED_EDGE('',*,*,#4573,.T.);
#6258=ORIENTED_EDGE('',*,*,#4575,.T.);
#6259=ORIENTED_EDGE('',*,*,#4571,.T.);
#6260=ORIENTED_EDGE('',*,*,#4586,.F.);
#6261=ORIENTED_EDGE('',*,*,#4587,.F.);
#6262=ORIENTED_EDGE('',*,*,#4558,.F.);
#6263=ORIENTED_EDGE('',*,*,#4588,.F.);
#6264=ORIENTED_EDGE('',*,*,#4559,.T.);
#6265=ORIENTED_EDGE('',*,*,#4587,.T.);
#6266=ORIENTED_EDGE('',*,*,#4585,.F.);
#6267=ORIENTED_EDGE('',*,*,#4588,.T.);
#6268=ORIENTED_EDGE('',*,*,#4584,.F.);
#6269=ORIENTED_EDGE('',*,*,#4589,.F.);
#6270=ORIENTED_EDGE('',*,*,#4560,.F.);
#6271=ORIENTED_EDGE('',*,*,#4589,.T.);
#6272=ORIENTED_EDGE('',*,*,#4583,.F.);
#6273=ORIENTED_EDGE('',*,*,#4590,.F.);
#6274=ORIENTED_EDGE('',*,*,#4561,.T.);
#6275=ORIENTED_EDGE('',*,*,#4562,.T.);
#6276=ORIENTED_EDGE('',*,*,#4590,.T.);
#6277=ORIENTED_EDGE('',*,*,#4582,.F.);
#6278=ORIENTED_EDGE('',*,*,#4591,.F.);
#6279=ORIENTED_EDGE('',*,*,#4563,.T.);
#6280=ORIENTED_EDGE('',*,*,#4591,.T.);
#6281=ORIENTED_EDGE('',*,*,#4581,.F.);
#6282=ORIENTED_EDGE('',*,*,#4592,.F.);
#6283=ORIENTED_EDGE('',*,*,#4564,.T.);
#6284=ORIENTED_EDGE('',*,*,#4592,.T.);
#6285=ORIENTED_EDGE('',*,*,#4580,.F.);
#6286=ORIENTED_EDGE('',*,*,#4578,.F.);
#6287=ORIENTED_EDGE('',*,*,#4556,.T.);
#6288=ORIENTED_EDGE('',*,*,#4593,.T.);
#6289=ORIENTED_EDGE('',*,*,#4527,.F.);
#6290=ORIENTED_EDGE('',*,*,#4513,.F.);
#6291=ORIENTED_EDGE('',*,*,#4594,.T.);
#6292=ORIENTED_EDGE('',*,*,#4528,.F.);
#6293=ORIENTED_EDGE('',*,*,#4593,.F.);
#6294=ORIENTED_EDGE('',*,*,#4555,.T.);
#6295=ORIENTED_EDGE('',*,*,#4594,.F.);
#6296=ORIENTED_EDGE('',*,*,#4554,.F.);
#6297=ORIENTED_EDGE('',*,*,#4595,.T.);
#6298=ORIENTED_EDGE('',*,*,#4508,.F.);
#6299=ORIENTED_EDGE('',*,*,#4439,.F.);
#6300=ORIENTED_EDGE('',*,*,#4595,.F.);
#6301=ORIENTED_EDGE('',*,*,#4553,.T.);
#6302=ORIENTED_EDGE('',*,*,#4596,.F.);
#6303=ORIENTED_EDGE('',*,*,#4506,.F.);
#6304=ORIENTED_EDGE('',*,*,#4515,.F.);
#6305=ORIENTED_EDGE('',*,*,#4404,.F.);
#6306=ORIENTED_EDGE('',*,*,#4507,.F.);
#6307=ORIENTED_EDGE('',*,*,#4596,.T.);
#6308=ORIENTED_EDGE('',*,*,#4552,.F.);
#6309=ORIENTED_EDGE('',*,*,#4597,.F.);
#6310=ORIENTED_EDGE('',*,*,#4597,.T.);
#6311=ORIENTED_EDGE('',*,*,#4551,.T.);
#6312=ORIENTED_EDGE('',*,*,#4598,.T.);
#6313=ORIENTED_EDGE('',*,*,#4516,.F.);
#6314=ORIENTED_EDGE('',*,*,#4550,.T.);
#6315=ORIENTED_EDGE('',*,*,#4530,.T.);
#6316=ORIENTED_EDGE('',*,*,#4517,.F.);
#6317=ORIENTED_EDGE('',*,*,#4598,.F.);
#6318=ORIENTED_EDGE('',*,*,#4534,.T.);
#6319=ORIENTED_EDGE('',*,*,#4526,.F.);
#6320=ORIENTED_EDGE('',*,*,#4542,.F.);
#6321=ORIENTED_EDGE('',*,*,#4549,.T.);
#6322=ORIENTED_EDGE('',*,*,#4599,.T.);
#6323=ORIENTED_EDGE('',*,*,#4499,.F.);
#6324=ORIENTED_EDGE('',*,*,#4490,.F.);
#6325=ORIENTED_EDGE('',*,*,#4536,.T.);
#6326=ORIENTED_EDGE('',*,*,#4548,.F.);
#6327=ORIENTED_EDGE('',*,*,#4599,.F.);
#6328=ORIENTED_EDGE('',*,*,#4547,.T.);
#6329=ORIENTED_EDGE('',*,*,#4600,.T.);
#6330=ORIENTED_EDGE('',*,*,#4519,.F.);
#6331=ORIENTED_EDGE('',*,*,#4546,.T.);
#6332=ORIENTED_EDGE('',*,*,#4601,.T.);
#6333=ORIENTED_EDGE('',*,*,#4520,.F.);
#6334=ORIENTED_EDGE('',*,*,#4600,.F.);
#6335=ORIENTED_EDGE('',*,*,#4602,.T.);
#6336=ORIENTED_EDGE('',*,*,#4521,.F.);
#6337=ORIENTED_EDGE('',*,*,#4601,.F.);
#6338=ORIENTED_EDGE('',*,*,#4545,.T.);
#6339=ORIENTED_EDGE('',*,*,#4522,.T.);
#6340=ORIENTED_EDGE('',*,*,#4602,.F.);
#6341=ORIENTED_EDGE('',*,*,#4544,.F.);
#6342=ORIENTED_EDGE('',*,*,#4603,.T.);
#6343=ORIENTED_EDGE('',*,*,#4503,.F.);
#6344=ORIENTED_EDGE('',*,*,#4501,.F.);
#6345=ORIENTED_EDGE('',*,*,#4603,.F.);
#6346=ORIENTED_EDGE('',*,*,#4543,.T.);
#6347=ORIENTED_EDGE('',*,*,#4510,.F.);
#6348=ORIENTED_EDGE('',*,*,#4504,.F.);
#6349=ORIENTED_EDGE('',*,*,#4498,.T.);
#6350=ORIENTED_EDGE('',*,*,#4497,.T.);
#6351=ORIENTED_EDGE('',*,*,#4494,.F.);
#6352=ORIENTED_EDGE('',*,*,#4492,.F.);
#6353=ORIENTED_EDGE('',*,*,#4408,.F.);
#6354=ORIENTED_EDGE('',*,*,#4487,.T.);
#6355=ORIENTED_EDGE('',*,*,#4604,.F.);
#6356=ORIENTED_EDGE('',*,*,#4605,.F.);
#6357=ORIENTED_EDGE('',*,*,#4409,.T.);
#6358=ORIENTED_EDGE('',*,*,#4605,.T.);
#6359=ORIENTED_EDGE('',*,*,#4606,.F.);
#6360=ORIENTED_EDGE('',*,*,#4443,.F.);
#6361=ORIENTED_EDGE('',*,*,#4444,.T.);
#6362=ORIENTED_EDGE('',*,*,#4606,.T.);
#6363=ORIENTED_EDGE('',*,*,#4604,.T.);
#6364=ORIENTED_EDGE('',*,*,#4486,.T.);
#6365=ORIENTED_EDGE('',*,*,#4607,.F.);
#6366=ORIENTED_EDGE('',*,*,#4608,.F.);
#6367=ORIENTED_EDGE('',*,*,#4609,.F.);
#6368=ORIENTED_EDGE('',*,*,#4610,.F.);
#6369=ORIENTED_EDGE('',*,*,#4611,.T.);
#6370=ORIENTED_EDGE('',*,*,#4607,.T.);
#6371=ORIENTED_EDGE('',*,*,#4611,.F.);
#6372=ORIENTED_EDGE('',*,*,#4610,.T.);
#6373=ORIENTED_EDGE('',*,*,#4612,.F.);
#6374=ORIENTED_EDGE('',*,*,#4613,.T.);
#6375=ORIENTED_EDGE('',*,*,#4608,.T.);
#6376=ORIENTED_EDGE('',*,*,#4613,.F.);
#6377=ORIENTED_EDGE('',*,*,#4612,.T.);
#6378=ORIENTED_EDGE('',*,*,#4614,.T.);
#6379=ORIENTED_EDGE('',*,*,#4614,.F.);
#6380=ORIENTED_EDGE('',*,*,#4615,.T.);
#6381=ORIENTED_EDGE('',*,*,#4609,.T.);
#6382=ORIENTED_EDGE('',*,*,#4615,.F.);
#6383=ORIENTED_EDGE('',*,*,#4616,.F.);
#6384=ORIENTED_EDGE('',*,*,#4617,.T.);
#6385=ORIENTED_EDGE('',*,*,#4618,.T.);
#6386=ORIENTED_EDGE('',*,*,#4619,.F.);
#6387=ORIENTED_EDGE('',*,*,#4620,.F.);
#6388=ORIENTED_EDGE('',*,*,#4621,.F.);
#6389=ORIENTED_EDGE('',*,*,#4622,.F.);
#6390=ORIENTED_EDGE('',*,*,#4616,.T.);
#6391=ORIENTED_EDGE('',*,*,#4623,.T.);
#6392=ORIENTED_EDGE('',*,*,#4624,.F.);
#6393=ORIENTED_EDGE('',*,*,#4625,.F.);
#6394=ORIENTED_EDGE('',*,*,#4625,.T.);
#6395=ORIENTED_EDGE('',*,*,#4626,.T.);
#6396=ORIENTED_EDGE('',*,*,#4627,.F.);
#6397=ORIENTED_EDGE('',*,*,#4628,.T.);
#6398=ORIENTED_EDGE('',*,*,#4627,.T.);
#6399=ORIENTED_EDGE('',*,*,#4629,.F.);
#6400=ORIENTED_EDGE('',*,*,#4630,.F.);
#6401=ORIENTED_EDGE('',*,*,#4628,.F.);
#6402=ORIENTED_EDGE('',*,*,#4631,.T.);
#6403=ORIENTED_EDGE('',*,*,#4632,.T.);
#6404=ORIENTED_EDGE('',*,*,#4617,.F.);
#6405=ORIENTED_EDGE('',*,*,#4632,.F.);
#6406=ORIENTED_EDGE('',*,*,#4633,.T.);
#6407=ORIENTED_EDGE('',*,*,#4634,.T.);
#6408=ORIENTED_EDGE('',*,*,#4635,.F.);
#6409=ORIENTED_EDGE('',*,*,#4635,.T.);
#6410=ORIENTED_EDGE('',*,*,#4636,.T.);
#6411=ORIENTED_EDGE('',*,*,#4637,.F.);
#6412=ORIENTED_EDGE('',*,*,#4618,.F.);
#6413=ORIENTED_EDGE('',*,*,#4637,.T.);
#6414=ORIENTED_EDGE('',*,*,#4638,.T.);
#6415=ORIENTED_EDGE('',*,*,#4639,.F.);
#6416=ORIENTED_EDGE('',*,*,#4619,.T.);
#6417=ORIENTED_EDGE('',*,*,#4639,.T.);
#6418=ORIENTED_EDGE('',*,*,#4640,.F.);
#6419=ORIENTED_EDGE('',*,*,#4623,.F.);
#6420=ORIENTED_EDGE('',*,*,#4624,.T.);
#6421=ORIENTED_EDGE('',*,*,#4640,.T.);
#6422=ORIENTED_EDGE('',*,*,#4638,.F.);
#6423=ORIENTED_EDGE('',*,*,#4641,.F.);
#6424=ORIENTED_EDGE('',*,*,#4642,.T.);
#6425=ORIENTED_EDGE('',*,*,#4643,.T.);
#6426=ORIENTED_EDGE('',*,*,#4644,.T.);
#6427=ORIENTED_EDGE('',*,*,#4641,.T.);
#6428=ORIENTED_EDGE('',*,*,#4636,.F.);
#6429=ORIENTED_EDGE('',*,*,#4645,.F.);
#6430=ORIENTED_EDGE('',*,*,#4626,.F.);
#6431=ORIENTED_EDGE('',*,*,#4629,.T.);
#6432=ORIENTED_EDGE('',*,*,#4645,.T.);
#6433=ORIENTED_EDGE('',*,*,#4634,.F.);
#6434=ORIENTED_EDGE('',*,*,#4646,.F.);
#6435=ORIENTED_EDGE('',*,*,#4646,.T.);
#6436=ORIENTED_EDGE('',*,*,#4647,.F.);
#6437=ORIENTED_EDGE('',*,*,#4648,.F.);
#6438=ORIENTED_EDGE('',*,*,#4649,.F.);
#6439=ORIENTED_EDGE('',*,*,#4630,.T.);
#6440=ORIENTED_EDGE('',*,*,#4649,.T.);
#6441=ORIENTED_EDGE('',*,*,#4650,.F.);
#6442=ORIENTED_EDGE('',*,*,#4651,.T.);
#6443=ORIENTED_EDGE('',*,*,#4650,.T.);
#6444=ORIENTED_EDGE('',*,*,#4652,.F.);
#6445=ORIENTED_EDGE('',*,*,#4653,.F.);
#6446=ORIENTED_EDGE('',*,*,#4651,.F.);
#6447=ORIENTED_EDGE('',*,*,#4654,.T.);
#6448=ORIENTED_EDGE('',*,*,#4655,.T.);
#6449=ORIENTED_EDGE('',*,*,#4631,.F.);
#6450=ORIENTED_EDGE('',*,*,#4656,.T.);
#6451=ORIENTED_EDGE('',*,*,#4657,.T.);
#6452=ORIENTED_EDGE('',*,*,#4658,.T.);
#6453=ORIENTED_EDGE('',*,*,#4655,.F.);
#6454=ORIENTED_EDGE('',*,*,#4659,.T.);
#6455=ORIENTED_EDGE('',*,*,#4660,.T.);
#6456=ORIENTED_EDGE('',*,*,#4661,.F.);
#6457=ORIENTED_EDGE('',*,*,#4661,.T.);
#6458=ORIENTED_EDGE('',*,*,#4647,.T.);
#6459=ORIENTED_EDGE('',*,*,#4633,.F.);
#6460=ORIENTED_EDGE('',*,*,#4652,.T.);
#6461=ORIENTED_EDGE('',*,*,#4648,.T.);
#6462=ORIENTED_EDGE('',*,*,#4660,.F.);
#6463=ORIENTED_EDGE('',*,*,#4662,.F.);
#6464=ORIENTED_EDGE('',*,*,#4663,.F.);
#6465=ORIENTED_EDGE('',*,*,#4664,.F.);
#6466=ORIENTED_EDGE('',*,*,#4665,.F.);
#6467=ORIENTED_EDGE('',*,*,#4654,.F.);
#6468=ORIENTED_EDGE('',*,*,#4653,.T.);
#6469=ORIENTED_EDGE('',*,*,#4662,.T.);
#6470=ORIENTED_EDGE('',*,*,#4659,.F.);
#6471=ORIENTED_EDGE('',*,*,#4656,.F.);
#6472=ORIENTED_EDGE('',*,*,#4666,.T.);
#6473=ORIENTED_EDGE('',*,*,#4663,.T.);
#6474=ORIENTED_EDGE('',*,*,#4666,.F.);
#6475=ORIENTED_EDGE('',*,*,#4642,.F.);
#6476=ORIENTED_EDGE('',*,*,#4667,.T.);
#6477=ORIENTED_EDGE('',*,*,#4620,.T.);
#6478=ORIENTED_EDGE('',*,*,#4667,.F.);
#6479=ORIENTED_EDGE('',*,*,#4668,.F.);
#6480=ORIENTED_EDGE('',*,*,#4669,.F.);
#6481=ORIENTED_EDGE('',*,*,#4670,.T.);
#6482=ORIENTED_EDGE('',*,*,#4664,.T.);
#6483=ORIENTED_EDGE('',*,*,#4670,.F.);
#6484=ORIENTED_EDGE('',*,*,#4668,.T.);
#6485=ORIENTED_EDGE('',*,*,#4669,.T.);
#6486=ORIENTED_EDGE('',*,*,#4671,.T.);
#6487=ORIENTED_EDGE('',*,*,#4657,.F.);
#6488=ORIENTED_EDGE('',*,*,#4671,.F.);
#6489=ORIENTED_EDGE('',*,*,#4621,.T.);
#6490=ORIENTED_EDGE('',*,*,#4672,.T.);
#6491=ORIENTED_EDGE('',*,*,#4673,.F.);
#6492=ORIENTED_EDGE('',*,*,#4672,.F.);
#6493=ORIENTED_EDGE('',*,*,#4673,.T.);
#6494=ORIENTED_EDGE('',*,*,#4674,.T.);
#6495=ORIENTED_EDGE('',*,*,#4643,.F.);
#6496=ORIENTED_EDGE('',*,*,#4674,.F.);
#6497=ORIENTED_EDGE('',*,*,#4675,.F.);
#6498=ORIENTED_EDGE('',*,*,#4676,.T.);
#6499=ORIENTED_EDGE('',*,*,#4665,.T.);
#6500=ORIENTED_EDGE('',*,*,#4676,.F.);
#6501=ORIENTED_EDGE('',*,*,#4658,.F.);
#6502=ORIENTED_EDGE('',*,*,#4677,.T.);
#6503=ORIENTED_EDGE('',*,*,#4675,.T.);
#6504=ORIENTED_EDGE('',*,*,#4677,.F.);
#6505=ORIENTED_EDGE('',*,*,#4678,.F.);
#6506=ORIENTED_EDGE('',*,*,#4679,.F.);
#6507=ORIENTED_EDGE('',*,*,#4680,.T.);
#6508=ORIENTED_EDGE('',*,*,#4622,.T.);
#6509=ORIENTED_EDGE('',*,*,#4680,.F.);
#6510=ORIENTED_EDGE('',*,*,#4678,.T.);
#6511=ORIENTED_EDGE('',*,*,#4679,.T.);
#6512=ORIENTED_EDGE('',*,*,#4681,.T.);
#6513=ORIENTED_EDGE('',*,*,#4644,.F.);
#6514=ORIENTED_EDGE('',*,*,#4681,.F.);
#6515=ORIENTED_EDGE('',*,*,#4682,.F.);
#6516=ORIENTED_EDGE('',*,*,#4683,.F.);
#6517=ORIENTED_EDGE('',*,*,#4684,.F.);
#6518=ORIENTED_EDGE('',*,*,#4685,.F.);
#6519=ORIENTED_EDGE('',*,*,#4686,.F.);
#6520=ORIENTED_EDGE('',*,*,#4687,.F.);
#6521=ORIENTED_EDGE('',*,*,#4688,.F.);
#6522=ORIENTED_EDGE('',*,*,#4689,.F.);
#6523=ORIENTED_EDGE('',*,*,#4690,.F.);
#6524=ORIENTED_EDGE('',*,*,#4691,.F.);
#6525=ORIENTED_EDGE('',*,*,#4692,.F.);
#6526=ORIENTED_EDGE('',*,*,#4693,.F.);
#6527=ORIENTED_EDGE('',*,*,#4694,.F.);
#6528=ORIENTED_EDGE('',*,*,#4695,.F.);
#6529=ORIENTED_EDGE('',*,*,#4696,.F.);
#6530=ORIENTED_EDGE('',*,*,#4697,.F.);
#6531=ORIENTED_EDGE('',*,*,#4698,.F.);
#6532=ORIENTED_EDGE('',*,*,#4699,.F.);
#6533=ORIENTED_EDGE('',*,*,#4700,.F.);
#6534=ORIENTED_EDGE('',*,*,#4701,.F.);
#6535=ORIENTED_EDGE('',*,*,#4702,.F.);
#6536=ORIENTED_EDGE('',*,*,#4703,.F.);
#6537=ORIENTED_EDGE('',*,*,#4704,.F.);
#6538=ORIENTED_EDGE('',*,*,#4705,.F.);
#6539=ORIENTED_EDGE('',*,*,#4706,.T.);
#6540=ORIENTED_EDGE('',*,*,#4707,.F.);
#6541=ORIENTED_EDGE('',*,*,#4708,.F.);
#6542=ORIENTED_EDGE('',*,*,#4709,.F.);
#6543=ORIENTED_EDGE('',*,*,#4710,.F.);
#6544=ORIENTED_EDGE('',*,*,#4711,.T.);
#6545=ORIENTED_EDGE('',*,*,#4712,.F.);
#6546=ORIENTED_EDGE('',*,*,#4713,.F.);
#6547=ORIENTED_EDGE('',*,*,#4714,.F.);
#6548=ORIENTED_EDGE('',*,*,#4715,.F.);
#6549=ORIENTED_EDGE('',*,*,#4716,.F.);
#6550=ORIENTED_EDGE('',*,*,#4717,.F.);
#6551=ORIENTED_EDGE('',*,*,#4718,.F.);
#6552=ORIENTED_EDGE('',*,*,#4719,.F.);
#6553=ORIENTED_EDGE('',*,*,#4720,.F.);
#6554=ORIENTED_EDGE('',*,*,#4721,.F.);
#6555=ORIENTED_EDGE('',*,*,#4722,.F.);
#6556=ORIENTED_EDGE('',*,*,#4723,.F.);
#6557=ORIENTED_EDGE('',*,*,#4724,.F.);
#6558=ORIENTED_EDGE('',*,*,#4725,.T.);
#6559=ORIENTED_EDGE('',*,*,#4726,.F.);
#6560=ORIENTED_EDGE('',*,*,#4727,.T.);
#6561=ORIENTED_EDGE('',*,*,#4728,.T.);
#6562=ORIENTED_EDGE('',*,*,#4729,.T.);
#6563=ORIENTED_EDGE('',*,*,#4730,.T.);
#6564=ORIENTED_EDGE('',*,*,#4731,.F.);
#6565=ORIENTED_EDGE('',*,*,#4732,.T.);
#6566=ORIENTED_EDGE('',*,*,#4726,.T.);
#6567=ORIENTED_EDGE('',*,*,#4732,.F.);
#6568=ORIENTED_EDGE('',*,*,#4733,.T.);
#6569=ORIENTED_EDGE('',*,*,#4734,.T.);
#6570=ORIENTED_EDGE('',*,*,#4735,.T.);
#6571=ORIENTED_EDGE('',*,*,#4736,.T.);
#6572=ORIENTED_EDGE('',*,*,#4731,.T.);
#6573=ORIENTED_EDGE('',*,*,#4737,.T.);
#6574=ORIENTED_EDGE('',*,*,#4738,.T.);
#6575=ORIENTED_EDGE('',*,*,#4739,.T.);
#6576=ORIENTED_EDGE('',*,*,#4740,.T.);
#6577=ORIENTED_EDGE('',*,*,#4741,.T.);
#6578=ORIENTED_EDGE('',*,*,#4742,.T.);
#6579=ORIENTED_EDGE('',*,*,#4743,.T.);
#6580=ORIENTED_EDGE('',*,*,#4744,.T.);
#6581=ORIENTED_EDGE('',*,*,#4745,.T.);
#6582=ORIENTED_EDGE('',*,*,#4746,.T.);
#6583=ORIENTED_EDGE('',*,*,#4747,.T.);
#6584=ORIENTED_EDGE('',*,*,#4748,.T.);
#6585=ORIENTED_EDGE('',*,*,#4749,.T.);
#6586=ORIENTED_EDGE('',*,*,#4750,.T.);
#6587=ORIENTED_EDGE('',*,*,#4751,.T.);
#6588=ORIENTED_EDGE('',*,*,#4752,.T.);
#6589=ORIENTED_EDGE('',*,*,#4753,.T.);
#6590=ORIENTED_EDGE('',*,*,#4754,.T.);
#6591=ORIENTED_EDGE('',*,*,#4755,.T.);
#6592=ORIENTED_EDGE('',*,*,#4756,.T.);
#6593=ORIENTED_EDGE('',*,*,#4687,.T.);
#6594=ORIENTED_EDGE('',*,*,#4757,.T.);
#6595=ORIENTED_EDGE('',*,*,#4733,.F.);
#6596=ORIENTED_EDGE('',*,*,#4758,.F.);
#6597=ORIENTED_EDGE('',*,*,#4759,.T.);
#6598=ORIENTED_EDGE('',*,*,#4760,.T.);
#6599=ORIENTED_EDGE('',*,*,#4688,.T.);
#6600=ORIENTED_EDGE('',*,*,#4758,.T.);
#6601=ORIENTED_EDGE('',*,*,#4736,.F.);
#6602=ORIENTED_EDGE('',*,*,#4761,.F.);
#6603=ORIENTED_EDGE('',*,*,#4684,.T.);
#6604=ORIENTED_EDGE('',*,*,#4762,.F.);
#6605=ORIENTED_EDGE('',*,*,#4759,.F.);
#6606=ORIENTED_EDGE('',*,*,#4763,.T.);
#6607=ORIENTED_EDGE('',*,*,#4764,.T.);
#6608=ORIENTED_EDGE('',*,*,#4765,.T.);
#6609=ORIENTED_EDGE('',*,*,#4760,.F.);
#6610=ORIENTED_EDGE('',*,*,#4765,.F.);
#6611=ORIENTED_EDGE('',*,*,#4766,.F.);
#6612=ORIENTED_EDGE('',*,*,#4689,.T.);
#6613=ORIENTED_EDGE('',*,*,#4767,.T.);
#6614=ORIENTED_EDGE('',*,*,#4768,.F.);
#6615=ORIENTED_EDGE('',*,*,#4690,.T.);
#6616=ORIENTED_EDGE('',*,*,#4766,.T.);
#6617=ORIENTED_EDGE('',*,*,#4764,.F.);
#6618=ORIENTED_EDGE('',*,*,#4769,.F.);
#6619=ORIENTED_EDGE('',*,*,#4682,.T.);
#6620=ORIENTED_EDGE('',*,*,#4770,.T.);
#6621=ORIENTED_EDGE('',*,*,#4767,.F.);
#6622=ORIENTED_EDGE('',*,*,#4771,.T.);
#6623=ORIENTED_EDGE('',*,*,#4772,.T.);
#6624=ORIENTED_EDGE('',*,*,#4773,.T.);
#6625=ORIENTED_EDGE('',*,*,#4774,.T.);
#6626=ORIENTED_EDGE('',*,*,#4775,.T.);
#6627=ORIENTED_EDGE('',*,*,#4776,.T.);
#6628=ORIENTED_EDGE('',*,*,#4777,.T.);
#6629=ORIENTED_EDGE('',*,*,#4778,.T.);
#6630=ORIENTED_EDGE('',*,*,#4779,.T.);
#6631=ORIENTED_EDGE('',*,*,#4779,.F.);
#6632=ORIENTED_EDGE('',*,*,#4780,.F.);
#6633=ORIENTED_EDGE('',*,*,#4691,.T.);
#6634=ORIENTED_EDGE('',*,*,#4768,.T.);
#6635=ORIENTED_EDGE('',*,*,#4692,.T.);
#6636=ORIENTED_EDGE('',*,*,#4780,.T.);
#6637=ORIENTED_EDGE('',*,*,#4778,.F.);
#6638=ORIENTED_EDGE('',*,*,#4781,.F.);
#6639=ORIENTED_EDGE('',*,*,#4693,.T.);
#6640=ORIENTED_EDGE('',*,*,#4781,.T.);
#6641=ORIENTED_EDGE('',*,*,#4777,.F.);
#6642=ORIENTED_EDGE('',*,*,#4782,.F.);
#6643=ORIENTED_EDGE('',*,*,#4694,.T.);
#6644=ORIENTED_EDGE('',*,*,#4782,.T.);
#6645=ORIENTED_EDGE('',*,*,#4776,.F.);
#6646=ORIENTED_EDGE('',*,*,#4783,.F.);
#6647=ORIENTED_EDGE('',*,*,#4695,.T.);
#6648=ORIENTED_EDGE('',*,*,#4783,.T.);
#6649=ORIENTED_EDGE('',*,*,#4775,.F.);
#6650=ORIENTED_EDGE('',*,*,#4784,.F.);
#6651=ORIENTED_EDGE('',*,*,#4696,.T.);
#6652=ORIENTED_EDGE('',*,*,#4784,.T.);
#6653=ORIENTED_EDGE('',*,*,#4774,.F.);
#6654=ORIENTED_EDGE('',*,*,#4785,.F.);
#6655=ORIENTED_EDGE('',*,*,#4697,.T.);
#6656=ORIENTED_EDGE('',*,*,#4785,.T.);
#6657=ORIENTED_EDGE('',*,*,#4773,.F.);
#6658=ORIENTED_EDGE('',*,*,#4786,.F.);
#6659=ORIENTED_EDGE('',*,*,#4698,.T.);
#6660=ORIENTED_EDGE('',*,*,#4786,.T.);
#6661=ORIENTED_EDGE('',*,*,#4772,.F.);
#6662=ORIENTED_EDGE('',*,*,#4787,.F.);
#6663=ORIENTED_EDGE('',*,*,#4771,.F.);
#6664=ORIENTED_EDGE('',*,*,#4770,.F.);
#6665=ORIENTED_EDGE('',*,*,#4699,.T.);
#6666=ORIENTED_EDGE('',*,*,#4787,.T.);
#6667=ORIENTED_EDGE('',*,*,#4762,.T.);
#6668=ORIENTED_EDGE('',*,*,#4683,.T.);
#6669=ORIENTED_EDGE('',*,*,#4769,.T.);
#6670=ORIENTED_EDGE('',*,*,#4763,.F.);
#6671=ORIENTED_EDGE('',*,*,#4685,.T.);
#6672=ORIENTED_EDGE('',*,*,#4761,.T.);
#6673=ORIENTED_EDGE('',*,*,#4735,.F.);
#6674=ORIENTED_EDGE('',*,*,#4788,.F.);
#6675=ORIENTED_EDGE('',*,*,#4686,.T.);
#6676=ORIENTED_EDGE('',*,*,#4788,.T.);
#6677=ORIENTED_EDGE('',*,*,#4734,.F.);
#6678=ORIENTED_EDGE('',*,*,#4757,.F.);
#6679=ORIENTED_EDGE('',*,*,#4737,.F.);
#6680=ORIENTED_EDGE('',*,*,#4789,.T.);
#6681=ORIENTED_EDGE('',*,*,#4790,.T.);
#6682=ORIENTED_EDGE('',*,*,#4789,.F.);
#6683=ORIENTED_EDGE('',*,*,#4791,.T.);
#6684=ORIENTED_EDGE('',*,*,#4792,.T.);
#6685=ORIENTED_EDGE('',*,*,#4793,.T.);
#6686=ORIENTED_EDGE('',*,*,#4794,.T.);
#6687=ORIENTED_EDGE('',*,*,#4795,.T.);
#6688=ORIENTED_EDGE('',*,*,#4796,.T.);
#6689=ORIENTED_EDGE('',*,*,#4797,.T.);
#6690=ORIENTED_EDGE('',*,*,#4798,.T.);
#6691=ORIENTED_EDGE('',*,*,#4799,.T.);
#6692=ORIENTED_EDGE('',*,*,#4790,.F.);
#6693=ORIENTED_EDGE('',*,*,#4800,.T.);
#6694=ORIENTED_EDGE('',*,*,#4801,.F.);
#6695=ORIENTED_EDGE('',*,*,#4802,.F.);
#6696=ORIENTED_EDGE('',*,*,#4803,.F.);
#6697=ORIENTED_EDGE('',*,*,#4804,.F.);
#6698=ORIENTED_EDGE('',*,*,#4805,.F.);
#6699=ORIENTED_EDGE('',*,*,#4806,.F.);
#6700=ORIENTED_EDGE('',*,*,#4807,.F.);
#6701=ORIENTED_EDGE('',*,*,#4808,.F.);
#6702=ORIENTED_EDGE('',*,*,#4809,.F.);
#6703=ORIENTED_EDGE('',*,*,#4810,.F.);
#6704=ORIENTED_EDGE('',*,*,#4811,.F.);
#6705=ORIENTED_EDGE('',*,*,#4812,.F.);
#6706=ORIENTED_EDGE('',*,*,#4813,.F.);
#6707=ORIENTED_EDGE('',*,*,#4814,.F.);
#6708=ORIENTED_EDGE('',*,*,#4815,.F.);
#6709=ORIENTED_EDGE('',*,*,#4816,.F.);
#6710=ORIENTED_EDGE('',*,*,#4817,.F.);
#6711=ORIENTED_EDGE('',*,*,#4818,.F.);
#6712=ORIENTED_EDGE('',*,*,#4819,.F.);
#6713=ORIENTED_EDGE('',*,*,#4820,.F.);
#6714=ORIENTED_EDGE('',*,*,#4821,.T.);
#6715=ORIENTED_EDGE('',*,*,#4822,.T.);
#6716=ORIENTED_EDGE('',*,*,#4823,.T.);
#6717=ORIENTED_EDGE('',*,*,#4824,.T.);
#6718=ORIENTED_EDGE('',*,*,#4825,.T.);
#6719=ORIENTED_EDGE('',*,*,#4826,.T.);
#6720=ORIENTED_EDGE('',*,*,#4827,.T.);
#6721=ORIENTED_EDGE('',*,*,#4828,.T.);
#6722=ORIENTED_EDGE('',*,*,#4829,.T.);
#6723=ORIENTED_EDGE('',*,*,#4703,.T.);
#6724=ORIENTED_EDGE('',*,*,#4830,.T.);
#6725=ORIENTED_EDGE('',*,*,#4791,.F.);
#6726=ORIENTED_EDGE('',*,*,#4831,.F.);
#6727=ORIENTED_EDGE('',*,*,#4704,.T.);
#6728=ORIENTED_EDGE('',*,*,#4831,.T.);
#6729=ORIENTED_EDGE('',*,*,#4799,.F.);
#6730=ORIENTED_EDGE('',*,*,#4832,.F.);
#6731=ORIENTED_EDGE('',*,*,#4705,.T.);
#6732=ORIENTED_EDGE('',*,*,#4832,.T.);
#6733=ORIENTED_EDGE('',*,*,#4798,.F.);
#6734=ORIENTED_EDGE('',*,*,#4833,.F.);
#6735=ORIENTED_EDGE('',*,*,#4797,.F.);
#6736=ORIENTED_EDGE('',*,*,#4834,.F.);
#6737=ORIENTED_EDGE('',*,*,#4706,.F.);
#6738=ORIENTED_EDGE('',*,*,#4833,.T.);
#6739=ORIENTED_EDGE('',*,*,#4707,.T.);
#6740=ORIENTED_EDGE('',*,*,#4834,.T.);
#6741=ORIENTED_EDGE('',*,*,#4796,.F.);
#6742=ORIENTED_EDGE('',*,*,#4835,.F.);
#6743=ORIENTED_EDGE('',*,*,#4708,.T.);
#6744=ORIENTED_EDGE('',*,*,#4835,.T.);
#6745=ORIENTED_EDGE('',*,*,#4795,.F.);
#6746=ORIENTED_EDGE('',*,*,#4836,.F.);
#6747=ORIENTED_EDGE('',*,*,#4709,.T.);
#6748=ORIENTED_EDGE('',*,*,#4836,.T.);
#6749=ORIENTED_EDGE('',*,*,#4794,.F.);
#6750=ORIENTED_EDGE('',*,*,#4837,.F.);
#6751=ORIENTED_EDGE('',*,*,#4710,.T.);
#6752=ORIENTED_EDGE('',*,*,#4837,.T.);
#6753=ORIENTED_EDGE('',*,*,#4793,.F.);
#6754=ORIENTED_EDGE('',*,*,#4838,.F.);
#6755=ORIENTED_EDGE('',*,*,#4792,.F.);
#6756=ORIENTED_EDGE('',*,*,#4830,.F.);
#6757=ORIENTED_EDGE('',*,*,#4711,.F.);
#6758=ORIENTED_EDGE('',*,*,#4838,.T.);
#6759=ORIENTED_EDGE('',*,*,#4739,.F.);
#6760=ORIENTED_EDGE('',*,*,#4839,.T.);
#6761=ORIENTED_EDGE('',*,*,#4724,.T.);
#6762=ORIENTED_EDGE('',*,*,#4840,.F.);
#6763=ORIENTED_EDGE('',*,*,#4820,.T.);
#6764=ORIENTED_EDGE('',*,*,#4841,.T.);
#6765=ORIENTED_EDGE('',*,*,#4714,.T.);
#6766=ORIENTED_EDGE('',*,*,#4839,.F.);
#6767=ORIENTED_EDGE('',*,*,#4841,.F.);
#6768=ORIENTED_EDGE('',*,*,#4829,.F.);
#6769=ORIENTED_EDGE('',*,*,#4842,.F.);
#6770=ORIENTED_EDGE('',*,*,#4715,.T.);
#6771=ORIENTED_EDGE('',*,*,#4840,.T.);
#6772=ORIENTED_EDGE('',*,*,#4723,.T.);
#6773=ORIENTED_EDGE('',*,*,#4843,.T.);
#6774=ORIENTED_EDGE('',*,*,#4821,.F.);
#6775=ORIENTED_EDGE('',*,*,#4716,.T.);
#6776=ORIENTED_EDGE('',*,*,#4842,.T.);
#6777=ORIENTED_EDGE('',*,*,#4828,.F.);
#6778=ORIENTED_EDGE('',*,*,#4844,.F.);
#6779=ORIENTED_EDGE('',*,*,#4717,.T.);
#6780=ORIENTED_EDGE('',*,*,#4844,.T.);
#6781=ORIENTED_EDGE('',*,*,#4827,.F.);
#6782=ORIENTED_EDGE('',*,*,#4845,.F.);
#6783=ORIENTED_EDGE('',*,*,#4718,.T.);
#6784=ORIENTED_EDGE('',*,*,#4845,.T.);
#6785=ORIENTED_EDGE('',*,*,#4826,.F.);
#6786=ORIENTED_EDGE('',*,*,#4846,.F.);
#6787=ORIENTED_EDGE('',*,*,#4719,.T.);
#6788=ORIENTED_EDGE('',*,*,#4846,.T.);
#6789=ORIENTED_EDGE('',*,*,#4825,.F.);
#6790=ORIENTED_EDGE('',*,*,#4847,.F.);
#6791=ORIENTED_EDGE('',*,*,#4720,.T.);
#6792=ORIENTED_EDGE('',*,*,#4847,.T.);
#6793=ORIENTED_EDGE('',*,*,#4824,.F.);
#6794=ORIENTED_EDGE('',*,*,#4848,.F.);
#6795=ORIENTED_EDGE('',*,*,#4721,.T.);
#6796=ORIENTED_EDGE('',*,*,#4848,.T.);
#6797=ORIENTED_EDGE('',*,*,#4823,.F.);
#6798=ORIENTED_EDGE('',*,*,#4849,.F.);
#6799=ORIENTED_EDGE('',*,*,#4722,.T.);
#6800=ORIENTED_EDGE('',*,*,#4849,.T.);
#6801=ORIENTED_EDGE('',*,*,#4822,.F.);
#6802=ORIENTED_EDGE('',*,*,#4843,.F.);
#6803=ORIENTED_EDGE('',*,*,#4850,.F.);
#6804=ORIENTED_EDGE('',*,*,#4851,.F.);
#6805=ORIENTED_EDGE('',*,*,#4800,.F.);
#6806=ORIENTED_EDGE('',*,*,#4852,.T.);
#6807=ORIENTED_EDGE('',*,*,#4850,.T.);
#6808=ORIENTED_EDGE('',*,*,#4853,.T.);
#6809=ORIENTED_EDGE('',*,*,#4854,.T.);
#6810=ORIENTED_EDGE('',*,*,#4855,.T.);
#6811=ORIENTED_EDGE('',*,*,#4856,.T.);
#6812=ORIENTED_EDGE('',*,*,#4801,.T.);
#6813=ORIENTED_EDGE('',*,*,#4851,.T.);
#6814=ORIENTED_EDGE('',*,*,#4855,.F.);
#6815=ORIENTED_EDGE('',*,*,#4857,.F.);
#6816=ORIENTED_EDGE('',*,*,#4802,.T.);
#6817=ORIENTED_EDGE('',*,*,#4857,.T.);
#6818=ORIENTED_EDGE('',*,*,#4854,.F.);
#6819=ORIENTED_EDGE('',*,*,#4858,.F.);
#6820=ORIENTED_EDGE('',*,*,#4803,.T.);
#6821=ORIENTED_EDGE('',*,*,#4858,.T.);
#6822=ORIENTED_EDGE('',*,*,#4853,.F.);
#6823=ORIENTED_EDGE('',*,*,#4852,.F.);
#6824=ORIENTED_EDGE('',*,*,#4859,.F.);
#6825=ORIENTED_EDGE('',*,*,#4860,.T.);
#6826=ORIENTED_EDGE('',*,*,#4856,.F.);
#6827=ORIENTED_EDGE('',*,*,#4860,.F.);
#6828=ORIENTED_EDGE('',*,*,#4861,.F.);
#6829=ORIENTED_EDGE('',*,*,#4859,.T.);
#6830=ORIENTED_EDGE('',*,*,#4756,.F.);
#6831=ORIENTED_EDGE('',*,*,#4862,.T.);
#6832=ORIENTED_EDGE('',*,*,#4861,.T.);
#6833=ORIENTED_EDGE('',*,*,#4862,.F.);
#6834=ORIENTED_EDGE('',*,*,#4804,.T.);
#6835=ORIENTED_EDGE('',*,*,#4863,.T.);
#6836=ORIENTED_EDGE('',*,*,#4864,.F.);
#6837=ORIENTED_EDGE('',*,*,#4865,.F.);
#6838=ORIENTED_EDGE('',*,*,#4805,.T.);
#6839=ORIENTED_EDGE('',*,*,#4865,.T.);
#6840=ORIENTED_EDGE('',*,*,#4866,.F.);
#6841=ORIENTED_EDGE('',*,*,#4867,.F.);
#6842=ORIENTED_EDGE('',*,*,#4806,.T.);
#6843=ORIENTED_EDGE('',*,*,#4867,.T.);
#6844=ORIENTED_EDGE('',*,*,#4868,.F.);
#6845=ORIENTED_EDGE('',*,*,#4869,.F.);
#6846=ORIENTED_EDGE('',*,*,#4807,.T.);
#6847=ORIENTED_EDGE('',*,*,#4869,.T.);
#6848=ORIENTED_EDGE('',*,*,#4870,.F.);
#6849=ORIENTED_EDGE('',*,*,#4863,.F.);
#6850=ORIENTED_EDGE('',*,*,#4864,.T.);
#6851=ORIENTED_EDGE('',*,*,#4870,.T.);
#6852=ORIENTED_EDGE('',*,*,#4868,.T.);
#6853=ORIENTED_EDGE('',*,*,#4866,.T.);
#6854=ORIENTED_EDGE('',*,*,#4871,.T.);
#6855=ORIENTED_EDGE('',*,*,#4872,.T.);
#6856=ORIENTED_EDGE('',*,*,#4873,.T.);
#6857=ORIENTED_EDGE('',*,*,#4874,.T.);
#6858=ORIENTED_EDGE('',*,*,#4875,.T.);
#6859=ORIENTED_EDGE('',*,*,#4876,.T.);
#6860=ORIENTED_EDGE('',*,*,#4877,.T.);
#6861=ORIENTED_EDGE('',*,*,#4878,.T.);
#6862=ORIENTED_EDGE('',*,*,#4879,.T.);
#6863=ORIENTED_EDGE('',*,*,#4880,.T.);
#6864=ORIENTED_EDGE('',*,*,#4881,.T.);
#6865=ORIENTED_EDGE('',*,*,#4882,.T.);
#6866=ORIENTED_EDGE('',*,*,#4808,.T.);
#6867=ORIENTED_EDGE('',*,*,#4883,.T.);
#6868=ORIENTED_EDGE('',*,*,#4871,.F.);
#6869=ORIENTED_EDGE('',*,*,#4884,.F.);
#6870=ORIENTED_EDGE('',*,*,#4809,.T.);
#6871=ORIENTED_EDGE('',*,*,#4884,.T.);
#6872=ORIENTED_EDGE('',*,*,#4874,.F.);
#6873=ORIENTED_EDGE('',*,*,#4885,.F.);
#6874=ORIENTED_EDGE('',*,*,#4810,.T.);
#6875=ORIENTED_EDGE('',*,*,#4885,.T.);
#6876=ORIENTED_EDGE('',*,*,#4873,.F.);
#6877=ORIENTED_EDGE('',*,*,#4886,.F.);
#6878=ORIENTED_EDGE('',*,*,#4811,.T.);
#6879=ORIENTED_EDGE('',*,*,#4886,.T.);
#6880=ORIENTED_EDGE('',*,*,#4872,.F.);
#6881=ORIENTED_EDGE('',*,*,#4883,.F.);
#6882=ORIENTED_EDGE('',*,*,#4812,.T.);
#6883=ORIENTED_EDGE('',*,*,#4887,.T.);
#6884=ORIENTED_EDGE('',*,*,#4875,.F.);
#6885=ORIENTED_EDGE('',*,*,#4888,.F.);
#6886=ORIENTED_EDGE('',*,*,#4813,.T.);
#6887=ORIENTED_EDGE('',*,*,#4888,.T.);
#6888=ORIENTED_EDGE('',*,*,#4878,.F.);
#6889=ORIENTED_EDGE('',*,*,#4889,.F.);
#6890=ORIENTED_EDGE('',*,*,#4814,.T.);
#6891=ORIENTED_EDGE('',*,*,#4889,.T.);
#6892=ORIENTED_EDGE('',*,*,#4877,.F.);
#6893=ORIENTED_EDGE('',*,*,#4890,.F.);
#6894=ORIENTED_EDGE('',*,*,#4815,.T.);
#6895=ORIENTED_EDGE('',*,*,#4890,.T.);
#6896=ORIENTED_EDGE('',*,*,#4876,.F.);
#6897=ORIENTED_EDGE('',*,*,#4887,.F.);
#6898=ORIENTED_EDGE('',*,*,#4816,.T.);
#6899=ORIENTED_EDGE('',*,*,#4891,.T.);
#6900=ORIENTED_EDGE('',*,*,#4879,.F.);
#6901=ORIENTED_EDGE('',*,*,#4892,.F.);
#6902=ORIENTED_EDGE('',*,*,#4817,.T.);
#6903=ORIENTED_EDGE('',*,*,#4892,.T.);
#6904=ORIENTED_EDGE('',*,*,#4882,.F.);
#6905=ORIENTED_EDGE('',*,*,#4893,.F.);
#6906=ORIENTED_EDGE('',*,*,#4818,.T.);
#6907=ORIENTED_EDGE('',*,*,#4893,.T.);
#6908=ORIENTED_EDGE('',*,*,#4881,.F.);
#6909=ORIENTED_EDGE('',*,*,#4894,.F.);
#6910=ORIENTED_EDGE('',*,*,#4819,.T.);
#6911=ORIENTED_EDGE('',*,*,#4894,.T.);
#6912=ORIENTED_EDGE('',*,*,#4880,.F.);
#6913=ORIENTED_EDGE('',*,*,#4891,.F.);
#6914=ORIENTED_EDGE('',*,*,#4738,.F.);
#6915=ORIENTED_EDGE('',*,*,#4895,.T.);
#6916=ORIENTED_EDGE('',*,*,#4702,.T.);
#6917=ORIENTED_EDGE('',*,*,#4895,.F.);
#6918=ORIENTED_EDGE('',*,*,#4896,.F.);
#6919=ORIENTED_EDGE('',*,*,#4897,.F.);
#6920=ORIENTED_EDGE('',*,*,#4898,.T.);
#6921=ORIENTED_EDGE('',*,*,#4740,.F.);
#6922=ORIENTED_EDGE('',*,*,#4899,.T.);
#6923=ORIENTED_EDGE('',*,*,#4900,.F.);
#6924=ORIENTED_EDGE('',*,*,#4901,.F.);
#6925=ORIENTED_EDGE('',*,*,#4902,.F.);
#6926=ORIENTED_EDGE('',*,*,#4903,.F.);
#6927=ORIENTED_EDGE('',*,*,#4896,.T.);
#6928=ORIENTED_EDGE('',*,*,#4904,.T.);
#6929=ORIENTED_EDGE('',*,*,#4905,.T.);
#6930=ORIENTED_EDGE('',*,*,#4901,.T.);
#6931=ORIENTED_EDGE('',*,*,#4900,.T.);
#6932=ORIENTED_EDGE('',*,*,#4751,.F.);
#6933=ORIENTED_EDGE('',*,*,#4906,.T.);
#6934=ORIENTED_EDGE('',*,*,#4904,.F.);
#6935=ORIENTED_EDGE('',*,*,#4899,.F.);
#6936=ORIENTED_EDGE('',*,*,#4752,.F.);
#6937=ORIENTED_EDGE('',*,*,#4907,.T.);
#6938=ORIENTED_EDGE('',*,*,#4713,.T.);
#6939=ORIENTED_EDGE('',*,*,#4907,.F.);
#6940=ORIENTED_EDGE('',*,*,#4750,.F.);
#6941=ORIENTED_EDGE('',*,*,#4908,.F.);
#6942=ORIENTED_EDGE('',*,*,#4909,.F.);
#6943=ORIENTED_EDGE('',*,*,#4902,.T.);
#6944=ORIENTED_EDGE('',*,*,#4905,.F.);
#6945=ORIENTED_EDGE('',*,*,#4906,.F.);
#6946=ORIENTED_EDGE('',*,*,#4910,.T.);
#6947=ORIENTED_EDGE('',*,*,#4911,.T.);
#6948=ORIENTED_EDGE('',*,*,#4912,.T.);
#6949=ORIENTED_EDGE('',*,*,#4913,.T.);
#6950=ORIENTED_EDGE('',*,*,#4914,.T.);
#6951=ORIENTED_EDGE('',*,*,#4897,.T.);
#6952=ORIENTED_EDGE('',*,*,#4903,.T.);
#6953=ORIENTED_EDGE('',*,*,#4909,.T.);
#6954=ORIENTED_EDGE('',*,*,#4915,.T.);
#6955=ORIENTED_EDGE('',*,*,#4916,.T.);
#6956=ORIENTED_EDGE('',*,*,#4917,.T.);
#6957=ORIENTED_EDGE('',*,*,#4918,.T.);
#6958=ORIENTED_EDGE('',*,*,#4919,.F.);
#6959=ORIENTED_EDGE('',*,*,#4920,.F.);
#6960=ORIENTED_EDGE('',*,*,#4921,.F.);
#6961=ORIENTED_EDGE('',*,*,#4922,.F.);
#6962=ORIENTED_EDGE('',*,*,#4923,.F.);
#6963=ORIENTED_EDGE('',*,*,#4910,.F.);
#6964=ORIENTED_EDGE('',*,*,#4924,.T.);
#6965=ORIENTED_EDGE('',*,*,#4745,.F.);
#6966=ORIENTED_EDGE('',*,*,#4923,.T.);
#6967=ORIENTED_EDGE('',*,*,#4744,.F.);
#6968=ORIENTED_EDGE('',*,*,#4925,.F.);
#6969=ORIENTED_EDGE('',*,*,#4911,.F.);
#6970=ORIENTED_EDGE('',*,*,#4926,.F.);
#6971=ORIENTED_EDGE('',*,*,#4912,.F.);
#6972=ORIENTED_EDGE('',*,*,#4925,.T.);
#6973=ORIENTED_EDGE('',*,*,#4743,.F.);
#6974=ORIENTED_EDGE('',*,*,#4927,.F.);
#6975=ORIENTED_EDGE('',*,*,#4913,.F.);
#6976=ORIENTED_EDGE('',*,*,#4926,.T.);
#6977=ORIENTED_EDGE('',*,*,#4742,.F.);
#6978=ORIENTED_EDGE('',*,*,#4898,.F.);
#6979=ORIENTED_EDGE('',*,*,#4914,.F.);
#6980=ORIENTED_EDGE('',*,*,#4927,.T.);
#6981=ORIENTED_EDGE('',*,*,#4741,.F.);
#6982=ORIENTED_EDGE('',*,*,#4924,.F.);
#6983=ORIENTED_EDGE('',*,*,#4918,.F.);
#6984=ORIENTED_EDGE('',*,*,#4928,.T.);
#6985=ORIENTED_EDGE('',*,*,#4746,.F.);
#6986=ORIENTED_EDGE('',*,*,#4928,.F.);
#6987=ORIENTED_EDGE('',*,*,#4917,.F.);
#6988=ORIENTED_EDGE('',*,*,#4929,.T.);
#6989=ORIENTED_EDGE('',*,*,#4747,.F.);
#6990=ORIENTED_EDGE('',*,*,#4929,.F.);
#6991=ORIENTED_EDGE('',*,*,#4916,.F.);
#6992=ORIENTED_EDGE('',*,*,#4930,.T.);
#6993=ORIENTED_EDGE('',*,*,#4748,.F.);
#6994=ORIENTED_EDGE('',*,*,#4930,.F.);
#6995=ORIENTED_EDGE('',*,*,#4915,.F.);
#6996=ORIENTED_EDGE('',*,*,#4908,.T.);
#6997=ORIENTED_EDGE('',*,*,#4749,.F.);
#6998=ORIENTED_EDGE('',*,*,#4727,.F.);
#6999=ORIENTED_EDGE('',*,*,#4931,.F.);
#7000=ORIENTED_EDGE('',*,*,#4919,.T.);
#7001=ORIENTED_EDGE('',*,*,#4932,.T.);
#7002=ORIENTED_EDGE('',*,*,#4728,.F.);
#7003=ORIENTED_EDGE('',*,*,#4932,.F.);
#7004=ORIENTED_EDGE('',*,*,#4922,.T.);
#7005=ORIENTED_EDGE('',*,*,#4933,.T.);
#7006=ORIENTED_EDGE('',*,*,#4729,.F.);
#7007=ORIENTED_EDGE('',*,*,#4933,.F.);
#7008=ORIENTED_EDGE('',*,*,#4921,.T.);
#7009=ORIENTED_EDGE('',*,*,#4934,.T.);
#7010=ORIENTED_EDGE('',*,*,#4730,.F.);
#7011=ORIENTED_EDGE('',*,*,#4934,.F.);
#7012=ORIENTED_EDGE('',*,*,#4920,.T.);
#7013=ORIENTED_EDGE('',*,*,#4931,.T.);
#7014=ORIENTED_EDGE('',*,*,#4753,.F.);
#7015=ORIENTED_EDGE('',*,*,#4935,.T.);
#7016=ORIENTED_EDGE('',*,*,#4936,.T.);
#7017=ORIENTED_EDGE('',*,*,#4935,.F.);
#7018=ORIENTED_EDGE('',*,*,#4936,.F.);
#7019=ORIENTED_EDGE('',*,*,#4937,.T.);
#7020=ORIENTED_EDGE('',*,*,#4937,.F.);
#7021=ORIENTED_EDGE('',*,*,#4938,.T.);
#7022=ORIENTED_EDGE('',*,*,#4712,.T.);
#7023=ORIENTED_EDGE('',*,*,#4938,.F.);
#7024=ORIENTED_EDGE('',*,*,#4754,.F.);
#7025=ORIENTED_EDGE('',*,*,#4939,.T.);
#7026=ORIENTED_EDGE('',*,*,#4940,.T.);
#7027=ORIENTED_EDGE('',*,*,#4939,.F.);
#7028=ORIENTED_EDGE('',*,*,#4940,.F.);
#7029=ORIENTED_EDGE('',*,*,#4941,.T.);
#7030=ORIENTED_EDGE('',*,*,#4941,.F.);
#7031=ORIENTED_EDGE('',*,*,#4942,.T.);
#7032=ORIENTED_EDGE('',*,*,#4701,.T.);
#7033=ORIENTED_EDGE('',*,*,#4942,.F.);
#7034=ORIENTED_EDGE('',*,*,#4755,.F.);
#7035=ORIENTED_EDGE('',*,*,#4943,.T.);
#7036=ORIENTED_EDGE('',*,*,#4944,.T.);
#7037=ORIENTED_EDGE('',*,*,#4943,.F.);
#7038=ORIENTED_EDGE('',*,*,#4944,.F.);
#7039=ORIENTED_EDGE('',*,*,#4945,.T.);
#7040=ORIENTED_EDGE('',*,*,#4945,.F.);
#7041=ORIENTED_EDGE('',*,*,#4946,.T.);
#7042=ORIENTED_EDGE('',*,*,#4700,.T.);
#7043=ORIENTED_EDGE('',*,*,#4946,.F.);
#7044=ORIENTED_EDGE('',*,*,#4725,.F.);
#7045=ORIENTED_EDGE('',*,*,#4947,.T.);
#7046=ORIENTED_EDGE('',*,*,#4948,.T.);
#7047=ORIENTED_EDGE('',*,*,#4947,.F.);
#7048=ORIENTED_EDGE('',*,*,#4948,.F.);
#7049=CYLINDRICAL_SURFACE('',#7746,0.043);
#7050=CYLINDRICAL_SURFACE('',#7749,0.055);
#7051=CYLINDRICAL_SURFACE('',#7752,0.082);
#7052=CYLINDRICAL_SURFACE('',#7757,0.125);
#7053=CYLINDRICAL_SURFACE('',#7762,0.082);
#7054=CYLINDRICAL_SURFACE('',#7767,0.055);
#7055=CYLINDRICAL_SURFACE('',#7770,0.043);
#7056=CYLINDRICAL_SURFACE('',#7773,0.082);
#7057=CYLINDRICAL_SURFACE('',#7778,0.043);
#7058=CYLINDRICAL_SURFACE('',#7781,0.043);
#7059=CYLINDRICAL_SURFACE('',#7784,0.043);
#7060=CYLINDRICAL_SURFACE('',#7811,0.15);
#7061=CYLINDRICAL_SURFACE('',#7817,0.07);
#7062=CYLINDRICAL_SURFACE('',#7840,0.035);
#7063=CYLINDRICAL_SURFACE('',#7864,0.09375);
#7064=CYLINDRICAL_SURFACE('',#7873,0.094);
#7065=CYLINDRICAL_SURFACE('',#7890,0.15);
#7066=CYLINDRICAL_SURFACE('',#7892,0.15);
#7067=CYLINDRICAL_SURFACE('',#7894,0.15);
#7068=CYLINDRICAL_SURFACE('',#7901,0.06);
#7069=CYLINDRICAL_SURFACE('',#7902,0.031);
#7070=CYLINDRICAL_SURFACE('',#7904,0.15);
#7071=CYLINDRICAL_SURFACE('',#7905,0.15);
#7072=CYLINDRICAL_SURFACE('',#7909,0.035);
#7073=CYLINDRICAL_SURFACE('',#7916,0.15);
#7074=CYLINDRICAL_SURFACE('',#7918,0.15);
#7075=CYLINDRICAL_SURFACE('',#7929,0.15);
#7076=CYLINDRICAL_SURFACE('',#7930,0.125);
#7077=CYLINDRICAL_SURFACE('',#7932,0.125);
#7078=CYLINDRICAL_SURFACE('',#7934,0.15);
#7079=CYLINDRICAL_SURFACE('',#7936,0.15);
#7080=CYLINDRICAL_SURFACE('',#7938,0.15);
#7081=CYLINDRICAL_SURFACE('',#7939,0.15);
#7082=CYLINDRICAL_SURFACE('',#7943,0.172);
#7083=CYLINDRICAL_SURFACE('',#7944,0.15);
#7084=CYLINDRICAL_SURFACE('',#7946,0.15);
#7085=CYLINDRICAL_SURFACE('',#7948,0.15);
#7086=CYLINDRICAL_SURFACE('',#7954,0.156);
#7087=CYLINDRICAL_SURFACE('',#7956,0.156);
#7088=CYLINDRICAL_SURFACE('',#7965,0.068);
#7089=CYLINDRICAL_SURFACE('',#7970,0.1005);
#7090=CYLINDRICAL_SURFACE('',#7975,0.068);
#7091=CYLINDRICAL_SURFACE('',#7980,0.068);
#7092=CYLINDRICAL_SURFACE('',#7983,0.035);
#7093=CYLINDRICAL_SURFACE('',#7984,0.05);
#7094=CYLINDRICAL_SURFACE('',#7987,0.05);
#7095=CYLINDRICAL_SURFACE('',#7994,0.05);
#7096=CYLINDRICAL_SURFACE('',#7996,0.05);
#7097=CYLINDRICAL_SURFACE('',#7998,0.05);
#7098=CYLINDRICAL_SURFACE('',#8001,0.05);
#7099=CYLINDRICAL_SURFACE('',#8008,0.05);
#7100=CYLINDRICAL_SURFACE('',#8010,0.05);
#7101=CYLINDRICAL_SURFACE('',#8012,0.09375);
#7102=CYLINDRICAL_SURFACE('',#8016,0.0445);
#7103=CYLINDRICAL_SURFACE('',#8019,0.035);
#7104=CYLINDRICAL_SURFACE('',#8023,0.15);
#7105=CYLINDRICAL_SURFACE('',#8027,0.0445);
#7106=CYLINDRICAL_SURFACE('',#8030,0.035);
#7107=CYLINDRICAL_SURFACE('',#8031,0.125);
#7108=CYLINDRICAL_SURFACE('',#8034,0.035);
#7109=CYLINDRICAL_SURFACE('',#8036,0.0625);
#7110=CYLINDRICAL_SURFACE('',#8037,0.0315);
#7111=CYLINDRICAL_SURFACE('',#8038,0.035);
#7112=CYLINDRICAL_SURFACE('',#8046,0.03125);
#7113=CYLINDRICAL_SURFACE('',#8057,0.03125);
#7114=CYLINDRICAL_SURFACE('',#8067,0.0689);
#7115=CYLINDRICAL_SURFACE('',#8071,0.05315);
#7116=CYLINDRICAL_SURFACE('',#8088,0.049);
#7117=CYLINDRICAL_SURFACE('',#8099,0.049);
#7118=CYLINDRICAL_SURFACE('',#8101,0.0625);
#7119=CYLINDRICAL_SURFACE('',#8111,0.0625);
#7120=CYLINDRICAL_SURFACE('',#8113,0.0625);
#7121=CYLINDRICAL_SURFACE('',#8121,0.09375);
#7122=CYLINDRICAL_SURFACE('',#8124,0.049);
#7123=CYLINDRICAL_SURFACE('',#8125,0.0315);
#7124=CYLINDRICAL_SURFACE('',#8126,0.0315);
#7125=CYLINDRICAL_SURFACE('',#8138,0.0115);
#7126=CYLINDRICAL_SURFACE('',#8153,0.0115);
#7127=CYLINDRICAL_SURFACE('',#8156,0.0115);
#7128=CYLINDRICAL_SURFACE('',#8159,0.0115);
#7129=CYLINDRICAL_SURFACE('',#8162,0.0115);
#7130=CYLINDRICAL_SURFACE('',#8165,0.0115);
#7131=CYLINDRICAL_SURFACE('',#8168,0.0115);
#7132=CYLINDRICAL_SURFACE('',#8172,0.0115);
#7133=CYLINDRICAL_SURFACE('',#8175,0.0115);
#7134=CYLINDRICAL_SURFACE('',#8184,0.0115);
#7135=CYLINDRICAL_SURFACE('',#8187,0.0115);
#7136=CYLINDRICAL_SURFACE('',#8189,0.0115);
#7137=CYLINDRICAL_SURFACE('',#8202,0.024);
#7138=CYLINDRICAL_SURFACE('',#8212,0.024);
#7139=CYLINDRICAL_SURFACE('',#8229,0.008);
#7140=CYLINDRICAL_SURFACE('',#8232,0.008);
#7141=CYLINDRICAL_SURFACE('',#8240,0.008);
#7142=CYLINDRICAL_SURFACE('',#8242,0.008);
#7143=CYLINDRICAL_SURFACE('',#8244,0.008);
#7144=CYLINDRICAL_SURFACE('',#8246,0.008);
#7145=CYLINDRICAL_SURFACE('',#8249,0.024);
#7146=CYLINDRICAL_SURFACE('',#8251,0.024);
#7147=CYLINDRICAL_SURFACE('',#8255,0.024);
#7148=CYLINDRICAL_SURFACE('',#8259,0.024);
#7149=CYLINDRICAL_SURFACE('',#8270,0.15748);
#7150=CYLINDRICAL_SURFACE('',#8273,0.0125);
#7151=CYLINDRICAL_SURFACE('',#8278,0.0125);
#7152=CYLINDRICAL_SURFACE('',#8301,0.1);
#7153=CYLINDRICAL_SURFACE('',#8303,0.1);
#7154=CYLINDRICAL_SURFACE('',#8319,0.125);
#7155=CYLINDRICAL_SURFACE('',#8320,0.125);
#7156=CYLINDRICAL_SURFACE('',#8324,0.0575);
#7157=CYLINDRICAL_SURFACE('',#8325,0.0575);
#7158=CYLINDRICAL_SURFACE('',#8330,0.0575);
#7159=CYLINDRICAL_SURFACE('',#8331,0.0575);
#7160=CYLINDRICAL_SURFACE('',#8362,0.064);
#7161=CYLINDRICAL_SURFACE('',#8382,0.0625);
#7162=CYLINDRICAL_SURFACE('',#8390,0.15);
#7163=CYLINDRICAL_SURFACE('',#8392,0.15);
#7164=CYLINDRICAL_SURFACE('',#8394,0.15);
#7165=CYLINDRICAL_SURFACE('',#8396,0.15);
#7166=CYLINDRICAL_SURFACE('',#8398,0.0625);
#7167=CYLINDRICAL_SURFACE('',#8401,0.067);
#7168=CYLINDRICAL_SURFACE('',#8424,0.15);
#7169=CYLINDRICAL_SURFACE('',#8426,0.15);
#7170=CYLINDRICAL_SURFACE('',#8428,0.15);
#7171=CYLINDRICAL_SURFACE('',#8431,0.125);
#7172=CYLINDRICAL_SURFACE('',#8433,0.125);
#7173=CYLINDRICAL_SURFACE('',#8436,0.15);
#7174=CYLINDRICAL_SURFACE('',#8438,0.15);
#7175=CYLINDRICAL_SURFACE('',#8440,0.15);
#7176=CYLINDRICAL_SURFACE('',#8442,0.15);
#7177=CYLINDRICAL_SURFACE('',#8448,0.094);
#7178=CYLINDRICAL_SURFACE('',#8450,0.094);
#7179=CYLINDRICAL_SURFACE('',#8451,0.053);
#7180=CYLINDRICAL_SURFACE('',#8455,0.0935);
#7181=CYLINDRICAL_SURFACE('',#8456,0.05);
#7182=CYLINDRICAL_SURFACE('',#8459,0.05);
#7183=CYLINDRICAL_SURFACE('',#8472,0.05);
#7184=CYLINDRICAL_SURFACE('',#8474,0.05);
#7185=CYLINDRICAL_SURFACE('',#8476,0.05);
#7186=CYLINDRICAL_SURFACE('',#8478,0.05);
#7187=CYLINDRICAL_SURFACE('',#8480,0.05);
#7188=CYLINDRICAL_SURFACE('',#8482,0.05);
#7189=CYLINDRICAL_SURFACE('',#8484,0.064);
#7190=CYLINDRICAL_SURFACE('',#8486,0.065);
#7191=CYLINDRICAL_SURFACE('',#8491,0.125);
#7192=CYLINDRICAL_SURFACE('',#8499,0.065);
#7193=CYLINDRICAL_SURFACE('',#8501,0.065);
#7194=CYLINDRICAL_SURFACE('',#8507,0.065);
#7195=CYLINDRICAL_SURFACE('',#8508,0.02);
#7196=CYLINDRICAL_SURFACE('',#8510,0.02);
#7197=CYLINDRICAL_SURFACE('',#8512,0.0935);
#7198=CYLINDRICAL_SURFACE('',#8516,0.053);
#7199=CYLINDRICAL_SURFACE('',#8517,0.0935);
#7200=CYLINDRICAL_SURFACE('',#8521,0.053);
#7201=CYLINDRICAL_SURFACE('',#8522,0.0935);
#7202=CYLINDRICAL_SURFACE('',#8526,0.053);
#7203=CYLINDRICAL_SURFACE('',#8527,0.172);
#7204=ADVANCED_FACE('',(#485),#7049,.F.);
#7205=ADVANCED_FACE('',(#486),#7050,.F.);
#7206=ADVANCED_FACE('',(#487),#7051,.F.);
#7207=ADVANCED_FACE('',(#488,#120),#228,.T.);
#7208=ADVANCED_FACE('',(#489),#7052,.F.);
#7209=ADVANCED_FACE('',(#490,#121),#229,.T.);
#7210=ADVANCED_FACE('',(#491),#7053,.F.);
#7211=ADVANCED_FACE('',(#492,#122),#230,.T.);
#7212=ADVANCED_FACE('',(#493),#7054,.F.);
#7213=ADVANCED_FACE('',(#494),#7055,.F.);
#7214=ADVANCED_FACE('',(#495),#7056,.F.);
#7215=ADVANCED_FACE('',(#496,#123),#231,.T.);
#7216=ADVANCED_FACE('',(#497),#7057,.F.);
#7217=ADVANCED_FACE('',(#498),#7058,.F.);
#7218=ADVANCED_FACE('',(#499),#7059,.F.);
#7219=ADVANCED_FACE('',(#500,#124),#232,.T.);
#7220=ADVANCED_FACE('',(#501,#125,#126,#127),#233,.F.);
#7221=ADVANCED_FACE('',(#502),#234,.T.);
#7222=ADVANCED_FACE('',(#503,#128,#129),#235,.T.);
#7223=ADVANCED_FACE('',(#504,#130),#236,.T.);
#7224=ADVANCED_FACE('',(#505),#237,.F.);
#7225=ADVANCED_FACE('',(#506),#238,.F.);
#7226=ADVANCED_FACE('',(#507),#7060,.F.);
#7227=ADVANCED_FACE('',(#508),#239,.F.);
#7228=ADVANCED_FACE('',(#509,#131),#240,.T.);
#7229=ADVANCED_FACE('',(#510),#7061,.F.);
#7230=ADVANCED_FACE('',(#511,#132,#133,#134,#135,#136,#137,#138,#139,#140,
#141),#241,.T.);
#7231=ADVANCED_FACE('',(#512),#7062,.F.);
#7232=ADVANCED_FACE('',(#513),#89,.F.);
#7233=ADVANCED_FACE('',(#514,#142),#242,.T.);
#7234=ADVANCED_FACE('',(#515,#143,#144,#145,#146,#147,#148),#243,.T.);
#7235=ADVANCED_FACE('',(#516,#149),#244,.T.);
#7236=ADVANCED_FACE('',(#517),#245,.F.);
#7237=ADVANCED_FACE('',(#518),#246,.F.);
#7238=ADVANCED_FACE('',(#519),#7063,.T.);
#7239=ADVANCED_FACE('',(#520),#247,.F.);
#7240=ADVANCED_FACE('',(#521),#248,.T.);
#7241=ADVANCED_FACE('',(#522),#249,.F.);
#7242=ADVANCED_FACE('',(#523),#250,.F.);
#7243=ADVANCED_FACE('',(#524),#7064,.T.);
#7244=ADVANCED_FACE('',(#525,#150,#151,#152,#153,#154,#155,#156),#251,.T.);
#7245=ADVANCED_FACE('',(#526),#7065,.F.);
#7246=ADVANCED_FACE('',(#527),#252,.F.);
#7247=ADVANCED_FACE('',(#528),#7066,.F.);
#7248=ADVANCED_FACE('',(#529),#253,.F.);
#7249=ADVANCED_FACE('',(#530),#7067,.F.);
#7250=ADVANCED_FACE('',(#531),#254,.F.);
#7251=ADVANCED_FACE('',(#532,#157,#158),#255,.T.);
#7252=ADVANCED_FACE('',(#533),#7068,.F.);
#7253=ADVANCED_FACE('',(#534),#7069,.F.);
#7254=ADVANCED_FACE('',(#535),#256,.F.);
#7255=ADVANCED_FACE('',(#536),#7070,.F.);
#7256=ADVANCED_FACE('',(#537),#7071,.F.);
#7257=ADVANCED_FACE('',(#538),#257,.F.);
#7258=ADVANCED_FACE('',(#539),#90,.F.);
#7259=ADVANCED_FACE('',(#540),#7072,.F.);
#7260=ADVANCED_FACE('',(#541,#159),#258,.T.);
#7261=ADVANCED_FACE('',(#542),#259,.F.);
#7262=ADVANCED_FACE('',(#543),#260,.F.);
#7263=ADVANCED_FACE('',(#544),#261,.F.);
#7264=ADVANCED_FACE('',(#545),#262,.F.);
#7265=ADVANCED_FACE('',(#546),#7073,.F.);
#7266=ADVANCED_FACE('',(#547),#263,.F.);
#7267=ADVANCED_FACE('',(#548),#7074,.F.);
#7268=ADVANCED_FACE('',(#549),#264,.F.);
#7269=ADVANCED_FACE('',(#550),#265,.F.);
#7270=ADVANCED_FACE('',(#551),#266,.T.);
#7271=ADVANCED_FACE('',(#552),#267,.F.);
#7272=ADVANCED_FACE('',(#553),#7075,.F.);
#7273=ADVANCED_FACE('',(#554),#7076,.F.);
#7274=ADVANCED_FACE('',(#555),#268,.T.);
#7275=ADVANCED_FACE('',(#556),#7077,.F.);
#7276=ADVANCED_FACE('',(#557),#269,.F.);
#7277=ADVANCED_FACE('',(#558),#7078,.F.);
#7278=ADVANCED_FACE('',(#559),#270,.F.);
#7279=ADVANCED_FACE('',(#560),#7079,.F.);
#7280=ADVANCED_FACE('',(#561),#271,.F.);
#7281=ADVANCED_FACE('',(#562),#7080,.F.);
#7282=ADVANCED_FACE('',(#563),#7081,.F.);
#7283=ADVANCED_FACE('',(#564),#272,.F.);
#7284=ADVANCED_FACE('',(#565),#273,.F.);
#7285=ADVANCED_FACE('',(#566),#274,.F.);
#7286=ADVANCED_FACE('',(#567),#7082,.F.);
#7287=ADVANCED_FACE('',(#568),#7083,.F.);
#7288=ADVANCED_FACE('',(#569),#275,.F.);
#7289=ADVANCED_FACE('',(#570),#7084,.F.);
#7290=ADVANCED_FACE('',(#571),#276,.F.);
#7291=ADVANCED_FACE('',(#572),#7085,.F.);
#7292=ADVANCED_FACE('',(#573),#277,.F.);
#7293=ADVANCED_FACE('',(#574,#160),#278,.T.);
#7294=ADVANCED_FACE('',(#575),#7086,.F.);
#7295=ADVANCED_FACE('',(#576),#279,.F.);
#7296=ADVANCED_FACE('',(#577),#7087,.F.);
#7297=ADVANCED_FACE('',(#578),#280,.F.);
#7298=ADVANCED_FACE('',(#579,#161,#162),#281,.T.);
#7299=ADVANCED_FACE('',(#580,#163),#282,.T.);
#7300=ADVANCED_FACE('',(#581),#91,.F.);
#7301=ADVANCED_FACE('',(#582),#7088,.F.);
#7302=ADVANCED_FACE('',(#583),#92,.F.);
#7303=ADVANCED_FACE('',(#584),#93,.F.);
#7304=ADVANCED_FACE('',(#585),#7089,.F.);
#7305=ADVANCED_FACE('',(#586),#94,.F.);
#7306=ADVANCED_FACE('',(#587),#95,.F.);
#7307=ADVANCED_FACE('',(#588),#7090,.F.);
#7308=ADVANCED_FACE('',(#589),#96,.F.);
#7309=ADVANCED_FACE('',(#590),#97,.F.);
#7310=ADVANCED_FACE('',(#591),#7091,.F.);
#7311=ADVANCED_FACE('',(#592),#98,.F.);
#7312=ADVANCED_FACE('',(#593),#7092,.F.);
#7313=ADVANCED_FACE('',(#594),#7093,.F.);
#7314=ADVANCED_FACE('',(#595),#283,.F.);
#7315=ADVANCED_FACE('',(#596),#7094,.F.);
#7316=ADVANCED_FACE('',(#597),#284,.F.);
#7317=ADVANCED_FACE('',(#598),#285,.T.);
#7318=ADVANCED_FACE('',(#599),#286,.T.);
#7319=ADVANCED_FACE('',(#600),#7095,.F.);
#7320=ADVANCED_FACE('',(#601),#287,.F.);
#7321=ADVANCED_FACE('',(#602),#7096,.F.);
#7322=ADVANCED_FACE('',(#603),#288,.F.);
#7323=ADVANCED_FACE('',(#604),#7097,.F.);
#7324=ADVANCED_FACE('',(#605),#289,.F.);
#7325=ADVANCED_FACE('',(#606),#7098,.F.);
#7326=ADVANCED_FACE('',(#607),#290,.F.);
#7327=ADVANCED_FACE('',(#608),#291,.T.);
#7328=ADVANCED_FACE('',(#609),#292,.T.);
#7329=ADVANCED_FACE('',(#610),#7099,.F.);
#7330=ADVANCED_FACE('',(#611),#293,.F.);
#7331=ADVANCED_FACE('',(#612),#7100,.F.);
#7332=ADVANCED_FACE('',(#613),#294,.F.);
#7333=ADVANCED_FACE('',(#614),#7101,.T.);
#7334=ADVANCED_FACE('',(#615),#295,.F.);
#7335=ADVANCED_FACE('',(#616),#99,.F.);
#7336=ADVANCED_FACE('',(#617),#7102,.F.);
#7337=ADVANCED_FACE('',(#618),#100,.F.);
#7338=ADVANCED_FACE('',(#619),#7103,.F.);
#7339=ADVANCED_FACE('',(#620),#101,.F.);
#7340=ADVANCED_FACE('',(#621),#296,.F.);
#7341=ADVANCED_FACE('',(#622),#7104,.F.);
#7342=ADVANCED_FACE('',(#623),#297,.F.);
#7343=ADVANCED_FACE('',(#624),#102,.F.);
#7344=ADVANCED_FACE('',(#625),#7105,.F.);
#7345=ADVANCED_FACE('',(#626),#103,.F.);
#7346=ADVANCED_FACE('',(#627),#7106,.F.);
#7347=ADVANCED_FACE('',(#628),#7107,.F.);
#7348=ADVANCED_FACE('',(#629),#104,.F.);
#7349=ADVANCED_FACE('',(#630),#7108,.F.);
#7350=ADVANCED_FACE('',(#631),#298,.F.);
#7351=ADVANCED_FACE('',(#632),#7109,.F.);
#7352=ADVANCED_FACE('',(#633),#7110,.F.);
#7353=ADVANCED_FACE('',(#634),#7111,.F.);
#7354=ADVANCED_FACE('',(#635),#299,.F.);
#7355=ADVANCED_FACE('',(#636),#300,.F.);
#7356=ADVANCED_FACE('',(#637),#105,.T.);
#7357=ADVANCED_FACE('',(#638),#7112,.T.);
#7358=ADVANCED_FACE('',(#639),#59,.F.);
#7359=ADVANCED_FACE('',(#640),#301,.T.);
#7360=ADVANCED_FACE('',(#641),#302,.F.);
#7361=ADVANCED_FACE('',(#642),#106,.T.);
#7362=ADVANCED_FACE('',(#643),#7113,.T.);
#7363=ADVANCED_FACE('',(#644),#60,.F.);
#7364=ADVANCED_FACE('',(#645),#303,.T.);
#7365=ADVANCED_FACE('',(#646,#164),#304,.F.);
#7366=ADVANCED_FACE('',(#647),#7114,.T.);
#7367=ADVANCED_FACE('',(#648,#165),#305,.T.);
#7368=ADVANCED_FACE('',(#649),#7115,.F.);
#7369=ADVANCED_FACE('',(#650,#166,#167,#168,#169,#170),#306,.F.);
#7370=ADVANCED_FACE('',(#651),#7116,.F.);
#7371=ADVANCED_FACE('',(#652,#171,#172,#173,#174,#175),#307,.T.);
#7372=ADVANCED_FACE('',(#653),#7117,.F.);
#7373=ADVANCED_FACE('',(#654),#308,.T.);
#7374=ADVANCED_FACE('',(#655),#7118,.F.);
#7375=ADVANCED_FACE('',(#656),#309,.F.);
#7376=ADVANCED_FACE('',(#657),#310,.F.);
#7377=ADVANCED_FACE('',(#658),#311,.T.);
#7378=ADVANCED_FACE('',(#659),#312,.T.);
#7379=ADVANCED_FACE('',(#660),#313,.T.);
#7380=ADVANCED_FACE('',(#661),#314,.T.);
#7381=ADVANCED_FACE('',(#662),#315,.T.);
#7382=ADVANCED_FACE('',(#663),#316,.T.);
#7383=ADVANCED_FACE('',(#664),#317,.T.);
#7384=ADVANCED_FACE('',(#665),#7119,.F.);
#7385=ADVANCED_FACE('',(#666),#318,.T.);
#7386=ADVANCED_FACE('',(#667),#7120,.F.);
#7387=ADVANCED_FACE('',(#668),#319,.T.);
#7388=ADVANCED_FACE('',(#669),#320,.T.);
#7389=ADVANCED_FACE('',(#670),#321,.T.);
#7390=ADVANCED_FACE('',(#671),#322,.T.);
#7391=ADVANCED_FACE('',(#672),#323,.T.);
#7392=ADVANCED_FACE('',(#673),#324,.T.);
#7393=ADVANCED_FACE('',(#674),#325,.F.);
#7394=ADVANCED_FACE('',(#675),#7121,.F.);
#7395=ADVANCED_FACE('',(#676),#326,.F.);
#7396=ADVANCED_FACE('',(#677),#327,.T.);
#7397=ADVANCED_FACE('',(#678),#7122,.F.);
#7398=ADVANCED_FACE('',(#679),#7123,.F.);
#7399=ADVANCED_FACE('',(#680),#7124,.F.);
#7400=ADVANCED_FACE('',(#681),#328,.F.);
#7401=ADVANCED_FACE('',(#682),#329,.F.);
#7402=ADVANCED_FACE('',(#683),#330,.F.);
#7403=ADVANCED_FACE('',(#684),#331,.F.);
#7404=ADVANCED_FACE('',(#685),#7125,.T.);
#7405=ADVANCED_FACE('',(#686,#176,#177,#178,#179,#180,#181),#332,.T.);
#7406=ADVANCED_FACE('',(#687),#7126,.T.);
#7407=ADVANCED_FACE('',(#688),#333,.T.);
#7408=ADVANCED_FACE('',(#689),#7127,.T.);
#7409=ADVANCED_FACE('',(#690),#334,.T.);
#7410=ADVANCED_FACE('',(#691),#7128,.T.);
#7411=ADVANCED_FACE('',(#692),#335,.T.);
#7412=ADVANCED_FACE('',(#693),#7129,.T.);
#7413=ADVANCED_FACE('',(#694),#336,.T.);
#7414=ADVANCED_FACE('',(#695),#7130,.T.);
#7415=ADVANCED_FACE('',(#696),#337,.T.);
#7416=ADVANCED_FACE('',(#697),#7131,.T.);
#7417=ADVANCED_FACE('',(#698),#338,.T.);
#7418=ADVANCED_FACE('',(#699),#339,.T.);
#7419=ADVANCED_FACE('',(#700),#7132,.T.);
#7420=ADVANCED_FACE('',(#701),#340,.T.);
#7421=ADVANCED_FACE('',(#702),#7133,.T.);
#7422=ADVANCED_FACE('',(#703),#341,.T.);
#7423=ADVANCED_FACE('',(#704),#342,.T.);
#7424=ADVANCED_FACE('',(#705),#343,.T.);
#7425=ADVANCED_FACE('',(#706),#344,.T.);
#7426=ADVANCED_FACE('',(#707),#7134,.T.);
#7427=ADVANCED_FACE('',(#708),#345,.T.);
#7428=ADVANCED_FACE('',(#709),#346,.T.);
#7429=ADVANCED_FACE('',(#710),#7135,.T.);
#7430=ADVANCED_FACE('',(#711),#347,.T.);
#7431=ADVANCED_FACE('',(#712),#7136,.T.);
#7432=ADVANCED_FACE('',(#713),#348,.T.);
#7433=ADVANCED_FACE('',(#714),#349,.T.);
#7434=ADVANCED_FACE('',(#715),#350,.T.);
#7435=ADVANCED_FACE('',(#716),#351,.T.);
#7436=ADVANCED_FACE('',(#717),#352,.T.);
#7437=ADVANCED_FACE('',(#718),#353,.T.);
#7438=ADVANCED_FACE('',(#719),#7137,.T.);
#7439=ADVANCED_FACE('',(#720),#354,.T.);
#7440=ADVANCED_FACE('',(#721),#355,.T.);
#7441=ADVANCED_FACE('',(#722),#356,.T.);
#7442=ADVANCED_FACE('',(#723),#357,.T.);
#7443=ADVANCED_FACE('',(#724),#358,.T.);
#7444=ADVANCED_FACE('',(#725),#359,.T.);
#7445=ADVANCED_FACE('',(#726),#7138,.T.);
#7446=ADVANCED_FACE('',(#727),#360,.T.);
#7447=ADVANCED_FACE('',(#728),#361,.T.);
#7448=ADVANCED_FACE('',(#729),#362,.T.);
#7449=ADVANCED_FACE('',(#730,#182),#363,.T.);
#7450=ADVANCED_FACE('',(#731),#364,.F.);
#7451=ADVANCED_FACE('',(#732),#7139,.F.);
#7452=ADVANCED_FACE('',(#733),#365,.F.);
#7453=ADVANCED_FACE('',(#734),#7140,.F.);
#7454=ADVANCED_FACE('',(#735),#366,.F.);
#7455=ADVANCED_FACE('',(#736),#367,.T.);
#7456=ADVANCED_FACE('',(#737),#7141,.F.);
#7457=ADVANCED_FACE('',(#738),#368,.F.);
#7458=ADVANCED_FACE('',(#739),#7142,.F.);
#7459=ADVANCED_FACE('',(#740),#369,.F.);
#7460=ADVANCED_FACE('',(#741),#7143,.F.);
#7461=ADVANCED_FACE('',(#742),#370,.F.);
#7462=ADVANCED_FACE('',(#743),#7144,.F.);
#7463=ADVANCED_FACE('',(#744),#371,.T.);
#7464=ADVANCED_FACE('',(#745),#372,.T.);
#7465=ADVANCED_FACE('',(#746),#7145,.T.);
#7466=ADVANCED_FACE('',(#747),#373,.F.);
#7467=ADVANCED_FACE('',(#748),#7146,.T.);
#7468=ADVANCED_FACE('',(#749),#374,.T.);
#7469=ADVANCED_FACE('',(#750),#375,.T.);
#7470=ADVANCED_FACE('',(#751),#376,.T.);
#7471=ADVANCED_FACE('',(#752),#7147,.T.);
#7472=ADVANCED_FACE('',(#753),#377,.T.);
#7473=ADVANCED_FACE('',(#754),#378,.T.);
#7474=ADVANCED_FACE('',(#755),#379,.T.);
#7475=ADVANCED_FACE('',(#756),#7148,.T.);
#7476=ADVANCED_FACE('',(#757),#380,.F.);
#7477=ADVANCED_FACE('',(#758),#381,.T.);
#7478=ADVANCED_FACE('',(#759),#382,.T.);
#7479=ADVANCED_FACE('',(#760),#383,.T.);
#7480=ADVANCED_FACE('',(#761),#384,.T.);
#7481=ADVANCED_FACE('',(#762,#183,#184),#385,.F.);
#7482=ADVANCED_FACE('',(#763),#7149,.T.);
#7483=ADVANCED_FACE('',(#764),#386,.T.);
#7484=ADVANCED_FACE('',(#765),#7150,.T.);
#7485=ADVANCED_FACE('',(#766),#387,.T.);
#7486=ADVANCED_FACE('',(#767),#388,.T.);
#7487=ADVANCED_FACE('',(#768),#7151,.T.);
#7488=ADVANCED_FACE('',(#769,#185,#186,#187),#389,.T.);
#7489=ADVANCED_FACE('',(#770),#390,.F.);
#7490=ADVANCED_FACE('',(#771),#391,.T.);
#7491=ADVANCED_FACE('',(#772),#392,.F.);
#7492=ADVANCED_FACE('',(#773),#393,.T.);
#7493=ADVANCED_FACE('',(#774),#394,.T.);
#7494=ADVANCED_FACE('',(#775),#395,.T.);
#7495=ADVANCED_FACE('',(#776),#396,.T.);
#7496=ADVANCED_FACE('',(#777),#397,.F.);
#7497=ADVANCED_FACE('',(#778,#188,#189,#190),#398,.F.);
#7498=ADVANCED_FACE('',(#779),#7152,.T.);
#7499=ADVANCED_FACE('',(#780),#399,.F.);
#7500=ADVANCED_FACE('',(#781),#7153,.T.);
#7501=ADVANCED_FACE('',(#782),#400,.T.);
#7502=ADVANCED_FACE('',(#783),#401,.F.);
#7503=ADVANCED_FACE('',(#784,#191,#192,#193),#402,.T.);
#7504=ADVANCED_FACE('',(#785),#403,.T.);
#7505=ADVANCED_FACE('',(#786),#404,.T.);
#7506=ADVANCED_FACE('',(#787,#194,#195,#196),#405,.F.);
#7507=ADVANCED_FACE('',(#788),#406,.T.);
#7508=ADVANCED_FACE('',(#789),#7154,.F.);
#7509=ADVANCED_FACE('',(#790),#7155,.F.);
#7510=ADVANCED_FACE('',(#791),#107,.F.);
#7511=ADVANCED_FACE('',(#792),#7156,.F.);
#7512=ADVANCED_FACE('',(#793),#7157,.F.);
#7513=ADVANCED_FACE('',(#794),#108,.F.);
#7514=ADVANCED_FACE('',(#795),#109,.F.);
#7515=ADVANCED_FACE('',(#796),#7158,.F.);
#7516=ADVANCED_FACE('',(#797),#7159,.F.);
#7517=ADVANCED_FACE('',(#798),#110,.F.);
#7518=ADVANCED_FACE('',(#799,#197,#198,#199,#200,#201,#202,#203,#204,#205,
#206),#407,.F.);
#7519=ADVANCED_FACE('',(#800),#7160,.F.);
#7520=ADVANCED_FACE('',(#801,#207,#208,#209,#210,#211,#212,#213,#214,#215),
#408,.T.);
#7521=ADVANCED_FACE('',(#802),#409,.T.);
#7522=ADVANCED_FACE('',(#803),#410,.T.);
#7523=ADVANCED_FACE('',(#804),#411,.T.);
#7524=ADVANCED_FACE('',(#805),#7161,.F.);
#7525=ADVANCED_FACE('',(#806),#412,.F.);
#7526=ADVANCED_FACE('',(#807),#413,.T.);
#7527=ADVANCED_FACE('',(#808),#414,.F.);
#7528=ADVANCED_FACE('',(#809),#7162,.F.);
#7529=ADVANCED_FACE('',(#810),#415,.F.);
#7530=ADVANCED_FACE('',(#811),#7163,.F.);
#7531=ADVANCED_FACE('',(#812),#416,.F.);
#7532=ADVANCED_FACE('',(#813),#7164,.F.);
#7533=ADVANCED_FACE('',(#814),#417,.F.);
#7534=ADVANCED_FACE('',(#815),#7165,.F.);
#7535=ADVANCED_FACE('',(#816),#418,.F.);
#7536=ADVANCED_FACE('',(#817),#7166,.F.);
#7537=ADVANCED_FACE('',(#818),#419,.T.);
#7538=ADVANCED_FACE('',(#819),#420,.T.);
#7539=ADVANCED_FACE('',(#820),#7167,.F.);
#7540=ADVANCED_FACE('',(#821,#216,#217,#218,#219,#220,#221),#421,.T.);
#7541=ADVANCED_FACE('',(#822),#422,.T.);
#7542=ADVANCED_FACE('',(#823),#7168,.F.);
#7543=ADVANCED_FACE('',(#824),#423,.F.);
#7544=ADVANCED_FACE('',(#825),#7169,.F.);
#7545=ADVANCED_FACE('',(#826),#424,.F.);
#7546=ADVANCED_FACE('',(#827),#7170,.F.);
#7547=ADVANCED_FACE('',(#828),#425,.F.);
#7548=ADVANCED_FACE('',(#829),#426,.F.);
#7549=ADVANCED_FACE('',(#830),#7171,.F.);
#7550=ADVANCED_FACE('',(#831),#427,.F.);
#7551=ADVANCED_FACE('',(#832),#7172,.F.);
#7552=ADVANCED_FACE('',(#833),#428,.F.);
#7553=ADVANCED_FACE('',(#834),#429,.F.);
#7554=ADVANCED_FACE('',(#835),#7173,.F.);
#7555=ADVANCED_FACE('',(#836),#430,.F.);
#7556=ADVANCED_FACE('',(#837),#7174,.F.);
#7557=ADVANCED_FACE('',(#838),#431,.F.);
#7558=ADVANCED_FACE('',(#839),#7175,.F.);
#7559=ADVANCED_FACE('',(#840),#432,.F.);
#7560=ADVANCED_FACE('',(#841),#7176,.F.);
#7561=ADVANCED_FACE('',(#842),#433,.T.);
#7562=ADVANCED_FACE('',(#843,#222),#434,.T.);
#7563=ADVANCED_FACE('',(#844),#7177,.T.);
#7564=ADVANCED_FACE('',(#845),#435,.T.);
#7565=ADVANCED_FACE('',(#846),#7178,.T.);
#7566=ADVANCED_FACE('',(#847),#7179,.F.);
#7567=ADVANCED_FACE('',(#848,#223),#436,.F.);
#7568=ADVANCED_FACE('',(#849),#7180,.F.);
#7569=ADVANCED_FACE('',(#850),#7181,.F.);
#7570=ADVANCED_FACE('',(#851),#437,.F.);
#7571=ADVANCED_FACE('',(#852),#7182,.F.);
#7572=ADVANCED_FACE('',(#853),#438,.F.);
#7573=ADVANCED_FACE('',(#854),#439,.T.);
#7574=ADVANCED_FACE('',(#855),#440,.T.);
#7575=ADVANCED_FACE('',(#856),#441,.T.);
#7576=ADVANCED_FACE('',(#857),#442,.T.);
#7577=ADVANCED_FACE('',(#858),#7183,.F.);
#7578=ADVANCED_FACE('',(#859),#443,.F.);
#7579=ADVANCED_FACE('',(#860),#7184,.F.);
#7580=ADVANCED_FACE('',(#861),#444,.F.);
#7581=ADVANCED_FACE('',(#862),#7185,.F.);
#7582=ADVANCED_FACE('',(#863),#445,.F.);
#7583=ADVANCED_FACE('',(#864),#7186,.F.);
#7584=ADVANCED_FACE('',(#865),#446,.F.);
#7585=ADVANCED_FACE('',(#866),#7187,.F.);
#7586=ADVANCED_FACE('',(#867),#447,.F.);
#7587=ADVANCED_FACE('',(#868),#7188,.F.);
#7588=ADVANCED_FACE('',(#869),#448,.F.);
#7589=ADVANCED_FACE('',(#870),#7189,.F.);
#7590=ADVANCED_FACE('',(#871),#449,.F.);
#7591=ADVANCED_FACE('',(#872),#7190,.F.);
#7592=ADVANCED_FACE('',(#873),#450,.T.);
#7593=ADVANCED_FACE('',(#874),#7191,.F.);
#7594=ADVANCED_FACE('',(#875),#451,.F.);
#7595=ADVANCED_FACE('',(#876,#224),#452,.F.);
#7596=ADVANCED_FACE('',(#877),#7192,.F.);
#7597=ADVANCED_FACE('',(#878),#453,.F.);
#7598=ADVANCED_FACE('',(#879),#7193,.F.);
#7599=ADVANCED_FACE('',(#880),#454,.F.);
#7600=ADVANCED_FACE('',(#881),#455,.F.);
#7601=ADVANCED_FACE('',(#882),#456,.F.);
#7602=ADVANCED_FACE('',(#883),#457,.F.);
#7603=ADVANCED_FACE('',(#884),#458,.F.);
#7604=ADVANCED_FACE('',(#885),#7194,.F.);
#7605=ADVANCED_FACE('',(#886),#7195,.F.);
#7606=ADVANCED_FACE('',(#887),#459,.F.);
#7607=ADVANCED_FACE('',(#888),#7196,.F.);
#7608=ADVANCED_FACE('',(#889),#460,.F.);
#7609=ADVANCED_FACE('',(#890),#7197,.F.);
#7610=ADVANCED_FACE('',(#891,#225),#461,.F.);
#7611=ADVANCED_FACE('',(#892),#7198,.F.);
#7612=ADVANCED_FACE('',(#893),#7199,.F.);
#7613=ADVANCED_FACE('',(#894,#226),#462,.F.);
#7614=ADVANCED_FACE('',(#895),#7200,.F.);
#7615=ADVANCED_FACE('',(#896),#7201,.F.);
#7616=ADVANCED_FACE('',(#897,#227),#463,.F.);
#7617=ADVANCED_FACE('',(#898),#7202,.F.);
#7618=ADVANCED_FACE('',(#899),#7203,.F.);
#7619=ADVANCED_FACE('',(#900),#464,.F.);
#7620=OPEN_SHELL('',(#7204));
#7621=OPEN_SHELL('',(#7205));
#7622=OPEN_SHELL('',(#7206,#7207));
#7623=OPEN_SHELL('',(#7208,#7209));
#7624=OPEN_SHELL('',(#7210,#7211));
#7625=OPEN_SHELL('',(#7212));
#7626=OPEN_SHELL('',(#7213));
#7627=OPEN_SHELL('',(#7214,#7215));
#7628=OPEN_SHELL('',(#7216));
#7629=OPEN_SHELL('',(#7217));
#7630=OPEN_SHELL('',(#7218,#7219));
#7631=SHELL_BASED_SURFACE_MODEL('Body1',(#7620));
#7632=SHELL_BASED_SURFACE_MODEL('Body2',(#7621));
#7633=SHELL_BASED_SURFACE_MODEL('Body3',(#7622));
#7634=SHELL_BASED_SURFACE_MODEL('Body4',(#7623));
#7635=SHELL_BASED_SURFACE_MODEL('Body5',(#7624));
#7636=SHELL_BASED_SURFACE_MODEL('Body6',(#7625));
#7637=SHELL_BASED_SURFACE_MODEL('Body7',(#7626));
#7638=SHELL_BASED_SURFACE_MODEL('Body8',(#7627));
#7639=SHELL_BASED_SURFACE_MODEL('Body9',(#7628));
#7640=SHELL_BASED_SURFACE_MODEL('Body10',(#7629));
#7641=SHELL_BASED_SURFACE_MODEL('Body11',(#7630));
#7642=DERIVED_UNIT_ELEMENT(#7660,1.);
#7643=DERIVED_UNIT_ELEMENT(#13156,-3.);
#7644=DERIVED_UNIT_ELEMENT(#7660,1.);
#7645=DERIVED_UNIT_ELEMENT(#13156,-3.);
#7646=DERIVED_UNIT_ELEMENT(#7660,1.);
#7647=DERIVED_UNIT_ELEMENT(#13156,-3.);
#7648=DERIVED_UNIT_ELEMENT(#7660,1.);
#7649=DERIVED_UNIT_ELEMENT(#13156,-3.);
#7650=DERIVED_UNIT_ELEMENT(#7660,1.);
#7651=DERIVED_UNIT_ELEMENT(#13156,-3.);
#7652=DERIVED_UNIT_ELEMENT(#7660,1.);
#7653=DERIVED_UNIT_ELEMENT(#13156,-3.);
#7654=DERIVED_UNIT_ELEMENT(#7660,1.);
#7655=DERIVED_UNIT_ELEMENT(#13156,-3.);
#7656=DERIVED_UNIT_ELEMENT(#7660,1.);
#7657=DERIVED_UNIT_ELEMENT(#13156,-3.);
#7658=DERIVED_UNIT_ELEMENT(#7660,1.);
#7659=DERIVED_UNIT_ELEMENT(#13156,-3.);
#7660=(
MASS_UNIT()
NAMED_UNIT(*)
SI_UNIT(.KILO.,.GRAM.)
);
#7661=DERIVED_UNIT((#7642,#7643));
#7662=DERIVED_UNIT((#7644,#7645));
#7663=DERIVED_UNIT((#7646,#7647));
#7664=DERIVED_UNIT((#7648,#7649));
#7665=DERIVED_UNIT((#7650,#7651));
#7666=DERIVED_UNIT((#7652,#7653));
#7667=DERIVED_UNIT((#7654,#7655));
#7668=DERIVED_UNIT((#7656,#7657));
#7669=DERIVED_UNIT((#7658,#7659));
#7670=MEASURE_REPRESENTATION_ITEM('density measure',
POSITIVE_RATIO_MEASURE(7850.),#7661);
#7671=MEASURE_REPRESENTATION_ITEM('density measure',
POSITIVE_RATIO_MEASURE(7850.),#7662);
#7672=MEASURE_REPRESENTATION_ITEM('density measure',
POSITIVE_RATIO_MEASURE(7850.),#7663);
#7673=MEASURE_REPRESENTATION_ITEM('density measure',
POSITIVE_RATIO_MEASURE(7850.),#7664);
#7674=MEASURE_REPRESENTATION_ITEM('density measure',
POSITIVE_RATIO_MEASURE(7850.),#7665);
#7675=MEASURE_REPRESENTATION_ITEM('density measure',
POSITIVE_RATIO_MEASURE(7850.),#7666);
#7676=MEASURE_REPRESENTATION_ITEM('density measure',
POSITIVE_RATIO_MEASURE(7850.),#7667);
#7677=MEASURE_REPRESENTATION_ITEM('density measure',
POSITIVE_RATIO_MEASURE(7850.),#7668);
#7678=MEASURE_REPRESENTATION_ITEM('density measure',
POSITIVE_RATIO_MEASURE(7850.),#7669);
#7679=PROPERTY_DEFINITION_REPRESENTATION(#7724,#7697);
#7680=PROPERTY_DEFINITION_REPRESENTATION(#7725,#7698);
#7681=PROPERTY_DEFINITION_REPRESENTATION(#7726,#7699);
#7682=PROPERTY_DEFINITION_REPRESENTATION(#7727,#7700);
#7683=PROPERTY_DEFINITION_REPRESENTATION(#7728,#7701);
#7684=PROPERTY_DEFINITION_REPRESENTATION(#7729,#7702);
#7685=PROPERTY_DEFINITION_REPRESENTATION(#7730,#7703);
#7686=PROPERTY_DEFINITION_REPRESENTATION(#7731,#7704);
#7687=PROPERTY_DEFINITION_REPRESENTATION(#7732,#7705);
#7688=PROPERTY_DEFINITION_REPRESENTATION(#7733,#7706);
#7689=PROPERTY_DEFINITION_REPRESENTATION(#7734,#7707);
#7690=PROPERTY_DEFINITION_REPRESENTATION(#7735,#7708);
#7691=PROPERTY_DEFINITION_REPRESENTATION(#7736,#7709);
#7692=PROPERTY_DEFINITION_REPRESENTATION(#7737,#7710);
#7693=PROPERTY_DEFINITION_REPRESENTATION(#7738,#7711);
#7694=PROPERTY_DEFINITION_REPRESENTATION(#7739,#7712);
#7695=PROPERTY_DEFINITION_REPRESENTATION(#7740,#7713);
#7696=PROPERTY_DEFINITION_REPRESENTATION(#7741,#7714);
#7697=REPRESENTATION('material name',(#7715),#13142);
#7698=REPRESENTATION('density',(#7670),#13142);
#7699=REPRESENTATION('material name',(#7716),#13143);
#7700=REPRESENTATION('density',(#7671),#13143);
#7701=REPRESENTATION('material name',(#7717),#13144);
#7702=REPRESENTATION('density',(#7672),#13144);
#7703=REPRESENTATION('material name',(#7718),#13145);
#7704=REPRESENTATION('density',(#7673),#13145);
#7705=REPRESENTATION('material name',(#7719),#13147);
#7706=REPRESENTATION('density',(#7674),#13147);
#7707=REPRESENTATION('material name',(#7720),#13148);
#7708=REPRESENTATION('density',(#7675),#13148);
#7709=REPRESENTATION('material name',(#7721),#13149);
#7710=REPRESENTATION('density',(#7676),#13149);
#7711=REPRESENTATION('material name',(#7722),#13150);
#7712=REPRESENTATION('density',(#7677),#13150);
#7713=REPRESENTATION('material name',(#7723),#13151);
#7714=REPRESENTATION('density',(#7678),#13151);
#7715=DESCRIPTIVE_REPRESENTATION_ITEM('Steel','Steel');
#7716=DESCRIPTIVE_REPRESENTATION_ITEM('Steel','Steel');
#7717=DESCRIPTIVE_REPRESENTATION_ITEM('Steel','Steel');
#7718=DESCRIPTIVE_REPRESENTATION_ITEM('Steel','Steel');
#7719=DESCRIPTIVE_REPRESENTATION_ITEM('Steel','Steel');
#7720=DESCRIPTIVE_REPRESENTATION_ITEM('Steel','Steel');
#7721=DESCRIPTIVE_REPRESENTATION_ITEM('Steel','Steel');
#7722=DESCRIPTIVE_REPRESENTATION_ITEM('Steel','Steel');
#7723=DESCRIPTIVE_REPRESENTATION_ITEM('Steel','Steel');
#7724=PROPERTY_DEFINITION('material property','material name',#13215);
#7725=PROPERTY_DEFINITION('material property','density of part',#13215);
#7726=PROPERTY_DEFINITION('material property','material name',#13216);
#7727=PROPERTY_DEFINITION('material property','density of part',#13216);
#7728=PROPERTY_DEFINITION('material property','material name',#13217);
#7729=PROPERTY_DEFINITION('material property','density of part',#13217);
#7730=PROPERTY_DEFINITION('material property','material name',#13218);
#7731=PROPERTY_DEFINITION('material property','density of part',#13218);
#7732=PROPERTY_DEFINITION('material property','material name',#13220);
#7733=PROPERTY_DEFINITION('material property','density of part',#13220);
#7734=PROPERTY_DEFINITION('material property','material name',#13221);
#7735=PROPERTY_DEFINITION('material property','density of part',#13221);
#7736=PROPERTY_DEFINITION('material property','material name',#13222);
#7737=PROPERTY_DEFINITION('material property','density of part',#13222);
#7738=PROPERTY_DEFINITION('material property','material name',#13223);
#7739=PROPERTY_DEFINITION('material property','density of part',#13223);
#7740=PROPERTY_DEFINITION('material property','material name',#13224);
#7741=PROPERTY_DEFINITION('material property','density of part',#13224);
#7742=AXIS2_PLACEMENT_3D('',#10827,#8535,#8536);
#7743=AXIS2_PLACEMENT_3D('',#10828,#8537,#8538);
#7744=AXIS2_PLACEMENT_3D('',#10829,#8539,#8540);
#7745=AXIS2_PLACEMENT_3D('',#10830,#8541,#8542);
#7746=AXIS2_PLACEMENT_3D('',#10831,#8543,#8544);
#7747=AXIS2_PLACEMENT_3D('',#10833,#8545,#8546);
#7748=AXIS2_PLACEMENT_3D('',#10836,#8548,#8549);
#7749=AXIS2_PLACEMENT_3D('',#10837,#8550,#8551);
#7750=AXIS2_PLACEMENT_3D('',#10839,#8552,#8553);
#7751=AXIS2_PLACEMENT_3D('',#10842,#8555,#8556);
#7752=AXIS2_PLACEMENT_3D('',#10843,#8557,#8558);
#7753=AXIS2_PLACEMENT_3D('',#10845,#8559,#8560);
#7754=AXIS2_PLACEMENT_3D('',#10848,#8562,#8563);
#7755=AXIS2_PLACEMENT_3D('',#10849,#8564,#8565);
#7756=AXIS2_PLACEMENT_3D('',#10851,#8566,#8567);
#7757=AXIS2_PLACEMENT_3D('',#10852,#8568,#8569);
#7758=AXIS2_PLACEMENT_3D('',#10854,#8570,#8571);
#7759=AXIS2_PLACEMENT_3D('',#10857,#8573,#8574);
#7760=AXIS2_PLACEMENT_3D('',#10858,#8575,#8576);
#7761=AXIS2_PLACEMENT_3D('',#10860,#8577,#8578);
#7762=AXIS2_PLACEMENT_3D('',#10861,#8579,#8580);
#7763=AXIS2_PLACEMENT_3D('',#10863,#8581,#8582);
#7764=AXIS2_PLACEMENT_3D('',#10866,#8584,#8585);
#7765=AXIS2_PLACEMENT_3D('',#10867,#8586,#8587);
#7766=AXIS2_PLACEMENT_3D('',#10869,#8588,#8589);
#7767=AXIS2_PLACEMENT_3D('',#10870,#8590,#8591);
#7768=AXIS2_PLACEMENT_3D('',#10872,#8592,#8593);
#7769=AXIS2_PLACEMENT_3D('',#10875,#8595,#8596);
#7770=AXIS2_PLACEMENT_3D('',#10876,#8597,#8598);
#7771=AXIS2_PLACEMENT_3D('',#10878,#8599,#8600);
#7772=AXIS2_PLACEMENT_3D('',#10881,#8602,#8603);
#7773=AXIS2_PLACEMENT_3D('',#10882,#8604,#8605);
#7774=AXIS2_PLACEMENT_3D('',#10884,#8606,#8607);
#7775=AXIS2_PLACEMENT_3D('',#10887,#8609,#8610);
#7776=AXIS2_PLACEMENT_3D('',#10888,#8611,#8612);
#7777=AXIS2_PLACEMENT_3D('',#10890,#8613,#8614);
#7778=AXIS2_PLACEMENT_3D('',#10891,#8615,#8616);
#7779=AXIS2_PLACEMENT_3D('',#10893,#8617,#8618);
#7780=AXIS2_PLACEMENT_3D('',#10896,#8620,#8621);
#7781=AXIS2_PLACEMENT_3D('',#10897,#8622,#8623);
#7782=AXIS2_PLACEMENT_3D('',#10899,#8624,#8625);
#7783=AXIS2_PLACEMENT_3D('',#10902,#8627,#8628);
#7784=AXIS2_PLACEMENT_3D('',#10903,#8629,#8630);
#7785=AXIS2_PLACEMENT_3D('',#10905,#8631,#8632);
#7786=AXIS2_PLACEMENT_3D('',#10908,#8634,#8635);
#7787=AXIS2_PLACEMENT_3D('',#10909,#8636,#8637);
#7788=AXIS2_PLACEMENT_3D('',#10911,#8638,#8639);
#7789=AXIS2_PLACEMENT_3D('',#10912,#8640,#8641);
#7790=AXIS2_PLACEMENT_3D('',#10922,#8646,#8647);
#7791=AXIS2_PLACEMENT_3D('',#10924,#8648,#8649);
#7792=AXIS2_PLACEMENT_3D('',#10931,#8652,#8653);
#7793=AXIS2_PLACEMENT_3D('',#10935,#8655,#8656);
#7794=AXIS2_PLACEMENT_3D('',#10939,#8658,#8659);
#7795=AXIS2_PLACEMENT_3D('',#10943,#8661,#8662);
#7796=AXIS2_PLACEMENT_3D('',#10949,#8665,#8666);
#7797=AXIS2_PLACEMENT_3D('',#10953,#8668,#8669);
#7798=AXIS2_PLACEMENT_3D('',#10957,#8671,#8672);
#7799=AXIS2_PLACEMENT_3D('',#10961,#8674,#8675);
#7800=AXIS2_PLACEMENT_3D('',#10963,#8677,#8678);
#7801=AXIS2_PLACEMENT_3D('',#10993,#8694,#8695);
#7802=AXIS2_PLACEMENT_3D('',#10997,#8697,#8698);
#7803=AXIS2_PLACEMENT_3D('',#11003,#8701,#8702);
#7804=AXIS2_PLACEMENT_3D('',#11008,#8705,#8706);
#7805=AXIS2_PLACEMENT_3D('',#11010,#8707,#8708);
#7806=AXIS2_PLACEMENT_3D('',#11011,#8709,#8710);
#7807=AXIS2_PLACEMENT_3D('',#11017,#8713,#8714);
#7808=AXIS2_PLACEMENT_3D('',#11020,#8716,#8717);
#7809=AXIS2_PLACEMENT_3D('',#11021,#8718,#8719);
#7810=AXIS2_PLACEMENT_3D('',#11025,#8722,#8723);
#7811=AXIS2_PLACEMENT_3D('',#11034,#8729,#8730);
#7812=AXIS2_PLACEMENT_3D('',#11036,#8731,#8732);
#7813=AXIS2_PLACEMENT_3D('',#11038,#8734,#8735);
#7814=AXIS2_PLACEMENT_3D('',#11048,#8741,#8742);
#7815=AXIS2_PLACEMENT_3D('',#11052,#8744,#8745);
#7816=AXIS2_PLACEMENT_3D('',#11055,#8747,#8748);
#7817=AXIS2_PLACEMENT_3D('',#11056,#8749,#8750);
#7818=AXIS2_PLACEMENT_3D('',#11059,#8752,#8753);
#7819=AXIS2_PLACEMENT_3D('',#11060,#8754,#8755);
#7820=AXIS2_PLACEMENT_3D('',#11063,#8756,#8757);
#7821=AXIS2_PLACEMENT_3D('',#11067,#8759,#8760);
#7822=AXIS2_PLACEMENT_3D('',#11071,#8762,#8763);
#7823=AXIS2_PLACEMENT_3D('',#11075,#8765,#8766);
#7824=AXIS2_PLACEMENT_3D('',#11083,#8770,#8771);
#7825=AXIS2_PLACEMENT_3D('',#11087,#8773,#8774);
#7826=AXIS2_PLACEMENT_3D('',#11093,#8777,#8778);
#7827=AXIS2_PLACEMENT_3D('',#11097,#8780,#8781);
#7828=AXIS2_PLACEMENT_3D('',#11101,#8783,#8784);
#7829=AXIS2_PLACEMENT_3D('',#11105,#8786,#8787);
#7830=AXIS2_PLACEMENT_3D('',#11110,#8790,#8791);
#7831=AXIS2_PLACEMENT_3D('',#11112,#8792,#8793);
#7832=AXIS2_PLACEMENT_3D('',#11114,#8794,#8795);
#7833=AXIS2_PLACEMENT_3D('',#11116,#8796,#8797);
#7834=AXIS2_PLACEMENT_3D('',#11118,#8798,#8799);
#7835=AXIS2_PLACEMENT_3D('',#11120,#8800,#8801);
#7836=AXIS2_PLACEMENT_3D('',#11122,#8802,#8803);
#7837=AXIS2_PLACEMENT_3D('',#11124,#8804,#8805);
#7838=AXIS2_PLACEMENT_3D('',#11126,#8806,#8807);
#7839=AXIS2_PLACEMENT_3D('',#11128,#8808,#8809);
#7840=AXIS2_PLACEMENT_3D('',#11129,#8810,#8811);
#7841=AXIS2_PLACEMENT_3D('',#11132,#8813,#8814);
#7842=AXIS2_PLACEMENT_3D('',#11133,#8815,#8816);
#7843=AXIS2_PLACEMENT_3D('',#11136,#8818,#8819);
#7844=AXIS2_PLACEMENT_3D('',#11137,#8820,#8821);
#7845=AXIS2_PLACEMENT_3D('',#11147,#8826,#8827);
#7846=AXIS2_PLACEMENT_3D('',#11148,#8828,#8829);
#7847=AXIS2_PLACEMENT_3D('',#11155,#8832,#8833);
#7848=AXIS2_PLACEMENT_3D('',#11159,#8835,#8836);
#7849=AXIS2_PLACEMENT_3D('',#11163,#8838,#8839);
#7850=AXIS2_PLACEMENT_3D('',#11167,#8841,#8842);
#7851=AXIS2_PLACEMENT_3D('',#11178,#8848,#8849);
#7852=AXIS2_PLACEMENT_3D('',#11181,#8851,#8852);
#7853=AXIS2_PLACEMENT_3D('',#11185,#8854,#8855);
#7854=AXIS2_PLACEMENT_3D('',#11191,#8858,#8859);
#7855=AXIS2_PLACEMENT_3D('',#11201,#8865,#8866);
#7856=AXIS2_PLACEMENT_3D('',#11203,#8867,#8868);
#7857=AXIS2_PLACEMENT_3D('',#11205,#8869,#8870);
#7858=AXIS2_PLACEMENT_3D('',#11207,#8871,#8872);
#7859=AXIS2_PLACEMENT_3D('',#11209,#8873,#8874);
#7860=AXIS2_PLACEMENT_3D('',#11210,#8875,#8876);
#7861=AXIS2_PLACEMENT_3D('',#11213,#8878,#8879);
#7862=AXIS2_PLACEMENT_3D('',#11214,#8880,#8881);
#7863=AXIS2_PLACEMENT_3D('',#11220,#8885,#8886);
#7864=AXIS2_PLACEMENT_3D('',#11232,#8893,#8894);
#7865=AXIS2_PLACEMENT_3D('',#11236,#8896,#8897);
#7866=AXIS2_PLACEMENT_3D('',#11237,#8898,#8899);
#7867=AXIS2_PLACEMENT_3D('',#11238,#8900,#8901);
#7868=AXIS2_PLACEMENT_3D('',#11244,#8905,#8906);
#7869=AXIS2_PLACEMENT_3D('',#11246,#8907,#8908);
#7870=AXIS2_PLACEMENT_3D('',#11249,#8910,#8911);
#7871=AXIS2_PLACEMENT_3D('',#11253,#8914,#8915);
#7872=AXIS2_PLACEMENT_3D('',#11255,#8917,#8918);
#7873=AXIS2_PLACEMENT_3D('',#11256,#8919,#8920);
#7874=AXIS2_PLACEMENT_3D('',#11259,#8922,#8923);
#7875=AXIS2_PLACEMENT_3D('',#11260,#8924,#8925);
#7876=AXIS2_PLACEMENT_3D('',#11262,#8926,#8927);
#7877=AXIS2_PLACEMENT_3D('',#11266,#8929,#8930);
#7878=AXIS2_PLACEMENT_3D('',#11269,#8932,#8933);
#7879=AXIS2_PLACEMENT_3D('',#11271,#8934,#8935);
#7880=AXIS2_PLACEMENT_3D('',#11273,#8936,#8937);
#7881=AXIS2_PLACEMENT_3D('',#11276,#8938,#8939);
#7882=AXIS2_PLACEMENT_3D('',#11280,#8941,#8942);
#7883=AXIS2_PLACEMENT_3D('',#11284,#8944,#8945);
#7884=AXIS2_PLACEMENT_3D('',#11288,#8947,#8948);
#7885=AXIS2_PLACEMENT_3D('',#11292,#8950,#8951);
#7886=AXIS2_PLACEMENT_3D('',#11296,#8953,#8954);
#7887=AXIS2_PLACEMENT_3D('',#11300,#8956,#8957);
#7888=AXIS2_PLACEMENT_3D('',#11304,#8959,#8960);
#7889=AXIS2_PLACEMENT_3D('',#11308,#8963,#8964);
#7890=AXIS2_PLACEMENT_3D('',#11309,#8965,#8966);
#7891=AXIS2_PLACEMENT_3D('',#11311,#8968,#8969);
#7892=AXIS2_PLACEMENT_3D('',#11313,#8971,#8972);
#7893=AXIS2_PLACEMENT_3D('',#11315,#8974,#8975);
#7894=AXIS2_PLACEMENT_3D('',#11318,#8978,#8979);
#7895=AXIS2_PLACEMENT_3D('',#11319,#8980,#8981);
#7896=AXIS2_PLACEMENT_3D('',#11325,#8985,#8986);
#7897=AXIS2_PLACEMENT_3D('',#11330,#8989,#8990);
#7898=AXIS2_PLACEMENT_3D('',#11331,#8991,#8992);
#7899=AXIS2_PLACEMENT_3D('',#11333,#8993,#8994);
#7900=AXIS2_PLACEMENT_3D('',#11335,#8995,#8996);
#7901=AXIS2_PLACEMENT_3D('',#11336,#8997,#8998);
#7902=AXIS2_PLACEMENT_3D('',#11338,#9000,#9001);
#7903=AXIS2_PLACEMENT_3D('',#11340,#9003,#9004);
#7904=AXIS2_PLACEMENT_3D('',#11342,#9006,#9007);
#7905=AXIS2_PLACEMENT_3D('',#11343,#9008,#9009);
#7906=AXIS2_PLACEMENT_3D('',#11345,#9011,#9012);
#7907=AXIS2_PLACEMENT_3D('',#11346,#9013,#9014);
#7908=AXIS2_PLACEMENT_3D('',#11348,#9015,#9016);
#7909=AXIS2_PLACEMENT_3D('',#11350,#9018,#9019);
#7910=AXIS2_PLACEMENT_3D('',#11352,#9020,#9021);
#7911=AXIS2_PLACEMENT_3D('',#11354,#9023,#9024);
#7912=AXIS2_PLACEMENT_3D('',#11363,#9029,#9030);
#7913=AXIS2_PLACEMENT_3D('',#11367,#9034,#9035);
#7914=AXIS2_PLACEMENT_3D('',#11369,#9037,#9038);
#7915=AXIS2_PLACEMENT_3D('',#11372,#9041,#9042);
#7916=AXIS2_PLACEMENT_3D('',#11373,#9043,#9044);
#7917=AXIS2_PLACEMENT_3D('',#11375,#9046,#9047);
#7918=AXIS2_PLACEMENT_3D('',#11377,#9049,#9050);
#7919=AXIS2_PLACEMENT_3D('',#11379,#9052,#9053);
#7920=AXIS2_PLACEMENT_3D('',#11385,#9056,#9057);
#7921=AXIS2_PLACEMENT_3D('',#11388,#9059,#9060);
#7922=AXIS2_PLACEMENT_3D('',#11389,#9061,#9062);
#7923=AXIS2_PLACEMENT_3D('',#11394,#9066,#9067);
#7924=AXIS2_PLACEMENT_3D('',#11398,#9069,#9070);
#7925=AXIS2_PLACEMENT_3D('',#11402,#9072,#9073);
#7926=AXIS2_PLACEMENT_3D('',#11405,#9075,#9076);
#7927=AXIS2_PLACEMENT_3D('',#11409,#9078,#9079);
#7928=AXIS2_PLACEMENT_3D('',#11411,#9081,#9082);
#7929=AXIS2_PLACEMENT_3D('',#11415,#9085,#9086);
#7930=AXIS2_PLACEMENT_3D('',#11429,#9088,#9089);
#7931=AXIS2_PLACEMENT_3D('',#11431,#9091,#9092);
#7932=AXIS2_PLACEMENT_3D('',#11433,#9094,#9095);
#7933=AXIS2_PLACEMENT_3D('',#11434,#9096,#9097);
#7934=AXIS2_PLACEMENT_3D('',#11437,#9100,#9101);
#7935=AXIS2_PLACEMENT_3D('',#11439,#9103,#9104);
#7936=AXIS2_PLACEMENT_3D('',#11441,#9106,#9107);
#7937=AXIS2_PLACEMENT_3D('',#11443,#9109,#9110);
#7938=AXIS2_PLACEMENT_3D('',#11445,#9112,#9113);
#7939=AXIS2_PLACEMENT_3D('',#11446,#9114,#9115);
#7940=AXIS2_PLACEMENT_3D('',#11448,#9117,#9118);
#7941=AXIS2_PLACEMENT_3D('',#11450,#9120,#9121);
#7942=AXIS2_PLACEMENT_3D('',#11452,#9123,#9124);
#7943=AXIS2_PLACEMENT_3D('',#11455,#9127,#9128);
#7944=AXIS2_PLACEMENT_3D('',#11457,#9130,#9131);
#7945=AXIS2_PLACEMENT_3D('',#11459,#9133,#9134);
#7946=AXIS2_PLACEMENT_3D('',#11461,#9136,#9137);
#7947=AXIS2_PLACEMENT_3D('',#11463,#9139,#9140);
#7948=AXIS2_PLACEMENT_3D('',#11465,#9142,#9143);
#7949=AXIS2_PLACEMENT_3D('',#11466,#9144,#9145);
#7950=AXIS2_PLACEMENT_3D('',#11470,#9148,#9149);
#7951=AXIS2_PLACEMENT_3D('',#11472,#9150,#9151);
#7952=AXIS2_PLACEMENT_3D('',#11476,#9153,#9154);
#7953=AXIS2_PLACEMENT_3D('',#11480,#9157,#9158);
#7954=AXIS2_PLACEMENT_3D('',#11481,#9159,#9160);
#7955=AXIS2_PLACEMENT_3D('',#11483,#9162,#9163);
#7956=AXIS2_PLACEMENT_3D('',#11485,#9165,#9166);
#7957=AXIS2_PLACEMENT_3D('',#11487,#9168,#9169);
#7958=AXIS2_PLACEMENT_3D('',#11488,#9170,#9171);
#7959=AXIS2_PLACEMENT_3D('',#11491,#9173,#9174);
#7960=AXIS2_PLACEMENT_3D('',#11493,#9175,#9176);
#7961=AXIS2_PLACEMENT_3D('',#11494,#9177,#9178);
#7962=AXIS2_PLACEMENT_3D('',#11496,#9179,#9180);
#7963=AXIS2_PLACEMENT_3D('',#11497,#9181,#9182);
#7964=AXIS2_PLACEMENT_3D('',#11499,#9183,#9184);
#7965=AXIS2_PLACEMENT_3D('',#11501,#9186,#9187);
#7966=AXIS2_PLACEMENT_3D('',#11503,#9188,#9189);
#7967=AXIS2_PLACEMENT_3D('',#11505,#9191,#9192);
#7968=AXIS2_PLACEMENT_3D('',#11508,#9194,#9195);
#7969=AXIS2_PLACEMENT_3D('',#11510,#9196,#9197);
#7970=AXIS2_PLACEMENT_3D('',#11512,#9199,#9200);
#7971=AXIS2_PLACEMENT_3D('',#11514,#9201,#9202);
#7972=AXIS2_PLACEMENT_3D('',#11516,#9204,#9205);
#7973=AXIS2_PLACEMENT_3D('',#11519,#9207,#9208);
#7974=AXIS2_PLACEMENT_3D('',#11521,#9209,#9210);
#7975=AXIS2_PLACEMENT_3D('',#11523,#9212,#9213);
#7976=AXIS2_PLACEMENT_3D('',#11525,#9214,#9215);
#7977=AXIS2_PLACEMENT_3D('',#11527,#9217,#9218);
#7978=AXIS2_PLACEMENT_3D('',#11530,#9220,#9221);
#7979=AXIS2_PLACEMENT_3D('',#11532,#9222,#9223);
#7980=AXIS2_PLACEMENT_3D('',#11534,#9225,#9226);
#7981=AXIS2_PLACEMENT_3D('',#11536,#9227,#9228);
#7982=AXIS2_PLACEMENT_3D('',#11538,#9230,#9231);
#7983=AXIS2_PLACEMENT_3D('',#11541,#9233,#9234);
#7984=AXIS2_PLACEMENT_3D('',#11543,#9236,#9237);
#7985=AXIS2_PLACEMENT_3D('',#11547,#9239,#9240);
#7986=AXIS2_PLACEMENT_3D('',#11549,#9242,#9243);
#7987=AXIS2_PLACEMENT_3D('',#11553,#9246,#9247);
#7988=AXIS2_PLACEMENT_3D('',#11555,#9248,#9249);
#7989=AXIS2_PLACEMENT_3D('',#11557,#9251,#9252);
#7990=AXIS2_PLACEMENT_3D('',#11559,#9254,#9255);
#7991=AXIS2_PLACEMENT_3D('',#11560,#9256,#9257);
#7992=AXIS2_PLACEMENT_3D('',#11563,#9258,#9259);
#7993=AXIS2_PLACEMENT_3D('',#11567,#9261,#9262);
#7994=AXIS2_PLACEMENT_3D('',#11569,#9264,#9265);
#7995=AXIS2_PLACEMENT_3D('',#11572,#9268,#9269);
#7996=AXIS2_PLACEMENT_3D('',#11574,#9271,#9272);
#7997=AXIS2_PLACEMENT_3D('',#11576,#9274,#9275);
#7998=AXIS2_PLACEMENT_3D('',#11577,#9276,#9277);
#7999=AXIS2_PLACEMENT_3D('',#11581,#9279,#9280);
#8000=AXIS2_PLACEMENT_3D('',#11583,#9282,#9283);
#8001=AXIS2_PLACEMENT_3D('',#11587,#9286,#9287);
#8002=AXIS2_PLACEMENT_3D('',#11589,#9288,#9289);
#8003=AXIS2_PLACEMENT_3D('',#11591,#9291,#9292);
#8004=AXIS2_PLACEMENT_3D('',#11593,#9294,#9295);
#8005=AXIS2_PLACEMENT_3D('',#11594,#9296,#9297);
#8006=AXIS2_PLACEMENT_3D('',#11597,#9298,#9299);
#8007=AXIS2_PLACEMENT_3D('',#11601,#9301,#9302);
#8008=AXIS2_PLACEMENT_3D('',#11603,#9304,#9305);
#8009=AXIS2_PLACEMENT_3D('',#11606,#9308,#9309);
#8010=AXIS2_PLACEMENT_3D('',#11608,#9311,#9312);
#8011=AXIS2_PLACEMENT_3D('',#11610,#9314,#9315);
#8012=AXIS2_PLACEMENT_3D('',#11611,#9316,#9317);
#8013=AXIS2_PLACEMENT_3D('',#11613,#9319,#9320);
#8014=AXIS2_PLACEMENT_3D('',#11614,#9321,#9322);
#8015=AXIS2_PLACEMENT_3D('',#11616,#9323,#9324);
#8016=AXIS2_PLACEMENT_3D('',#11618,#9326,#9327);
#8017=AXIS2_PLACEMENT_3D('',#11620,#9329,#9330);
#8018=AXIS2_PLACEMENT_3D('',#11622,#9331,#9332);
#8019=AXIS2_PLACEMENT_3D('',#11624,#9334,#9335);
#8020=AXIS2_PLACEMENT_3D('',#11626,#9336,#9337);
#8021=AXIS2_PLACEMENT_3D('',#11628,#9339,#9340);
#8022=AXIS2_PLACEMENT_3D('',#11631,#9342,#9343);
#8023=AXIS2_PLACEMENT_3D('',#11633,#9345,#9346);
#8024=AXIS2_PLACEMENT_3D('',#11635,#9348,#9349);
#8025=AXIS2_PLACEMENT_3D('',#11636,#9350,#9351);
#8026=AXIS2_PLACEMENT_3D('',#11638,#9352,#9353);
#8027=AXIS2_PLACEMENT_3D('',#11640,#9355,#9356);
#8028=AXIS2_PLACEMENT_3D('',#11642,#9358,#9359);
#8029=AXIS2_PLACEMENT_3D('',#11644,#9360,#9361);
#8030=AXIS2_PLACEMENT_3D('',#11646,#9363,#9364);
#8031=AXIS2_PLACEMENT_3D('',#11648,#9366,#9367);
#8032=AXIS2_PLACEMENT_3D('',#11650,#9369,#9370);
#8033=AXIS2_PLACEMENT_3D('',#11652,#9371,#9372);
#8034=AXIS2_PLACEMENT_3D('',#11654,#9374,#9375);
#8035=AXIS2_PLACEMENT_3D('',#11656,#9377,#9378);
#8036=AXIS2_PLACEMENT_3D('',#11657,#9379,#9380);
#8037=AXIS2_PLACEMENT_3D('',#11659,#9382,#9383);
#8038=AXIS2_PLACEMENT_3D('',#11661,#9385,#9386);
#8039=AXIS2_PLACEMENT_3D('',#11664,#9388,#9389);
#8040=AXIS2_PLACEMENT_3D('',#11665,#9390,#9391);
#8041=AXIS2_PLACEMENT_3D('',#11666,#9392,#9393);
#8042=AXIS2_PLACEMENT_3D('',#11667,#9394,#9395);
#8043=AXIS2_PLACEMENT_3D('',#11669,#9396,#9397);
#8044=AXIS2_PLACEMENT_3D('',#11670,#9398,#9399);
#8045=AXIS2_PLACEMENT_3D('',#11672,#9400,#9401);
#8046=AXIS2_PLACEMENT_3D('',#11674,#9403,#9404);
#8047=AXIS2_PLACEMENT_3D('',#11677,#9405,#9406);
#8048=AXIS2_PLACEMENT_3D('',#11678,#9407,#9408);
#8049=AXIS2_PLACEMENT_3D('',#11726,#9410,#9411);
#8050=AXIS2_PLACEMENT_3D('',#11727,#9412,#9413);
#8051=AXIS2_PLACEMENT_3D('',#11728,#9414,#9415);
#8052=AXIS2_PLACEMENT_3D('',#11729,#9416,#9417);
#8053=AXIS2_PLACEMENT_3D('',#11730,#9418,#9419);
#8054=AXIS2_PLACEMENT_3D('',#11732,#9420,#9421);
#8055=AXIS2_PLACEMENT_3D('',#11733,#9422,#9423);
#8056=AXIS2_PLACEMENT_3D('',#11735,#9424,#9425);
#8057=AXIS2_PLACEMENT_3D('',#11737,#9427,#9428);
#8058=AXIS2_PLACEMENT_3D('',#11740,#9429,#9430);
#8059=AXIS2_PLACEMENT_3D('',#11741,#9431,#9432);
#8060=AXIS2_PLACEMENT_3D('',#11789,#9434,#9435);
#8061=AXIS2_PLACEMENT_3D('',#11790,#9436,#9437);
#8062=AXIS2_PLACEMENT_3D('',#11791,#9438,#9439);
#8063=AXIS2_PLACEMENT_3D('',#11792,#9440,#9441);
#8064=AXIS2_PLACEMENT_3D('',#11793,#9442,#9443);
#8065=AXIS2_PLACEMENT_3D('',#11795,#9444,#9445);
#8066=AXIS2_PLACEMENT_3D('',#11797,#9446,#9447);
#8067=AXIS2_PLACEMENT_3D('',#11798,#9448,#9449);
#8068=AXIS2_PLACEMENT_3D('',#11800,#9450,#9451);
#8069=AXIS2_PLACEMENT_3D('',#11802,#9453,#9454);
#8070=AXIS2_PLACEMENT_3D('',#11804,#9455,#9456);
#8071=AXIS2_PLACEMENT_3D('',#11805,#9457,#9458);
#8072=AXIS2_PLACEMENT_3D('',#11807,#9460,#9461);
#8073=AXIS2_PLACEMENT_3D('',#11808,#9462,#9463);
#8074=AXIS2_PLACEMENT_3D('',#11809,#9464,#9465);
#8075=AXIS2_PLACEMENT_3D('',#11810,#9466,#9467);
#8076=AXIS2_PLACEMENT_3D('',#11811,#9468,#9469);
#8077=AXIS2_PLACEMENT_3D('',#11812,#9470,#9471);
#8078=AXIS2_PLACEMENT_3D('',#11813,#9472,#9473);
#8079=AXIS2_PLACEMENT_3D('',#11834,#9483,#9484);
#8080=AXIS2_PLACEMENT_3D('',#11838,#9486,#9487);
#8081=AXIS2_PLACEMENT_3D('',#11852,#9494,#9495);
#8082=AXIS2_PLACEMENT_3D('',#11861,#9500,#9501);
#8083=AXIS2_PLACEMENT_3D('',#11863,#9502,#9503);
#8084=AXIS2_PLACEMENT_3D('',#11865,#9504,#9505);
#8085=AXIS2_PLACEMENT_3D('',#11867,#9506,#9507);
#8086=AXIS2_PLACEMENT_3D('',#11869,#9508,#9509);
#8087=AXIS2_PLACEMENT_3D('',#11871,#9510,#9511);
#8088=AXIS2_PLACEMENT_3D('',#11872,#9512,#9513);
#8089=AXIS2_PLACEMENT_3D('',#11875,#9515,#9516);
#8090=AXIS2_PLACEMENT_3D('',#11876,#9517,#9518);
#8091=AXIS2_PLACEMENT_3D('',#11887,#9523,#9524);
#8092=AXIS2_PLACEMENT_3D('',#11901,#9531,#9532);
#8093=AXIS2_PLACEMENT_3D('',#11905,#9534,#9535);
#8094=AXIS2_PLACEMENT_3D('',#11924,#9545,#9546);
#8095=AXIS2_PLACEMENT_3D('',#11926,#9547,#9548);
#8096=AXIS2_PLACEMENT_3D('',#11928,#9549,#9550);
#8097=AXIS2_PLACEMENT_3D('',#11930,#9551,#9552);
#8098=AXIS2_PLACEMENT_3D('',#11932,#9553,#9554);
#8099=AXIS2_PLACEMENT_3D('',#11933,#9555,#9556);
#8100=AXIS2_PLACEMENT_3D('',#11935,#9558,#9559);
#8101=AXIS2_PLACEMENT_3D('',#11938,#9562,#9563);
#8102=AXIS2_PLACEMENT_3D('',#11940,#9565,#9566);
#8103=AXIS2_PLACEMENT_3D('',#11942,#9568,#9569);
#8104=AXIS2_PLACEMENT_3D('',#11944,#9571,#9572);
#8105=AXIS2_PLACEMENT_3D('',#11946,#9574,#9575);
#8106=AXIS2_PLACEMENT_3D('',#11948,#9577,#9578);
#8107=AXIS2_PLACEMENT_3D('',#11950,#9580,#9581);
#8108=AXIS2_PLACEMENT_3D('',#11952,#9583,#9584);
#8109=AXIS2_PLACEMENT_3D('',#11954,#9586,#9587);
#8110=AXIS2_PLACEMENT_3D('',#11956,#9589,#9590);
#8111=AXIS2_PLACEMENT_3D('',#11958,#9592,#9593);
#8112=AXIS2_PLACEMENT_3D('',#11960,#9595,#9596);
#8113=AXIS2_PLACEMENT_3D('',#11962,#9598,#9599);
#8114=AXIS2_PLACEMENT_3D('',#11964,#9601,#9602);
#8115=AXIS2_PLACEMENT_3D('',#11966,#9604,#9605);
#8116=AXIS2_PLACEMENT_3D('',#11968,#9607,#9608);
#8117=AXIS2_PLACEMENT_3D('',#11970,#9610,#9611);
#8118=AXIS2_PLACEMENT_3D('',#11972,#9613,#9614);
#8119=AXIS2_PLACEMENT_3D('',#11975,#9617,#9618);
#8120=AXIS2_PLACEMENT_3D('',#11977,#9620,#9621);
#8121=AXIS2_PLACEMENT_3D('',#11979,#9623,#9624);
#8122=AXIS2_PLACEMENT_3D('',#11981,#9626,#9627);
#8123=AXIS2_PLACEMENT_3D('',#11982,#9628,#9629);
#8124=AXIS2_PLACEMENT_3D('',#11983,#9630,#9631);
#8125=AXIS2_PLACEMENT_3D('',#11985,#9633,#9634);
#8126=AXIS2_PLACEMENT_3D('',#11987,#9636,#9637);
#8127=AXIS2_PLACEMENT_3D('',#11989,#9639,#9640);
#8128=AXIS2_PLACEMENT_3D('',#11990,#9641,#9642);
#8129=AXIS2_PLACEMENT_3D('',#12011,#9653,#9654);
#8130=AXIS2_PLACEMENT_3D('',#12013,#9655,#9656);
#8131=AXIS2_PLACEMENT_3D('',#12016,#9658,#9659);
#8132=AXIS2_PLACEMENT_3D('',#12017,#9660,#9661);
#8133=AXIS2_PLACEMENT_3D('',#12022,#9663,#9664);
#8134=AXIS2_PLACEMENT_3D('',#12025,#9666,#9667);
#8135=AXIS2_PLACEMENT_3D('',#12026,#9668,#9669);
#8136=AXIS2_PLACEMENT_3D('',#12031,#9671,#9672);
#8137=AXIS2_PLACEMENT_3D('',#12034,#9674,#9675);
#8138=AXIS2_PLACEMENT_3D('',#12035,#9676,#9677);
#8139=AXIS2_PLACEMENT_3D('',#12037,#9678,#9679);
#8140=AXIS2_PLACEMENT_3D('',#12041,#9681,#9682);
#8141=AXIS2_PLACEMENT_3D('',#12043,#9684,#9685);
#8142=AXIS2_PLACEMENT_3D('',#12047,#9687,#9688);
#8143=AXIS2_PLACEMENT_3D('',#12056,#9693,#9694);
#8144=AXIS2_PLACEMENT_3D('',#12059,#9696,#9697);
#8145=AXIS2_PLACEMENT_3D('',#12073,#9705,#9706);
#8146=AXIS2_PLACEMENT_3D('',#12079,#9710,#9711);
#8147=AXIS2_PLACEMENT_3D('',#12081,#9712,#9713);
#8148=AXIS2_PLACEMENT_3D('',#12083,#9714,#9715);
#8149=AXIS2_PLACEMENT_3D('',#12085,#9716,#9717);
#8150=AXIS2_PLACEMENT_3D('',#12087,#9718,#9719);
#8151=AXIS2_PLACEMENT_3D('',#12089,#9720,#9721);
#8152=AXIS2_PLACEMENT_3D('',#12091,#9722,#9723);
#8153=AXIS2_PLACEMENT_3D('',#12092,#9724,#9725);
#8154=AXIS2_PLACEMENT_3D('',#12094,#9726,#9727);
#8155=AXIS2_PLACEMENT_3D('',#12096,#9729,#9730);
#8156=AXIS2_PLACEMENT_3D('',#12097,#9731,#9732);
#8157=AXIS2_PLACEMENT_3D('',#12099,#9733,#9734);
#8158=AXIS2_PLACEMENT_3D('',#12101,#9736,#9737);
#8159=AXIS2_PLACEMENT_3D('',#12102,#9738,#9739);
#8160=AXIS2_PLACEMENT_3D('',#12104,#9740,#9741);
#8161=AXIS2_PLACEMENT_3D('',#12106,#9743,#9744);
#8162=AXIS2_PLACEMENT_3D('',#12107,#9745,#9746);
#8163=AXIS2_PLACEMENT_3D('',#12109,#9747,#9748);
#8164=AXIS2_PLACEMENT_3D('',#12111,#9750,#9751);
#8165=AXIS2_PLACEMENT_3D('',#12112,#9752,#9753);
#8166=AXIS2_PLACEMENT_3D('',#12114,#9754,#9755);
#8167=AXIS2_PLACEMENT_3D('',#12116,#9757,#9758);
#8168=AXIS2_PLACEMENT_3D('',#12117,#9759,#9760);
#8169=AXIS2_PLACEMENT_3D('',#12119,#9761,#9762);
#8170=AXIS2_PLACEMENT_3D('',#12121,#9764,#9765);
#8171=AXIS2_PLACEMENT_3D('',#12122,#9766,#9767);
#8172=AXIS2_PLACEMENT_3D('',#12128,#9771,#9772);
#8173=AXIS2_PLACEMENT_3D('',#12130,#9773,#9774);
#8174=AXIS2_PLACEMENT_3D('',#12132,#9776,#9777);
#8175=AXIS2_PLACEMENT_3D('',#12136,#9780,#9781);
#8176=AXIS2_PLACEMENT_3D('',#12137,#9782,#9783);
#8177=AXIS2_PLACEMENT_3D('',#12138,#9784,#9785);
#8178=AXIS2_PLACEMENT_3D('',#12139,#9786,#9787);
#8179=AXIS2_PLACEMENT_3D('',#12143,#9789,#9790);
#8180=AXIS2_PLACEMENT_3D('',#12145,#9792,#9793);
#8181=AXIS2_PLACEMENT_3D('',#12150,#9795,#9796);
#8182=AXIS2_PLACEMENT_3D('',#12153,#9798,#9799);
#8183=AXIS2_PLACEMENT_3D('',#12154,#9800,#9801);
#8184=AXIS2_PLACEMENT_3D('',#12156,#9803,#9804);
#8185=AXIS2_PLACEMENT_3D('',#12158,#9806,#9807);
#8186=AXIS2_PLACEMENT_3D('',#12159,#9808,#9809);
#8187=AXIS2_PLACEMENT_3D('',#12162,#9812,#9813);
#8188=AXIS2_PLACEMENT_3D('',#12164,#9815,#9816);
#8189=AXIS2_PLACEMENT_3D('',#12166,#9818,#9819);
#8190=AXIS2_PLACEMENT_3D('',#12167,#9820,#9821);
#8191=AXIS2_PLACEMENT_3D('',#12172,#9824,#9825);
#8192=AXIS2_PLACEMENT_3D('',#12176,#9827,#9828);
#8193=AXIS2_PLACEMENT_3D('',#12182,#9832,#9833);
#8194=AXIS2_PLACEMENT_3D('',#12186,#9836,#9837);
#8195=AXIS2_PLACEMENT_3D('',#12190,#9840,#9841);
#8196=AXIS2_PLACEMENT_3D('',#12199,#9847,#9848);
#8197=AXIS2_PLACEMENT_3D('',#12201,#9849,#9850);
#8198=AXIS2_PLACEMENT_3D('',#12204,#9852,#9853);
#8199=AXIS2_PLACEMENT_3D('',#12205,#9854,#9855);
#8200=AXIS2_PLACEMENT_3D('',#12209,#9857,#9858);
#8201=AXIS2_PLACEMENT_3D('',#12210,#9859,#9860);
#8202=AXIS2_PLACEMENT_3D('',#12211,#9861,#9862);
#8203=AXIS2_PLACEMENT_3D('',#12216,#9865,#9866);
#8204=AXIS2_PLACEMENT_3D('',#12217,#9867,#9868);
#8205=AXIS2_PLACEMENT_3D('',#12223,#9872,#9873);
#8206=AXIS2_PLACEMENT_3D('',#12225,#9874,#9875);
#8207=AXIS2_PLACEMENT_3D('',#12231,#9879,#9880);
#8208=AXIS2_PLACEMENT_3D('',#12238,#9884,#9885);
#8209=AXIS2_PLACEMENT_3D('',#12239,#9886,#9887);
#8210=AXIS2_PLACEMENT_3D('',#12248,#9892,#9893);
#8211=AXIS2_PLACEMENT_3D('',#12252,#9896,#9897);
#8212=AXIS2_PLACEMENT_3D('',#12258,#9901,#9902);
#8213=AXIS2_PLACEMENT_3D('',#12260,#9903,#9904);
#8214=AXIS2_PLACEMENT_3D('',#12262,#9906,#9907);
#8215=AXIS2_PLACEMENT_3D('',#12271,#9913,#9914);
#8216=AXIS2_PLACEMENT_3D('',#12275,#9917,#9918);
#8217=AXIS2_PLACEMENT_3D('',#12279,#9921,#9922);
#8218=AXIS2_PLACEMENT_3D('',#12283,#9924,#9925);
#8219=AXIS2_PLACEMENT_3D('',#12290,#9929,#9930);
#8220=AXIS2_PLACEMENT_3D('',#12297,#9934,#9935);
#8221=AXIS2_PLACEMENT_3D('',#12301,#9937,#9938);
#8222=AXIS2_PLACEMENT_3D('',#12309,#9942,#9943);
#8223=AXIS2_PLACEMENT_3D('',#12313,#9945,#9946);
#8224=AXIS2_PLACEMENT_3D('',#12317,#9948,#9949);
#8225=AXIS2_PLACEMENT_3D('',#12321,#9951,#9952);
#8226=AXIS2_PLACEMENT_3D('',#12325,#9954,#9955);
#8227=AXIS2_PLACEMENT_3D('',#12328,#9957,#9958);
#8228=AXIS2_PLACEMENT_3D('',#12329,#9959,#9960);
#8229=AXIS2_PLACEMENT_3D('',#12335,#9964,#9965);
#8230=AXIS2_PLACEMENT_3D('',#12338,#9967,#9968);
#8231=AXIS2_PLACEMENT_3D('',#12339,#9969,#9970);
#8232=AXIS2_PLACEMENT_3D('',#12343,#9973,#9974);
#8233=AXIS2_PLACEMENT_3D('',#12346,#9976,#9977);
#8234=AXIS2_PLACEMENT_3D('',#12347,#9978,#9979);
#8235=AXIS2_PLACEMENT_3D('',#12351,#9982,#9983);
#8236=AXIS2_PLACEMENT_3D('',#12353,#9984,#9985);
#8237=AXIS2_PLACEMENT_3D('',#12357,#9987,#9988);
#8238=AXIS2_PLACEMENT_3D('',#12361,#9990,#9991);
#8239=AXIS2_PLACEMENT_3D('',#12364,#9993,#9994);
#8240=AXIS2_PLACEMENT_3D('',#12365,#9995,#9996);
#8241=AXIS2_PLACEMENT_3D('',#12367,#9998,#9999);
#8242=AXIS2_PLACEMENT_3D('',#12369,#10001,#10002);
#8243=AXIS2_PLACEMENT_3D('',#12371,#10004,#10005);
#8244=AXIS2_PLACEMENT_3D('',#12373,#10007,#10008);
#8245=AXIS2_PLACEMENT_3D('',#12375,#10010,#10011);
#8246=AXIS2_PLACEMENT_3D('',#12377,#10013,#10014);
#8247=AXIS2_PLACEMENT_3D('',#12378,#10015,#10016);
#8248=AXIS2_PLACEMENT_3D('',#12380,#10018,#10019);
#8249=AXIS2_PLACEMENT_3D('',#12382,#10021,#10022);
#8250=AXIS2_PLACEMENT_3D('',#12384,#10024,#10025);
#8251=AXIS2_PLACEMENT_3D('',#12386,#10027,#10028);
#8252=AXIS2_PLACEMENT_3D('',#12388,#10030,#10031);
#8253=AXIS2_PLACEMENT_3D('',#12390,#10033,#10034);
#8254=AXIS2_PLACEMENT_3D('',#12391,#10035,#10036);
#8255=AXIS2_PLACEMENT_3D('',#12392,#10037,#10038);
#8256=AXIS2_PLACEMENT_3D('',#12394,#10040,#10041);
#8257=AXIS2_PLACEMENT_3D('',#12396,#10043,#10044);
#8258=AXIS2_PLACEMENT_3D('',#12398,#10046,#10047);
#8259=AXIS2_PLACEMENT_3D('',#12400,#10049,#10050);
#8260=AXIS2_PLACEMENT_3D('',#12402,#10052,#10053);
#8261=AXIS2_PLACEMENT_3D('',#12403,#10054,#10055);
#8262=AXIS2_PLACEMENT_3D('',#12404,#10056,#10057);
#8263=AXIS2_PLACEMENT_3D('',#12408,#10060,#10061);
#8264=AXIS2_PLACEMENT_3D('',#12410,#10063,#10064);
#8265=AXIS2_PLACEMENT_3D('',#12411,#10065,#10066);
#8266=AXIS2_PLACEMENT_3D('',#12412,#10067,#10068);
#8267=AXIS2_PLACEMENT_3D('',#12414,#10069,#10070);
#8268=AXIS2_PLACEMENT_3D('',#12416,#10071,#10072);
#8269=AXIS2_PLACEMENT_3D('',#12418,#10073,#10074);
#8270=AXIS2_PLACEMENT_3D('',#12419,#10075,#10076);
#8271=AXIS2_PLACEMENT_3D('',#12421,#10077,#10078);
#8272=AXIS2_PLACEMENT_3D('',#12423,#10080,#10081);
#8273=AXIS2_PLACEMENT_3D('',#12424,#10082,#10083);
#8274=AXIS2_PLACEMENT_3D('',#12426,#10084,#10085);
#8275=AXIS2_PLACEMENT_3D('',#12428,#10087,#10088);
#8276=AXIS2_PLACEMENT_3D('',#12429,#10089,#10090);
#8277=AXIS2_PLACEMENT_3D('',#12431,#10091,#10092);
#8278=AXIS2_PLACEMENT_3D('',#12432,#10093,#10094);
#8279=AXIS2_PLACEMENT_3D('',#12434,#10096,#10097);
#8280=AXIS2_PLACEMENT_3D('',#12435,#10098,#10099);
#8281=AXIS2_PLACEMENT_3D('',#12436,#10100,#10101);
#8282=AXIS2_PLACEMENT_3D('',#12437,#10102,#10103);
#8283=AXIS2_PLACEMENT_3D('',#12438,#10104,#10105);
#8284=AXIS2_PLACEMENT_3D('',#12448,#10110,#10111);
#8285=AXIS2_PLACEMENT_3D('',#12450,#10112,#10113);
#8286=AXIS2_PLACEMENT_3D('',#12452,#10114,#10115);
#8287=AXIS2_PLACEMENT_3D('',#12453,#10116,#10117);
#8288=AXIS2_PLACEMENT_3D('',#12459,#10121,#10122);
#8289=AXIS2_PLACEMENT_3D('',#12461,#10123,#10124);
#8290=AXIS2_PLACEMENT_3D('',#12463,#10126,#10127);
#8291=AXIS2_PLACEMENT_3D('',#12469,#10131,#10132);
#8292=AXIS2_PLACEMENT_3D('',#12473,#10135,#10136);
#8293=AXIS2_PLACEMENT_3D('',#12479,#10140,#10141);
#8294=AXIS2_PLACEMENT_3D('',#12481,#10142,#10143);
#8295=AXIS2_PLACEMENT_3D('',#12483,#10145,#10146);
#8296=AXIS2_PLACEMENT_3D('',#12487,#10149,#10150);
#8297=AXIS2_PLACEMENT_3D('',#12489,#10152,#10153);
#8298=AXIS2_PLACEMENT_3D('',#12492,#10155,#10156);
#8299=AXIS2_PLACEMENT_3D('',#12494,#10157,#10158);
#8300=AXIS2_PLACEMENT_3D('',#12496,#10159,#10160);
#8301=AXIS2_PLACEMENT_3D('',#12497,#10161,#10162);
#8302=AXIS2_PLACEMENT_3D('',#12499,#10164,#10165);
#8303=AXIS2_PLACEMENT_3D('',#12501,#10167,#10168);
#8304=AXIS2_PLACEMENT_3D('',#12503,#10169,#10170);
#8305=AXIS2_PLACEMENT_3D('',#12506,#10172,#10173);
#8306=AXIS2_PLACEMENT_3D('',#12507,#10174,#10175);
#8307=AXIS2_PLACEMENT_3D('',#12509,#10177,#10178);
#8308=AXIS2_PLACEMENT_3D('',#12515,#10182,#10183);
#8309=AXIS2_PLACEMENT_3D('',#12520,#10186,#10187);
#8310=AXIS2_PLACEMENT_3D('',#12522,#10188,#10189);
#8311=AXIS2_PLACEMENT_3D('',#12524,#10190,#10191);
#8312=AXIS2_PLACEMENT_3D('',#12525,#10192,#10193);
#8313=AXIS2_PLACEMENT_3D('',#12530,#10197,#10198);
#8314=AXIS2_PLACEMENT_3D('',#12531,#10199,#10200);
#8315=AXIS2_PLACEMENT_3D('',#12534,#10202,#10203);
#8316=AXIS2_PLACEMENT_3D('',#12536,#10204,#10205);
#8317=AXIS2_PLACEMENT_3D('',#12538,#10206,#10207);
#8318=AXIS2_PLACEMENT_3D('',#12539,#10208,#10209);
#8319=AXIS2_PLACEMENT_3D('',#12540,#10210,#10211);
#8320=AXIS2_PLACEMENT_3D('',#12542,#10213,#10214);
#8321=AXIS2_PLACEMENT_3D('',#12544,#10216,#10217);
#8322=AXIS2_PLACEMENT_3D('',#12547,#10218,#10219);
#8323=AXIS2_PLACEMENT_3D('',#12548,#10220,#10221);
#8324=AXIS2_PLACEMENT_3D('',#12550,#10223,#10224);
#8325=AXIS2_PLACEMENT_3D('',#12552,#10226,#10227);
#8326=AXIS2_PLACEMENT_3D('',#12555,#10229,#10230);
#8327=AXIS2_PLACEMENT_3D('',#12556,#10231,#10232);
#8328=AXIS2_PLACEMENT_3D('',#12558,#10234,#10235);
#8329=AXIS2_PLACEMENT_3D('',#12560,#10236,#10237);
#8330=AXIS2_PLACEMENT_3D('',#12562,#10239,#10240);
#8331=AXIS2_PLACEMENT_3D('',#12564,#10242,#10243);
#8332=AXIS2_PLACEMENT_3D('',#12567,#10244,#10245);
#8333=AXIS2_PLACEMENT_3D('',#12568,#10246,#10247);
#8334=AXIS2_PLACEMENT_3D('',#12570,#10249,#10250);
#8335=AXIS2_PLACEMENT_3D('',#12572,#10252,#10253);
#8336=AXIS2_PLACEMENT_3D('',#12573,#10254,#10255);
#8337=AXIS2_PLACEMENT_3D('',#12578,#10257,#10258);
#8338=AXIS2_PLACEMENT_3D('',#12590,#10264,#10265);
#8339=AXIS2_PLACEMENT_3D('',#12596,#10268,#10269);
#8340=AXIS2_PLACEMENT_3D('',#12600,#10271,#10272);
#8341=AXIS2_PLACEMENT_3D('',#12604,#10274,#10275);
#8342=AXIS2_PLACEMENT_3D('',#12608,#10277,#10278);
#8343=AXIS2_PLACEMENT_3D('',#12611,#10280,#10281);
#8344=AXIS2_PLACEMENT_3D('',#12613,#10282,#10283);
#8345=AXIS2_PLACEMENT_3D('',#12615,#10284,#10285);
#8346=AXIS2_PLACEMENT_3D('',#12618,#10286,#10287);
#8347=AXIS2_PLACEMENT_3D('',#12622,#10289,#10290);
#8348=AXIS2_PLACEMENT_3D('',#12626,#10292,#10293);
#8349=AXIS2_PLACEMENT_3D('',#12632,#10296,#10297);
#8350=AXIS2_PLACEMENT_3D('',#12635,#10299,#10300);
#8351=AXIS2_PLACEMENT_3D('',#12637,#10301,#10302);
#8352=AXIS2_PLACEMENT_3D('',#12640,#10303,#10304);
#8353=AXIS2_PLACEMENT_3D('',#12644,#10306,#10307);
#8354=AXIS2_PLACEMENT_3D('',#12648,#10309,#10310);
#8355=AXIS2_PLACEMENT_3D('',#12652,#10312,#10313);
#8356=AXIS2_PLACEMENT_3D('',#12656,#10315,#10316);
#8357=AXIS2_PLACEMENT_3D('',#12659,#10318,#10319);
#8358=AXIS2_PLACEMENT_3D('',#12661,#10320,#10321);
#8359=AXIS2_PLACEMENT_3D('',#12663,#10322,#10323);
#8360=AXIS2_PLACEMENT_3D('',#12666,#10324,#10325);
#8361=AXIS2_PLACEMENT_3D('',#12670,#10327,#10328);
#8362=AXIS2_PLACEMENT_3D('',#12672,#10330,#10331);
#8363=AXIS2_PLACEMENT_3D('',#12674,#10332,#10333);
#8364=AXIS2_PLACEMENT_3D('',#12676,#10335,#10336);
#8365=AXIS2_PLACEMENT_3D('',#12686,#10341,#10342);
#8366=AXIS2_PLACEMENT_3D('',#12688,#10343,#10344);
#8367=AXIS2_PLACEMENT_3D('',#12690,#10345,#10346);
#8368=AXIS2_PLACEMENT_3D('',#12699,#10350,#10351);
#8369=AXIS2_PLACEMENT_3D('',#12703,#10353,#10354);
#8370=AXIS2_PLACEMENT_3D('',#12711,#10358,#10359);
#8371=AXIS2_PLACEMENT_3D('',#12715,#10361,#10362);
#8372=AXIS2_PLACEMENT_3D('',#12716,#10363,#10364);
#8373=AXIS2_PLACEMENT_3D('',#12718,#10365,#10366);
#8374=AXIS2_PLACEMENT_3D('',#12720,#10367,#10368);
#8375=AXIS2_PLACEMENT_3D('',#12722,#10369,#10370);
#8376=AXIS2_PLACEMENT_3D('',#12724,#10371,#10372);
#8377=AXIS2_PLACEMENT_3D('',#12725,#10373,#10374);
#8378=AXIS2_PLACEMENT_3D('',#12728,#10377,#10378);
#8379=AXIS2_PLACEMENT_3D('',#12735,#10383,#10384);
#8380=AXIS2_PLACEMENT_3D('',#12737,#10385,#10386);
#8381=AXIS2_PLACEMENT_3D('',#12740,#10388,#10389);
#8382=AXIS2_PLACEMENT_3D('',#12741,#10390,#10391);
#8383=AXIS2_PLACEMENT_3D('',#12743,#10393,#10394);
#8384=AXIS2_PLACEMENT_3D('',#12750,#10399,#10400);
#8385=AXIS2_PLACEMENT_3D('',#12754,#10402,#10403);
#8386=AXIS2_PLACEMENT_3D('',#12758,#10405,#10406);
#8387=AXIS2_PLACEMENT_3D('',#12762,#10408,#10409);
#8388=AXIS2_PLACEMENT_3D('',#12766,#10411,#10412);
#8389=AXIS2_PLACEMENT_3D('',#12768,#10414,#10415);
#8390=AXIS2_PLACEMENT_3D('',#12770,#10417,#10418);
#8391=AXIS2_PLACEMENT_3D('',#12772,#10420,#10421);
#8392=AXIS2_PLACEMENT_3D('',#12774,#10423,#10424);
#8393=AXIS2_PLACEMENT_3D('',#12776,#10426,#10427);
#8394=AXIS2_PLACEMENT_3D('',#12778,#10429,#10430);
#8395=AXIS2_PLACEMENT_3D('',#12780,#10432,#10433);
#8396=AXIS2_PLACEMENT_3D('',#12782,#10435,#10436);
#8397=AXIS2_PLACEMENT_3D('',#12784,#10438,#10439);
#8398=AXIS2_PLACEMENT_3D('',#12785,#10440,#10441);
#8399=AXIS2_PLACEMENT_3D('',#12786,#10442,#10443);
#8400=AXIS2_PLACEMENT_3D('',#12788,#10445,#10446);
#8401=AXIS2_PLACEMENT_3D('',#12789,#10447,#10448);
#8402=AXIS2_PLACEMENT_3D('',#12792,#10450,#10451);
#8403=AXIS2_PLACEMENT_3D('',#12793,#10452,#10453);
#8404=AXIS2_PLACEMENT_3D('',#12796,#10454,#10455);
#8405=AXIS2_PLACEMENT_3D('',#12800,#10457,#10458);
#8406=AXIS2_PLACEMENT_3D('',#12806,#10461,#10462);
#8407=AXIS2_PLACEMENT_3D('',#12810,#10464,#10465);
#8408=AXIS2_PLACEMENT_3D('',#12816,#10468,#10469);
#8409=AXIS2_PLACEMENT_3D('',#12819,#10471,#10472);
#8410=AXIS2_PLACEMENT_3D('',#12822,#10473,#10474);
#8411=AXIS2_PLACEMENT_3D('',#12826,#10476,#10477);
#8412=AXIS2_PLACEMENT_3D('',#12830,#10479,#10480);
#8413=AXIS2_PLACEMENT_3D('',#12834,#10482,#10483);
#8414=AXIS2_PLACEMENT_3D('',#12838,#10485,#10486);
#8415=AXIS2_PLACEMENT_3D('',#12842,#10488,#10489);
#8416=AXIS2_PLACEMENT_3D('',#12846,#10491,#10492);
#8417=AXIS2_PLACEMENT_3D('',#12850,#10494,#10495);
#8418=AXIS2_PLACEMENT_3D('',#12852,#10497,#10498);
#8419=AXIS2_PLACEMENT_3D('',#12855,#10499,#10500);
#8420=AXIS2_PLACEMENT_3D('',#12859,#10502,#10503);
#8421=AXIS2_PLACEMENT_3D('',#12863,#10505,#10506);
#8422=AXIS2_PLACEMENT_3D('',#12867,#10508,#10509);
#8423=AXIS2_PLACEMENT_3D('',#12871,#10511,#10512);
#8424=AXIS2_PLACEMENT_3D('',#12873,#10514,#10515);
#8425=AXIS2_PLACEMENT_3D('',#12876,#10518,#10519);
#8426=AXIS2_PLACEMENT_3D('',#12878,#10521,#10522);
#8427=AXIS2_PLACEMENT_3D('',#12880,#10524,#10525);
#8428=AXIS2_PLACEMENT_3D('',#12882,#10527,#10528);
#8429=AXIS2_PLACEMENT_3D('',#12884,#10530,#10531);
#8430=AXIS2_PLACEMENT_3D('',#12886,#10533,#10534);
#8431=AXIS2_PLACEMENT_3D('',#12888,#10536,#10537);
#8432=AXIS2_PLACEMENT_3D('',#12890,#10539,#10540);
#8433=AXIS2_PLACEMENT_3D('',#12891,#10541,#10542);
#8434=AXIS2_PLACEMENT_3D('',#12895,#10546,#10547);
#8435=AXIS2_PLACEMENT_3D('',#12897,#10549,#10550);
#8436=AXIS2_PLACEMENT_3D('',#12899,#10552,#10553);
#8437=AXIS2_PLACEMENT_3D('',#12901,#10555,#10556);
#8438=AXIS2_PLACEMENT_3D('',#12903,#10558,#10559);
#8439=AXIS2_PLACEMENT_3D('',#12905,#10561,#10562);
#8440=AXIS2_PLACEMENT_3D('',#12907,#10564,#10565);
#8441=AXIS2_PLACEMENT_3D('',#12909,#10567,#10568);
#8442=AXIS2_PLACEMENT_3D('',#12911,#10570,#10571);
#8443=AXIS2_PLACEMENT_3D('',#12912,#10572,#10573);
#8444=AXIS2_PLACEMENT_3D('',#12918,#10577,#10578);
#8445=AXIS2_PLACEMENT_3D('',#12920,#10579,#10580);
#8446=AXIS2_PLACEMENT_3D('',#12923,#10582,#10583);
#8447=AXIS2_PLACEMENT_3D('',#12925,#10584,#10585);
#8448=AXIS2_PLACEMENT_3D('',#12926,#10586,#10587);
#8449=AXIS2_PLACEMENT_3D('',#12928,#10589,#10590);
#8450=AXIS2_PLACEMENT_3D('',#12930,#10592,#10593);
#8451=AXIS2_PLACEMENT_3D('',#12931,#10594,#10595);
#8452=AXIS2_PLACEMENT_3D('',#12933,#10596,#10597);
#8453=AXIS2_PLACEMENT_3D('',#12935,#10599,#10600);
#8454=AXIS2_PLACEMENT_3D('',#12937,#10601,#10602);
#8455=AXIS2_PLACEMENT_3D('',#12938,#10603,#10604);
#8456=AXIS2_PLACEMENT_3D('',#12940,#10606,#10607);
#8457=AXIS2_PLACEMENT_3D('',#12944,#10609,#10610);
#8458=AXIS2_PLACEMENT_3D('',#12946,#10612,#10613);
#8459=AXIS2_PLACEMENT_3D('',#12950,#10616,#10617);
#8460=AXIS2_PLACEMENT_3D('',#12952,#10618,#10619);
#8461=AXIS2_PLACEMENT_3D('',#12954,#10621,#10622);
#8462=AXIS2_PLACEMENT_3D('',#12956,#10624,#10625);
#8463=AXIS2_PLACEMENT_3D('',#12957,#10626,#10627);
#8464=AXIS2_PLACEMENT_3D('',#12960,#10628,#10629);
#8465=AXIS2_PLACEMENT_3D('',#12964,#10631,#10632);
#8466=AXIS2_PLACEMENT_3D('',#12966,#10634,#10635);
#8467=AXIS2_PLACEMENT_3D('',#12969,#10636,#10637);
#8468=AXIS2_PLACEMENT_3D('',#12973,#10639,#10640);
#8469=AXIS2_PLACEMENT_3D('',#12975,#10642,#10643);
#8470=AXIS2_PLACEMENT_3D('',#12978,#10644,#10645);
#8471=AXIS2_PLACEMENT_3D('',#12982,#10647,#10648);
#8472=AXIS2_PLACEMENT_3D('',#12984,#10650,#10651);
#8473=AXIS2_PLACEMENT_3D('',#12987,#10654,#10655);
#8474=AXIS2_PLACEMENT_3D('',#12989,#10657,#10658);
#8475=AXIS2_PLACEMENT_3D('',#12991,#10660,#10661);
#8476=AXIS2_PLACEMENT_3D('',#12992,#10662,#10663);
#8477=AXIS2_PLACEMENT_3D('',#12995,#10666,#10667);
#8478=AXIS2_PLACEMENT_3D('',#12997,#10669,#10670);
#8479=AXIS2_PLACEMENT_3D('',#12999,#10672,#10673);
#8480=AXIS2_PLACEMENT_3D('',#13000,#10674,#10675);
#8481=AXIS2_PLACEMENT_3D('',#13003,#10678,#10679);
#8482=AXIS2_PLACEMENT_3D('',#13005,#10681,#10682);
#8483=AXIS2_PLACEMENT_3D('',#13007,#10684,#10685);
#8484=AXIS2_PLACEMENT_3D('',#13008,#10686,#10687);
#8485=AXIS2_PLACEMENT_3D('',#13010,#10689,#10690);
#8486=AXIS2_PLACEMENT_3D('',#13020,#10696,#10697);
#8487=AXIS2_PLACEMENT_3D('',#13022,#10698,#10699);
#8488=AXIS2_PLACEMENT_3D('',#13025,#10701,#10702);
#8489=AXIS2_PLACEMENT_3D('',#13026,#10703,#10704);
#8490=AXIS2_PLACEMENT_3D('',#13028,#10705,#10706);
#8491=AXIS2_PLACEMENT_3D('',#13030,#10708,#10709);
#8492=AXIS2_PLACEMENT_3D('',#13033,#10712,#10713);
#8493=AXIS2_PLACEMENT_3D('',#13037,#10716,#10717);
#8494=AXIS2_PLACEMENT_3D('',#13040,#10718,#10719);
#8495=AXIS2_PLACEMENT_3D('',#13044,#10721,#10722);
#8496=AXIS2_PLACEMENT_3D('',#13049,#10725,#10726);
#8497=AXIS2_PLACEMENT_3D('',#13057,#10730,#10731);
#8498=AXIS2_PLACEMENT_3D('',#13061,#10733,#10734);
#8499=AXIS2_PLACEMENT_3D('',#13063,#10736,#10737);
#8500=AXIS2_PLACEMENT_3D('',#13066,#10740,#10741);
#8501=AXIS2_PLACEMENT_3D('',#13068,#10743,#10744);
#8502=AXIS2_PLACEMENT_3D('',#13070,#10746,#10747);
#8503=AXIS2_PLACEMENT_3D('',#13072,#10749,#10750);
#8504=AXIS2_PLACEMENT_3D('',#13073,#10751,#10752);
#8505=AXIS2_PLACEMENT_3D('',#13075,#10754,#10755);
#8506=AXIS2_PLACEMENT_3D('',#13077,#10757,#10758);
#8507=AXIS2_PLACEMENT_3D('',#13079,#10760,#10761);
#8508=AXIS2_PLACEMENT_3D('',#13080,#10762,#10763);
#8509=AXIS2_PLACEMENT_3D('',#13083,#10766,#10767);
#8510=AXIS2_PLACEMENT_3D('',#13085,#10769,#10770);
#8511=AXIS2_PLACEMENT_3D('',#13087,#10772,#10773);
#8512=AXIS2_PLACEMENT_3D('',#13088,#10774,#10775);
#8513=AXIS2_PLACEMENT_3D('',#13091,#10777,#10778);
#8514=AXIS2_PLACEMENT_3D('',#13092,#10779,#10780);
#8515=AXIS2_PLACEMENT_3D('',#13094,#10781,#10782);
#8516=AXIS2_PLACEMENT_3D('',#13095,#10783,#10784);
#8517=AXIS2_PLACEMENT_3D('',#13097,#10786,#10787);
#8518=AXIS2_PLACEMENT_3D('',#13100,#10789,#10790);
#8519=AXIS2_PLACEMENT_3D('',#13101,#10791,#10792);
#8520=AXIS2_PLACEMENT_3D('',#13103,#10793,#10794);
#8521=AXIS2_PLACEMENT_3D('',#13104,#10795,#10796);
#8522=AXIS2_PLACEMENT_3D('',#13106,#10798,#10799);
#8523=AXIS2_PLACEMENT_3D('',#13109,#10801,#10802);
#8524=AXIS2_PLACEMENT_3D('',#13110,#10803,#10804);
#8525=AXIS2_PLACEMENT_3D('',#13112,#10805,#10806);
#8526=AXIS2_PLACEMENT_3D('',#13113,#10807,#10808);
#8527=AXIS2_PLACEMENT_3D('',#13115,#10810,#10811);
#8528=AXIS2_PLACEMENT_3D('',#13118,#10813,#10814);
#8529=AXIS2_PLACEMENT_3D('',#13119,#10815,#10816);
#8530=AXIS2_PLACEMENT_3D('',#13120,#10817,#10818);
#8531=AXIS2_PLACEMENT_3D('',#13121,#10819,#10820);
#8532=AXIS2_PLACEMENT_3D('',#13122,#10821,#10822);
#8533=AXIS2_PLACEMENT_3D('',#13123,#10823,#10824);
#8534=AXIS2_PLACEMENT_3D('',#13124,#10825,#10826);
#8535=DIRECTION('axis',(0.,0.,1.));
#8536=DIRECTION('refdir',(1.,0.,0.));
#8537=DIRECTION('axis',(0.,0.,1.));
#8538=DIRECTION('refdir',(1.,0.,0.));
#8539=DIRECTION('axis',(0.,0.,1.));
#8540=DIRECTION('refdir',(1.,0.,0.));
#8541=DIRECTION('axis',(0.,0.,1.));
#8542=DIRECTION('refdir',(1.,0.,0.));
#8543=DIRECTION('center_axis',(2.1350442781253E-17,-1.,1.22464679914735E-16));
#8544=DIRECTION('ref_axis',(1.,2.13504427812531E-17,4.9960036108132E-16));
#8545=DIRECTION('center_axis',(2.1350442781253E-17,-1.,1.22464679914735E-16));
#8546=DIRECTION('ref_axis',(1.,2.13504427812531E-17,4.9960036108132E-16));
#8547=DIRECTION('',(2.1350442781253E-17,-1.,1.22464679914735E-16));
#8548=DIRECTION('center_axis',(-2.1350442781253E-17,1.,-1.22464679914735E-16));
#8549=DIRECTION('ref_axis',(-1.,-2.13504427812531E-17,-4.9960036108132E-16));
#8550=DIRECTION('center_axis',(2.1350442781253E-17,-1.,1.22464679914735E-16));
#8551=DIRECTION('ref_axis',(1.,2.13504427812531E-17,4.9960036108132E-16));
#8552=DIRECTION('center_axis',(2.1350442781253E-17,-1.,1.22464679914735E-16));
#8553=DIRECTION('ref_axis',(1.,2.13504427812531E-17,4.9960036108132E-16));
#8554=DIRECTION('',(2.1350442781253E-17,-1.,1.22464679914735E-16));
#8555=DIRECTION('center_axis',(-2.1350442781253E-17,1.,-1.22464679914735E-16));
#8556=DIRECTION('ref_axis',(-1.,-2.13504427812531E-17,-4.9960036108132E-16));
#8557=DIRECTION('center_axis',(-1.,-2.13504427812531E-17,-4.9960036108132E-16));
#8558=DIRECTION('ref_axis',(2.1350442781253E-17,-1.,1.22464679914735E-16));
#8559=DIRECTION('center_axis',(1.,2.13504427812531E-17,4.9960036108132E-16));
#8560=DIRECTION('ref_axis',(2.1350442781253E-17,-1.,1.22464679914735E-16));
#8561=DIRECTION('',(-1.,-2.13504427812531E-17,-4.9960036108132E-16));
#8562=DIRECTION('center_axis',(1.,2.13504427812531E-17,4.9960036108132E-16));
#8563=DIRECTION('ref_axis',(-2.1350442781253E-17,1.,-1.22464679914735E-16));
#8564=DIRECTION('center_axis',(-1.,-2.13504427812531E-17,-4.9960036108132E-16));
#8565=DIRECTION('ref_axis',(2.1350442781253E-17,-1.,1.22464679914735E-16));
#8566=DIRECTION('center_axis',(-1.,-2.13504427812531E-17,-4.9960036108132E-16));
#8567=DIRECTION('ref_axis',(-2.1350442781253E-17,1.,-1.22464679914735E-16));
#8568=DIRECTION('center_axis',(4.9960036108132E-16,-1.22464679914735E-16,
-1.));
#8569=DIRECTION('ref_axis',(-1.,-2.13504427812531E-17,-4.9960036108132E-16));
#8570=DIRECTION('center_axis',(-4.9960036108132E-16,1.22464679914735E-16,
1.));
#8571=DIRECTION('ref_axis',(-1.,-2.13504427812531E-17,-4.9960036108132E-16));
#8572=DIRECTION('',(4.9960036108132E-16,-1.22464679914735E-16,-1.));
#8573=DIRECTION('center_axis',(-4.9960036108132E-16,1.22464679914735E-16,
1.));
#8574=DIRECTION('ref_axis',(1.,2.13504427812531E-17,4.9960036108132E-16));
#8575=DIRECTION('center_axis',(4.9960036108132E-16,-1.22464679914735E-16,
-1.));
#8576=DIRECTION('ref_axis',(-1.,-2.13504427812531E-17,-4.9960036108132E-16));
#8577=DIRECTION('center_axis',(4.9960036108132E-16,-1.22464679914735E-16,
-1.));
#8578=DIRECTION('ref_axis',(1.,2.13504427812531E-17,4.9960036108132E-16));
#8579=DIRECTION('center_axis',(4.9960036108132E-16,-1.22464679914735E-16,
-1.));
#8580=DIRECTION('ref_axis',(-1.,-2.13504427812531E-17,-4.9960036108132E-16));
#8581=DIRECTION('center_axis',(-4.9960036108132E-16,1.22464679914735E-16,
1.));
#8582=DIRECTION('ref_axis',(-1.,-2.13504427812531E-17,-4.9960036108132E-16));
#8583=DIRECTION('',(4.9960036108132E-16,-1.22464679914735E-16,-1.));
#8584=DIRECTION('center_axis',(-4.9960036108132E-16,1.22464679914735E-16,
1.));
#8585=DIRECTION('ref_axis',(1.,2.13504427812531E-17,4.9960036108132E-16));
#8586=DIRECTION('center_axis',(4.9960036108132E-16,-1.22464679914735E-16,
-1.));
#8587=DIRECTION('ref_axis',(-1.,-2.13504427812531E-17,-4.9960036108132E-16));
#8588=DIRECTION('center_axis',(4.9960036108132E-16,-1.22464679914735E-16,
-1.));
#8589=DIRECTION('ref_axis',(1.,2.13504427812531E-17,4.9960036108132E-16));
#8590=DIRECTION('center_axis',(2.1350442781253E-17,-1.,1.22464679914735E-16));
#8591=DIRECTION('ref_axis',(1.,2.13504427812531E-17,4.9960036108132E-16));
#8592=DIRECTION('center_axis',(2.1350442781253E-17,-1.,1.22464679914735E-16));
#8593=DIRECTION('ref_axis',(1.,2.13504427812531E-17,4.9960036108132E-16));
#8594=DIRECTION('',(2.1350442781253E-17,-1.,1.22464679914735E-16));
#8595=DIRECTION('center_axis',(-2.1350442781253E-17,1.,-1.22464679914735E-16));
#8596=DIRECTION('ref_axis',(-1.,-2.13504427812531E-17,-4.9960036108132E-16));
#8597=DIRECTION('center_axis',(2.1350442781253E-17,-1.,1.22464679914735E-16));
#8598=DIRECTION('ref_axis',(1.,2.13504427812531E-17,4.9960036108132E-16));
#8599=DIRECTION('center_axis',(2.1350442781253E-17,-1.,1.22464679914735E-16));
#8600=DIRECTION('ref_axis',(1.,2.13504427812531E-17,4.9960036108132E-16));
#8601=DIRECTION('',(2.1350442781253E-17,-1.,1.22464679914735E-16));
#8602=DIRECTION('center_axis',(-2.1350442781253E-17,1.,-1.22464679914735E-16));
#8603=DIRECTION('ref_axis',(-1.,-2.13504427812531E-17,-4.9960036108132E-16));
#8604=DIRECTION('center_axis',(1.,2.13504427812531E-17,4.9960036108132E-16));
#8605=DIRECTION('ref_axis',(-2.1350442781253E-17,1.,-1.22464679914735E-16));
#8606=DIRECTION('center_axis',(-1.,-2.13504427812531E-17,-4.9960036108132E-16));
#8607=DIRECTION('ref_axis',(-2.1350442781253E-17,1.,-1.22464679914735E-16));
#8608=DIRECTION('',(1.,2.13504427812531E-17,4.9960036108132E-16));
#8609=DIRECTION('center_axis',(-1.,-2.13504427812531E-17,-4.9960036108132E-16));
#8610=DIRECTION('ref_axis',(2.1350442781253E-17,-1.,1.22464679914735E-16));
#8611=DIRECTION('center_axis',(1.,2.13504427812531E-17,4.9960036108132E-16));
#8612=DIRECTION('ref_axis',(-2.1350442781253E-17,1.,-1.22464679914735E-16));
#8613=DIRECTION('center_axis',(1.,2.13504427812531E-17,4.9960036108132E-16));
#8614=DIRECTION('ref_axis',(2.1350442781253E-17,-1.,1.22464679914735E-16));
#8615=DIRECTION('center_axis',(2.1350442781253E-17,-1.,1.22464679914735E-16));
#8616=DIRECTION('ref_axis',(1.,2.13504427812531E-17,4.9960036108132E-16));
#8617=DIRECTION('center_axis',(2.1350442781253E-17,-1.,1.22464679914735E-16));
#8618=DIRECTION('ref_axis',(1.,2.13504427812531E-17,4.9960036108132E-16));
#8619=DIRECTION('',(2.1350442781253E-17,-1.,1.22464679914735E-16));
#8620=DIRECTION('center_axis',(-2.1350442781253E-17,1.,-1.22464679914735E-16));
#8621=DIRECTION('ref_axis',(-1.,-2.13504427812531E-17,-4.9960036108132E-16));
#8622=DIRECTION('center_axis',(2.1350442781253E-17,-1.,1.22464679914735E-16));
#8623=DIRECTION('ref_axis',(1.,2.13504427812531E-17,4.9960036108132E-16));
#8624=DIRECTION('center_axis',(2.1350442781253E-17,-1.,1.22464679914735E-16));
#8625=DIRECTION('ref_axis',(1.,2.13504427812531E-17,4.9960036108132E-16));
#8626=DIRECTION('',(2.1350442781253E-17,-1.,1.22464679914735E-16));
#8627=DIRECTION('center_axis',(-2.1350442781253E-17,1.,-1.22464679914735E-16));
#8628=DIRECTION('ref_axis',(-1.,-2.13504427812531E-17,-4.9960036108132E-16));
#8629=DIRECTION('center_axis',(2.1350442781253E-17,-1.,1.22464679914735E-16));
#8630=DIRECTION('ref_axis',(1.,2.13504427812531E-17,4.9960036108132E-16));
#8631=DIRECTION('center_axis',(-2.1350442781253E-17,1.,-1.22464679914735E-16));
#8632=DIRECTION('ref_axis',(1.,2.13504427812531E-17,4.9960036108132E-16));
#8633=DIRECTION('',(2.1350442781253E-17,-1.,1.22464679914735E-16));
#8634=DIRECTION('center_axis',(-2.1350442781253E-17,1.,-1.22464679914735E-16));
#8635=DIRECTION('ref_axis',(-1.,-2.13504427812531E-17,-4.9960036108132E-16));
#8636=DIRECTION('center_axis',(2.1350442781253E-17,-1.,1.22464679914735E-16));
#8637=DIRECTION('ref_axis',(1.,2.13504427812531E-17,4.9960036108132E-16));
#8638=DIRECTION('center_axis',(2.1350442781253E-17,-1.,1.22464679914735E-16));
#8639=DIRECTION('ref_axis',(-1.,-2.13504427812531E-17,-4.9960036108132E-16));
#8640=DIRECTION('center_axis',(2.1350442781253E-17,-1.,1.22464679914735E-16));
#8641=DIRECTION('ref_axis',(1.,2.13504427812531E-17,4.9960036108132E-16));
#8642=DIRECTION('',(-1.,-2.13504427812531E-17,-4.9960036108132E-16));
#8643=DIRECTION('',(-4.9960036108132E-16,1.22464679914735E-16,1.));
#8644=DIRECTION('',(1.,2.13504427812531E-17,4.9960036108132E-16));
#8645=DIRECTION('',(4.9960036108132E-16,-1.22464679914735E-16,-1.));
#8646=DIRECTION('center_axis',(2.1350442781253E-17,-1.,1.22464679914735E-16));
#8647=DIRECTION('ref_axis',(1.,2.13504427812531E-17,4.9960036108132E-16));
#8648=DIRECTION('center_axis',(2.1350442781253E-17,-1.,1.22464679914735E-16));
#8649=DIRECTION('ref_axis',(1.,2.13504427812531E-17,4.9960036108132E-16));
#8650=DIRECTION('',(1.,2.13504427812531E-17,4.9960036108132E-16));
#8651=DIRECTION('',(4.9960036108132E-16,-1.22464679914735E-16,-1.));
#8652=DIRECTION('center_axis',(2.1350442781253E-17,-1.,1.22464679914735E-16));
#8653=DIRECTION('ref_axis',(1.,2.13504427812531E-17,4.9960036108132E-16));
#8654=DIRECTION('',(1.,2.13504427812531E-17,4.9960036108132E-16));
#8655=DIRECTION('center_axis',(2.1350442781253E-17,-1.,1.22464679914735E-16));
#8656=DIRECTION('ref_axis',(-4.9960036108132E-16,1.22464679914735E-16,1.));
#8657=DIRECTION('',(-4.9960036108132E-16,1.22464679914735E-16,1.));
#8658=DIRECTION('center_axis',(2.1350442781253E-17,-1.,1.22464679914735E-16));
#8659=DIRECTION('ref_axis',(-1.,-2.13504427812531E-17,-4.9960036108132E-16));
#8660=DIRECTION('',(-1.,-2.13504427812531E-17,-4.9960036108132E-16));
#8661=DIRECTION('center_axis',(-2.1350442781253E-17,1.,-1.22464679914735E-16));
#8662=DIRECTION('ref_axis',(0.862642593694775,-4.352654257301E-17,-0.505813953488386));
#8663=DIRECTION('',(-1.,-2.13504427812531E-17,-4.9960036108132E-16));
#8664=DIRECTION('',(-4.9960036108132E-16,1.22464679914735E-16,1.));
#8665=DIRECTION('center_axis',(2.1350442781253E-17,-1.,1.22464679914735E-16));
#8666=DIRECTION('ref_axis',(-1.,-2.13504427812531E-17,-4.9960036108132E-16));
#8667=DIRECTION('',(-1.,-2.13504427812531E-17,-4.9960036108132E-16));
#8668=DIRECTION('center_axis',(2.1350442781253E-17,-1.,1.22464679914735E-16));
#8669=DIRECTION('ref_axis',(4.9960036108132E-16,-1.22464679914735E-16,-1.));
#8670=DIRECTION('',(4.9960036108132E-16,-1.22464679914735E-16,-1.));
#8671=DIRECTION('center_axis',(2.1350442781253E-17,-1.,1.22464679914735E-16));
#8672=DIRECTION('ref_axis',(1.,2.13504427812531E-17,4.9960036108132E-16));
#8673=DIRECTION('',(1.,2.13504427812531E-17,4.9960036108132E-16));
#8674=DIRECTION('center_axis',(2.1350442781253E-17,-1.,1.22464679914735E-16));
#8675=DIRECTION('ref_axis',(-4.9960036108132E-16,1.22464679914735E-16,1.));
#8676=DIRECTION('',(-4.9960036108132E-16,1.22464679914735E-16,1.));
#8677=DIRECTION('center_axis',(-4.9960036108132E-16,1.22464679914735E-16,
1.));
#8678=DIRECTION('ref_axis',(-1.,-2.13504427812531E-17,-4.9960036108132E-16));
#8679=DIRECTION('',(1.,2.13504427812531E-17,4.9960036108132E-16));
#8680=DIRECTION('',(2.1350442781253E-17,-1.,1.22464679914735E-16));
#8681=DIRECTION('',(-1.,-2.13504427812531E-17,-4.9960036108132E-16));
#8682=DIRECTION('',(-2.1350442781253E-17,1.,-1.22464679914735E-16));
#8683=DIRECTION('',(1.,2.13504427812531E-17,4.9960036108132E-16));
#8684=DIRECTION('',(-2.1350442781253E-17,1.,-1.22464679914735E-16));
#8685=DIRECTION('',(1.,2.13504427812531E-17,4.9960036108132E-16));
#8686=DIRECTION('',(-2.1350442781253E-17,1.,-1.22464679914735E-16));
#8687=DIRECTION('',(-1.,-2.13504427812531E-17,-4.9960036108132E-16));
#8688=DIRECTION('',(2.1350442781253E-17,-1.,1.22464679914735E-16));
#8689=DIRECTION('',(2.1350442781253E-17,-1.,1.22464679914735E-16));
#8690=DIRECTION('',(-1.,-2.13504427812531E-17,-4.9960036108132E-16));
#8691=DIRECTION('',(-2.1350442781253E-17,1.,-1.22464679914735E-16));
#8692=DIRECTION('',(1.,2.13504427812531E-17,4.9960036108132E-16));
#8693=DIRECTION('',(-2.1350442781253E-17,1.,-1.22464679914735E-16));
#8694=DIRECTION('center_axis',(2.1350442781253E-17,-1.,1.22464679914735E-16));
#8695=DIRECTION('ref_axis',(1.,2.13504427812531E-17,4.9960036108132E-16));
#8696=DIRECTION('',(4.9960036108132E-16,-1.22464679914735E-16,-1.));
#8697=DIRECTION('center_axis',(2.1350442781253E-17,-1.,1.22464679914735E-16));
#8698=DIRECTION('ref_axis',(-1.,-2.13504427812531E-17,-4.9960036108132E-16));
#8699=DIRECTION('',(1.,2.13504427812531E-17,4.9960036108132E-16));
#8700=DIRECTION('',(4.9960036108132E-16,-1.22464679914735E-16,-1.));
#8701=DIRECTION('center_axis',(2.1350442781253E-17,-1.,1.22464679914735E-16));
#8702=DIRECTION('ref_axis',(-4.9960036108132E-16,1.22464679914735E-16,1.));
#8703=DIRECTION('',(-1.,-2.13504427812531E-17,-4.9960036108132E-16));
#8704=DIRECTION('',(-4.9960036108132E-16,1.22464679914735E-16,1.));
#8705=DIRECTION('center_axis',(-2.1350442781253E-17,1.,-1.22464679914735E-16));
#8706=DIRECTION('ref_axis',(1.,2.13504427812531E-17,4.9960036108132E-16));
#8707=DIRECTION('center_axis',(-2.1350442781253E-17,1.,-1.22464679914735E-16));
#8708=DIRECTION('ref_axis',(1.,2.13504427812531E-17,4.9960036108132E-16));
#8709=DIRECTION('center_axis',(2.1350442781253E-17,-1.,1.22464679914735E-16));
#8710=DIRECTION('ref_axis',(1.,2.13504427812531E-17,4.9960036108132E-16));
#8711=DIRECTION('',(4.9960036108132E-16,-1.22464679914735E-16,-1.));
#8712=DIRECTION('',(-1.,-2.13504427812531E-17,-4.9960036108132E-16));
#8713=DIRECTION('center_axis',(-2.1350442781253E-17,1.,-1.22464679914735E-16));
#8714=DIRECTION('ref_axis',(-4.9960036108132E-16,1.22464679914735E-16,1.));
#8715=DIRECTION('',(-4.9960036108132E-16,1.22464679914735E-16,1.));
#8716=DIRECTION('center_axis',(2.1350442781253E-17,-1.,1.22464679914735E-16));
#8717=DIRECTION('ref_axis',(-1.,-2.13504427812531E-17,-4.9960036108132E-16));
#8718=DIRECTION('center_axis',(1.,2.13504427812531E-17,4.9960036108132E-16));
#8719=DIRECTION('ref_axis',(-4.9960036108132E-16,1.22464679914735E-16,1.));
#8720=DIRECTION('',(-2.1350442781253E-17,1.,-1.22464679914735E-16));
#8721=DIRECTION('',(4.9960036108132E-16,-1.22464679914735E-16,-1.));
#8722=DIRECTION('center_axis',(-4.9960036108132E-16,1.22464679914735E-16,
1.));
#8723=DIRECTION('ref_axis',(-1.,-2.13504427812531E-17,-4.9960036108132E-16));
#8724=DIRECTION('',(-2.1350442781253E-17,1.,-1.22464679914735E-16));
#8725=DIRECTION('',(-1.,-2.13504427812531E-17,-4.9960036108132E-16));
#8726=DIRECTION('',(-2.1350442781253E-17,1.,-1.22464679914735E-16));
#8727=DIRECTION('',(-1.,-2.13504427812531E-17,-4.9960036108132E-16));
#8728=DIRECTION('',(-2.1350442781253E-17,1.,-1.22464679914735E-16));
#8729=DIRECTION('center_axis',(-2.1350442781253E-17,1.,-1.22464679914735E-16));
#8730=DIRECTION('ref_axis',(-4.9960036108132E-16,1.22464679914735E-16,1.));
#8731=DIRECTION('center_axis',(2.1350442781253E-17,-1.,1.22464679914735E-16));
#8732=DIRECTION('ref_axis',(1.,2.13504427812531E-17,4.9960036108132E-16));
#8733=DIRECTION('',(-2.1350442781253E-17,1.,-1.22464679914735E-16));
#8734=DIRECTION('center_axis',(1.,2.13504427812531E-17,4.9960036108132E-16));
#8735=DIRECTION('ref_axis',(-4.9960036108132E-16,1.22464679914735E-16,1.));
#8736=DIRECTION('',(-4.9960036108132E-16,1.22464679914735E-16,1.));
#8737=DIRECTION('',(-2.1350442781253E-17,1.,-1.22464679914735E-16));
#8738=DIRECTION('',(-4.9960036108132E-16,1.22464679914735E-16,1.));
#8739=DIRECTION('',(-2.1350442781253E-17,1.,-1.22464679914735E-16));
#8740=DIRECTION('',(4.9960036108132E-16,-1.22464679914735E-16,-1.));
#8741=DIRECTION('center_axis',(2.1350442781253E-17,-1.,1.22464679914735E-16));
#8742=DIRECTION('ref_axis',(1.,2.13504427812531E-17,4.9960036108132E-16));
#8743=DIRECTION('',(1.,2.13504427812531E-17,4.9960036108132E-16));
#8744=DIRECTION('center_axis',(2.1350442781253E-17,-1.,1.22464679914735E-16));
#8745=DIRECTION('ref_axis',(4.9960036108132E-16,-1.22464679914735E-16,-1.));
#8746=DIRECTION('',(-4.9960036108132E-16,1.22464679914735E-16,1.));
#8747=DIRECTION('center_axis',(-2.1350442781253E-17,1.,-1.22464679914735E-16));
#8748=DIRECTION('ref_axis',(1.,2.13504427812531E-17,4.9960036108132E-16));
#8749=DIRECTION('center_axis',(-2.1350442781253E-17,1.,-1.22464679914735E-16));
#8750=DIRECTION('ref_axis',(1.,2.13504427812531E-17,4.9960036108132E-16));
#8751=DIRECTION('',(-2.1350442781253E-17,1.,-1.22464679914735E-16));
#8752=DIRECTION('center_axis',(-2.1350442781253E-17,1.,-1.22464679914735E-16));
#8753=DIRECTION('ref_axis',(1.,2.13504427812531E-17,4.9960036108132E-16));
#8754=DIRECTION('center_axis',(-2.1350442781253E-17,1.,-1.22464679914735E-16));
#8755=DIRECTION('ref_axis',(-1.,-2.13504427812531E-17,-4.9960036108132E-16));
#8756=DIRECTION('center_axis',(-2.1350442781253E-17,1.,-1.22464679914735E-16));
#8757=DIRECTION('ref_axis',(1.,2.13504427812531E-17,4.9960036108132E-16));
#8758=DIRECTION('',(-1.,-2.13504427812531E-17,-4.9960036108132E-16));
#8759=DIRECTION('center_axis',(-2.1350442781253E-17,1.,-1.22464679914735E-16));
#8760=DIRECTION('ref_axis',(4.9960036108132E-16,-1.22464679914735E-16,-1.));
#8761=DIRECTION('',(-4.9960036108132E-16,1.22464679914735E-16,1.));
#8762=DIRECTION('center_axis',(-2.1350442781253E-17,1.,-1.22464679914735E-16));
#8763=DIRECTION('ref_axis',(-1.,-2.13504427812531E-17,-4.9960036108132E-16));
#8764=DIRECTION('',(1.,2.13504427812531E-17,4.9960036108132E-16));
#8765=DIRECTION('center_axis',(-2.1350442781253E-17,1.,-1.22464679914735E-16));
#8766=DIRECTION('ref_axis',(-4.9960036108132E-16,1.22464679914735E-16,1.));
#8767=DIRECTION('',(4.9960036108132E-16,-1.22464679914735E-16,-1.));
#8768=DIRECTION('',(1.,2.13504427812531E-17,4.9960036108132E-16));
#8769=DIRECTION('',(-4.9960036108132E-16,1.22464679914735E-16,1.));
#8770=DIRECTION('center_axis',(-2.1350442781253E-17,1.,-1.22464679914735E-16));
#8771=DIRECTION('ref_axis',(-1.,-2.13504427812531E-17,-4.9960036108132E-16));
#8772=DIRECTION('',(1.,2.13504427812531E-17,4.9960036108132E-16));
#8773=DIRECTION('center_axis',(-2.1350442781253E-17,1.,-1.22464679914735E-16));
#8774=DIRECTION('ref_axis',(-4.9960036108132E-16,1.22464679914735E-16,1.));
#8775=DIRECTION('',(4.9960036108132E-16,-1.22464679914735E-16,-1.));
#8776=DIRECTION('',(-1.,-2.13504427812531E-17,-4.9960036108132E-16));
#8777=DIRECTION('center_axis',(2.1350442781253E-17,-1.,1.22464679914735E-16));
#8778=DIRECTION('ref_axis',(0.625779513886492,1.08883120038406E-16,0.779999999999991));
#8779=DIRECTION('',(-1.,-2.13504427812531E-17,-4.9960036108132E-16));
#8780=DIRECTION('center_axis',(2.1350442781253E-17,-1.,1.22464679914735E-16));
#8781=DIRECTION('ref_axis',(1.43033733005887E-14,1.22464679914736E-16,1.));
#8782=DIRECTION('',(4.9960036108132E-16,-1.22464679914735E-16,-1.));
#8783=DIRECTION('center_axis',(2.1350442781253E-17,-1.,1.22464679914735E-16));
#8784=DIRECTION('ref_axis',(-1.,-2.13504427812531E-17,-4.9960036108132E-16));
#8785=DIRECTION('',(-1.,-2.13504427812531E-17,-4.9960036108132E-16));
#8786=DIRECTION('center_axis',(-2.1350442781253E-17,1.,-1.22464679914735E-16));
#8787=DIRECTION('ref_axis',(4.9960036108132E-16,-1.22464679914735E-16,-1.));
#8788=DIRECTION('',(-4.9960036108132E-16,1.22464679914735E-16,1.));
#8789=DIRECTION('',(-1.,-2.13504427812531E-17,-4.9960036108132E-16));
#8790=DIRECTION('center_axis',(-2.1350442781253E-17,1.,-1.22464679914735E-16));
#8791=DIRECTION('ref_axis',(1.,2.13504427812531E-17,4.9960036108132E-16));
#8792=DIRECTION('center_axis',(-2.1350442781253E-17,1.,-1.22464679914735E-16));
#8793=DIRECTION('ref_axis',(1.,2.13504427812531E-17,4.9960036108132E-16));
#8794=DIRECTION('center_axis',(-2.1350442781253E-17,1.,-1.22464679914735E-16));
#8795=DIRECTION('ref_axis',(1.,2.13504427812531E-17,4.9960036108132E-16));
#8796=DIRECTION('center_axis',(-2.1350442781253E-17,1.,-1.22464679914735E-16));
#8797=DIRECTION('ref_axis',(1.,2.13504427812531E-17,4.9960036108132E-16));
#8798=DIRECTION('center_axis',(2.1350442781253E-17,-1.,1.22464679914735E-16));
#8799=DIRECTION('ref_axis',(1.,2.13504427812531E-17,4.9960036108132E-16));
#8800=DIRECTION('center_axis',(2.1350442781253E-17,-1.,1.22464679914735E-16));
#8801=DIRECTION('ref_axis',(1.,2.13504427812531E-17,4.9960036108132E-16));
#8802=DIRECTION('center_axis',(2.1350442781253E-17,-1.,1.22464679914735E-16));
#8803=DIRECTION('ref_axis',(1.,2.13504427812531E-17,4.9960036108132E-16));
#8804=DIRECTION('center_axis',(2.1350442781253E-17,-1.,1.22464679914735E-16));
#8805=DIRECTION('ref_axis',(-1.,-2.13504427812531E-17,-4.9960036108132E-16));
#8806=DIRECTION('center_axis',(2.1350442781253E-17,-1.,1.22464679914735E-16));
#8807=DIRECTION('ref_axis',(-1.,-2.13504427812531E-17,-4.9960036108132E-16));
#8808=DIRECTION('center_axis',(2.1350442781253E-17,-1.,1.22464679914735E-16));
#8809=DIRECTION('ref_axis',(1.,2.13504427812531E-17,4.9960036108132E-16));
#8810=DIRECTION('center_axis',(2.1350442781253E-17,-1.,1.22464679914735E-16));
#8811=DIRECTION('ref_axis',(1.,2.13504427812531E-17,4.9960036108132E-16));
#8812=DIRECTION('',(2.1350442781253E-17,-1.,1.22464679914735E-16));
#8813=DIRECTION('center_axis',(2.1350442781253E-17,-1.,1.22464679914735E-16));
#8814=DIRECTION('ref_axis',(1.,2.13504427812531E-17,4.9960036108132E-16));
#8815=DIRECTION('center_axis',(2.1350442781253E-17,-1.,1.22464679914735E-16));
#8816=DIRECTION('ref_axis',(1.,2.13504427812531E-17,4.9960036108132E-16));
#8817=DIRECTION('',(-0.707106781186547,-0.707106781186548,-3.53270803203849E-16));
#8818=DIRECTION('center_axis',(2.1350442781253E-17,-1.,1.22464679914735E-16));
#8819=DIRECTION('ref_axis',(-1.,-2.13504427812531E-17,-4.9960036108132E-16));
#8820=DIRECTION('center_axis',(2.1350442781253E-17,-1.,1.22464679914735E-16));
#8821=DIRECTION('ref_axis',(1.,2.13504427812531E-17,4.9960036108132E-16));
#8822=DIRECTION('',(-4.9960036108132E-16,1.22464679914735E-16,1.));
#8823=DIRECTION('',(-1.,-2.13504427812531E-17,-4.9960036108132E-16));
#8824=DIRECTION('',(4.9960036108132E-16,-1.22464679914735E-16,-1.));
#8825=DIRECTION('',(1.,2.13504427812531E-17,4.9960036108132E-16));
#8826=DIRECTION('center_axis',(2.1350442781253E-17,-1.,1.22464679914735E-16));
#8827=DIRECTION('ref_axis',(1.,2.13504427812531E-17,4.9960036108132E-16));
#8828=DIRECTION('center_axis',(2.1350442781253E-17,-1.,1.22464679914735E-16));
#8829=DIRECTION('ref_axis',(1.,2.13504427812531E-17,4.9960036108132E-16));
#8830=DIRECTION('',(-4.9960036108132E-16,1.22464679914735E-16,1.));
#8831=DIRECTION('',(1.,2.13504427812531E-17,4.9960036108132E-16));
#8832=DIRECTION('center_axis',(2.1350442781253E-17,-1.,1.22464679914735E-16));
#8833=DIRECTION('ref_axis',(4.9960036108132E-16,-1.22464679914735E-16,-1.));
#8834=DIRECTION('',(1.,2.13504427812531E-17,4.9960036108132E-16));
#8835=DIRECTION('center_axis',(2.1350442781253E-17,-1.,1.22464679914735E-16));
#8836=DIRECTION('ref_axis',(-1.,-2.13504427812531E-17,-4.9960036108132E-16));
#8837=DIRECTION('',(4.9960036108132E-16,-1.22464679914735E-16,-1.));
#8838=DIRECTION('center_axis',(2.1350442781253E-17,-1.,1.22464679914735E-16));
#8839=DIRECTION('ref_axis',(-4.9960036108132E-16,1.22464679914735E-16,1.));
#8840=DIRECTION('',(-1.,-2.13504427812531E-17,-4.9960036108132E-16));
#8841=DIRECTION('center_axis',(2.1350442781253E-17,-1.,1.22464679914735E-16));
#8842=DIRECTION('ref_axis',(0.625779513886492,1.08883120038406E-16,0.779999999999991));
#8843=DIRECTION('',(-1.,-2.13504427812531E-17,-4.9960036108132E-16));
#8844=DIRECTION('',(-4.9960036108132E-16,1.22464679914735E-16,1.));
#8845=DIRECTION('',(-1.,-2.13504427812531E-17,-4.9960036108132E-16));
#8846=DIRECTION('',(-4.9960036108132E-16,1.22464679914735E-16,1.));
#8847=DIRECTION('',(4.9960036108132E-16,-1.22464679914735E-16,-1.));
#8848=DIRECTION('center_axis',(2.1350442781253E-17,-1.,1.22464679914735E-16));
#8849=DIRECTION('ref_axis',(4.9960036108132E-16,-1.22464679914735E-16,-1.));
#8850=DIRECTION('',(1.,2.13504427812531E-17,4.9960036108132E-16));
#8851=DIRECTION('center_axis',(-2.1350442781253E-17,1.,-1.22464679914735E-16));
#8852=DIRECTION('ref_axis',(1.,2.13504427812531E-17,4.9960036108132E-16));
#8853=DIRECTION('',(1.,2.13504427812531E-17,4.9960036108132E-16));
#8854=DIRECTION('center_axis',(-2.1350442781253E-17,1.,-1.22464679914735E-16));
#8855=DIRECTION('ref_axis',(4.9960036108132E-16,-1.22464679914735E-16,-1.));
#8856=DIRECTION('',(4.9960036108132E-16,-1.22464679914735E-16,-1.));
#8857=DIRECTION('',(1.,2.13504427812531E-17,4.9960036108132E-16));
#8858=DIRECTION('center_axis',(-2.1350442781253E-17,1.,-1.22464679914735E-16));
#8859=DIRECTION('ref_axis',(4.9960036108132E-16,-1.22464679914735E-16,-1.));
#8860=DIRECTION('',(4.9960036108132E-16,-1.22464679914735E-16,-1.));
#8861=DIRECTION('',(4.9960036108132E-16,-1.22464679914735E-16,-1.));
#8862=DIRECTION('',(1.,2.13504427812531E-17,4.9960036108132E-16));
#8863=DIRECTION('',(-4.9960036108132E-16,1.22464679914735E-16,1.));
#8864=DIRECTION('',(-1.,-2.13504427812531E-17,-4.9960036108132E-16));
#8865=DIRECTION('center_axis',(2.1350442781253E-17,-1.,1.22464679914735E-16));
#8866=DIRECTION('ref_axis',(1.,2.13504427812531E-17,4.9960036108132E-16));
#8867=DIRECTION('center_axis',(-2.1350442781253E-17,1.,-1.22464679914735E-16));
#8868=DIRECTION('ref_axis',(1.,2.13504427812531E-17,4.9960036108132E-16));
#8869=DIRECTION('center_axis',(2.1350442781253E-17,-1.,1.22464679914735E-16));
#8870=DIRECTION('ref_axis',(1.,2.13504427812531E-17,4.9960036108132E-16));
#8871=DIRECTION('center_axis',(2.1350442781253E-17,-1.,1.22464679914735E-16));
#8872=DIRECTION('ref_axis',(1.,2.13504427812531E-17,4.9960036108132E-16));
#8873=DIRECTION('center_axis',(2.1350442781253E-17,-1.,1.22464679914735E-16));
#8874=DIRECTION('ref_axis',(1.,2.13504427812531E-17,4.9960036108132E-16));
#8875=DIRECTION('center_axis',(2.1350442781253E-17,-1.,1.22464679914735E-16));
#8876=DIRECTION('ref_axis',(1.,2.13504427812531E-17,4.9960036108132E-16));
#8877=DIRECTION('',(4.9960036108132E-16,-1.22464679914735E-16,-1.));
#8878=DIRECTION('center_axis',(2.1350442781253E-17,-1.,1.22464679914735E-16));
#8879=DIRECTION('ref_axis',(1.,2.13504427812531E-17,4.9960036108132E-16));
#8880=DIRECTION('center_axis',(1.,2.13504427812531E-17,4.9960036108132E-16));
#8881=DIRECTION('ref_axis',(-4.9960036108132E-16,1.22464679914735E-16,1.));
#8882=DIRECTION('',(-2.1350442781253E-17,1.,-1.22464679914735E-16));
#8883=DIRECTION('',(-4.9960036108132E-16,1.22464679914735E-16,1.));
#8884=DIRECTION('',(-2.1350442781253E-17,1.,-1.22464679914735E-16));
#8885=DIRECTION('center_axis',(-4.9960036108132E-16,1.22464679914735E-16,
1.));
#8886=DIRECTION('ref_axis',(-1.,-2.13504427812531E-17,-4.9960036108132E-16));
#8887=DIRECTION('',(2.1350442781253E-17,-1.,1.22464679914735E-16));
#8888=DIRECTION('',(-1.,-2.13504427812531E-17,-4.9960036108132E-16));
#8889=DIRECTION('',(-2.1350442781253E-17,1.,-1.22464679914735E-16));
#8890=DIRECTION('',(-1.,-2.13504427812531E-17,-4.9960036108132E-16));
#8891=DIRECTION('',(-2.1350442781253E-17,1.,-1.22464679914735E-16));
#8892=DIRECTION('',(-1.,-2.13504427812531E-17,-4.9960036108132E-16));
#8893=DIRECTION('center_axis',(2.1350442781253E-17,-1.,1.22464679914735E-16));
#8894=DIRECTION('ref_axis',(4.9960036108132E-16,-1.22464679914735E-16,-1.));
#8895=DIRECTION('',(2.1350442781253E-17,-1.,1.22464679914735E-16));
#8896=DIRECTION('center_axis',(2.1350442781253E-17,-1.,1.22464679914735E-16));
#8897=DIRECTION('ref_axis',(4.9960036108132E-16,-1.22464679914735E-16,-1.));
#8898=DIRECTION('center_axis',(-2.1350442781253E-17,1.,-1.22464679914735E-16));
#8899=DIRECTION('ref_axis',(1.,2.13504427812531E-17,4.9960036108132E-16));
#8900=DIRECTION('center_axis',(-1.,-2.13504427812531E-17,-4.9960036108132E-16));
#8901=DIRECTION('ref_axis',(4.9960036108132E-16,-1.22464679914735E-16,-1.));
#8902=DIRECTION('',(4.9960036108132E-16,-1.22464679914735E-16,-1.));
#8903=DIRECTION('',(2.1350442781253E-17,-1.,1.22464679914735E-16));
#8904=DIRECTION('',(4.9960036108132E-16,-1.22464679914735E-16,-1.));
#8905=DIRECTION('center_axis',(2.1350442781253E-17,-1.,1.22464679914735E-16));
#8906=DIRECTION('ref_axis',(1.,2.13504427812531E-17,4.9960036108132E-16));
#8907=DIRECTION('center_axis',(2.1350442781253E-17,-1.,1.22464679914735E-16));
#8908=DIRECTION('ref_axis',(1.,2.13504427812531E-17,4.9960036108132E-16));
#8909=DIRECTION('',(1.,2.13504427812531E-17,4.9960036108132E-16));
#8910=DIRECTION('center_axis',(2.1350442781253E-17,-1.,1.22464679914735E-16));
#8911=DIRECTION('ref_axis',(-4.9960036108132E-16,1.22464679914735E-16,1.));
#8912=DIRECTION('',(1.,2.13504427812531E-17,4.9960036108132E-16));
#8913=DIRECTION('',(4.9960036108132E-16,-1.22464679914735E-16,-1.));
#8914=DIRECTION('center_axis',(-1.,-2.13504427812531E-17,-4.9960036108132E-16));
#8915=DIRECTION('ref_axis',(4.9960036108132E-16,-1.22464679914735E-16,-1.));
#8916=DIRECTION('',(-2.1350442781253E-17,1.,-1.22464679914735E-16));
#8917=DIRECTION('center_axis',(4.9960036108132E-16,-1.22464679914735E-16,
-1.));
#8918=DIRECTION('ref_axis',(1.,2.13504427812531E-17,4.9960036108132E-16));
#8919=DIRECTION('center_axis',(2.1350442781253E-17,-1.,1.22464679914735E-16));
#8920=DIRECTION('ref_axis',(-1.,-2.13504427812531E-17,-3.77135681166585E-16));
#8921=DIRECTION('',(-2.1350442781253E-17,1.,-1.22464679914735E-16));
#8922=DIRECTION('center_axis',(-2.1350442781253E-17,1.,-1.22464679914735E-16));
#8923=DIRECTION('ref_axis',(4.9960036108132E-16,-1.22464679914735E-16,-1.));
#8924=DIRECTION('center_axis',(2.1350442781253E-17,-1.,1.22464679914735E-16));
#8925=DIRECTION('ref_axis',(1.,2.13504427812531E-17,4.9960036108132E-16));
#8926=DIRECTION('center_axis',(2.1350442781253E-17,-1.,1.22464679914735E-16));
#8927=DIRECTION('ref_axis',(-4.9960036108132E-16,1.22464679914735E-16,1.));
#8928=DIRECTION('',(4.9960036108132E-16,-1.22464679914735E-16,-1.));
#8929=DIRECTION('center_axis',(2.1350442781253E-17,-1.,1.22464679914735E-16));
#8930=DIRECTION('ref_axis',(-1.,-2.13504427812531E-17,-4.9960036108132E-16));
#8931=DIRECTION('',(1.,2.13504427812531E-17,4.9960036108132E-16));
#8932=DIRECTION('center_axis',(2.1350442781253E-17,-1.,1.22464679914735E-16));
#8933=DIRECTION('ref_axis',(4.9960036108132E-16,-1.22464679914735E-16,-1.));
#8934=DIRECTION('center_axis',(2.1350442781253E-17,-1.,1.22464679914735E-16));
#8935=DIRECTION('ref_axis',(1.,2.13504427812531E-17,4.9960036108132E-16));
#8936=DIRECTION('center_axis',(-2.1350442781253E-17,1.,-1.22464679914735E-16));
#8937=DIRECTION('ref_axis',(1.,2.13504427812531E-17,4.9960036108132E-16));
#8938=DIRECTION('center_axis',(2.1350442781253E-17,-1.,1.22464679914735E-16));
#8939=DIRECTION('ref_axis',(1.,2.13504427812531E-17,4.9960036108132E-16));
#8940=DIRECTION('',(-4.9960036108132E-16,1.22464679914735E-16,1.));
#8941=DIRECTION('center_axis',(2.1350442781253E-17,-1.,1.22464679914735E-16));
#8942=DIRECTION('ref_axis',(-1.,-2.13504427812531E-17,-4.9960036108132E-16));
#8943=DIRECTION('',(4.9960036108132E-16,-1.22464679914735E-16,-1.));
#8944=DIRECTION('center_axis',(2.1350442781253E-17,-1.,1.22464679914735E-16));
#8945=DIRECTION('ref_axis',(1.,2.13504427812517E-17,-1.10883524584487E-14));
#8946=DIRECTION('',(-4.9960036108132E-16,1.22464679914735E-16,1.));
#8947=DIRECTION('center_axis',(2.1350442781253E-17,-1.,1.22464679914735E-16));
#8948=DIRECTION('ref_axis',(-1.,-2.13504427812531E-17,-4.9960036108132E-16));
#8949=DIRECTION('',(4.9960036108132E-16,-1.22464679914735E-16,-1.));
#8950=DIRECTION('center_axis',(2.1350442781253E-17,-1.,1.22464679914735E-16));
#8951=DIRECTION('ref_axis',(-1.,-2.13504427812531E-17,-4.9960036108132E-16));
#8952=DIRECTION('',(4.9960036108132E-16,-1.22464679914735E-16,-1.));
#8953=DIRECTION('center_axis',(2.1350442781253E-17,-1.,1.22464679914735E-16));
#8954=DIRECTION('ref_axis',(1.,2.13504427812531E-17,4.9960036108132E-16));
#8955=DIRECTION('',(-4.9960036108132E-16,1.22464679914735E-16,1.));
#8956=DIRECTION('center_axis',(2.1350442781253E-17,-1.,1.22464679914735E-16));
#8957=DIRECTION('ref_axis',(-1.,-2.13504427812531E-17,-4.9960036108132E-16));
#8958=DIRECTION('',(4.9960036108132E-16,-1.22464679914735E-16,-1.));
#8959=DIRECTION('center_axis',(2.1350442781253E-17,-1.,1.22464679914735E-16));
#8960=DIRECTION('ref_axis',(1.,2.13504427812531E-17,4.9960036108132E-16));
#8961=DIRECTION('',(-4.9960036108132E-16,1.22464679914735E-16,1.));
#8962=DIRECTION('',(1.,2.13504427812531E-17,4.9960036108132E-16));
#8963=DIRECTION('center_axis',(-2.1350442781253E-17,1.,-1.22464679914735E-16));
#8964=DIRECTION('ref_axis',(-4.9960036108132E-16,1.22464679914735E-16,1.));
#8965=DIRECTION('center_axis',(-2.1350442781253E-17,1.,-1.22464679914735E-16));
#8966=DIRECTION('ref_axis',(1.,2.13504427812531E-17,4.9960036108132E-16));
#8967=DIRECTION('',(-2.1350442781253E-17,1.,-1.22464679914735E-16));
#8968=DIRECTION('center_axis',(4.9960036108132E-16,-1.22464679914735E-16,
-1.));
#8969=DIRECTION('ref_axis',(1.,2.13504427812531E-17,4.9960036108132E-16));
#8970=DIRECTION('',(-2.1350442781253E-17,1.,-1.22464679914735E-16));
#8971=DIRECTION('center_axis',(-2.1350442781253E-17,1.,-1.22464679914735E-16));
#8972=DIRECTION('ref_axis',(4.9960036108132E-16,-1.22464679914735E-16,-1.));
#8973=DIRECTION('',(-2.1350442781253E-17,1.,-1.22464679914735E-16));
#8974=DIRECTION('center_axis',(-1.,-2.13504427812531E-17,-4.9960036108132E-16));
#8975=DIRECTION('ref_axis',(4.9960036108132E-16,-1.22464679914735E-16,-1.));
#8976=DIRECTION('',(2.1350442781253E-17,-1.,1.22464679914735E-16));
#8977=DIRECTION('',(-2.1350442781253E-17,1.,-1.22464679914735E-16));
#8978=DIRECTION('center_axis',(2.1350442781253E-17,-1.,1.22464679914735E-16));
#8979=DIRECTION('ref_axis',(1.,2.13504427812531E-17,4.9960036108132E-16));
#8980=DIRECTION('center_axis',(4.9960036108132E-16,-1.22464679914735E-16,
-1.));
#8981=DIRECTION('ref_axis',(1.,2.13504427812531E-17,4.9960036108132E-16));
#8982=DIRECTION('',(1.,2.13504427812531E-17,4.9960036108132E-16));
#8983=DIRECTION('',(-2.1350442781253E-17,1.,-1.22464679914735E-16));
#8984=DIRECTION('',(-2.1350442781253E-17,1.,-1.22464679914735E-16));
#8985=DIRECTION('center_axis',(2.1350442781253E-17,-1.,1.22464679914735E-16));
#8986=DIRECTION('ref_axis',(1.,2.13504427812531E-17,4.9960036108132E-16));
#8987=DIRECTION('',(4.9960036108132E-16,-1.22464679914735E-16,-1.));
#8988=DIRECTION('',(4.9960036108132E-16,-1.22464679914735E-16,-1.));
#8989=DIRECTION('center_axis',(2.1350442781253E-17,-1.,1.22464679914735E-16));
#8990=DIRECTION('ref_axis',(-1.,-2.13504427812531E-17,-4.9960036108132E-16));
#8991=DIRECTION('center_axis',(2.1350442781253E-17,-1.,1.22464679914735E-16));
#8992=DIRECTION('ref_axis',(-1.,-2.13504427812531E-17,-4.9960036108132E-16));
#8993=DIRECTION('center_axis',(2.1350442781253E-17,-1.,1.22464679914735E-16));
#8994=DIRECTION('ref_axis',(-1.,-2.13504427812531E-17,-4.9960036108132E-16));
#8995=DIRECTION('center_axis',(-2.1350442781253E-17,1.,-1.22464679914735E-16));
#8996=DIRECTION('ref_axis',(1.,2.13504427812531E-17,4.9960036108132E-16));
#8997=DIRECTION('center_axis',(-2.1350442781253E-17,1.,-1.22464679914735E-16));
#8998=DIRECTION('ref_axis',(1.,2.13504427812531E-17,4.9960036108132E-16));
#8999=DIRECTION('',(-2.1350442781253E-17,1.,-1.22464679914735E-16));
#9000=DIRECTION('center_axis',(2.1350442781253E-17,-1.,1.22464679914735E-16));
#9001=DIRECTION('ref_axis',(-1.,-2.13504427812531E-17,-4.9960036108132E-16));
#9002=DIRECTION('',(2.1350442781253E-17,-1.,1.22464679914735E-16));
#9003=DIRECTION('center_axis',(-1.,-2.13504427812531E-17,-4.9960036108132E-16));
#9004=DIRECTION('ref_axis',(4.9960036108132E-16,-1.22464679914735E-16,-1.));
#9005=DIRECTION('',(-2.1350442781253E-17,1.,-1.22464679914735E-16));
#9006=DIRECTION('center_axis',(2.1350442781253E-17,-1.,1.22464679914735E-16));
#9007=DIRECTION('ref_axis',(1.,2.13504427812531E-17,4.9960036108132E-16));
#9008=DIRECTION('center_axis',(-2.1350442781253E-17,1.,-1.22464679914735E-16));
#9009=DIRECTION('ref_axis',(4.9960036108132E-16,-1.22464679914735E-16,-1.));
#9010=DIRECTION('',(-2.1350442781253E-17,1.,-1.22464679914735E-16));
#9011=DIRECTION('center_axis',(-1.,-2.13504427812531E-17,-4.9960036108132E-16));
#9012=DIRECTION('ref_axis',(4.9960036108132E-16,-1.22464679914735E-16,-1.));
#9013=DIRECTION('center_axis',(2.1350442781253E-17,-1.,1.22464679914735E-16));
#9014=DIRECTION('ref_axis',(1.,2.13504427812531E-17,4.9960036108132E-16));
#9015=DIRECTION('center_axis',(2.1350442781253E-17,-1.,1.22464679914735E-16));
#9016=DIRECTION('ref_axis',(1.,2.13504427812531E-17,4.9960036108132E-16));
#9017=DIRECTION('',(-0.707106781186547,-0.707106781186548,-3.53270803203849E-16));
#9018=DIRECTION('center_axis',(2.1350442781253E-17,-1.,1.22464679914735E-16));
#9019=DIRECTION('ref_axis',(1.,2.13504427812531E-17,4.9960036108132E-16));
#9020=DIRECTION('center_axis',(2.1350442781253E-17,-1.,1.22464679914735E-16));
#9021=DIRECTION('ref_axis',(-1.,-2.13504427812531E-17,-4.9960036108132E-16));
#9022=DIRECTION('',(2.1350442781253E-17,-1.,1.22464679914735E-16));
#9023=DIRECTION('center_axis',(-2.1350442781253E-17,1.,-1.22464679914735E-16));
#9024=DIRECTION('ref_axis',(1.,2.13504427812531E-17,4.9960036108132E-16));
#9025=DIRECTION('',(-4.9960036108132E-16,1.22464679914735E-16,1.));
#9026=DIRECTION('',(1.,2.13504427812531E-17,4.9960036108132E-16));
#9027=DIRECTION('',(-4.9960036108132E-16,1.22464679914735E-16,1.));
#9028=DIRECTION('',(1.,2.13504427812531E-17,4.9960036108132E-16));
#9029=DIRECTION('center_axis',(1.,2.13504427812531E-17,4.9960036108132E-16));
#9030=DIRECTION('ref_axis',(4.9960036108132E-16,-1.22464679914735E-16,-1.));
#9031=DIRECTION('',(2.1350442781253E-17,-1.,1.22464679914735E-16));
#9032=DIRECTION('',(2.1350442781253E-17,-1.,1.22464679914735E-16));
#9033=DIRECTION('',(2.1350442781253E-17,-1.,1.22464679914735E-16));
#9034=DIRECTION('center_axis',(-4.9960036108132E-16,1.22464679914735E-16,
1.));
#9035=DIRECTION('ref_axis',(1.,2.13504427812531E-17,4.9960036108132E-16));
#9036=DIRECTION('',(2.1350442781253E-17,-1.,1.22464679914735E-16));
#9037=DIRECTION('center_axis',(-1.,-2.13504427812531E-17,-4.9960036108132E-16));
#9038=DIRECTION('ref_axis',(-4.9960036108132E-16,1.22464679914735E-16,1.));
#9039=DIRECTION('',(2.1350442781253E-17,-1.,1.22464679914735E-16));
#9040=DIRECTION('',(2.1350442781253E-17,-1.,1.22464679914735E-16));
#9041=DIRECTION('center_axis',(-4.9960036108132E-16,1.22464679914735E-16,
1.));
#9042=DIRECTION('ref_axis',(1.,2.13504427812531E-17,4.9960036108132E-16));
#9043=DIRECTION('center_axis',(2.1350442781253E-17,-1.,1.22464679914735E-16));
#9044=DIRECTION('ref_axis',(-4.9960036108132E-16,1.22464679914735E-16,1.));
#9045=DIRECTION('',(2.1350442781253E-17,-1.,1.22464679914735E-16));
#9046=DIRECTION('center_axis',(-4.9960036108132E-16,1.22464679914735E-16,
1.));
#9047=DIRECTION('ref_axis',(1.,2.13504427812531E-17,4.9960036108132E-16));
#9048=DIRECTION('',(2.1350442781253E-17,-1.,1.22464679914735E-16));
#9049=DIRECTION('center_axis',(2.1350442781253E-17,-1.,1.22464679914735E-16));
#9050=DIRECTION('ref_axis',(1.,2.13504427812531E-17,4.9960036108132E-16));
#9051=DIRECTION('',(2.1350442781253E-17,-1.,1.22464679914735E-16));
#9052=DIRECTION('center_axis',(1.,2.13504427812531E-17,4.9960036108132E-16));
#9053=DIRECTION('ref_axis',(4.9960036108132E-16,-1.22464679914735E-16,-1.));
#9054=DIRECTION('',(-2.1350442781253E-17,1.,-1.22464679914735E-16));
#9055=DIRECTION('',(-2.1350442781253E-17,1.,-1.22464679914735E-16));
#9056=DIRECTION('center_axis',(1.,2.13504427812531E-17,4.9960036108132E-16));
#9057=DIRECTION('ref_axis',(8.9084725240609E-17,0.975499871860577,-0.219999999999995));
#9058=DIRECTION('',(-4.9960036108132E-16,1.22464679914735E-16,1.));
#9059=DIRECTION('center_axis',(1.,2.13504427812531E-17,4.9960036108132E-16));
#9060=DIRECTION('ref_axis',(-2.1350442781253E-17,1.,-1.22464679914735E-16));
#9061=DIRECTION('center_axis',(-4.9960036108132E-16,1.22464679914735E-16,
1.));
#9062=DIRECTION('ref_axis',(-1.,-2.13504427812531E-17,-4.9960036108132E-16));
#9063=DIRECTION('',(2.1350442781253E-17,-1.,1.22464679914735E-16));
#9064=DIRECTION('',(2.1350442781253E-17,-1.,1.22464679914735E-16));
#9065=DIRECTION('',(1.,2.13504427812531E-17,4.9960036108132E-16));
#9066=DIRECTION('center_axis',(1.,2.13504427812531E-17,4.9960036108132E-16));
#9067=DIRECTION('ref_axis',(-4.9960036108132E-16,1.22464679914735E-16,1.));
#9068=DIRECTION('',(-2.1350442781253E-17,1.,-1.22464679914735E-16));
#9069=DIRECTION('center_axis',(1.,2.13504427812531E-17,4.9960036108132E-16));
#9070=DIRECTION('ref_axis',(4.9960036108132E-16,-1.22464679914735E-16,-1.));
#9071=DIRECTION('',(-4.9960036108132E-16,1.22464679914735E-16,1.));
#9072=DIRECTION('center_axis',(1.,2.13504427812531E-17,4.9960036108132E-16));
#9073=DIRECTION('ref_axis',(-2.1350442781253E-17,1.,-1.22464679914735E-16));
#9074=DIRECTION('',(2.1350442781253E-17,-1.,1.22464679914735E-16));
#9075=DIRECTION('center_axis',(1.,2.13504427812531E-17,4.9960036108132E-16));
#9076=DIRECTION('ref_axis',(-2.1350442781253E-17,1.,-1.22464679914735E-16));
#9077=DIRECTION('',(-4.9960036108132E-16,1.22464679914735E-16,1.));
#9078=DIRECTION('center_axis',(-1.,-2.13504427812531E-17,-4.9960036108132E-16));
#9079=DIRECTION('ref_axis',(-2.1350442781253E-17,1.,-1.22464679914735E-16));
#9080=DIRECTION('',(2.1350442781253E-17,-1.,1.22464679914735E-16));
#9081=DIRECTION('center_axis',(4.9960036108132E-16,-1.22464679914735E-16,
-1.));
#9082=DIRECTION('ref_axis',(1.,2.13504427812531E-17,4.9960036108132E-16));
#9083=DIRECTION('',(-1.,-2.13504427812531E-17,-4.9960036108132E-16));
#9084=DIRECTION('',(2.1350442781253E-17,-1.,1.22464679914735E-16));
#9085=DIRECTION('center_axis',(2.1350442781253E-17,-1.,1.22464679914735E-16));
#9086=DIRECTION('ref_axis',(4.9960036108132E-16,-1.22464679914735E-16,-1.));
#9087=DIRECTION('',(-2.1350442781253E-17,1.,-1.22464679914735E-16));
#9088=DIRECTION('center_axis',(-1.,-2.13504427812531E-17,-4.9960036108132E-16));
#9089=DIRECTION('ref_axis',(-2.1350442781253E-17,1.,-1.22464679914735E-16));
#9090=DIRECTION('',(-1.,-2.13504427812531E-17,-4.9960036108132E-16));
#9091=DIRECTION('center_axis',(2.1350442781253E-17,-1.,1.22464679914735E-16));
#9092=DIRECTION('ref_axis',(1.,2.13504427812531E-17,4.9960036108132E-16));
#9093=DIRECTION('',(1.,2.13504427812531E-17,4.9960036108132E-16));
#9094=DIRECTION('center_axis',(1.,2.13504427812531E-17,4.9960036108132E-16));
#9095=DIRECTION('ref_axis',(-2.1350442781253E-17,1.,-1.22464679914735E-16));
#9096=DIRECTION('center_axis',(4.9960036108132E-16,-1.22464679914735E-16,
-1.));
#9097=DIRECTION('ref_axis',(-1.,-2.13504427812531E-17,-4.9960036108132E-16));
#9098=DIRECTION('',(2.1350442781253E-17,-1.,1.22464679914735E-16));
#9099=DIRECTION('',(-2.1350442781253E-17,1.,-1.22464679914735E-16));
#9100=DIRECTION('center_axis',(2.1350442781253E-17,-1.,1.22464679914735E-16));
#9101=DIRECTION('ref_axis',(1.,2.13504427812531E-17,4.9960036108132E-16));
#9102=DIRECTION('',(-2.1350442781253E-17,1.,-1.22464679914735E-16));
#9103=DIRECTION('center_axis',(-1.,-2.13504427812531E-17,-4.9960036108132E-16));
#9104=DIRECTION('ref_axis',(4.9960036108132E-16,-1.22464679914735E-16,-1.));
#9105=DIRECTION('',(-2.1350442781253E-17,1.,-1.22464679914735E-16));
#9106=DIRECTION('center_axis',(2.1350442781253E-17,-1.,1.22464679914735E-16));
#9107=DIRECTION('ref_axis',(1.,2.13504427812531E-17,4.9960036108132E-16));
#9108=DIRECTION('',(-2.1350442781253E-17,1.,-1.22464679914735E-16));
#9109=DIRECTION('center_axis',(-4.9960036108132E-16,1.22464679914735E-16,
1.));
#9110=DIRECTION('ref_axis',(-1.,-2.13504427812531E-17,-4.9960036108132E-16));
#9111=DIRECTION('',(-2.1350442781253E-17,1.,-1.22464679914735E-16));
#9112=DIRECTION('center_axis',(2.1350442781253E-17,-1.,1.22464679914735E-16));
#9113=DIRECTION('ref_axis',(1.,2.13504427812531E-17,4.9960036108132E-16));
#9114=DIRECTION('center_axis',(2.1350442781253E-17,-1.,1.22464679914735E-16));
#9115=DIRECTION('ref_axis',(-1.,-2.13504427812531E-17,-4.9960036108132E-16));
#9116=DIRECTION('',(2.1350442781253E-17,-1.,1.22464679914735E-16));
#9117=DIRECTION('center_axis',(-1.,-2.13504427812531E-17,-4.9960036108132E-16));
#9118=DIRECTION('ref_axis',(-4.9960036108132E-16,1.22464679914735E-16,1.));
#9119=DIRECTION('',(2.1350442781253E-17,-1.,1.22464679914735E-16));
#9120=DIRECTION('center_axis',(4.9960036108132E-16,-1.22464679914735E-16,
-1.));
#9121=DIRECTION('ref_axis',(-1.,-2.13504427812531E-17,-4.9960036108132E-16));
#9122=DIRECTION('',(-2.1350442781253E-17,1.,-1.22464679914735E-16));
#9123=DIRECTION('center_axis',(4.9960036108132E-16,-1.22464679914735E-16,
-1.));
#9124=DIRECTION('ref_axis',(-1.,-2.13504427812531E-17,-4.9960036108132E-16));
#9125=DIRECTION('',(-2.1350442781253E-17,1.,-1.22464679914735E-16));
#9126=DIRECTION('',(2.1350442781253E-17,-1.,1.22464679914735E-16));
#9127=DIRECTION('center_axis',(-2.1350442781253E-17,1.,-1.22464679914735E-16));
#9128=DIRECTION('ref_axis',(1.,2.13504427812531E-17,4.9960036108132E-16));
#9129=DIRECTION('',(-2.1350442781253E-17,1.,-1.22464679914735E-16));
#9130=DIRECTION('center_axis',(2.1350442781253E-17,-1.,1.22464679914735E-16));
#9131=DIRECTION('ref_axis',(-1.,-2.13504427812531E-17,-4.9960036108132E-16));
#9132=DIRECTION('',(2.1350442781253E-17,-1.,1.22464679914735E-16));
#9133=DIRECTION('center_axis',(-1.,-2.13504427812531E-17,-4.9960036108132E-16));
#9134=DIRECTION('ref_axis',(-4.9960036108132E-16,1.22464679914735E-16,1.));
#9135=DIRECTION('',(2.1350442781253E-17,-1.,1.22464679914735E-16));
#9136=DIRECTION('center_axis',(2.1350442781253E-17,-1.,1.22464679914735E-16));
#9137=DIRECTION('ref_axis',(-4.9960036108132E-16,1.22464679914735E-16,1.));
#9138=DIRECTION('',(2.1350442781253E-17,-1.,1.22464679914735E-16));
#9139=DIRECTION('center_axis',(-4.9960036108132E-16,1.22464679914735E-16,
1.));
#9140=DIRECTION('ref_axis',(1.,2.13504427812531E-17,4.9960036108132E-16));
#9141=DIRECTION('',(2.1350442781253E-17,-1.,1.22464679914735E-16));
#9142=DIRECTION('center_axis',(2.1350442781253E-17,-1.,1.22464679914735E-16));
#9143=DIRECTION('ref_axis',(1.,2.13504427812531E-17,4.9960036108132E-16));
#9144=DIRECTION('center_axis',(-4.9960036108132E-16,1.22464679914735E-16,
1.));
#9145=DIRECTION('ref_axis',(2.1350442781253E-17,-1.,1.22464679914735E-16));
#9146=DIRECTION('',(-1.,-2.13504427812531E-17,-4.9960036108132E-16));
#9147=DIRECTION('',(-2.1350442781253E-17,1.,-1.22464679914735E-16));
#9148=DIRECTION('center_axis',(1.,2.13504427812531E-17,4.9960036108132E-16));
#9149=DIRECTION('ref_axis',(-4.9960036108132E-16,1.22464679914735E-16,1.));
#9150=DIRECTION('center_axis',(1.,2.13504427812531E-17,4.9960036108132E-16));
#9151=DIRECTION('ref_axis',(-2.1350442781253E-17,1.,-1.22464679914735E-16));
#9152=DIRECTION('',(-4.9960036108132E-16,1.22464679914735E-16,1.));
#9153=DIRECTION('center_axis',(1.,2.13504427812531E-17,4.9960036108132E-16));
#9154=DIRECTION('ref_axis',(4.9960036108132E-16,-1.22464679914735E-16,-1.));
#9155=DIRECTION('',(-2.1350442781253E-17,1.,-1.22464679914735E-16));
#9156=DIRECTION('',(2.1350442781253E-17,-1.,1.22464679914735E-16));
#9157=DIRECTION('center_axis',(1.,2.13504427812531E-17,4.9960036108132E-16));
#9158=DIRECTION('ref_axis',(-2.1350442781253E-17,1.,-1.22464679914735E-16));
#9159=DIRECTION('center_axis',(1.,2.13504427812531E-17,4.9960036108132E-16));
#9160=DIRECTION('ref_axis',(-4.9960036108132E-16,1.22464679914735E-16,1.));
#9161=DIRECTION('',(-1.,-2.13504427812531E-17,-4.9960036108132E-16));
#9162=DIRECTION('center_axis',(-2.1350442781253E-17,1.,-1.22464679914735E-16));
#9163=DIRECTION('ref_axis',(-4.9960036108132E-16,1.22464679914735E-16,1.));
#9164=DIRECTION('',(-1.,-2.13504427812531E-17,-4.9960036108132E-16));
#9165=DIRECTION('center_axis',(1.,2.13504427812531E-17,4.9960036108132E-16));
#9166=DIRECTION('ref_axis',(-4.9960036108132E-16,1.22464679914735E-16,1.));
#9167=DIRECTION('',(-1.,-2.13504427812531E-17,-4.9960036108132E-16));
#9168=DIRECTION('center_axis',(4.9960036108132E-16,-1.22464679914735E-16,
-1.));
#9169=DIRECTION('ref_axis',(-2.1350442781253E-17,1.,-1.22464679914735E-16));
#9170=DIRECTION('center_axis',(4.9960036108132E-16,-1.22464679914735E-16,
-1.));
#9171=DIRECTION('ref_axis',(1.,2.13504427812531E-17,4.9960036108132E-16));
#9172=DIRECTION('',(2.1350442781253E-17,-1.,1.22464679914735E-16));
#9173=DIRECTION('center_axis',(4.9960036108132E-16,-1.22464679914735E-16,
-1.));
#9174=DIRECTION('ref_axis',(-1.,-2.13504427812531E-17,-4.9960036108132E-16));
#9175=DIRECTION('center_axis',(4.9960036108132E-16,-1.22464679914735E-16,
-1.));
#9176=DIRECTION('ref_axis',(-1.,-2.13504427812531E-17,-4.9960036108132E-16));
#9177=DIRECTION('center_axis',(-1.,-2.13504427812531E-17,-4.9960036108132E-16));
#9178=DIRECTION('ref_axis',(4.9960036108132E-16,-1.22464679914735E-16,-1.));
#9179=DIRECTION('center_axis',(-1.,-2.13504427812531E-17,-4.9960036108132E-16));
#9180=DIRECTION('ref_axis',(2.1350442781253E-17,-1.,1.22464679914735E-16));
#9181=DIRECTION('center_axis',(-1.,-2.13504427812531E-17,-4.9960036108132E-16));
#9182=DIRECTION('ref_axis',(2.1350442781253E-17,-1.,1.22464679914735E-16));
#9183=DIRECTION('center_axis',(-1.,-2.13504427812531E-17,-4.9960036108132E-16));
#9184=DIRECTION('ref_axis',(2.1350442781253E-17,-1.,1.22464679914735E-16));
#9185=DIRECTION('',(-0.707106781186548,0.707106781186547,-5.26462014450948E-16));
#9186=DIRECTION('center_axis',(-1.,-2.13504427812531E-17,-4.9960036108132E-16));
#9187=DIRECTION('ref_axis',(2.1350442781253E-17,-1.,1.22464679914735E-16));
#9188=DIRECTION('center_axis',(1.,2.13504427812531E-17,4.9960036108132E-16));
#9189=DIRECTION('ref_axis',(2.1350442781253E-17,-1.,1.22464679914735E-16));
#9190=DIRECTION('',(-1.,-2.13504427812531E-17,-4.9960036108132E-16));
#9191=DIRECTION('center_axis',(-1.,-2.13504427812531E-17,-4.9960036108132E-16));
#9192=DIRECTION('ref_axis',(2.1350442781253E-17,-1.,1.22464679914735E-16));
#9193=DIRECTION('',(-0.515038074910058,0.85716730070211,-4.67258646423416E-16));
#9194=DIRECTION('center_axis',(4.9960036108132E-16,-1.22464679914735E-16,
-1.));
#9195=DIRECTION('ref_axis',(-1.,-2.13504427812531E-17,-4.9960036108132E-16));
#9196=DIRECTION('center_axis',(4.9960036108132E-16,-1.22464679914735E-16,
-1.));
#9197=DIRECTION('ref_axis',(-1.,-2.13504427812531E-17,-4.9960036108132E-16));
#9198=DIRECTION('',(0.707106781186548,-1.58094168375139E-16,-0.707106781186547));
#9199=DIRECTION('center_axis',(4.9960036108132E-16,-1.22464679914735E-16,
-1.));
#9200=DIRECTION('ref_axis',(-1.,-2.13504427812531E-17,-4.9960036108132E-16));
#9201=DIRECTION('center_axis',(-4.9960036108132E-16,1.22464679914735E-16,
1.));
#9202=DIRECTION('ref_axis',(-1.,-2.13504427812531E-17,-4.9960036108132E-16));
#9203=DIRECTION('',(4.9960036108132E-16,-1.22464679914735E-16,-1.));
#9204=DIRECTION('center_axis',(4.9960036108132E-16,-1.22464679914735E-16,
-1.));
#9205=DIRECTION('ref_axis',(-1.,-2.13504427812531E-17,-4.9960036108132E-16));
#9206=DIRECTION('',(0.85716730070211,-1.49745790694022E-16,-0.515038074910058));
#9207=DIRECTION('center_axis',(4.9960036108132E-16,-1.22464679914735E-16,
-1.));
#9208=DIRECTION('ref_axis',(-1.,-2.13504427812531E-17,-4.9960036108132E-16));
#9209=DIRECTION('center_axis',(4.9960036108132E-16,-1.22464679914735E-16,
-1.));
#9210=DIRECTION('ref_axis',(-1.,-2.13504427812531E-17,-4.9960036108132E-16));
#9211=DIRECTION('',(0.707106781186548,-1.58094168375139E-16,-0.707106781186548));
#9212=DIRECTION('center_axis',(4.9960036108132E-16,-1.22464679914735E-16,
-1.));
#9213=DIRECTION('ref_axis',(-1.,-2.13504427812531E-17,-4.9960036108132E-16));
#9214=DIRECTION('center_axis',(-4.9960036108132E-16,1.22464679914735E-16,
1.));
#9215=DIRECTION('ref_axis',(-1.,-2.13504427812531E-17,-4.9960036108132E-16));
#9216=DIRECTION('',(4.9960036108132E-16,-1.22464679914735E-16,-1.));
#9217=DIRECTION('center_axis',(4.9960036108132E-16,-1.22464679914735E-16,
-1.));
#9218=DIRECTION('ref_axis',(-1.,-2.13504427812531E-17,-4.9960036108132E-16));
#9219=DIRECTION('',(0.85716730070211,-1.49745790694022E-16,-0.515038074910057));
#9220=DIRECTION('center_axis',(1.,2.13504427812531E-17,4.9960036108132E-16));
#9221=DIRECTION('ref_axis',(-2.1350442781253E-17,1.,-1.22464679914735E-16));
#9222=DIRECTION('center_axis',(1.,2.13504427812531E-17,4.9960036108132E-16));
#9223=DIRECTION('ref_axis',(-2.1350442781253E-17,1.,-1.22464679914735E-16));
#9224=DIRECTION('',(0.707106781186548,-0.707106781186547,3.53270803203849E-16));
#9225=DIRECTION('center_axis',(1.,2.13504427812531E-17,4.9960036108132E-16));
#9226=DIRECTION('ref_axis',(-2.1350442781253E-17,1.,-1.22464679914735E-16));
#9227=DIRECTION('center_axis',(-1.,-2.13504427812531E-17,-4.9960036108132E-16));
#9228=DIRECTION('ref_axis',(-2.1350442781253E-17,1.,-1.22464679914735E-16));
#9229=DIRECTION('',(1.,2.13504427812531E-17,4.9960036108132E-16));
#9230=DIRECTION('center_axis',(1.,2.13504427812531E-17,4.9960036108132E-16));
#9231=DIRECTION('ref_axis',(-2.1350442781253E-17,1.,-1.22464679914735E-16));
#9232=DIRECTION('',(0.515038074910058,-0.85716730070211,2.57313208195693E-16));
#9233=DIRECTION('center_axis',(-2.1350442781253E-17,1.,-1.22464679914735E-16));
#9234=DIRECTION('ref_axis',(1.,2.13504427812531E-17,4.9960036108132E-16));
#9235=DIRECTION('',(-2.1350442781253E-17,1.,-1.22464679914735E-16));
#9236=DIRECTION('center_axis',(2.1350442781253E-17,-1.,1.22464679914735E-16));
#9237=DIRECTION('ref_axis',(1.,2.13504427812531E-17,4.9960036108132E-16));
#9238=DIRECTION('',(-2.1350442781253E-17,1.,-1.22464679914735E-16));
#9239=DIRECTION('center_axis',(2.1350442781253E-17,-1.,1.22464679914735E-16));
#9240=DIRECTION('ref_axis',(1.,2.13504427812531E-17,4.9960036108132E-16));
#9241=DIRECTION('',(-2.1350442781253E-17,1.,-1.22464679914735E-16));
#9242=DIRECTION('center_axis',(1.,2.13504427812531E-17,4.9960036108132E-16));
#9243=DIRECTION('ref_axis',(-4.9960036108132E-16,1.22464679914735E-16,1.));
#9244=DIRECTION('',(-4.9960036108132E-16,1.22464679914735E-16,1.));
#9245=DIRECTION('',(-2.1350442781253E-17,1.,-1.22464679914735E-16));
#9246=DIRECTION('center_axis',(2.1350442781253E-17,-1.,1.22464679914735E-16));
#9247=DIRECTION('ref_axis',(1.,2.13504427812531E-17,4.9960036108132E-16));
#9248=DIRECTION('center_axis',(2.1350442781253E-17,-1.,1.22464679914735E-16));
#9249=DIRECTION('ref_axis',(-1.,-2.13504427812531E-17,-4.9960036108132E-16));
#9250=DIRECTION('',(-2.1350442781253E-17,1.,-1.22464679914735E-16));
#9251=DIRECTION('center_axis',(-1.,-2.13504427812531E-17,-4.9960036108132E-16));
#9252=DIRECTION('ref_axis',(4.9960036108132E-16,-1.22464679914735E-16,-1.));
#9253=DIRECTION('',(4.9960036108132E-16,-1.22464679914735E-16,-1.));
#9254=DIRECTION('center_axis',(2.1350442781253E-17,-1.,1.22464679914735E-16));
#9255=DIRECTION('ref_axis',(1.,2.13504427812531E-17,4.9960036108132E-16));
#9256=DIRECTION('center_axis',(2.1350442781253E-17,-1.,1.22464679914735E-16));
#9257=DIRECTION('ref_axis',(1.,2.13504427812531E-17,4.9960036108132E-16));
#9258=DIRECTION('center_axis',(2.1350442781253E-17,-1.,1.22464679914735E-16));
#9259=DIRECTION('ref_axis',(1.,2.13504427812518E-17,-1.00128239033387E-14));
#9260=DIRECTION('',(4.9960036108132E-16,-1.22464679914735E-16,-1.));
#9261=DIRECTION('center_axis',(2.1350442781253E-17,-1.,1.22464679914735E-16));
#9262=DIRECTION('ref_axis',(-1.,-2.13504427812531E-17,-4.9960036108132E-16));
#9263=DIRECTION('',(-4.9960036108132E-16,1.22464679914735E-16,1.));
#9264=DIRECTION('center_axis',(2.1350442781253E-17,-1.,1.22464679914735E-16));
#9265=DIRECTION('ref_axis',(1.,2.13504427812531E-17,4.9960036108132E-16));
#9266=DIRECTION('',(-2.1350442781253E-17,1.,-1.22464679914735E-16));
#9267=DIRECTION('',(-2.1350442781253E-17,1.,-1.22464679914735E-16));
#9268=DIRECTION('center_axis',(1.,2.13504427812531E-17,4.9960036108132E-16));
#9269=DIRECTION('ref_axis',(-4.9960036108132E-16,1.22464679914735E-16,1.));
#9270=DIRECTION('',(-2.1350442781253E-17,1.,-1.22464679914735E-16));
#9271=DIRECTION('center_axis',(2.1350442781253E-17,-1.,1.22464679914735E-16));
#9272=DIRECTION('ref_axis',(1.,2.13504427812531E-17,4.9960036108132E-16));
#9273=DIRECTION('',(-2.1350442781253E-17,1.,-1.22464679914735E-16));
#9274=DIRECTION('center_axis',(-1.,-2.13504427812531E-17,-4.9960036108132E-16));
#9275=DIRECTION('ref_axis',(4.9960036108132E-16,-1.22464679914735E-16,-1.));
#9276=DIRECTION('center_axis',(2.1350442781253E-17,-1.,1.22464679914735E-16));
#9277=DIRECTION('ref_axis',(1.,2.13504427812531E-17,4.9960036108132E-16));
#9278=DIRECTION('',(-2.1350442781253E-17,1.,-1.22464679914735E-16));
#9279=DIRECTION('center_axis',(2.1350442781253E-17,-1.,1.22464679914735E-16));
#9280=DIRECTION('ref_axis',(-1.,-2.13504427812531E-17,-4.9960036108132E-16));
#9281=DIRECTION('',(-2.1350442781253E-17,1.,-1.22464679914735E-16));
#9282=DIRECTION('center_axis',(-1.,-2.13504427812531E-17,-4.9960036108132E-16));
#9283=DIRECTION('ref_axis',(4.9960036108132E-16,-1.22464679914735E-16,-1.));
#9284=DIRECTION('',(4.9960036108132E-16,-1.22464679914735E-16,-1.));
#9285=DIRECTION('',(-2.1350442781253E-17,1.,-1.22464679914735E-16));
#9286=DIRECTION('center_axis',(2.1350442781253E-17,-1.,1.22464679914735E-16));
#9287=DIRECTION('ref_axis',(1.,2.13504427812531E-17,4.9960036108132E-16));
#9288=DIRECTION('center_axis',(2.1350442781253E-17,-1.,1.22464679914735E-16));
#9289=DIRECTION('ref_axis',(1.,2.13504427812531E-17,4.9960036108132E-16));
#9290=DIRECTION('',(-2.1350442781253E-17,1.,-1.22464679914735E-16));
#9291=DIRECTION('center_axis',(1.,2.13504427812531E-17,4.9960036108132E-16));
#9292=DIRECTION('ref_axis',(-4.9960036108132E-16,1.22464679914735E-16,1.));
#9293=DIRECTION('',(-4.9960036108132E-16,1.22464679914735E-16,1.));
#9294=DIRECTION('center_axis',(2.1350442781253E-17,-1.,1.22464679914735E-16));
#9295=DIRECTION('ref_axis',(1.,2.13504427812531E-17,4.9960036108132E-16));
#9296=DIRECTION('center_axis',(2.1350442781253E-17,-1.,1.22464679914735E-16));
#9297=DIRECTION('ref_axis',(1.,2.13504427812531E-17,4.9960036108132E-16));
#9298=DIRECTION('center_axis',(2.1350442781253E-17,-1.,1.22464679914735E-16));
#9299=DIRECTION('ref_axis',(-1.,-2.13504427812531E-17,-4.9960036108132E-16));
#9300=DIRECTION('',(-4.9960036108132E-16,1.22464679914735E-16,1.));
#9301=DIRECTION('center_axis',(2.1350442781253E-17,-1.,1.22464679914735E-16));
#9302=DIRECTION('ref_axis',(1.,2.13504427812531E-17,4.9960036108132E-16));
#9303=DIRECTION('',(4.9960036108132E-16,-1.22464679914735E-16,-1.));
#9304=DIRECTION('center_axis',(2.1350442781253E-17,-1.,1.22464679914735E-16));
#9305=DIRECTION('ref_axis',(1.,2.13504427812531E-17,4.9960036108132E-16));
#9306=DIRECTION('',(-2.1350442781253E-17,1.,-1.22464679914735E-16));
#9307=DIRECTION('',(-2.1350442781253E-17,1.,-1.22464679914735E-16));
#9308=DIRECTION('center_axis',(-1.,-2.13504427812531E-17,-4.9960036108132E-16));
#9309=DIRECTION('ref_axis',(4.9960036108132E-16,-1.22464679914735E-16,-1.));
#9310=DIRECTION('',(-2.1350442781253E-17,1.,-1.22464679914735E-16));
#9311=DIRECTION('center_axis',(2.1350442781253E-17,-1.,1.22464679914735E-16));
#9312=DIRECTION('ref_axis',(1.,2.13504427812531E-17,4.9960036108132E-16));
#9313=DIRECTION('',(-2.1350442781253E-17,1.,-1.22464679914735E-16));
#9314=DIRECTION('center_axis',(1.,2.13504427812531E-17,4.9960036108132E-16));
#9315=DIRECTION('ref_axis',(-4.9960036108132E-16,1.22464679914735E-16,1.));
#9316=DIRECTION('center_axis',(2.1350442781253E-17,-1.,1.22464679914735E-16));
#9317=DIRECTION('ref_axis',(1.,2.13504427812531E-17,4.9960036108132E-16));
#9318=DIRECTION('',(2.1350442781253E-17,-1.,1.22464679914735E-16));
#9319=DIRECTION('center_axis',(4.9960036108132E-16,-1.22464679914735E-16,
-1.));
#9320=DIRECTION('ref_axis',(1.,2.13504427812531E-17,4.9960036108132E-16));
#9321=DIRECTION('center_axis',(2.1350442781253E-17,-1.,1.22464679914735E-16));
#9322=DIRECTION('ref_axis',(1.,2.13504427812531E-17,4.9960036108132E-16));
#9323=DIRECTION('center_axis',(2.1350442781253E-17,-1.,1.22464679914735E-16));
#9324=DIRECTION('ref_axis',(1.,2.13504427812531E-17,4.9960036108132E-16));
#9325=DIRECTION('',(-0.707106781186547,-0.707106781186548,-3.53270803203849E-16));
#9326=DIRECTION('center_axis',(2.1350442781253E-17,-1.,1.22464679914735E-16));
#9327=DIRECTION('ref_axis',(1.,2.13504427812531E-17,4.9960036108132E-16));
#9328=DIRECTION('',(2.1350442781253E-17,-1.,1.22464679914735E-16));
#9329=DIRECTION('center_axis',(2.1350442781253E-17,-1.,1.22464679914735E-16));
#9330=DIRECTION('ref_axis',(1.,2.13504427812531E-17,4.9960036108132E-16));
#9331=DIRECTION('center_axis',(2.1350442781253E-17,-1.,1.22464679914735E-16));
#9332=DIRECTION('ref_axis',(1.,2.13504427812531E-17,4.9960036108132E-16));
#9333=DIRECTION('',(-0.707106781186547,-0.707106781186548,-3.53270803203849E-16));
#9334=DIRECTION('center_axis',(2.1350442781253E-17,-1.,1.22464679914735E-16));
#9335=DIRECTION('ref_axis',(1.,2.13504427812531E-17,4.9960036108132E-16));
#9336=DIRECTION('center_axis',(-2.1350442781253E-17,1.,-1.22464679914735E-16));
#9337=DIRECTION('ref_axis',(1.,2.13504427812531E-17,4.9960036108132E-16));
#9338=DIRECTION('',(2.1350442781253E-17,-1.,1.22464679914735E-16));
#9339=DIRECTION('center_axis',(2.1350442781253E-17,-1.,1.22464679914735E-16));
#9340=DIRECTION('ref_axis',(1.,2.13504427812531E-17,4.9960036108132E-16));
#9341=DIRECTION('',(-0.85716730070211,-0.515038074910058,-4.70139839063974E-16));
#9342=DIRECTION('center_axis',(4.9960036108132E-16,-1.22464679914735E-16,
-1.));
#9343=DIRECTION('ref_axis',(1.,2.13504427812531E-17,4.9960036108132E-16));
#9344=DIRECTION('',(-2.1350442781253E-17,1.,-1.22464679914735E-16));
#9345=DIRECTION('center_axis',(2.1350442781253E-17,-1.,1.22464679914735E-16));
#9346=DIRECTION('ref_axis',(1.,2.13504427812531E-17,4.9960036108132E-16));
#9347=DIRECTION('',(-2.1350442781253E-17,1.,-1.22464679914735E-16));
#9348=DIRECTION('center_axis',(1.,2.13504427812531E-17,4.9960036108132E-16));
#9349=DIRECTION('ref_axis',(-4.9960036108132E-16,1.22464679914735E-16,1.));
#9350=DIRECTION('center_axis',(2.1350442781253E-17,-1.,1.22464679914735E-16));
#9351=DIRECTION('ref_axis',(1.,2.13504427812531E-17,4.9960036108132E-16));
#9352=DIRECTION('center_axis',(2.1350442781253E-17,-1.,1.22464679914735E-16));
#9353=DIRECTION('ref_axis',(1.,2.13504427812531E-17,4.9960036108132E-16));
#9354=DIRECTION('',(-0.707106781186547,-0.707106781186548,-3.53270803203849E-16));
#9355=DIRECTION('center_axis',(2.1350442781253E-17,-1.,1.22464679914735E-16));
#9356=DIRECTION('ref_axis',(1.,2.13504427812531E-17,4.9960036108132E-16));
#9357=DIRECTION('',(2.1350442781253E-17,-1.,1.22464679914735E-16));
#9358=DIRECTION('center_axis',(2.1350442781253E-17,-1.,1.22464679914735E-16));
#9359=DIRECTION('ref_axis',(1.,2.13504427812531E-17,4.9960036108132E-16));
#9360=DIRECTION('center_axis',(2.1350442781253E-17,-1.,1.22464679914735E-16));
#9361=DIRECTION('ref_axis',(1.,2.13504427812531E-17,4.9960036108132E-16));
#9362=DIRECTION('',(-0.707106781186547,-0.707106781186548,-3.53270803203849E-16));
#9363=DIRECTION('center_axis',(2.1350442781253E-17,-1.,1.22464679914735E-16));
#9364=DIRECTION('ref_axis',(1.,2.13504427812531E-17,4.9960036108132E-16));
#9365=DIRECTION('',(2.1350442781253E-17,-1.,1.22464679914735E-16));
#9366=DIRECTION('center_axis',(2.1350442781253E-17,-1.,1.22464679914735E-16));
#9367=DIRECTION('ref_axis',(1.,2.13504427812531E-17,4.9960036108132E-16));
#9368=DIRECTION('',(2.1350442781253E-17,-1.,1.22464679914735E-16));
#9369=DIRECTION('center_axis',(2.1350442781253E-17,-1.,1.22464679914735E-16));
#9370=DIRECTION('ref_axis',(1.,2.13504427812531E-17,4.9960036108132E-16));
#9371=DIRECTION('center_axis',(2.1350442781253E-17,-1.,1.22464679914735E-16));
#9372=DIRECTION('ref_axis',(1.,2.13504427812531E-17,4.9960036108132E-16));
#9373=DIRECTION('',(-0.707106781186547,-0.707106781186548,-3.53270803203849E-16));
#9374=DIRECTION('center_axis',(2.1350442781253E-17,-1.,1.22464679914735E-16));
#9375=DIRECTION('ref_axis',(1.,2.13504427812531E-17,4.9960036108132E-16));
#9376=DIRECTION('',(2.1350442781253E-17,-1.,1.22464679914735E-16));
#9377=DIRECTION('center_axis',(-1.,-2.13504427812531E-17,-4.9960036108132E-16));
#9378=DIRECTION('ref_axis',(4.9960036108132E-16,-1.22464679914735E-16,-1.));
#9379=DIRECTION('center_axis',(-2.1350442781253E-17,1.,-1.22464679914735E-16));
#9380=DIRECTION('ref_axis',(1.,2.13504427812531E-17,4.9960036108132E-16));
#9381=DIRECTION('',(-2.1350442781253E-17,1.,-1.22464679914735E-16));
#9382=DIRECTION('center_axis',(2.1350442781253E-17,-1.,1.22464679914735E-16));
#9383=DIRECTION('ref_axis',(-1.,-2.13504427812531E-17,-4.9960036108132E-16));
#9384=DIRECTION('',(2.1350442781253E-17,-1.,1.22464679914735E-16));
#9385=DIRECTION('center_axis',(-2.1350442781253E-17,1.,-1.22464679914735E-16));
#9386=DIRECTION('ref_axis',(1.,2.13504427812531E-17,4.9960036108132E-16));
#9387=DIRECTION('',(-2.1350442781253E-17,1.,-1.22464679914735E-16));
#9388=DIRECTION('center_axis',(-2.1350442781253E-17,1.,-1.22464679914735E-16));
#9389=DIRECTION('ref_axis',(1.,2.13504427812531E-17,4.9960036108132E-16));
#9390=DIRECTION('center_axis',(-2.1350442781253E-17,1.,-1.22464679914735E-16));
#9391=DIRECTION('ref_axis',(1.,2.13504427812531E-17,4.9960036108132E-16));
#9392=DIRECTION('axis',(0.,0.,1.));
#9393=DIRECTION('refdir',(1.,0.,0.));
#9394=DIRECTION('center_axis',(2.1350442781253E-17,-1.,-1.22464679914735E-16));
#9395=DIRECTION('ref_axis',(1.,2.13504427812531E-17,-4.9960036108132E-16));
#9396=DIRECTION('center_axis',(2.1350442781253E-17,-1.,-1.22464679914735E-16));
#9397=DIRECTION('ref_axis',(1.,2.13504427812531E-17,-4.9960036108132E-16));
#9398=DIRECTION('center_axis',(2.1350442781253E-17,-1.,-1.22464679914735E-16));
#9399=DIRECTION('ref_axis',(1.,2.13504427812531E-17,-4.9960036108132E-16));
#9400=DIRECTION('center_axis',(2.1350442781253E-17,-1.,-1.22464679914735E-16));
#9401=DIRECTION('ref_axis',(1.,2.13504427812531E-17,-4.9960036108132E-16));
#9402=DIRECTION('',(0.137568371274679,0.990492273177753,6.94183777850782E-17));
#9403=DIRECTION('center_axis',(2.1350442781253E-17,-1.,-1.22464679914735E-16));
#9404=DIRECTION('ref_axis',(1.,2.13504427812531E-17,-4.9960036108132E-16));
#9405=DIRECTION('center_axis',(2.1350442781253E-17,-1.,-1.22464679914735E-16));
#9406=DIRECTION('ref_axis',(-1.,-2.13504427812531E-17,4.9960036108132E-16));
#9407=DIRECTION('center_axis',(2.1350442781253E-17,-1.,-1.22464679914735E-16));
#9408=DIRECTION('ref_axis',(-1.,-2.13504427812531E-17,4.9960036108132E-16));
#9409=DIRECTION('',(-2.1350442781253E-17,1.,1.22464679914735E-16));
#9410=DIRECTION('center_axis',(2.1350442781253E-17,-1.,-1.22464679914735E-16));
#9411=DIRECTION('ref_axis',(1.,2.13504427812531E-17,-4.9960036108132E-16));
#9412=DIRECTION('center_axis',(1.,-6.64477424445934E-13,-6.2206504173131E-16));
#9413=DIRECTION('ref_axis',(-6.22065040996148E-16,1.10637658264874E-12,
-1.));
#9414=DIRECTION('center_axis',(2.1350442781253E-17,-1.,-1.22464679914735E-16));
#9415=DIRECTION('ref_axis',(1.,2.13504427812531E-17,-4.9960036108132E-16));
#9416=DIRECTION('axis',(0.,0.,1.));
#9417=DIRECTION('refdir',(1.,0.,0.));
#9418=DIRECTION('center_axis',(2.1350442781253E-17,-1.,-1.22464679914735E-16));
#9419=DIRECTION('ref_axis',(1.,2.13504427812531E-17,-4.9960036108132E-16));
#9420=DIRECTION('center_axis',(2.1350442781253E-17,-1.,-1.22464679914735E-16));
#9421=DIRECTION('ref_axis',(1.,2.13504427812531E-17,-4.9960036108132E-16));
#9422=DIRECTION('center_axis',(2.1350442781253E-17,-1.,-1.22464679914735E-16));
#9423=DIRECTION('ref_axis',(1.,2.13504427812531E-17,-4.9960036108132E-16));
#9424=DIRECTION('center_axis',(2.1350442781253E-17,-1.,-1.22464679914735E-16));
#9425=DIRECTION('ref_axis',(1.,2.13504427812531E-17,-4.9960036108132E-16));
#9426=DIRECTION('',(0.137568371274679,0.990492273177753,6.94183777850782E-17));
#9427=DIRECTION('center_axis',(2.1350442781253E-17,-1.,-1.22464679914735E-16));
#9428=DIRECTION('ref_axis',(1.,2.13504427812531E-17,-4.9960036108132E-16));
#9429=DIRECTION('center_axis',(2.1350442781253E-17,-1.,-1.22464679914735E-16));
#9430=DIRECTION('ref_axis',(-1.,-2.13504427812531E-17,4.9960036108132E-16));
#9431=DIRECTION('center_axis',(2.1350442781253E-17,-1.,-1.22464679914735E-16));
#9432=DIRECTION('ref_axis',(-1.,-2.13504427812531E-17,4.9960036108132E-16));
#9433=DIRECTION('',(-2.1350442781253E-17,1.,1.22464679914735E-16));
#9434=DIRECTION('center_axis',(2.1350442781253E-17,-1.,-1.22464679914735E-16));
#9435=DIRECTION('ref_axis',(1.,2.13504427812531E-17,-4.9960036108132E-16));
#9436=DIRECTION('center_axis',(1.,-3.56230642724755E-13,-6.22065041476442E-16));
#9437=DIRECTION('ref_axis',(-6.22065040996117E-16,1.34835275053588E-12,
-1.));
#9438=DIRECTION('center_axis',(2.1350442781253E-17,-1.,-1.22464679914735E-16));
#9439=DIRECTION('ref_axis',(1.,2.13504427812531E-17,-4.9960036108132E-16));
#9440=DIRECTION('axis',(0.,0.,1.));
#9441=DIRECTION('refdir',(1.,0.,0.));
#9442=DIRECTION('center_axis',(2.1350442781253E-17,-1.,1.22464679914735E-16));
#9443=DIRECTION('ref_axis',(1.,2.13504427812531E-17,4.9960036108132E-16));
#9444=DIRECTION('center_axis',(2.1350442781253E-17,-1.,1.22464679914735E-16));
#9445=DIRECTION('ref_axis',(1.,2.13504427812531E-17,4.9960036108132E-16));
#9446=DIRECTION('center_axis',(-2.1350442781253E-17,1.,-1.22464679914735E-16));
#9447=DIRECTION('ref_axis',(1.,2.13504427812531E-17,4.9960036108132E-16));
#9448=DIRECTION('center_axis',(2.1350442781253E-17,-1.,1.22464679914735E-16));
#9449=DIRECTION('ref_axis',(1.,2.13504427812531E-17,4.9960036108132E-16));
#9450=DIRECTION('center_axis',(2.1350442781253E-17,-1.,1.22464679914735E-16));
#9451=DIRECTION('ref_axis',(1.,2.13504427812531E-17,4.9960036108132E-16));
#9452=DIRECTION('',(-2.1350442781253E-17,1.,-1.22464679914735E-16));
#9453=DIRECTION('center_axis',(2.1350442781253E-17,-1.,1.22464679914735E-16));
#9454=DIRECTION('ref_axis',(1.,2.13504427812531E-17,4.9960036108132E-16));
#9455=DIRECTION('center_axis',(-2.1350442781253E-17,1.,-1.22464679914735E-16));
#9456=DIRECTION('ref_axis',(1.,2.13504427812531E-17,4.9960036108132E-16));
#9457=DIRECTION('center_axis',(2.1350442781253E-17,-1.,1.22464679914735E-16));
#9458=DIRECTION('ref_axis',(1.,2.13504427812531E-17,4.9960036108132E-16));
#9459=DIRECTION('',(2.1350442781253E-17,-1.,1.22464679914735E-16));
#9460=DIRECTION('',(0.,2.66667223069002E-33,1.));
#9461=DIRECTION('',(1.,1.54074395550979E-33,0.));
#9462=DIRECTION('',(0.,-9.65927941338829E-33,1.));
#9463=DIRECTION('',(-1.,-1.54074395550979E-33,0.));
#9464=DIRECTION('',(0.,-9.65927941338829E-33,1.));
#9465=DIRECTION('',(-1.,-1.54074395550979E-33,0.));
#9466=DIRECTION('',(0.,-9.65927941338829E-33,1.));
#9467=DIRECTION('',(1.,1.54074395550979E-33,0.));
#9468=DIRECTION('axis',(0.,0.,1.));
#9469=DIRECTION('refdir',(1.,0.,0.));
#9470=DIRECTION('axis',(0.,0.,1.));
#9471=DIRECTION('refdir',(1.,0.,0.));
#9472=DIRECTION('center_axis',(1.,1.22464679914735E-16,2.1350442781253E-17));
#9473=DIRECTION('ref_axis',(2.13504427812531E-17,-4.9960036108132E-16,-1.));
#9474=DIRECTION('',(1.22464679914735E-16,-1.,4.9960036108132E-16));
#9475=DIRECTION('',(7.14985627515899E-17,-0.707106781186547,0.707106781186548));
#9476=DIRECTION('',(-2.13504427812531E-17,4.9960036108132E-16,1.));
#9477=DIRECTION('',(1.01692648495509E-16,-0.707106781186548,-0.707106781186547));
#9478=DIRECTION('',(-1.22464679914735E-16,1.,-4.9960036108132E-16));
#9479=DIRECTION('',(7.14985627515899E-17,-0.707106781186547,0.707106781186548));
#9480=DIRECTION('',(2.13504427812531E-17,-4.9960036108132E-16,-1.));
#9481=DIRECTION('',(-1.01692648495509E-16,0.707106781186548,0.707106781186547));
#9482=DIRECTION('',(1.22464679914735E-16,-1.,4.9960036108132E-16));
#9483=DIRECTION('center_axis',(1.,1.22464679914735E-16,2.1350442781253E-17));
#9484=DIRECTION('ref_axis',(2.13504427812531E-17,-4.9960036108132E-16,-1.));
#9485=DIRECTION('',(2.13504427812531E-17,-4.9960036108132E-16,-1.));
#9486=DIRECTION('center_axis',(1.,1.22464679914735E-16,2.1350442781253E-17));
#9487=DIRECTION('ref_axis',(-1.22464679914735E-16,1.,-4.9960036108132E-16));
#9488=DIRECTION('',(-1.22464679914735E-16,1.,-4.9960036108132E-16));
#9489=DIRECTION('',(7.14985627515899E-17,-0.707106781186547,0.707106781186548));
#9490=DIRECTION('',(2.13504427812531E-17,-4.9960036108132E-16,-1.));
#9491=DIRECTION('',(-1.01692648495509E-16,0.707106781186548,0.707106781186547));
#9492=DIRECTION('',(1.22464679914735E-16,-1.,4.9960036108132E-16));
#9493=DIRECTION('',(2.13504427812531E-17,-4.9960036108132E-16,-1.));
#9494=DIRECTION('center_axis',(-1.,-1.22464679914735E-16,-2.1350442781253E-17));
#9495=DIRECTION('ref_axis',(-1.22464679914735E-16,1.,-4.9960036108132E-16));
#9496=DIRECTION('',(2.13504427812531E-17,-4.9960036108132E-16,-1.));
#9497=DIRECTION('',(1.22464679914735E-16,-1.,4.9960036108132E-16));
#9498=DIRECTION('',(-7.14985627515899E-17,0.707106781186547,-0.707106781186548));
#9499=DIRECTION('',(2.13504427812531E-17,-4.9960036108132E-16,-1.));
#9500=DIRECTION('center_axis',(1.,1.22464679914735E-16,2.1350442781253E-17));
#9501=DIRECTION('ref_axis',(1.22464679914735E-16,-1.,4.9960036108132E-16));
#9502=DIRECTION('center_axis',(-1.,-1.22464679914735E-16,-2.1350442781253E-17));
#9503=DIRECTION('ref_axis',(1.22464679914735E-16,-1.,4.9960036108132E-16));
#9504=DIRECTION('center_axis',(-1.,-1.22464679914735E-16,-2.1350442781253E-17));
#9505=DIRECTION('ref_axis',(1.22464679914735E-16,-1.,4.9960036108132E-16));
#9506=DIRECTION('center_axis',(-1.,-1.22464679914735E-16,-2.1350442781253E-17));
#9507=DIRECTION('ref_axis',(1.22464679914735E-16,-1.,4.9960036108132E-16));
#9508=DIRECTION('center_axis',(1.,1.22464679914735E-16,2.1350442781253E-17));
#9509=DIRECTION('ref_axis',(-2.13504427812531E-17,4.9960036108132E-16,1.));
#9510=DIRECTION('center_axis',(1.,1.22464679914735E-16,2.1350442781253E-17));
#9511=DIRECTION('ref_axis',(-2.13504427812531E-17,4.9960036108132E-16,1.));
#9512=DIRECTION('center_axis',(1.,1.22464679914735E-16,2.1350442781253E-17));
#9513=DIRECTION('ref_axis',(-1.22464679914735E-16,1.,-4.9960036108132E-16));
#9514=DIRECTION('',(1.,1.22464679914735E-16,2.1350442781253E-17));
#9515=DIRECTION('center_axis',(-1.,-1.22464679914735E-16,-2.1350442781253E-17));
#9516=DIRECTION('ref_axis',(1.22464679914735E-16,-1.,4.9960036108132E-16));
#9517=DIRECTION('center_axis',(1.,1.22464679914735E-16,2.1350442781253E-17));
#9518=DIRECTION('ref_axis',(2.13504427812531E-17,-4.9960036108132E-16,-1.));
#9519=DIRECTION('',(-2.13504427812531E-17,4.9960036108132E-16,1.));
#9520=DIRECTION('',(-7.14985627515899E-17,0.707106781186547,-0.707106781186548));
#9521=DIRECTION('',(1.22464679914735E-16,-1.,4.9960036108132E-16));
#9522=DIRECTION('',(2.13504427812531E-17,-4.9960036108132E-16,-1.));
#9523=DIRECTION('center_axis',(-1.,-1.22464679914735E-16,-2.1350442781253E-17));
#9524=DIRECTION('ref_axis',(-1.22464679914735E-16,1.,-4.9960036108132E-16));
#9525=DIRECTION('',(2.13504427812531E-17,-4.9960036108132E-16,-1.));
#9526=DIRECTION('',(1.22464679914735E-16,-1.,4.9960036108132E-16));
#9527=DIRECTION('',(-1.01692648495509E-16,0.707106781186548,0.707106781186547));
#9528=DIRECTION('',(2.13504427812531E-17,-4.9960036108132E-16,-1.));
#9529=DIRECTION('',(7.14985627515899E-17,-0.707106781186547,0.707106781186548));
#9530=DIRECTION('',(-1.22464679914735E-16,1.,-4.9960036108132E-16));
#9531=DIRECTION('center_axis',(-1.,-1.22464679914735E-16,-2.1350442781253E-17));
#9532=DIRECTION('ref_axis',(-2.13504427812531E-17,4.9960036108132E-16,1.));
#9533=DIRECTION('',(2.13504427812531E-17,-4.9960036108132E-16,-1.));
#9534=DIRECTION('center_axis',(-1.,-1.22464679914735E-16,-2.1350442781253E-17));
#9535=DIRECTION('ref_axis',(-1.22464679914735E-16,1.,-4.9960036108132E-16));
#9536=DIRECTION('',(1.22464679914735E-16,-1.,4.9960036108132E-16));
#9537=DIRECTION('',(-1.01692648495509E-16,0.707106781186548,0.707106781186547));
#9538=DIRECTION('',(2.13504427812531E-17,-4.9960036108132E-16,-1.));
#9539=DIRECTION('',(7.14985627515899E-17,-0.707106781186547,0.707106781186548));
#9540=DIRECTION('',(-1.22464679914735E-16,1.,-4.9960036108132E-16));
#9541=DIRECTION('',(1.01692648495509E-16,-0.707106781186548,-0.707106781186547));
#9542=DIRECTION('',(-2.13504427812531E-17,4.9960036108132E-16,1.));
#9543=DIRECTION('',(7.14985627515899E-17,-0.707106781186547,0.707106781186548));
#9544=DIRECTION('',(1.22464679914735E-16,-1.,4.9960036108132E-16));
#9545=DIRECTION('center_axis',(-1.,-1.22464679914735E-16,-2.1350442781253E-17));
#9546=DIRECTION('ref_axis',(2.13504427812531E-17,-4.9960036108132E-16,-1.));
#9547=DIRECTION('center_axis',(-1.,-1.22464679914735E-16,-2.1350442781253E-17));
#9548=DIRECTION('ref_axis',(1.22464679914735E-16,-1.,4.9960036108132E-16));
#9549=DIRECTION('center_axis',(-1.,-1.22464679914735E-16,-2.1350442781253E-17));
#9550=DIRECTION('ref_axis',(1.22464679914735E-16,-1.,4.9960036108132E-16));
#9551=DIRECTION('center_axis',(1.,1.22464679914735E-16,2.1350442781253E-17));
#9552=DIRECTION('ref_axis',(-2.13504427812531E-17,4.9960036108132E-16,1.));
#9553=DIRECTION('center_axis',(1.,1.22464679914735E-16,2.1350442781253E-17));
#9554=DIRECTION('ref_axis',(-2.13504427812531E-17,4.9960036108132E-16,1.));
#9555=DIRECTION('center_axis',(-1.,-1.22464679914735E-16,-2.1350442781253E-17));
#9556=DIRECTION('ref_axis',(1.22464679914735E-16,-1.,4.9960036108132E-16));
#9557=DIRECTION('',(-1.,-1.22464679914735E-16,-2.1350442781253E-17));
#9558=DIRECTION('center_axis',(-1.22464679914735E-16,1.,-4.9960036108132E-16));
#9559=DIRECTION('ref_axis',(-2.13504427812531E-17,4.9960036108132E-16,1.));
#9560=DIRECTION('',(-1.,-1.22464679914735E-16,-2.1350442781253E-17));
#9561=DIRECTION('',(1.,1.22464679914735E-16,2.1350442781253E-17));
#9562=DIRECTION('center_axis',(-1.,-1.22464679914735E-16,-2.1350442781253E-17));
#9563=DIRECTION('ref_axis',(2.13504427812531E-17,-4.9960036108132E-16,-1.));
#9564=DIRECTION('',(-1.,-1.22464679914735E-16,-2.1350442781253E-17));
#9565=DIRECTION('center_axis',(2.13504427812531E-17,-4.9960036108132E-16,
-1.));
#9566=DIRECTION('ref_axis',(-1.22464679914735E-16,1.,-4.9960036108132E-16));
#9567=DIRECTION('',(1.,1.22464679914735E-16,2.1350442781253E-17));
#9568=DIRECTION('center_axis',(1.01692648495509E-16,-0.707106781186548,
-0.707106781186547));
#9569=DIRECTION('ref_axis',(1.,1.22464679914735E-16,2.1350442781253E-17));
#9570=DIRECTION('',(1.,1.22464679914735E-16,2.1350442781253E-17));
#9571=DIRECTION('center_axis',(-1.22464679914735E-16,1.,-4.9960036108132E-16));
#9572=DIRECTION('ref_axis',(-2.13504427812531E-17,4.9960036108132E-16,1.));
#9573=DIRECTION('',(1.,1.22464679914735E-16,2.1350442781253E-17));
#9574=DIRECTION('center_axis',(-7.14985627515899E-17,0.707106781186547,
-0.707106781186548));
#9575=DIRECTION('ref_axis',(1.,1.22464679914735E-16,2.1350442781253E-17));
#9576=DIRECTION('',(1.,1.22464679914735E-16,2.1350442781253E-17));
#9577=DIRECTION('center_axis',(2.13504427812531E-17,-4.9960036108132E-16,
-1.));
#9578=DIRECTION('ref_axis',(-1.22464679914735E-16,1.,-4.9960036108132E-16));
#9579=DIRECTION('',(1.,1.22464679914735E-16,2.1350442781253E-17));
#9580=DIRECTION('center_axis',(1.01692648495509E-16,-0.707106781186548,
-0.707106781186547));
#9581=DIRECTION('ref_axis',(1.,1.22464679914735E-16,2.1350442781253E-17));
#9582=DIRECTION('',(1.,1.22464679914735E-16,2.1350442781253E-17));
#9583=DIRECTION('center_axis',(1.22464679914735E-16,-1.,4.9960036108132E-16));
#9584=DIRECTION('ref_axis',(2.13504427812531E-17,-4.9960036108132E-16,-1.));
#9585=DIRECTION('',(1.,1.22464679914735E-16,2.1350442781253E-17));
#9586=DIRECTION('center_axis',(7.14985627515899E-17,-0.707106781186547,
0.707106781186548));
#9587=DIRECTION('ref_axis',(1.,1.22464679914735E-16,2.1350442781253E-17));
#9588=DIRECTION('',(1.,1.22464679914735E-16,2.1350442781253E-17));
#9589=DIRECTION('center_axis',(-2.13504427812531E-17,4.9960036108132E-16,
1.));
#9590=DIRECTION('ref_axis',(1.22464679914735E-16,-1.,4.9960036108132E-16));
#9591=DIRECTION('',(1.,1.22464679914735E-16,2.1350442781253E-17));
#9592=DIRECTION('center_axis',(1.,1.22464679914735E-16,2.1350442781253E-17));
#9593=DIRECTION('ref_axis',(2.13504427812531E-17,-4.9960036108132E-16,-1.));
#9594=DIRECTION('',(1.,1.22464679914735E-16,2.1350442781253E-17));
#9595=DIRECTION('center_axis',(1.22464679914735E-16,-1.,4.9960036108132E-16));
#9596=DIRECTION('ref_axis',(2.13504427812531E-17,-4.9960036108132E-16,-1.));
#9597=DIRECTION('',(1.,1.22464679914735E-16,2.1350442781253E-17));
#9598=DIRECTION('center_axis',(1.,1.22464679914735E-16,2.1350442781253E-17));
#9599=DIRECTION('ref_axis',(-1.22464679914735E-16,1.,-4.9960036108132E-16));
#9600=DIRECTION('',(1.,1.22464679914735E-16,2.1350442781253E-17));
#9601=DIRECTION('center_axis',(2.13504427812531E-17,-4.9960036108132E-16,
-1.));
#9602=DIRECTION('ref_axis',(-1.22464679914735E-16,1.,-4.9960036108132E-16));
#9603=DIRECTION('',(1.,1.22464679914735E-16,2.1350442781253E-17));
#9604=DIRECTION('center_axis',(1.01692648495509E-16,-0.707106781186548,
-0.707106781186547));
#9605=DIRECTION('ref_axis',(1.,1.22464679914735E-16,2.1350442781253E-17));
#9606=DIRECTION('',(1.,1.22464679914735E-16,2.1350442781253E-17));
#9607=DIRECTION('center_axis',(1.22464679914735E-16,-1.,4.9960036108132E-16));
#9608=DIRECTION('ref_axis',(2.13504427812531E-17,-4.9960036108132E-16,-1.));
#9609=DIRECTION('',(1.,1.22464679914735E-16,2.1350442781253E-17));
#9610=DIRECTION('center_axis',(7.14985627515899E-17,-0.707106781186547,
0.707106781186548));
#9611=DIRECTION('ref_axis',(1.,1.22464679914735E-16,2.1350442781253E-17));
#9612=DIRECTION('',(1.,1.22464679914735E-16,2.1350442781253E-17));
#9613=DIRECTION('center_axis',(-2.13504427812531E-17,4.9960036108132E-16,
1.));
#9614=DIRECTION('ref_axis',(1.22464679914735E-16,-1.,4.9960036108132E-16));
#9615=DIRECTION('',(1.,1.22464679914735E-16,2.1350442781253E-17));
#9616=DIRECTION('',(1.,1.22464679914735E-16,2.1350442781253E-17));
#9617=DIRECTION('center_axis',(-2.13504427812531E-17,4.9960036108132E-16,
1.));
#9618=DIRECTION('ref_axis',(1.22464679914735E-16,-1.,4.9960036108132E-16));
#9619=DIRECTION('',(1.,1.22464679914735E-16,2.1350442781253E-17));
#9620=DIRECTION('center_axis',(-1.22464679914735E-16,1.,-4.9960036108132E-16));
#9621=DIRECTION('ref_axis',(-2.13504427812531E-17,4.9960036108132E-16,1.));
#9622=DIRECTION('',(-1.,-1.22464679914735E-16,-2.1350442781253E-17));
#9623=DIRECTION('center_axis',(-1.,-1.22464679914735E-16,-2.1350442781253E-17));
#9624=DIRECTION('ref_axis',(1.22464679914735E-16,-1.,4.9960036108132E-16));
#9625=DIRECTION('',(-1.,-1.22464679914735E-16,-2.1350442781253E-17));
#9626=DIRECTION('center_axis',(1.22464679914735E-16,-1.,4.9960036108132E-16));
#9627=DIRECTION('ref_axis',(2.13504427812531E-17,-4.9960036108132E-16,-1.));
#9628=DIRECTION('center_axis',(-1.01692648495509E-16,0.707106781186548,
0.707106781186547));
#9629=DIRECTION('ref_axis',(1.,1.22464679914735E-16,2.1350442781253E-17));
#9630=DIRECTION('center_axis',(-1.,-1.22464679914735E-16,-2.1350442781253E-17));
#9631=DIRECTION('ref_axis',(1.22464679914735E-16,-1.,4.9960036108132E-16));
#9632=DIRECTION('',(-1.,-1.22464679914735E-16,-2.1350442781253E-17));
#9633=DIRECTION('center_axis',(1.,1.22464679914735E-16,2.1350442781253E-17));
#9634=DIRECTION('ref_axis',(-2.13504427812531E-17,4.9960036108132E-16,1.));
#9635=DIRECTION('',(1.,1.22464679914735E-16,2.1350442781253E-17));
#9636=DIRECTION('center_axis',(1.,1.22464679914735E-16,2.1350442781253E-17));
#9637=DIRECTION('ref_axis',(-2.13504427812531E-17,4.9960036108132E-16,1.));
#9638=DIRECTION('',(1.,1.22464679914735E-16,2.1350442781253E-17));
#9639=DIRECTION('axis',(0.,0.,1.));
#9640=DIRECTION('refdir',(1.,0.,0.));
#9641=DIRECTION('center_axis',(-1.,-4.9960036108132E-16,-1.22464679914735E-16));
#9642=DIRECTION('ref_axis',(4.9960036108132E-16,-1.,2.13504427812531E-17));
#9643=DIRECTION('',(-4.9960036108132E-16,1.,-2.13504427812531E-17));
#9644=DIRECTION('',(4.9960036108132E-16,-1.,2.13504427812531E-17));
#9645=DIRECTION('',(-1.22464679914735E-16,2.1350442781253E-17,1.));
#9646=DIRECTION('',(-4.9960036108132E-16,1.,-2.13504427812531E-17));
#9647=DIRECTION('',(-1.22464679914735E-16,2.1350442781253E-17,1.));
#9648=DIRECTION('',(4.9960036108132E-16,-1.,2.13504427812531E-17));
#9649=DIRECTION('',(-1.22464679914735E-16,2.1350442781253E-17,1.));
#9650=DIRECTION('',(-4.9960036108132E-16,1.,-2.13504427812531E-17));
#9651=DIRECTION('',(-1.22464679914735E-16,2.1350442781253E-17,1.));
#9652=DIRECTION('',(4.9960036108132E-16,-1.,2.13504427812531E-17));
#9653=DIRECTION('center_axis',(1.22464679914735E-16,-2.1350442781253E-17,
-1.));
#9654=DIRECTION('ref_axis',(-1.,-4.9960036108132E-16,-1.22464679914735E-16));
#9655=DIRECTION('center_axis',(1.22464679914735E-16,-2.1350442781253E-17,
-1.));
#9656=DIRECTION('ref_axis',(1.,4.9960036108132E-16,1.22464679914735E-16));
#9657=DIRECTION('',(4.9960036108132E-16,-1.,2.13504427812531E-17));
#9658=DIRECTION('center_axis',(1.22464679914735E-16,-2.1350442781253E-17,
-1.));
#9659=DIRECTION('ref_axis',(-0.237391304347791,0.971414107690461,-4.98121714246409E-17));
#9660=DIRECTION('center_axis',(1.22464679914735E-16,-2.1350442781253E-17,
-1.));
#9661=DIRECTION('ref_axis',(-1.,-4.9960036108132E-16,-1.22464679914735E-16));
#9662=DIRECTION('',(-4.9960036108132E-16,1.,-2.13504427812531E-17));
#9663=DIRECTION('center_axis',(1.22464679914735E-16,-2.1350442781253E-17,
-1.));
#9664=DIRECTION('ref_axis',(-1.,-4.9960036108132E-16,-1.22464679914735E-16));
#9665=DIRECTION('',(-4.9960036108132E-16,1.,-2.13504427812531E-17));
#9666=DIRECTION('center_axis',(1.22464679914735E-16,-2.1350442781253E-17,
-1.));
#9667=DIRECTION('ref_axis',(0.237391304347815,-0.971414107690455,4.98121714246436E-17));
#9668=DIRECTION('center_axis',(1.22464679914735E-16,-2.1350442781253E-17,
-1.));
#9669=DIRECTION('ref_axis',(-1.,-4.9960036108132E-16,-1.22464679914735E-16));
#9670=DIRECTION('',(-1.,-4.9960036108132E-16,-1.22464679914735E-16));
#9671=DIRECTION('center_axis',(1.22464679914735E-16,-2.1350442781253E-17,
-1.));
#9672=DIRECTION('ref_axis',(4.9960036108132E-16,-1.,2.13504427812531E-17));
#9673=DIRECTION('',(-1.,-4.9960036108132E-16,-1.22464679914735E-16));
#9674=DIRECTION('center_axis',(1.22464679914735E-16,-2.1350442781253E-17,
-1.));
#9675=DIRECTION('ref_axis',(0.700234365303192,-0.713913043478291,1.00996336997727E-16));
#9676=DIRECTION('center_axis',(1.22464679914735E-16,-2.1350442781253E-17,
-1.));
#9677=DIRECTION('ref_axis',(-1.,-4.9960036108132E-16,-1.22464679914735E-16));
#9678=DIRECTION('center_axis',(1.22464679914735E-16,-2.1350442781253E-17,
-1.));
#9679=DIRECTION('ref_axis',(-1.,-4.9960036108132E-16,-1.22464679914735E-16));
#9680=DIRECTION('',(1.22464679914735E-16,-2.1350442781253E-17,-1.));
#9681=DIRECTION('center_axis',(1.22464679914735E-16,-2.1350442781253E-17,
-1.));
#9682=DIRECTION('ref_axis',(-1.,-4.9960036108132E-16,-1.22464679914735E-16));
#9683=DIRECTION('',(1.22464679914735E-16,-2.1350442781253E-17,-1.));
#9684=DIRECTION('center_axis',(1.22464679914735E-16,-2.1350442781253E-17,
-1.));
#9685=DIRECTION('ref_axis',(4.9960036108132E-16,-1.,2.13504427812531E-17));
#9686=DIRECTION('',(1.,4.9960036108132E-16,1.22464679914735E-16));
#9687=DIRECTION('center_axis',(1.22464679914735E-16,-2.1350442781253E-17,
-1.));
#9688=DIRECTION('ref_axis',(-0.700234365303191,-0.713913043478291,-7.05116178265797E-17));
#9689=DIRECTION('',(-1.,-4.9960036108132E-16,-1.22464679914735E-16));
#9690=DIRECTION('',(4.9960036108132E-16,-1.,2.13504427812531E-17));
#9691=DIRECTION('',(-1.,-4.9960036108132E-16,-1.22464679914735E-16));
#9692=DIRECTION('',(4.9960036108132E-16,-1.,2.13504427812531E-17));
#9693=DIRECTION('center_axis',(1.22464679914735E-16,-2.1350442781253E-17,
-1.));
#9694=DIRECTION('ref_axis',(1.,4.9960036108132E-16,1.22464679914735E-16));
#9695=DIRECTION('',(4.9960036108132E-16,-1.,2.13504427812531E-17));
#9696=DIRECTION('center_axis',(1.22464679914735E-16,-2.1350442781253E-17,
-1.));
#9697=DIRECTION('ref_axis',(0.237391304347791,0.971414107690461,8.33192877834654E-18));
#9698=DIRECTION('',(4.9960036108132E-16,-1.,2.13504427812531E-17));
#9699=DIRECTION('',(1.,4.9960036108132E-16,1.22464679914735E-16));
#9700=DIRECTION('',(-4.9960036108132E-16,1.,-2.13504427812531E-17));
#9701=DIRECTION('',(-1.,-4.9960036108132E-16,-1.22464679914735E-16));
#9702=DIRECTION('',(4.9960036108132E-16,-1.,2.13504427812531E-17));
#9703=DIRECTION('',(1.,4.9960036108132E-16,1.22464679914735E-16));
#9704=DIRECTION('',(-4.9960036108132E-16,1.,-2.13504427812531E-17));
#9705=DIRECTION('center_axis',(1.22464679914735E-16,-2.1350442781253E-17,
-1.));
#9706=DIRECTION('ref_axis',(-0.237391304347791,-0.971414107690461,-8.33192877834654E-18));
#9707=DIRECTION('',(1.,4.9960036108132E-16,1.22464679914735E-16));
#9708=DIRECTION('',(-4.9960036108132E-16,1.,-2.13504427812531E-17));
#9709=DIRECTION('',(-1.,-4.9960036108132E-16,-1.22464679914735E-16));
#9710=DIRECTION('center_axis',(1.22464679914735E-16,-2.1350442781253E-17,
-1.));
#9711=DIRECTION('ref_axis',(-4.9960036108132E-16,1.,-2.13504427812531E-17));
#9712=DIRECTION('center_axis',(1.22464679914735E-16,-2.1350442781253E-17,
-1.));
#9713=DIRECTION('ref_axis',(-1.,-4.9960036108132E-16,-1.22464679914735E-16));
#9714=DIRECTION('center_axis',(1.22464679914735E-16,-2.1350442781253E-17,
-1.));
#9715=DIRECTION('ref_axis',(-1.,-4.9960036108132E-16,-1.22464679914735E-16));
#9716=DIRECTION('center_axis',(1.22464679914735E-16,-2.1350442781253E-17,
-1.));
#9717=DIRECTION('ref_axis',(-1.,-4.9960036108132E-16,-1.22464679914735E-16));
#9718=DIRECTION('center_axis',(1.22464679914735E-16,-2.1350442781253E-17,
-1.));
#9719=DIRECTION('ref_axis',(-1.,-4.9960036108132E-16,-1.22464679914735E-16));
#9720=DIRECTION('center_axis',(1.22464679914735E-16,-2.1350442781253E-17,
-1.));
#9721=DIRECTION('ref_axis',(-1.,-4.9960036108132E-16,-1.22464679914735E-16));
#9722=DIRECTION('center_axis',(1.22464679914735E-16,-2.1350442781253E-17,
-1.));
#9723=DIRECTION('ref_axis',(-1.,-4.9960036108132E-16,-1.22464679914735E-16));
#9724=DIRECTION('center_axis',(1.22464679914735E-16,-2.1350442781253E-17,
-1.));
#9725=DIRECTION('ref_axis',(-1.,-4.9960036108132E-16,-1.22464679914735E-16));
#9726=DIRECTION('center_axis',(1.22464679914735E-16,-2.1350442781253E-17,
-1.));
#9727=DIRECTION('ref_axis',(-1.,-4.9960036108132E-16,-1.22464679914735E-16));
#9728=DIRECTION('',(-1.22464679914735E-16,2.1350442781253E-17,1.));
#9729=DIRECTION('center_axis',(1.22464679914735E-16,-2.1350442781253E-17,
-1.));
#9730=DIRECTION('ref_axis',(-1.,-4.9960036108132E-16,-1.22464679914735E-16));
#9731=DIRECTION('center_axis',(1.22464679914735E-16,-2.1350442781253E-17,
-1.));
#9732=DIRECTION('ref_axis',(-1.,-4.9960036108132E-16,-1.22464679914735E-16));
#9733=DIRECTION('center_axis',(1.22464679914735E-16,-2.1350442781253E-17,
-1.));
#9734=DIRECTION('ref_axis',(-1.,-4.9960036108132E-16,-1.22464679914735E-16));
#9735=DIRECTION('',(-1.22464679914735E-16,2.1350442781253E-17,1.));
#9736=DIRECTION('center_axis',(1.22464679914735E-16,-2.1350442781253E-17,
-1.));
#9737=DIRECTION('ref_axis',(-1.,-4.9960036108132E-16,-1.22464679914735E-16));
#9738=DIRECTION('center_axis',(1.22464679914735E-16,-2.1350442781253E-17,
-1.));
#9739=DIRECTION('ref_axis',(-1.,-4.9960036108132E-16,-1.22464679914735E-16));
#9740=DIRECTION('center_axis',(1.22464679914735E-16,-2.1350442781253E-17,
-1.));
#9741=DIRECTION('ref_axis',(-1.,-4.9960036108132E-16,-1.22464679914735E-16));
#9742=DIRECTION('',(-1.22464679914735E-16,2.1350442781253E-17,1.));
#9743=DIRECTION('center_axis',(1.22464679914735E-16,-2.1350442781253E-17,
-1.));
#9744=DIRECTION('ref_axis',(-1.,-4.9960036108132E-16,-1.22464679914735E-16));
#9745=DIRECTION('center_axis',(1.22464679914735E-16,-2.1350442781253E-17,
-1.));
#9746=DIRECTION('ref_axis',(-1.,-4.9960036108132E-16,-1.22464679914735E-16));
#9747=DIRECTION('center_axis',(1.22464679914735E-16,-2.1350442781253E-17,
-1.));
#9748=DIRECTION('ref_axis',(-1.,-4.9960036108132E-16,-1.22464679914735E-16));
#9749=DIRECTION('',(-1.22464679914735E-16,2.1350442781253E-17,1.));
#9750=DIRECTION('center_axis',(1.22464679914735E-16,-2.1350442781253E-17,
-1.));
#9751=DIRECTION('ref_axis',(-1.,-4.9960036108132E-16,-1.22464679914735E-16));
#9752=DIRECTION('center_axis',(1.22464679914735E-16,-2.1350442781253E-17,
-1.));
#9753=DIRECTION('ref_axis',(-1.,-4.9960036108132E-16,-1.22464679914735E-16));
#9754=DIRECTION('center_axis',(1.22464679914735E-16,-2.1350442781253E-17,
-1.));
#9755=DIRECTION('ref_axis',(-1.,-4.9960036108132E-16,-1.22464679914735E-16));
#9756=DIRECTION('',(-1.22464679914735E-16,2.1350442781253E-17,1.));
#9757=DIRECTION('center_axis',(1.22464679914735E-16,-2.1350442781253E-17,
-1.));
#9758=DIRECTION('ref_axis',(-1.,-4.9960036108132E-16,-1.22464679914735E-16));
#9759=DIRECTION('center_axis',(1.22464679914735E-16,-2.1350442781253E-17,
-1.));
#9760=DIRECTION('ref_axis',(-1.,-4.9960036108132E-16,-1.22464679914735E-16));
#9761=DIRECTION('center_axis',(1.22464679914735E-16,-2.1350442781253E-17,
-1.));
#9762=DIRECTION('ref_axis',(-1.,-4.9960036108132E-16,-1.22464679914735E-16));
#9763=DIRECTION('',(-1.22464679914735E-16,2.1350442781253E-17,1.));
#9764=DIRECTION('center_axis',(1.22464679914735E-16,-2.1350442781253E-17,
-1.));
#9765=DIRECTION('ref_axis',(-1.,-4.9960036108132E-16,-1.22464679914735E-16));
#9766=DIRECTION('center_axis',(-4.9960036108132E-16,1.,-2.13504427812531E-17));
#9767=DIRECTION('ref_axis',(1.,4.9960036108132E-16,1.22464679914735E-16));
#9768=DIRECTION('',(1.22464679914735E-16,-2.1350442781253E-17,-1.));
#9769=DIRECTION('',(1.,4.9960036108132E-16,1.22464679914735E-16));
#9770=DIRECTION('',(1.22464679914735E-16,-2.1350442781253E-17,-1.));
#9771=DIRECTION('center_axis',(1.22464679914735E-16,-2.1350442781253E-17,
-1.));
#9772=DIRECTION('ref_axis',(-1.,-4.9960036108132E-16,-1.22464679914735E-16));
#9773=DIRECTION('center_axis',(1.22464679914735E-16,-2.1350442781253E-17,
-1.));
#9774=DIRECTION('ref_axis',(4.9960036108132E-16,-1.,2.13504427812531E-17));
#9775=DIRECTION('',(1.22464679914735E-16,-2.1350442781253E-17,-1.));
#9776=DIRECTION('center_axis',(4.9960036108132E-16,-1.,2.13504427812531E-17));
#9777=DIRECTION('ref_axis',(-1.,-4.9960036108132E-16,-1.22464679914735E-16));
#9778=DIRECTION('',(-1.,-4.9960036108132E-16,-1.22464679914735E-16));
#9779=DIRECTION('',(1.22464679914735E-16,-2.1350442781253E-17,-1.));
#9780=DIRECTION('center_axis',(1.22464679914735E-16,-2.1350442781253E-17,
-1.));
#9781=DIRECTION('ref_axis',(1.,6.22065040996055E-16,1.22464679914735E-16));
#9782=DIRECTION('center_axis',(1.22464679914735E-16,-2.1350442781253E-17,
-1.));
#9783=DIRECTION('ref_axis',(-2.82551759767113E-14,1.,-2.13504427812565E-17));
#9784=DIRECTION('center_axis',(1.22464679914735E-16,-2.1350442781253E-17,
-1.));
#9785=DIRECTION('ref_axis',(-1.,-4.9960036108132E-16,-1.22464679914735E-16));
#9786=DIRECTION('center_axis',(1.22464679914735E-16,-2.1350442781253E-17,
-1.));
#9787=DIRECTION('ref_axis',(-1.,-4.9960036108132E-16,-1.22464679914735E-16));
#9788=DIRECTION('',(4.9960036108132E-16,-1.,2.13504427812531E-17));
#9789=DIRECTION('center_axis',(1.22464679914735E-16,-2.1350442781253E-17,
-1.));
#9790=DIRECTION('ref_axis',(1.,4.9960036108132E-16,1.22464679914735E-16));
#9791=DIRECTION('',(-4.9960036108132E-16,1.,-2.13504427812531E-17));
#9792=DIRECTION('center_axis',(1.22464679914735E-16,-2.1350442781253E-17,
-1.));
#9793=DIRECTION('ref_axis',(-1.,-4.9960036108132E-16,-1.22464679914735E-16));
#9794=DIRECTION('',(4.9960036108132E-16,-1.,2.13504427812531E-17));
#9795=DIRECTION('center_axis',(1.22464679914735E-16,-2.1350442781253E-17,
-1.));
#9796=DIRECTION('ref_axis',(1.,4.9960036108132E-16,1.22464679914735E-16));
#9797=DIRECTION('',(-4.9960036108132E-16,1.,-2.13504427812531E-17));
#9798=DIRECTION('center_axis',(1.22464679914735E-16,-2.1350442781253E-17,
-1.));
#9799=DIRECTION('ref_axis',(-1.,-4.9960036108132E-16,-1.22464679914735E-16));
#9800=DIRECTION('center_axis',(-1.,-4.9960036108132E-16,-1.22464679914735E-16));
#9801=DIRECTION('ref_axis',(-4.9960036108132E-16,1.,-2.13504427812531E-17));
#9802=DIRECTION('',(1.22464679914735E-16,-2.1350442781253E-17,-1.));
#9803=DIRECTION('center_axis',(1.22464679914735E-16,-2.1350442781253E-17,
-1.));
#9804=DIRECTION('ref_axis',(-1.,-4.9960036108132E-16,-1.22464679914735E-16));
#9805=DIRECTION('',(1.22464679914735E-16,-2.1350442781253E-17,-1.));
#9806=DIRECTION('center_axis',(1.,4.9960036108132E-16,1.22464679914735E-16));
#9807=DIRECTION('ref_axis',(4.9960036108132E-16,-1.,2.13504427812531E-17));
#9808=DIRECTION('center_axis',(1.,4.9960036108132E-16,1.22464679914735E-16));
#9809=DIRECTION('ref_axis',(4.9960036108132E-16,-1.,2.13504427812531E-17));
#9810=DIRECTION('',(1.22464679914735E-16,-2.1350442781253E-17,-1.));
#9811=DIRECTION('',(1.22464679914735E-16,-2.1350442781253E-17,-1.));
#9812=DIRECTION('center_axis',(1.22464679914735E-16,-2.1350442781253E-17,
-1.));
#9813=DIRECTION('ref_axis',(-1.,-4.9960036108132E-16,-1.22464679914735E-16));
#9814=DIRECTION('',(1.22464679914735E-16,-2.1350442781253E-17,-1.));
#9815=DIRECTION('center_axis',(-1.,-4.9960036108132E-16,-1.22464679914735E-16));
#9816=DIRECTION('ref_axis',(-4.9960036108132E-16,1.,-2.13504427812531E-17));
#9817=DIRECTION('',(1.22464679914735E-16,-2.1350442781253E-17,-1.));
#9818=DIRECTION('center_axis',(1.22464679914735E-16,-2.1350442781253E-17,
-1.));
#9819=DIRECTION('ref_axis',(-1.,-4.9960036108132E-16,-1.22464679914735E-16));
#9820=DIRECTION('center_axis',(4.9960036108132E-16,-1.,2.13504427812531E-17));
#9821=DIRECTION('ref_axis',(-1.22464679914735E-16,2.1350442781253E-17,1.));
#9822=DIRECTION('',(1.22464679914735E-16,-2.1350442781253E-17,-1.));
#9823=DIRECTION('',(1.,4.9960036108132E-16,1.22464679914735E-16));
#9824=DIRECTION('center_axis',(4.9960036108132E-16,-1.,2.13504427812531E-17));
#9825=DIRECTION('ref_axis',(1.,4.9960036108132E-16,1.22464679914735E-16));
#9826=DIRECTION('',(-1.,-4.9960036108132E-16,-1.22464679914735E-16));
#9827=DIRECTION('center_axis',(4.9960036108132E-16,-1.,2.13504427812531E-17));
#9828=DIRECTION('ref_axis',(-1.22464679914735E-16,2.1350442781253E-17,1.));
#9829=DIRECTION('',(-1.22464679914735E-16,2.1350442781253E-17,1.));
#9830=DIRECTION('',(-1.,-4.9960036108132E-16,-1.22464679914735E-16));
#9831=DIRECTION('',(-1.22464679914735E-16,2.1350442781253E-17,1.));
#9832=DIRECTION('center_axis',(-1.,-4.9960036108132E-16,-1.22464679914735E-16));
#9833=DIRECTION('ref_axis',(4.9960036108132E-16,-1.,2.13504427812531E-17));
#9834=DIRECTION('',(-4.9960036108132E-16,1.,-2.13504427812531E-17));
#9835=DIRECTION('',(1.22464679914735E-16,-2.1350442781253E-17,-1.));
#9836=DIRECTION('center_axis',(-4.9960036108132E-16,1.,-2.13504427812531E-17));
#9837=DIRECTION('ref_axis',(1.22464679914735E-16,-2.1350442781253E-17,-1.));
#9838=DIRECTION('',(-1.22464679914735E-16,2.1350442781253E-17,1.));
#9839=DIRECTION('',(-1.,-4.9960036108132E-16,-1.22464679914735E-16));
#9840=DIRECTION('center_axis',(-1.,-4.9960036108132E-16,-1.22464679914735E-16));
#9841=DIRECTION('ref_axis',(4.9960036108132E-16,-1.,2.13504427812531E-17));
#9842=DIRECTION('',(-4.9960036108132E-16,1.,-2.13504427812531E-17));
#9843=DIRECTION('',(-4.9960036108132E-16,1.,-2.13504427812531E-17));
#9844=DIRECTION('',(-1.22464679914735E-16,2.1350442781253E-17,1.));
#9845=DIRECTION('',(4.9960036108132E-16,-1.,2.13504427812531E-17));
#9846=DIRECTION('',(1.22464679914735E-16,-2.1350442781253E-17,-1.));
#9847=DIRECTION('center_axis',(-4.9960036108132E-16,1.,-2.13504427812531E-17));
#9848=DIRECTION('ref_axis',(-1.,-4.9960036108132E-16,-1.22464679914735E-16));
#9849=DIRECTION('center_axis',(4.9960036108132E-16,-1.,2.13504427812531E-17));
#9850=DIRECTION('ref_axis',(-1.,-4.9960036108132E-16,-1.22464679914735E-16));
#9851=DIRECTION('',(0.707106781186548,3.3817376033189E-16,-0.707106781186547));
#9852=DIRECTION('center_axis',(4.9960036108132E-16,-1.,2.13504427812531E-17));
#9853=DIRECTION('ref_axis',(-0.707106781186497,-3.68367846075785E-16,-0.707106781186598));
#9854=DIRECTION('center_axis',(-4.9960036108132E-16,1.,-2.13504427812531E-17));
#9855=DIRECTION('ref_axis',(-1.,-4.9960036108132E-16,-1.22464679914735E-16));
#9856=DIRECTION('',(0.707106781186547,3.68367846075808E-16,0.707106781186548));
#9857=DIRECTION('center_axis',(4.9960036108132E-16,-1.,2.13504427812531E-17));
#9858=DIRECTION('ref_axis',(0.707106781186498,3.38173760331864E-16,-0.707106781186597));
#9859=DIRECTION('center_axis',(4.9960036108132E-16,-1.,2.13504427812531E-17));
#9860=DIRECTION('ref_axis',(1.22464679914735E-16,-2.1350442781253E-17,-1.));
#9861=DIRECTION('center_axis',(-4.9960036108132E-16,1.,-2.13504427812531E-17));
#9862=DIRECTION('ref_axis',(1.22464679914735E-16,-2.1350442781253E-17,-1.));
#9863=DIRECTION('',(4.9960036108132E-16,-1.,2.13504427812531E-17));
#9864=DIRECTION('',(-4.9960036108132E-16,1.,-2.13504427812531E-17));
#9865=DIRECTION('center_axis',(-4.9960036108132E-16,1.,-2.13504427812531E-17));
#9866=DIRECTION('ref_axis',(1.22464679914735E-16,-2.1350442781253E-17,-1.));
#9867=DIRECTION('center_axis',(-1.,-4.9960036108132E-16,-1.22464679914735E-16));
#9868=DIRECTION('ref_axis',(1.22464679914735E-16,-2.1350442781253E-17,-1.));
#9869=DIRECTION('',(1.22464679914735E-16,-2.1350442781253E-17,-1.));
#9870=DIRECTION('',(4.9960036108132E-16,-1.,2.13504427812531E-17));
#9871=DIRECTION('',(1.22464679914735E-16,-2.1350442781253E-17,-1.));
#9872=DIRECTION('center_axis',(4.9960036108132E-16,-1.,2.13504427812531E-17));
#9873=DIRECTION('ref_axis',(1.,4.9960036108132E-16,1.22464679914735E-16));
#9874=DIRECTION('center_axis',(-4.9960036108132E-16,1.,-2.13504427812531E-17));
#9875=DIRECTION('ref_axis',(1.,4.9960036108132E-16,1.22464679914735E-16));
#9876=DIRECTION('',(1.,4.9960036108132E-16,1.22464679914735E-16));
#9877=DIRECTION('',(-1.22464679914735E-16,2.1350442781253E-17,1.));
#9878=DIRECTION('',(-1.,-4.9960036108132E-16,-1.22464679914735E-16));
#9879=DIRECTION('center_axis',(4.9960036108132E-16,-1.,2.13504427812531E-17));
#9880=DIRECTION('ref_axis',(1.,4.9960036108132E-16,1.22464679914735E-16));
#9881=DIRECTION('',(-1.,-4.9960036108132E-16,-1.22464679914735E-16));
#9882=DIRECTION('',(1.22464679914735E-16,-2.1350442781253E-17,-1.));
#9883=DIRECTION('',(1.,4.9960036108132E-16,1.22464679914735E-16));
#9884=DIRECTION('center_axis',(4.9960036108132E-16,-1.,2.13504427812531E-17));
#9885=DIRECTION('ref_axis',(-1.,-4.9960036108132E-16,-1.22464679914735E-16));
#9886=DIRECTION('center_axis',(4.9960036108132E-16,-1.,2.13504427812531E-17));
#9887=DIRECTION('ref_axis',(1.,4.9960036108132E-16,1.22464679914735E-16));
#9888=DIRECTION('',(-1.,-4.9960036108132E-16,-1.22464679914735E-16));
#9889=DIRECTION('',(-1.22464679914735E-16,2.1350442781253E-17,1.));
#9890=DIRECTION('',(-1.,-4.9960036108132E-16,-1.22464679914735E-16));
#9891=DIRECTION('',(1.22464679914735E-16,-2.1350442781253E-17,-1.));
#9892=DIRECTION('center_axis',(4.9960036108132E-16,-1.,2.13504427812531E-17));
#9893=DIRECTION('ref_axis',(1.,4.9960036108132E-16,1.22464679914735E-16));
#9894=DIRECTION('',(1.,4.9960036108132E-16,1.22464679914735E-16));
#9895=DIRECTION('',(-1.22464679914735E-16,2.1350442781253E-17,1.));
#9896=DIRECTION('center_axis',(-1.22464679914735E-16,2.1350442781253E-17,
1.));
#9897=DIRECTION('ref_axis',(-1.,-4.9960036108132E-16,-1.22464679914735E-16));
#9898=DIRECTION('',(4.9960036108132E-16,-1.,2.13504427812531E-17));
#9899=DIRECTION('',(4.9960036108132E-16,-1.,2.13504427812531E-17));
#9900=DIRECTION('',(-1.,-4.9960036108132E-16,-1.22464679914735E-16));
#9901=DIRECTION('center_axis',(4.9960036108132E-16,-1.,2.13504427812531E-17));
#9902=DIRECTION('ref_axis',(1.,4.9960036108132E-16,1.22464679914735E-16));
#9903=DIRECTION('center_axis',(-4.9960036108132E-16,1.,-2.13504427812531E-17));
#9904=DIRECTION('ref_axis',(-1.22464679914735E-16,2.1350442781253E-17,1.));
#9905=DIRECTION('',(4.9960036108132E-16,-1.,2.13504427812531E-17));
#9906=DIRECTION('center_axis',(-1.22464679914735E-16,2.1350442781253E-17,
1.));
#9907=DIRECTION('ref_axis',(-4.9960036108132E-16,1.,-2.13504427812531E-17));
#9908=DIRECTION('',(4.9960036108132E-16,-1.,2.13504427812531E-17));
#9909=DIRECTION('',(-1.,-4.9960036108132E-16,-1.22464679914735E-16));
#9910=DIRECTION('',(-4.9960036108132E-16,1.,-2.13504427812531E-17));
#9911=DIRECTION('',(-1.,-4.9960036108132E-16,-1.22464679914735E-16));
#9912=DIRECTION('',(4.9960036108132E-16,-1.,2.13504427812531E-17));
#9913=DIRECTION('center_axis',(1.,4.9960036108132E-16,1.22464679914735E-16));
#9914=DIRECTION('ref_axis',(-1.22464679914735E-16,2.1350442781253E-17,1.));
#9915=DIRECTION('',(-1.22464679914735E-16,2.1350442781253E-17,1.));
#9916=DIRECTION('',(4.9960036108132E-16,-1.,2.13504427812531E-17));
#9917=DIRECTION('center_axis',(-1.22464679914735E-16,2.1350442781253E-17,
1.));
#9918=DIRECTION('ref_axis',(-1.,-4.9960036108132E-16,-1.22464679914735E-16));
#9919=DIRECTION('',(-1.,-4.9960036108132E-16,-1.22464679914735E-16));
#9920=DIRECTION('',(4.9960036108132E-16,-1.,2.13504427812531E-17));
#9921=DIRECTION('center_axis',(-4.9960036108132E-16,1.,-2.13504427812531E-17));
#9922=DIRECTION('ref_axis',(1.22464679914735E-16,-2.1350442781253E-17,-1.));
#9923=DIRECTION('',(0.707106781186548,3.3817376033189E-16,-0.707106781186547));
#9924=DIRECTION('center_axis',(-4.9960036108132E-16,1.,-2.13504427812531E-17));
#9925=DIRECTION('ref_axis',(-0.707106781186547,-3.68367846075809E-16,-0.707106781186548));
#9926=DIRECTION('',(1.,4.9960036108132E-16,1.22464679914735E-16));
#9927=DIRECTION('',(1.22464679914735E-16,-2.1350442781253E-17,-1.));
#9928=DIRECTION('',(-1.,-4.9960036108132E-16,-1.22464679914735E-16));
#9929=DIRECTION('center_axis',(-4.9960036108132E-16,1.,-2.13504427812531E-17));
#9930=DIRECTION('ref_axis',(-1.,-4.9960036108132E-16,-1.22464679914735E-16));
#9931=DIRECTION('',(1.22464679914735E-16,-2.1350442781253E-17,-1.));
#9932=DIRECTION('',(-1.22464679914735E-16,2.1350442781253E-17,1.));
#9933=DIRECTION('',(1.,4.9960036108132E-16,1.22464679914735E-16));
#9934=DIRECTION('center_axis',(-4.9960036108132E-16,1.,-2.13504427812531E-17));
#9935=DIRECTION('ref_axis',(0.999131567356816,4.98276890036658E-16,-0.0416666666666706));
#9936=DIRECTION('',(0.707106781186547,3.68367846075808E-16,0.707106781186548));
#9937=DIRECTION('center_axis',(-4.9960036108132E-16,1.,-2.13504427812531E-17));
#9938=DIRECTION('ref_axis',(0.707106781186598,3.38173760331916E-16,-0.707106781186497));
#9939=DIRECTION('',(-1.22464679914735E-16,2.1350442781253E-17,1.));
#9940=DIRECTION('',(1.,4.9960036108132E-16,1.22464679914735E-16));
#9941=DIRECTION('',(-1.,-4.9960036108132E-16,-1.22464679914735E-16));
#9942=DIRECTION('center_axis',(4.9960036108132E-16,-1.,2.13504427812531E-17));
#9943=DIRECTION('ref_axis',(1.22464679914735E-16,-2.1350442781253E-17,-1.));
#9944=DIRECTION('',(-0.707106781186547,-3.68367846075809E-16,-0.707106781186548));
#9945=DIRECTION('center_axis',(4.9960036108132E-16,-1.,2.13504427812531E-17));
#9946=DIRECTION('ref_axis',(0.707106781186548,3.3817376033189E-16,-0.707106781186547));
#9947=DIRECTION('',(1.22464679914735E-16,-2.1350442781253E-17,-1.));
#9948=DIRECTION('center_axis',(-4.9960036108132E-16,1.,-2.13504427812531E-17));
#9949=DIRECTION('ref_axis',(-1.22464679914735E-16,2.1350442781253E-17,1.));
#9950=DIRECTION('',(1.,4.9960036108132E-16,1.22464679914735E-16));
#9951=DIRECTION('center_axis',(-4.9960036108132E-16,1.,-2.13504427812531E-17));
#9952=DIRECTION('ref_axis',(-1.,-4.9960036108132E-16,-1.22464679914735E-16));
#9953=DIRECTION('',(-1.22464679914735E-16,2.1350442781253E-17,1.));
#9954=DIRECTION('center_axis',(4.9960036108132E-16,-1.,2.13504427812531E-17));
#9955=DIRECTION('ref_axis',(-1.,-4.9960036108132E-16,-1.22464679914735E-16));
#9956=DIRECTION('',(-0.707106781186548,-3.3817376033189E-16,0.707106781186547));
#9957=DIRECTION('center_axis',(4.9960036108132E-16,-1.,2.13504427812531E-17));
#9958=DIRECTION('ref_axis',(-0.707106781186547,-3.68367846075808E-16,-0.707106781186548));
#9959=DIRECTION('center_axis',(1.22464679914735E-16,-2.1350442781253E-17,
-1.));
#9960=DIRECTION('ref_axis',(-1.,-4.9960036108132E-16,-1.22464679914735E-16));
#9961=DIRECTION('',(4.9960036108132E-16,-1.,2.13504427812531E-17));
#9962=DIRECTION('',(-1.,-4.9960036108132E-16,-1.22464679914735E-16));
#9963=DIRECTION('',(4.9960036108132E-16,-1.,2.13504427812531E-17));
#9964=DIRECTION('center_axis',(4.9960036108132E-16,-1.,2.13504427812531E-17));
#9965=DIRECTION('ref_axis',(-0.707106781186547,-3.68367846075808E-16,-0.707106781186548));
#9966=DIRECTION('',(4.9960036108132E-16,-1.,2.13504427812531E-17));
#9967=DIRECTION('center_axis',(-4.9960036108132E-16,1.,-2.13504427812531E-17));
#9968=DIRECTION('ref_axis',(1.22464679914735E-16,-2.1350442781253E-17,-1.));
#9969=DIRECTION('center_axis',(-0.707106781186547,-3.68367846075809E-16,
-0.707106781186548));
#9970=DIRECTION('ref_axis',(-0.707106781186548,-3.3817376033189E-16,0.707106781186547));
#9971=DIRECTION('',(4.9960036108132E-16,-1.,2.13504427812531E-17));
#9972=DIRECTION('',(-0.707106781186548,-3.3817376033189E-16,0.707106781186547));
#9973=DIRECTION('center_axis',(4.9960036108132E-16,-1.,2.13504427812531E-17));
#9974=DIRECTION('ref_axis',(-1.,-4.9960036108132E-16,-1.22464679914735E-16));
#9975=DIRECTION('',(4.9960036108132E-16,-1.,2.13504427812531E-17));
#9976=DIRECTION('center_axis',(-4.9960036108132E-16,1.,-2.13504427812531E-17));
#9977=DIRECTION('ref_axis',(-0.707106781186598,-3.68367846075832E-16,-0.707106781186498));
#9978=DIRECTION('center_axis',(-1.,-4.9960036108132E-16,-1.22464679914735E-16));
#9979=DIRECTION('ref_axis',(-1.22464679914735E-16,2.1350442781253E-17,1.));
#9980=DIRECTION('',(4.9960036108132E-16,-1.,2.13504427812531E-17));
#9981=DIRECTION('',(-1.22464679914735E-16,2.1350442781253E-17,1.));
#9982=DIRECTION('center_axis',(-4.9960036108132E-16,1.,-2.13504427812531E-17));
#9983=DIRECTION('ref_axis',(-1.,-4.9960036108132E-16,-1.22464679914735E-16));
#9984=DIRECTION('center_axis',(-4.9960036108132E-16,1.,-2.13504427812531E-17));
#9985=DIRECTION('ref_axis',(-1.,-4.9960036108132E-16,-1.22464679914735E-16));
#9986=DIRECTION('',(1.,4.9960036108132E-16,1.22464679914735E-16));
#9987=DIRECTION('center_axis',(-4.9960036108132E-16,1.,-2.13504427812531E-17));
#9988=DIRECTION('ref_axis',(-1.22464679914735E-16,2.1350442781253E-17,1.));
#9989=DIRECTION('',(1.22464679914735E-16,-2.1350442781253E-17,-1.));
#9990=DIRECTION('center_axis',(-4.9960036108132E-16,1.,-2.13504427812531E-17));
#9991=DIRECTION('ref_axis',(1.,4.9960036108132E-16,1.22464679914735E-16));
#9992=DIRECTION('',(-0.707106781186547,-3.68367846075809E-16,-0.707106781186548));
#9993=DIRECTION('center_axis',(-4.9960036108132E-16,1.,-2.13504427812531E-17));
#9994=DIRECTION('ref_axis',(0.707106781186548,3.3817376033189E-16,-0.707106781186547));
#9995=DIRECTION('center_axis',(4.9960036108132E-16,-1.,2.13504427812531E-17));
#9996=DIRECTION('ref_axis',(1.22464679914735E-16,-2.1350442781253E-17,-1.));
#9997=DIRECTION('',(4.9960036108132E-16,-1.,2.13504427812531E-17));
#9998=DIRECTION('center_axis',(0.707106781186548,3.3817376033189E-16,-0.707106781186547));
#9999=DIRECTION('ref_axis',(-0.707106781186547,-3.68367846075809E-16,-0.707106781186548));
#10000=DIRECTION('',(4.9960036108132E-16,-1.,2.13504427812531E-17));
#10001=DIRECTION('center_axis',(4.9960036108132E-16,-1.,2.13504427812531E-17));
#10002=DIRECTION('ref_axis',(0.707106781186548,3.3817376033189E-16,-0.707106781186547));
#10003=DIRECTION('',(4.9960036108132E-16,-1.,2.13504427812531E-17));
#10004=DIRECTION('center_axis',(1.,4.9960036108132E-16,1.22464679914735E-16));
#10005=DIRECTION('ref_axis',(1.22464679914735E-16,-2.1350442781253E-17,
-1.));
#10006=DIRECTION('',(4.9960036108132E-16,-1.,2.13504427812531E-17));
#10007=DIRECTION('center_axis',(-4.9960036108132E-16,1.,-2.13504427812531E-17));
#10008=DIRECTION('ref_axis',(-1.,-4.9960036108132E-16,-1.22464679914735E-16));
#10009=DIRECTION('',(4.9960036108132E-16,-1.,2.13504427812531E-17));
#10010=DIRECTION('center_axis',(-1.22464679914735E-16,2.1350442781253E-17,
1.));
#10011=DIRECTION('ref_axis',(1.,4.9960036108132E-16,1.22464679914735E-16));
#10012=DIRECTION('',(4.9960036108132E-16,-1.,2.13504427812531E-17));
#10013=DIRECTION('center_axis',(-4.9960036108132E-16,1.,-2.13504427812531E-17));
#10014=DIRECTION('ref_axis',(-1.,-4.9960036108132E-16,-1.22464679914735E-16));
#10015=DIRECTION('center_axis',(1.22464679914735E-16,-2.1350442781253E-17,
-1.));
#10016=DIRECTION('ref_axis',(1.,4.9960036108132E-16,1.22464679914735E-16));
#10017=DIRECTION('',(4.9960036108132E-16,-1.,2.13504427812531E-17));
#10018=DIRECTION('center_axis',(1.,4.9960036108132E-16,1.22464679914735E-16));
#10019=DIRECTION('ref_axis',(-1.22464679914735E-16,2.1350442781253E-17,
1.));
#10020=DIRECTION('',(4.9960036108132E-16,-1.,2.13504427812531E-17));
#10021=DIRECTION('center_axis',(4.9960036108132E-16,-1.,2.13504427812531E-17));
#10022=DIRECTION('ref_axis',(1.22464679914735E-16,-2.1350442781253E-17,
-1.));
#10023=DIRECTION('',(4.9960036108132E-16,-1.,2.13504427812531E-17));
#10024=DIRECTION('center_axis',(-0.707106781186548,-3.3817376033189E-16,
0.707106781186547));
#10025=DIRECTION('ref_axis',(0.707106781186547,3.68367846075809E-16,0.707106781186548));
#10026=DIRECTION('',(-4.9960036108132E-16,1.,-2.13504427812531E-17));
#10027=DIRECTION('center_axis',(-4.9960036108132E-16,1.,-2.13504427812531E-17));
#10028=DIRECTION('ref_axis',(1.,4.9960036108132E-16,1.22464679914735E-16));
#10029=DIRECTION('',(-4.9960036108132E-16,1.,-2.13504427812531E-17));
#10030=DIRECTION('center_axis',(1.22464679914735E-16,-2.1350442781253E-17,
-1.));
#10031=DIRECTION('ref_axis',(1.,4.9960036108132E-16,1.22464679914735E-16));
#10032=DIRECTION('',(4.9960036108132E-16,-1.,2.13504427812531E-17));
#10033=DIRECTION('center_axis',(1.,4.9960036108132E-16,1.22464679914735E-16));
#10034=DIRECTION('ref_axis',(-1.22464679914735E-16,2.1350442781253E-17,
1.));
#10035=DIRECTION('center_axis',(-1.,-4.9960036108132E-16,-1.22464679914735E-16));
#10036=DIRECTION('ref_axis',(1.22464679914735E-16,-2.1350442781253E-17,
-1.));
#10037=DIRECTION('center_axis',(-4.9960036108132E-16,1.,-2.13504427812531E-17));
#10038=DIRECTION('ref_axis',(-1.,-4.9960036108132E-16,-1.22464679914735E-16));
#10039=DIRECTION('',(4.9960036108132E-16,-1.,2.13504427812531E-17));
#10040=DIRECTION('center_axis',(-1.22464679914735E-16,2.1350442781253E-17,
1.));
#10041=DIRECTION('ref_axis',(-1.,-4.9960036108132E-16,-1.22464679914735E-16));
#10042=DIRECTION('',(4.9960036108132E-16,-1.,2.13504427812531E-17));
#10043=DIRECTION('center_axis',(-1.,-4.9960036108132E-16,-1.22464679914735E-16));
#10044=DIRECTION('ref_axis',(1.22464679914735E-16,-2.1350442781253E-17,
-1.));
#10045=DIRECTION('',(4.9960036108132E-16,-1.,2.13504427812531E-17));
#10046=DIRECTION('center_axis',(1.22464679914735E-16,-2.1350442781253E-17,
-1.));
#10047=DIRECTION('ref_axis',(1.,4.9960036108132E-16,1.22464679914735E-16));
#10048=DIRECTION('',(4.9960036108132E-16,-1.,2.13504427812531E-17));
#10049=DIRECTION('center_axis',(4.9960036108132E-16,-1.,2.13504427812531E-17));
#10050=DIRECTION('ref_axis',(-1.,-4.9960036108132E-16,-1.22464679914735E-16));
#10051=DIRECTION('',(4.9960036108132E-16,-1.,2.13504427812531E-17));
#10052=DIRECTION('center_axis',(0.707106781186547,3.68367846075809E-16,
0.707106781186548));
#10053=DIRECTION('ref_axis',(0.707106781186548,3.3817376033189E-16,-0.707106781186547));
#10054=DIRECTION('center_axis',(-1.22464679914735E-16,2.1350442781253E-17,
1.));
#10055=DIRECTION('ref_axis',(-4.9960036108132E-16,1.,-2.13504427812531E-17));
#10056=DIRECTION('center_axis',(-1.22464679914735E-16,2.1350442781253E-17,
1.));
#10057=DIRECTION('ref_axis',(4.9960036108132E-16,-1.,2.13504427812531E-17));
#10058=DIRECTION('',(4.9960036108132E-16,-1.,2.13504427812531E-17));
#10059=DIRECTION('',(1.,4.9960036108132E-16,1.22464679914735E-16));
#10060=DIRECTION('center_axis',(-4.9960036108132E-16,1.,-2.13504427812531E-17));
#10061=DIRECTION('ref_axis',(-1.22464679914735E-16,2.1350442781253E-17,
1.));
#10062=DIRECTION('',(-1.22464679914735E-16,2.1350442781253E-17,1.));
#10063=DIRECTION('center_axis',(1.,4.9960036108132E-16,1.22464679914735E-16));
#10064=DIRECTION('ref_axis',(-4.9960036108132E-16,1.,-2.13504427812531E-17));
#10065=DIRECTION('axis',(0.,0.,1.));
#10066=DIRECTION('refdir',(1.,0.,0.));
#10067=DIRECTION('center_axis',(-1.22464679914735E-16,-1.,2.1350442781253E-17));
#10068=DIRECTION('ref_axis',(-1.,1.22464679914735E-16,-4.9960036108132E-16));
#10069=DIRECTION('center_axis',(-1.22464679914735E-16,-1.,2.1350442781253E-17));
#10070=DIRECTION('ref_axis',(-1.,1.22464679914735E-16,-4.9960036108132E-16));
#10071=DIRECTION('center_axis',(1.22464679914735E-16,1.,-2.1350442781253E-17));
#10072=DIRECTION('ref_axis',(-4.9960036108132E-16,2.13504427812531E-17,
1.));
#10073=DIRECTION('center_axis',(1.22464679914735E-16,1.,-2.1350442781253E-17));
#10074=DIRECTION('ref_axis',(-4.9960036108132E-16,2.13504427812531E-17,
1.));
#10075=DIRECTION('center_axis',(-1.22464679914735E-16,-1.,2.1350442781253E-17));
#10076=DIRECTION('ref_axis',(-1.,1.22464679914735E-16,-4.9960036108132E-16));
#10077=DIRECTION('center_axis',(-1.22464679914735E-16,-1.,2.1350442781253E-17));
#10078=DIRECTION('ref_axis',(-1.,1.22464679914735E-16,-4.9960036108132E-16));
#10079=DIRECTION('',(1.22464679914735E-16,1.,-2.1350442781253E-17));
#10080=DIRECTION('center_axis',(-1.22464679914735E-16,-1.,2.1350442781253E-17));
#10081=DIRECTION('ref_axis',(-1.,1.22464679914735E-16,-4.9960036108132E-16));
#10082=DIRECTION('center_axis',(1.22464679914735E-16,1.,-2.1350442781253E-17));
#10083=DIRECTION('ref_axis',(-4.9960036108132E-16,2.13504427812531E-17,
1.));
#10084=DIRECTION('center_axis',(1.22464679914735E-16,1.,-2.1350442781253E-17));
#10085=DIRECTION('ref_axis',(-4.9960036108132E-16,2.13504427812531E-17,
1.));
#10086=DIRECTION('',(-1.22464679914735E-16,-1.,2.1350442781253E-17));
#10087=DIRECTION('center_axis',(1.22464679914735E-16,1.,-2.1350442781253E-17));
#10088=DIRECTION('ref_axis',(-4.9960036108132E-16,2.13504427812531E-17,
1.));
#10089=DIRECTION('center_axis',(1.22464679914735E-16,1.,-2.1350442781253E-17));
#10090=DIRECTION('ref_axis',(-4.9960036108132E-16,2.13504427812531E-17,
1.));
#10091=DIRECTION('center_axis',(1.22464679914735E-16,1.,-2.1350442781253E-17));
#10092=DIRECTION('ref_axis',(-4.9960036108132E-16,2.13504427812531E-17,
1.));
#10093=DIRECTION('center_axis',(1.22464679914735E-16,1.,-2.1350442781253E-17));
#10094=DIRECTION('ref_axis',(-4.9960036108132E-16,2.13504427812531E-17,
1.));
#10095=DIRECTION('',(-1.22464679914735E-16,-1.,2.1350442781253E-17));
#10096=DIRECTION('',(0.,1.54074395550979E-33,1.));
#10097=DIRECTION('',(-2.66667223069002E-33,-1.,1.54074395550979E-33));
#10098=DIRECTION('',(2.66667223069002E-33,1.,-1.54074395550979E-33));
#10099=DIRECTION('',(1.,2.66667223069002E-33,0.));
#10100=DIRECTION('',(0.,-1.54074395550979E-33,-1.));
#10101=DIRECTION('',(1.,-9.65927941338829E-33,0.));
#10102=DIRECTION('axis',(0.,0.,1.));
#10103=DIRECTION('refdir',(1.,0.,0.));
#10104=DIRECTION('center_axis',(1.,1.22464679914735E-16,2.1350442781253E-17));
#10105=DIRECTION('ref_axis',(-1.22464679914735E-16,1.,-4.9960036108132E-16));
#10106=DIRECTION('',(-1.22464679914735E-16,1.,-4.9960036108132E-16));
#10107=DIRECTION('',(2.13504427812531E-17,-4.9960036108132E-16,-1.));
#10108=DIRECTION('',(-1.22464679914735E-16,1.,-4.9960036108132E-16));
#10109=DIRECTION('',(2.13504427812531E-17,-4.9960036108132E-16,-1.));
#10110=DIRECTION('center_axis',(1.,1.22464679914735E-16,2.1350442781253E-17));
#10111=DIRECTION('ref_axis',(-1.22464679914735E-16,1.,-4.9960036108132E-16));
#10112=DIRECTION('center_axis',(1.,1.22464679914735E-16,2.1350442781253E-17));
#10113=DIRECTION('ref_axis',(-1.22464679914735E-16,1.,-4.9960036108132E-16));
#10114=DIRECTION('center_axis',(1.,1.22464679914735E-16,2.1350442781253E-17));
#10115=DIRECTION('ref_axis',(-1.22464679914735E-16,1.,-4.9960036108132E-16));
#10116=DIRECTION('center_axis',(2.13504427812531E-17,-4.9960036108132E-16,
-1.));
#10117=DIRECTION('ref_axis',(-1.22464679914735E-16,1.,-4.9960036108132E-16));
#10118=DIRECTION('',(-1.,-1.22464679914735E-16,-2.1350442781253E-17));
#10119=DIRECTION('',(-1.22464679914735E-16,1.,-4.9960036108132E-16));
#10120=DIRECTION('',(-1.,-1.22464679914735E-16,-2.1350442781253E-17));
#10121=DIRECTION('center_axis',(-2.13504427812531E-17,4.9960036108132E-16,
1.));
#10122=DIRECTION('ref_axis',(1.22464679914735E-16,-1.,4.9960036108132E-16));
#10123=DIRECTION('center_axis',(-2.13504427812531E-17,4.9960036108132E-16,
1.));
#10124=DIRECTION('ref_axis',(-1.,-1.22464679914735E-16,-2.1350442781253E-17));
#10125=DIRECTION('',(1.22464679914735E-16,-1.,4.9960036108132E-16));
#10126=DIRECTION('center_axis',(2.13504427812531E-17,-4.9960036108132E-16,
-1.));
#10127=DIRECTION('ref_axis',(-1.,-1.22464679914735E-16,-2.1350442781253E-17));
#10128=DIRECTION('',(-1.,-1.22464679914735E-16,-2.1350442781253E-17));
#10129=DIRECTION('',(-1.,-1.22464679914735E-16,-2.1350442781253E-17));
#10130=DIRECTION('',(1.22464679914735E-16,-1.,4.9960036108132E-16));
#10131=DIRECTION('center_axis',(-1.22464679914735E-16,1.,-4.9960036108132E-16));
#10132=DIRECTION('ref_axis',(-1.,-1.22464679914735E-16,-2.1350442781253E-17));
#10133=DIRECTION('',(2.13504427812531E-17,-4.9960036108132E-16,-1.));
#10134=DIRECTION('',(-1.,-1.22464679914735E-16,-2.1350442781253E-17));
#10135=DIRECTION('center_axis',(2.13504427812531E-17,-4.9960036108132E-16,
-1.));
#10136=DIRECTION('ref_axis',(-1.,-1.22464679914735E-16,-2.1350442781253E-17));
#10137=DIRECTION('',(1.22464679914735E-16,-1.,4.9960036108132E-16));
#10138=DIRECTION('',(-1.,-1.22464679914735E-16,-2.1350442781253E-17));
#10139=DIRECTION('',(1.22464679914735E-16,-1.,4.9960036108132E-16));
#10140=DIRECTION('center_axis',(2.13504427812531E-17,-4.9960036108132E-16,
-1.));
#10141=DIRECTION('ref_axis',(-1.,-1.22464679914735E-16,-2.1350442781253E-17));
#10142=DIRECTION('center_axis',(2.13504427812531E-17,-4.9960036108132E-16,
-1.));
#10143=DIRECTION('ref_axis',(1.22464679914735E-16,-1.,4.9960036108132E-16));
#10144=DIRECTION('',(-1.,-1.22464679914735E-16,-2.1350442781253E-17));
#10145=DIRECTION('center_axis',(2.13504427812531E-17,-4.9960036108132E-16,
-1.));
#10146=DIRECTION('ref_axis',(-1.22464679914735E-16,1.,-4.9960036108132E-16));
#10147=DIRECTION('',(-1.22464679914735E-16,1.,-4.9960036108132E-16));
#10148=DIRECTION('',(-1.,-1.22464679914735E-16,-2.1350442781253E-17));
#10149=DIRECTION('center_axis',(1.22464679914735E-16,-1.,4.9960036108132E-16));
#10150=DIRECTION('ref_axis',(2.13504427812531E-17,-4.9960036108132E-16,
-1.));
#10151=DIRECTION('',(2.13504427812531E-17,-4.9960036108132E-16,-1.));
#10152=DIRECTION('center_axis',(1.,1.22464679914735E-16,2.1350442781253E-17));
#10153=DIRECTION('ref_axis',(-1.22464679914735E-16,1.,-4.9960036108132E-16));
#10154=DIRECTION('',(2.13504427812531E-17,-4.9960036108132E-16,-1.));
#10155=DIRECTION('center_axis',(1.,1.22464679914735E-16,2.1350442781253E-17));
#10156=DIRECTION('ref_axis',(-1.22464679914735E-16,1.,-4.9960036108132E-16));
#10157=DIRECTION('center_axis',(1.,1.22464679914735E-16,2.1350442781253E-17));
#10158=DIRECTION('ref_axis',(-1.22464679914735E-16,1.,-4.9960036108132E-16));
#10159=DIRECTION('center_axis',(1.,1.22464679914735E-16,2.1350442781253E-17));
#10160=DIRECTION('ref_axis',(-1.22464679914735E-16,1.,-4.9960036108132E-16));
#10161=DIRECTION('center_axis',(2.13504427812531E-17,-4.9960036108132E-16,
-1.));
#10162=DIRECTION('ref_axis',(-1.,-1.22464679914735E-16,-2.1350442781253E-17));
#10163=DIRECTION('',(2.13504427812531E-17,-4.9960036108132E-16,-1.));
#10164=DIRECTION('center_axis',(-1.22464679914735E-16,1.,-4.9960036108132E-16));
#10165=DIRECTION('ref_axis',(-1.,-1.22464679914735E-16,-2.1350442781253E-17));
#10166=DIRECTION('',(2.13504427812531E-17,-4.9960036108132E-16,-1.));
#10167=DIRECTION('center_axis',(2.13504427812531E-17,-4.9960036108132E-16,
-1.));
#10168=DIRECTION('ref_axis',(1.22464679914735E-16,-1.,4.9960036108132E-16));
#10169=DIRECTION('center_axis',(2.13504427812531E-17,-4.9960036108132E-16,
-1.));
#10170=DIRECTION('ref_axis',(1.,1.22464679914735E-16,2.1350442781253E-17));
#10171=DIRECTION('',(2.13504427812531E-17,-4.9960036108132E-16,-1.));
#10172=DIRECTION('center_axis',(-2.13504427812531E-17,4.9960036108132E-16,
1.));
#10173=DIRECTION('ref_axis',(1.22464679914735E-16,-1.,4.9960036108132E-16));
#10174=DIRECTION('center_axis',(-2.13504427812531E-17,4.9960036108132E-16,
1.));
#10175=DIRECTION('ref_axis',(1.,1.22464679914735E-16,2.1350442781253E-17));
#10176=DIRECTION('',(1.,1.22464679914735E-16,2.1350442781253E-17));
#10177=DIRECTION('center_axis',(2.13504427812531E-17,-4.9960036108132E-16,
-1.));
#10178=DIRECTION('ref_axis',(1.22464679914735E-16,-1.,4.9960036108132E-16));
#10179=DIRECTION('',(1.22464679914735E-16,-1.,4.9960036108132E-16));
#10180=DIRECTION('',(1.22464679914735E-16,-1.,4.9960036108132E-16));
#10181=DIRECTION('',(1.,1.22464679914735E-16,2.1350442781253E-17));
#10182=DIRECTION('center_axis',(-1.,-1.22464679914735E-16,-2.1350442781253E-17));
#10183=DIRECTION('ref_axis',(1.22464679914735E-16,-1.,4.9960036108132E-16));
#10184=DIRECTION('',(2.13504427812531E-17,-4.9960036108132E-16,-1.));
#10185=DIRECTION('',(1.22464679914735E-16,-1.,4.9960036108132E-16));
#10186=DIRECTION('center_axis',(1.,1.22464679914735E-16,2.1350442781253E-17));
#10187=DIRECTION('ref_axis',(-1.22464679914735E-16,1.,-4.9960036108132E-16));
#10188=DIRECTION('center_axis',(1.,1.22464679914735E-16,2.1350442781253E-17));
#10189=DIRECTION('ref_axis',(-1.22464679914735E-16,1.,-4.9960036108132E-16));
#10190=DIRECTION('center_axis',(1.,1.22464679914735E-16,2.1350442781253E-17));
#10191=DIRECTION('ref_axis',(-1.22464679914735E-16,1.,-4.9960036108132E-16));
#10192=DIRECTION('center_axis',(2.13504427812531E-17,-4.9960036108132E-16,
-1.));
#10193=DIRECTION('ref_axis',(1.22464679914735E-16,-1.,4.9960036108132E-16));
#10194=DIRECTION('',(1.,1.22464679914735E-16,2.1350442781253E-17));
#10195=DIRECTION('',(1.22464679914735E-16,-1.,4.9960036108132E-16));
#10196=DIRECTION('',(1.,1.22464679914735E-16,2.1350442781253E-17));
#10197=DIRECTION('center_axis',(2.13504427812531E-17,-4.9960036108132E-16,
-1.));
#10198=DIRECTION('ref_axis',(1.22464679914735E-16,-1.,4.9960036108132E-16));
#10199=DIRECTION('center_axis',(-1.,-1.22464679914735E-16,-2.1350442781253E-17));
#10200=DIRECTION('ref_axis',(1.22464679914735E-16,-1.,4.9960036108132E-16));
#10201=DIRECTION('',(2.13504427812531E-17,-4.9960036108132E-16,-1.));
#10202=DIRECTION('center_axis',(1.,1.22464679914735E-16,2.1350442781253E-17));
#10203=DIRECTION('ref_axis',(-1.22464679914735E-16,1.,-4.9960036108132E-16));
#10204=DIRECTION('center_axis',(1.,1.22464679914735E-16,2.1350442781253E-17));
#10205=DIRECTION('ref_axis',(-1.22464679914735E-16,1.,-4.9960036108132E-16));
#10206=DIRECTION('center_axis',(1.,1.22464679914735E-16,2.1350442781253E-17));
#10207=DIRECTION('ref_axis',(-1.22464679914735E-16,1.,-4.9960036108132E-16));
#10208=DIRECTION('center_axis',(-1.22464679914735E-16,1.,-4.9960036108132E-16));
#10209=DIRECTION('ref_axis',(2.13504427812531E-17,-4.9960036108132E-16,
-1.));
#10210=DIRECTION('center_axis',(1.,1.22464679914735E-16,2.1350442781253E-17));
#10211=DIRECTION('ref_axis',(-1.22464679914735E-16,1.,-4.9960036108132E-16));
#10212=DIRECTION('',(1.,1.22464679914735E-16,2.1350442781253E-17));
#10213=DIRECTION('center_axis',(1.,1.22464679914735E-16,2.1350442781253E-17));
#10214=DIRECTION('ref_axis',(-1.22464679914735E-16,1.,-4.9960036108132E-16));
#10215=DIRECTION('',(1.,1.22464679914735E-16,2.1350442781253E-17));
#10216=DIRECTION('center_axis',(1.,1.22464679914735E-16,2.1350442781253E-17));
#10217=DIRECTION('ref_axis',(-1.22464679914735E-16,1.,-4.9960036108132E-16));
#10218=DIRECTION('center_axis',(1.,1.22464679914735E-16,2.1350442781253E-17));
#10219=DIRECTION('ref_axis',(-1.22464679914735E-16,1.,-4.9960036108132E-16));
#10220=DIRECTION('center_axis',(1.,1.22464679914735E-16,2.1350442781253E-17));
#10221=DIRECTION('ref_axis',(-1.22464679914735E-16,1.,-4.9960036108132E-16));
#10222=DIRECTION('',(0.656059028990507,-0.754709580222772,2.98635062379849E-16));
#10223=DIRECTION('center_axis',(-1.,-1.22464679914735E-16,-2.1350442781253E-17));
#10224=DIRECTION('ref_axis',(1.22464679914735E-16,-1.,4.9960036108132E-16));
#10225=DIRECTION('',(-1.,-1.22464679914735E-16,-2.1350442781253E-17));
#10226=DIRECTION('center_axis',(-1.,-1.22464679914735E-16,-2.1350442781253E-17));
#10227=DIRECTION('ref_axis',(1.22464679914735E-16,-1.,4.9960036108132E-16));
#10228=DIRECTION('',(-1.,-1.22464679914735E-16,-2.1350442781253E-17));
#10229=DIRECTION('center_axis',(1.,1.22464679914735E-16,2.1350442781253E-17));
#10230=DIRECTION('ref_axis',(1.22464679914735E-16,-1.,4.9960036108132E-16));
#10231=DIRECTION('center_axis',(-1.,-1.22464679914735E-16,-2.1350442781253E-17));
#10232=DIRECTION('ref_axis',(1.22464679914735E-16,-1.,4.9960036108132E-16));
#10233=DIRECTION('',(-0.656059028990507,0.754709580222772,-4.83485596720981E-16));
#10234=DIRECTION('center_axis',(1.,1.22464679914735E-16,2.1350442781253E-17));
#10235=DIRECTION('ref_axis',(-1.22464679914735E-16,1.,-4.9960036108132E-16));
#10236=DIRECTION('center_axis',(1.,1.22464679914735E-16,2.1350442781253E-17));
#10237=DIRECTION('ref_axis',(-1.22464679914735E-16,1.,-4.9960036108132E-16));
#10238=DIRECTION('',(0.656059028990507,-0.754709580222772,2.98635062379849E-16));
#10239=DIRECTION('center_axis',(1.,1.22464679914735E-16,2.1350442781253E-17));
#10240=DIRECTION('ref_axis',(-1.22464679914735E-16,1.,-4.9960036108132E-16));
#10241=DIRECTION('',(1.,1.22464679914735E-16,2.1350442781253E-17));
#10242=DIRECTION('center_axis',(1.,1.22464679914735E-16,2.1350442781253E-17));
#10243=DIRECTION('ref_axis',(-1.22464679914735E-16,1.,-4.9960036108132E-16));
#10244=DIRECTION('center_axis',(1.,1.22464679914735E-16,2.1350442781253E-17));
#10245=DIRECTION('ref_axis',(1.22464679914735E-16,-1.,4.9960036108132E-16));
#10246=DIRECTION('center_axis',(1.,1.22464679914735E-16,2.1350442781253E-17));
#10247=DIRECTION('ref_axis',(1.22464679914735E-16,-1.,4.9960036108132E-16));
#10248=DIRECTION('',(1.,1.22464679914735E-16,2.1350442781253E-17));
#10249=DIRECTION('center_axis',(-1.,-1.22464679914735E-16,-2.1350442781253E-17));
#10250=DIRECTION('ref_axis',(1.22464679914735E-16,-1.,4.9960036108132E-16));
#10251=DIRECTION('',(-0.656059028990507,0.754709580222772,-4.83485596720981E-16));
#10252=DIRECTION('axis',(0.,0.,1.));
#10253=DIRECTION('refdir',(1.,0.,0.));
#10254=DIRECTION('center_axis',(2.1350442781253E-17,-1.,1.22464679914735E-16));
#10255=DIRECTION('ref_axis',(1.,2.13504427812531E-17,4.9960036108132E-16));
#10256=DIRECTION('',(-4.9960036108132E-16,1.22464679914735E-16,1.));
#10257=DIRECTION('center_axis',(-2.1350442781253E-17,1.,-1.22464679914735E-16));
#10258=DIRECTION('ref_axis',(-0.680000000000016,-1.04310887598101E-16,-0.733212111192919));
#10259=DIRECTION('',(-4.9960036108132E-16,1.22464679914735E-16,1.));
#10260=DIRECTION('',(1.,2.13504427812531E-17,4.9960036108132E-16));
#10261=DIRECTION('',(4.9960036108132E-16,-1.22464679914735E-16,-1.));
#10262=DIRECTION('',(-1.,-2.13504427812531E-17,-4.9960036108132E-16));
#10263=DIRECTION('',(-4.9960036108132E-16,1.22464679914735E-16,1.));
#10264=DIRECTION('center_axis',(-2.1350442781253E-17,1.,-1.22464679914735E-16));
#10265=DIRECTION('ref_axis',(-1.,-2.13504427812531E-17,-4.9960036108132E-16));
#10266=DIRECTION('',(-4.9960036108132E-16,1.22464679914735E-16,1.));
#10267=DIRECTION('',(1.,2.13504427812531E-17,4.9960036108132E-16));
#10268=DIRECTION('center_axis',(-2.1350442781253E-17,1.,-1.22464679914735E-16));
#10269=DIRECTION('ref_axis',(-4.9960036108132E-16,1.22464679914735E-16,
1.));
#10270=DIRECTION('',(1.,2.13504427812531E-17,4.9960036108132E-16));
#10271=DIRECTION('center_axis',(-2.1350442781253E-17,1.,-1.22464679914735E-16));
#10272=DIRECTION('ref_axis',(-1.,-2.13504427812511E-17,1.54135963252087E-14));
#10273=DIRECTION('',(-4.9960036108132E-16,1.22464679914735E-16,1.));
#10274=DIRECTION('center_axis',(-2.1350442781253E-17,1.,-1.22464679914735E-16));
#10275=DIRECTION('ref_axis',(4.9960036108132E-16,-1.22464679914735E-16,
-1.));
#10276=DIRECTION('',(-1.,-2.13504427812531E-17,-4.9960036108132E-16));
#10277=DIRECTION('center_axis',(-2.1350442781253E-17,1.,-1.22464679914735E-16));
#10278=DIRECTION('ref_axis',(0.75993420767852,-6.33771101260228E-17,-0.650000000000016));
#10279=DIRECTION('',(-1.,-2.13504427812531E-17,-4.9960036108132E-16));
#10280=DIRECTION('center_axis',(-2.1350442781253E-17,1.,-1.22464679914735E-16));
#10281=DIRECTION('ref_axis',(1.,2.13504427812531E-17,4.9960036108132E-16));
#10282=DIRECTION('center_axis',(-2.1350442781253E-17,1.,-1.22464679914735E-16));
#10283=DIRECTION('ref_axis',(1.,2.13504427812531E-17,4.9960036108132E-16));
#10284=DIRECTION('center_axis',(-2.1350442781253E-17,1.,-1.22464679914735E-16));
#10285=DIRECTION('ref_axis',(1.,2.13504427812531E-17,4.9960036108132E-16));
#10286=DIRECTION('center_axis',(-2.1350442781253E-17,1.,-1.22464679914735E-16));
#10287=DIRECTION('ref_axis',(4.9960036108132E-16,-1.22464679914735E-16,
-1.));
#10288=DIRECTION('',(-1.,-2.13504427812531E-17,-4.9960036108132E-16));
#10289=DIRECTION('center_axis',(-2.1350442781253E-17,1.,-1.22464679914735E-16));
#10290=DIRECTION('ref_axis',(1.,2.13504427812531E-17,4.9960036108132E-16));
#10291=DIRECTION('',(-4.9960036108132E-16,1.22464679914735E-16,1.));
#10292=DIRECTION('center_axis',(-2.1350442781253E-17,1.,-1.22464679914735E-16));
#10293=DIRECTION('ref_axis',(-4.9960036108132E-16,1.22464679914735E-16,
1.));
#10294=DIRECTION('',(1.,2.13504427812531E-17,4.9960036108132E-16));
#10295=DIRECTION('',(4.9960036108132E-16,-1.22464679914735E-16,-1.));
#10296=DIRECTION('center_axis',(-2.1350442781253E-17,1.,-1.22464679914735E-16));
#10297=DIRECTION('ref_axis',(-1.,-2.13504427812531E-17,-4.9960036108132E-16));
#10298=DIRECTION('',(4.9960036108132E-16,-1.22464679914735E-16,-1.));
#10299=DIRECTION('center_axis',(-2.1350442781253E-17,1.,-1.22464679914735E-16));
#10300=DIRECTION('ref_axis',(1.,2.13504427812531E-17,4.9960036108132E-16));
#10301=DIRECTION('center_axis',(-2.1350442781253E-17,1.,-1.22464679914735E-16));
#10302=DIRECTION('ref_axis',(1.,2.13504427812531E-17,4.9960036108132E-16));
#10303=DIRECTION('center_axis',(-2.1350442781253E-17,1.,-1.22464679914735E-16));
#10304=DIRECTION('ref_axis',(-0.991999999999997,-3.66393196679473E-17,-0.1262378707045));
#10305=DIRECTION('',(-4.9960036108132E-16,1.22464679914735E-16,1.));
#10306=DIRECTION('center_axis',(-2.1350442781253E-17,1.,-1.22464679914735E-16));
#10307=DIRECTION('ref_axis',(4.9960036108132E-16,-1.22464679914735E-16,
-1.));
#10308=DIRECTION('',(-1.,-2.13504427812531E-17,-4.9960036108132E-16));
#10309=DIRECTION('center_axis',(-2.1350442781253E-17,1.,-1.22464679914735E-16));
#10310=DIRECTION('ref_axis',(1.,2.13504427812531E-17,4.9960036108132E-16));
#10311=DIRECTION('',(4.9960036108132E-16,-1.22464679914735E-16,-1.));
#10312=DIRECTION('center_axis',(-2.1350442781253E-17,1.,-1.22464679914735E-16));
#10313=DIRECTION('ref_axis',(-4.9960036108132E-16,1.22464679914735E-16,
1.));
#10314=DIRECTION('',(1.,2.13504427812531E-17,4.9960036108132E-16));
#10315=DIRECTION('center_axis',(-2.1350442781253E-17,1.,-1.22464679914735E-16));
#10316=DIRECTION('ref_axis',(-1.,-2.13504427812531E-17,-4.9960036108132E-16));
#10317=DIRECTION('',(-4.9960036108132E-16,1.22464679914735E-16,1.));
#10318=DIRECTION('center_axis',(-2.1350442781253E-17,1.,-1.22464679914735E-16));
#10319=DIRECTION('ref_axis',(-0.991999999999997,-3.66393196679473E-17,-0.1262378707045));
#10320=DIRECTION('center_axis',(2.1350442781253E-17,-1.,1.22464679914735E-16));
#10321=DIRECTION('ref_axis',(-1.,-2.13504427812531E-17,-4.9960036108132E-16));
#10322=DIRECTION('center_axis',(-2.1350442781253E-17,1.,-1.22464679914735E-16));
#10323=DIRECTION('ref_axis',(1.,2.13504427812531E-17,4.9960036108132E-16));
#10324=DIRECTION('center_axis',(2.1350442781253E-17,-1.,1.22464679914735E-16));
#10325=DIRECTION('ref_axis',(-1.,-2.13504427812531E-17,-4.9960036108132E-16));
#10326=DIRECTION('',(-4.9960036108132E-16,1.22464679914735E-16,1.));
#10327=DIRECTION('center_axis',(2.1350442781253E-17,-1.,1.22464679914735E-16));
#10328=DIRECTION('ref_axis',(1.,2.13504427812531E-17,4.9960036108132E-16));
#10329=DIRECTION('',(4.9960036108132E-16,-1.22464679914735E-16,-1.));
#10330=DIRECTION('center_axis',(-2.1350442781253E-17,1.,-1.22464679914735E-16));
#10331=DIRECTION('ref_axis',(1.,2.13504427812531E-17,4.9960036108132E-16));
#10332=DIRECTION('center_axis',(-2.1350442781253E-17,1.,-1.22464679914735E-16));
#10333=DIRECTION('ref_axis',(1.,2.13504427812531E-17,4.9960036108132E-16));
#10334=DIRECTION('',(-2.1350442781253E-17,1.,-1.22464679914735E-16));
#10335=DIRECTION('center_axis',(2.1350442781253E-17,-1.,1.22464679914735E-16));
#10336=DIRECTION('ref_axis',(1.,2.13504427812531E-17,4.9960036108132E-16));
#10337=DIRECTION('',(-1.,-2.13504427812531E-17,-4.9960036108132E-16));
#10338=DIRECTION('',(4.9960036108132E-16,-1.22464679914735E-16,-1.));
#10339=DIRECTION('',(1.,2.13504427812531E-17,4.9960036108132E-16));
#10340=DIRECTION('',(-4.9960036108132E-16,1.22464679914735E-16,1.));
#10341=DIRECTION('center_axis',(-2.1350442781253E-17,1.,-1.22464679914735E-16));
#10342=DIRECTION('ref_axis',(1.,2.13504427812531E-17,4.9960036108132E-16));
#10343=DIRECTION('center_axis',(-2.1350442781253E-17,1.,-1.22464679914735E-16));
#10344=DIRECTION('ref_axis',(1.,2.13504427812531E-17,4.9960036108132E-16));
#10345=DIRECTION('center_axis',(-2.1350442781253E-17,1.,-1.22464679914735E-16));
#10346=DIRECTION('ref_axis',(1.,2.13504427812531E-17,4.9960036108132E-16));
#10347=DIRECTION('',(-4.9960036108132E-16,1.22464679914735E-16,1.));
#10348=DIRECTION('',(-1.,-2.13504427812531E-17,-4.9960036108132E-16));
#10349=DIRECTION('',(2.22544205286081E-13,-1.22464679914731E-16,-1.));
#10350=DIRECTION('center_axis',(-2.1350442781253E-17,1.,-1.22464679914735E-16));
#10351=DIRECTION('ref_axis',(1.,2.13504427812516E-17,-1.18836564520487E-14));
#10352=DIRECTION('',(-4.9960036108132E-16,1.22464679914735E-16,1.));
#10353=DIRECTION('center_axis',(-2.1350442781253E-17,1.,-1.22464679914735E-16));
#10354=DIRECTION('ref_axis',(-1.,-2.13504427812531E-17,-4.9960036108132E-16));
#10355=DIRECTION('',(-2.21545004563919E-13,-1.2246467991474E-16,-1.));
#10356=DIRECTION('',(1.,2.13504427812531E-17,4.9960036108132E-16));
#10357=DIRECTION('',(-4.9960036108132E-16,1.22464679914735E-16,1.));
#10358=DIRECTION('center_axis',(-2.1350442781253E-17,1.,-1.22464679914735E-16));
#10359=DIRECTION('ref_axis',(-1.,-2.13504427812548E-17,-1.41638837410813E-14));
#10360=DIRECTION('',(4.9960036108132E-16,-1.22464679914735E-16,-1.));
#10361=DIRECTION('center_axis',(-2.1350442781253E-17,1.,-1.22464679914735E-16));
#10362=DIRECTION('ref_axis',(-1.,-2.13504427812531E-17,-4.9960036108132E-16));
#10363=DIRECTION('center_axis',(-2.1350442781253E-17,1.,-1.22464679914735E-16));
#10364=DIRECTION('ref_axis',(-1.,-2.13504427812531E-17,-4.9960036108132E-16));
#10365=DIRECTION('center_axis',(-2.1350442781253E-17,1.,-1.22464679914735E-16));
#10366=DIRECTION('ref_axis',(1.,2.13504427812531E-17,4.9960036108132E-16));
#10367=DIRECTION('center_axis',(-2.1350442781253E-17,1.,-1.22464679914735E-16));
#10368=DIRECTION('ref_axis',(1.,2.13504427812531E-17,4.9960036108132E-16));
#10369=DIRECTION('center_axis',(-2.1350442781253E-17,1.,-1.22464679914735E-16));
#10370=DIRECTION('ref_axis',(1.,2.13504427812531E-17,4.9960036108132E-16));
#10371=DIRECTION('center_axis',(-2.1350442781253E-17,1.,-1.22464679914735E-16));
#10372=DIRECTION('ref_axis',(1.,2.13504427812531E-17,4.9960036108132E-16));
#10373=DIRECTION('center_axis',(-4.9960036108132E-16,1.22464679914735E-16,
1.));
#10374=DIRECTION('ref_axis',(-1.,-2.13504427812531E-17,-4.9960036108132E-16));
#10375=DIRECTION('',(2.1350442781253E-17,-1.,1.22464679914735E-16));
#10376=DIRECTION('',(2.1350442781253E-17,-1.,1.22464679914735E-16));
#10377=DIRECTION('center_axis',(1.,2.13504427812531E-17,4.9960036108132E-16));
#10378=DIRECTION('ref_axis',(-4.9960036108132E-16,1.22464679914735E-16,
1.));
#10379=DIRECTION('',(-4.9960036108132E-16,1.22464679914735E-16,1.));
#10380=DIRECTION('',(-2.1350442781253E-17,1.,-1.22464679914735E-16));
#10381=DIRECTION('',(2.1350442781253E-17,-1.,1.22464679914735E-16));
#10382=DIRECTION('',(-2.1350442781253E-17,1.,-1.22464679914735E-16));
#10383=DIRECTION('center_axis',(-2.1350442781253E-17,1.,-1.22464679914735E-16));
#10384=DIRECTION('ref_axis',(-1.,-2.13504427812531E-17,-4.9960036108132E-16));
#10385=DIRECTION('center_axis',(-2.1350442781253E-17,1.,-1.22464679914735E-16));
#10386=DIRECTION('ref_axis',(-0.680000000000016,-1.04310887598101E-16,-0.733212111192919));
#10387=DIRECTION('',(-4.9960036108132E-16,1.22464679914735E-16,1.));
#10388=DIRECTION('center_axis',(-2.1350442781253E-17,1.,-1.22464679914735E-16));
#10389=DIRECTION('ref_axis',(-1.,-2.13504427812531E-17,-4.9960036108132E-16));
#10390=DIRECTION('center_axis',(-2.1350442781253E-17,1.,-1.22464679914735E-16));
#10391=DIRECTION('ref_axis',(-1.,-2.13504427812531E-17,-4.9960036108132E-16));
#10392=DIRECTION('',(2.1350442781253E-17,-1.,1.22464679914735E-16));
#10393=DIRECTION('center_axis',(-1.,-2.13504427812531E-17,-4.9960036108132E-16));
#10394=DIRECTION('ref_axis',(-4.9960036108132E-16,1.22464679914735E-16,
1.));
#10395=DIRECTION('',(-4.9960036108132E-16,1.22464679914735E-16,1.));
#10396=DIRECTION('',(2.1350442781253E-17,-1.,1.22464679914735E-16));
#10397=DIRECTION('',(2.1350442781253E-17,-1.,1.22464679914735E-16));
#10398=DIRECTION('',(2.1350442781253E-17,-1.,1.22464679914735E-16));
#10399=DIRECTION('center_axis',(-2.1350442781253E-17,1.,-1.22464679914735E-16));
#10400=DIRECTION('ref_axis',(-1.,-2.13504427812531E-17,-4.9960036108132E-16));
#10401=DIRECTION('',(-1.,-2.13504427812531E-17,-4.9960036108132E-16));
#10402=DIRECTION('center_axis',(-2.1350442781253E-17,1.,-1.22464679914735E-16));
#10403=DIRECTION('ref_axis',(0.75993420767852,-6.33771101260228E-17,-0.650000000000016));
#10404=DIRECTION('',(-1.,-2.13504427812531E-17,-4.9960036108132E-16));
#10405=DIRECTION('center_axis',(-2.1350442781253E-17,1.,-1.22464679914735E-16));
#10406=DIRECTION('ref_axis',(4.9960036108132E-16,-1.22464679914735E-16,
-1.));
#10407=DIRECTION('',(-4.9960036108132E-16,1.22464679914735E-16,1.));
#10408=DIRECTION('center_axis',(-2.1350442781253E-17,1.,-1.22464679914735E-16));
#10409=DIRECTION('ref_axis',(-1.,-2.13504427812512E-17,1.46734476421287E-14));
#10410=DIRECTION('',(1.,2.13504427812531E-17,4.9960036108132E-16));
#10411=DIRECTION('center_axis',(-2.1350442781253E-17,1.,-1.22464679914735E-16));
#10412=DIRECTION('ref_axis',(-4.9960036108132E-16,1.22464679914735E-16,
1.));
#10413=DIRECTION('',(1.,2.13504427812531E-17,4.9960036108132E-16));
#10414=DIRECTION('center_axis',(-4.9960036108132E-16,1.22464679914735E-16,
1.));
#10415=DIRECTION('ref_axis',(1.,2.13504427812531E-17,4.9960036108132E-16));
#10416=DIRECTION('',(2.1350442781253E-17,-1.,1.22464679914735E-16));
#10417=DIRECTION('center_axis',(-2.1350442781253E-17,1.,-1.22464679914735E-16));
#10418=DIRECTION('ref_axis',(-1.,-2.13504427812531E-17,-4.9960036108132E-16));
#10419=DIRECTION('',(2.1350442781253E-17,-1.,1.22464679914735E-16));
#10420=DIRECTION('center_axis',(-4.9960036108132E-16,1.22464679914735E-16,
1.));
#10421=DIRECTION('ref_axis',(1.,2.13504427812531E-17,4.9960036108132E-16));
#10422=DIRECTION('',(2.1350442781253E-17,-1.,1.22464679914735E-16));
#10423=DIRECTION('center_axis',(-2.1350442781253E-17,1.,-1.22464679914735E-16));
#10424=DIRECTION('ref_axis',(-1.,-2.13504427812531E-17,-4.9960036108132E-16));
#10425=DIRECTION('',(2.1350442781253E-17,-1.,1.22464679914735E-16));
#10426=DIRECTION('center_axis',(-1.,-2.13504427812531E-17,-4.9960036108132E-16));
#10427=DIRECTION('ref_axis',(-4.9960036108132E-16,1.22464679914735E-16,
1.));
#10428=DIRECTION('',(2.1350442781253E-17,-1.,1.22464679914735E-16));
#10429=DIRECTION('center_axis',(-2.1350442781253E-17,1.,-1.22464679914735E-16));
#10430=DIRECTION('ref_axis',(-1.,-2.13504427812531E-17,-4.9960036108132E-16));
#10431=DIRECTION('',(2.1350442781253E-17,-1.,1.22464679914735E-16));
#10432=DIRECTION('center_axis',(4.9960036108132E-16,-1.22464679914735E-16,
-1.));
#10433=DIRECTION('ref_axis',(-1.,-2.13504427812531E-17,-4.9960036108132E-16));
#10434=DIRECTION('',(2.1350442781253E-17,-1.,1.22464679914735E-16));
#10435=DIRECTION('center_axis',(-2.1350442781253E-17,1.,-1.22464679914735E-16));
#10436=DIRECTION('ref_axis',(-1.,-2.13504427812531E-17,-4.9960036108132E-16));
#10437=DIRECTION('',(2.1350442781253E-17,-1.,1.22464679914735E-16));
#10438=DIRECTION('center_axis',(4.9960036108132E-16,-1.22464679914735E-16,
-1.));
#10439=DIRECTION('ref_axis',(-1.,-2.13504427812531E-17,-4.9960036108132E-16));
#10440=DIRECTION('center_axis',(-2.1350442781253E-17,1.,-1.22464679914735E-16));
#10441=DIRECTION('ref_axis',(-1.,-2.13504427812531E-17,-4.9960036108132E-16));
#10442=DIRECTION('center_axis',(4.9960036108132E-16,-1.22464679914735E-16,
-1.));
#10443=DIRECTION('ref_axis',(1.,2.13504427812531E-17,4.9960036108132E-16));
#10444=DIRECTION('',(2.1350442781253E-17,-1.,1.22464679914735E-16));
#10445=DIRECTION('center_axis',(-1.,-2.13504427812531E-17,-4.9960036108132E-16));
#10446=DIRECTION('ref_axis',(4.9960036108132E-16,-1.22464679914735E-16,
-1.));
#10447=DIRECTION('center_axis',(-2.1350442781253E-17,1.,-1.22464679914735E-16));
#10448=DIRECTION('ref_axis',(1.,2.13504427812531E-17,4.9960036108132E-16));
#10449=DIRECTION('',(-2.1350442781253E-17,1.,-1.22464679914735E-16));
#10450=DIRECTION('center_axis',(-2.1350442781253E-17,1.,-1.22464679914735E-16));
#10451=DIRECTION('ref_axis',(1.,2.13504427812531E-17,4.9960036108132E-16));
#10452=DIRECTION('center_axis',(-2.1350442781253E-17,1.,-1.22464679914735E-16));
#10453=DIRECTION('ref_axis',(-1.,-2.13504427812531E-17,-4.9960036108132E-16));
#10454=DIRECTION('center_axis',(-2.1350442781253E-17,1.,-1.22464679914735E-16));
#10455=DIRECTION('ref_axis',(4.9960036108132E-16,-1.22464679914735E-16,
-1.));
#10456=DIRECTION('',(-4.9960036108132E-16,1.22464679914735E-16,1.));
#10457=DIRECTION('center_axis',(-2.1350442781253E-17,1.,-1.22464679914735E-16));
#10458=DIRECTION('ref_axis',(-1.,-2.13504427812531E-17,-4.9960036108132E-16));
#10459=DIRECTION('',(4.9960036108132E-16,-1.22464679914735E-16,-1.));
#10460=DIRECTION('',(1.,2.13504427812531E-17,4.9960036108132E-16));
#10461=DIRECTION('center_axis',(-2.1350442781253E-17,1.,-1.22464679914735E-16));
#10462=DIRECTION('ref_axis',(-4.9960036108132E-16,1.22464679914735E-16,
1.));
#10463=DIRECTION('',(4.9960036108132E-16,-1.22464679914735E-16,-1.));
#10464=DIRECTION('center_axis',(-2.1350442781253E-17,1.,-1.22464679914735E-16));
#10465=DIRECTION('ref_axis',(1.,2.13504427812531E-17,4.9960036108132E-16));
#10466=DIRECTION('',(-1.,-2.13504427812531E-17,-4.9960036108132E-16));
#10467=DIRECTION('',(1.,2.13504427812531E-17,4.9960036108132E-16));
#10468=DIRECTION('center_axis',(-2.1350442781253E-17,1.,-1.22464679914735E-16));
#10469=DIRECTION('ref_axis',(-4.9960036108132E-16,1.22464679914735E-16,
1.));
#10470=DIRECTION('',(1.,2.13504427812531E-17,4.9960036108132E-16));
#10471=DIRECTION('center_axis',(-2.1350442781253E-17,1.,-1.22464679914735E-16));
#10472=DIRECTION('ref_axis',(4.9960036108132E-16,-1.22464679914735E-16,
-1.));
#10473=DIRECTION('center_axis',(-2.1350442781253E-17,1.,-1.22464679914735E-16));
#10474=DIRECTION('ref_axis',(1.,2.13504427812531E-17,4.9960036108132E-16));
#10475=DIRECTION('',(4.9960036108132E-16,-1.22464679914735E-16,-1.));
#10476=DIRECTION('center_axis',(-2.1350442781253E-17,1.,-1.22464679914735E-16));
#10477=DIRECTION('ref_axis',(-1.,-2.13504427812514E-17,1.28230759344187E-14));
#10478=DIRECTION('',(-4.9960036108132E-16,1.22464679914735E-16,1.));
#10479=DIRECTION('center_axis',(-2.1350442781253E-17,1.,-1.22464679914735E-16));
#10480=DIRECTION('ref_axis',(1.,2.13504427812531E-17,4.9960036108132E-16));
#10481=DIRECTION('',(4.9960036108132E-16,-1.22464679914735E-16,-1.));
#10482=DIRECTION('center_axis',(-2.1350442781253E-17,1.,-1.22464679914735E-16));
#10483=DIRECTION('ref_axis',(-1.,-2.13504427812531E-17,-4.9960036108132E-16));
#10484=DIRECTION('',(-4.9960036108132E-16,1.22464679914735E-16,1.));
#10485=DIRECTION('center_axis',(-2.1350442781253E-17,1.,-1.22464679914735E-16));
#10486=DIRECTION('ref_axis',(-1.,-2.13504427812531E-17,-4.9960036108132E-16));
#10487=DIRECTION('',(-4.9960036108132E-16,1.22464679914735E-16,1.));
#10488=DIRECTION('center_axis',(-2.1350442781253E-17,1.,-1.22464679914735E-16));
#10489=DIRECTION('ref_axis',(1.,2.13504427812531E-17,4.9960036108132E-16));
#10490=DIRECTION('',(4.9960036108132E-16,-1.22464679914735E-16,-1.));
#10491=DIRECTION('center_axis',(-2.1350442781253E-17,1.,-1.22464679914735E-16));
#10492=DIRECTION('ref_axis',(-1.,-2.13504427812531E-17,-4.9960036108132E-16));
#10493=DIRECTION('',(-4.9960036108132E-16,1.22464679914735E-16,1.));
#10494=DIRECTION('center_axis',(-2.1350442781253E-17,1.,-1.22464679914735E-16));
#10495=DIRECTION('ref_axis',(1.,2.13504427812531E-17,4.9960036108132E-16));
#10496=DIRECTION('',(4.9960036108132E-16,-1.22464679914735E-16,-1.));
#10497=DIRECTION('center_axis',(-2.1350442781253E-17,1.,-1.22464679914735E-16));
#10498=DIRECTION('ref_axis',(-1.,-2.13504427812531E-17,-4.9960036108132E-16));
#10499=DIRECTION('center_axis',(-2.1350442781253E-17,1.,-1.22464679914735E-16));
#10500=DIRECTION('ref_axis',(1.,2.13504427812531E-17,4.9960036108132E-16));
#10501=DIRECTION('',(-4.9960036108132E-16,1.22464679914735E-16,1.));
#10502=DIRECTION('center_axis',(-2.1350442781253E-17,1.,-1.22464679914735E-16));
#10503=DIRECTION('ref_axis',(-1.,-2.13504427812531E-17,-4.9960036108132E-16));
#10504=DIRECTION('',(1.,2.13504427812531E-17,4.9960036108132E-16));
#10505=DIRECTION('center_axis',(-2.1350442781253E-17,1.,-1.22464679914735E-16));
#10506=DIRECTION('ref_axis',(-4.9960036108132E-16,1.22464679914735E-16,
1.));
#10507=DIRECTION('',(4.9960036108132E-16,-1.22464679914735E-16,-1.));
#10508=DIRECTION('center_axis',(-2.1350442781253E-17,1.,-1.22464679914735E-16));
#10509=DIRECTION('ref_axis',(1.,2.13504427812531E-17,4.9960036108132E-16));
#10510=DIRECTION('',(-1.,-2.13504427812531E-17,-4.9960036108132E-16));
#10511=DIRECTION('center_axis',(-2.1350442781253E-17,1.,-1.22464679914735E-16));
#10512=DIRECTION('ref_axis',(4.9960036108132E-16,-1.22464679914735E-16,
-1.));
#10513=DIRECTION('',(-4.9960036108132E-16,1.22464679914735E-16,1.));
#10514=DIRECTION('center_axis',(-2.1350442781253E-17,1.,-1.22464679914735E-16));
#10515=DIRECTION('ref_axis',(-1.,-2.13504427812531E-17,-4.9960036108132E-16));
#10516=DIRECTION('',(2.1350442781253E-17,-1.,1.22464679914735E-16));
#10517=DIRECTION('',(2.1350442781253E-17,-1.,1.22464679914735E-16));
#10518=DIRECTION('center_axis',(4.9960036108132E-16,-1.22464679914735E-16,
-1.));
#10519=DIRECTION('ref_axis',(-1.,-2.13504427812531E-17,-4.9960036108132E-16));
#10520=DIRECTION('',(2.1350442781253E-17,-1.,1.22464679914735E-16));
#10521=DIRECTION('center_axis',(-2.1350442781253E-17,1.,-1.22464679914735E-16));
#10522=DIRECTION('ref_axis',(-1.,-2.13504427812531E-17,-4.9960036108132E-16));
#10523=DIRECTION('',(2.1350442781253E-17,-1.,1.22464679914735E-16));
#10524=DIRECTION('center_axis',(1.,2.13504427812531E-17,4.9960036108132E-16));
#10525=DIRECTION('ref_axis',(4.9960036108132E-16,-1.22464679914735E-16,
-1.));
#10526=DIRECTION('',(2.1350442781253E-17,-1.,1.22464679914735E-16));
#10527=DIRECTION('center_axis',(-2.1350442781253E-17,1.,-1.22464679914735E-16));
#10528=DIRECTION('ref_axis',(-1.,-2.13504427812531E-17,-4.9960036108132E-16));
#10529=DIRECTION('',(2.1350442781253E-17,-1.,1.22464679914735E-16));
#10530=DIRECTION('center_axis',(-4.9960036108132E-16,1.22464679914735E-16,
1.));
#10531=DIRECTION('ref_axis',(1.,2.13504427812531E-17,4.9960036108132E-16));
#10532=DIRECTION('',(2.1350442781253E-17,-1.,1.22464679914735E-16));
#10533=DIRECTION('center_axis',(1.,2.13504427812531E-17,4.9960036108132E-16));
#10534=DIRECTION('ref_axis',(4.9960036108132E-16,-1.22464679914735E-16,
-1.));
#10535=DIRECTION('',(2.1350442781253E-17,-1.,1.22464679914735E-16));
#10536=DIRECTION('center_axis',(-2.1350442781253E-17,1.,-1.22464679914735E-16));
#10537=DIRECTION('ref_axis',(-1.,-2.13504427812531E-17,-4.9960036108132E-16));
#10538=DIRECTION('',(2.1350442781253E-17,-1.,1.22464679914735E-16));
#10539=DIRECTION('center_axis',(-1.,-2.13504427812531E-17,-4.9960036108132E-16));
#10540=DIRECTION('ref_axis',(-4.9960036108132E-16,1.22464679914735E-16,
1.));
#10541=DIRECTION('center_axis',(-2.1350442781253E-17,1.,-1.22464679914735E-16));
#10542=DIRECTION('ref_axis',(1.,2.13504427812531E-17,4.9960036108132E-16));
#10543=DIRECTION('',(-2.1350442781253E-17,1.,-1.22464679914735E-16));
#10544=DIRECTION('',(-2.1350442781253E-17,1.,-1.22464679914735E-16));
#10545=DIRECTION('',(-2.1350442781253E-17,1.,-1.22464679914735E-16));
#10546=DIRECTION('center_axis',(-1.,-2.13504427812531E-17,-4.9960036108132E-16));
#10547=DIRECTION('ref_axis',(-4.9960036108132E-16,1.22464679914735E-16,
1.));
#10548=DIRECTION('',(2.1350442781253E-17,-1.,1.22464679914735E-16));
#10549=DIRECTION('center_axis',(-1.,-2.13504427812531E-17,-4.9960036108132E-16));
#10550=DIRECTION('ref_axis',(-4.9960036108132E-16,1.22464679914735E-16,
1.));
#10551=DIRECTION('',(2.1350442781253E-17,-1.,1.22464679914735E-16));
#10552=DIRECTION('center_axis',(-2.1350442781253E-17,1.,-1.22464679914735E-16));
#10553=DIRECTION('ref_axis',(-1.,-2.13504427812531E-17,-4.9960036108132E-16));
#10554=DIRECTION('',(2.1350442781253E-17,-1.,1.22464679914735E-16));
#10555=DIRECTION('center_axis',(4.9960036108132E-16,-1.22464679914735E-16,
-1.));
#10556=DIRECTION('ref_axis',(-1.,-2.13504427812531E-17,-4.9960036108132E-16));
#10557=DIRECTION('',(2.1350442781253E-17,-1.,1.22464679914735E-16));
#10558=DIRECTION('center_axis',(-2.1350442781253E-17,1.,-1.22464679914735E-16));
#10559=DIRECTION('ref_axis',(-1.,-2.13504427812531E-17,-4.9960036108132E-16));
#10560=DIRECTION('',(2.1350442781253E-17,-1.,1.22464679914735E-16));
#10561=DIRECTION('center_axis',(1.,2.13504427812531E-17,4.9960036108132E-16));
#10562=DIRECTION('ref_axis',(4.9960036108132E-16,-1.22464679914735E-16,
-1.));
#10563=DIRECTION('',(2.1350442781253E-17,-1.,1.22464679914735E-16));
#10564=DIRECTION('center_axis',(-2.1350442781253E-17,1.,-1.22464679914735E-16));
#10565=DIRECTION('ref_axis',(-1.,-2.13504427812531E-17,-4.9960036108132E-16));
#10566=DIRECTION('',(2.1350442781253E-17,-1.,1.22464679914735E-16));
#10567=DIRECTION('center_axis',(-4.9960036108132E-16,1.22464679914735E-16,
1.));
#10568=DIRECTION('ref_axis',(1.,2.13504427812531E-17,4.9960036108132E-16));
#10569=DIRECTION('',(2.1350442781253E-17,-1.,1.22464679914735E-16));
#10570=DIRECTION('center_axis',(-2.1350442781253E-17,1.,-1.22464679914735E-16));
#10571=DIRECTION('ref_axis',(-1.,-2.13504427812531E-17,-4.9960036108132E-16));
#10572=DIRECTION('center_axis',(4.9960036108132E-16,-1.22464679914735E-16,
-1.));
#10573=DIRECTION('ref_axis',(-1.,-2.13504427812531E-17,-4.9960036108132E-16));
#10574=DIRECTION('',(-1.,-2.13504427812531E-17,-4.9960036108132E-16));
#10575=DIRECTION('',(-2.1350442781253E-17,1.,-1.22464679914735E-16));
#10576=DIRECTION('',(-2.1350442781253E-17,1.,-1.22464679914735E-16));
#10577=DIRECTION('center_axis',(-2.1350442781253E-17,1.,-1.22464679914735E-16));
#10578=DIRECTION('ref_axis',(1.,2.13504427812531E-17,4.9960036108132E-16));
#10579=DIRECTION('center_axis',(-2.1350442781253E-17,1.,-1.22464679914735E-16));
#10580=DIRECTION('ref_axis',(4.9960036108132E-16,-1.22464679914735E-16,
-1.));
#10581=DIRECTION('',(1.,2.13504427812531E-17,4.9960036108132E-16));
#10582=DIRECTION('center_axis',(-2.1350442781253E-17,1.,-1.22464679914735E-16));
#10583=DIRECTION('ref_axis',(-4.9960036108132E-16,1.22464679914735E-16,
1.));
#10584=DIRECTION('center_axis',(2.1350442781253E-17,-1.,1.22464679914735E-16));
#10585=DIRECTION('ref_axis',(-1.,-2.13504427812531E-17,-4.9960036108132E-16));
#10586=DIRECTION('center_axis',(-2.1350442781253E-17,1.,-1.22464679914735E-16));
#10587=DIRECTION('ref_axis',(1.,2.13504427812531E-17,4.9960036108132E-16));
#10588=DIRECTION('',(-2.1350442781253E-17,1.,-1.22464679914735E-16));
#10589=DIRECTION('center_axis',(-4.9960036108132E-16,1.22464679914735E-16,
1.));
#10590=DIRECTION('ref_axis',(1.,2.13504427812531E-17,4.9960036108132E-16));
#10591=DIRECTION('',(-2.1350442781253E-17,1.,-1.22464679914735E-16));
#10592=DIRECTION('center_axis',(-2.1350442781253E-17,1.,-1.22464679914735E-16));
#10593=DIRECTION('ref_axis',(-1.,-2.13504427812531E-17,-6.22065040996055E-16));
#10594=DIRECTION('center_axis',(-2.1350442781253E-17,1.,-1.22464679914735E-16));
#10595=DIRECTION('ref_axis',(1.,2.13504427812531E-17,4.9960036108132E-16));
#10596=DIRECTION('center_axis',(-2.1350442781253E-17,1.,-1.22464679914735E-16));
#10597=DIRECTION('ref_axis',(1.,2.13504427812531E-17,4.9960036108132E-16));
#10598=DIRECTION('',(-2.1350442781253E-17,1.,-1.22464679914735E-16));
#10599=DIRECTION('center_axis',(-2.1350442781253E-17,1.,-1.22464679914735E-16));
#10600=DIRECTION('ref_axis',(1.,2.13504427812531E-17,4.9960036108132E-16));
#10601=DIRECTION('center_axis',(-2.1350442781253E-17,1.,-1.22464679914735E-16));
#10602=DIRECTION('ref_axis',(1.,2.13504427812531E-17,4.9960036108132E-16));
#10603=DIRECTION('center_axis',(-2.1350442781253E-17,1.,-1.22464679914735E-16));
#10604=DIRECTION('ref_axis',(1.,2.13504427812531E-17,4.9960036108132E-16));
#10605=DIRECTION('',(-2.1350442781253E-17,1.,-1.22464679914735E-16));
#10606=DIRECTION('center_axis',(-2.1350442781253E-17,1.,-1.22464679914735E-16));
#10607=DIRECTION('ref_axis',(-1.,-2.13504427812531E-17,-4.9960036108132E-16));
#10608=DIRECTION('',(2.1350442781253E-17,-1.,1.22464679914735E-16));
#10609=DIRECTION('center_axis',(-2.1350442781253E-17,1.,-1.22464679914735E-16));
#10610=DIRECTION('ref_axis',(1.,2.13504427812531E-17,4.9960036108132E-16));
#10611=DIRECTION('',(2.1350442781253E-17,-1.,1.22464679914735E-16));
#10612=DIRECTION('center_axis',(1.,2.13504427812531E-17,4.9960036108132E-16));
#10613=DIRECTION('ref_axis',(4.9960036108132E-16,-1.22464679914735E-16,
-1.));
#10614=DIRECTION('',(4.9960036108132E-16,-1.22464679914735E-16,-1.));
#10615=DIRECTION('',(2.1350442781253E-17,-1.,1.22464679914735E-16));
#10616=DIRECTION('center_axis',(-2.1350442781253E-17,1.,-1.22464679914735E-16));
#10617=DIRECTION('ref_axis',(-1.,-2.13504427812531E-17,-4.9960036108132E-16));
#10618=DIRECTION('center_axis',(-2.1350442781253E-17,1.,-1.22464679914735E-16));
#10619=DIRECTION('ref_axis',(-1.,-2.13504427812514E-17,1.28230759344187E-14));
#10620=DIRECTION('',(2.1350442781253E-17,-1.,1.22464679914735E-16));
#10621=DIRECTION('center_axis',(-1.,-2.13504427812531E-17,-4.9960036108132E-16));
#10622=DIRECTION('ref_axis',(-4.9960036108132E-16,1.22464679914735E-16,
1.));
#10623=DIRECTION('',(-4.9960036108132E-16,1.22464679914735E-16,1.));
#10624=DIRECTION('center_axis',(-2.1350442781253E-17,1.,-1.22464679914735E-16));
#10625=DIRECTION('ref_axis',(-1.,-2.13504427812531E-17,-4.9960036108132E-16));
#10626=DIRECTION('center_axis',(-2.1350442781253E-17,1.,-1.22464679914735E-16));
#10627=DIRECTION('ref_axis',(-1.,-2.13504427812531E-17,-4.9960036108132E-16));
#10628=DIRECTION('center_axis',(-2.1350442781253E-17,1.,-1.22464679914735E-16));
#10629=DIRECTION('ref_axis',(1.,2.13504427812531E-17,4.9960036108132E-16));
#10630=DIRECTION('',(-4.9960036108132E-16,1.22464679914735E-16,1.));
#10631=DIRECTION('center_axis',(-2.1350442781253E-17,1.,-1.22464679914735E-16));
#10632=DIRECTION('ref_axis',(-1.,-2.13504427812531E-17,-4.9960036108132E-16));
#10633=DIRECTION('',(4.9960036108132E-16,-1.22464679914735E-16,-1.));
#10634=DIRECTION('center_axis',(-2.1350442781253E-17,1.,-1.22464679914735E-16));
#10635=DIRECTION('ref_axis',(-1.,-2.13504427812531E-17,-4.9960036108132E-16));
#10636=DIRECTION('center_axis',(-2.1350442781253E-17,1.,-1.22464679914735E-16));
#10637=DIRECTION('ref_axis',(-1.,-2.13504427812531E-17,-4.9960036108132E-16));
#10638=DIRECTION('',(4.9960036108132E-16,-1.22464679914735E-16,-1.));
#10639=DIRECTION('center_axis',(-2.1350442781253E-17,1.,-1.22464679914735E-16));
#10640=DIRECTION('ref_axis',(1.,2.13504427812531E-17,4.9960036108132E-16));
#10641=DIRECTION('',(-4.9960036108132E-16,1.22464679914735E-16,1.));
#10642=DIRECTION('center_axis',(-2.1350442781253E-17,1.,-1.22464679914735E-16));
#10643=DIRECTION('ref_axis',(-1.,-2.13504427812531E-17,-4.9960036108132E-16));
#10644=DIRECTION('center_axis',(-2.1350442781253E-17,1.,-1.22464679914735E-16));
#10645=DIRECTION('ref_axis',(-1.,-2.13504427812531E-17,-4.9960036108132E-16));
#10646=DIRECTION('',(4.9960036108132E-16,-1.22464679914735E-16,-1.));
#10647=DIRECTION('center_axis',(-2.1350442781253E-17,1.,-1.22464679914735E-16));
#10648=DIRECTION('ref_axis',(1.,2.13504427812531E-17,4.9960036108132E-16));
#10649=DIRECTION('',(-4.9960036108132E-16,1.22464679914735E-16,1.));
#10650=DIRECTION('center_axis',(-2.1350442781253E-17,1.,-1.22464679914735E-16));
#10651=DIRECTION('ref_axis',(-1.,-2.13504427812531E-17,-4.9960036108132E-16));
#10652=DIRECTION('',(2.1350442781253E-17,-1.,1.22464679914735E-16));
#10653=DIRECTION('',(2.1350442781253E-17,-1.,1.22464679914735E-16));
#10654=DIRECTION('center_axis',(1.,2.13504427812531E-17,4.9960036108132E-16));
#10655=DIRECTION('ref_axis',(4.9960036108132E-16,-1.22464679914735E-16,
-1.));
#10656=DIRECTION('',(2.1350442781253E-17,-1.,1.22464679914735E-16));
#10657=DIRECTION('center_axis',(-2.1350442781253E-17,1.,-1.22464679914735E-16));
#10658=DIRECTION('ref_axis',(-1.,-2.13504427812531E-17,-4.9960036108132E-16));
#10659=DIRECTION('',(2.1350442781253E-17,-1.,1.22464679914735E-16));
#10660=DIRECTION('center_axis',(-1.,-2.13504427812531E-17,-4.9960036108132E-16));
#10661=DIRECTION('ref_axis',(-4.9960036108132E-16,1.22464679914735E-16,
1.));
#10662=DIRECTION('center_axis',(-2.1350442781253E-17,1.,-1.22464679914735E-16));
#10663=DIRECTION('ref_axis',(-1.,-2.13504427812531E-17,-4.9960036108132E-16));
#10664=DIRECTION('',(2.1350442781253E-17,-1.,1.22464679914735E-16));
#10665=DIRECTION('',(2.1350442781253E-17,-1.,1.22464679914735E-16));
#10666=DIRECTION('center_axis',(-1.,-2.13504427812531E-17,-4.9960036108132E-16));
#10667=DIRECTION('ref_axis',(-4.9960036108132E-16,1.22464679914735E-16,
1.));
#10668=DIRECTION('',(2.1350442781253E-17,-1.,1.22464679914735E-16));
#10669=DIRECTION('center_axis',(-2.1350442781253E-17,1.,-1.22464679914735E-16));
#10670=DIRECTION('ref_axis',(-1.,-2.13504427812531E-17,-4.9960036108132E-16));
#10671=DIRECTION('',(2.1350442781253E-17,-1.,1.22464679914735E-16));
#10672=DIRECTION('center_axis',(1.,2.13504427812531E-17,4.9960036108132E-16));
#10673=DIRECTION('ref_axis',(4.9960036108132E-16,-1.22464679914735E-16,
-1.));
#10674=DIRECTION('center_axis',(-2.1350442781253E-17,1.,-1.22464679914735E-16));
#10675=DIRECTION('ref_axis',(-1.,-2.13504427812531E-17,-4.9960036108132E-16));
#10676=DIRECTION('',(2.1350442781253E-17,-1.,1.22464679914735E-16));
#10677=DIRECTION('',(2.1350442781253E-17,-1.,1.22464679914735E-16));
#10678=DIRECTION('center_axis',(-1.,-2.13504427812531E-17,-4.9960036108132E-16));
#10679=DIRECTION('ref_axis',(-4.9960036108132E-16,1.22464679914735E-16,
1.));
#10680=DIRECTION('',(2.1350442781253E-17,-1.,1.22464679914735E-16));
#10681=DIRECTION('center_axis',(-2.1350442781253E-17,1.,-1.22464679914735E-16));
#10682=DIRECTION('ref_axis',(-1.,-2.13504427812531E-17,-4.9960036108132E-16));
#10683=DIRECTION('',(2.1350442781253E-17,-1.,1.22464679914735E-16));
#10684=DIRECTION('center_axis',(1.,2.13504427812531E-17,4.9960036108132E-16));
#10685=DIRECTION('ref_axis',(4.9960036108132E-16,-1.22464679914735E-16,
-1.));
#10686=DIRECTION('center_axis',(-2.1350442781253E-17,1.,-1.22464679914735E-16));
#10687=DIRECTION('ref_axis',(1.,2.13504427812531E-17,4.9960036108132E-16));
#10688=DIRECTION('',(-2.1350442781253E-17,1.,-1.22464679914735E-16));
#10689=DIRECTION('center_axis',(-1.,-2.13504427812531E-17,-4.9960036108132E-16));
#10690=DIRECTION('ref_axis',(-4.9960036108132E-16,1.22464679914735E-16,
1.));
#10691=DIRECTION('',(2.1350442781253E-17,-1.,1.22464679914735E-16));
#10692=DIRECTION('',(4.9960036108132E-16,-1.22464679914735E-16,-1.));
#10693=DIRECTION('',(2.1350442781253E-17,-1.,1.22464679914735E-16));
#10694=DIRECTION('',(-2.1350442781253E-17,1.,-1.22464679914735E-16));
#10695=DIRECTION('',(4.9960036108132E-16,-1.22464679914735E-16,-1.));
#10696=DIRECTION('center_axis',(-2.1350442781253E-17,1.,-1.22464679914735E-16));
#10697=DIRECTION('ref_axis',(-1.,-2.13504427812531E-17,-4.9960036108132E-16));
#10698=DIRECTION('center_axis',(-2.1350442781253E-17,1.,-1.22464679914735E-16));
#10699=DIRECTION('ref_axis',(1.,2.13504427812499E-17,-2.53344354042387E-14));
#10700=DIRECTION('',(2.1350442781253E-17,-1.,1.22464679914735E-16));
#10701=DIRECTION('center_axis',(2.1350442781253E-17,-1.,1.22464679914735E-16));
#10702=DIRECTION('ref_axis',(-1.,-2.13504427812516E-17,1.12431431686087E-14));
#10703=DIRECTION('center_axis',(2.1350442781253E-17,-1.,1.22464679914735E-16));
#10704=DIRECTION('ref_axis',(-1.,-2.13504427812531E-17,-4.9960036108132E-16));
#10705=DIRECTION('center_axis',(-2.1350442781253E-17,1.,-1.22464679914735E-16));
#10706=DIRECTION('ref_axis',(-0.616000000000017,8.33192076062051E-17,0.787746152005821));
#10707=DIRECTION('',(-4.9960036108132E-16,1.22464679914735E-16,1.));
#10708=DIRECTION('center_axis',(-2.1350442781253E-17,1.,-1.22464679914735E-16));
#10709=DIRECTION('ref_axis',(1.,2.13504427812531E-17,4.9960036108132E-16));
#10710=DIRECTION('',(-2.1350442781253E-17,1.,-1.22464679914735E-16));
#10711=DIRECTION('',(-2.1350442781253E-17,1.,-1.22464679914735E-16));
#10712=DIRECTION('center_axis',(1.,2.13504427812531E-17,4.9960036108132E-16));
#10713=DIRECTION('ref_axis',(4.9960036108132E-16,-1.22464679914735E-16,
-1.));
#10714=DIRECTION('',(2.1350442781253E-17,-1.,1.22464679914735E-16));
#10715=DIRECTION('',(-4.9960036108132E-16,1.22464679914735E-16,1.));
#10716=DIRECTION('center_axis',(-2.1350442781253E-17,1.,-1.22464679914735E-16));
#10717=DIRECTION('ref_axis',(-1.,-2.13504427812531E-17,-4.9960036108132E-16));
#10718=DIRECTION('center_axis',(2.1350442781253E-17,-1.,1.22464679914735E-16));
#10719=DIRECTION('ref_axis',(1.,2.13504427812545E-17,1.24558483185813E-14));
#10720=DIRECTION('',(4.9960036108132E-16,-1.22464679914735E-16,-1.));
#10721=DIRECTION('center_axis',(2.1350442781253E-17,-1.,1.22464679914735E-16));
#10722=DIRECTION('ref_axis',(-1.,-2.13504427812531E-17,-4.9960036108132E-16));
#10723=DIRECTION('',(-4.9960036108132E-16,1.22464679914735E-16,1.));
#10724=DIRECTION('',(1.,2.13504427812531E-17,4.9960036108132E-16));
#10725=DIRECTION('center_axis',(2.1350442781253E-17,-1.,1.22464679914735E-16));
#10726=DIRECTION('ref_axis',(1.,2.1350442781256E-17,2.44120962760813E-14));
#10727=DIRECTION('',(4.9960036108132E-16,-1.22464679914735E-16,-1.));
#10728=DIRECTION('',(-1.,-2.13504427812531E-17,-4.9960036108132E-16));
#10729=DIRECTION('',(2.21545004563919E-13,1.2246467991474E-16,1.));
#10730=DIRECTION('center_axis',(2.1350442781253E-17,-1.,1.22464679914735E-16));
#10731=DIRECTION('ref_axis',(-1.,-2.13504427812531E-17,-4.9960036108132E-16));
#10732=DIRECTION('',(4.9960036108132E-16,-1.22464679914735E-16,-1.));
#10733=DIRECTION('center_axis',(2.1350442781253E-17,-1.,1.22464679914735E-16));
#10734=DIRECTION('ref_axis',(1.,2.13504427812531E-17,4.9960036108132E-16));
#10735=DIRECTION('',(-4.9960036108132E-16,1.22464679914735E-16,1.));
#10736=DIRECTION('center_axis',(-2.1350442781253E-17,1.,-1.22464679914735E-16));
#10737=DIRECTION('ref_axis',(-1.,-2.13504427812531E-17,-4.9960036108132E-16));
#10738=DIRECTION('',(2.1350442781253E-17,-1.,1.22464679914735E-16));
#10739=DIRECTION('',(2.1350442781253E-17,-1.,1.22464679914735E-16));
#10740=DIRECTION('center_axis',(-1.,-2.13504427812531E-17,-4.9960036108132E-16));
#10741=DIRECTION('ref_axis',(-4.9960036108132E-16,1.22464679914735E-16,
1.));
#10742=DIRECTION('',(2.1350442781253E-17,-1.,1.22464679914735E-16));
#10743=DIRECTION('center_axis',(-2.1350442781253E-17,1.,-1.22464679914735E-16));
#10744=DIRECTION('ref_axis',(-1.,-2.13504427812531E-17,-4.9960036108132E-16));
#10745=DIRECTION('',(2.1350442781253E-17,-1.,1.22464679914735E-16));
#10746=DIRECTION('center_axis',(1.,2.13504427812531E-17,4.9960036108132E-16));
#10747=DIRECTION('ref_axis',(4.9960036108132E-16,-1.22464679914735E-16,
-1.));
#10748=DIRECTION('',(2.1350442781253E-17,-1.,1.22464679914735E-16));
#10749=DIRECTION('center_axis',(4.9960036108132E-16,-1.22464679914735E-16,
-1.));
#10750=DIRECTION('ref_axis',(-1.,-2.13504427812531E-17,-4.9960036108132E-16));
#10751=DIRECTION('center_axis',(1.,2.13504427812531E-17,4.9960036108132E-16));
#10752=DIRECTION('ref_axis',(4.9960036108132E-16,-1.22464679914735E-16,
-1.));
#10753=DIRECTION('',(2.1350442781253E-17,-1.,1.22464679914735E-16));
#10754=DIRECTION('center_axis',(-4.9960036108132E-16,1.22464679914735E-16,
1.));
#10755=DIRECTION('ref_axis',(1.,2.13504427812531E-17,4.9960036108132E-16));
#10756=DIRECTION('',(2.1350442781253E-17,-1.,1.22464679914735E-16));
#10757=DIRECTION('center_axis',(-1.,-2.13504427812531E-17,-4.9960036108132E-16));
#10758=DIRECTION('ref_axis',(-4.9960036108132E-16,1.22464679914735E-16,
1.));
#10759=DIRECTION('',(2.1350442781253E-17,-1.,1.22464679914735E-16));
#10760=DIRECTION('center_axis',(-2.1350442781253E-17,1.,-1.22464679914735E-16));
#10761=DIRECTION('ref_axis',(-1.,-2.13504427812531E-17,-4.9960036108132E-16));
#10762=DIRECTION('center_axis',(2.1350442781253E-17,-1.,1.22464679914735E-16));
#10763=DIRECTION('ref_axis',(-1.,-2.13504427812531E-17,-4.9960036108132E-16));
#10764=DIRECTION('',(-2.1350442781253E-17,1.,-1.22464679914735E-16));
#10765=DIRECTION('',(-2.1350442781253E-17,1.,-1.22464679914735E-16));
#10766=DIRECTION('center_axis',(1.,2.13504427812531E-17,4.9960036108132E-16));
#10767=DIRECTION('ref_axis',(-4.9960036108132E-16,1.22464679914735E-16,
1.));
#10768=DIRECTION('',(-2.1350442781253E-17,1.,-1.22464679914735E-16));
#10769=DIRECTION('center_axis',(2.1350442781253E-17,-1.,1.22464679914735E-16));
#10770=DIRECTION('ref_axis',(-1.,-2.13504427812531E-17,-4.9960036108132E-16));
#10771=DIRECTION('',(-2.1350442781253E-17,1.,-1.22464679914735E-16));
#10772=DIRECTION('center_axis',(-1.,-2.13504427812531E-17,-4.9960036108132E-16));
#10773=DIRECTION('ref_axis',(4.9960036108132E-16,-1.22464679914735E-16,
-1.));
#10774=DIRECTION('center_axis',(-2.1350442781253E-17,1.,-1.22464679914735E-16));
#10775=DIRECTION('ref_axis',(1.,2.13504427812531E-17,4.9960036108132E-16));
#10776=DIRECTION('',(-2.1350442781253E-17,1.,-1.22464679914735E-16));
#10777=DIRECTION('center_axis',(-2.1350442781253E-17,1.,-1.22464679914735E-16));
#10778=DIRECTION('ref_axis',(1.,2.13504427812531E-17,4.9960036108132E-16));
#10779=DIRECTION('center_axis',(-2.1350442781253E-17,1.,-1.22464679914735E-16));
#10780=DIRECTION('ref_axis',(1.,2.13504427812531E-17,4.9960036108132E-16));
#10781=DIRECTION('center_axis',(-2.1350442781253E-17,1.,-1.22464679914735E-16));
#10782=DIRECTION('ref_axis',(1.,2.13504427812531E-17,4.9960036108132E-16));
#10783=DIRECTION('center_axis',(-2.1350442781253E-17,1.,-1.22464679914735E-16));
#10784=DIRECTION('ref_axis',(1.,2.13504427812531E-17,4.9960036108132E-16));
#10785=DIRECTION('',(-2.1350442781253E-17,1.,-1.22464679914735E-16));
#10786=DIRECTION('center_axis',(-2.1350442781253E-17,1.,-1.22464679914735E-16));
#10787=DIRECTION('ref_axis',(1.,2.13504427812531E-17,4.9960036108132E-16));
#10788=DIRECTION('',(-2.1350442781253E-17,1.,-1.22464679914735E-16));
#10789=DIRECTION('center_axis',(-2.1350442781253E-17,1.,-1.22464679914735E-16));
#10790=DIRECTION('ref_axis',(1.,2.13504427812531E-17,4.9960036108132E-16));
#10791=DIRECTION('center_axis',(-2.1350442781253E-17,1.,-1.22464679914735E-16));
#10792=DIRECTION('ref_axis',(1.,2.13504427812531E-17,4.9960036108132E-16));
#10793=DIRECTION('center_axis',(-2.1350442781253E-17,1.,-1.22464679914735E-16));
#10794=DIRECTION('ref_axis',(1.,2.13504427812531E-17,4.9960036108132E-16));
#10795=DIRECTION('center_axis',(-2.1350442781253E-17,1.,-1.22464679914735E-16));
#10796=DIRECTION('ref_axis',(1.,2.13504427812531E-17,4.9960036108132E-16));
#10797=DIRECTION('',(-2.1350442781253E-17,1.,-1.22464679914735E-16));
#10798=DIRECTION('center_axis',(-2.1350442781253E-17,1.,-1.22464679914735E-16));
#10799=DIRECTION('ref_axis',(1.,2.13504427812531E-17,4.9960036108132E-16));
#10800=DIRECTION('',(-2.1350442781253E-17,1.,-1.22464679914735E-16));
#10801=DIRECTION('center_axis',(-2.1350442781253E-17,1.,-1.22464679914735E-16));
#10802=DIRECTION('ref_axis',(1.,2.13504427812531E-17,4.9960036108132E-16));
#10803=DIRECTION('center_axis',(-2.1350442781253E-17,1.,-1.22464679914735E-16));
#10804=DIRECTION('ref_axis',(1.,2.13504427812531E-17,4.9960036108132E-16));
#10805=DIRECTION('center_axis',(-2.1350442781253E-17,1.,-1.22464679914735E-16));
#10806=DIRECTION('ref_axis',(1.,2.13504427812531E-17,4.9960036108132E-16));
#10807=DIRECTION('center_axis',(-2.1350442781253E-17,1.,-1.22464679914735E-16));
#10808=DIRECTION('ref_axis',(1.,2.13504427812531E-17,4.9960036108132E-16));
#10809=DIRECTION('',(-2.1350442781253E-17,1.,-1.22464679914735E-16));
#10810=DIRECTION('center_axis',(2.1350442781253E-17,-1.,1.22464679914735E-16));
#10811=DIRECTION('ref_axis',(-1.,-2.13504427812531E-17,-4.9960036108132E-16));
#10812=DIRECTION('',(2.1350442781253E-17,-1.,1.22464679914735E-16));
#10813=DIRECTION('center_axis',(2.1350442781253E-17,-1.,1.22464679914735E-16));
#10814=DIRECTION('ref_axis',(-1.,-2.13504427812531E-17,-4.9960036108132E-16));
#10815=DIRECTION('center_axis',(2.1350442781253E-17,-1.,1.22464679914735E-16));
#10816=DIRECTION('ref_axis',(-1.,-2.13504427812531E-17,-4.9960036108132E-16));
#10817=DIRECTION('',(0.,2.66667223069002E-33,1.));
#10818=DIRECTION('',(1.,1.54074395550979E-33,0.));
#10819=DIRECTION('',(-1.,-1.54074395550979E-33,0.));
#10820=DIRECTION('',(0.,9.65927941338829E-33,-1.));
#10821=DIRECTION('',(-1.,-1.54074395550979E-33,0.));
#10822=DIRECTION('',(-1.54074395550979E-33,1.,2.66667223069002E-33));
#10823=DIRECTION('',(0.,-9.65927941338829E-33,1.));
#10824=DIRECTION('',(1.,1.54074395550979E-33,0.));
#10825=DIRECTION('',(6.45178643176496E-17,1.,2.4980018054066E-16));
#10826=DIRECTION('',(-1.06752213906265E-17,-2.4980018054066E-16,1.));
#10827=CARTESIAN_POINT('',(0.,0.,0.));
#10828=CARTESIAN_POINT('',(0.,0.,0.));
#10829=CARTESIAN_POINT('',(0.,0.,0.));
#10830=CARTESIAN_POINT('',(0.,0.,0.));
#10831=CARTESIAN_POINT('Origin',(-0.95,0.593,-0.8));
#10832=CARTESIAN_POINT('',(-0.993,0.238,-0.8));
#10833=CARTESIAN_POINT('Origin',(-0.95,0.238,-0.8));
#10834=CARTESIAN_POINT('',(-0.993,-0.0992500000000001,-0.8));
#10835=CARTESIAN_POINT('',(-0.993,0.593,-0.8));
#10836=CARTESIAN_POINT('Origin',(-0.95,-0.0992500000000001,-0.8));
#10837=CARTESIAN_POINT('Origin',(-0.874999999999999,0.593,-1.062));
#10838=CARTESIAN_POINT('',(-0.929999999999999,0.5,-1.062));
#10839=CARTESIAN_POINT('Origin',(-0.874999999999999,0.5,-1.062));
#10840=CARTESIAN_POINT('',(-0.929999999999999,-0.0993750000000001,-1.062));
#10841=CARTESIAN_POINT('',(-0.929999999999999,0.593,-1.062));
#10842=CARTESIAN_POINT('Origin',(-0.874999999999999,-0.0993750000000001,
-1.062));
#10843=CARTESIAN_POINT('Origin',(-0.6536985518014,0.0999999999999999,-0.562));
#10844=CARTESIAN_POINT('',(-0.775,0.182,-0.562));
#10845=CARTESIAN_POINT('Origin',(-0.775,0.0999999999999999,-0.562));
#10846=CARTESIAN_POINT('',(-1.122,0.182,-0.562));
#10847=CARTESIAN_POINT('',(-0.6536985518014,0.182,-0.562));
#10848=CARTESIAN_POINT('Origin',(-1.122,0.0999999999999999,-0.562));
#10849=CARTESIAN_POINT('Origin',(-0.775,0.0999999999999999,-0.562));
#10850=CARTESIAN_POINT('',(-0.775,0.0319999999999999,-0.562));
#10851=CARTESIAN_POINT('Origin',(-0.775,0.0999999999999999,-0.562));
#10852=CARTESIAN_POINT('Origin',(-0.375,0.0999999999999999,-0.7581941831771));
#10853=CARTESIAN_POINT('',(-0.25,0.0999999999999999,-0.9));
#10854=CARTESIAN_POINT('Origin',(-0.375,0.0999999999999999,-0.9));
#10855=CARTESIAN_POINT('',(-0.249999999999999,0.0999999999999999,-1.249375));
#10856=CARTESIAN_POINT('',(-0.25,0.0999999999999999,-0.7581941831771));
#10857=CARTESIAN_POINT('Origin',(-0.374999999999999,0.0999999999999999,
-1.249375));
#10858=CARTESIAN_POINT('Origin',(-0.375,0.0999999999999999,-0.9));
#10859=CARTESIAN_POINT('',(-0.4755,0.0999999999999999,-0.9));
#10860=CARTESIAN_POINT('Origin',(-0.375,0.0999999999999999,-0.9));
#10861=CARTESIAN_POINT('Origin',(3.16211212985459E-16,0.0999999999999999,
-0.7786985518014));
#10862=CARTESIAN_POINT('',(0.0820000000000004,0.0999999999999999,-0.9));
#10863=CARTESIAN_POINT('Origin',(3.76813460305166E-16,0.0999999999999999,
-0.9));
#10864=CARTESIAN_POINT('',(0.0820000000000005,0.0999999999999999,-1.247));
#10865=CARTESIAN_POINT('',(0.0820000000000003,0.0999999999999999,-0.7786985518014));
#10866=CARTESIAN_POINT('Origin',(5.50174785600384E-16,0.0999999999999999,
-1.247));
#10867=CARTESIAN_POINT('Origin',(3.76813460305166E-16,0.0999999999999999,
-0.9));
#10868=CARTESIAN_POINT('',(-0.0679999999999996,0.0999999999999999,-0.9));
#10869=CARTESIAN_POINT('Origin',(3.76813460305166E-16,0.0999999999999999,
-0.9));
#10870=CARTESIAN_POINT('Origin',(0.125,0.593,-1.062));
#10871=CARTESIAN_POINT('',(0.0700000000000005,0.5,-1.062));
#10872=CARTESIAN_POINT('Origin',(0.125,0.5,-1.062));
#10873=CARTESIAN_POINT('',(0.0700000000000005,-0.0993750000000001,-1.062));
#10874=CARTESIAN_POINT('',(0.0700000000000005,0.593,-1.062));
#10875=CARTESIAN_POINT('Origin',(0.125,-0.0993750000000001,-1.062));
#10876=CARTESIAN_POINT('Origin',(0.6875,0.593,-0.717));
#10877=CARTESIAN_POINT('',(0.6445,0.238,-0.717));
#10878=CARTESIAN_POINT('Origin',(0.6875,0.238,-0.717));
#10879=CARTESIAN_POINT('',(0.6445,-0.0992500000000001,-0.717));
#10880=CARTESIAN_POINT('',(0.6445,0.593,-0.717));
#10881=CARTESIAN_POINT('Origin',(0.6875,-0.0992500000000001,-0.717));
#10882=CARTESIAN_POINT('Origin',(0.8195985518014,0.1,-0.313));
#10883=CARTESIAN_POINT('',(0.875,0.018,-0.313));
#10884=CARTESIAN_POINT('Origin',(0.875,0.1,-0.313));
#10885=CARTESIAN_POINT('',(1.122,0.018,-0.312999999999999));
#10886=CARTESIAN_POINT('',(0.8195985518014,0.018,-0.313));
#10887=CARTESIAN_POINT('Origin',(1.122,0.1,-0.312999999999999));
#10888=CARTESIAN_POINT('Origin',(0.875,0.1,-0.313));
#10889=CARTESIAN_POINT('',(0.875,0.168,-0.313));
#10890=CARTESIAN_POINT('Origin',(0.875,0.1,-0.313));
#10891=CARTESIAN_POINT('Origin',(0.062,0.5811,-0.171));
#10892=CARTESIAN_POINT('',(0.019,0.5,-0.171));
#10893=CARTESIAN_POINT('Origin',(0.062,0.5,-0.171));
#10894=CARTESIAN_POINT('',(0.019,0.13875,-0.171));
#10895=CARTESIAN_POINT('',(0.019,0.5811,-0.171));
#10896=CARTESIAN_POINT('Origin',(0.062,0.13875,-0.171));
#10897=CARTESIAN_POINT('Origin',(0.0620000000000001,0.593,-0.379));
#10898=CARTESIAN_POINT('',(0.0190000000000001,0.238,-0.379));
#10899=CARTESIAN_POINT('Origin',(0.0620000000000001,0.238,-0.379));
#10900=CARTESIAN_POINT('',(0.0190000000000001,-0.0992500000000001,-0.379));
#10901=CARTESIAN_POINT('',(0.0190000000000001,0.593,-0.379));
#10902=CARTESIAN_POINT('Origin',(0.0620000000000001,-0.0992500000000001,
-0.379));
#10903=CARTESIAN_POINT('Origin',(0.0619999999999999,0.14258162774926,0.125));
#10904=CARTESIAN_POINT('',(0.0189999999999999,0.068,0.125));
#10905=CARTESIAN_POINT('Origin',(0.0619999999999999,0.068,0.125));
#10906=CARTESIAN_POINT('',(0.0189999999999999,-0.09925,0.125));
#10907=CARTESIAN_POINT('',(0.0189999999999999,0.14258162774926,0.125));
#10908=CARTESIAN_POINT('Origin',(0.0619999999999999,-0.09925,0.125));
#10909=CARTESIAN_POINT('Origin',(0.0619999999999999,0.068,0.125));
#10910=CARTESIAN_POINT('',(0.0969999999999999,0.068,0.125));
#10911=CARTESIAN_POINT('Origin',(0.0619999999999999,0.068,0.125));
#10912=CARTESIAN_POINT('Origin',(1.68433138760137E-16,0.5,-0.5));
#10913=CARTESIAN_POINT('',(1.125,0.5,0.25));
#10914=CARTESIAN_POINT('',(-1.125,0.5,0.249999999999999));
#10915=CARTESIAN_POINT('',(1.125,0.5,0.25));
#10916=CARTESIAN_POINT('',(1.125,0.5,-1.25));
#10917=CARTESIAN_POINT('',(1.125,0.5,-1.25));
#10918=CARTESIAN_POINT('',(-1.125,0.5,-1.25));
#10919=CARTESIAN_POINT('',(-1.125,0.5,-1.25));
#10920=CARTESIAN_POINT('',(-1.125,0.5,0.249999999999999));
#10921=CARTESIAN_POINT('',(-0.919499999999999,0.5,-1.062));
#10922=CARTESIAN_POINT('Origin',(-0.874999999999999,0.5,-1.062));
#10923=CARTESIAN_POINT('',(0.0805000000000004,0.5,-1.062));
#10924=CARTESIAN_POINT('Origin',(0.125,0.5,-1.062));
#10925=CARTESIAN_POINT('',(-0.031,0.5,-0.0700000000000001));
#10926=CARTESIAN_POINT('',(0.157,0.5,-0.07));
#10927=CARTESIAN_POINT('',(-0.031,0.5,-0.0700000000000001));
#10928=CARTESIAN_POINT('',(-0.0310000000000001,0.5,0.039));
#10929=CARTESIAN_POINT('',(-0.0310000000000001,0.5,0.039));
#10930=CARTESIAN_POINT('',(-0.181,0.5,0.189));
#10931=CARTESIAN_POINT('Origin',(-0.181,0.5,0.039));
#10932=CARTESIAN_POINT('',(-0.912,0.5,0.188999999999999));
#10933=CARTESIAN_POINT('',(-0.912,0.5,0.188999999999999));
#10934=CARTESIAN_POINT('',(-1.062,0.5,0.0389999999999995));
#10935=CARTESIAN_POINT('Origin',(-0.912,0.5,0.0389999999999995));
#10936=CARTESIAN_POINT('',(-1.062,0.5,-0.812000000000001));
#10937=CARTESIAN_POINT('',(-1.062,0.5,-0.812000000000001));
#10938=CARTESIAN_POINT('',(-0.912,0.5,-0.962000000000001));
#10939=CARTESIAN_POINT('Origin',(-0.912,0.5,-0.812));
#10940=CARTESIAN_POINT('',(-0.8333745261155,0.5,-0.962));
#10941=CARTESIAN_POINT('',(-0.8333745261155,0.5,-0.962));
#10942=CARTESIAN_POINT('',(-0.5366254738845,0.5,-0.962));
#10943=CARTESIAN_POINT('Origin',(-0.685,0.5,-0.875));
#10944=CARTESIAN_POINT('',(0.238,0.5,-0.962));
#10945=CARTESIAN_POINT('',(0.238,0.5,-0.962));
#10946=CARTESIAN_POINT('',(0.238,0.5,-1.0375));
#10947=CARTESIAN_POINT('',(0.238,0.5,-1.0375));
#10948=CARTESIAN_POINT('',(0.388000000000001,0.5,-1.1875));
#10949=CARTESIAN_POINT('Origin',(0.388,0.5,-1.0375));
#10950=CARTESIAN_POINT('',(0.913,0.5,-1.1875));
#10951=CARTESIAN_POINT('',(0.913,0.5,-1.1875));
#10952=CARTESIAN_POINT('',(1.063,0.5,-1.0375));
#10953=CARTESIAN_POINT('Origin',(0.913,0.5,-1.0375));
#10954=CARTESIAN_POINT('',(1.063,0.5,0.0390000000000006));
#10955=CARTESIAN_POINT('',(1.063,0.5,0.0390000000000006));
#10956=CARTESIAN_POINT('',(0.913,0.5,0.189));
#10957=CARTESIAN_POINT('Origin',(0.913,0.5,0.0390000000000005));
#10958=CARTESIAN_POINT('',(0.307,0.5,0.189));
#10959=CARTESIAN_POINT('',(0.307,0.5,0.189));
#10960=CARTESIAN_POINT('',(0.157,0.5,0.0390000000000001));
#10961=CARTESIAN_POINT('Origin',(0.307,0.5,0.0390000000000001));
#10962=CARTESIAN_POINT('',(0.157,0.5,-0.07));
#10963=CARTESIAN_POINT('Origin',(1.125,0.5,0.25));
#10964=CARTESIAN_POINT('',(-0.856,0.038,0.25));
#10965=CARTESIAN_POINT('',(-0.0880000000000002,0.038,0.25));
#10966=CARTESIAN_POINT('',(-0.856,0.038,0.25));
#10967=CARTESIAN_POINT('',(-0.0880000000000002,-0.1,0.25));
#10968=CARTESIAN_POINT('',(-0.0880000000000002,0.038,0.25));
#10969=CARTESIAN_POINT('',(0.213,-0.1,0.25));
#10970=CARTESIAN_POINT('',(0.213,-0.1,0.25));
#10971=CARTESIAN_POINT('',(0.213,0.038,0.25));
#10972=CARTESIAN_POINT('',(0.213,-0.1,0.25));
#10973=CARTESIAN_POINT('',(0.644,0.0380000000000001,0.25));
#10974=CARTESIAN_POINT('',(0.213,0.038,0.25));
#10975=CARTESIAN_POINT('',(0.644,-0.05,0.25));
#10976=CARTESIAN_POINT('',(0.644,-0.05,0.25));
#10977=CARTESIAN_POINT('',(0.837,-0.05,0.25));
#10978=CARTESIAN_POINT('',(0.644,-0.05,0.25));
#10979=CARTESIAN_POINT('',(0.837,-0.1,0.25));
#10980=CARTESIAN_POINT('',(0.837,-0.1,0.25));
#10981=CARTESIAN_POINT('',(1.125,-0.0999999999999999,0.250000000000001));
#10982=CARTESIAN_POINT('',(1.125,-0.0999999999999999,0.250000000000001));
#10983=CARTESIAN_POINT('',(1.125,0.5,0.25));
#10984=CARTESIAN_POINT('',(-1.125,-0.1,0.249999999999999));
#10985=CARTESIAN_POINT('',(-1.125,0.5,0.249999999999999));
#10986=CARTESIAN_POINT('',(-1.062,-0.1,0.249999999999999));
#10987=CARTESIAN_POINT('',(-1.062,-0.1,0.249999999999999));
#10988=CARTESIAN_POINT('',(-1.062,-0.05,0.249999999999999));
#10989=CARTESIAN_POINT('',(-1.062,-0.1,0.249999999999999));
#10990=CARTESIAN_POINT('',(-0.856,-0.05,0.25));
#10991=CARTESIAN_POINT('',(-1.062,-0.05,0.249999999999999));
#10992=CARTESIAN_POINT('',(-0.856,-0.05,0.25));
#10993=CARTESIAN_POINT('Origin',(1.78297043325076E-16,0.038,-0.5));
#10994=CARTESIAN_POINT('',(-0.856,0.038,-0.375));
#10995=CARTESIAN_POINT('',(-0.856,0.038,0.25));
#10996=CARTESIAN_POINT('',(-0.706,0.0379999999999999,-0.525));
#10997=CARTESIAN_POINT('Origin',(-0.706,0.038,-0.375));
#10998=CARTESIAN_POINT('',(-0.606,0.0379999999999999,-0.525));
#10999=CARTESIAN_POINT('',(-0.706,0.0379999999999999,-0.525));
#11000=CARTESIAN_POINT('',(-0.606,0.038,-0.153));
#11001=CARTESIAN_POINT('',(-0.606,0.038,-0.153));
#11002=CARTESIAN_POINT('',(-0.456,0.038,-0.00300000000000016));
#11003=CARTESIAN_POINT('Origin',(-0.456,0.038,-0.153));
#11004=CARTESIAN_POINT('',(-0.0880000000000001,0.038,-0.00299999999999998));
#11005=CARTESIAN_POINT('',(-0.0880000000000001,0.038,-0.00299999999999998));
#11006=CARTESIAN_POINT('',(-0.0880000000000001,0.038,-0.00299999999999998));
#11007=CARTESIAN_POINT('',(-0.5505,0.038,0.125));
#11008=CARTESIAN_POINT('Origin',(-0.488,0.038,0.125));
#11009=CARTESIAN_POINT('',(-0.7196018097308,0.038,0.125));
#11010=CARTESIAN_POINT('Origin',(-0.6846018097308,0.038,0.125));
#11011=CARTESIAN_POINT('Origin',(1.78297043325076E-16,0.038,-0.5));
#11012=CARTESIAN_POINT('',(0.213,0.038,-0.0029999999999999));
#11013=CARTESIAN_POINT('',(0.213,0.038,0.25));
#11014=CARTESIAN_POINT('',(0.494,0.038,-0.00299999999999972));
#11015=CARTESIAN_POINT('',(0.494,0.038,-0.00299999999999972));
#11016=CARTESIAN_POINT('',(0.644,0.038,-0.153));
#11017=CARTESIAN_POINT('Origin',(0.494,0.038,-0.153));
#11018=CARTESIAN_POINT('',(0.644,0.038,-0.153));
#11019=CARTESIAN_POINT('',(0.4645,0.038,0.0865000000000003));
#11020=CARTESIAN_POINT('Origin',(0.433,0.038,0.0865000000000003));
#11021=CARTESIAN_POINT('Origin',(-0.0880000000000001,-0.1,-0.00299999999999998));
#11022=CARTESIAN_POINT('',(-0.0880000000000001,-0.1,-0.00299999999999998));
#11023=CARTESIAN_POINT('',(-0.0880000000000001,-0.1,-0.00299999999999998));
#11024=CARTESIAN_POINT('',(-0.0880000000000002,-0.1,0.25));
#11025=CARTESIAN_POINT('Origin',(0.644,-0.1,-0.00299999999999963));
#11026=CARTESIAN_POINT('',(0.213,-0.1,-0.00299999999999981));
#11027=CARTESIAN_POINT('',(0.213,-0.1,-0.00299999999999981));
#11028=CARTESIAN_POINT('',(0.213,-0.1,-0.00299999999999981));
#11029=CARTESIAN_POINT('',(-0.456,0.138,-0.00300000000000025));
#11030=CARTESIAN_POINT('',(-0.456,0.038,-0.00300000000000016));
#11031=CARTESIAN_POINT('',(0.494,0.138,-0.00299999999999972));
#11032=CARTESIAN_POINT('',(0.494,0.138,-0.00299999999999972));
#11033=CARTESIAN_POINT('',(0.494,0.038,-0.00299999999999972));
#11034=CARTESIAN_POINT('Origin',(0.494,-0.1043342096413,-0.153));
#11035=CARTESIAN_POINT('',(0.644,0.138,-0.153));
#11036=CARTESIAN_POINT('Origin',(0.494,0.138,-0.153));
#11037=CARTESIAN_POINT('',(0.644,0.038,-0.153));
#11038=CARTESIAN_POINT('Origin',(0.644,-0.1,-0.728));
#11039=CARTESIAN_POINT('',(0.644,0.138,-0.578));
#11040=CARTESIAN_POINT('',(0.644,0.138,-0.578));
#11041=CARTESIAN_POINT('',(0.644,-0.1,-0.578));
#11042=CARTESIAN_POINT('',(0.644,-0.1,-0.578));
#11043=CARTESIAN_POINT('',(0.644,-0.1,-0.525));
#11044=CARTESIAN_POINT('',(0.644,-0.1,-0.578));
#11045=CARTESIAN_POINT('',(0.644,-0.05,-0.525));
#11046=CARTESIAN_POINT('',(0.644,-0.1,-0.525));
#11047=CARTESIAN_POINT('',(0.644,-0.05,0.25));
#11048=CARTESIAN_POINT('Origin',(1.80175882289826E-16,-0.05,-0.5));
#11049=CARTESIAN_POINT('',(0.687,-0.05,-0.525));
#11050=CARTESIAN_POINT('',(0.644,-0.05,-0.525));
#11051=CARTESIAN_POINT('',(0.837,-0.05,-0.375));
#11052=CARTESIAN_POINT('Origin',(0.687,-0.05,-0.375));
#11053=CARTESIAN_POINT('',(0.837,-0.05,-0.375));
#11054=CARTESIAN_POINT('',(0.662,-0.05,-0.171));
#11055=CARTESIAN_POINT('Origin',(0.732,-0.05,-0.171));
#11056=CARTESIAN_POINT('Origin',(0.732,-0.05,-0.171));
#11057=CARTESIAN_POINT('',(0.662,0.238,-0.171));
#11058=CARTESIAN_POINT('',(0.662,-0.05,-0.171));
#11059=CARTESIAN_POINT('Origin',(0.732,0.238,-0.171));
#11060=CARTESIAN_POINT('Origin',(1.125,0.238,0.25));
#11061=CARTESIAN_POINT('',(-0.8333745261155,0.238,-0.962));
#11062=CARTESIAN_POINT('',(-0.857,0.238,-0.875));
#11063=CARTESIAN_POINT('Origin',(-0.685,0.238,-0.875));
#11064=CARTESIAN_POINT('',(-0.912,0.238,-0.962));
#11065=CARTESIAN_POINT('',(-0.8333745261155,0.238,-0.962));
#11066=CARTESIAN_POINT('',(-1.062,0.238,-0.812));
#11067=CARTESIAN_POINT('Origin',(-0.912,0.238,-0.812));
#11068=CARTESIAN_POINT('',(-1.062,0.238,0.0389999999999995));
#11069=CARTESIAN_POINT('',(-1.062,0.238,-0.812));
#11070=CARTESIAN_POINT('',(-0.912,0.238,0.189));
#11071=CARTESIAN_POINT('Origin',(-0.912,0.238,0.0389999999999996));
#11072=CARTESIAN_POINT('',(-0.181,0.238,0.189));
#11073=CARTESIAN_POINT('',(-0.912,0.238,0.189));
#11074=CARTESIAN_POINT('',(-0.0310000000000001,0.238,0.0390000000000001));
#11075=CARTESIAN_POINT('Origin',(-0.181,0.238,0.039));
#11076=CARTESIAN_POINT('',(-0.031,0.238,-0.23));
#11077=CARTESIAN_POINT('',(-0.0310000000000001,0.238,0.0390000000000001));
#11078=CARTESIAN_POINT('',(0.157,0.238,-0.23));
#11079=CARTESIAN_POINT('',(-0.031,0.238,-0.23));
#11080=CARTESIAN_POINT('',(0.157,0.238,0.0390000000000001));
#11081=CARTESIAN_POINT('',(0.157,0.238,-0.23));
#11082=CARTESIAN_POINT('',(0.307,0.238,0.189));
#11083=CARTESIAN_POINT('Origin',(0.307,0.238,0.0390000000000002));
#11084=CARTESIAN_POINT('',(0.913,0.238,0.189));
#11085=CARTESIAN_POINT('',(0.307,0.238,0.189));
#11086=CARTESIAN_POINT('',(1.063,0.238,0.0390000000000006));
#11087=CARTESIAN_POINT('Origin',(0.913,0.238,0.0390000000000005));
#11088=CARTESIAN_POINT('',(1.063,0.238,-0.842));
#11089=CARTESIAN_POINT('',(1.063,0.238,0.0390000000000006));
#11090=CARTESIAN_POINT('',(1.006866927083,0.238,-0.842));
#11091=CARTESIAN_POINT('',(1.063,0.238,-0.842));
#11092=CARTESIAN_POINT('',(0.913,0.238,-0.808999999999999));
#11093=CARTESIAN_POINT('Origin',(0.913,0.238,-0.959));
#11094=CARTESIAN_POINT('',(0.438,0.238,-0.809));
#11095=CARTESIAN_POINT('',(0.913,0.238,-0.808999999999999));
#11096=CARTESIAN_POINT('',(0.288,0.238,-0.959));
#11097=CARTESIAN_POINT('Origin',(0.438,0.238,-0.959));
#11098=CARTESIAN_POINT('',(0.288,0.238,-1.0375));
#11099=CARTESIAN_POINT('',(0.288,0.238,-0.959));
#11100=CARTESIAN_POINT('',(0.438,0.238,-1.1875));
#11101=CARTESIAN_POINT('Origin',(0.438,0.238,-1.0375));
#11102=CARTESIAN_POINT('',(0.388000000000001,0.238,-1.1875));
#11103=CARTESIAN_POINT('',(0.438,0.238,-1.1875));
#11104=CARTESIAN_POINT('',(0.238,0.238,-1.0375));
#11105=CARTESIAN_POINT('Origin',(0.388,0.238,-1.0375));
#11106=CARTESIAN_POINT('',(0.238,0.238,-0.962));
#11107=CARTESIAN_POINT('',(0.238,0.238,-1.0375));
#11108=CARTESIAN_POINT('',(-0.5366254738845,0.238,-0.962));
#11109=CARTESIAN_POINT('',(0.238,0.238,-0.962));
#11110=CARTESIAN_POINT('Origin',(-0.685,0.238,-0.875));
#11111=CARTESIAN_POINT('',(-0.523,0.238,-0.1));
#11112=CARTESIAN_POINT('Origin',(-0.488,0.238,-0.1));
#11113=CARTESIAN_POINT('',(-0.5505,0.238,0.125));
#11114=CARTESIAN_POINT('Origin',(-0.488,0.238,0.125));
#11115=CARTESIAN_POINT('',(-0.998,0.238,-0.25));
#11116=CARTESIAN_POINT('Origin',(-0.938,0.238,-0.25));
#11117=CARTESIAN_POINT('',(-0.985,0.238,-0.8));
#11118=CARTESIAN_POINT('Origin',(-0.95,0.238,-0.8));
#11119=CARTESIAN_POINT('',(0.6525,0.238,-0.717));
#11120=CARTESIAN_POINT('Origin',(0.6875,0.238,-0.717));
#11121=CARTESIAN_POINT('',(0.8,0.238,-0.64));
#11122=CARTESIAN_POINT('Origin',(0.925,0.238,-0.639999999999999));
#11123=CARTESIAN_POINT('',(-0.879,0.238,-0.0460000000000005));
#11124=CARTESIAN_POINT('Origin',(-0.91,0.238,-0.0460000000000005));
#11125=CARTESIAN_POINT('',(0.4645,0.238,0.0865000000000003));
#11126=CARTESIAN_POINT('Origin',(0.433,0.238,0.0865000000000002));
#11127=CARTESIAN_POINT('',(0.0270000000000001,0.238,-0.379));
#11128=CARTESIAN_POINT('Origin',(0.0620000000000001,0.238,-0.379));
#11129=CARTESIAN_POINT('Origin',(-0.95,0.593,-0.8));
#11130=CARTESIAN_POINT('',(-0.985,-0.0912500000000001,-0.8));
#11131=CARTESIAN_POINT('',(-0.985,0.593,-0.8));
#11132=CARTESIAN_POINT('Origin',(-0.95,-0.0912500000000001,-0.8));
#11133=CARTESIAN_POINT('Origin',(-0.95,-0.0956250000000001,-0.8));
#11134=CARTESIAN_POINT('',(-0.99375,-0.1,-0.8));
#11135=CARTESIAN_POINT('',(-0.989375,-0.0956250000000001,-0.8));
#11136=CARTESIAN_POINT('Origin',(-0.95,-0.1,-0.8));
#11137=CARTESIAN_POINT('Origin',(1.81243404428889E-16,-0.1,-0.5));
#11138=CARTESIAN_POINT('',(-0.0879999999999998,-0.1,-0.458));
#11139=CARTESIAN_POINT('',(-0.0879999999999999,-0.1,-0.3));
#11140=CARTESIAN_POINT('',(-0.0879999999999998,-0.1,-0.458));
#11141=CARTESIAN_POINT('',(0.213,-0.1,-0.458));
#11142=CARTESIAN_POINT('',(0.213,-0.1,-0.458));
#11143=CARTESIAN_POINT('',(0.213,-0.1,-0.3));
#11144=CARTESIAN_POINT('',(0.213,-0.1,-0.3));
#11145=CARTESIAN_POINT('',(-0.0879999999999999,-0.1,-0.3));
#11146=CARTESIAN_POINT('',(0.0182500000000001,-0.1,-0.379));
#11147=CARTESIAN_POINT('Origin',(0.0620000000000001,-0.1,-0.379));
#11148=CARTESIAN_POINT('Origin',(1.81243404428889E-16,-0.1,-0.5));
#11149=CARTESIAN_POINT('',(1.105,-0.1,-1.166));
#11150=CARTESIAN_POINT('',(1.105,-0.1,-1.135));
#11151=CARTESIAN_POINT('',(1.105,-0.1,-1.166));
#11152=CARTESIAN_POINT('',(1.026990131152,-0.1,-1.135));
#11153=CARTESIAN_POINT('',(1.026990131152,-0.1,-1.135));
#11154=CARTESIAN_POINT('',(0.913,-0.1,-1.1875));
#11155=CARTESIAN_POINT('Origin',(0.913,-0.1,-1.0375));
#11156=CARTESIAN_POINT('',(0.438,-0.1,-1.1875));
#11157=CARTESIAN_POINT('',(0.438,-0.1,-1.1875));
#11158=CARTESIAN_POINT('',(0.288,-0.1,-1.0375));
#11159=CARTESIAN_POINT('Origin',(0.438,-0.1,-1.0375));
#11160=CARTESIAN_POINT('',(0.288,-0.1,-0.959));
#11161=CARTESIAN_POINT('',(0.288,-0.1,-0.959));
#11162=CARTESIAN_POINT('',(0.438,-0.1,-0.809));
#11163=CARTESIAN_POINT('Origin',(0.438,-0.1,-0.959));
#11164=CARTESIAN_POINT('',(0.913,-0.1,-0.808999999999999));
#11165=CARTESIAN_POINT('',(0.913,-0.1,-0.808999999999999));
#11166=CARTESIAN_POINT('',(1.006866927083,-0.1,-0.842));
#11167=CARTESIAN_POINT('Origin',(0.913,-0.1,-0.959));
#11168=CARTESIAN_POINT('',(1.105,-0.1,-0.841999999999999));
#11169=CARTESIAN_POINT('',(1.105,-0.1,-0.841999999999999));
#11170=CARTESIAN_POINT('',(1.105,-0.1,-0.810999999999999));
#11171=CARTESIAN_POINT('',(1.105,-0.1,-0.841999999999999));
#11172=CARTESIAN_POINT('',(1.125,-0.1,-0.810999999999999));
#11173=CARTESIAN_POINT('',(1.125,-0.1,-0.810999999999999));
#11174=CARTESIAN_POINT('',(1.125,-0.1,-0.810999999999999));
#11175=CARTESIAN_POINT('',(0.837,-0.1,-0.375));
#11176=CARTESIAN_POINT('',(0.837,-0.1,0.25));
#11177=CARTESIAN_POINT('',(0.687,-0.1,-0.525));
#11178=CARTESIAN_POINT('Origin',(0.687,-0.1,-0.375));
#11179=CARTESIAN_POINT('',(0.644,-0.1,-0.525));
#11180=CARTESIAN_POINT('',(0.494,-0.1,-0.728));
#11181=CARTESIAN_POINT('Origin',(0.494,-0.1,-0.578));
#11182=CARTESIAN_POINT('',(-0.456,-0.1,-0.728));
#11183=CARTESIAN_POINT('',(-0.456,-0.1,-0.728));
#11184=CARTESIAN_POINT('',(-0.606,-0.1,-0.578));
#11185=CARTESIAN_POINT('Origin',(-0.456,-0.1,-0.578));
#11186=CARTESIAN_POINT('',(-0.606,-0.1,-0.525));
#11187=CARTESIAN_POINT('',(-0.606,-0.1,-0.525));
#11188=CARTESIAN_POINT('',(-0.912,-0.1,-0.525));
#11189=CARTESIAN_POINT('',(-0.912,-0.1,-0.525));
#11190=CARTESIAN_POINT('',(-1.062,-0.1,-0.375));
#11191=CARTESIAN_POINT('Origin',(-0.912,-0.1,-0.375));
#11192=CARTESIAN_POINT('',(-1.062,-0.1,0.249999999999999));
#11193=CARTESIAN_POINT('',(-1.125,-0.1,-1.25));
#11194=CARTESIAN_POINT('',(-1.125,-0.1,0.249999999999999));
#11195=CARTESIAN_POINT('',(1.125,-0.1,-1.25));
#11196=CARTESIAN_POINT('',(-1.125,-0.1,-1.25));
#11197=CARTESIAN_POINT('',(1.125,-0.1,-1.166));
#11198=CARTESIAN_POINT('',(1.125,-0.1,-1.25));
#11199=CARTESIAN_POINT('',(1.125,-0.1,-1.166));
#11200=CARTESIAN_POINT('',(-0.930624999999999,-0.1,-1.062));
#11201=CARTESIAN_POINT('Origin',(-0.874999999999999,-0.1,-1.062));
#11202=CARTESIAN_POINT('',(-0.857,-0.1,-0.875));
#11203=CARTESIAN_POINT('Origin',(-0.685,-0.1,-0.875));
#11204=CARTESIAN_POINT('',(0.0693750000000005,-0.1,-1.062));
#11205=CARTESIAN_POINT('Origin',(0.125,-0.1,-1.062));
#11206=CARTESIAN_POINT('',(0.64375,-0.1,-0.717));
#11207=CARTESIAN_POINT('Origin',(0.6875,-0.1,-0.717));
#11208=CARTESIAN_POINT('',(0.8,-0.1,-0.64));
#11209=CARTESIAN_POINT('Origin',(0.925,-0.1,-0.639999999999999));
#11210=CARTESIAN_POINT('Origin',(1.81243404428889E-16,-0.1,-0.5));
#11211=CARTESIAN_POINT('',(0.213,-0.1,0.25));
#11212=CARTESIAN_POINT('',(0.0182499999999999,-0.1,0.125));
#11213=CARTESIAN_POINT('Origin',(0.0619999999999999,-0.1,0.125));
#11214=CARTESIAN_POINT('Origin',(-0.0879999999999998,-0.1,-0.458));
#11215=CARTESIAN_POINT('',(-0.0879999999999999,0.038,-0.3));
#11216=CARTESIAN_POINT('',(-0.0879999999999999,-0.1,-0.3));
#11217=CARTESIAN_POINT('',(-0.0879999999999998,0.038,-0.458));
#11218=CARTESIAN_POINT('',(-0.0879999999999998,0.038,-0.458));
#11219=CARTESIAN_POINT('',(-0.0879999999999998,-0.1,-0.458));
#11220=CARTESIAN_POINT('Origin',(0.44,-0.1,-0.458));
#11221=CARTESIAN_POINT('',(0.34625,0.138,-0.458));
#11222=CARTESIAN_POINT('',(0.34625,0.038,-0.458));
#11223=CARTESIAN_POINT('',(0.34625,0.138,-0.458));
#11224=CARTESIAN_POINT('',(0.213,0.038,-0.458));
#11225=CARTESIAN_POINT('',(0.34625,0.038,-0.458));
#11226=CARTESIAN_POINT('',(0.213,-0.1,-0.458));
#11227=CARTESIAN_POINT('',(-0.223,0.038,-0.458));
#11228=CARTESIAN_POINT('',(-0.0879999999999998,0.038,-0.458));
#11229=CARTESIAN_POINT('',(-0.223,0.138,-0.458));
#11230=CARTESIAN_POINT('',(-0.223,0.038,-0.458));
#11231=CARTESIAN_POINT('',(0.34625,0.138,-0.458));
#11232=CARTESIAN_POINT('Origin',(0.34625,0.14170335612139,-0.36425));
#11233=CARTESIAN_POINT('',(0.44,0.138,-0.36425));
#11234=CARTESIAN_POINT('',(0.44,0.038,-0.36425));
#11235=CARTESIAN_POINT('',(0.44,0.138,-0.36425));
#11236=CARTESIAN_POINT('Origin',(0.34625,0.038,-0.36425));
#11237=CARTESIAN_POINT('Origin',(0.34625,0.138,-0.36425));
#11238=CARTESIAN_POINT('Origin',(0.44,-0.1,-0.27));
#11239=CARTESIAN_POINT('',(0.44,0.138,-0.36375));
#11240=CARTESIAN_POINT('',(0.44,0.138,-0.36375));
#11241=CARTESIAN_POINT('',(0.44,0.038,-0.36375));
#11242=CARTESIAN_POINT('',(0.44,0.138,-0.36375));
#11243=CARTESIAN_POINT('',(0.44,0.038,-0.36375));
#11244=CARTESIAN_POINT('Origin',(1.78297043325076E-16,0.038,-0.5));
#11245=CARTESIAN_POINT('',(0.34625,0.038,-0.27));
#11246=CARTESIAN_POINT('Origin',(0.34625,0.038,-0.36375));
#11247=CARTESIAN_POINT('',(-0.223,0.038,-0.27));
#11248=CARTESIAN_POINT('',(-0.223,0.038,-0.27));
#11249=CARTESIAN_POINT('Origin',(-0.223,0.038,-0.364));
#11250=CARTESIAN_POINT('',(0.213,0.038,-0.3));
#11251=CARTESIAN_POINT('',(-0.0879999999999999,0.038,-0.3));
#11252=CARTESIAN_POINT('',(0.213,0.038,-0.3));
#11253=CARTESIAN_POINT('Origin',(0.213,-0.1,-0.3));
#11254=CARTESIAN_POINT('',(0.213,-0.1,-0.3));
#11255=CARTESIAN_POINT('Origin',(-0.0879999999999999,-0.1,-0.3));
#11256=CARTESIAN_POINT('Origin',(-0.223,-0.1,-0.364));
#11257=CARTESIAN_POINT('',(-0.223,0.138,-0.27));
#11258=CARTESIAN_POINT('',(-0.223,0.038,-0.27));
#11259=CARTESIAN_POINT('Origin',(-0.223,0.138,-0.364));
#11260=CARTESIAN_POINT('Origin',(1.76161999046951E-16,0.138,-0.5));
#11261=CARTESIAN_POINT('',(-0.606,0.138,-0.153));
#11262=CARTESIAN_POINT('Origin',(-0.456,0.138,-0.153));
#11263=CARTESIAN_POINT('',(-0.606,0.138,-0.578));
#11264=CARTESIAN_POINT('',(-0.606,0.138,-0.153));
#11265=CARTESIAN_POINT('',(-0.456,0.138,-0.728));
#11266=CARTESIAN_POINT('Origin',(-0.456,0.138,-0.578));
#11267=CARTESIAN_POINT('',(0.494,0.138,-0.728));
#11268=CARTESIAN_POINT('',(-0.456,0.138,-0.728));
#11269=CARTESIAN_POINT('Origin',(0.494,0.138,-0.578));
#11270=CARTESIAN_POINT('',(0.01825,0.138,-0.171));
#11271=CARTESIAN_POINT('Origin',(0.062,0.138,-0.171));
#11272=CARTESIAN_POINT('',(-0.523,0.138,-0.1));
#11273=CARTESIAN_POINT('Origin',(-0.488,0.138,-0.1));
#11274=CARTESIAN_POINT('',(0.312,0.138,-0.513));
#11275=CARTESIAN_POINT('',(0.212,0.138,-0.513));
#11276=CARTESIAN_POINT('Origin',(0.262,0.138,-0.513));
#11277=CARTESIAN_POINT('',(0.312,0.138,-0.673));
#11278=CARTESIAN_POINT('',(0.312,0.138,-0.673));
#11279=CARTESIAN_POINT('',(0.212,0.138,-0.673));
#11280=CARTESIAN_POINT('Origin',(0.262,0.138,-0.673));
#11281=CARTESIAN_POINT('',(0.212,0.138,-0.513));
#11282=CARTESIAN_POINT('',(-0.0879999999999998,0.138,-0.513));
#11283=CARTESIAN_POINT('',(-0.188,0.138,-0.513));
#11284=CARTESIAN_POINT('Origin',(-0.138,0.138,-0.513));
#11285=CARTESIAN_POINT('',(-0.0879999999999997,0.138,-0.673));
#11286=CARTESIAN_POINT('',(-0.0879999999999997,0.138,-0.673));
#11287=CARTESIAN_POINT('',(-0.188,0.138,-0.673));
#11288=CARTESIAN_POINT('Origin',(-0.138,0.138,-0.673));
#11289=CARTESIAN_POINT('',(-0.188,0.138,-0.513));
#11290=CARTESIAN_POINT('',(0.212,0.138,-0.215));
#11291=CARTESIAN_POINT('',(0.312,0.138,-0.215));
#11292=CARTESIAN_POINT('Origin',(0.262,0.138,-0.215));
#11293=CARTESIAN_POINT('',(0.212,0.138,-0.0579999999999999));
#11294=CARTESIAN_POINT('',(0.212,0.138,-0.0579999999999999));
#11295=CARTESIAN_POINT('',(0.312,0.138,-0.0579999999999998));
#11296=CARTESIAN_POINT('Origin',(0.262,0.138,-0.0579999999999998));
#11297=CARTESIAN_POINT('',(0.312,0.138,-0.215));
#11298=CARTESIAN_POINT('',(-0.188,0.138,-0.215));
#11299=CARTESIAN_POINT('',(-0.088,0.138,-0.215));
#11300=CARTESIAN_POINT('Origin',(-0.138,0.138,-0.215));
#11301=CARTESIAN_POINT('',(-0.188,0.138,-0.058));
#11302=CARTESIAN_POINT('',(-0.188,0.138,-0.058));
#11303=CARTESIAN_POINT('',(-0.088,0.138,-0.058));
#11304=CARTESIAN_POINT('Origin',(-0.138,0.138,-0.058));
#11305=CARTESIAN_POINT('',(-0.088,0.138,-0.215));
#11306=CARTESIAN_POINT('',(0.34625,0.138,-0.27));
#11307=CARTESIAN_POINT('',(-0.223,0.138,-0.27));
#11308=CARTESIAN_POINT('Origin',(0.34625,0.138,-0.36375));
#11309=CARTESIAN_POINT('Origin',(0.494,-0.1043342096413,-0.578));
#11310=CARTESIAN_POINT('',(0.494,-0.1,-0.728));
#11311=CARTESIAN_POINT('Origin',(-0.606,-0.1,-0.728));
#11312=CARTESIAN_POINT('',(-0.456,-0.1,-0.728));
#11313=CARTESIAN_POINT('Origin',(-0.456,-0.1043342096413,-0.578));
#11314=CARTESIAN_POINT('',(-0.606,-0.1,-0.578));
#11315=CARTESIAN_POINT('Origin',(-0.606,-0.1,-0.153));
#11316=CARTESIAN_POINT('',(-0.606,0.0379999999999999,-0.525));
#11317=CARTESIAN_POINT('',(-0.606,0.038,-0.153));
#11318=CARTESIAN_POINT('Origin',(-0.456,-0.1,-0.153));
#11319=CARTESIAN_POINT('Origin',(-1.062,-0.1,-0.525));
#11320=CARTESIAN_POINT('',(-0.912,-0.05,-0.525));
#11321=CARTESIAN_POINT('',(-0.706,-0.05,-0.525));
#11322=CARTESIAN_POINT('',(-0.912,-0.05,-0.525));
#11323=CARTESIAN_POINT('',(-0.912,-0.1,-0.525));
#11324=CARTESIAN_POINT('',(-0.706,-0.05,-0.525));
#11325=CARTESIAN_POINT('Origin',(1.80175882289826E-16,-0.05,-0.5));
#11326=CARTESIAN_POINT('',(-0.856,-0.05,-0.375));
#11327=CARTESIAN_POINT('',(-0.856,-0.05,0.25));
#11328=CARTESIAN_POINT('',(-1.062,-0.0500000000000001,-0.375));
#11329=CARTESIAN_POINT('',(-1.062,-0.05,0.249999999999999));
#11330=CARTESIAN_POINT('Origin',(-0.912,-0.05,-0.375));
#11331=CARTESIAN_POINT('Origin',(-0.706,-0.05,-0.375));
#11332=CARTESIAN_POINT('',(-0.879,-0.05,-0.0460000000000005));
#11333=CARTESIAN_POINT('Origin',(-0.91,-0.05,-0.0460000000000005));
#11334=CARTESIAN_POINT('',(-0.998,-0.05,-0.25));
#11335=CARTESIAN_POINT('Origin',(-0.938,-0.05,-0.25));
#11336=CARTESIAN_POINT('Origin',(-0.938,-0.05,-0.25));
#11337=CARTESIAN_POINT('',(-0.998,-0.05,-0.25));
#11338=CARTESIAN_POINT('Origin',(-0.91,0.238,-0.0460000000000005));
#11339=CARTESIAN_POINT('',(-0.879,0.238,-0.0460000000000004));
#11340=CARTESIAN_POINT('Origin',(-0.856,-0.1,0.25));
#11341=CARTESIAN_POINT('',(-0.856,-0.05,-0.375));
#11342=CARTESIAN_POINT('Origin',(-0.706,-0.1,-0.375));
#11343=CARTESIAN_POINT('Origin',(-0.912,-0.1043342096413,-0.375));
#11344=CARTESIAN_POINT('',(-1.062,-0.1,-0.375));
#11345=CARTESIAN_POINT('Origin',(-1.062,-0.1,0.249999999999999));
#11346=CARTESIAN_POINT('Origin',(0.062,0.142375,-0.171));
#11347=CARTESIAN_POINT('',(0.027,0.14675,-0.171));
#11348=CARTESIAN_POINT('Origin',(0.062,0.14675,-0.171));
#11349=CARTESIAN_POINT('',(0.022625,0.142375,-0.171));
#11350=CARTESIAN_POINT('Origin',(0.062,0.5811,-0.171));
#11351=CARTESIAN_POINT('',(0.027,0.3605,-0.171));
#11352=CARTESIAN_POINT('Origin',(0.062,0.3605,-0.171));
#11353=CARTESIAN_POINT('',(0.027,0.5811,-0.171));
#11354=CARTESIAN_POINT('Origin',(1.62668519209199E-16,0.3605,-0.4825));
#11355=CARTESIAN_POINT('',(-0.031,0.3605,-0.23));
#11356=CARTESIAN_POINT('',(-0.031,0.3605,-0.07));
#11357=CARTESIAN_POINT('',(-0.031,0.3605,-0.23));
#11358=CARTESIAN_POINT('',(0.157,0.3605,-0.0699999999999999));
#11359=CARTESIAN_POINT('',(-0.031,0.3605,-0.07));
#11360=CARTESIAN_POINT('',(0.157,0.3605,-0.23));
#11361=CARTESIAN_POINT('',(0.157,0.3605,-0.23));
#11362=CARTESIAN_POINT('',(-0.031,0.3605,-0.23));
#11363=CARTESIAN_POINT('Origin',(-0.0310000000000002,0.5,0.189));
#11364=CARTESIAN_POINT('',(-0.031,0.3605,-0.23));
#11365=CARTESIAN_POINT('',(-0.0310000000000001,0.5,0.039));
#11366=CARTESIAN_POINT('',(-0.031,0.5,-0.0700000000000001));
#11367=CARTESIAN_POINT('Origin',(-0.031,0.5,-0.0700000000000001));
#11368=CARTESIAN_POINT('',(0.157,0.5,-0.07));
#11369=CARTESIAN_POINT('Origin',(0.157,0.5,-0.23));
#11370=CARTESIAN_POINT('',(0.157,0.5,0.0390000000000001));
#11371=CARTESIAN_POINT('',(0.157,0.3605,-0.23));
#11372=CARTESIAN_POINT('Origin',(-0.031,0.5,-0.23));
#11373=CARTESIAN_POINT('Origin',(0.307,0.5043342096413,0.0390000000000001));
#11374=CARTESIAN_POINT('',(0.307,0.5,0.189));
#11375=CARTESIAN_POINT('Origin',(0.157,0.5,0.189));
#11376=CARTESIAN_POINT('',(0.913,0.5,0.189));
#11377=CARTESIAN_POINT('Origin',(0.913,0.5043342096413,0.0390000000000005));
#11378=CARTESIAN_POINT('',(1.063,0.5,0.0390000000000006));
#11379=CARTESIAN_POINT('Origin',(1.063,0.5,0.189));
#11380=CARTESIAN_POINT('',(1.063,0.19,-0.842));
#11381=CARTESIAN_POINT('',(1.063,0.19,-0.842));
#11382=CARTESIAN_POINT('',(1.063,0.3119374839826,-1.0375));
#11383=CARTESIAN_POINT('',(1.063,0.3119374839826,-1.0375));
#11384=CARTESIAN_POINT('',(1.063,0.315,-1.01));
#11385=CARTESIAN_POINT('Origin',(1.063,0.19,-1.01));
#11386=CARTESIAN_POINT('',(1.063,0.315,-0.967));
#11387=CARTESIAN_POINT('',(1.063,0.315,-1.01));
#11388=CARTESIAN_POINT('Origin',(1.063,0.19,-0.967));
#11389=CARTESIAN_POINT('Origin',(1.125,-0.1,-0.841999999999999));
#11390=CARTESIAN_POINT('',(1.105,0.19,-0.841999999999999));
#11391=CARTESIAN_POINT('',(1.105,0.19,-0.841999999999999));
#11392=CARTESIAN_POINT('',(1.006866927083,0.238,-0.842));
#11393=CARTESIAN_POINT('',(1.063,0.19,-0.842));
#11394=CARTESIAN_POINT('Origin',(1.105,0.5,-0.499999999999999));
#11395=CARTESIAN_POINT('',(1.105,0.19,-1.166));
#11396=CARTESIAN_POINT('',(1.105,-0.1,-1.166));
#11397=CARTESIAN_POINT('',(1.105,0.346,-1.01));
#11398=CARTESIAN_POINT('Origin',(1.105,0.19,-1.01));
#11399=CARTESIAN_POINT('',(1.105,0.346,-0.967));
#11400=CARTESIAN_POINT('',(1.105,0.346,-1.01));
#11401=CARTESIAN_POINT('',(1.105,0.19,-0.810999999999999));
#11402=CARTESIAN_POINT('Origin',(1.105,0.19,-0.967));
#11403=CARTESIAN_POINT('',(1.105,0.19,-0.810999999999999));
#11404=CARTESIAN_POINT('',(1.105,0.315,-0.967));
#11405=CARTESIAN_POINT('Origin',(1.105,0.19,-0.967));
#11406=CARTESIAN_POINT('',(1.105,0.315,-1.01));
#11407=CARTESIAN_POINT('',(1.105,0.315,-1.01));
#11408=CARTESIAN_POINT('',(1.105,0.19,-1.135));
#11409=CARTESIAN_POINT('Origin',(1.105,0.19,-1.01));
#11410=CARTESIAN_POINT('',(1.105,0.19,-1.135));
#11411=CARTESIAN_POINT('Origin',(1.026990131152,-0.1,-1.135));
#11412=CARTESIAN_POINT('',(1.026990131152,0.19,-1.135));
#11413=CARTESIAN_POINT('',(1.105,0.19,-1.135));
#11414=CARTESIAN_POINT('',(1.026990131152,0.19,-1.135));
#11415=CARTESIAN_POINT('Origin',(0.913,0.5043342096413,-1.0375));
#11416=CARTESIAN_POINT('',(0.913,-0.1,-1.1875));
#11417=CARTESIAN_POINT('Ctrl Pts',(1.02699013115178,0.19,-1.135));
#11418=CARTESIAN_POINT('Ctrl Pts',(1.02699013115178,0.206226698388132,-1.135));
#11419=CARTESIAN_POINT('Ctrl Pts',(1.03000016234507,0.222971123546951,-1.13169266891151));
#11420=CARTESIAN_POINT('Ctrl Pts',(1.03917012344518,0.253364233205667,-1.11900084863817));
#11421=CARTESIAN_POINT('Ctrl Pts',(1.04507149001105,0.267087504103999,-1.10960958444535));
#11422=CARTESIAN_POINT('Ctrl Pts',(1.05244227665411,0.283698290090225,-1.09311747396502));
#11423=CARTESIAN_POINT('Ctrl Pts',(1.05500727081401,0.289317474180456,-1.08640891888429));
#11424=CARTESIAN_POINT('Ctrl Pts',(1.05923505118444,0.299034443298319,-1.07175575997003));
#11425=CARTESIAN_POINT('Ctrl Pts',(1.06087812599511,0.303129762718187,-1.06380384155852));
#11426=CARTESIAN_POINT('Ctrl Pts',(1.06257450822693,0.308511330310849,-1.0502500856863));
#11427=CARTESIAN_POINT('Ctrl Pts',(1.063,0.310477200333095,-1.04397502960429));
#11428=CARTESIAN_POINT('Ctrl Pts',(1.063,0.311937483982573,-1.03749999999999));
#11429=CARTESIAN_POINT('Origin',(1.129095229831,0.19,-1.01));
#11430=CARTESIAN_POINT('',(1.105,0.315,-1.01));
#11431=CARTESIAN_POINT('Origin',(1.72382970674669E-16,0.315,-0.5));
#11432=CARTESIAN_POINT('',(1.063,0.315,-0.967));
#11433=CARTESIAN_POINT('Origin',(1.000660206726,0.19,-0.967));
#11434=CARTESIAN_POINT('Origin',(1.063,0.5,-1.1875));
#11435=CARTESIAN_POINT('',(0.388000000000001,0.5,-1.1875));
#11436=CARTESIAN_POINT('',(0.438,-0.1,-1.1875));
#11437=CARTESIAN_POINT('Origin',(0.438,-0.1,-1.0375));
#11438=CARTESIAN_POINT('',(0.288,-0.1,-1.0375));
#11439=CARTESIAN_POINT('Origin',(0.288,-0.1,-0.959));
#11440=CARTESIAN_POINT('',(0.288,-0.1,-0.959));
#11441=CARTESIAN_POINT('Origin',(0.438,-0.1,-0.959));
#11442=CARTESIAN_POINT('',(0.438,-0.1,-0.809));
#11443=CARTESIAN_POINT('Origin',(0.913,-0.1,-0.808999999999999));
#11444=CARTESIAN_POINT('',(0.913,-0.1,-0.808999999999999));
#11445=CARTESIAN_POINT('Origin',(0.913,-0.1,-0.959));
#11446=CARTESIAN_POINT('Origin',(0.388,0.5043342096413,-1.0375));
#11447=CARTESIAN_POINT('',(0.238,0.5,-1.0375));
#11448=CARTESIAN_POINT('Origin',(0.238,0.5,-1.1875));
#11449=CARTESIAN_POINT('',(0.238,0.5,-0.962));
#11450=CARTESIAN_POINT('Origin',(0.238,0.5,-0.962));
#11451=CARTESIAN_POINT('',(-0.5366254738845,0.238,-0.962));
#11452=CARTESIAN_POINT('Origin',(0.238,0.5,-0.962));
#11453=CARTESIAN_POINT('',(-0.8333745261155,0.238,-0.962));
#11454=CARTESIAN_POINT('',(-0.912,0.5,-0.962000000000001));
#11455=CARTESIAN_POINT('Origin',(-0.685,-0.1,-0.875));
#11456=CARTESIAN_POINT('',(-0.857,-0.1,-0.875));
#11457=CARTESIAN_POINT('Origin',(-0.912,0.5043342096413,-0.812));
#11458=CARTESIAN_POINT('',(-1.062,0.5,-0.812000000000001));
#11459=CARTESIAN_POINT('Origin',(-1.062,0.5,-0.962000000000001));
#11460=CARTESIAN_POINT('',(-1.062,0.5,0.0389999999999995));
#11461=CARTESIAN_POINT('Origin',(-0.912,0.5043342096413,0.0389999999999995));
#11462=CARTESIAN_POINT('',(-0.912,0.5,0.188999999999999));
#11463=CARTESIAN_POINT('Origin',(-1.062,0.5,0.188999999999999));
#11464=CARTESIAN_POINT('',(-0.181,0.5,0.189));
#11465=CARTESIAN_POINT('Origin',(-0.181,0.5043342096413,0.039));
#11466=CARTESIAN_POINT('Origin',(1.125,0.19,-0.810999999999999));
#11467=CARTESIAN_POINT('',(1.125,0.19,-0.810999999999999));
#11468=CARTESIAN_POINT('',(1.125,0.19,-0.810999999999999));
#11469=CARTESIAN_POINT('',(1.125,-0.1,-0.810999999999999));
#11470=CARTESIAN_POINT('Origin',(1.125,0.5,-1.25));
#11471=CARTESIAN_POINT('',(1.125,0.346,-0.967));
#11472=CARTESIAN_POINT('Origin',(1.125,0.19,-0.967));
#11473=CARTESIAN_POINT('',(1.125,0.346,-1.01));
#11474=CARTESIAN_POINT('',(1.125,0.346,-1.01));
#11475=CARTESIAN_POINT('',(1.125,0.19,-1.166));
#11476=CARTESIAN_POINT('Origin',(1.125,0.19,-1.01));
#11477=CARTESIAN_POINT('',(1.125,-0.1,-1.166));
#11478=CARTESIAN_POINT('',(1.125,0.5,-1.25));
#11479=CARTESIAN_POINT('',(1.125,0.015,-0.312999999999999));
#11480=CARTESIAN_POINT('Origin',(1.125,0.1,-0.312999999999999));
#11481=CARTESIAN_POINT('Origin',(1.125,0.19,-0.967));
#11482=CARTESIAN_POINT('',(1.125,0.346,-0.967));
#11483=CARTESIAN_POINT('Origin',(1.125,0.346,-1.01));
#11484=CARTESIAN_POINT('',(1.125,0.346,-1.01));
#11485=CARTESIAN_POINT('Origin',(1.125,0.19,-1.01));
#11486=CARTESIAN_POINT('',(1.125,0.19,-1.166));
#11487=CARTESIAN_POINT('Origin',(1.125,-0.1,-1.166));
#11488=CARTESIAN_POINT('Origin',(-1.125,0.5,-1.25));
#11489=CARTESIAN_POINT('',(-1.125,0.5,-1.25));
#11490=CARTESIAN_POINT('',(-0.249374999999999,0.0999999999999999,-1.25));
#11491=CARTESIAN_POINT('Origin',(-0.374999999999999,0.0999999999999999,
-1.25));
#11492=CARTESIAN_POINT('',(0.0850000000000005,0.0999999999999999,-1.25));
#11493=CARTESIAN_POINT('Origin',(5.51673586683628E-16,0.0999999999999999,
-1.25));
#11494=CARTESIAN_POINT('Origin',(-1.125,0.5,0.249999999999999));
#11495=CARTESIAN_POINT('',(-1.125,0.185,-0.562));
#11496=CARTESIAN_POINT('Origin',(-1.125,0.0999999999999999,-0.562));
#11497=CARTESIAN_POINT('Origin',(-1.1165,0.0999999999999999,-0.562));
#11498=CARTESIAN_POINT('',(-1.108,0.168,-0.562));
#11499=CARTESIAN_POINT('Origin',(-1.108,0.0999999999999999,-0.562));
#11500=CARTESIAN_POINT('',(-1.1165,0.1765,-0.562));
#11501=CARTESIAN_POINT('Origin',(-0.6536985518014,0.0999999999999999,-0.562));
#11502=CARTESIAN_POINT('',(-0.717,0.168,-0.562));
#11503=CARTESIAN_POINT('Origin',(-0.717,0.0999999999999999,-0.562));
#11504=CARTESIAN_POINT('',(-0.6536985518014,0.168,-0.562));
#11505=CARTESIAN_POINT('Origin',(-0.6974267099212,0.0999999999999999,-0.562));
#11506=CARTESIAN_POINT('',(-0.6761414779061,0.0999999999999999,-0.562));
#11507=CARTESIAN_POINT('',(-0.6974267099212,0.13542457491968,-0.562));
#11508=CARTESIAN_POINT('Origin',(-0.374999999999999,0.0999999999999999,
-1.2374375));
#11509=CARTESIAN_POINT('',(-0.274499999999999,0.0999999999999999,-1.224875));
#11510=CARTESIAN_POINT('Origin',(-0.374999999999999,0.0999999999999999,
-1.224875));
#11511=CARTESIAN_POINT('',(-0.261937499999999,0.0999999999999998,-1.2374375));
#11512=CARTESIAN_POINT('Origin',(-0.375,0.0999999999999999,-0.7581941831771));
#11513=CARTESIAN_POINT('',(-0.2745,0.0999999999999999,-0.842));
#11514=CARTESIAN_POINT('Origin',(-0.375,0.0999999999999999,-0.842));
#11515=CARTESIAN_POINT('',(-0.2745,0.0999999999999999,-0.7581941831771));
#11516=CARTESIAN_POINT('Origin',(-0.375,0.0999999999999999,-0.812662724862));
#11517=CARTESIAN_POINT('',(-0.375,0.0999999999999999,-0.7816135077877));
#11518=CARTESIAN_POINT('',(-0.32332542508032,0.0999999999999999,-0.812662724862));
#11519=CARTESIAN_POINT('Origin',(5.47426983614437E-16,0.0999999999999999,
-1.2415));
#11520=CARTESIAN_POINT('',(0.0680000000000004,0.0999999999999999,-1.233));
#11521=CARTESIAN_POINT('Origin',(5.43180380545246E-16,0.0999999999999999,
-1.233));
#11522=CARTESIAN_POINT('',(0.0765000000000005,0.0999999999999999,-1.2415));
#11523=CARTESIAN_POINT('Origin',(3.16211212985459E-16,0.0999999999999999,
-0.7786985518014));
#11524=CARTESIAN_POINT('',(0.0680000000000004,0.0999999999999999,-0.842));
#11525=CARTESIAN_POINT('Origin',(3.4783663936245E-16,0.0999999999999999,
-0.842));
#11526=CARTESIAN_POINT('',(0.0680000000000003,0.0999999999999999,-0.7786985518014));
#11527=CARTESIAN_POINT('Origin',(3.38057816571532E-16,0.0999999999999999,
-0.8224267099212));
#11528=CARTESIAN_POINT('',(3.27423706971088E-16,0.0999999999999999,-0.8011414779061));
#11529=CARTESIAN_POINT('',(0.0354245749196803,0.0999999999999999,-0.8224267099212));
#11530=CARTESIAN_POINT('Origin',(1.1165,0.1,-0.312999999999999));
#11531=CARTESIAN_POINT('',(1.108,0.032,-0.312999999999999));
#11532=CARTESIAN_POINT('Origin',(1.108,0.1,-0.312999999999999));
#11533=CARTESIAN_POINT('',(1.1165,0.0235,-0.312999999999999));
#11534=CARTESIAN_POINT('Origin',(0.8195985518014,0.1,-0.313));
#11535=CARTESIAN_POINT('',(0.875,0.032,-0.313));
#11536=CARTESIAN_POINT('Origin',(0.875,0.1,-0.313));
#11537=CARTESIAN_POINT('',(0.8195985518014,0.032,-0.313));
#11538=CARTESIAN_POINT('Origin',(0.8554267099212,0.1,-0.313));
#11539=CARTESIAN_POINT('',(0.8341414779061,0.1,-0.313));
#11540=CARTESIAN_POINT('',(0.8554267099212,0.06457542508032,-0.313));
#11541=CARTESIAN_POINT('Origin',(-0.488,0.138,-0.1));
#11542=CARTESIAN_POINT('',(-0.523,0.138,-0.1));
#11543=CARTESIAN_POINT('Origin',(0.262,0.138,-0.513));
#11544=CARTESIAN_POINT('',(0.212,0.158,-0.513));
#11545=CARTESIAN_POINT('',(0.212,0.138,-0.513));
#11546=CARTESIAN_POINT('',(0.312,0.158,-0.513));
#11547=CARTESIAN_POINT('Origin',(0.262,0.158,-0.513));
#11548=CARTESIAN_POINT('',(0.312,0.138,-0.513));
#11549=CARTESIAN_POINT('Origin',(0.312,0.138,-0.673));
#11550=CARTESIAN_POINT('',(0.312,0.158,-0.673));
#11551=CARTESIAN_POINT('',(0.312,0.158,-0.673));
#11552=CARTESIAN_POINT('',(0.312,0.138,-0.673));
#11553=CARTESIAN_POINT('Origin',(0.262,0.138,-0.673));
#11554=CARTESIAN_POINT('',(0.212,0.158,-0.673));
#11555=CARTESIAN_POINT('Origin',(0.262,0.158,-0.673));
#11556=CARTESIAN_POINT('',(0.212,0.138,-0.673));
#11557=CARTESIAN_POINT('Origin',(0.212,0.138,-0.513));
#11558=CARTESIAN_POINT('',(0.212,0.158,-0.513));
#11559=CARTESIAN_POINT('Origin',(1.75734990191325E-16,0.158,-0.5));
#11560=CARTESIAN_POINT('Origin',(1.75734990191325E-16,0.158,-0.5));
#11561=CARTESIAN_POINT('',(-0.0879999999999998,0.158,-0.513));
#11562=CARTESIAN_POINT('',(-0.188,0.158,-0.513));
#11563=CARTESIAN_POINT('Origin',(-0.138,0.158,-0.513));
#11564=CARTESIAN_POINT('',(-0.188,0.158,-0.673));
#11565=CARTESIAN_POINT('',(-0.188,0.158,-0.513));
#11566=CARTESIAN_POINT('',(-0.0879999999999997,0.158,-0.673));
#11567=CARTESIAN_POINT('Origin',(-0.138,0.158,-0.673));
#11568=CARTESIAN_POINT('',(-0.0879999999999997,0.158,-0.673));
#11569=CARTESIAN_POINT('Origin',(-0.138,0.138,-0.513));
#11570=CARTESIAN_POINT('',(-0.188,0.138,-0.513));
#11571=CARTESIAN_POINT('',(-0.0879999999999998,0.138,-0.513));
#11572=CARTESIAN_POINT('Origin',(-0.0879999999999997,0.138,-0.673));
#11573=CARTESIAN_POINT('',(-0.0879999999999997,0.138,-0.673));
#11574=CARTESIAN_POINT('Origin',(-0.138,0.138,-0.673));
#11575=CARTESIAN_POINT('',(-0.188,0.138,-0.673));
#11576=CARTESIAN_POINT('Origin',(-0.188,0.138,-0.513));
#11577=CARTESIAN_POINT('Origin',(0.262,0.138,-0.215));
#11578=CARTESIAN_POINT('',(0.312,0.158,-0.215));
#11579=CARTESIAN_POINT('',(0.312,0.138,-0.215));
#11580=CARTESIAN_POINT('',(0.212,0.158,-0.215));
#11581=CARTESIAN_POINT('Origin',(0.262,0.158,-0.215));
#11582=CARTESIAN_POINT('',(0.212,0.138,-0.215));
#11583=CARTESIAN_POINT('Origin',(0.212,0.138,-0.0579999999999999));
#11584=CARTESIAN_POINT('',(0.212,0.158,-0.0579999999999999));
#11585=CARTESIAN_POINT('',(0.212,0.158,-0.0579999999999999));
#11586=CARTESIAN_POINT('',(0.212,0.138,-0.0579999999999999));
#11587=CARTESIAN_POINT('Origin',(0.262,0.138,-0.0579999999999998));
#11588=CARTESIAN_POINT('',(0.312,0.158,-0.0579999999999998));
#11589=CARTESIAN_POINT('Origin',(0.262,0.158,-0.0579999999999998));
#11590=CARTESIAN_POINT('',(0.312,0.138,-0.0579999999999998));
#11591=CARTESIAN_POINT('Origin',(0.312,0.138,-0.215));
#11592=CARTESIAN_POINT('',(0.312,0.158,-0.215));
#11593=CARTESIAN_POINT('Origin',(1.75734990191325E-16,0.158,-0.5));
#11594=CARTESIAN_POINT('Origin',(1.75734990191325E-16,0.158,-0.5));
#11595=CARTESIAN_POINT('',(-0.188,0.158,-0.215));
#11596=CARTESIAN_POINT('',(-0.088,0.158,-0.215));
#11597=CARTESIAN_POINT('Origin',(-0.138,0.158,-0.215));
#11598=CARTESIAN_POINT('',(-0.088,0.158,-0.058));
#11599=CARTESIAN_POINT('',(-0.088,0.158,-0.215));
#11600=CARTESIAN_POINT('',(-0.188,0.158,-0.058));
#11601=CARTESIAN_POINT('Origin',(-0.138,0.158,-0.058));
#11602=CARTESIAN_POINT('',(-0.188,0.158,-0.058));
#11603=CARTESIAN_POINT('Origin',(-0.138,0.138,-0.215));
#11604=CARTESIAN_POINT('',(-0.088,0.138,-0.215));
#11605=CARTESIAN_POINT('',(-0.188,0.138,-0.215));
#11606=CARTESIAN_POINT('Origin',(-0.188,0.138,-0.058));
#11607=CARTESIAN_POINT('',(-0.188,0.138,-0.058));
#11608=CARTESIAN_POINT('Origin',(-0.138,0.138,-0.058));
#11609=CARTESIAN_POINT('',(-0.088,0.138,-0.058));
#11610=CARTESIAN_POINT('Origin',(-0.088,0.138,-0.215));
#11611=CARTESIAN_POINT('Origin',(0.34625,0.14170335612139,-0.36375));
#11612=CARTESIAN_POINT('',(0.34625,0.138,-0.27));
#11613=CARTESIAN_POINT('Origin',(-0.223,-0.1,-0.27));
#11614=CARTESIAN_POINT('Origin',(-0.874999999999999,-0.0944375000000002,
-1.062));
#11615=CARTESIAN_POINT('',(-0.919499999999999,-0.0888750000000001,-1.062));
#11616=CARTESIAN_POINT('Origin',(-0.874999999999999,-0.0888750000000001,
-1.062));
#11617=CARTESIAN_POINT('',(-0.925062499999999,-0.0944375000000002,-1.062));
#11618=CARTESIAN_POINT('Origin',(-0.874999999999999,0.593,-1.062));
#11619=CARTESIAN_POINT('',(-0.9195,0.593,-1.062));
#11620=CARTESIAN_POINT('Origin',(0.0619999999999999,-0.095625,0.125));
#11621=CARTESIAN_POINT('',(0.0269999999999999,-0.09125,0.125));
#11622=CARTESIAN_POINT('Origin',(0.0619999999999999,-0.09125,0.125));
#11623=CARTESIAN_POINT('',(0.0226249999999999,-0.095625,0.125));
#11624=CARTESIAN_POINT('Origin',(0.0619999999999999,0.14258162774926,0.125));
#11625=CARTESIAN_POINT('',(0.0269999999999999,0.11,0.125));
#11626=CARTESIAN_POINT('Origin',(0.0619999999999999,0.11,0.125));
#11627=CARTESIAN_POINT('',(0.0269999999999999,0.14258162774926,0.125));
#11628=CARTESIAN_POINT('Origin',(0.0619999999999999,0.11965908986489,0.125));
#11629=CARTESIAN_POINT('',(0.0619999999999999,0.13103012166596,0.125));
#11630=CARTESIAN_POINT('',(0.0430754250803199,0.11965908986489,0.125));
#11631=CARTESIAN_POINT('Origin',(0.644,-0.1,-0.525));
#11632=CARTESIAN_POINT('',(0.687,-0.1,-0.525));
#11633=CARTESIAN_POINT('Origin',(0.687,-0.1,-0.375));
#11634=CARTESIAN_POINT('',(0.837,-0.1,-0.375));
#11635=CARTESIAN_POINT('Origin',(0.837,-0.1,-0.375));
#11636=CARTESIAN_POINT('Origin',(0.125,-0.0944375000000002,-1.062));
#11637=CARTESIAN_POINT('',(0.0805000000000005,-0.0888750000000001,-1.062));
#11638=CARTESIAN_POINT('Origin',(0.125,-0.0888750000000001,-1.062));
#11639=CARTESIAN_POINT('',(0.0749375000000004,-0.0944375000000002,-1.062));
#11640=CARTESIAN_POINT('Origin',(0.125,0.593,-1.062));
#11641=CARTESIAN_POINT('',(0.0805000000000005,0.593,-1.062));
#11642=CARTESIAN_POINT('Origin',(0.6875,-0.0956250000000001,-0.717));
#11643=CARTESIAN_POINT('',(0.6525,-0.0912500000000001,-0.717));
#11644=CARTESIAN_POINT('Origin',(0.6875,-0.0912500000000001,-0.717));
#11645=CARTESIAN_POINT('',(0.648125,-0.0956250000000001,-0.717));
#11646=CARTESIAN_POINT('Origin',(0.6875,0.593,-0.717));
#11647=CARTESIAN_POINT('',(0.6525,0.593,-0.717));
#11648=CARTESIAN_POINT('Origin',(0.925,-0.1,-0.639999999999999));
#11649=CARTESIAN_POINT('',(0.8,-0.1,-0.64));
#11650=CARTESIAN_POINT('Origin',(0.0620000000000001,-0.095625,-0.379));
#11651=CARTESIAN_POINT('',(0.0270000000000001,-0.0912500000000001,-0.379));
#11652=CARTESIAN_POINT('Origin',(0.0620000000000001,-0.0912500000000001,
-0.379));
#11653=CARTESIAN_POINT('',(0.0226250000000001,-0.095625,-0.379));
#11654=CARTESIAN_POINT('Origin',(0.0620000000000001,0.593,-0.379));
#11655=CARTESIAN_POINT('',(0.0270000000000001,0.593,-0.379));
#11656=CARTESIAN_POINT('Origin',(0.213,-0.1,0.25));
#11657=CARTESIAN_POINT('Origin',(-0.488,-0.05,0.125));
#11658=CARTESIAN_POINT('',(-0.5505,-0.05,0.125));
#11659=CARTESIAN_POINT('Origin',(0.433,0.238,0.0865000000000002));
#11660=CARTESIAN_POINT('',(0.4645,0.238,0.0865000000000002));
#11661=CARTESIAN_POINT('Origin',(-0.6846018097308,0.038,0.125));
#11662=CARTESIAN_POINT('',(-0.7196018097308,0.058,0.125));
#11663=CARTESIAN_POINT('',(-0.7196018097308,0.038,0.125));
#11664=CARTESIAN_POINT('Origin',(-0.6846018097308,0.058,0.125));
#11665=CARTESIAN_POINT('Origin',(-0.6846018097308,0.058,0.125));
#11666=CARTESIAN_POINT('',(0.,0.,0.));
#11667=CARTESIAN_POINT('Origin',(1.74838271594513E-16,0.115,0.673));
#11668=CARTESIAN_POINT('',(-0.025,0.115,0.673));
#11669=CARTESIAN_POINT('Origin',(1.74838271594513E-16,0.115,0.673));
#11670=CARTESIAN_POINT('Origin',(1.75318656557091E-16,0.0925,0.673));
#11671=CARTESIAN_POINT('',(-0.0312499999999996,0.07,0.673));
#11672=CARTESIAN_POINT('Origin',(1.75799041519669E-16,0.07,0.673));
#11673=CARTESIAN_POINT('',(-0.0281249999999998,0.0925,0.673));
#11674=CARTESIAN_POINT('Origin',(1.74838271594513E-16,0.115,0.673));
#11675=CARTESIAN_POINT('',(-2.58125312269653E-14,-0.3025,0.64175));
#11676=CARTESIAN_POINT('',(-0.0312499999999998,-0.3025,0.673));
#11677=CARTESIAN_POINT('Origin',(1.83752081455686E-16,-0.3025,0.673));
#11678=CARTESIAN_POINT('Origin',(1.83752081455686E-16,-0.3025,0.673));
#11679=CARTESIAN_POINT('',(-0.0312499999999998,0.115,0.673));
#11680=CARTESIAN_POINT('Ctrl Pts',(-3.91372845524596E-14,-0.322499999999953,
0.661750001718821));
#11681=CARTESIAN_POINT('Ctrl Pts',(-0.0112499982811286,-0.322499999999946,
0.661750001718821));
#11682=CARTESIAN_POINT('Ctrl Pts',(-0.0112499982811286,-0.322499999999958,
0.67299999999991));
#11683=CARTESIAN_POINT('Ctrl Pts',(-0.0112499982811285,-0.322499999999971,
0.684249998281));
#11684=CARTESIAN_POINT('Ctrl Pts',(-3.91260435460528E-14,-0.322499999999978,
0.684249998281));
#11685=CARTESIAN_POINT('Ctrl Pts',(0.0112499982810503,-0.322499999999986,
0.684249998281));
#11686=CARTESIAN_POINT('Ctrl Pts',(0.0112499982810503,-0.322499999999973,
0.67299999999991));
#11687=CARTESIAN_POINT('Ctrl Pts',(0.0112499982810503,-0.322499999999961,
0.661750001718821));
#11688=CARTESIAN_POINT('Ctrl Pts',(-3.91372845524596E-14,-0.322499999999953,
0.661750001718821));
#11689=CARTESIAN_POINT('Ctrl Pts',(-3.91414238507478E-14,-0.322500000711977,
0.653465729967879));
#11690=CARTESIAN_POINT('Ctrl Pts',(-0.0195342700320703,-0.322500000711964,
0.653465729967879));
#11691=CARTESIAN_POINT('Ctrl Pts',(-0.0195342700320703,-0.322500000711986,
0.67299999999991));
#11692=CARTESIAN_POINT('Ctrl Pts',(-0.0195342700320703,-0.322500000712008,
0.692534270031941));
#11693=CARTESIAN_POINT('Ctrl Pts',(-3.91219051940249E-14,-0.322500000712021,
0.692534270031941));
#11694=CARTESIAN_POINT('Ctrl Pts',(0.019534270031992,-0.322500000712034,
0.692534270031941));
#11695=CARTESIAN_POINT('Ctrl Pts',(0.019534270031992,-0.322500000712012,
0.67299999999991));
#11696=CARTESIAN_POINT('Ctrl Pts',(0.019534270031992,-0.32250000071199,
0.653465729967879));
#11697=CARTESIAN_POINT('Ctrl Pts',(-3.91414238507478E-14,-0.322500000711977,
0.653465729967879));
#11698=CARTESIAN_POINT('Ctrl Pts',(-3.52519317394197E-14,-0.316642136231421,
0.647607864983869));
#11699=CARTESIAN_POINT('Ctrl Pts',(-0.0253921350160823,-0.316642136231404,
0.647607864983869));
#11700=CARTESIAN_POINT('Ctrl Pts',(-0.0253921350160823,-0.316642136231432,
0.672999999999917));
#11701=CARTESIAN_POINT('Ctrl Pts',(-0.0253921350160823,-0.31664213623146,
0.698392135015964));
#11702=CARTESIAN_POINT('Ctrl Pts',(-3.52265598997744E-14,-0.316642136231477,
0.698392135015964));
#11703=CARTESIAN_POINT('Ctrl Pts',(0.0253921350160119,-0.316642136231494,
0.698392135015964));
#11704=CARTESIAN_POINT('Ctrl Pts',(0.0253921350160119,-0.316642136231466,
0.672999999999917));
#11705=CARTESIAN_POINT('Ctrl Pts',(0.0253921350160118,-0.316642136231438,
0.647607864983869));
#11706=CARTESIAN_POINT('Ctrl Pts',(-3.52519317394197E-14,-0.316642136231421,
0.647607864983869));
#11707=CARTESIAN_POINT('Ctrl Pts',(-3.13624396280915E-14,-0.310784271750864,
0.64174999999986));
#11708=CARTESIAN_POINT('Ctrl Pts',(-0.0312500000000945,-0.310784271750843,
0.64174999999986));
#11709=CARTESIAN_POINT('Ctrl Pts',(-0.0312500000000944,-0.310784271750878,
0.672999999999923));
#11710=CARTESIAN_POINT('Ctrl Pts',(-0.0312500000000944,-0.310784271750912,
0.704249999999986));
#11711=CARTESIAN_POINT('Ctrl Pts',(-3.13312146055239E-14,-0.310784271750933,
0.704249999999986));
#11712=CARTESIAN_POINT('Ctrl Pts',(0.0312500000000318,-0.310784271750954,
0.704249999999986));
#11713=CARTESIAN_POINT('Ctrl Pts',(0.0312500000000318,-0.310784271750919,
0.672999999999923));
#11714=CARTESIAN_POINT('Ctrl Pts',(0.0312500000000317,-0.310784271750885,
0.64174999999986));
#11715=CARTESIAN_POINT('Ctrl Pts',(-3.13624396280915E-14,-0.310784271750864,
0.64174999999986));
#11716=CARTESIAN_POINT('Ctrl Pts',(-2.58577280716155E-14,-0.302499999999922,
0.641749999999894));
#11717=CARTESIAN_POINT('Ctrl Pts',(-0.0312500000000636,-0.302499999999902,
0.641749999999894));
#11718=CARTESIAN_POINT('Ctrl Pts',(-0.0312500000000636,-0.302499999999936,
0.672999999999932));
#11719=CARTESIAN_POINT('Ctrl Pts',(-0.0312500000000636,-0.302499999999971,
0.70424999999997));
#11720=CARTESIAN_POINT('Ctrl Pts',(-2.58265030490479E-14,-0.302499999999992,
0.70424999999997));
#11721=CARTESIAN_POINT('Ctrl Pts',(0.0312500000000119,-0.302500000000012,
0.70424999999997));
#11722=CARTESIAN_POINT('Ctrl Pts',(0.0312500000000119,-0.302499999999978,
0.672999999999932));
#11723=CARTESIAN_POINT('Ctrl Pts',(0.0312500000000119,-0.302499999999943,
0.641749999999894));
#11724=CARTESIAN_POINT('Ctrl Pts',(-2.58577280716155E-14,-0.302499999999922,
0.641749999999894));
#11725=CARTESIAN_POINT('',(-3.93076465507644E-14,-0.3225,0.6617500017188));
#11726=CARTESIAN_POINT('Origin',(1.84179090311311E-16,-0.3225,0.673));
#11727=CARTESIAN_POINT('Origin',(-2.58491137920836E-14,-0.302500000000006,
0.661749999999842));
#11728=CARTESIAN_POINT('Origin',(1.84179090311311E-16,-0.3225,0.673));
#11729=CARTESIAN_POINT('',(0.,0.,0.));
#11730=CARTESIAN_POINT('Origin',(1.03810223759242E-16,0.24,0.407999999999999));
#11731=CARTESIAN_POINT('',(-0.0250000000000001,0.24,0.407999999999999));
#11732=CARTESIAN_POINT('Origin',(1.03810223759242E-16,0.24,0.407999999999999));
#11733=CARTESIAN_POINT('Origin',(1.0429060872182E-16,0.2175,0.407999999999999));
#11734=CARTESIAN_POINT('',(-0.0312499999999997,0.195,0.407999999999999));
#11735=CARTESIAN_POINT('Origin',(1.04770993684398E-16,0.195,0.407999999999999));
#11736=CARTESIAN_POINT('',(-0.0281249999999999,0.2175,0.407999999999999));
#11737=CARTESIAN_POINT('Origin',(1.03810223759242E-16,0.24,0.407999999999999));
#11738=CARTESIAN_POINT('',(-1.5711512106595E-14,-0.24,0.376749999999999));
#11739=CARTESIAN_POINT('',(-0.0312499999999999,-0.24,0.407999999999999));
#11740=CARTESIAN_POINT('Origin',(1.14058436294243E-16,-0.24,0.407999999999999));
#11741=CARTESIAN_POINT('Origin',(1.14058436294243E-16,-0.24,0.407999999999999));
#11742=CARTESIAN_POINT('',(-0.0312499999999999,0.24,0.407999999999999));
#11743=CARTESIAN_POINT('Ctrl Pts',(-2.30849901900189E-14,-0.25999999999997,
0.396750002449151));
#11744=CARTESIAN_POINT('Ctrl Pts',(-0.0112499975507993,-0.259999999999966,
0.396750002449151));
#11745=CARTESIAN_POINT('Ctrl Pts',(-0.0112499975507993,-0.259999999999981,
0.407999999999927));
#11746=CARTESIAN_POINT('Ctrl Pts',(-0.0112499975507993,-0.259999999999996,
0.419249997550704));
#11747=CARTESIAN_POINT('Ctrl Pts',(-2.30737491843419E-14,-0.26,0.419249997550704));
#11748=CARTESIAN_POINT('Ctrl Pts',(0.0112499975507532,-0.260000000000004,
0.419249997550704));
#11749=CARTESIAN_POINT('Ctrl Pts',(0.0112499975507532,-0.259999999999989,
0.407999999999927));
#11750=CARTESIAN_POINT('Ctrl Pts',(0.0112499975507532,-0.259999999999974,
0.396750002449151));
#11751=CARTESIAN_POINT('Ctrl Pts',(-2.30849901900189E-14,-0.25999999999997,
0.396750002449151));
#11752=CARTESIAN_POINT('Ctrl Pts',(-2.30891293766854E-14,-0.260000001014474,
0.388465730484311));
#11753=CARTESIAN_POINT('Ctrl Pts',(-0.0195342695156399,-0.260000001014467,
0.388465730484311));
#11754=CARTESIAN_POINT('Ctrl Pts',(-0.0195342695156399,-0.260000001014494,
0.407999999999927));
#11755=CARTESIAN_POINT('Ctrl Pts',(-0.0195342695156399,-0.26000000101452,
0.427534269515544));
#11756=CARTESIAN_POINT('Ctrl Pts',(-2.30696107204784E-14,-0.260000001014527,
0.427534269515544));
#11757=CARTESIAN_POINT('Ctrl Pts',(0.0195342695155937,-0.260000001014534,
0.427534269515544));
#11758=CARTESIAN_POINT('Ctrl Pts',(0.0195342695155937,-0.260000001014508,
0.407999999999927));
#11759=CARTESIAN_POINT('Ctrl Pts',(0.0195342695155937,-0.260000001014481,
0.388465730484311));
#11760=CARTESIAN_POINT('Ctrl Pts',(-2.30891293766854E-14,-0.260000001014474,
0.388465730484311));
#11761=CARTESIAN_POINT('Ctrl Pts',(-2.10053051235926E-14,-0.254142136489613,
0.382607865242107));
#11762=CARTESIAN_POINT('Ctrl Pts',(-0.0253921347578496,-0.254142136489604,
0.382607865242107));
#11763=CARTESIAN_POINT('Ctrl Pts',(-0.0253921347578496,-0.254142136489639,
0.407999999999935));
#11764=CARTESIAN_POINT('Ctrl Pts',(-0.0253921347578496,-0.254142136489673,
0.433392134757764));
#11765=CARTESIAN_POINT('Ctrl Pts',(-2.09799332842053E-14,-0.254142136489682,
0.433392134757764));
#11766=CARTESIAN_POINT('Ctrl Pts',(0.0253921347578076,-0.254142136489691,
0.433392134757764));
#11767=CARTESIAN_POINT('Ctrl Pts',(0.0253921347578076,-0.254142136489657,
0.407999999999935));
#11768=CARTESIAN_POINT('Ctrl Pts',(0.0253921347578076,-0.254142136489622,
0.382607865242107));
#11769=CARTESIAN_POINT('Ctrl Pts',(-2.10053051235926E-14,-0.254142136489613,
0.382607865242107));
#11770=CARTESIAN_POINT('Ctrl Pts',(-1.89214808704998E-14,-0.248284271964752,
0.376749999999903));
#11771=CARTESIAN_POINT('Ctrl Pts',(-0.0312500000000593,-0.248284271964741,
0.376749999999903));
#11772=CARTESIAN_POINT('Ctrl Pts',(-0.0312500000000593,-0.248284271964783,
0.407999999999943));
#11773=CARTESIAN_POINT('Ctrl Pts',(-0.0312500000000593,-0.248284271964825,
0.439249999999983));
#11774=CARTESIAN_POINT('Ctrl Pts',(-1.88902558479322E-14,-0.248284271964837,
0.439249999999983));
#11775=CARTESIAN_POINT('Ctrl Pts',(0.0312500000000215,-0.248284271964848,
0.439249999999983));
#11776=CARTESIAN_POINT('Ctrl Pts',(0.0312500000000215,-0.248284271964806,
0.407999999999943));
#11777=CARTESIAN_POINT('Ctrl Pts',(0.0312500000000214,-0.248284271964764,
0.376749999999903));
#11778=CARTESIAN_POINT('Ctrl Pts',(-1.89214808704998E-14,-0.248284271964752,
0.376749999999903));
#11779=CARTESIAN_POINT('Ctrl Pts',(-1.59703693439579E-14,-0.239999999999912,
0.376749999999931));
#11780=CARTESIAN_POINT('Ctrl Pts',(-0.0312500000000393,-0.239999999999901,
0.376749999999931));
#11781=CARTESIAN_POINT('Ctrl Pts',(-0.0312500000000393,-0.239999999999943,
0.407999999999954));
#11782=CARTESIAN_POINT('Ctrl Pts',(-0.0312500000000393,-0.239999999999985,
0.439249999999978));
#11783=CARTESIAN_POINT('Ctrl Pts',(-1.59391443213903E-14,-0.239999999999996,
0.439249999999978));
#11784=CARTESIAN_POINT('Ctrl Pts',(0.0312500000000074,-0.240000000000007,
0.439249999999978));
#11785=CARTESIAN_POINT('Ctrl Pts',(0.0312500000000074,-0.239999999999965,
0.407999999999954));
#11786=CARTESIAN_POINT('Ctrl Pts',(0.0312500000000074,-0.239999999999923,
0.376749999999931));
#11787=CARTESIAN_POINT('Ctrl Pts',(-1.59703693439579E-14,-0.239999999999912,
0.376749999999931));
#11788=CARTESIAN_POINT('',(-2.24421942955282E-14,-0.26,0.396750002449139));
#11789=CARTESIAN_POINT('Origin',(1.14485445149869E-16,-0.26,0.407999999999999));
#11790=CARTESIAN_POINT('Origin',(-1.59617550644E-14,-0.23999999999998,0.396749999999921));
#11791=CARTESIAN_POINT('Origin',(1.14485445149869E-16,-0.26,0.407999999999999));
#11792=CARTESIAN_POINT('',(0.,0.,0.));
#11793=CARTESIAN_POINT('Origin',(0.,0.316,0.158));
#11794=CARTESIAN_POINT('',(-0.0689,0.316,0.158));
#11795=CARTESIAN_POINT('Origin',(0.,0.316,0.158));
#11796=CARTESIAN_POINT('',(-0.05315,0.316,0.158));
#11797=CARTESIAN_POINT('Origin',(0.,0.316,0.158));
#11798=CARTESIAN_POINT('Origin',(0.,0.316,0.158));
#11799=CARTESIAN_POINT('',(-0.0689,0.2609,0.158));
#11800=CARTESIAN_POINT('Origin',(1.17640939724704E-18,0.2609,0.158));
#11801=CARTESIAN_POINT('',(-0.0689,0.316,0.158));
#11802=CARTESIAN_POINT('Origin',(1.17640939724704E-18,0.2609,0.158));
#11803=CARTESIAN_POINT('',(-0.05315,0.2609,0.158));
#11804=CARTESIAN_POINT('Origin',(1.17640939724704E-18,0.2609,0.158));
#11805=CARTESIAN_POINT('Origin',(0.,0.316,0.158));
#11806=CARTESIAN_POINT('',(-0.05315,0.316,0.158));
#11807=CARTESIAN_POINT('',(0.,0.,1.11022302462516E-16));
#11808=CARTESIAN_POINT('',(0.432999999999999,0.1575,-0.5865));
#11809=CARTESIAN_POINT('',(-0.91,0.22,-0.454));
#11810=CARTESIAN_POINT('',(0.732,-0.0579999999999999,-0.329));
#11811=CARTESIAN_POINT('',(0.,0.,0.));
#11812=CARTESIAN_POINT('',(0.,0.,0.));
#11813=CARTESIAN_POINT('Origin',(0.401,0.465,-1.74838271594513E-16));
#11814=CARTESIAN_POINT('',(0.401,1.04,-0.287));
#11815=CARTESIAN_POINT('',(0.401,0.9725,-0.287));
#11816=CARTESIAN_POINT('',(0.401,1.04,-0.287));
#11817=CARTESIAN_POINT('',(0.401,1.14,-0.387000000000001));
#11818=CARTESIAN_POINT('',(0.401,1.14,-0.387000000000001));
#11819=CARTESIAN_POINT('',(0.401,1.14,-0.933));
#11820=CARTESIAN_POINT('',(0.401,1.14,-0.933));
#11821=CARTESIAN_POINT('',(0.401,1.04,-1.033));
#11822=CARTESIAN_POINT('',(0.401,1.14,-0.933));
#11823=CARTESIAN_POINT('',(0.401,-0.0640000000000001,-1.033));
#11824=CARTESIAN_POINT('',(0.401,-0.0640000000000001,-1.033));
#11825=CARTESIAN_POINT('',(0.401,-0.164,-0.933));
#11826=CARTESIAN_POINT('',(0.401,-0.0640000000000001,-1.033));
#11827=CARTESIAN_POINT('',(0.401,-0.164,-0.287));
#11828=CARTESIAN_POINT('',(0.401,-0.164,-0.287));
#11829=CARTESIAN_POINT('',(0.401,-0.0639999999999997,-0.187));
#11830=CARTESIAN_POINT('',(0.401,-0.164,-0.287));
#11831=CARTESIAN_POINT('',(0.401,0.2325,-0.187));
#11832=CARTESIAN_POINT('',(0.401,0.2325,-0.187));
#11833=CARTESIAN_POINT('',(0.401,0.295,-0.1245));
#11834=CARTESIAN_POINT('Origin',(0.401,0.2325,-0.1245));
#11835=CARTESIAN_POINT('',(0.401,0.295,-0.00150000000000009));
#11836=CARTESIAN_POINT('',(0.401,0.295,-0.00150000000000009));
#11837=CARTESIAN_POINT('',(0.401,0.2325,0.0609999999999999));
#11838=CARTESIAN_POINT('Origin',(0.401,0.2325,-0.00150000000000006));
#11839=CARTESIAN_POINT('',(0.401,-0.0639999999999996,0.0610000000000001));
#11840=CARTESIAN_POINT('',(0.401,-0.0639999999999996,0.0610000000000001));
#11841=CARTESIAN_POINT('',(0.401,-0.163999999999999,0.161));
#11842=CARTESIAN_POINT('',(0.401,-0.0639999999999996,0.0610000000000001));
#11843=CARTESIAN_POINT('',(0.401,-0.163999999999999,0.932));
#11844=CARTESIAN_POINT('',(0.401,-0.163999999999999,0.932));
#11845=CARTESIAN_POINT('',(0.401,-0.063999999999999,1.032));
#11846=CARTESIAN_POINT('',(0.401,-0.163999999999999,0.932));
#11847=CARTESIAN_POINT('',(0.401,0.138750000000001,1.032));
#11848=CARTESIAN_POINT('',(0.401,0.138750000000001,1.032));
#11849=CARTESIAN_POINT('',(0.401,0.138750000000001,0.9375));
#11850=CARTESIAN_POINT('',(0.401,0.138750000000001,1.032));
#11851=CARTESIAN_POINT('',(0.401,0.326250000000001,0.9375));
#11852=CARTESIAN_POINT('Origin',(0.401,0.232500000000001,0.9375));
#11853=CARTESIAN_POINT('',(0.401,0.326250000000001,1.032));
#11854=CARTESIAN_POINT('',(0.401,0.326250000000001,1.032));
#11855=CARTESIAN_POINT('',(0.401,0.810000000000001,1.032));
#11856=CARTESIAN_POINT('',(0.401,0.810000000000001,1.032));
#11857=CARTESIAN_POINT('',(0.401,0.910000000000001,0.932));
#11858=CARTESIAN_POINT('',(0.401,0.810000000000001,1.032));
#11859=CARTESIAN_POINT('',(0.401,0.91,-0.2245));
#11860=CARTESIAN_POINT('',(0.401,0.910000000000001,0.932));
#11861=CARTESIAN_POINT('Origin',(0.401,0.9725,-0.2245));
#11862=CARTESIAN_POINT('',(0.401,0.831500000000001,0.95));
#11863=CARTESIAN_POINT('Origin',(0.401,0.782500000000001,0.95));
#11864=CARTESIAN_POINT('',(0.401,0.310909,-0.0625000000000001));
#11865=CARTESIAN_POINT('Origin',(0.401,0.359909,-0.0625000000000001));
#11866=CARTESIAN_POINT('',(0.401,0.7485,-0.6875));
#11867=CARTESIAN_POINT('Origin',(0.401,0.6995,-0.6875));
#11868=CARTESIAN_POINT('',(0.401,0.0285000000000009,0.8785));
#11869=CARTESIAN_POINT('Origin',(0.401,0.0285000000000009,0.91));
#11870=CARTESIAN_POINT('',(0.401,-0.104,-0.4645));
#11871=CARTESIAN_POINT('Origin',(0.401,-0.104,-0.433));
#11872=CARTESIAN_POINT('Origin',(0.401,0.359909,-0.0625000000000001));
#11873=CARTESIAN_POINT('',(0.461,0.310909,-0.0625000000000001));
#11874=CARTESIAN_POINT('',(0.401,0.310909,-0.0625000000000001));
#11875=CARTESIAN_POINT('Origin',(0.461,0.359909,-0.0625000000000001));
#11876=CARTESIAN_POINT('Origin',(0.461,0.465,-1.73557245027638E-16));
#11877=CARTESIAN_POINT('',(0.461,0.91,-0.2245));
#11878=CARTESIAN_POINT('',(0.461,0.910000000000001,0.932));
#11879=CARTESIAN_POINT('',(0.461,0.91,-0.2245));
#11880=CARTESIAN_POINT('',(0.461,0.810000000000001,1.032));
#11881=CARTESIAN_POINT('',(0.461,0.810000000000001,1.032));
#11882=CARTESIAN_POINT('',(0.461,0.326250000000001,1.032));
#11883=CARTESIAN_POINT('',(0.461,0.810000000000001,1.032));
#11884=CARTESIAN_POINT('',(0.461,0.326250000000001,0.9375));
#11885=CARTESIAN_POINT('',(0.461,0.326250000000001,1.032));
#11886=CARTESIAN_POINT('',(0.461,0.138750000000001,0.9375));
#11887=CARTESIAN_POINT('Origin',(0.461,0.232500000000001,0.9375));
#11888=CARTESIAN_POINT('',(0.461,0.138750000000001,1.032));
#11889=CARTESIAN_POINT('',(0.461,0.138750000000001,1.032));
#11890=CARTESIAN_POINT('',(0.461,-0.063999999999999,1.032));
#11891=CARTESIAN_POINT('',(0.461,0.138750000000001,1.032));
#11892=CARTESIAN_POINT('',(0.461,-0.163999999999999,0.932));
#11893=CARTESIAN_POINT('',(0.461,-0.163999999999999,0.932));
#11894=CARTESIAN_POINT('',(0.461,-0.163999999999999,0.161));
#11895=CARTESIAN_POINT('',(0.461,-0.163999999999999,0.932));
#11896=CARTESIAN_POINT('',(0.461,-0.0639999999999996,0.0610000000000001));
#11897=CARTESIAN_POINT('',(0.461,-0.0639999999999996,0.0610000000000001));
#11898=CARTESIAN_POINT('',(0.461,0.2325,0.0609999999999999));
#11899=CARTESIAN_POINT('',(0.461,-0.0639999999999996,0.0610000000000001));
#11900=CARTESIAN_POINT('',(0.461,0.295,-0.00150000000000009));
#11901=CARTESIAN_POINT('Origin',(0.461,0.2325,-0.00150000000000006));
#11902=CARTESIAN_POINT('',(0.461,0.295,-0.1245));
#11903=CARTESIAN_POINT('',(0.461,0.295,-0.00150000000000009));
#11904=CARTESIAN_POINT('',(0.461,0.2325,-0.187));
#11905=CARTESIAN_POINT('Origin',(0.461,0.2325,-0.1245));
#11906=CARTESIAN_POINT('',(0.461,-0.0639999999999997,-0.187));
#11907=CARTESIAN_POINT('',(0.461,0.2325,-0.187));
#11908=CARTESIAN_POINT('',(0.461,-0.164,-0.287));
#11909=CARTESIAN_POINT('',(0.461,-0.164,-0.287));
#11910=CARTESIAN_POINT('',(0.461,-0.164,-0.933));
#11911=CARTESIAN_POINT('',(0.461,-0.164,-0.287));
#11912=CARTESIAN_POINT('',(0.461,-0.0640000000000001,-1.033));
#11913=CARTESIAN_POINT('',(0.461,-0.0640000000000001,-1.033));
#11914=CARTESIAN_POINT('',(0.461,1.04,-1.033));
#11915=CARTESIAN_POINT('',(0.461,-0.0640000000000001,-1.033));
#11916=CARTESIAN_POINT('',(0.461,1.14,-0.933));
#11917=CARTESIAN_POINT('',(0.461,1.14,-0.933));
#11918=CARTESIAN_POINT('',(0.461,1.14,-0.387000000000001));
#11919=CARTESIAN_POINT('',(0.461,1.14,-0.933));
#11920=CARTESIAN_POINT('',(0.461,1.04,-0.287));
#11921=CARTESIAN_POINT('',(0.461,1.14,-0.387000000000001));
#11922=CARTESIAN_POINT('',(0.461,0.9725,-0.287));
#11923=CARTESIAN_POINT('',(0.461,1.04,-0.287));
#11924=CARTESIAN_POINT('Origin',(0.461,0.9725,-0.2245));
#11925=CARTESIAN_POINT('',(0.461,0.831500000000001,0.95));
#11926=CARTESIAN_POINT('Origin',(0.461,0.782500000000001,0.95));
#11927=CARTESIAN_POINT('',(0.461,0.7485,-0.6875));
#11928=CARTESIAN_POINT('Origin',(0.461,0.6995,-0.6875));
#11929=CARTESIAN_POINT('',(0.461,0.0285000000000009,0.8785));
#11930=CARTESIAN_POINT('Origin',(0.461,0.0285000000000009,0.91));
#11931=CARTESIAN_POINT('',(0.461,-0.104,-0.4645));
#11932=CARTESIAN_POINT('Origin',(0.461,-0.104,-0.433));
#11933=CARTESIAN_POINT('Origin',(0.461,0.782500000000001,0.95));
#11934=CARTESIAN_POINT('',(0.461,0.831500000000001,0.95));
#11935=CARTESIAN_POINT('Origin',(0.401,0.91,-0.187));
#11936=CARTESIAN_POINT('',(0.461,0.91,-0.2245));
#11937=CARTESIAN_POINT('',(0.401,0.910000000000001,0.932));
#11938=CARTESIAN_POINT('Origin',(0.46482265092575,0.9725,-0.2245));
#11939=CARTESIAN_POINT('',(0.461,0.9725,-0.287));
#11940=CARTESIAN_POINT('Origin',(0.461,0.91,-0.287));
#11941=CARTESIAN_POINT('',(0.401,1.04,-0.287));
#11942=CARTESIAN_POINT('Origin',(0.401,1.14,-0.387000000000001));
#11943=CARTESIAN_POINT('',(0.401,1.14,-0.387000000000001));
#11944=CARTESIAN_POINT('Origin',(0.401,1.14,-1.033));
#11945=CARTESIAN_POINT('',(0.401,1.14,-0.933));
#11946=CARTESIAN_POINT('Origin',(0.401,1.14,-0.933));
#11947=CARTESIAN_POINT('',(0.401,1.04,-1.033));
#11948=CARTESIAN_POINT('Origin',(0.401,-0.164,-1.033));
#11949=CARTESIAN_POINT('',(0.401,-0.0640000000000001,-1.033));
#11950=CARTESIAN_POINT('Origin',(0.401,-0.0640000000000001,-1.033));
#11951=CARTESIAN_POINT('',(0.401,-0.164,-0.933));
#11952=CARTESIAN_POINT('Origin',(0.401,-0.164,-0.187));
#11953=CARTESIAN_POINT('',(0.401,-0.164,-0.287));
#11954=CARTESIAN_POINT('Origin',(0.401,-0.164,-0.287));
#11955=CARTESIAN_POINT('',(0.401,-0.0639999999999997,-0.187));
#11956=CARTESIAN_POINT('Origin',(0.401,0.295,-0.187));
#11957=CARTESIAN_POINT('',(0.401,0.2325,-0.187));
#11958=CARTESIAN_POINT('Origin',(0.397733744124639,0.2325,-0.1245));
#11959=CARTESIAN_POINT('',(0.401,0.295,-0.1245));
#11960=CARTESIAN_POINT('Origin',(0.401,0.295,0.0609999999999999));
#11961=CARTESIAN_POINT('',(0.401,0.295,-0.00150000000000009));
#11962=CARTESIAN_POINT('Origin',(0.397733744124639,0.2325,-0.00150000000000006));
#11963=CARTESIAN_POINT('',(0.401,0.2325,0.0609999999999999));
#11964=CARTESIAN_POINT('Origin',(0.401,-0.164,0.0610000000000001));
#11965=CARTESIAN_POINT('',(0.401,-0.0639999999999996,0.0610000000000001));
#11966=CARTESIAN_POINT('Origin',(0.401,-0.0639999999999996,0.0610000000000001));
#11967=CARTESIAN_POINT('',(0.401,-0.163999999999999,0.161));
#11968=CARTESIAN_POINT('Origin',(0.401,-0.163999999999999,1.032));
#11969=CARTESIAN_POINT('',(0.401,-0.163999999999999,0.932));
#11970=CARTESIAN_POINT('Origin',(0.401,-0.163999999999999,0.932));
#11971=CARTESIAN_POINT('',(0.401,-0.063999999999999,1.032));
#11972=CARTESIAN_POINT('Origin',(0.401,0.910000000000001,1.032));
#11973=CARTESIAN_POINT('',(0.401,0.326250000000001,1.032));
#11974=CARTESIAN_POINT('',(0.401,0.810000000000001,1.032));
#11975=CARTESIAN_POINT('Origin',(0.401,0.910000000000001,1.032));
#11976=CARTESIAN_POINT('',(0.401,0.138750000000001,1.032));
#11977=CARTESIAN_POINT('Origin',(0.461,0.326250000000001,0.9375));
#11978=CARTESIAN_POINT('',(0.461,0.326250000000001,0.9375));
#11979=CARTESIAN_POINT('Origin',(0.461,0.232500000000001,0.9375));
#11980=CARTESIAN_POINT('',(0.461,0.138750000000001,0.9375));
#11981=CARTESIAN_POINT('Origin',(0.461,0.138750000000001,1.032));
#11982=CARTESIAN_POINT('Origin',(0.401,0.810000000000001,1.032));
#11983=CARTESIAN_POINT('Origin',(0.461,0.6995,-0.6875));
#11984=CARTESIAN_POINT('',(0.461,0.7485,-0.6875));
#11985=CARTESIAN_POINT('Origin',(0.461,0.0285000000000009,0.91));
#11986=CARTESIAN_POINT('',(0.461,0.0285000000000008,0.8785));
#11987=CARTESIAN_POINT('Origin',(0.461,-0.104,-0.433));
#11988=CARTESIAN_POINT('',(0.461,-0.104,-0.4645));
#11989=CARTESIAN_POINT('',(0.,0.,0.));
#11990=CARTESIAN_POINT('Origin',(1.617,4.19120993379329E-16,0.0830000000000001));
#11991=CARTESIAN_POINT('',(1.617,-0.1171212622384,-0.159));
#11992=CARTESIAN_POINT('',(1.617,-0.0597187377615596,-0.159));
#11993=CARTESIAN_POINT('',(1.617,-0.1171212622384,-0.159));
#11994=CARTESIAN_POINT('',(1.617,0.00450000000000041,-0.159));
#11995=CARTESIAN_POINT('',(1.617,0.00450000000000041,-0.159));
#11996=CARTESIAN_POINT('',(1.617,0.00450000000000042,-0.0666862915009998));
#11997=CARTESIAN_POINT('',(1.617,0.00450000000000041,-0.159));
#11998=CARTESIAN_POINT('',(1.617,0.3385,-0.0666862915009998));
#11999=CARTESIAN_POINT('',(1.617,0.00450000000000042,-0.0666862915009998));
#12000=CARTESIAN_POINT('',(1.617,0.3385,0.301));
#12001=CARTESIAN_POINT('',(1.617,0.3385,-0.0666862915009998));
#12002=CARTESIAN_POINT('',(1.617,-0.3545,0.301));
#12003=CARTESIAN_POINT('',(1.617,0.3385,0.301));
#12004=CARTESIAN_POINT('',(1.617,-0.3545,-0.0589999999999998));
#12005=CARTESIAN_POINT('',(1.617,-0.3545,-0.0589999999999998));
#12006=CARTESIAN_POINT('',(1.617,-0.1675,-0.0589999999999998));
#12007=CARTESIAN_POINT('',(1.617,-0.3545,-0.0589999999999998));
#12008=CARTESIAN_POINT('',(1.617,-0.1675,-0.159));
#12009=CARTESIAN_POINT('',(1.617,-0.1675,-0.159));
#12010=CARTESIAN_POINT('',(1.617,-0.1171212622384,-0.159));
#12011=CARTESIAN_POINT('Origin',(1.617,4.13954186226266E-16,-0.159));
#12012=CARTESIAN_POINT('',(1.63123,-0.10595,-0.159));
#12013=CARTESIAN_POINT('Origin',(1.61973,-0.10595,-0.159));
#12014=CARTESIAN_POINT('',(1.63123,-0.0708899999999996,-0.159));
#12015=CARTESIAN_POINT('',(1.63123,-0.0708899999999996,-0.159));
#12016=CARTESIAN_POINT('Origin',(1.61973,-0.0708899999999996,-0.159));
#12017=CARTESIAN_POINT('Origin',(1.617,4.13954186226266E-16,-0.159));
#12018=CARTESIAN_POINT('',(1.339,-0.1171212622384,-0.159));
#12019=CARTESIAN_POINT('',(1.339,-0.0597187377615597,-0.159));
#12020=CARTESIAN_POINT('',(1.339,-0.1171212622384,-0.159));
#12021=CARTESIAN_POINT('',(1.32477,-0.0708899999999997,-0.159));
#12022=CARTESIAN_POINT('Origin',(1.33627,-0.0708899999999997,-0.159));
#12023=CARTESIAN_POINT('',(1.32477,-0.10595,-0.159));
#12024=CARTESIAN_POINT('',(1.32477,-0.10595,-0.159));
#12025=CARTESIAN_POINT('Origin',(1.33627,-0.10595,-0.159));
#12026=CARTESIAN_POINT('Origin',(1.617,4.13954186226266E-16,-0.159));
#12027=CARTESIAN_POINT('',(1.50355269520099,-0.3545,-0.159));
#12028=CARTESIAN_POINT('',(1.45044730479901,-0.3545,-0.159));
#12029=CARTESIAN_POINT('',(1.50355269520099,-0.3545,-0.159));
#12030=CARTESIAN_POINT('',(1.4585,-0.35779,-0.159));
#12031=CARTESIAN_POINT('Origin',(1.4585,-0.34629,-0.159));
#12032=CARTESIAN_POINT('',(1.4955,-0.35779,-0.159));
#12033=CARTESIAN_POINT('',(1.4955,-0.35779,-0.159));
#12034=CARTESIAN_POINT('Origin',(1.4955,-0.34629,-0.159));
#12035=CARTESIAN_POINT('Origin',(1.61973,-0.0708899999999996,-0.159));
#12036=CARTESIAN_POINT('',(1.60823,-0.0708899999999996,-0.159));
#12037=CARTESIAN_POINT('Origin',(1.61973,-0.0708899999999996,-0.159));
#12038=CARTESIAN_POINT('',(1.63123,-0.0708899999999996,-0.284));
#12039=CARTESIAN_POINT('',(1.63123,-0.0708899999999996,-0.159));
#12040=CARTESIAN_POINT('',(1.60823,-0.0708899999999996,-0.284));
#12041=CARTESIAN_POINT('Origin',(1.61973,-0.0708899999999996,-0.284));
#12042=CARTESIAN_POINT('',(1.60823,-0.0708899999999996,-0.159));
#12043=CARTESIAN_POINT('Origin',(1.617,0.3545,-0.159));
#12044=CARTESIAN_POINT('',(1.4585,-0.33479,-0.159));
#12045=CARTESIAN_POINT('',(1.4955,-0.33479,-0.159));
#12046=CARTESIAN_POINT('',(1.4585,-0.33479,-0.159));
#12047=CARTESIAN_POINT('Origin',(1.4585,-0.34629,-0.159));
#12048=CARTESIAN_POINT('',(1.303,-0.3545,-0.159));
#12049=CARTESIAN_POINT('',(1.45044730479901,-0.3545,-0.159));
#12050=CARTESIAN_POINT('',(1.303,-0.1675,-0.159));
#12051=CARTESIAN_POINT('',(1.303,-0.1675,-0.159));
#12052=CARTESIAN_POINT('',(1.339,-0.1675,-0.159));
#12053=CARTESIAN_POINT('',(1.339,-0.1675,-0.159));
#12054=CARTESIAN_POINT('',(1.339,-0.1171212622384,-0.159));
#12055=CARTESIAN_POINT('',(1.34777,-0.10595,-0.159));
#12056=CARTESIAN_POINT('Origin',(1.33627,-0.10595,-0.159));
#12057=CARTESIAN_POINT('',(1.34777,-0.0708899999999997,-0.159));
#12058=CARTESIAN_POINT('',(1.34777,-0.0708899999999997,-0.159));
#12059=CARTESIAN_POINT('Origin',(1.33627,-0.0708899999999997,-0.159));
#12060=CARTESIAN_POINT('',(1.339,0.00450000000000027,-0.159));
#12061=CARTESIAN_POINT('',(1.339,0.00450000000000027,-0.159));
#12062=CARTESIAN_POINT('',(1.43131370849898,0.00450000000000032,-0.159));
#12063=CARTESIAN_POINT('',(1.339,0.00450000000000027,-0.159));
#12064=CARTESIAN_POINT('',(1.43131370849898,0.3385,-0.159));
#12065=CARTESIAN_POINT('',(1.43131370849898,0.00450000000000032,-0.159));
#12066=CARTESIAN_POINT('',(1.52468629150102,0.3385,-0.159));
#12067=CARTESIAN_POINT('',(1.52468629150102,0.3385,-0.159));
#12068=CARTESIAN_POINT('',(1.52468629150102,0.00450000000000037,-0.159));
#12069=CARTESIAN_POINT('',(1.52468629150102,0.3385,-0.159));
#12070=CARTESIAN_POINT('',(1.52468629150102,0.00450000000000037,-0.159));
#12071=CARTESIAN_POINT('',(1.60823,-0.10595,-0.159));
#12072=CARTESIAN_POINT('',(1.60823,-0.10595,-0.159));
#12073=CARTESIAN_POINT('Origin',(1.61973,-0.10595,-0.159));
#12074=CARTESIAN_POINT('',(1.653,-0.1675,-0.159));
#12075=CARTESIAN_POINT('',(1.617,-0.1675,-0.159));
#12076=CARTESIAN_POINT('',(1.653,-0.3545,-0.159));
#12077=CARTESIAN_POINT('',(1.653,-0.3545,-0.159));
#12078=CARTESIAN_POINT('',(1.653,-0.3545,-0.159));
#12079=CARTESIAN_POINT('Origin',(1.4955,-0.34629,-0.159));
#12080=CARTESIAN_POINT('',(1.54856,-0.26755,-0.159));
#12081=CARTESIAN_POINT('Origin',(1.53706,-0.26755,-0.159));
#12082=CARTESIAN_POINT('',(1.43045,-0.18881,-0.159));
#12083=CARTESIAN_POINT('Origin',(1.41895,-0.18881,-0.159));
#12084=CARTESIAN_POINT('',(1.54856,-0.18881,-0.159));
#12085=CARTESIAN_POINT('Origin',(1.53706,-0.18881,-0.159));
#12086=CARTESIAN_POINT('',(1.43045,-0.11007,-0.159));
#12087=CARTESIAN_POINT('Origin',(1.41895,-0.11007,-0.159));
#12088=CARTESIAN_POINT('',(1.54856,-0.11007,-0.159));
#12089=CARTESIAN_POINT('Origin',(1.53706,-0.11007,-0.159));
#12090=CARTESIAN_POINT('',(1.43045,-0.26755,-0.159));
#12091=CARTESIAN_POINT('Origin',(1.41895,-0.26755,-0.159));
#12092=CARTESIAN_POINT('Origin',(1.41895,-0.26755,-0.159));
#12093=CARTESIAN_POINT('',(1.43045,-0.26755,-0.284));
#12094=CARTESIAN_POINT('Origin',(1.41895,-0.26755,-0.284));
#12095=CARTESIAN_POINT('',(1.43045,-0.26755,-0.159));
#12096=CARTESIAN_POINT('Origin',(1.49889,-0.15748,-0.284));
#12097=CARTESIAN_POINT('Origin',(1.53706,-0.26755,-0.159));
#12098=CARTESIAN_POINT('',(1.54856,-0.26755,-0.284));
#12099=CARTESIAN_POINT('Origin',(1.53706,-0.26755,-0.284));
#12100=CARTESIAN_POINT('',(1.54856,-0.26755,-0.159));
#12101=CARTESIAN_POINT('Origin',(1.617,-0.15748,-0.284));
#12102=CARTESIAN_POINT('Origin',(1.41895,-0.18881,-0.159));
#12103=CARTESIAN_POINT('',(1.43045,-0.18881,-0.284));
#12104=CARTESIAN_POINT('Origin',(1.41895,-0.18881,-0.284));
#12105=CARTESIAN_POINT('',(1.43045,-0.18881,-0.159));
#12106=CARTESIAN_POINT('Origin',(1.49889,-0.0787399999999997,-0.284));
#12107=CARTESIAN_POINT('Origin',(1.53706,-0.18881,-0.159));
#12108=CARTESIAN_POINT('',(1.54856,-0.18881,-0.284));
#12109=CARTESIAN_POINT('Origin',(1.53706,-0.18881,-0.284));
#12110=CARTESIAN_POINT('',(1.54856,-0.18881,-0.159));
#12111=CARTESIAN_POINT('Origin',(1.617,-0.0787399999999996,-0.284));
#12112=CARTESIAN_POINT('Origin',(1.41895,-0.11007,-0.159));
#12113=CARTESIAN_POINT('',(1.43045,-0.11007,-0.284));
#12114=CARTESIAN_POINT('Origin',(1.41895,-0.11007,-0.284));
#12115=CARTESIAN_POINT('',(1.43045,-0.11007,-0.159));
#12116=CARTESIAN_POINT('Origin',(1.49889,3.52277582231295E-16,-0.284));
#12117=CARTESIAN_POINT('Origin',(1.53706,-0.11007,-0.159));
#12118=CARTESIAN_POINT('',(1.54856,-0.11007,-0.284));
#12119=CARTESIAN_POINT('Origin',(1.53706,-0.11007,-0.284));
#12120=CARTESIAN_POINT('',(1.54856,-0.11007,-0.159));
#12121=CARTESIAN_POINT('Origin',(1.617,4.11285380878609E-16,-0.284));
#12122=CARTESIAN_POINT('Origin',(1.4585,-0.33479,-0.159));
#12123=CARTESIAN_POINT('',(1.4955,-0.33479,-0.284));
#12124=CARTESIAN_POINT('',(1.4955,-0.33479,-0.159));
#12125=CARTESIAN_POINT('',(1.4585,-0.33479,-0.284));
#12126=CARTESIAN_POINT('',(1.4585,-0.33479,-0.284));
#12127=CARTESIAN_POINT('',(1.4585,-0.33479,-0.159));
#12128=CARTESIAN_POINT('Origin',(1.4585,-0.34629,-0.159));
#12129=CARTESIAN_POINT('',(1.4585,-0.35779,-0.284));
#12130=CARTESIAN_POINT('Origin',(1.4585,-0.34629,-0.284));
#12131=CARTESIAN_POINT('',(1.4585,-0.35779,-0.159));
#12132=CARTESIAN_POINT('Origin',(1.4955,-0.35779,-0.159));
#12133=CARTESIAN_POINT('',(1.4955,-0.35779,-0.284));
#12134=CARTESIAN_POINT('',(1.4955,-0.35779,-0.284));
#12135=CARTESIAN_POINT('',(1.4955,-0.35779,-0.159));
#12136=CARTESIAN_POINT('Origin',(1.4955,-0.34629,-0.159));
#12137=CARTESIAN_POINT('Origin',(1.4955,-0.34629,-0.284));
#12138=CARTESIAN_POINT('Origin',(1.617,4.11285380878609E-16,-0.284));
#12139=CARTESIAN_POINT('Origin',(1.617,4.11285380878609E-16,-0.284));
#12140=CARTESIAN_POINT('',(1.63123,-0.10595,-0.284));
#12141=CARTESIAN_POINT('',(1.63123,-0.0708899999999996,-0.284));
#12142=CARTESIAN_POINT('',(1.60823,-0.10595,-0.284));
#12143=CARTESIAN_POINT('Origin',(1.61973,-0.10595,-0.284));
#12144=CARTESIAN_POINT('',(1.60823,-0.10595,-0.284));
#12145=CARTESIAN_POINT('Origin',(1.617,4.11285380878609E-16,-0.284));
#12146=CARTESIAN_POINT('',(1.34777,-0.0708899999999997,-0.284));
#12147=CARTESIAN_POINT('',(1.34777,-0.10595,-0.284));
#12148=CARTESIAN_POINT('',(1.34777,-0.0708899999999997,-0.284));
#12149=CARTESIAN_POINT('',(1.32477,-0.10595,-0.284));
#12150=CARTESIAN_POINT('Origin',(1.33627,-0.10595,-0.284));
#12151=CARTESIAN_POINT('',(1.32477,-0.0708899999999997,-0.284));
#12152=CARTESIAN_POINT('',(1.32477,-0.10595,-0.284));
#12153=CARTESIAN_POINT('Origin',(1.33627,-0.0708899999999997,-0.284));
#12154=CARTESIAN_POINT('Origin',(1.60823,-0.10595,-0.159));
#12155=CARTESIAN_POINT('',(1.60823,-0.10595,-0.159));
#12156=CARTESIAN_POINT('Origin',(1.61973,-0.10595,-0.159));
#12157=CARTESIAN_POINT('',(1.63123,-0.10595,-0.159));
#12158=CARTESIAN_POINT('Origin',(1.63123,-0.0708899999999996,-0.159));
#12159=CARTESIAN_POINT('Origin',(1.34777,-0.0708899999999997,-0.159));
#12160=CARTESIAN_POINT('',(1.34777,-0.10595,-0.159));
#12161=CARTESIAN_POINT('',(1.34777,-0.0708899999999997,-0.159));
#12162=CARTESIAN_POINT('Origin',(1.33627,-0.0708899999999997,-0.159));
#12163=CARTESIAN_POINT('',(1.32477,-0.0708899999999997,-0.159));
#12164=CARTESIAN_POINT('Origin',(1.32477,-0.10595,-0.159));
#12165=CARTESIAN_POINT('',(1.32477,-0.10595,-0.159));
#12166=CARTESIAN_POINT('Origin',(1.33627,-0.10595,-0.159));
#12167=CARTESIAN_POINT('Origin',(1.617,-0.3545,-0.159));
#12168=CARTESIAN_POINT('',(1.653,-0.3545,-0.0589999999999998));
#12169=CARTESIAN_POINT('',(1.653,-0.3545,-0.0589999999999998));
#12170=CARTESIAN_POINT('',(1.617,-0.3545,-0.0589999999999998));
#12171=CARTESIAN_POINT('',(1.593,-0.3545,0.325));
#12172=CARTESIAN_POINT('Origin',(1.593,-0.3545,0.301));
#12173=CARTESIAN_POINT('',(1.363,-0.3545,0.325));
#12174=CARTESIAN_POINT('',(1.593,-0.3545,0.325));
#12175=CARTESIAN_POINT('',(1.339,-0.3545,0.301));
#12176=CARTESIAN_POINT('Origin',(1.363,-0.3545,0.301));
#12177=CARTESIAN_POINT('',(1.339,-0.3545,-0.0589999999999999));
#12178=CARTESIAN_POINT('',(1.339,-0.3545,-0.0589999999999999));
#12179=CARTESIAN_POINT('',(1.303,-0.3545,-0.0589999999999999));
#12180=CARTESIAN_POINT('',(1.339,-0.3545,-0.0589999999999999));
#12181=CARTESIAN_POINT('',(1.303,-0.3545,-0.159));
#12182=CARTESIAN_POINT('Origin',(1.303,2.62246479999795E-16,0.0830000000000001));
#12183=CARTESIAN_POINT('',(1.303,-0.1675,-0.0589999999999999));
#12184=CARTESIAN_POINT('',(1.303,-0.3545,-0.0589999999999999));
#12185=CARTESIAN_POINT('',(1.303,-0.1675,-0.0589999999999999));
#12186=CARTESIAN_POINT('Origin',(1.339,-0.1675,-0.0589999999999999));
#12187=CARTESIAN_POINT('',(1.339,-0.1675,-0.0589999999999999));
#12188=CARTESIAN_POINT('',(1.339,-0.1675,-0.159));
#12189=CARTESIAN_POINT('',(1.339,-0.1675,-0.0589999999999999));
#12190=CARTESIAN_POINT('Origin',(1.339,2.80232092998722E-16,0.0830000000000001));
#12191=CARTESIAN_POINT('',(1.339,-0.3545,-0.0589999999999999));
#12192=CARTESIAN_POINT('',(1.339,0.3385,0.301));
#12193=CARTESIAN_POINT('',(1.339,-0.3545,0.301));
#12194=CARTESIAN_POINT('',(1.339,0.3385,-0.0666862915009999));
#12195=CARTESIAN_POINT('',(1.339,0.3385,-0.0666862915009999));
#12196=CARTESIAN_POINT('',(1.339,0.00450000000000028,-0.0666862915009999));
#12197=CARTESIAN_POINT('',(1.339,0.3385,-0.0666862915009999));
#12198=CARTESIAN_POINT('',(1.339,0.00450000000000028,-0.0666862915009999));
#12199=CARTESIAN_POINT('Origin',(1.617,0.00450000000000042,0.0830000000000001));
#12200=CARTESIAN_POINT('',(1.3460294372515,0.00450000000000028,-0.0836568542494999));
#12201=CARTESIAN_POINT('Origin',(1.363,0.00450000000000029,-0.0666862915009999));
#12202=CARTESIAN_POINT('',(1.41434314575051,0.00450000000000031,-0.1519705627485));
#12203=CARTESIAN_POINT('',(1.3460294372515,0.00450000000000028,-0.0836568542494999));
#12204=CARTESIAN_POINT('Origin',(1.43131370849898,0.00450000000000032,-0.135));
#12205=CARTESIAN_POINT('Origin',(1.617,0.00450000000000042,0.0830000000000001));
#12206=CARTESIAN_POINT('',(1.54165685424949,0.00450000000000038,-0.1519705627485));
#12207=CARTESIAN_POINT('',(1.6099705627485,0.00450000000000041,-0.0836568542494998));
#12208=CARTESIAN_POINT('',(1.54165685424949,0.00450000000000038,-0.1519705627485));
#12209=CARTESIAN_POINT('Origin',(1.593,0.0045000000000004,-0.0666862915009998));
#12210=CARTESIAN_POINT('Origin',(1.52468629150102,0.00450000000000037,-0.135));
#12211=CARTESIAN_POINT('Origin',(1.43131370849898,-0.3564939051521,-0.135));
#12212=CARTESIAN_POINT('',(1.43131370849898,0.3545,-0.159));
#12213=CARTESIAN_POINT('',(1.43131370849898,0.3545,-0.159));
#12214=CARTESIAN_POINT('',(1.41434314575051,0.3545,-0.1519705627485));
#12215=CARTESIAN_POINT('',(1.41434314575051,0.00450000000000031,-0.1519705627485));
#12216=CARTESIAN_POINT('Origin',(1.43131370849898,0.3545,-0.135));
#12217=CARTESIAN_POINT('Origin',(1.43131370849898,0.3545,-0.143));
#12218=CARTESIAN_POINT('',(1.43131370849898,0.3545,-0.18275));
#12219=CARTESIAN_POINT('',(1.43131370849898,0.3545,-0.159));
#12220=CARTESIAN_POINT('',(1.43131370849898,0.3385,-0.18275));
#12221=CARTESIAN_POINT('',(1.43131370849898,0.3545,-0.18275));
#12222=CARTESIAN_POINT('',(1.43131370849898,0.3385,-0.159));
#12223=CARTESIAN_POINT('Origin',(1.617,0.3385,0.325));
#12224=CARTESIAN_POINT('',(1.6169791576166,0.3385,-0.0676862915009998));
#12225=CARTESIAN_POINT('Origin',(1.593,0.3385,-0.0666862915009998));
#12226=CARTESIAN_POINT('',(1.64139,0.3385,-0.0676862915009998));
#12227=CARTESIAN_POINT('',(1.6169791576166,0.3385,-0.0676862915009998));
#12228=CARTESIAN_POINT('',(1.64139,0.3385,0.301));
#12229=CARTESIAN_POINT('',(1.64139,0.3385,-0.0676862915009998));
#12230=CARTESIAN_POINT('',(1.64139,0.3385,0.301));
#12231=CARTESIAN_POINT('Origin',(1.617,0.3385,0.325));
#12232=CARTESIAN_POINT('',(1.31461,0.3385,0.301));
#12233=CARTESIAN_POINT('',(1.339,0.3385,0.301));
#12234=CARTESIAN_POINT('',(1.31461,0.3385,-0.0676862915009999));
#12235=CARTESIAN_POINT('',(1.31461,0.3385,0.301));
#12236=CARTESIAN_POINT('',(1.3390208423834,0.3385,-0.0676862915009999));
#12237=CARTESIAN_POINT('',(1.31461,0.3385,-0.0676862915009999));
#12238=CARTESIAN_POINT('Origin',(1.363,0.3385,-0.0666862915009999));
#12239=CARTESIAN_POINT('Origin',(1.617,0.3385,0.325));
#12240=CARTESIAN_POINT('',(1.592,0.3385,0.325));
#12241=CARTESIAN_POINT('',(1.364,0.3385,0.325));
#12242=CARTESIAN_POINT('',(1.592,0.3385,0.325));
#12243=CARTESIAN_POINT('',(1.592,0.3385,0.34875));
#12244=CARTESIAN_POINT('',(1.592,0.3385,0.325));
#12245=CARTESIAN_POINT('',(1.364,0.3385,0.34875));
#12246=CARTESIAN_POINT('',(1.592,0.3385,0.34875));
#12247=CARTESIAN_POINT('',(1.364,0.3385,0.34875));
#12248=CARTESIAN_POINT('Origin',(1.617,0.3385,0.325));
#12249=CARTESIAN_POINT('',(1.52468629150102,0.3385,-0.18275));
#12250=CARTESIAN_POINT('',(1.43131370849898,0.3385,-0.18275));
#12251=CARTESIAN_POINT('',(1.52468629150102,0.3385,-0.18275));
#12252=CARTESIAN_POINT('Origin',(1.64139,0.3545,0.301));
#12253=CARTESIAN_POINT('',(1.617,0.3545,0.301));
#12254=CARTESIAN_POINT('',(1.617,0.3545,0.301));
#12255=CARTESIAN_POINT('',(1.64139,0.3545,0.301));
#12256=CARTESIAN_POINT('',(1.64139,0.3545,0.301));
#12257=CARTESIAN_POINT('',(1.64139,0.3545,0.301));
#12258=CARTESIAN_POINT('Origin',(1.593,0.3559543726762,0.301));
#12259=CARTESIAN_POINT('',(1.593,0.3545,0.325));
#12260=CARTESIAN_POINT('Origin',(1.593,0.3545,0.301));
#12261=CARTESIAN_POINT('',(1.593,0.3545,0.325));
#12262=CARTESIAN_POINT('Origin',(1.617,-0.3545,0.325));
#12263=CARTESIAN_POINT('',(1.364,0.3545,0.325));
#12264=CARTESIAN_POINT('',(1.364,0.3545,0.325));
#12265=CARTESIAN_POINT('',(1.363,0.3545,0.325));
#12266=CARTESIAN_POINT('',(1.364,0.3545,0.325));
#12267=CARTESIAN_POINT('',(1.363,-0.3545,0.325));
#12268=CARTESIAN_POINT('',(1.592,0.3545,0.325));
#12269=CARTESIAN_POINT('',(1.593,0.3545,0.325));
#12270=CARTESIAN_POINT('',(1.592,0.3545,0.325));
#12271=CARTESIAN_POINT('Origin',(1.592,0.3545,0.309));
#12272=CARTESIAN_POINT('',(1.592,0.3545,0.34875));
#12273=CARTESIAN_POINT('',(1.592,0.3545,0.325));
#12274=CARTESIAN_POINT('',(1.592,0.3545,0.34875));
#12275=CARTESIAN_POINT('Origin',(1.592,0.3545,0.34875));
#12276=CARTESIAN_POINT('',(1.364,0.3545,0.34875));
#12277=CARTESIAN_POINT('',(1.592,0.3545,0.34875));
#12278=CARTESIAN_POINT('',(1.364,0.3545,0.34875));
#12279=CARTESIAN_POINT('Origin',(1.617,0.3545,0.325));
#12280=CARTESIAN_POINT('',(1.3460294372515,0.3545,-0.0836568542494999));
#12281=CARTESIAN_POINT('',(1.3460294372515,0.3545,-0.0836568542494999));
#12282=CARTESIAN_POINT('',(1.3390208423834,0.3545,-0.0676862915009999));
#12283=CARTESIAN_POINT('Origin',(1.363,0.3545,-0.0666862915009999));
#12284=CARTESIAN_POINT('',(1.31461,0.3545,-0.0676862915009999));
#12285=CARTESIAN_POINT('',(1.31461,0.3545,-0.0676862915009999));
#12286=CARTESIAN_POINT('',(1.31461,0.3545,0.301));
#12287=CARTESIAN_POINT('',(1.31461,0.3545,0.301));
#12288=CARTESIAN_POINT('',(1.339,0.3545,0.301));
#12289=CARTESIAN_POINT('',(1.339,0.3545,0.301));
#12290=CARTESIAN_POINT('Origin',(1.363,0.3545,0.301));
#12291=CARTESIAN_POINT('',(1.364,0.3545,0.34875));
#12292=CARTESIAN_POINT('',(1.64139,0.3545,-0.0676862915009998));
#12293=CARTESIAN_POINT('',(1.64139,0.3545,-0.0676862915009998));
#12294=CARTESIAN_POINT('',(1.6169791576166,0.3545,-0.0676862915009998));
#12295=CARTESIAN_POINT('',(1.6169791576166,0.3545,-0.0676862915009998));
#12296=CARTESIAN_POINT('',(1.6099705627485,0.3545,-0.0836568542494999));
#12297=CARTESIAN_POINT('Origin',(1.593,0.3545,-0.0666862915009998));
#12298=CARTESIAN_POINT('',(1.54165685424949,0.3545,-0.1519705627485));
#12299=CARTESIAN_POINT('',(1.54165685424949,0.3545,-0.1519705627485));
#12300=CARTESIAN_POINT('',(1.52468629150102,0.3545,-0.159));
#12301=CARTESIAN_POINT('Origin',(1.52468629150102,0.3545,-0.135));
#12302=CARTESIAN_POINT('',(1.52468629150102,0.3545,-0.18275));
#12303=CARTESIAN_POINT('',(1.52468629150102,0.3545,-0.18275));
#12304=CARTESIAN_POINT('',(1.43131370849898,0.3545,-0.18275));
#12305=CARTESIAN_POINT('',(1.52468629150102,0.3545,-0.143));
#12306=CARTESIAN_POINT('',(1.43131370849898,0.3545,-0.143));
#12307=CARTESIAN_POINT('',(1.52468629150102,0.3545,-0.143));
#12308=CARTESIAN_POINT('',(1.53034314575051,0.3545,-0.1406568542495));
#12309=CARTESIAN_POINT('Origin',(1.52468629150102,0.3545,-0.135));
#12310=CARTESIAN_POINT('',(1.5976568542495,0.3545,-0.0733431457504999));
#12311=CARTESIAN_POINT('',(1.5976568542495,0.3545,-0.0733431457504999));
#12312=CARTESIAN_POINT('',(1.6,0.3545,-0.0676862915009998));
#12313=CARTESIAN_POINT('Origin',(1.592,0.3545,-0.0676862915009998));
#12314=CARTESIAN_POINT('',(1.6,0.3545,0.301));
#12315=CARTESIAN_POINT('',(1.6,0.3545,0.301));
#12316=CARTESIAN_POINT('',(1.592,0.3545,0.309));
#12317=CARTESIAN_POINT('Origin',(1.592,0.3545,0.301));
#12318=CARTESIAN_POINT('',(1.364,0.3545,0.309));
#12319=CARTESIAN_POINT('',(1.364,0.3545,0.309));
#12320=CARTESIAN_POINT('',(1.356,0.3545,0.301));
#12321=CARTESIAN_POINT('Origin',(1.364,0.3545,0.301));
#12322=CARTESIAN_POINT('',(1.356,0.3545,-0.0676862915009999));
#12323=CARTESIAN_POINT('',(1.356,0.3545,-0.0676862915009999));
#12324=CARTESIAN_POINT('',(1.3583431457505,0.3545,-0.0733431457504999));
#12325=CARTESIAN_POINT('Origin',(1.364,0.3545,-0.0676862915009999));
#12326=CARTESIAN_POINT('',(1.42565685424949,0.3545,-0.1406568542495));
#12327=CARTESIAN_POINT('',(1.42565685424949,0.3545,-0.1406568542495));
#12328=CARTESIAN_POINT('Origin',(1.43131370849898,0.3545,-0.135));
#12329=CARTESIAN_POINT('Origin',(1.528,0.3545,-0.143));
#12330=CARTESIAN_POINT('',(1.43131370849898,-0.00549999999999968,-0.143));
#12331=CARTESIAN_POINT('',(1.43131370849898,0.3545,-0.143));
#12332=CARTESIAN_POINT('',(1.52468629150102,-0.00549999999999963,-0.143));
#12333=CARTESIAN_POINT('',(1.52468629150102,-0.00549999999999963,-0.143));
#12334=CARTESIAN_POINT('',(1.52468629150102,0.3545,-0.143));
#12335=CARTESIAN_POINT('Origin',(1.43131370849898,0.3559119282085,-0.135));
#12336=CARTESIAN_POINT('',(1.42565685424949,-0.00549999999999968,-0.1406568542495));
#12337=CARTESIAN_POINT('',(1.42565685424949,0.3545,-0.1406568542495));
#12338=CARTESIAN_POINT('Origin',(1.43131370849898,-0.00549999999999968,
-0.135));
#12339=CARTESIAN_POINT('Origin',(1.428,0.3545,-0.143));
#12340=CARTESIAN_POINT('',(1.3583431457505,-0.00549999999999971,-0.0733431457504999));
#12341=CARTESIAN_POINT('',(1.3583431457505,0.3545,-0.0733431457504999));
#12342=CARTESIAN_POINT('',(1.42565685424949,-0.00549999999999968,-0.1406568542495));
#12343=CARTESIAN_POINT('Origin',(1.364,0.3559119282085,-0.0676862915009999));
#12344=CARTESIAN_POINT('',(1.356,-0.00549999999999971,-0.0676862915009999));
#12345=CARTESIAN_POINT('',(1.356,0.3545,-0.0676862915009999));
#12346=CARTESIAN_POINT('Origin',(1.364,-0.00549999999999971,-0.0676862915009999));
#12347=CARTESIAN_POINT('Origin',(1.356,0.3545,-0.0709999999999999));
#12348=CARTESIAN_POINT('',(1.356,-0.00549999999999971,0.301));
#12349=CARTESIAN_POINT('',(1.356,0.3545,0.301));
#12350=CARTESIAN_POINT('',(1.356,-0.00549999999999971,-0.0676862915009999));
#12351=CARTESIAN_POINT('Origin',(1.617,-0.00549999999999958,0.0830000000000001));
#12352=CARTESIAN_POINT('',(1.364,-0.0054999999999997,0.309));
#12353=CARTESIAN_POINT('Origin',(1.364,-0.0054999999999997,0.301));
#12354=CARTESIAN_POINT('',(1.592,-0.00549999999999959,0.309));
#12355=CARTESIAN_POINT('',(1.364,-0.0054999999999997,0.309));
#12356=CARTESIAN_POINT('',(1.6,-0.00549999999999958,0.301));
#12357=CARTESIAN_POINT('Origin',(1.592,-0.00549999999999959,0.301));
#12358=CARTESIAN_POINT('',(1.6,-0.00549999999999959,-0.0676862915009998));
#12359=CARTESIAN_POINT('',(1.6,-0.00549999999999958,0.301));
#12360=CARTESIAN_POINT('',(1.5976568542495,-0.00549999999999959,-0.0733431457504998));
#12361=CARTESIAN_POINT('Origin',(1.592,-0.0054999999999996,-0.0676862915009998));
#12362=CARTESIAN_POINT('',(1.53034314575051,-0.00549999999999963,-0.1406568542495));
#12363=CARTESIAN_POINT('',(1.5976568542495,-0.00549999999999959,-0.0733431457504998));
#12364=CARTESIAN_POINT('Origin',(1.52468629150102,-0.00549999999999963,
-0.135));
#12365=CARTESIAN_POINT('Origin',(1.52468629150102,0.3559119282085,-0.135));
#12366=CARTESIAN_POINT('',(1.53034314575051,0.3545,-0.1406568542495));
#12367=CARTESIAN_POINT('Origin',(1.6,0.3545,-0.0709999999999999));
#12368=CARTESIAN_POINT('',(1.5976568542495,0.3545,-0.0733431457504999));
#12369=CARTESIAN_POINT('Origin',(1.592,0.3559119282085,-0.0676862915009998));
#12370=CARTESIAN_POINT('',(1.6,0.3545,-0.0676862915009998));
#12371=CARTESIAN_POINT('Origin',(1.6,0.3545,0.301));
#12372=CARTESIAN_POINT('',(1.6,0.3545,0.301));
#12373=CARTESIAN_POINT('Origin',(1.592,0.3545,0.301));
#12374=CARTESIAN_POINT('',(1.592,0.3545,0.309));
#12375=CARTESIAN_POINT('Origin',(1.364,0.3545,0.309));
#12376=CARTESIAN_POINT('',(1.364,0.3545,0.309));
#12377=CARTESIAN_POINT('Origin',(1.364,0.3545,0.301));
#12378=CARTESIAN_POINT('Origin',(1.43131370849898,0.3545,-0.18275));
#12379=CARTESIAN_POINT('',(1.52468629150102,0.3545,-0.18275));
#12380=CARTESIAN_POINT('Origin',(1.52468629150102,0.3545,-0.18275));
#12381=CARTESIAN_POINT('',(1.52468629150102,0.3545,-0.159));
#12382=CARTESIAN_POINT('Origin',(1.52468629150102,0.3567067330677,-0.135));
#12383=CARTESIAN_POINT('',(1.54165685424949,0.3545,-0.1519705627485));
#12384=CARTESIAN_POINT('Origin',(1.53462741699797,0.3545,-0.159));
#12385=CARTESIAN_POINT('',(1.6099705627485,0.00450000000000041,-0.0836568542494998));
#12386=CARTESIAN_POINT('Origin',(1.593,-0.3564939051521,-0.0666862915009998));
#12387=CARTESIAN_POINT('',(1.6169791576166,0.3385,-0.0676862915009998));
#12388=CARTESIAN_POINT('Origin',(1.6,0.3545,-0.0676862915009998));
#12389=CARTESIAN_POINT('',(1.64139,0.3545,-0.0676862915009998));
#12390=CARTESIAN_POINT('Origin',(1.64139,0.3545,-0.0676862915009998));
#12391=CARTESIAN_POINT('Origin',(1.364,0.3545,0.34875));
#12392=CARTESIAN_POINT('Origin',(1.363,-0.355834077259,0.301));
#12393=CARTESIAN_POINT('',(1.339,0.3545,0.301));
#12394=CARTESIAN_POINT('Origin',(1.356,0.3545,0.301));
#12395=CARTESIAN_POINT('',(1.31461,0.3545,0.301));
#12396=CARTESIAN_POINT('Origin',(1.31461,0.3545,0.301));
#12397=CARTESIAN_POINT('',(1.31461,0.3545,-0.0676862915009999));
#12398=CARTESIAN_POINT('Origin',(1.31461,0.3545,-0.0676862915009999));
#12399=CARTESIAN_POINT('',(1.3390208423834,0.3545,-0.0676862915009999));
#12400=CARTESIAN_POINT('Origin',(1.363,0.3567067330677,-0.0666862915009999));
#12401=CARTESIAN_POINT('',(1.3460294372515,0.3545,-0.0836568542494999));
#12402=CARTESIAN_POINT('Origin',(1.339,0.3545,-0.0766274169979999));
#12403=CARTESIAN_POINT('Origin',(1.339,-0.3545,-0.0589999999999999));
#12404=CARTESIAN_POINT('Origin',(1.617,-0.1675,-0.0589999999999998));
#12405=CARTESIAN_POINT('',(1.653,-0.1675,-0.0589999999999998));
#12406=CARTESIAN_POINT('',(1.653,-0.1675,-0.0589999999999998));
#12407=CARTESIAN_POINT('',(1.617,-0.1675,-0.0589999999999998));
#12408=CARTESIAN_POINT('Origin',(1.617,-0.1675,-0.159));
#12409=CARTESIAN_POINT('',(1.653,-0.1675,-0.159));
#12410=CARTESIAN_POINT('Origin',(1.653,-0.3545,0.325));
#12411=CARTESIAN_POINT('',(0.,0.,0.));
#12412=CARTESIAN_POINT('Origin',(1.25,0.401,3.05966975290397E-16));
#12413=CARTESIAN_POINT('',(1.40748,0.401,4.03929777946456E-16));
#12414=CARTESIAN_POINT('Origin',(1.25,0.401,3.05966975290397E-16));
#12415=CARTESIAN_POINT('',(1.25,0.401,-0.0813999999999997));
#12416=CARTESIAN_POINT('Origin',(1.25,0.401,-0.0688999999999997));
#12417=CARTESIAN_POINT('',(1.25,0.401,0.0564000000000003));
#12418=CARTESIAN_POINT('Origin',(1.25,0.401,0.0689000000000003));
#12419=CARTESIAN_POINT('Origin',(1.25,0.401,3.05966975290397E-16));
#12420=CARTESIAN_POINT('',(1.40748,-0.0390000000000002,4.13323972770208E-16));
#12421=CARTESIAN_POINT('Origin',(1.25,-0.0390000000000002,3.15361170114149E-16));
#12422=CARTESIAN_POINT('',(1.40748,0.401,4.03929777946456E-16));
#12423=CARTESIAN_POINT('Origin',(1.25,-0.0390000000000002,3.15361170114149E-16));
#12424=CARTESIAN_POINT('Origin',(1.25,0.401,-0.0688999999999997));
#12425=CARTESIAN_POINT('',(1.25,0.526,-0.0813999999999997));
#12426=CARTESIAN_POINT('Origin',(1.25,0.526,-0.0688999999999997));
#12427=CARTESIAN_POINT('',(1.25,0.401,-0.0813999999999997));
#12428=CARTESIAN_POINT('Origin',(1.25,0.526,3.03298169942741E-16));
#12429=CARTESIAN_POINT('Origin',(1.25,0.526,3.03298169942741E-16));
#12430=CARTESIAN_POINT('',(1.25,0.526,0.0564000000000003));
#12431=CARTESIAN_POINT('Origin',(1.25,0.526,0.0689000000000003));
#12432=CARTESIAN_POINT('Origin',(1.25,0.401,0.0689000000000003));
#12433=CARTESIAN_POINT('',(1.25,0.401,0.0564000000000003));
#12434=CARTESIAN_POINT('',(-4.44089209850063E-16,0.,-1.33226762955019E-15));
#12435=CARTESIAN_POINT('',(-0.5065,-0.242,-0.770499999999999));
#12436=CARTESIAN_POINT('',(-0.3925,0.,0.685));
#12437=CARTESIAN_POINT('',(0.,0.,0.));
#12438=CARTESIAN_POINT('Origin',(-0.3995,0.49,1.12));
#12439=CARTESIAN_POINT('',(-0.3995,0.49,1.12));
#12440=CARTESIAN_POINT('',(-0.3995,1.98,1.12));
#12441=CARTESIAN_POINT('',(-0.3995,0.49,1.12));
#12442=CARTESIAN_POINT('',(-0.3995,0.489999999999999,-1.12));
#12443=CARTESIAN_POINT('',(-0.3995,0.49,1.12));
#12444=CARTESIAN_POINT('',(-0.3995,1.98,-1.12));
#12445=CARTESIAN_POINT('',(-0.3995,0.489999999999999,-1.12));
#12446=CARTESIAN_POINT('',(-0.3995,1.98,1.12));
#12447=CARTESIAN_POINT('',(-0.3995,0.865,0.9375));
#12448=CARTESIAN_POINT('Origin',(-0.3995,0.99,0.9375));
#12449=CARTESIAN_POINT('',(-0.3995,1.8595,0.874999999999999));
#12450=CARTESIAN_POINT('Origin',(-0.3995,1.802,0.874999999999999));
#12451=CARTESIAN_POINT('',(-0.3995,1.7445,-0.125));
#12452=CARTESIAN_POINT('Origin',(-0.3995,1.802,-0.125));
#12453=CARTESIAN_POINT('Origin',(-0.4495,1.235,1.12));
#12454=CARTESIAN_POINT('',(-0.4995,1.98,1.12));
#12455=CARTESIAN_POINT('',(-0.3995,1.98,1.12));
#12456=CARTESIAN_POINT('',(-0.4995,0.49,1.12));
#12457=CARTESIAN_POINT('',(-0.4995,0.49,1.12));
#12458=CARTESIAN_POINT('',(-0.3995,0.49,1.12));
#12459=CARTESIAN_POINT('Origin',(-0.4348553390593,0.454644660941,1.12));
#12460=CARTESIAN_POINT('',(-0.3995,0.39,1.12));
#12461=CARTESIAN_POINT('Origin',(-0.3995,0.49,1.12));
#12462=CARTESIAN_POINT('',(-0.3995,0.49,1.12));
#12463=CARTESIAN_POINT('Origin',(0.000999999999999792,0.44,1.12));
#12464=CARTESIAN_POINT('',(0.4015,0.49,1.12));
#12465=CARTESIAN_POINT('',(0.4015,0.49,1.12));
#12466=CARTESIAN_POINT('',(0.4015,0.39,1.12));
#12467=CARTESIAN_POINT('',(0.4015,0.39,1.12));
#12468=CARTESIAN_POINT('',(0.4015,0.49,1.12));
#12469=CARTESIAN_POINT('Origin',(0.4015,0.49,1.12));
#12470=CARTESIAN_POINT('',(0.4015,0.489999999999999,-1.12));
#12471=CARTESIAN_POINT('',(0.4015,0.49,1.12));
#12472=CARTESIAN_POINT('',(0.4015,0.489999999999999,-1.12));
#12473=CARTESIAN_POINT('Origin',(0.00099999999999984,0.439999999999999,
-1.12));
#12474=CARTESIAN_POINT('',(0.4015,0.389999999999999,-1.12));
#12475=CARTESIAN_POINT('',(0.4015,0.489999999999999,-1.12));
#12476=CARTESIAN_POINT('',(-0.3995,0.389999999999999,-1.12));
#12477=CARTESIAN_POINT('',(0.4015,0.389999999999999,-1.12));
#12478=CARTESIAN_POINT('',(-0.3995,0.489999999999999,-1.12));
#12479=CARTESIAN_POINT('Origin',(-0.4348553390593,0.454644660940999,-1.12));
#12480=CARTESIAN_POINT('',(-0.4995,0.489999999999999,-1.12));
#12481=CARTESIAN_POINT('Origin',(-0.3995,0.489999999999999,-1.12));
#12482=CARTESIAN_POINT('',(-0.3995,0.489999999999999,-1.12));
#12483=CARTESIAN_POINT('Origin',(-0.4495,1.235,-1.12));
#12484=CARTESIAN_POINT('',(-0.4995,1.98,-1.12));
#12485=CARTESIAN_POINT('',(-0.4995,0.489999999999999,-1.12));
#12486=CARTESIAN_POINT('',(-0.3995,1.98,-1.12));
#12487=CARTESIAN_POINT('Origin',(-0.4495,1.98,-5.34133189256493E-16));
#12488=CARTESIAN_POINT('',(-0.4995,1.98,1.12));
#12489=CARTESIAN_POINT('Origin',(-0.4995,0.49,1.12));
#12490=CARTESIAN_POINT('',(-0.4995,0.49,1.12));
#12491=CARTESIAN_POINT('',(-0.4995,0.865,0.9375));
#12492=CARTESIAN_POINT('Origin',(-0.4995,0.99,0.9375));
#12493=CARTESIAN_POINT('',(-0.499500000000003,1.9095,0.874999999999999));
#12494=CARTESIAN_POINT('Origin',(-0.4995,1.802,0.874999999999999));
#12495=CARTESIAN_POINT('',(-0.499500000000003,1.9095,-0.125));
#12496=CARTESIAN_POINT('Origin',(-0.4995,1.802,-0.125));
#12497=CARTESIAN_POINT('Origin',(-0.3995,0.49,1.12));
#12498=CARTESIAN_POINT('',(-0.3995,0.39,1.12));
#12499=CARTESIAN_POINT('Origin',(0.4015,0.39,1.12));
#12500=CARTESIAN_POINT('',(0.4015,0.39,1.12));
#12501=CARTESIAN_POINT('Origin',(0.4015,0.49,1.12));
#12502=CARTESIAN_POINT('',(0.5015,0.489999999999999,-1.12));
#12503=CARTESIAN_POINT('Origin',(0.4015,0.489999999999999,-1.12));
#12504=CARTESIAN_POINT('',(0.5015,0.49,1.12));
#12505=CARTESIAN_POINT('',(0.5015,0.49,1.12));
#12506=CARTESIAN_POINT('Origin',(0.4015,0.49,1.12));
#12507=CARTESIAN_POINT('Origin',(0.4368553390593,0.454644660941,1.12));
#12508=CARTESIAN_POINT('',(0.4015,0.49,1.12));
#12509=CARTESIAN_POINT('Origin',(0.4515,1.235,1.12));
#12510=CARTESIAN_POINT('',(0.4015,1.98,1.12));
#12511=CARTESIAN_POINT('',(0.4015,1.98,1.12));
#12512=CARTESIAN_POINT('',(0.5015,1.98,1.12));
#12513=CARTESIAN_POINT('',(0.5015,1.98,1.12));
#12514=CARTESIAN_POINT('',(0.4015,1.98,1.12));
#12515=CARTESIAN_POINT('Origin',(0.4015,1.98,1.12));
#12516=CARTESIAN_POINT('',(0.4015,1.98,-1.12));
#12517=CARTESIAN_POINT('',(0.4015,1.98,1.12));
#12518=CARTESIAN_POINT('',(0.4015,1.98,-1.12));
#12519=CARTESIAN_POINT('',(0.4015,0.865,0.9375));
#12520=CARTESIAN_POINT('Origin',(0.4015,0.99,0.9375));
#12521=CARTESIAN_POINT('',(0.4015,1.8595,0.874999999999999));
#12522=CARTESIAN_POINT('Origin',(0.4015,1.802,0.875));
#12523=CARTESIAN_POINT('',(0.4015,1.7445,-0.125));
#12524=CARTESIAN_POINT('Origin',(0.4015,1.802,-0.125));
#12525=CARTESIAN_POINT('Origin',(0.4515,1.235,-1.12));
#12526=CARTESIAN_POINT('',(0.5015,1.98,-1.12));
#12527=CARTESIAN_POINT('',(0.4015,1.98,-1.12));
#12528=CARTESIAN_POINT('',(0.5015,1.98,-1.12));
#12529=CARTESIAN_POINT('',(0.4015,0.489999999999999,-1.12));
#12530=CARTESIAN_POINT('Origin',(0.4368553390593,0.454644660940999,-1.12));
#12531=CARTESIAN_POINT('Origin',(0.5015,1.98,1.12));
#12532=CARTESIAN_POINT('',(0.5015,1.98,1.12));
#12533=CARTESIAN_POINT('',(0.5015,0.865,0.9375));
#12534=CARTESIAN_POINT('Origin',(0.5015,0.99,0.9375));
#12535=CARTESIAN_POINT('',(0.501500000000003,1.6945,0.875));
#12536=CARTESIAN_POINT('Origin',(0.5015,1.802,0.875));
#12537=CARTESIAN_POINT('',(0.501500000000003,1.6945,-0.125));
#12538=CARTESIAN_POINT('Origin',(0.5015,1.802,-0.125));
#12539=CARTESIAN_POINT('Origin',(0.4515,1.98,-5.14896440310584E-16));
#12540=CARTESIAN_POINT('Origin',(-0.4995,0.99,0.9375));
#12541=CARTESIAN_POINT('',(-0.4995,0.865,0.9375));
#12542=CARTESIAN_POINT('Origin',(-0.4995,0.99,0.9375));
#12543=CARTESIAN_POINT('',(-0.4995,0.865,0.9375));
#12544=CARTESIAN_POINT('Origin',(0.4797678315546,1.802,0.875));
#12545=CARTESIAN_POINT('',(0.4580356631092,1.8595,0.874999999999999));
#12546=CARTESIAN_POINT('',(0.458035663109196,1.7445,0.875));
#12547=CARTESIAN_POINT('Origin',(0.4580356631092,1.802,0.875));
#12548=CARTESIAN_POINT('Origin',(0.4580356631092,1.802,0.875));
#12549=CARTESIAN_POINT('',(0.4797678315546,1.7195,0.875));
#12550=CARTESIAN_POINT('Origin',(0.5015,1.802,0.875));
#12551=CARTESIAN_POINT('',(0.5015,1.8595,0.875));
#12552=CARTESIAN_POINT('Origin',(0.5015,1.802,0.875));
#12553=CARTESIAN_POINT('',(-0.4560356631092,1.8595,0.874999999999999));
#12554=CARTESIAN_POINT('',(0.5015,1.8595,0.875));
#12555=CARTESIAN_POINT('Origin',(-0.4560356631092,1.802,0.874999999999999));
#12556=CARTESIAN_POINT('Origin',(-0.4777678315546,1.802,0.874999999999999));
#12557=CARTESIAN_POINT('',(-0.4777678315546,1.8845,0.874999999999999));
#12558=CARTESIAN_POINT('Origin',(0.4797678315546,1.802,-0.125));
#12559=CARTESIAN_POINT('',(0.458035663109197,1.7445,-0.125));
#12560=CARTESIAN_POINT('Origin',(0.4580356631092,1.802,-0.125));
#12561=CARTESIAN_POINT('',(0.4797678315546,1.7195,-0.125));
#12562=CARTESIAN_POINT('Origin',(-0.4995,1.802,-0.125));
#12563=CARTESIAN_POINT('',(-0.4995,1.7445,-0.125));
#12564=CARTESIAN_POINT('Origin',(-0.4995,1.802,-0.125));
#12565=CARTESIAN_POINT('',(-0.456035663109197,1.8595,-0.125));
#12566=CARTESIAN_POINT('',(-0.4560356631092,1.7445,-0.125));
#12567=CARTESIAN_POINT('Origin',(-0.4560356631092,1.802,-0.125));
#12568=CARTESIAN_POINT('Origin',(-0.4560356631092,1.802,-0.125));
#12569=CARTESIAN_POINT('',(-0.4995,1.7445,-0.125));
#12570=CARTESIAN_POINT('Origin',(-0.4777678315546,1.802,-0.125));
#12571=CARTESIAN_POINT('',(-0.4777678315546,1.8845,-0.125));
#12572=CARTESIAN_POINT('',(0.,0.,0.));
#12573=CARTESIAN_POINT('Origin',(1.74838271594513E-16,-0.4,-0.49));
#12574=CARTESIAN_POINT('',(1.105,-0.4,-1.148));
#12575=CARTESIAN_POINT('',(1.105,-0.4,-1.13));
#12576=CARTESIAN_POINT('',(1.105,-0.4,-1.148));
#12577=CARTESIAN_POINT('',(1.125,-0.4,-1.1938257569496));
#12578=CARTESIAN_POINT('Origin',(1.1675,-0.4,-1.148));
#12579=CARTESIAN_POINT('',(1.125,-0.4,-1.235));
#12580=CARTESIAN_POINT('',(1.125,-0.4,-1.235));
#12581=CARTESIAN_POINT('',(-1.12,-0.4,-1.235));
#12582=CARTESIAN_POINT('',(-1.12,-0.4,-1.235));
#12583=CARTESIAN_POINT('',(-1.12,-0.4,0.255));
#12584=CARTESIAN_POINT('',(-1.12,-0.4,0.255));
#12585=CARTESIAN_POINT('',(1.125,-0.4,0.255000000000001));
#12586=CARTESIAN_POINT('',(1.125,-0.4,0.255000000000001));
#12587=CARTESIAN_POINT('',(1.125,-0.4,-0.774174243050399));
#12588=CARTESIAN_POINT('',(1.125,-0.4,-0.774174243050399));
#12589=CARTESIAN_POINT('',(1.105,-0.4,-0.819999999999999));
#12590=CARTESIAN_POINT('Origin',(1.1675,-0.4,-0.819999999999999));
#12591=CARTESIAN_POINT('',(1.105,-0.4,-0.836999999999999));
#12592=CARTESIAN_POINT('',(1.105,-0.4,-0.836999999999999));
#12593=CARTESIAN_POINT('',(1.006866927083,-0.4,-0.836999999999999));
#12594=CARTESIAN_POINT('',(1.006866927083,-0.4,-0.836999999999999));
#12595=CARTESIAN_POINT('',(0.913,-0.4,-0.803999999999999));
#12596=CARTESIAN_POINT('Origin',(0.913,-0.4,-0.953999999999999));
#12597=CARTESIAN_POINT('',(0.438,-0.4,-0.804));
#12598=CARTESIAN_POINT('',(0.438,-0.4,-0.804));
#12599=CARTESIAN_POINT('',(0.288,-0.4,-0.954));
#12600=CARTESIAN_POINT('Origin',(0.438,-0.4,-0.954));
#12601=CARTESIAN_POINT('',(0.288,-0.4,-1.0325));
#12602=CARTESIAN_POINT('',(0.288,-0.4,-1.0325));
#12603=CARTESIAN_POINT('',(0.438,-0.4,-1.1825));
#12604=CARTESIAN_POINT('Origin',(0.438,-0.4,-1.0325));
#12605=CARTESIAN_POINT('',(0.913,-0.4,-1.1825));
#12606=CARTESIAN_POINT('',(0.913,-0.4,-1.1825));
#12607=CARTESIAN_POINT('',(1.026990131152,-0.4,-1.13));
#12608=CARTESIAN_POINT('Origin',(0.913,-0.4,-1.0325));
#12609=CARTESIAN_POINT('',(1.105,-0.4,-1.13));
#12610=CARTESIAN_POINT('',(-1.003,-0.4,-0.795));
#12611=CARTESIAN_POINT('Origin',(-0.95,-0.4,-0.795));
#12612=CARTESIAN_POINT('',(0.6345,-0.4,-0.712));
#12613=CARTESIAN_POINT('Origin',(0.6875,-0.4,-0.712));
#12614=CARTESIAN_POINT('',(0.0610000000000004,-0.4,-1.057));
#12615=CARTESIAN_POINT('Origin',(0.125,-0.4,-1.057));
#12616=CARTESIAN_POINT('',(-0.456,-0.4,-0.723));
#12617=CARTESIAN_POINT('',(-0.606,-0.4,-0.573));
#12618=CARTESIAN_POINT('Origin',(-0.456,-0.4,-0.573));
#12619=CARTESIAN_POINT('',(0.494,-0.4,-0.723));
#12620=CARTESIAN_POINT('',(0.494,-0.4,-0.723));
#12621=CARTESIAN_POINT('',(0.644,-0.4,-0.573));
#12622=CARTESIAN_POINT('Origin',(0.494,-0.4,-0.573));
#12623=CARTESIAN_POINT('',(0.644,-0.4,-0.148));
#12624=CARTESIAN_POINT('',(0.644,-0.4,-0.573));
#12625=CARTESIAN_POINT('',(0.494,-0.4,0.00200000000000034));
#12626=CARTESIAN_POINT('Origin',(0.494,-0.4,-0.148));
#12627=CARTESIAN_POINT('',(-0.356,-0.4,0.0019999999999999));
#12628=CARTESIAN_POINT('',(-0.356,-0.4,0.0019999999999999));
#12629=CARTESIAN_POINT('',(-0.356,-0.4,0.069));
#12630=CARTESIAN_POINT('',(-0.356,-0.4,0.069));
#12631=CARTESIAN_POINT('',(-0.606,-0.4,0.0689999999999999));
#12632=CARTESIAN_POINT('Origin',(-0.481,-0.4,0.0689999999999999));
#12633=CARTESIAN_POINT('',(-0.606,-0.4,0.0689999999999999));
#12634=CARTESIAN_POINT('',(0.00899999999999986,-0.4,0.13));
#12635=CARTESIAN_POINT('Origin',(0.0619999999999999,-0.4,0.13));
#12636=CARTESIAN_POINT('',(0.8,-0.4,-0.634999999999999));
#12637=CARTESIAN_POINT('Origin',(0.925,-0.4,-0.634999999999999));
#12638=CARTESIAN_POINT('',(-1.062,-0.4,-0.2607797338381));
#12639=CARTESIAN_POINT('',(-1.063,-0.4,-0.245));
#12640=CARTESIAN_POINT('Origin',(-0.938,-0.4,-0.245));
#12641=CARTESIAN_POINT('',(-1.062,-0.4,-0.37));
#12642=CARTESIAN_POINT('',(-1.062,-0.4,-0.37));
#12643=CARTESIAN_POINT('',(-0.912,-0.4,-0.52));
#12644=CARTESIAN_POINT('Origin',(-0.912,-0.4,-0.37));
#12645=CARTESIAN_POINT('',(-0.786,-0.4,-0.52));
#12646=CARTESIAN_POINT('',(-0.786,-0.4,-0.52));
#12647=CARTESIAN_POINT('',(-0.636,-0.4,-0.37));
#12648=CARTESIAN_POINT('Origin',(-0.786,-0.4,-0.37));
#12649=CARTESIAN_POINT('',(-0.636,-0.4,0.0439999999999998));
#12650=CARTESIAN_POINT('',(-0.636,-0.4,0.0439999999999998));
#12651=CARTESIAN_POINT('',(-0.786,-0.4,0.194));
#12652=CARTESIAN_POINT('Origin',(-0.786,-0.4,0.0439999999999998));
#12653=CARTESIAN_POINT('',(-0.912,-0.4,0.194));
#12654=CARTESIAN_POINT('',(-0.912,-0.4,0.194));
#12655=CARTESIAN_POINT('',(-1.062,-0.4,0.0439999999999996));
#12656=CARTESIAN_POINT('Origin',(-0.912,-0.4,0.0439999999999997));
#12657=CARTESIAN_POINT('',(-1.062,-0.4,-0.2292202661619));
#12658=CARTESIAN_POINT('',(-1.062,-0.4,-0.2292202661619));
#12659=CARTESIAN_POINT('Origin',(-0.938,-0.4,-0.245));
#12660=CARTESIAN_POINT('',(-0.513,-0.4,-0.87));
#12661=CARTESIAN_POINT('Origin',(-0.685,-0.4,-0.87));
#12662=CARTESIAN_POINT('',(-0.938999999999999,-0.4,-1.057));
#12663=CARTESIAN_POINT('Origin',(-0.874999999999999,-0.4,-1.057));
#12664=CARTESIAN_POINT('',(0.712,-0.4,-0.235999999999999));
#12665=CARTESIAN_POINT('',(0.752,-0.4,-0.235999999999999));
#12666=CARTESIAN_POINT('Origin',(0.732,-0.4,-0.235999999999999));
#12667=CARTESIAN_POINT('',(0.752,-0.4,-0.0959999999999995));
#12668=CARTESIAN_POINT('',(0.752,-0.4,-0.235999999999999));
#12669=CARTESIAN_POINT('',(0.712,-0.4,-0.0959999999999995));
#12670=CARTESIAN_POINT('Origin',(0.732,-0.4,-0.0959999999999995));
#12671=CARTESIAN_POINT('',(0.712,-0.4,-0.0959999999999995));
#12672=CARTESIAN_POINT('Origin',(-0.874999999999999,-0.6,-1.057));
#12673=CARTESIAN_POINT('',(-0.938999999999999,-0.6,-1.057));
#12674=CARTESIAN_POINT('Origin',(-0.874999999999999,-0.6,-1.057));
#12675=CARTESIAN_POINT('',(-0.939,-0.6,-1.057));
#12676=CARTESIAN_POINT('Origin',(1.79108360150763E-16,-0.6,-0.49));
#12677=CARTESIAN_POINT('',(1.125,-0.6,0.255000000000001));
#12678=CARTESIAN_POINT('',(-1.12,-0.6,0.255));
#12679=CARTESIAN_POINT('',(1.125,-0.6,0.255000000000001));
#12680=CARTESIAN_POINT('',(-1.12,-0.6,-1.235));
#12681=CARTESIAN_POINT('',(-1.12,-0.6,0.255));
#12682=CARTESIAN_POINT('',(1.125,-0.6,-1.235));
#12683=CARTESIAN_POINT('',(-1.12,-0.6,-1.235));
#12684=CARTESIAN_POINT('',(1.125,-0.6,-1.235));
#12685=CARTESIAN_POINT('',(-0.00499999999999999,-0.6,-0.166));
#12686=CARTESIAN_POINT('Origin',(0.062,-0.6,-0.166));
#12687=CARTESIAN_POINT('',(0.0610000000000004,-0.6,-1.057));
#12688=CARTESIAN_POINT('Origin',(0.125,-0.6,-1.057));
#12689=CARTESIAN_POINT('',(-1.063,-0.6,-0.245));
#12690=CARTESIAN_POINT('Origin',(-0.938,-0.6,-0.245));
#12691=CARTESIAN_POINT('',(0.848,-0.6,-0.536531730999269));
#12692=CARTESIAN_POINT('',(0.848,-0.6,-0.399999999999999));
#12693=CARTESIAN_POINT('',(0.848,-0.6,-0.536531730999269));
#12694=CARTESIAN_POINT('',(0.79,-0.6,-0.399999999999999));
#12695=CARTESIAN_POINT('',(0.848,-0.6,-0.399999999999999));
#12696=CARTESIAN_POINT('',(0.79,-0.6,-0.400999999999999));
#12697=CARTESIAN_POINT('',(0.79,-0.6,-0.399999999999999));
#12698=CARTESIAN_POINT('',(0.66,-0.6,-0.401));
#12699=CARTESIAN_POINT('Origin',(0.725,-0.6,-0.400999999999999));
#12700=CARTESIAN_POINT('',(0.66,-0.6,0.0690000000000005));
#12701=CARTESIAN_POINT('',(0.66,-0.6,-0.401));
#12702=CARTESIAN_POINT('',(0.79,-0.6,0.0690000000000006));
#12703=CARTESIAN_POINT('Origin',(0.725,-0.6,0.0690000000000005));
#12704=CARTESIAN_POINT('',(0.79,-0.6,0.0680000000000006));
#12705=CARTESIAN_POINT('',(0.79,-0.6,0.0690000000000006));
#12706=CARTESIAN_POINT('',(0.848,-0.6,0.0680000000000006));
#12707=CARTESIAN_POINT('',(0.79,-0.6,0.0680000000000006));
#12708=CARTESIAN_POINT('',(0.848,-0.6,0.0690000000000006));
#12709=CARTESIAN_POINT('',(0.848,-0.6,0.0680000000000006));
#12710=CARTESIAN_POINT('',(0.978,-0.6,0.0690000000000007));
#12711=CARTESIAN_POINT('Origin',(0.913,-0.6,0.0690000000000006));
#12712=CARTESIAN_POINT('',(0.978,-0.6,-0.521792226415319));
#12713=CARTESIAN_POINT('',(0.978,-0.6,0.0690000000000007));
#12714=CARTESIAN_POINT('',(0.8,-0.6,-0.634999999999999));
#12715=CARTESIAN_POINT('Origin',(0.925,-0.6,-0.634999999999999));
#12716=CARTESIAN_POINT('Origin',(0.925,-0.6,-0.634999999999999));
#12717=CARTESIAN_POINT('',(-0.0315000000000001,-0.6,0.13));
#12718=CARTESIAN_POINT('Origin',(0.0619999999999999,-0.6,0.13));
#12719=CARTESIAN_POINT('',(0.594,-0.6,-0.712));
#12720=CARTESIAN_POINT('Origin',(0.6875,-0.6,-0.712));
#12721=CARTESIAN_POINT('',(-1.0435,-0.6,-0.795));
#12722=CARTESIAN_POINT('Origin',(-0.95,-0.6,-0.795));
#12723=CARTESIAN_POINT('',(-0.0314999999999999,-0.6,-0.375));
#12724=CARTESIAN_POINT('Origin',(0.0620000000000001,-0.6,-0.375));
#12725=CARTESIAN_POINT('Origin',(1.125,-0.4,0.255000000000001));
#12726=CARTESIAN_POINT('',(-1.12,-0.4,0.255));
#12727=CARTESIAN_POINT('',(1.125,-0.4,0.255000000000001));
#12728=CARTESIAN_POINT('Origin',(1.125,-0.4,-1.235));
#12729=CARTESIAN_POINT('',(1.125,-0.55,-1.1938257569496));
#12730=CARTESIAN_POINT('',(1.125,-0.55,-0.774174243050399));
#12731=CARTESIAN_POINT('',(1.125,-0.55,-1.1938257569496));
#12732=CARTESIAN_POINT('',(1.125,-0.55,-0.774174243050399));
#12733=CARTESIAN_POINT('',(1.125,-0.4,-1.235));
#12734=CARTESIAN_POINT('',(1.125,-0.55,-1.1938257569496));
#12735=CARTESIAN_POINT('Origin',(1.78040838011701E-16,-0.55,-0.49));
#12736=CARTESIAN_POINT('',(1.105,-0.55,-1.148));
#12737=CARTESIAN_POINT('Origin',(1.1675,-0.55,-1.148));
#12738=CARTESIAN_POINT('',(1.105,-0.55,-0.819999999999999));
#12739=CARTESIAN_POINT('',(1.105,-0.55,-1.148));
#12740=CARTESIAN_POINT('Origin',(1.1675,-0.55,-0.819999999999999));
#12741=CARTESIAN_POINT('Origin',(1.1675,-0.4,-0.819999999999999));
#12742=CARTESIAN_POINT('',(1.105,-0.4,-0.819999999999999));
#12743=CARTESIAN_POINT('Origin',(1.105,-0.4,-1.148));
#12744=CARTESIAN_POINT('',(1.105,-0.5,-1.13));
#12745=CARTESIAN_POINT('',(1.105,-0.5,-0.836999999999999));
#12746=CARTESIAN_POINT('',(1.105,-0.5,-1.13));
#12747=CARTESIAN_POINT('',(1.105,-0.4,-0.836999999999999));
#12748=CARTESIAN_POINT('',(1.105,-0.4,-1.148));
#12749=CARTESIAN_POINT('',(1.105,-0.4,-1.13));
#12750=CARTESIAN_POINT('Origin',(1.76973315872638E-16,-0.5,-0.49));
#12751=CARTESIAN_POINT('',(1.026990131152,-0.5,-1.13));
#12752=CARTESIAN_POINT('',(1.105,-0.5,-1.13));
#12753=CARTESIAN_POINT('',(0.913,-0.5,-1.1825));
#12754=CARTESIAN_POINT('Origin',(0.913,-0.5,-1.0325));
#12755=CARTESIAN_POINT('',(0.438,-0.5,-1.1825));
#12756=CARTESIAN_POINT('',(0.913,-0.5,-1.1825));
#12757=CARTESIAN_POINT('',(0.288,-0.5,-1.0325));
#12758=CARTESIAN_POINT('Origin',(0.438,-0.5,-1.0325));
#12759=CARTESIAN_POINT('',(0.288,-0.5,-0.954));
#12760=CARTESIAN_POINT('',(0.288,-0.5,-1.0325));
#12761=CARTESIAN_POINT('',(0.438,-0.5,-0.804));
#12762=CARTESIAN_POINT('Origin',(0.438,-0.5,-0.954));
#12763=CARTESIAN_POINT('',(0.913,-0.5,-0.803999999999999));
#12764=CARTESIAN_POINT('',(0.438,-0.5,-0.804));
#12765=CARTESIAN_POINT('',(1.006866927083,-0.5,-0.836999999999999));
#12766=CARTESIAN_POINT('Origin',(0.913,-0.5,-0.953999999999999));
#12767=CARTESIAN_POINT('',(1.006866927083,-0.5,-0.836999999999999));
#12768=CARTESIAN_POINT('Origin',(1.006866927083,-0.4,-0.836999999999999));
#12769=CARTESIAN_POINT('',(1.006866927083,-0.4,-0.836999999999999));
#12770=CARTESIAN_POINT('Origin',(0.913,-0.4,-0.953999999999999));
#12771=CARTESIAN_POINT('',(0.913,-0.4,-0.803999999999999));
#12772=CARTESIAN_POINT('Origin',(0.438,-0.4,-0.804));
#12773=CARTESIAN_POINT('',(0.438,-0.4,-0.804));
#12774=CARTESIAN_POINT('Origin',(0.438,-0.4,-0.954));
#12775=CARTESIAN_POINT('',(0.288,-0.4,-0.954));
#12776=CARTESIAN_POINT('Origin',(0.288,-0.4,-1.0325));
#12777=CARTESIAN_POINT('',(0.288,-0.4,-1.0325));
#12778=CARTESIAN_POINT('Origin',(0.438,-0.4,-1.0325));
#12779=CARTESIAN_POINT('',(0.438,-0.4,-1.1825));
#12780=CARTESIAN_POINT('Origin',(0.913,-0.4,-1.1825));
#12781=CARTESIAN_POINT('',(0.913,-0.4,-1.1825));
#12782=CARTESIAN_POINT('Origin',(0.913,-0.4,-1.0325));
#12783=CARTESIAN_POINT('',(1.026990131152,-0.4,-1.13));
#12784=CARTESIAN_POINT('Origin',(1.125,-0.4,-1.13));
#12785=CARTESIAN_POINT('Origin',(1.1675,-0.4,-1.148));
#12786=CARTESIAN_POINT('Origin',(-1.12,-0.4,-1.235));
#12787=CARTESIAN_POINT('',(-1.12,-0.4,-1.235));
#12788=CARTESIAN_POINT('Origin',(-1.12,-0.4,0.255));
#12789=CARTESIAN_POINT('Origin',(0.062,-0.6,-0.166));
#12790=CARTESIAN_POINT('',(-0.00499999999999999,-0.5,-0.166));
#12791=CARTESIAN_POINT('',(-0.00499999999999999,-0.6,-0.166));
#12792=CARTESIAN_POINT('Origin',(0.062,-0.5,-0.166));
#12793=CARTESIAN_POINT('Origin',(1.125,-0.5,0.255000000000001));
#12794=CARTESIAN_POINT('',(-0.456,-0.5,-0.723));
#12795=CARTESIAN_POINT('',(-0.606,-0.5,-0.573));
#12796=CARTESIAN_POINT('Origin',(-0.456,-0.5,-0.573));
#12797=CARTESIAN_POINT('',(-0.606,-0.5,0.0689999999999999));
#12798=CARTESIAN_POINT('',(-0.606,-0.5,-0.573));
#12799=CARTESIAN_POINT('',(-0.356,-0.5,0.069));
#12800=CARTESIAN_POINT('Origin',(-0.481,-0.5,0.0689999999999999));
#12801=CARTESIAN_POINT('',(-0.356,-0.5,0.0019999999999999));
#12802=CARTESIAN_POINT('',(-0.356,-0.5,0.069));
#12803=CARTESIAN_POINT('',(0.494,-0.5,0.00200000000000034));
#12804=CARTESIAN_POINT('',(-0.356,-0.5,0.0019999999999999));
#12805=CARTESIAN_POINT('',(0.644,-0.5,-0.147999999999999));
#12806=CARTESIAN_POINT('Origin',(0.494,-0.5,-0.148));
#12807=CARTESIAN_POINT('',(0.644,-0.5,-0.573));
#12808=CARTESIAN_POINT('',(0.644,-0.5,-0.147999999999999));
#12809=CARTESIAN_POINT('',(0.494,-0.5,-0.723));
#12810=CARTESIAN_POINT('Origin',(0.494,-0.5,-0.573));
#12811=CARTESIAN_POINT('',(0.494,-0.5,-0.723));
#12812=CARTESIAN_POINT('',(-0.223,-0.5,-0.453));
#12813=CARTESIAN_POINT('',(0.34625,-0.5,-0.453));
#12814=CARTESIAN_POINT('',(-0.223,-0.5,-0.453));
#12815=CARTESIAN_POINT('',(0.34625,-0.5,-0.265));
#12816=CARTESIAN_POINT('Origin',(0.34625,-0.5,-0.359));
#12817=CARTESIAN_POINT('',(-0.223,-0.5,-0.265));
#12818=CARTESIAN_POINT('',(-0.223,-0.5,-0.265));
#12819=CARTESIAN_POINT('Origin',(-0.223,-0.5,-0.359));
#12820=CARTESIAN_POINT('',(-0.0879999999999997,-0.5,-0.668));
#12821=CARTESIAN_POINT('',(-0.188,-0.5,-0.668));
#12822=CARTESIAN_POINT('Origin',(-0.138,-0.5,-0.668));
#12823=CARTESIAN_POINT('',(-0.0879999999999998,-0.5,-0.508));
#12824=CARTESIAN_POINT('',(-0.0879999999999998,-0.5,-0.508));
#12825=CARTESIAN_POINT('',(-0.188,-0.5,-0.508));
#12826=CARTESIAN_POINT('Origin',(-0.138,-0.5,-0.508));
#12827=CARTESIAN_POINT('',(-0.188,-0.5,-0.668));
#12828=CARTESIAN_POINT('',(-0.088,-0.5,-0.21));
#12829=CARTESIAN_POINT('',(-0.188,-0.5,-0.21));
#12830=CARTESIAN_POINT('Origin',(-0.138,-0.5,-0.21));
#12831=CARTESIAN_POINT('',(-0.088,-0.5,-0.0529999999999999));
#12832=CARTESIAN_POINT('',(-0.088,-0.5,-0.0529999999999999));
#12833=CARTESIAN_POINT('',(-0.188,-0.5,-0.053));
#12834=CARTESIAN_POINT('Origin',(-0.138,-0.5,-0.053));
#12835=CARTESIAN_POINT('',(-0.188,-0.5,-0.21));
#12836=CARTESIAN_POINT('',(0.212,-0.5,-0.0529999999999998));
#12837=CARTESIAN_POINT('',(0.312,-0.5,-0.0529999999999997));
#12838=CARTESIAN_POINT('Origin',(0.262,-0.5,-0.0529999999999997));
#12839=CARTESIAN_POINT('',(0.212,-0.5,-0.21));
#12840=CARTESIAN_POINT('',(0.212,-0.5,-0.21));
#12841=CARTESIAN_POINT('',(0.312,-0.5,-0.21));
#12842=CARTESIAN_POINT('Origin',(0.262,-0.5,-0.21));
#12843=CARTESIAN_POINT('',(0.312,-0.5,-0.0529999999999997));
#12844=CARTESIAN_POINT('',(0.212,-0.5,-0.508));
#12845=CARTESIAN_POINT('',(0.312,-0.5,-0.508));
#12846=CARTESIAN_POINT('Origin',(0.262,-0.5,-0.508));
#12847=CARTESIAN_POINT('',(0.212,-0.5,-0.668));
#12848=CARTESIAN_POINT('',(0.212,-0.5,-0.668));
#12849=CARTESIAN_POINT('',(0.312,-0.5,-0.668));
#12850=CARTESIAN_POINT('Origin',(0.262,-0.5,-0.668));
#12851=CARTESIAN_POINT('',(0.312,-0.5,-0.508));
#12852=CARTESIAN_POINT('Origin',(1.125,-0.5,0.255000000000001));
#12853=CARTESIAN_POINT('',(-1.062,-0.5,-0.2292202661619));
#12854=CARTESIAN_POINT('',(-1.062,-0.5,-0.2607797338381));
#12855=CARTESIAN_POINT('Origin',(-0.938,-0.5,-0.245));
#12856=CARTESIAN_POINT('',(-1.062,-0.5,0.0439999999999996));
#12857=CARTESIAN_POINT('',(-1.062,-0.5,-0.2292202661619));
#12858=CARTESIAN_POINT('',(-0.912,-0.5,0.194));
#12859=CARTESIAN_POINT('Origin',(-0.912,-0.5,0.0439999999999997));
#12860=CARTESIAN_POINT('',(-0.786,-0.5,0.194));
#12861=CARTESIAN_POINT('',(-0.912,-0.5,0.194));
#12862=CARTESIAN_POINT('',(-0.636,-0.5,0.0439999999999999));
#12863=CARTESIAN_POINT('Origin',(-0.786,-0.5,0.0439999999999998));
#12864=CARTESIAN_POINT('',(-0.636,-0.5,-0.37));
#12865=CARTESIAN_POINT('',(-0.636,-0.5,0.0439999999999999));
#12866=CARTESIAN_POINT('',(-0.786,-0.5,-0.52));
#12867=CARTESIAN_POINT('Origin',(-0.786,-0.5,-0.37));
#12868=CARTESIAN_POINT('',(-0.912,-0.5,-0.52));
#12869=CARTESIAN_POINT('',(-0.786,-0.5,-0.52));
#12870=CARTESIAN_POINT('',(-1.062,-0.5,-0.37));
#12871=CARTESIAN_POINT('Origin',(-0.912,-0.5,-0.37));
#12872=CARTESIAN_POINT('',(-1.062,-0.5,-0.37));
#12873=CARTESIAN_POINT('Origin',(-0.456,-0.4,-0.573));
#12874=CARTESIAN_POINT('',(-0.606,-0.4,-0.573));
#12875=CARTESIAN_POINT('',(-0.456,-0.4,-0.723));
#12876=CARTESIAN_POINT('Origin',(0.494,-0.4,-0.723));
#12877=CARTESIAN_POINT('',(0.494,-0.4,-0.723));
#12878=CARTESIAN_POINT('Origin',(0.494,-0.4,-0.573));
#12879=CARTESIAN_POINT('',(0.644,-0.4,-0.573));
#12880=CARTESIAN_POINT('Origin',(0.644,-0.4,-0.148));
#12881=CARTESIAN_POINT('',(0.644,-0.4,-0.148));
#12882=CARTESIAN_POINT('Origin',(0.494,-0.4,-0.148));
#12883=CARTESIAN_POINT('',(0.494,-0.4,0.00200000000000034));
#12884=CARTESIAN_POINT('Origin',(-0.356,-0.4,0.0019999999999999));
#12885=CARTESIAN_POINT('',(-0.356,-0.4,0.0019999999999999));
#12886=CARTESIAN_POINT('Origin',(-0.356,-0.4,0.069));
#12887=CARTESIAN_POINT('',(-0.356,-0.4,0.069));
#12888=CARTESIAN_POINT('Origin',(-0.481,-0.4,0.0689999999999999));
#12889=CARTESIAN_POINT('',(-0.606,-0.4,0.0689999999999999));
#12890=CARTESIAN_POINT('Origin',(-0.606,-0.4,-0.573));
#12891=CARTESIAN_POINT('Origin',(-0.938,-0.6,-0.245));
#12892=CARTESIAN_POINT('',(-1.063,-0.6,-0.245));
#12893=CARTESIAN_POINT('',(-1.062,-0.5,-0.2292202661619));
#12894=CARTESIAN_POINT('',(-1.062,-0.5,-0.2607797338381));
#12895=CARTESIAN_POINT('Origin',(-1.062,-0.4,-0.37));
#12896=CARTESIAN_POINT('',(-1.062,-0.4,-0.37));
#12897=CARTESIAN_POINT('Origin',(-1.062,-0.4,-0.37));
#12898=CARTESIAN_POINT('',(-1.062,-0.4,0.0439999999999996));
#12899=CARTESIAN_POINT('Origin',(-0.912,-0.4,-0.37));
#12900=CARTESIAN_POINT('',(-0.912,-0.4,-0.52));
#12901=CARTESIAN_POINT('Origin',(-0.786,-0.4,-0.52));
#12902=CARTESIAN_POINT('',(-0.786,-0.4,-0.52));
#12903=CARTESIAN_POINT('Origin',(-0.786,-0.4,-0.37));
#12904=CARTESIAN_POINT('',(-0.636,-0.4,-0.37));
#12905=CARTESIAN_POINT('Origin',(-0.636,-0.4,0.0439999999999998));
#12906=CARTESIAN_POINT('',(-0.636,-0.4,0.0439999999999998));
#12907=CARTESIAN_POINT('Origin',(-0.786,-0.4,0.0439999999999998));
#12908=CARTESIAN_POINT('',(-0.786,-0.4,0.194));
#12909=CARTESIAN_POINT('Origin',(-0.912,-0.4,0.194));
#12910=CARTESIAN_POINT('',(-0.912,-0.4,0.194));
#12911=CARTESIAN_POINT('Origin',(-0.912,-0.4,0.0439999999999997));
#12912=CARTESIAN_POINT('Origin',(0.34625,-0.5,-0.453));
#12913=CARTESIAN_POINT('',(0.34625,-0.4,-0.453));
#12914=CARTESIAN_POINT('',(-0.223,-0.4,-0.453));
#12915=CARTESIAN_POINT('',(0.34625,-0.4,-0.453));
#12916=CARTESIAN_POINT('',(0.34625,-0.5,-0.453));
#12917=CARTESIAN_POINT('',(-0.223,-0.5,-0.453));
#12918=CARTESIAN_POINT('Origin',(1.125,-0.4,0.255000000000001));
#12919=CARTESIAN_POINT('',(-0.223,-0.4,-0.265));
#12920=CARTESIAN_POINT('Origin',(-0.223,-0.4,-0.359));
#12921=CARTESIAN_POINT('',(0.34625,-0.4,-0.265));
#12922=CARTESIAN_POINT('',(-0.223,-0.4,-0.265));
#12923=CARTESIAN_POINT('Origin',(0.34625,-0.4,-0.359));
#12924=CARTESIAN_POINT('',(0.00900000000000012,-0.4,-0.375));
#12925=CARTESIAN_POINT('Origin',(0.0620000000000001,-0.4,-0.375));
#12926=CARTESIAN_POINT('Origin',(0.34625,-0.5,-0.359));
#12927=CARTESIAN_POINT('',(0.34625,-0.5,-0.265));
#12928=CARTESIAN_POINT('Origin',(-0.223,-0.5,-0.265));
#12929=CARTESIAN_POINT('',(-0.223,-0.5,-0.265));
#12930=CARTESIAN_POINT('Origin',(-0.223,-0.5,-0.359));
#12931=CARTESIAN_POINT('Origin',(0.0620000000000001,-0.6,-0.375));
#12932=CARTESIAN_POINT('',(0.00900000000000012,-0.537,-0.375));
#12933=CARTESIAN_POINT('Origin',(0.0620000000000001,-0.537,-0.375));
#12934=CARTESIAN_POINT('',(0.00900000000000013,-0.6,-0.375));
#12935=CARTESIAN_POINT('Origin',(0.0620000000000001,-0.537,-0.375));
#12936=CARTESIAN_POINT('',(-0.0314999999999999,-0.537,-0.375));
#12937=CARTESIAN_POINT('Origin',(0.0620000000000001,-0.537,-0.375));
#12938=CARTESIAN_POINT('Origin',(0.0620000000000001,-0.6,-0.375));
#12939=CARTESIAN_POINT('',(-0.0314999999999999,-0.6,-0.375));
#12940=CARTESIAN_POINT('Origin',(-0.138,-0.5,-0.668));
#12941=CARTESIAN_POINT('',(-0.188,-0.52,-0.668));
#12942=CARTESIAN_POINT('',(-0.188,-0.5,-0.668));
#12943=CARTESIAN_POINT('',(-0.0879999999999997,-0.52,-0.668));
#12944=CARTESIAN_POINT('Origin',(-0.138,-0.52,-0.668));
#12945=CARTESIAN_POINT('',(-0.0879999999999997,-0.5,-0.668));
#12946=CARTESIAN_POINT('Origin',(-0.0879999999999998,-0.5,-0.508));
#12947=CARTESIAN_POINT('',(-0.0879999999999998,-0.52,-0.508));
#12948=CARTESIAN_POINT('',(-0.0879999999999998,-0.52,-0.508));
#12949=CARTESIAN_POINT('',(-0.0879999999999998,-0.5,-0.508));
#12950=CARTESIAN_POINT('Origin',(-0.138,-0.5,-0.508));
#12951=CARTESIAN_POINT('',(-0.188,-0.52,-0.508));
#12952=CARTESIAN_POINT('Origin',(-0.138,-0.52,-0.508));
#12953=CARTESIAN_POINT('',(-0.188,-0.5,-0.508));
#12954=CARTESIAN_POINT('Origin',(-0.188,-0.5,-0.668));
#12955=CARTESIAN_POINT('',(-0.188,-0.52,-0.668));
#12956=CARTESIAN_POINT('Origin',(1.125,-0.52,0.255000000000001));
#12957=CARTESIAN_POINT('Origin',(1.125,-0.52,0.255000000000001));
#12958=CARTESIAN_POINT('',(-0.088,-0.52,-0.21));
#12959=CARTESIAN_POINT('',(-0.188,-0.52,-0.21));
#12960=CARTESIAN_POINT('Origin',(-0.138,-0.52,-0.21));
#12961=CARTESIAN_POINT('',(-0.188,-0.52,-0.053));
#12962=CARTESIAN_POINT('',(-0.188,-0.52,-0.21));
#12963=CARTESIAN_POINT('',(-0.088,-0.52,-0.0529999999999999));
#12964=CARTESIAN_POINT('Origin',(-0.138,-0.52,-0.053));
#12965=CARTESIAN_POINT('',(-0.088,-0.52,-0.0529999999999999));
#12966=CARTESIAN_POINT('Origin',(1.125,-0.52,0.255000000000001));
#12967=CARTESIAN_POINT('',(0.212,-0.52,-0.0529999999999998));
#12968=CARTESIAN_POINT('',(0.312,-0.52,-0.0529999999999997));
#12969=CARTESIAN_POINT('Origin',(0.262,-0.52,-0.0529999999999997));
#12970=CARTESIAN_POINT('',(0.312,-0.52,-0.21));
#12971=CARTESIAN_POINT('',(0.312,-0.52,-0.0529999999999997));
#12972=CARTESIAN_POINT('',(0.212,-0.52,-0.21));
#12973=CARTESIAN_POINT('Origin',(0.262,-0.52,-0.21));
#12974=CARTESIAN_POINT('',(0.212,-0.52,-0.21));
#12975=CARTESIAN_POINT('Origin',(1.125,-0.52,0.255000000000001));
#12976=CARTESIAN_POINT('',(0.212,-0.52,-0.508));
#12977=CARTESIAN_POINT('',(0.312,-0.52,-0.508));
#12978=CARTESIAN_POINT('Origin',(0.262,-0.52,-0.508));
#12979=CARTESIAN_POINT('',(0.312,-0.52,-0.668));
#12980=CARTESIAN_POINT('',(0.312,-0.52,-0.508));
#12981=CARTESIAN_POINT('',(0.212,-0.52,-0.668));
#12982=CARTESIAN_POINT('Origin',(0.262,-0.52,-0.668));
#12983=CARTESIAN_POINT('',(0.212,-0.52,-0.668));
#12984=CARTESIAN_POINT('Origin',(-0.138,-0.5,-0.21));
#12985=CARTESIAN_POINT('',(-0.188,-0.5,-0.21));
#12986=CARTESIAN_POINT('',(-0.088,-0.5,-0.21));
#12987=CARTESIAN_POINT('Origin',(-0.088,-0.5,-0.0529999999999999));
#12988=CARTESIAN_POINT('',(-0.088,-0.5,-0.0529999999999999));
#12989=CARTESIAN_POINT('Origin',(-0.138,-0.5,-0.053));
#12990=CARTESIAN_POINT('',(-0.188,-0.5,-0.053));
#12991=CARTESIAN_POINT('Origin',(-0.188,-0.5,-0.21));
#12992=CARTESIAN_POINT('Origin',(0.262,-0.5,-0.0529999999999997));
#12993=CARTESIAN_POINT('',(0.312,-0.5,-0.0529999999999997));
#12994=CARTESIAN_POINT('',(0.212,-0.5,-0.0529999999999998));
#12995=CARTESIAN_POINT('Origin',(0.212,-0.5,-0.21));
#12996=CARTESIAN_POINT('',(0.212,-0.5,-0.21));
#12997=CARTESIAN_POINT('Origin',(0.262,-0.5,-0.21));
#12998=CARTESIAN_POINT('',(0.312,-0.5,-0.21));
#12999=CARTESIAN_POINT('Origin',(0.312,-0.5,-0.0529999999999997));
#13000=CARTESIAN_POINT('Origin',(0.262,-0.5,-0.508));
#13001=CARTESIAN_POINT('',(0.312,-0.5,-0.508));
#13002=CARTESIAN_POINT('',(0.212,-0.5,-0.508));
#13003=CARTESIAN_POINT('Origin',(0.212,-0.5,-0.668));
#13004=CARTESIAN_POINT('',(0.212,-0.5,-0.668));
#13005=CARTESIAN_POINT('Origin',(0.262,-0.5,-0.668));
#13006=CARTESIAN_POINT('',(0.312,-0.5,-0.668));
#13007=CARTESIAN_POINT('Origin',(0.312,-0.5,-0.508));
#13008=CARTESIAN_POINT('Origin',(0.125,-0.6,-1.057));
#13009=CARTESIAN_POINT('',(0.0610000000000004,-0.6,-1.057));
#13010=CARTESIAN_POINT('Origin',(0.848,-0.6,-0.400999999999999));
#13011=CARTESIAN_POINT('',(0.848,-0.416,-0.400999999999999));
#13012=CARTESIAN_POINT('',(0.848,-0.478,-0.400999999999999));
#13013=CARTESIAN_POINT('',(0.848,-0.416,-0.400999999999999));
#13014=CARTESIAN_POINT('',(0.848,-0.416,-0.399999999999999));
#13015=CARTESIAN_POINT('',(0.848,-0.416,-0.399999999999999));
#13016=CARTESIAN_POINT('',(0.848,-0.416,-0.399999999999999));
#13017=CARTESIAN_POINT('',(0.848,-0.478,-0.536531730999269));
#13018=CARTESIAN_POINT('',(0.848,-0.6,-0.536531730999269));
#13019=CARTESIAN_POINT('',(0.848,-0.478,-0.400999999999999));
#13020=CARTESIAN_POINT('Origin',(0.913,-0.6,-0.400999999999999));
#13021=CARTESIAN_POINT('',(0.978,-0.478,-0.400999999999999));
#13022=CARTESIAN_POINT('Origin',(0.913,-0.478,-0.400999999999999));
#13023=CARTESIAN_POINT('',(0.978,-0.416,-0.400999999999999));
#13024=CARTESIAN_POINT('',(0.978,-0.416,-0.400999999999999));
#13025=CARTESIAN_POINT('Origin',(0.913,-0.416,-0.400999999999999));
#13026=CARTESIAN_POINT('Origin',(1.76503606131451E-16,-0.478,-0.49));
#13027=CARTESIAN_POINT('',(0.978,-0.478,-0.521792226415319));
#13028=CARTESIAN_POINT('Origin',(0.925,-0.478,-0.634999999999999));
#13029=CARTESIAN_POINT('',(0.978,-0.478,-0.521792226415319));
#13030=CARTESIAN_POINT('Origin',(0.925,-0.6,-0.634999999999999));
#13031=CARTESIAN_POINT('',(0.978,-0.6,-0.521792226415319));
#13032=CARTESIAN_POINT('',(0.8,-0.6,-0.634999999999999));
#13033=CARTESIAN_POINT('Origin',(0.978,-0.6,0.0690000000000007));
#13034=CARTESIAN_POINT('',(0.978,-0.416,0.0690000000000007));
#13035=CARTESIAN_POINT('',(0.978,-0.416,0.0690000000000007));
#13036=CARTESIAN_POINT('',(0.978,-0.416,-0.400999999999999));
#13037=CARTESIAN_POINT('Origin',(1.75179878679013E-16,-0.416,-0.49));
#13038=CARTESIAN_POINT('',(0.79,-0.416,0.0690000000000006));
#13039=CARTESIAN_POINT('',(0.66,-0.416,0.0690000000000005));
#13040=CARTESIAN_POINT('Origin',(0.725,-0.416,0.0690000000000005));
#13041=CARTESIAN_POINT('',(0.66,-0.416,-0.401));
#13042=CARTESIAN_POINT('',(0.66,-0.416,0.0690000000000005));
#13043=CARTESIAN_POINT('',(0.79,-0.416,-0.400999999999999));
#13044=CARTESIAN_POINT('Origin',(0.725,-0.416,-0.401));
#13045=CARTESIAN_POINT('',(0.79,-0.416,-0.399999999999999));
#13046=CARTESIAN_POINT('',(0.79,-0.416,-0.400999999999999));
#13047=CARTESIAN_POINT('',(0.79,-0.416,-0.399999999999999));
#13048=CARTESIAN_POINT('',(0.848,-0.416,0.0690000000000006));
#13049=CARTESIAN_POINT('Origin',(0.913,-0.416,0.0690000000000006));
#13050=CARTESIAN_POINT('',(0.848,-0.416,0.0680000000000006));
#13051=CARTESIAN_POINT('',(0.848,-0.416,0.0690000000000006));
#13052=CARTESIAN_POINT('',(0.79,-0.416,0.0680000000000006));
#13053=CARTESIAN_POINT('',(0.848,-0.416,0.0680000000000006));
#13054=CARTESIAN_POINT('',(0.79,-0.416,0.0680000000000006));
#13055=CARTESIAN_POINT('',(0.712,-0.416,-0.235999999999999));
#13056=CARTESIAN_POINT('',(0.752,-0.416,-0.235999999999999));
#13057=CARTESIAN_POINT('Origin',(0.732,-0.416,-0.235999999999999));
#13058=CARTESIAN_POINT('',(0.712,-0.416,-0.0959999999999995));
#13059=CARTESIAN_POINT('',(0.712,-0.416,-0.0959999999999995));
#13060=CARTESIAN_POINT('',(0.752,-0.416,-0.0959999999999995));
#13061=CARTESIAN_POINT('Origin',(0.732,-0.416,-0.0959999999999995));
#13062=CARTESIAN_POINT('',(0.752,-0.416,-0.235999999999999));
#13063=CARTESIAN_POINT('Origin',(0.725,-0.6,0.0690000000000005));
#13064=CARTESIAN_POINT('',(0.66,-0.416,0.0690000000000005));
#13065=CARTESIAN_POINT('',(0.79,-0.416,0.0690000000000006));
#13066=CARTESIAN_POINT('Origin',(0.66,-0.6,-0.401));
#13067=CARTESIAN_POINT('',(0.66,-0.416,-0.401));
#13068=CARTESIAN_POINT('Origin',(0.725,-0.6,-0.400999999999999));
#13069=CARTESIAN_POINT('',(0.79,-0.416,-0.400999999999999));
#13070=CARTESIAN_POINT('Origin',(0.79,-0.6,-0.399999999999999));
#13071=CARTESIAN_POINT('',(0.79,-0.416,-0.399999999999999));
#13072=CARTESIAN_POINT('Origin',(0.848,-0.6,-0.399999999999999));
#13073=CARTESIAN_POINT('Origin',(0.79,-0.6,0.0690000000000006));
#13074=CARTESIAN_POINT('',(0.79,-0.416,0.0680000000000006));
#13075=CARTESIAN_POINT('Origin',(0.79,-0.6,0.0680000000000006));
#13076=CARTESIAN_POINT('',(0.848,-0.416,0.0680000000000006));
#13077=CARTESIAN_POINT('Origin',(0.848,-0.6,0.0680000000000006));
#13078=CARTESIAN_POINT('',(0.848,-0.416,0.0690000000000006));
#13079=CARTESIAN_POINT('Origin',(0.913,-0.6,0.0690000000000006));
#13080=CARTESIAN_POINT('Origin',(0.732,-0.6,-0.235999999999999));
#13081=CARTESIAN_POINT('',(0.712,-0.416,-0.235999999999999));
#13082=CARTESIAN_POINT('',(0.752,-0.416,-0.235999999999999));
#13083=CARTESIAN_POINT('Origin',(0.752,-0.6,-0.235999999999999));
#13084=CARTESIAN_POINT('',(0.752,-0.416,-0.0959999999999995));
#13085=CARTESIAN_POINT('Origin',(0.732,-0.6,-0.0959999999999995));
#13086=CARTESIAN_POINT('',(0.712,-0.416,-0.0959999999999995));
#13087=CARTESIAN_POINT('Origin',(0.712,-0.6,-0.0959999999999995));
#13088=CARTESIAN_POINT('Origin',(0.0619999999999999,-0.6,0.13));
#13089=CARTESIAN_POINT('',(-0.0315000000000001,-0.537,0.13));
#13090=CARTESIAN_POINT('',(-0.0315000000000001,-0.6,0.13));
#13091=CARTESIAN_POINT('Origin',(0.0619999999999999,-0.537,0.13));
#13092=CARTESIAN_POINT('Origin',(0.0619999999999999,-0.537,0.13));
#13093=CARTESIAN_POINT('',(0.00899999999999987,-0.537,0.13));
#13094=CARTESIAN_POINT('Origin',(0.0619999999999999,-0.537,0.13));
#13095=CARTESIAN_POINT('Origin',(0.0619999999999999,-0.6,0.13));
#13096=CARTESIAN_POINT('',(0.00899999999999988,-0.6,0.13));
#13097=CARTESIAN_POINT('Origin',(0.6875,-0.6,-0.712));
#13098=CARTESIAN_POINT('',(0.594,-0.537,-0.712));
#13099=CARTESIAN_POINT('',(0.594,-0.6,-0.712));
#13100=CARTESIAN_POINT('Origin',(0.6875,-0.537,-0.712));
#13101=CARTESIAN_POINT('Origin',(0.6875,-0.537,-0.712));
#13102=CARTESIAN_POINT('',(0.6345,-0.537,-0.712));
#13103=CARTESIAN_POINT('Origin',(0.6875,-0.537,-0.712));
#13104=CARTESIAN_POINT('Origin',(0.6875,-0.6,-0.712));
#13105=CARTESIAN_POINT('',(0.6345,-0.6,-0.712));
#13106=CARTESIAN_POINT('Origin',(-0.95,-0.6,-0.795));
#13107=CARTESIAN_POINT('',(-1.0435,-0.537,-0.795));
#13108=CARTESIAN_POINT('',(-1.0435,-0.6,-0.795));
#13109=CARTESIAN_POINT('Origin',(-0.95,-0.537,-0.795));
#13110=CARTESIAN_POINT('Origin',(-0.95,-0.537,-0.795));
#13111=CARTESIAN_POINT('',(-1.003,-0.537,-0.795));
#13112=CARTESIAN_POINT('Origin',(-0.95,-0.537,-0.795));
#13113=CARTESIAN_POINT('Origin',(-0.95,-0.6,-0.795));
#13114=CARTESIAN_POINT('',(-1.003,-0.6,-0.795));
#13115=CARTESIAN_POINT('Origin',(-0.685,-0.4,-0.87));
#13116=CARTESIAN_POINT('',(-0.513,-0.5,-0.87));
#13117=CARTESIAN_POINT('',(-0.513,-0.4,-0.87));
#13118=CARTESIAN_POINT('Origin',(-0.685,-0.5,-0.87));
#13119=CARTESIAN_POINT('Origin',(-0.685,-0.5,-0.87));
#13120=CARTESIAN_POINT('',(0.,0.,1.11022302462516E-16));
#13121=CARTESIAN_POINT('',(1.74838271594513E-16,-0.1005,-0.0174999999999999));
#13122=CARTESIAN_POINT('',(0.,0.0995000000000001,0.74));
#13123=CARTESIAN_POINT('',(1.74838271594513E-16,0.3,-0.00500000000000006));
#13124=CARTESIAN_POINT('',(-0.1,0.25,0.9375));
#13125=UNCERTAINTY_MEASURE_WITH_UNIT(LENGTH_MEASURE(0.000393700787401575),
#13154,'DISTANCE_ACCURACY_VALUE',
'Maximum model space distance between geometric entities at asserted c
onnectivities');
#13126=UNCERTAINTY_MEASURE_WITH_UNIT(LENGTH_MEASURE(0.000393700787401575),
#13154,'DISTANCE_ACCURACY_VALUE',
'Maximum model space distance between geometric entities at asserted c
onnectivities');
#13127=UNCERTAINTY_MEASURE_WITH_UNIT(LENGTH_MEASURE(0.000393700787401575),
#13154,'DISTANCE_ACCURACY_VALUE',
'Maximum model space distance between geometric entities at asserted c
onnectivities');
#13128=UNCERTAINTY_MEASURE_WITH_UNIT(LENGTH_MEASURE(0.000393700787401575),
#13154,'DISTANCE_ACCURACY_VALUE',
'Maximum model space distance between geometric entities at asserted c
onnectivities');
#13129=UNCERTAINTY_MEASURE_WITH_UNIT(LENGTH_MEASURE(0.000393700787401575),
#13154,'DISTANCE_ACCURACY_VALUE',
'Maximum model space distance between geometric entities at asserted c
onnectivities');
#13130=UNCERTAINTY_MEASURE_WITH_UNIT(LENGTH_MEASURE(0.000393700787401575),
#13154,'DISTANCE_ACCURACY_VALUE',
'Maximum model space distance between geometric entities at asserted c
onnectivities');
#13131=UNCERTAINTY_MEASURE_WITH_UNIT(LENGTH_MEASURE(0.000393700787401575),
#13154,'DISTANCE_ACCURACY_VALUE',
'Maximum model space distance between geometric entities at asserted c
onnectivities');
#13132=UNCERTAINTY_MEASURE_WITH_UNIT(LENGTH_MEASURE(0.000393700787401575),
#13154,'DISTANCE_ACCURACY_VALUE',
'Maximum model space distance between geometric entities at asserted c
onnectivities');
#13133=UNCERTAINTY_MEASURE_WITH_UNIT(LENGTH_MEASURE(0.000393700787401575),
#13154,'DISTANCE_ACCURACY_VALUE',
'Maximum model space distance between geometric entities at asserted c
onnectivities');
#13134=UNCERTAINTY_MEASURE_WITH_UNIT(LENGTH_MEASURE(0.000393700787401575),
#13154,'DISTANCE_ACCURACY_VALUE',
'Maximum model space distance between geometric entities at asserted c
onnectivities');
#13135=UNCERTAINTY_MEASURE_WITH_UNIT(LENGTH_MEASURE(0.000393700787401575),
#13154,'DISTANCE_ACCURACY_VALUE',
'Maximum model space distance between geometric entities at asserted c
onnectivities');
#13136=UNCERTAINTY_MEASURE_WITH_UNIT(LENGTH_MEASURE(0.000393700787401575),
#13154,'DISTANCE_ACCURACY_VALUE',
'Maximum model space distance between geometric entities at asserted c
onnectivities');
#13137=UNCERTAINTY_MEASURE_WITH_UNIT(LENGTH_MEASURE(0.000393700787401575),
#13154,'DISTANCE_ACCURACY_VALUE',
'Maximum model space distance between geometric entities at asserted c
onnectivities');
#13138=UNCERTAINTY_MEASURE_WITH_UNIT(LENGTH_MEASURE(0.000393700787401575),
#13154,'DISTANCE_ACCURACY_VALUE',
'Maximum model space distance between geometric entities at asserted c
onnectivities');
#13139=(
GEOMETRIC_REPRESENTATION_CONTEXT(3)
GLOBAL_UNCERTAINTY_ASSIGNED_CONTEXT((#13125))
GLOBAL_UNIT_ASSIGNED_CONTEXT((#13154,#13158,#13159))
REPRESENTATION_CONTEXT('','3D')
);
#13140=(
GEOMETRIC_REPRESENTATION_CONTEXT(3)
GLOBAL_UNCERTAINTY_ASSIGNED_CONTEXT((#13126))
GLOBAL_UNIT_ASSIGNED_CONTEXT((#13154,#13158,#13159))
REPRESENTATION_CONTEXT('','3D')
);
#13141=(
GEOMETRIC_REPRESENTATION_CONTEXT(3)
GLOBAL_UNCERTAINTY_ASSIGNED_CONTEXT((#13127))
GLOBAL_UNIT_ASSIGNED_CONTEXT((#13154,#13158,#13159))
REPRESENTATION_CONTEXT('','3D')
);
#13142=(
GEOMETRIC_REPRESENTATION_CONTEXT(3)
GLOBAL_UNCERTAINTY_ASSIGNED_CONTEXT((#13128))
GLOBAL_UNIT_ASSIGNED_CONTEXT((#13154,#13158,#13159))
REPRESENTATION_CONTEXT('','3D')
);
#13143=(
GEOMETRIC_REPRESENTATION_CONTEXT(3)
GLOBAL_UNCERTAINTY_ASSIGNED_CONTEXT((#13129))
GLOBAL_UNIT_ASSIGNED_CONTEXT((#13154,#13158,#13159))
REPRESENTATION_CONTEXT('','3D')
);
#13144=(
GEOMETRIC_REPRESENTATION_CONTEXT(3)
GLOBAL_UNCERTAINTY_ASSIGNED_CONTEXT((#13130))
GLOBAL_UNIT_ASSIGNED_CONTEXT((#13154,#13158,#13159))
REPRESENTATION_CONTEXT('','3D')
);
#13145=(
GEOMETRIC_REPRESENTATION_CONTEXT(3)
GLOBAL_UNCERTAINTY_ASSIGNED_CONTEXT((#13131))
GLOBAL_UNIT_ASSIGNED_CONTEXT((#13154,#13158,#13159))
REPRESENTATION_CONTEXT('','3D')
);
#13146=(
GEOMETRIC_REPRESENTATION_CONTEXT(3)
GLOBAL_UNCERTAINTY_ASSIGNED_CONTEXT((#13132))
GLOBAL_UNIT_ASSIGNED_CONTEXT((#13154,#13158,#13159))
REPRESENTATION_CONTEXT('','3D')
);
#13147=(
GEOMETRIC_REPRESENTATION_CONTEXT(3)
GLOBAL_UNCERTAINTY_ASSIGNED_CONTEXT((#13133))
GLOBAL_UNIT_ASSIGNED_CONTEXT((#13154,#13158,#13159))
REPRESENTATION_CONTEXT('','3D')
);
#13148=(
GEOMETRIC_REPRESENTATION_CONTEXT(3)
GLOBAL_UNCERTAINTY_ASSIGNED_CONTEXT((#13134))
GLOBAL_UNIT_ASSIGNED_CONTEXT((#13154,#13158,#13159))
REPRESENTATION_CONTEXT('','3D')
);
#13149=(
GEOMETRIC_REPRESENTATION_CONTEXT(3)
GLOBAL_UNCERTAINTY_ASSIGNED_CONTEXT((#13135))
GLOBAL_UNIT_ASSIGNED_CONTEXT((#13154,#13158,#13159))
REPRESENTATION_CONTEXT('','3D')
);
#13150=(
GEOMETRIC_REPRESENTATION_CONTEXT(3)
GLOBAL_UNCERTAINTY_ASSIGNED_CONTEXT((#13136))
GLOBAL_UNIT_ASSIGNED_CONTEXT((#13154,#13158,#13159))
REPRESENTATION_CONTEXT('','3D')
);
#13151=(
GEOMETRIC_REPRESENTATION_CONTEXT(3)
GLOBAL_UNCERTAINTY_ASSIGNED_CONTEXT((#13137))
GLOBAL_UNIT_ASSIGNED_CONTEXT((#13154,#13158,#13159))
REPRESENTATION_CONTEXT('','3D')
);
#13152=(
GEOMETRIC_REPRESENTATION_CONTEXT(3)
GLOBAL_UNCERTAINTY_ASSIGNED_CONTEXT((#13138))
GLOBAL_UNIT_ASSIGNED_CONTEXT((#13154,#13158,#13159))
REPRESENTATION_CONTEXT('','3D')
);
#13153=DIMENSIONAL_EXPONENTS(1.,0.,0.,0.,0.,0.,0.);
#13154=(
CONVERSION_BASED_UNIT('inch',#13157)
LENGTH_UNIT()
NAMED_UNIT(#13153)
);
#13155=(
LENGTH_UNIT()
NAMED_UNIT(*)
SI_UNIT(.MILLI.,.METRE.)
);
#13156=(
LENGTH_UNIT()
NAMED_UNIT(*)
SI_UNIT($,.METRE.)
);
#13157=LENGTH_MEASURE_WITH_UNIT(LENGTH_MEASURE(25.4),#13155);
#13158=(
NAMED_UNIT(*)
PLANE_ANGLE_UNIT()
SI_UNIT($,.RADIAN.)
);
#13159=(
NAMED_UNIT(*)
SI_UNIT($,.STERADIAN.)
SOLID_ANGLE_UNIT()
);
#13160=SHAPE_DEFINITION_REPRESENTATION(#13173,#13198);
#13161=SHAPE_DEFINITION_REPRESENTATION(#13174,#13199);
#13162=SHAPE_DEFINITION_REPRESENTATION(#13175,#13200);
#13163=SHAPE_DEFINITION_REPRESENTATION(#13176,#13201);
#13164=SHAPE_DEFINITION_REPRESENTATION(#13177,#13202);
#13165=SHAPE_DEFINITION_REPRESENTATION(#13178,#13203);
#13166=SHAPE_DEFINITION_REPRESENTATION(#13179,#13204);
#13167=SHAPE_DEFINITION_REPRESENTATION(#13184,#13205);
#13168=SHAPE_DEFINITION_REPRESENTATION(#13185,#13206);
#13169=SHAPE_DEFINITION_REPRESENTATION(#13186,#13207);
#13170=SHAPE_DEFINITION_REPRESENTATION(#13187,#13208);
#13171=SHAPE_DEFINITION_REPRESENTATION(#13191,#13209);
#13172=SHAPE_DEFINITION_REPRESENTATION(#13192,#13210);
#13173=PRODUCT_DEFINITION_SHAPE('',$,#13212);
#13174=PRODUCT_DEFINITION_SHAPE('',$,#13213);
#13175=PRODUCT_DEFINITION_SHAPE('',$,#13214);
#13176=PRODUCT_DEFINITION_SHAPE('',$,#13215);
#13177=PRODUCT_DEFINITION_SHAPE('',$,#13216);
#13178=PRODUCT_DEFINITION_SHAPE('',$,#13217);
#13179=PRODUCT_DEFINITION_SHAPE('',$,#13218);
#13180=PRODUCT_DEFINITION_SHAPE($,$,#47);
#13181=PRODUCT_DEFINITION_SHAPE($,$,#48);
#13182=PRODUCT_DEFINITION_SHAPE($,$,#49);
#13183=PRODUCT_DEFINITION_SHAPE($,$,#50);
#13184=PRODUCT_DEFINITION_SHAPE('',$,#13219);
#13185=PRODUCT_DEFINITION_SHAPE('',$,#13220);
#13186=PRODUCT_DEFINITION_SHAPE('',$,#13221);
#13187=PRODUCT_DEFINITION_SHAPE('',$,#13222);
#13188=PRODUCT_DEFINITION_SHAPE($,$,#51);
#13189=PRODUCT_DEFINITION_SHAPE($,$,#52);
#13190=PRODUCT_DEFINITION_SHAPE($,$,#53);
#13191=PRODUCT_DEFINITION_SHAPE('',$,#13223);
#13192=PRODUCT_DEFINITION_SHAPE('',$,#13224);
#13193=PRODUCT_DEFINITION_SHAPE($,$,#54);
#13194=PRODUCT_DEFINITION_SHAPE($,$,#55);
#13195=PRODUCT_DEFINITION_SHAPE($,$,#56);
#13196=PRODUCT_DEFINITION_SHAPE($,$,#57);
#13197=PRODUCT_DEFINITION_SHAPE($,$,#58);
#13198=SHAPE_REPRESENTATION('',(#7742,#8534),#13139);
#13199=SHAPE_REPRESENTATION('',(#7743,#8530,#8531,#8532,#8533),#13140);
#13200=SHAPE_REPRESENTATION('',(#7744,#8072,#8073,#8074,#8075),#13141);
#13201=SHAPE_REPRESENTATION('',(#7745,#7631,#7632,#7633,#7634,#7635,#7636,
#7637,#7638,#7639,#7640,#7641),#13142);
#13202=SHAPE_REPRESENTATION('',(#8041),#13143);
#13203=SHAPE_REPRESENTATION('',(#8052),#13144);
#13204=SHAPE_REPRESENTATION('',(#8063),#13145);
#13205=SHAPE_REPRESENTATION('',(#8076,#8279,#8280,#8281),#13146);
#13206=SHAPE_REPRESENTATION('',(#8077),#13147);
#13207=SHAPE_REPRESENTATION('',(#8127),#13148);
#13208=SHAPE_REPRESENTATION('',(#8265),#13149);
#13209=SHAPE_REPRESENTATION('',(#8282),#13150);
#13210=SHAPE_REPRESENTATION('',(#8335),#13151);
#13211=PRODUCT_DEFINITION_CONTEXT('part definition',#13252,'design');
#13212=PRODUCT_DEFINITION('ASM_TOP_LEVEL_LASER_SHUTTER_ASM','3DSR475',#13225,
#13211);
#13213=PRODUCT_DEFINITION('2026-04-11-01-47-45-292','Component12',#13226,
#13211);
#13214=PRODUCT_DEFINITION('7-01739-721_BASE_SHUTTER_HSING_ASM',
'7-01739-721_BASE_SHUTTER_HSING_ASM',#13227,#13211);
#13215=PRODUCT_DEFINITION('7-01739-721_BASE_SHUTTER_HSING',
'7-01739-721_BASE_SHUTTER_HSING',#13228,#13211);
#13216=PRODUCT_DEFINITION('DOWEL_PIN_0625_4375','DOWEL_PIN_0625_4375',#13229,
#13211);
#13217=PRODUCT_DEFINITION('DOWEL_PIN_0625_500','DOWEL_PIN_0625_500',#13230,
#13211);
#13218=PRODUCT_DEFINITION('0-01172_BRASS_BUSHING',
'0-01172_BRASS_BUSHING',#13231,#13211);
#13219=PRODUCT_DEFINITION('7-01758-701_PCB_LASER_SHUTTER_ASM',
'7-01758-701_PCB_LASER_SHUTTER_ASM',#13232,#13211);
#13220=PRODUCT_DEFINITION('7-01758-701_PCB_LASER_SHUTTER',
'7-01758-701_PCB_LASER_SHUTTER',#13233,#13211);
#13221=PRODUCT_DEFINITION('IEEE_1394','IEEE_1394',#13234,#13211);
#13222=PRODUCT_DEFINITION('CAP_AEC_FM_25V','CAP_AEC_FM_25V',#13235,#13211);
#13223=PRODUCT_DEFINITION('7-01781-720_COVER_HOUSING',
'7-01781-720_COVER_HOUSING',#13236,#13211);
#13224=PRODUCT_DEFINITION('7-01740-720_HOUSING_LID',
'7-01740-720_HOUSING_LID',#13237,#13211);
#13225=PRODUCT_DEFINITION_FORMATION('',$,#13254);
#13226=PRODUCT_DEFINITION_FORMATION('',$,#13255);
#13227=PRODUCT_DEFINITION_FORMATION('',$,#13256);
#13228=PRODUCT_DEFINITION_FORMATION('',$,#13257);
#13229=PRODUCT_DEFINITION_FORMATION('',$,#13258);
#13230=PRODUCT_DEFINITION_FORMATION('',$,#13259);
#13231=PRODUCT_DEFINITION_FORMATION('',$,#13260);
#13232=PRODUCT_DEFINITION_FORMATION('',$,#13261);
#13233=PRODUCT_DEFINITION_FORMATION('',$,#13262);
#13234=PRODUCT_DEFINITION_FORMATION('',$,#13263);
#13235=PRODUCT_DEFINITION_FORMATION('',$,#13264);
#13236=PRODUCT_DEFINITION_FORMATION('',$,#13265);
#13237=PRODUCT_DEFINITION_FORMATION('',$,#13266);
#13238=PRODUCT_RELATED_PRODUCT_CATEGORY('3DSR475','3DSR475',(#13254));
#13239=PRODUCT_RELATED_PRODUCT_CATEGORY('Component12','Component12',(#13255));
#13240=PRODUCT_RELATED_PRODUCT_CATEGORY(
'7-01739-721_BASE_SHUTTER_HSING_ASM',
'7-01739-721_BASE_SHUTTER_HSING_ASM',(#13256));
#13241=PRODUCT_RELATED_PRODUCT_CATEGORY(
'7-01739-721_BASE_SHUTTER_HSING','7-01739-721_BASE_SHUTTER_HSING',(#13257));
#13242=PRODUCT_RELATED_PRODUCT_CATEGORY('DOWEL_PIN_0625_4375',
'DOWEL_PIN_0625_4375',(#13258));
#13243=PRODUCT_RELATED_PRODUCT_CATEGORY('DOWEL_PIN_0625_500',
'DOWEL_PIN_0625_500',(#13259));
#13244=PRODUCT_RELATED_PRODUCT_CATEGORY('0-01172_BRASS_BUSHING',
'0-01172_BRASS_BUSHING',(#13260));
#13245=PRODUCT_RELATED_PRODUCT_CATEGORY(
'7-01758-701_PCB_LASER_SHUTTER_ASM','7-01758-701_PCB_LASER_SHUTTER_ASM',
(#13261));
#13246=PRODUCT_RELATED_PRODUCT_CATEGORY('7-01758-701_PCB_LASER_SHUTTER',
'7-01758-701_PCB_LASER_SHUTTER',(#13262));
#13247=PRODUCT_RELATED_PRODUCT_CATEGORY('IEEE_1394','IEEE_1394',(#13263));
#13248=PRODUCT_RELATED_PRODUCT_CATEGORY('CAP_AEC_FM_25V',
'CAP_AEC_FM_25V',(#13264));
#13249=PRODUCT_RELATED_PRODUCT_CATEGORY('7-01781-720_COVER_HOUSING',
'7-01781-720_COVER_HOUSING',(#13265));
#13250=PRODUCT_RELATED_PRODUCT_CATEGORY('7-01740-720_HOUSING_LID',
'7-01740-720_HOUSING_LID',(#13266));
#13251=APPLICATION_PROTOCOL_DEFINITION('international standard',
'automotive_design',2009,#13252);
#13252=APPLICATION_CONTEXT(
'Core Data for Automotive Mechanical Design Process');
#13253=PRODUCT_CONTEXT('part definition',#13252,'mechanical');
#13254=PRODUCT('ASM_TOP_LEVEL_LASER_SHUTTER_ASM','3DSR475',$,(#13253));
#13255=PRODUCT('2026-04-11-01-47-45-292','Component12',$,(#13253));
#13256=PRODUCT('7-01739-721_BASE_SHUTTER_HSING_ASM',
'7-01739-721_BASE_SHUTTER_HSING_ASM','NOT SPECIFIED',(#13253));
#13257=PRODUCT('7-01739-721_BASE_SHUTTER_HSING',
'7-01739-721_BASE_SHUTTER_HSING','NOT SPECIFIED',(#13253));
#13258=PRODUCT('DOWEL_PIN_0625_4375','DOWEL_PIN_0625_4375',
'NOT SPECIFIED',(#13253));
#13259=PRODUCT('DOWEL_PIN_0625_500','DOWEL_PIN_0625_500',
'NOT SPECIFIED',(#13253));
#13260=PRODUCT('0-01172_BRASS_BUSHING','0-01172_BRASS_BUSHING',
'NOT SPECIFIED',(#13253));
#13261=PRODUCT('7-01758-701_PCB_LASER_SHUTTER_ASM',
'7-01758-701_PCB_LASER_SHUTTER_ASM','NOT SPECIFIED',(#13253));
#13262=PRODUCT('7-01758-701_PCB_LASER_SHUTTER',
'7-01758-701_PCB_LASER_SHUTTER','NOT SPECIFIED',(#13253));
#13263=PRODUCT('IEEE_1394','IEEE_1394','NOT SPECIFIED',(#13253));
#13264=PRODUCT('CAP_AEC_FM_25V','CAP_AEC_FM_25V','NOT SPECIFIED',(#13253));
#13265=PRODUCT('7-01781-720_COVER_HOUSING','7-01781-720_COVER_HOUSING',
'NOT SPECIFIED',(#13253));
#13266=PRODUCT('7-01740-720_HOUSING_LID','7-01740-720_HOUSING_LID',
'NOT SPECIFIED',(#13253));
#13267=PRESENTATION_STYLE_ASSIGNMENT((#13269));
#13268=PRESENTATION_STYLE_ASSIGNMENT((#13270));
#13269=SURFACE_STYLE_USAGE(.BOTH.,#13271);
#13270=SURFACE_STYLE_USAGE(.BOTH.,#13272);
#13271=SURFACE_SIDE_STYLE('',(#13273));
#13272=SURFACE_SIDE_STYLE('',(#13274));
#13273=SURFACE_STYLE_FILL_AREA(#13275);
#13274=SURFACE_STYLE_FILL_AREA(#13276);
#13275=FILL_AREA_STYLE('Steel - Satin',(#13277));
#13276=FILL_AREA_STYLE('Opaque(160,160,160)',(#13278));
#13277=FILL_AREA_STYLE_COLOUR('Steel - Satin',#13279);
#13278=FILL_AREA_STYLE_COLOUR('Opaque(160,160,160)',#13280);
#13279=COLOUR_RGB('Steel - Satin',0.627450980392157,0.627450980392157,0.627450980392157);
#13280=COLOUR_RGB('Opaque(160,160,160)',0.627450980392157,0.627450980392157,
0.627450980392157);
ENDSEC;
END-ISO-10303-21;
