ISO-10303-21;
HEADER;
/* Generated by software containing ST-Developer
 * from STEP Tools, Inc. (www.steptools.com) 
 */

FILE_DESCRIPTION(
/* description */ ('STEP AP214'),
/* implementation_level */ '2;1');

FILE_NAME(
/* name */ 'lens-tube-sm1-l03.step',
/* time_stamp */ '2026-08-23T03:26:00-05:00',
/* author */ (''),
/* organization */ (''),
/* preprocessor_version */ 'ST-DEVELOPER v20.1',
/* originating_system */ 'Autodesk Translation Framework v15.8.0.0',
/* authorisation */ '');

FILE_SCHEMA (('AUTOMOTIVE_DESIGN { 1 0 10303 214 3 1 1 }'));
ENDSEC;

DATA;
#10=MECHANICAL_DESIGN_GEOMETRIC_PRESENTATION_REPRESENTATION('',(#5028,#5029,
#5030,#5031,#5032,#5033,#5034,#5035,#5036,#5037,#5038,#5039,#5040,#5041,
#5042,#5043,#5044,#5045,#5046,#5047,#5048,#5049,#5050,#5051,#5052,#5053,
#5054,#5055,#5056,#5057,#5058,#5059,#5060,#5061,#5062,#5063,#5064,#5065,
#5066,#5067,#5068,#5069,#5070,#5071,#5072,#5073,#5074,#5075,#5076,#5077,
#5078,#5079,#5080,#5081,#5082,#5083,#5084,#5085,#5086,#5087,#5088,#5089,
#5090,#5091,#5092,#5093,#5094,#5095,#5096,#5097,#5098,#5099,#5100,#5101,
#5102,#5103,#5104,#5105,#5106,#5107,#5108,#5109,#5110,#5111,#5112,#5113,
#5114,#5115,#5116,#5117,#5118,#5119,#5120,#5121,#5122,#5123,#5124,#5125,
#5126,#5127,#5128,#5129,#5130,#5131,#5132,#5133,#5134,#5135,#5136,#5137,
#5138,#5139,#5140,#5141,#5142,#5143,#5144,#5145,#5146,#5147,#5148,#5149,
#5150,#5151,#5152,#5153,#5154,#5155,#5156,#5157,#5158,#5159,#5160,#5161,
#5162,#5163,#5164,#5165,#5166,#5167,#5168,#5169,#5170,#5171,#5172,#5173,
#5174,#5175,#5176,#5177,#5178,#5179,#5180,#5181,#5182,#5183,#5184,#5185,
#5186,#5187,#5188,#5189,#5190,#5191,#5192,#5193,#5194,#5195,#5196,#5197,
#5198,#5199,#5200,#5201,#5202,#5203,#5204,#5205,#5206,#5207,#5208,#5209,
#5210,#5211,#5212,#5213,#5214,#5215,#5216,#5217,#5218,#5219,#5220,#5221,
#5222,#5223,#5224,#5225,#5226,#5227,#5228,#5229,#5230,#5231,#5232,#5233,
#5234,#5235,#5236,#5237,#5238,#5239,#5240,#5241,#5242,#5243,#5244,#5245,
#5246,#5247,#5248,#5249,#5250,#5251,#5252,#5253,#5254,#5255,#5256,#5257,
#5258,#5259,#5260,#5261,#5262,#5263,#5264,#5265,#5266,#5267,#5268,#5269,
#5270,#5271,#5272,#5273,#5274,#5275,#5276,#5277,#5278,#5279,#5280,#5281,
#5282,#5283,#5284,#5285,#5286,#5287,#5288,#5289,#5290,#5291,#5292,#5293,
#5294,#5295,#5296,#5297,#5298,#5299,#5300,#5301,#5302,#5303,#5304,#5305,
#5306,#5307,#5308,#5309,#5310,#5311,#5312,#5313,#5314,#5315,#5316,#5317,
#5318,#5319,#5320,#5321),#12707);
#11=SHAPE_REPRESENTATION_RELATIONSHIP('SRR','None',#12717,#12);
#12=ADVANCED_BREP_SHAPE_REPRESENTATION('',(#443,#444),#12706);
#13=B_SPLINE_SURFACE_WITH_KNOTS('',3,1,((#8123,#8124),(#8125,#8126),(#8127,
#8128),(#8129,#8130)),.UNSPECIFIED.,.F.,.F.,.F.,(4,4),(2,2),(0.,1.),(0.,
0.00304799999999998),.UNSPECIFIED.);
#14=B_SPLINE_SURFACE_WITH_KNOTS('',3,1,((#8140,#8141),(#8142,#8143),(#8144,
#8145),(#8146,#8147)),.UNSPECIFIED.,.F.,.F.,.F.,(4,4),(2,2),(0.,1.),(0.,
0.00304799999999998),.UNSPECIFIED.);
#15=B_SPLINE_SURFACE_WITH_KNOTS('',3,1,((#8155,#8156),(#8157,#8158),(#8159,
#8160),(#8161,#8162)),.UNSPECIFIED.,.F.,.F.,.F.,(4,4),(2,2),(0.,1.),(0.,
0.00304799999999998),.UNSPECIFIED.);
#16=B_SPLINE_SURFACE_WITH_KNOTS('',3,1,((#8175,#8176),(#8177,#8178),(#8179,
#8180),(#8181,#8182)),.UNSPECIFIED.,.F.,.F.,.F.,(4,4),(2,2),(0.,1.),(0.,
0.00304799999999998),.UNSPECIFIED.);
#17=B_SPLINE_SURFACE_WITH_KNOTS('',3,1,((#8190,#8191),(#8192,#8193),(#8194,
#8195),(#8196,#8197)),.UNSPECIFIED.,.F.,.F.,.F.,(4,4),(2,2),(0.,1.),(0.,
0.00304799999999998),.UNSPECIFIED.);
#18=B_SPLINE_SURFACE_WITH_KNOTS('',3,1,((#8210,#8211),(#8212,#8213),(#8214,
#8215),(#8216,#8217)),.UNSPECIFIED.,.F.,.F.,.F.,(4,4),(2,2),(0.,1.),(0.,
0.00304799999999998),.UNSPECIFIED.);
#19=B_SPLINE_SURFACE_WITH_KNOTS('',3,1,((#8225,#8226),(#8227,#8228),(#8229,
#8230),(#8231,#8232)),.UNSPECIFIED.,.F.,.F.,.F.,(4,4),(2,2),(0.,1.),(0.,
0.00304799999999998),.UNSPECIFIED.);
#20=B_SPLINE_SURFACE_WITH_KNOTS('',3,1,((#8240,#8241),(#8242,#8243),(#8244,
#8245),(#8246,#8247)),.UNSPECIFIED.,.F.,.F.,.F.,(4,4),(2,2),(0.,1.),(0.,
0.00304799999999998),.UNSPECIFIED.);
#21=B_SPLINE_SURFACE_WITH_KNOTS('',3,1,((#8260,#8261),(#8262,#8263),(#8264,
#8265),(#8266,#8267)),.UNSPECIFIED.,.F.,.F.,.F.,(4,4),(2,2),(0.,1.),(0.,
0.00304799999999998),.UNSPECIFIED.);
#22=B_SPLINE_SURFACE_WITH_KNOTS('',3,1,((#8274,#8275),(#8276,#8277),(#8278,
#8279),(#8280,#8281),(#8282,#8283)),.UNSPECIFIED.,.F.,.F.,.F.,(4,1,4),(2,
2),(0.,0.650891575007116,1.),(0.,0.00304799999999998),.UNSPECIFIED.);
#23=B_SPLINE_SURFACE_WITH_KNOTS('',3,1,((#8300,#8301),(#8302,#8303),(#8304,
#8305),(#8306,#8307),(#8308,#8309)),.UNSPECIFIED.,.F.,.F.,.F.,(4,1,4),(2,
2),(0.,0.559815809217511,1.),(0.,0.00304799999999998),.UNSPECIFIED.);
#24=B_SPLINE_SURFACE_WITH_KNOTS('',3,1,((#8323,#8324),(#8325,#8326),(#8327,
#8328),(#8329,#8330),(#8331,#8332)),.UNSPECIFIED.,.F.,.F.,.F.,(4,1,4),(2,
2),(0.,0.433421381049214,1.),(0.,0.00304799999999998),.UNSPECIFIED.);
#25=B_SPLINE_SURFACE_WITH_KNOTS('',3,1,((#8346,#8347),(#8348,#8349),(#8350,
#8351),(#8352,#8353)),.UNSPECIFIED.,.F.,.F.,.F.,(4,4),(2,2),(0.,0.062214047037663),
(0.,0.00304799999999998),.UNSPECIFIED.);
#26=B_SPLINE_SURFACE_WITH_KNOTS('',3,1,((#8362,#8363),(#8364,#8365),(#8366,
#8367),(#8368,#8369),(#8370,#8371)),.UNSPECIFIED.,.F.,.F.,.F.,(4,1,4),(2,
2),(0.0574083576316795,0.538316549468257,0.82262061014334),(0.,0.00304799999999998),
 .UNSPECIFIED.);
#27=B_SPLINE_SURFACE_WITH_KNOTS('',3,1,((#8379,#8380),(#8381,#8382),(#8383,
#8384),(#8385,#8386)),.UNSPECIFIED.,.F.,.F.,.F.,(4,4),(2,2),(0.822748969389913,
1.),(0.,0.00304799999999998),.UNSPECIFIED.);
#28=B_SPLINE_SURFACE_WITH_KNOTS('',3,1,((#8393,#8394),(#8395,#8396),(#8397,
#8398),(#8399,#8400),(#8401,#8402)),.UNSPECIFIED.,.F.,.F.,.F.,(4,1,4),(2,
2),(0.,0.513958576989878,1.),(0.,0.00304799999999998),.UNSPECIFIED.);
#29=B_SPLINE_SURFACE_WITH_KNOTS('',3,1,((#8410,#8411),(#8412,#8413),(#8414,
#8415),(#8416,#8417),(#8418,#8419),(#8420,#8421)),.UNSPECIFIED.,.F.,.F.,
 .F.,(4,1,1,4),(2,2),(0.,0.118780290071877,0.526087111107885,1.),(0.,0.00304799999999998),
 .UNSPECIFIED.);
#30=B_SPLINE_SURFACE_WITH_KNOTS('',3,1,((#8430,#8431),(#8432,#8433),(#8434,
#8435),(#8436,#8437),(#8438,#8439)),.UNSPECIFIED.,.F.,.F.,.F.,(4,1,4),(2,
2),(0.,0.366225159235487,1.),(0.,0.00304799999999998),.UNSPECIFIED.);
#31=B_SPLINE_SURFACE_WITH_KNOTS('',3,1,((#8445,#8446),(#8447,#8448),(#8449,
#8450),(#8451,#8452),(#8453,#8454)),.UNSPECIFIED.,.F.,.F.,.F.,(4,1,4),(2,
2),(0.,0.355423111351972,1.),(0.,0.00304799999999998),.UNSPECIFIED.);
#32=B_SPLINE_SURFACE_WITH_KNOTS('',3,1,((#8467,#8468),(#8469,#8470),(#8471,
#8472),(#8473,#8474)),.UNSPECIFIED.,.F.,.F.,.F.,(4,4),(2,2),(0.,0.125929598658305),
(0.,0.00304799999999998),.UNSPECIFIED.);
#33=B_SPLINE_SURFACE_WITH_KNOTS('',3,1,((#8483,#8484),(#8485,#8486),(#8487,
#8488),(#8489,#8490),(#8491,#8492),(#8493,#8494),(#8495,#8496),(#8497,#8498)),
 .UNSPECIFIED.,.F.,.F.,.F.,(4,1,1,1,1,4),(2,2),(0.,0.170501184995707,0.336585919720901,
0.501116045557708,0.766208366292933,1.),(0.,0.00304799999999998),
 .UNSPECIFIED.);
#34=B_SPLINE_SURFACE_WITH_KNOTS('',3,1,((#8509,#8510),(#8511,#8512),(#8513,
#8514),(#8515,#8516)),.UNSPECIFIED.,.F.,.F.,.F.,(4,4),(2,2),(0.,1.),(0.,
0.00304799999999998),.UNSPECIFIED.);
#35=B_SPLINE_SURFACE_WITH_KNOTS('',3,1,((#8524,#8525),(#8526,#8527),(#8528,
#8529),(#8530,#8531)),.UNSPECIFIED.,.F.,.F.,.F.,(4,4),(2,2),(0.,1.),(0.,
0.00304799999999998),.UNSPECIFIED.);
#36=B_SPLINE_SURFACE_WITH_KNOTS('',3,1,((#8539,#8540),(#8541,#8542),(#8543,
#8544),(#8545,#8546)),.UNSPECIFIED.,.F.,.F.,.F.,(4,4),(2,2),(0.,1.),(0.,
0.00304799999999998),.UNSPECIFIED.);
#37=B_SPLINE_SURFACE_WITH_KNOTS('',3,1,((#8550,#8551),(#8552,#8553),(#8554,
#8555),(#8556,#8557)),.UNSPECIFIED.,.F.,.F.,.F.,(4,4),(2,2),(0.,1.),(0.,
0.00304799999999998),.UNSPECIFIED.);
#38=B_SPLINE_SURFACE_WITH_KNOTS('',3,1,((#8564,#8565),(#8566,#8567),(#8568,
#8569),(#8570,#8571),(#8572,#8573)),.UNSPECIFIED.,.F.,.F.,.F.,(4,1,4),(2,
2),(0.,0.49298870265966,1.),(0.,0.00304799999999998),.UNSPECIFIED.);
#39=B_SPLINE_SURFACE_WITH_KNOTS('',3,1,((#8581,#8582),(#8583,#8584),(#8585,
#8586),(#8587,#8588)),.UNSPECIFIED.,.F.,.F.,.F.,(4,4),(2,2),(0.,1.),(0.,
0.00304799999999998),.UNSPECIFIED.);
#40=B_SPLINE_SURFACE_WITH_KNOTS('',3,1,((#8596,#8597),(#8598,#8599),(#8600,
#8601),(#8602,#8603)),.UNSPECIFIED.,.F.,.F.,.F.,(4,4),(2,2),(0.,1.),(0.,
0.00304799999999998),.UNSPECIFIED.);
#41=B_SPLINE_SURFACE_WITH_KNOTS('',3,1,((#8611,#8612),(#8613,#8614),(#8615,
#8616),(#8617,#8618)),.UNSPECIFIED.,.F.,.F.,.F.,(4,4),(2,2),(0.,1.),(0.,
0.00304799999999998),.UNSPECIFIED.);
#42=B_SPLINE_SURFACE_WITH_KNOTS('',3,1,((#8622,#8623),(#8624,#8625),(#8626,
#8627),(#8628,#8629),(#8630,#8631)),.UNSPECIFIED.,.F.,.F.,.F.,(4,1,4),(2,
2),(0.,0.636836838215762,1.),(0.,0.00304799999999998),.UNSPECIFIED.);
#43=B_SPLINE_SURFACE_WITH_KNOTS('',3,1,((#8639,#8640),(#8641,#8642),(#8643,
#8644),(#8645,#8646)),.UNSPECIFIED.,.F.,.F.,.F.,(4,4),(2,2),(0.,1.),(0.,
0.00304799999999998),.UNSPECIFIED.);
#44=B_SPLINE_SURFACE_WITH_KNOTS('',3,1,((#8657,#8658),(#8659,#8660),(#8661,
#8662),(#8663,#8664)),.UNSPECIFIED.,.F.,.F.,.F.,(4,4),(2,2),(0.,1.),(0.,
0.00304799999999998),.UNSPECIFIED.);
#45=B_SPLINE_SURFACE_WITH_KNOTS('',3,1,((#8671,#8672),(#8673,#8674),(#8675,
#8676),(#8677,#8678)),.UNSPECIFIED.,.F.,.F.,.F.,(4,4),(2,2),(0.,1.),(0.,
0.00304799999999998),.UNSPECIFIED.);
#46=B_SPLINE_SURFACE_WITH_KNOTS('',3,1,((#8689,#8690),(#8691,#8692),(#8693,
#8694),(#8695,#8696)),.UNSPECIFIED.,.F.,.F.,.F.,(4,4),(2,2),(0.,1.),(0.,
0.00304799999999998),.UNSPECIFIED.);
#47=B_SPLINE_SURFACE_WITH_KNOTS('',3,1,((#8704,#8705),(#8706,#8707),(#8708,
#8709),(#8710,#8711)),.UNSPECIFIED.,.F.,.F.,.F.,(4,4),(2,2),(0.,1.),(0.,
0.00304799999999998),.UNSPECIFIED.);
#48=B_SPLINE_SURFACE_WITH_KNOTS('',3,1,((#8715,#8716),(#8717,#8718),(#8719,
#8720),(#8721,#8722),(#8723,#8724),(#8725,#8726),(#8727,#8728),(#8729,#8730),
(#8731,#8732),(#8733,#8734)),.UNSPECIFIED.,.F.,.F.,.F.,(4,1,1,1,1,1,1,4),
(2,2),(0.,0.0312867996278487,0.0625735992556985,0.125026933320052,0.250007675736348,
0.499948173303491,0.749974086651746,1.),(0.,0.00304799999999998),
 .UNSPECIFIED.);
#49=B_SPLINE_SURFACE_WITH_KNOTS('',3,1,((#8747,#8748),(#8749,#8750),(#8751,
#8752),(#8753,#8754),(#8755,#8756)),.UNSPECIFIED.,.F.,.F.,.F.,(4,1,4),(2,
2),(0.,0.500561825823657,1.),(0.,0.00304799999999998),.UNSPECIFIED.);
#50=B_SPLINE_SURFACE_WITH_KNOTS('',3,1,((#8764,#8765),(#8766,#8767),(#8768,
#8769),(#8770,#8771),(#8772,#8773),(#8774,#8775),(#8776,#8777),(#8778,#8779),
(#8780,#8781),(#8782,#8783),(#8784,#8785)),.UNSPECIFIED.,.F.,.F.,.F.,(4,
1,1,1,1,1,1,1,4),(2,2),(0.,0.0776130768778554,0.250037668900347,0.408203377744117,
0.500062812537841,0.625049891622324,0.750036970706807,0.869372871068617,
1.),(0.,0.00304799999999998),.UNSPECIFIED.);
#51=B_SPLINE_SURFACE_WITH_KNOTS('',3,1,((#8803,#8804),(#8805,#8806),(#8807,
#8808),(#8809,#8810),(#8811,#8812)),.UNSPECIFIED.,.F.,.F.,.F.,(4,1,4),(2,
2),(0.,0.500487930366054,1.),(0.,0.00304800000000025),.UNSPECIFIED.);
#52=B_SPLINE_SURFACE_WITH_KNOTS('',3,1,((#8820,#8821),(#8822,#8823),(#8824,
#8825),(#8826,#8827),(#8828,#8829),(#8830,#8831),(#8832,#8833),(#8834,#8835),
(#8836,#8837),(#8838,#8839)),.UNSPECIFIED.,.F.,.F.,.F.,(4,1,1,1,1,1,1,4),
(2,2),(0.,0.100860947397439,0.197673755602676,0.294001990332306,0.393461316845897,
0.499347134148377,0.722429191593712,1.),(0.,0.00304800000000025),
 .UNSPECIFIED.);
#53=B_SPLINE_SURFACE_WITH_KNOTS('',3,1,((#8852,#8853),(#8854,#8855),(#8856,
#8857),(#8858,#8859),(#8860,#8861),(#8862,#8863),(#8864,#8865),(#8866,#8867),
(#8868,#8869)),.UNSPECIFIED.,.F.,.F.,.F.,(4,1,1,1,1,1,4),(2,2),(0.,0.195672610202315,
0.373715045917172,0.537946867201661,0.693210246672835,0.84520691296012,
1.),(0.,0.00304799999999998),.UNSPECIFIED.);
#54=B_SPLINE_SURFACE_WITH_KNOTS('',3,1,((#8881,#8882),(#8883,#8884),(#8885,
#8886),(#8887,#8888),(#8889,#8890),(#8891,#8892),(#8893,#8894),(#8895,#8896),
(#8897,#8898),(#8899,#8900),(#8901,#8902),(#8903,#8904)),.UNSPECIFIED.,
 .F.,.F.,.F.,(4,1,1,1,1,1,1,1,1,4),(2,2),(0.,0.118119281013642,0.224551429506098,
0.322938397534938,0.417852802567819,0.514362121533557,0.617298551291756,
0.730675462764714,0.857519047933919,1.),(0.,0.00304799999999998),
 .UNSPECIFIED.);
#55=B_SPLINE_SURFACE_WITH_KNOTS('',3,1,((#8919,#8920),(#8921,#8922),(#8923,
#8924),(#8925,#8926),(#8927,#8928)),.UNSPECIFIED.,.F.,.F.,.F.,(4,1,4),(2,
2),(0.,0.500679564943487,1.),(0.,0.00304799999999998),.UNSPECIFIED.);
#56=B_SPLINE_SURFACE_WITH_KNOTS('',3,1,((#8936,#8937),(#8938,#8939),(#8940,
#8941),(#8942,#8943)),.UNSPECIFIED.,.F.,.F.,.F.,(4,4),(2,2),(0.,1.),(0.,
0.00304799999999998),.UNSPECIFIED.);
#57=B_SPLINE_SURFACE_WITH_KNOTS('',3,1,((#8950,#8951),(#8952,#8953),(#8954,
#8955),(#8956,#8957),(#8958,#8959),(#8960,#8961),(#8962,#8963),(#8964,#8965),
(#8966,#8967),(#8968,#8969)),.UNSPECIFIED.,.F.,.F.,.F.,(4,1,1,1,1,1,1,4),
(2,2),(0.,0.151768305670212,0.24998203533463,0.38021058074095,0.499789018761838,
0.638508815609534,0.804184466906717,1.),(0.,0.00304799999999998),
 .UNSPECIFIED.);
#58=B_SPLINE_SURFACE_WITH_KNOTS('',3,1,((#8982,#8983),(#8984,#8985),(#8986,
#8987),(#8988,#8989),(#8990,#8991),(#8992,#8993),(#8994,#8995),(#8996,#8997),
(#8998,#8999)),.UNSPECIFIED.,.F.,.F.,.F.,(4,1,1,1,1,1,4),(2,2),(0.,0.187225423975338,
0.357655038747049,0.51701731429125,0.672270665974637,0.830915106842036,
1.),(0.,0.00304799999999998),.UNSPECIFIED.);
#59=B_SPLINE_SURFACE_WITH_KNOTS('',3,1,((#9011,#9012),(#9013,#9014),(#9015,
#9016),(#9017,#9018)),.UNSPECIFIED.,.F.,.F.,.F.,(4,4),(2,2),(0.,1.),(0.,
0.00304799999999998),.UNSPECIFIED.);
#60=B_SPLINE_SURFACE_WITH_KNOTS('',3,1,((#9025,#9026),(#9027,#9028),(#9029,
#9030),(#9031,#9032)),.UNSPECIFIED.,.F.,.F.,.F.,(4,4),(2,2),(0.859096844928262,
1.),(0.,0.00304799999999998),.UNSPECIFIED.);
#61=B_SPLINE_SURFACE_WITH_KNOTS('',3,1,((#9039,#9040),(#9041,#9042),(#9043,
#9044),(#9045,#9046),(#9047,#9048),(#9049,#9050),(#9051,#9052)),
 .UNSPECIFIED.,.F.,.F.,.F.,(4,1,1,1,4),(2,2),(0.,0.161878164402109,0.376274591681949,
0.654006248695573,1.),(0.,0.00304799999999998),.UNSPECIFIED.);
#62=B_SPLINE_SURFACE_WITH_KNOTS('',3,1,((#9073,#9074),(#9075,#9076),(#9077,
#9078),(#9079,#9080),(#9081,#9082),(#9083,#9084),(#9085,#9086),(#9087,#9088),
(#9089,#9090)),.UNSPECIFIED.,.F.,.F.,.F.,(4,1,1,1,1,1,4),(2,2),(0.,0.250974275008381,
0.501948550016761,0.686822957556738,0.826966346244594,0.927068020075439,
1.),(0.,0.00304799999999998),.UNSPECIFIED.);
#63=B_SPLINE_SURFACE_WITH_KNOTS('',3,1,((#9112,#9113),(#9114,#9115),(#9116,
#9117),(#9118,#9119),(#9120,#9121)),.UNSPECIFIED.,.F.,.F.,.F.,(4,1,4),(2,
2),(0.,0.500000358632983,1.),(0.,0.00304799999999998),.UNSPECIFIED.);
#64=B_SPLINE_SURFACE_WITH_KNOTS('',3,1,((#9135,#9136),(#9137,#9138),(#9139,
#9140),(#9141,#9142),(#9143,#9144),(#9145,#9146),(#9147,#9148),(#9149,#9150)),
 .UNSPECIFIED.,.F.,.F.,.F.,(4,1,1,1,1,4),(2,2),(0.,0.155957107455819,0.319769763399086,
0.499539890808683,0.770450902319557,1.),(0.,0.00304799999999998),
 .UNSPECIFIED.);
#65=B_SPLINE_SURFACE_WITH_KNOTS('',3,1,((#9173,#9174),(#9175,#9176),(#9177,
#9178),(#9179,#9180)),.UNSPECIFIED.,.F.,.F.,.F.,(4,4),(2,2),(0.,1.),(0.,
0.00304799999999998),.UNSPECIFIED.);
#66=B_SPLINE_SURFACE_WITH_KNOTS('',3,1,((#9192,#9193),(#9194,#9195),(#9196,
#9197),(#9198,#9199),(#9200,#9201),(#9202,#9203),(#9204,#9205),(#9206,#9207),
(#9208,#9209),(#9210,#9211)),.UNSPECIFIED.,.F.,.F.,.F.,(4,1,1,1,1,1,1,4),
(2,2),(0.,0.0841593719440066,0.17214087084811,0.268713012185359,0.377520653852454,
0.501130998716841,0.719935607163338,1.),(0.,0.00304799999999998),
 .UNSPECIFIED.);
#67=B_SPLINE_SURFACE_WITH_KNOTS('',3,1,((#9235,#9236),(#9237,#9238),(#9239,
#9240),(#9241,#9242)),.UNSPECIFIED.,.F.,.F.,.F.,(4,4),(2,2),(0.,1.),(0.,
0.00304799999999998),.UNSPECIFIED.);
#68=B_SPLINE_SURFACE_WITH_KNOTS('',3,1,((#9257,#9258),(#9259,#9260),(#9261,
#9262),(#9263,#9264)),.UNSPECIFIED.,.F.,.F.,.F.,(4,4),(2,2),(0.,1.),(0.,
0.00304799999999998),.UNSPECIFIED.);
#69=B_SPLINE_SURFACE_WITH_KNOTS('',3,1,((#9286,#9287),(#9288,#9289),(#9290,
#9291),(#9292,#9293)),.UNSPECIFIED.,.F.,.F.,.F.,(4,4),(2,2),(0.,1.),(0.,
0.00304799999999998),.UNSPECIFIED.);
#70=B_SPLINE_SURFACE_WITH_KNOTS('',3,1,((#9299,#9300),(#9301,#9302),(#9303,
#9304),(#9305,#9306),(#9307,#9308),(#9309,#9310),(#9311,#9312),(#9313,#9314),
(#9315,#9316),(#9317,#9318),(#9319,#9320)),.UNSPECIFIED.,.F.,.F.,.F.,(4,
1,1,1,1,1,1,1,4),(2,2),(0.,0.0509006302489233,0.108403731634123,0.178938067551893,
0.266095005216465,0.371784760576365,0.49707271034915,0.748536355174574,
1.),(0.,0.00304799999999998),.UNSPECIFIED.);
#71=B_SPLINE_SURFACE_WITH_KNOTS('',3,1,((#9336,#9337),(#9338,#9339),(#9340,
#9341),(#9342,#9343),(#9344,#9345),(#9346,#9347),(#9348,#9349)),
 .UNSPECIFIED.,.F.,.F.,.F.,(4,1,1,1,4),(2,2),(0.,0.266150404027013,0.503582358621478,
0.76275199984145,1.),(0.,0.00304800000000025),.UNSPECIFIED.);
#72=B_SPLINE_SURFACE_WITH_KNOTS('',3,1,((#9359,#9360),(#9361,#9362),(#9363,
#9364),(#9365,#9366),(#9367,#9368),(#9369,#9370),(#9371,#9372),(#9373,#9374)),
 .UNSPECIFIED.,.F.,.F.,.F.,(4,1,1,1,1,4),(2,2),(0.,0.182565428227285,0.346835926775523,
0.522809513050216,0.73559074977721,1.),(0.,0.00304799999999998),
 .UNSPECIFIED.);
#73=B_SPLINE_SURFACE_WITH_KNOTS('',3,1,((#9385,#9386),(#9387,#9388),(#9389,
#9390),(#9391,#9392)),.UNSPECIFIED.,.F.,.F.,.F.,(4,4),(2,2),(0.,1.),(0.,
0.00304799999999998),.UNSPECIFIED.);
#74=B_SPLINE_SURFACE_WITH_KNOTS('',3,1,((#9396,#9397),(#9398,#9399),(#9400,
#9401),(#9402,#9403),(#9404,#9405),(#9406,#9407),(#9408,#9409),(#9410,#9411),
(#9412,#9413)),.UNSPECIFIED.,.F.,.F.,.F.,(4,1,1,1,1,1,4),(2,2),(0.,0.133508796595445,
0.260266244159183,0.382433838548568,0.502421382012102,0.752562874991221,
1.),(0.,0.00304799999999998),.UNSPECIFIED.);
#75=B_SPLINE_SURFACE_WITH_KNOTS('',3,1,((#9425,#9426),(#9427,#9428),(#9429,
#9430),(#9431,#9432),(#9433,#9434),(#9435,#9436),(#9437,#9438),(#9439,#9440),
(#9441,#9442),(#9443,#9444)),.UNSPECIFIED.,.F.,.F.,.F.,(4,1,1,1,1,1,1,4),
(2,2),(0.,0.0990019319963425,0.193004674471896,0.287612480100846,0.388328647710667,
0.49975505476562,0.735811083661797,1.),(0.,0.00304799999999998),
 .UNSPECIFIED.);
#76=B_SPLINE_SURFACE_WITH_KNOTS('',3,1,((#9457,#9458),(#9459,#9460),(#9461,
#9462),(#9463,#9464),(#9465,#9466),(#9467,#9468),(#9469,#9470)),
 .UNSPECIFIED.,.F.,.F.,.F.,(4,1,1,1,4),(2,2),(0.,0.287005107659859,0.501723286068167,
0.749990149580337,1.),(0.,0.00304799999999998),.UNSPECIFIED.);
#77=B_SPLINE_SURFACE_WITH_KNOTS('',3,1,((#9480,#9481),(#9482,#9483),(#9484,
#9485),(#9486,#9487),(#9488,#9489),(#9490,#9491),(#9492,#9493),(#9494,#9495),
(#9496,#9497),(#9498,#9499)),.UNSPECIFIED.,.F.,.F.,.F.,(4,1,1,1,1,1,1,4),
(2,2),(0.,0.0744336757368441,0.153812369109179,0.248363264278094,0.35145996790104,
0.498770425572559,0.749376181185605,1.),(0.,0.00304799999999998),
 .UNSPECIFIED.);
#78=B_SPLINE_SURFACE_WITH_KNOTS('',3,1,((#9512,#9513),(#9514,#9515),(#9516,
#9517),(#9518,#9519),(#9520,#9521),(#9522,#9523),(#9524,#9525)),
 .UNSPECIFIED.,.F.,.F.,.F.,(4,1,1,1,4),(2,2),(0.,0.26705607621827,0.502442649333354,
0.764436219028091,1.),(0.,0.00304799999999998),.UNSPECIFIED.);
#79=B_SPLINE_SURFACE_WITH_KNOTS('',3,1,((#9535,#9536),(#9537,#9538),(#9539,
#9540),(#9541,#9542),(#9543,#9544),(#9545,#9546),(#9547,#9548),(#9549,#9550)),
 .UNSPECIFIED.,.F.,.F.,.F.,(4,1,1,1,1,4),(2,2),(0.,0.181861883996819,0.342695653353586,
0.499396819510373,0.715628850684332,1.),(0.,0.00304800000000025),
 .UNSPECIFIED.);
#80=B_SPLINE_SURFACE_WITH_KNOTS('',3,1,((#9561,#9562),(#9563,#9564),(#9565,
#9566),(#9567,#9568)),.UNSPECIFIED.,.F.,.F.,.F.,(4,4),(2,2),(0.,1.),(0.,
0.00304800000000025),.UNSPECIFIED.);
#81=B_SPLINE_SURFACE_WITH_KNOTS('',3,1,((#9572,#9573),(#9574,#9575),(#9576,
#9577),(#9578,#9579),(#9580,#9581),(#9582,#9583),(#9584,#9585),(#9586,#9587)),
 .UNSPECIFIED.,.F.,.F.,.F.,(4,1,1,1,1,4),(2,2),(0.,0.15962968907591,0.324136368959324,
0.500475457588431,0.744135767630888,1.),(0.,0.00304799999999998),
 .UNSPECIFIED.);
#82=B_SPLINE_SURFACE_WITH_KNOTS('',3,1,((#9598,#9599),(#9600,#9601),(#9602,
#9603),(#9604,#9605),(#9606,#9607),(#9608,#9609),(#9610,#9611),(#9612,#9613)),
 .UNSPECIFIED.,.F.,.F.,.F.,(4,1,1,1,1,4),(2,2),(0.,0.163631164497673,0.327499488817416,
0.499128555394321,0.750877110012785,1.),(0.,0.00304799999999998),
 .UNSPECIFIED.);
#83=B_SPLINE_SURFACE_WITH_KNOTS('',3,1,((#9624,#9625),(#9626,#9627),(#9628,
#9629),(#9630,#9631),(#9632,#9633),(#9634,#9635),(#9636,#9637),(#9638,#9639),
(#9640,#9641)),.UNSPECIFIED.,.F.,.F.,.F.,(4,1,1,1,1,1,4),(2,2),(0.,0.229197804422775,
0.419590763504716,0.57798017780819,0.71598313661156,0.850602262642131,1.),
(0.,0.00304799999999998),.UNSPECIFIED.);
#84=B_SPLINE_SURFACE_WITH_KNOTS('',3,1,((#9653,#9654),(#9655,#9656),(#9657,
#9658),(#9659,#9660),(#9661,#9662)),.UNSPECIFIED.,.F.,.F.,.F.,(4,1,4),(2,
2),(0.,0.499686064970658,1.),(0.,0.00304799999999998),.UNSPECIFIED.);
#85=B_SPLINE_SURFACE_WITH_KNOTS('',3,1,((#9674,#9675),(#9676,#9677),(#9678,
#9679),(#9680,#9681),(#9682,#9683),(#9684,#9685),(#9686,#9687),(#9688,#9689),
(#9690,#9691),(#9692,#9693),(#9694,#9695),(#9696,#9697),(#9698,#9699),(#9700,
#9701),(#9702,#9703)),.UNSPECIFIED.,.F.,.F.,.F.,(4,1,1,1,1,1,1,1,1,1,1,
1,4),(2,2),(0.,0.0740750436692388,0.124967553526376,0.171332067054963,0.249961958522468,
0.312446044209452,0.37493012989644,0.432376879621709,0.499923576106572,
0.630629508666767,0.749934469766205,0.874967234883102,1.),(0.,0.00304800000000025),
 .UNSPECIFIED.);
#86=B_SPLINE_SURFACE_WITH_KNOTS('',3,1,((#9721,#9722),(#9723,#9724),(#9725,
#9726),(#9727,#9728)),.UNSPECIFIED.,.F.,.F.,.F.,(4,4),(2,2),(0.,1.),(0.,
0.00304800000000025),.UNSPECIFIED.);
#87=B_SPLINE_SURFACE_WITH_KNOTS('',3,1,((#9732,#9733),(#9734,#9735),(#9736,
#9737),(#9738,#9739),(#9740,#9741),(#9742,#9743),(#9744,#9745)),
 .UNSPECIFIED.,.F.,.F.,.F.,(4,1,1,1,4),(2,2),(0.,0.0740821976439473,0.250077376496948,
0.50011489427219,1.),(0.,0.00304799999999998),.UNSPECIFIED.);
#88=B_SPLINE_SURFACE_WITH_KNOTS('',3,1,((#9755,#9756),(#9757,#9758),(#9759,
#9760),(#9761,#9762)),.UNSPECIFIED.,.F.,.F.,.F.,(4,4),(2,2),(0.,1.),(0.,
0.00304799999999998),.UNSPECIFIED.);
#89=B_SPLINE_SURFACE_WITH_KNOTS('',3,1,((#9770,#9771),(#9772,#9773),(#9774,
#9775),(#9776,#9777),(#9778,#9779)),.UNSPECIFIED.,.F.,.F.,.F.,(4,1,4),(2,
2),(0.,0.498563785711342,1.),(0.,0.00304799999999998),.UNSPECIFIED.);
#90=B_SPLINE_SURFACE_WITH_KNOTS('',3,1,((#9791,#9792),(#9793,#9794),(#9795,
#9796),(#9797,#9798)),.UNSPECIFIED.,.F.,.F.,.F.,(4,4),(2,2),(0.,1.),(0.,
0.00304799999999998),.UNSPECIFIED.);
#91=B_SPLINE_SURFACE_WITH_KNOTS('',3,1,((#9806,#9807),(#9808,#9809),(#9810,
#9811),(#9812,#9813)),.UNSPECIFIED.,.F.,.F.,.F.,(4,4),(2,2),(0.,1.),(0.,
0.00304799999999998),.UNSPECIFIED.);
#92=B_SPLINE_SURFACE_WITH_KNOTS('',3,1,((#9821,#9822),(#9823,#9824),(#9825,
#9826),(#9827,#9828)),.UNSPECIFIED.,.F.,.F.,.F.,(4,4),(2,2),(0.,1.),(0.,
0.00304799999999998),.UNSPECIFIED.);
#93=B_SPLINE_SURFACE_WITH_KNOTS('',3,1,((#9832,#9833),(#9834,#9835),(#9836,
#9837),(#9838,#9839),(#9840,#9841),(#9842,#9843),(#9844,#9845),(#9846,#9847),
(#9848,#9849),(#9850,#9851),(#9852,#9853)),.UNSPECIFIED.,.F.,.F.,.F.,(4,
1,1,1,1,1,1,1,4),(2,2),(0.,0.116244609733974,0.225547597023706,0.332854089457282,
0.443377526591754,0.561907622108967,0.69235509613704,0.83767168144984,1.),
(0.,0.00304799999999998),.UNSPECIFIED.);
#94=B_SPLINE_SURFACE_WITH_KNOTS('',3,1,((#9867,#9868),(#9869,#9870),(#9871,
#9872),(#9873,#9874),(#9875,#9876),(#9877,#9878),(#9879,#9880),(#9881,#9882),
(#9883,#9884)),.UNSPECIFIED.,.F.,.F.,.F.,(4,1,1,1,1,1,4),(2,2),(0.,0.134876808740807,
0.262193277727855,0.383681398539574,0.501330853299044,0.755501623207158,
1.),(0.,0.00304799999999998),.UNSPECIFIED.);
#95=B_SPLINE_SURFACE_WITH_KNOTS('',3,1,((#9896,#9897),(#9898,#9899),(#9900,
#9901),(#9902,#9903),(#9904,#9905),(#9906,#9907),(#9908,#9909),(#9910,#9911),
(#9912,#9913),(#9914,#9915)),.UNSPECIFIED.,.F.,.F.,.F.,(4,1,1,1,1,1,1,4),
(2,2),(0.,0.10476534840129,0.202907397413896,0.298575255355789,0.396233895536959,
0.500091849786637,0.729250040910904,1.),(0.,0.00304799999999998),
 .UNSPECIFIED.);
#96=B_SPLINE_SURFACE_WITH_KNOTS('',3,1,((#9928,#9929),(#9930,#9931),(#9932,
#9933),(#9934,#9935),(#9936,#9937),(#9938,#9939),(#9940,#9941),(#9942,#9943),
(#9944,#9945),(#9946,#9947)),.UNSPECIFIED.,.F.,.F.,.F.,(4,1,1,1,1,1,1,4),
(2,2),(0.,0.254618494003869,0.40118389450569,0.594472480810359,0.749481487996967,
0.866942532929328,0.948602755183084,1.),(0.,0.00304799999999998),
 .UNSPECIFIED.);
#97=B_SPLINE_SURFACE_WITH_KNOTS('',3,1,((#9974,#9975),(#9976,#9977),(#9978,
#9979),(#9980,#9981),(#9982,#9983),(#9984,#9985),(#9986,#9987)),
 .UNSPECIFIED.,.F.,.F.,.F.,(4,1,1,1,4),(2,2),(0.,0.256231029220682,0.484891233141146,
0.721911257044737,1.),(0.,0.00304799999999998),.UNSPECIFIED.);
#98=B_SPLINE_SURFACE_WITH_KNOTS('',3,1,((#10005,#10006),(#10007,#10008),
(#10009,#10010),(#10011,#10012),(#10013,#10014),(#10015,#10016)),
 .UNSPECIFIED.,.F.,.F.,.F.,(4,1,1,4),(2,2),(0.,0.427740655537438,0.734809281633741,
1.),(0.,0.00304799999999998),.UNSPECIFIED.);
#99=B_SPLINE_SURFACE_WITH_KNOTS('',3,1,((#10029,#10030),(#10031,#10032),
(#10033,#10034),(#10035,#10036),(#10037,#10038),(#10039,#10040),(#10041,
#10042)),.UNSPECIFIED.,.F.,.F.,.F.,(4,1,1,1,4),(2,2),(0.,0.250510789779577,
0.500863954266838,0.759719744171826,1.),(0.,0.00304799999999998),
 .UNSPECIFIED.);
#100=B_SPLINE_SURFACE_WITH_KNOTS('',3,1,((#10057,#10058),(#10059,#10060),
(#10061,#10062),(#10063,#10064)),.UNSPECIFIED.,.F.,.F.,.F.,(4,4),(2,2),
(0.,1.),(0.,0.00304799999999998),.UNSPECIFIED.);
#101=B_SPLINE_SURFACE_WITH_KNOTS('',3,1,((#10073,#10074),(#10075,#10076),
(#10077,#10078),(#10079,#10080),(#10081,#10082),(#10083,#10084),(#10085,
#10086)),.UNSPECIFIED.,.F.,.F.,.F.,(4,1,1,1,4),(2,2),(0.,0.293339910618391,
0.502052083005597,0.752344901286026,1.),(0.,0.00304799999999998),
 .UNSPECIFIED.);
#102=B_SPLINE_SURFACE_WITH_KNOTS('',3,1,((#10094,#10095),(#10096,#10097),
(#10098,#10099),(#10100,#10101),(#10102,#10103),(#10104,#10105),(#10106,
#10107),(#10108,#10109)),.UNSPECIFIED.,.F.,.F.,.F.,(4,1,1,1,1,4),(2,2),
(0.,0.158040621251959,0.311369020817144,0.490855957867573,0.716897381817427,
1.),(0.,0.00304799999999998),.UNSPECIFIED.);
#103=B_SPLINE_SURFACE_WITH_KNOTS('',3,1,((#10126,#10127),(#10128,#10129),
(#10130,#10131),(#10132,#10133)),.UNSPECIFIED.,.F.,.F.,.F.,(4,4),(2,2),
(0.126661543907502,0.863939701340602),(0.,0.00304799999999998),
 .UNSPECIFIED.);
#104=B_SPLINE_SURFACE_WITH_KNOTS('',3,1,((#10143,#10144),(#10145,#10146),
(#10147,#10148),(#10149,#10150)),.UNSPECIFIED.,.F.,.F.,.F.,(4,4),(2,2),
(0.,1.),(0.,0.00304799999999998),.UNSPECIFIED.);
#105=B_SPLINE_SURFACE_WITH_KNOTS('',3,1,((#10160,#10161),(#10162,#10163),
(#10164,#10165),(#10166,#10167)),.UNSPECIFIED.,.F.,.F.,.F.,(4,4),(2,2),
(0.,1.),(0.,0.00304799999999998),.UNSPECIFIED.);
#106=B_SPLINE_SURFACE_WITH_KNOTS('',3,1,((#10174,#10175),(#10176,#10177),
(#10178,#10179),(#10180,#10181)),.UNSPECIFIED.,.F.,.F.,.F.,(4,4),(2,2),
(0.,1.),(0.,0.00304799999999998),.UNSPECIFIED.);
#107=B_SPLINE_SURFACE_WITH_KNOTS('',3,1,((#10196,#10197),(#10198,#10199),
(#10200,#10201),(#10202,#10203)),.UNSPECIFIED.,.F.,.F.,.F.,(4,4),(2,2),
(0.,1.),(0.,0.00304799999999998),.UNSPECIFIED.);
#108=B_SPLINE_SURFACE_WITH_KNOTS('',3,1,((#10215,#10216),(#10217,#10218),
(#10219,#10220),(#10221,#10222)),.UNSPECIFIED.,.F.,.F.,.F.,(4,4),(2,2),
(0.,1.),(0.,0.00304799999999998),.UNSPECIFIED.);
#109=B_SPLINE_SURFACE_WITH_KNOTS('',3,1,((#10231,#10232),(#10233,#10234),
(#10235,#10236),(#10237,#10238),(#10239,#10240)),.UNSPECIFIED.,.F.,.F.,
 .F.,(4,1,4),(2,2),(0.,0.217159766915481,1.),(0.,0.00304799999999998),
 .UNSPECIFIED.);
#110=B_SPLINE_SURFACE_WITH_KNOTS('',3,1,((#10248,#10249),(#10250,#10251),
(#10252,#10253),(#10254,#10255)),.UNSPECIFIED.,.F.,.F.,.F.,(4,4),(2,2),
(0.,1.),(0.,0.00304799999999998),.UNSPECIFIED.);
#111=B_SPLINE_SURFACE_WITH_KNOTS('',3,1,((#10270,#10271),(#10272,#10273),
(#10274,#10275),(#10276,#10277)),.UNSPECIFIED.,.F.,.F.,.F.,(4,4),(2,2),
(0.,1.),(0.,0.00304799999999998),.UNSPECIFIED.);
#112=B_SPLINE_SURFACE_WITH_KNOTS('',3,1,((#10295,#10296),(#10297,#10298),
(#10299,#10300),(#10301,#10302)),.UNSPECIFIED.,.F.,.F.,.F.,(4,4),(2,2),
(0.,1.),(0.,0.00304799999999998),.UNSPECIFIED.);
#113=B_SPLINE_SURFACE_WITH_KNOTS('',3,1,((#10314,#10315),(#10316,#10317),
(#10318,#10319),(#10320,#10321)),.UNSPECIFIED.,.F.,.F.,.F.,(4,4),(2,2),
(0.,1.),(0.,0.00304799999999998),.UNSPECIFIED.);
#114=B_SPLINE_SURFACE_WITH_KNOTS('',3,1,((#10327,#10328),(#10329,#10330),
(#10331,#10332),(#10333,#10334)),.UNSPECIFIED.,.F.,.F.,.F.,(4,4),(2,2),
(0.,1.),(0.,0.00304799999999998),.UNSPECIFIED.);
#115=B_SPLINE_SURFACE_WITH_KNOTS('',3,1,((#10341,#10342),(#10343,#10344),
(#10345,#10346),(#10347,#10348)),.UNSPECIFIED.,.F.,.F.,.F.,(4,4),(2,2),
(0.,1.),(0.,0.00304799999999998),.UNSPECIFIED.);
#116=B_SPLINE_SURFACE_WITH_KNOTS('',3,1,((#10355,#10356),(#10357,#10358),
(#10359,#10360),(#10361,#10362)),.UNSPECIFIED.,.F.,.F.,.F.,(4,4),(2,2),
(0.,1.),(0.,0.00304799999999998),.UNSPECIFIED.);
#117=B_SPLINE_SURFACE_WITH_KNOTS('',3,1,((#10373,#10374),(#10375,#10376),
(#10377,#10378),(#10379,#10380)),.UNSPECIFIED.,.F.,.F.,.F.,(4,4),(2,2),
(0.,1.),(0.,0.00304799999999998),.UNSPECIFIED.);
#118=B_SPLINE_SURFACE_WITH_KNOTS('',3,1,((#10391,#10392),(#10393,#10394),
(#10395,#10396),(#10397,#10398)),.UNSPECIFIED.,.F.,.F.,.F.,(4,4),(2,2),
(0.,1.),(0.,0.00304799999999998),.UNSPECIFIED.);
#119=B_SPLINE_SURFACE_WITH_KNOTS('',3,1,((#10413,#10414),(#10415,#10416),
(#10417,#10418),(#10419,#10420)),.UNSPECIFIED.,.F.,.F.,.F.,(4,4),(2,2),
(0.,1.),(0.,0.00304799999999998),.UNSPECIFIED.);
#120=B_SPLINE_SURFACE_WITH_KNOTS('',3,1,((#10438,#10439),(#10440,#10441),
(#10442,#10443),(#10444,#10445)),.UNSPECIFIED.,.F.,.F.,.F.,(4,4),(2,2),
(0.,1.),(0.,0.00304799999999998),.UNSPECIFIED.);
#121=B_SPLINE_SURFACE_WITH_KNOTS('',3,1,((#10457,#10458),(#10459,#10460),
(#10461,#10462),(#10463,#10464)),.UNSPECIFIED.,.F.,.F.,.F.,(4,4),(2,2),
(0.,1.),(0.,0.00304799999999998),.UNSPECIFIED.);
#122=B_SPLINE_SURFACE_WITH_KNOTS('',3,1,((#10473,#10474),(#10475,#10476),
(#10477,#10478),(#10479,#10480)),.UNSPECIFIED.,.F.,.F.,.F.,(4,4),(2,2),
(0.,1.),(0.,0.00304799999999998),.UNSPECIFIED.);
#123=B_SPLINE_SURFACE_WITH_KNOTS('',3,1,((#10488,#10489),(#10490,#10491),
(#10492,#10493),(#10494,#10495)),.UNSPECIFIED.,.F.,.F.,.F.,(4,4),(2,2),
(0.,1.),(0.,0.00304799999999998),.UNSPECIFIED.);
#124=B_SPLINE_SURFACE_WITH_KNOTS('',3,1,((#10504,#10505),(#10506,#10507),
(#10508,#10509),(#10510,#10511)),.UNSPECIFIED.,.F.,.F.,.F.,(4,4),(2,2),
(0.,1.),(0.,0.00304799999999998),.UNSPECIFIED.);
#125=B_SPLINE_SURFACE_WITH_KNOTS('',3,1,((#10516,#10517),(#10518,#10519),
(#10520,#10521),(#10522,#10523)),.UNSPECIFIED.,.F.,.F.,.F.,(4,4),(2,2),
(0.,1.),(0.,0.00304799999999998),.UNSPECIFIED.);
#126=B_SPLINE_SURFACE_WITH_KNOTS('',3,1,((#10534,#10535),(#10536,#10537),
(#10538,#10539),(#10540,#10541),(#10542,#10543),(#10544,#10545),(#10546,
#10547),(#10548,#10549),(#10550,#10551),(#10552,#10553),(#10554,#10555)),
 .UNSPECIFIED.,.F.,.F.,.F.,(4,1,1,1,1,1,1,1,4),(2,2),(0.,0.106391313765763,
0.222360470553698,0.348266356327889,0.483317546499321,0.620890007614776,
0.750645273157816,0.877863346811038,1.),(0.,0.00304800000000025),
 .UNSPECIFIED.);
#127=B_SPLINE_SURFACE_WITH_KNOTS('',3,1,((#10571,#10572),(#10573,#10574),
(#10575,#10576),(#10577,#10578),(#10579,#10580),(#10581,#10582),(#10583,
#10584),(#10585,#10586),(#10587,#10588),(#10589,#10590),(#10591,#10592)),
 .UNSPECIFIED.,.F.,.F.,.F.,(4,1,1,1,1,1,1,1,4),(2,2),(0.,0.105101509705151,
0.212521463329296,0.322873575430661,0.437236128770181,0.559676738991237,
0.693325431100033,0.8389853441342,1.),(0.,0.00304800000000052),
 .UNSPECIFIED.);
#128=B_SPLINE_SURFACE_WITH_KNOTS('',3,1,((#10606,#10607),(#10608,#10609),
(#10610,#10611),(#10612,#10613),(#10614,#10615),(#10616,#10617),(#10618,
#10619),(#10620,#10621),(#10622,#10623),(#10624,#10625),(#10626,#10627)),
 .UNSPECIFIED.,.F.,.F.,.F.,(4,1,1,1,1,1,1,1,4),(2,2),(0.,0.134715198632582,
0.264585316702455,0.390858859237267,0.514892986287181,0.637670582927027,
0.758318152652839,0.878687644844531,1.),(0.,0.00304799999999998),
 .UNSPECIFIED.);
#129=B_SPLINE_SURFACE_WITH_KNOTS('',3,1,((#10641,#10642),(#10643,#10644),
(#10645,#10646),(#10647,#10648),(#10649,#10650),(#10651,#10652),(#10653,
#10654),(#10655,#10656),(#10657,#10658),(#10659,#10660),(#10661,#10662)),
 .UNSPECIFIED.,.F.,.F.,.F.,(4,1,1,1,1,1,1,1,4),(2,2),(0.,0.119025329668562,
0.237020974850877,0.356392801299679,0.477886604652417,0.602799412741238,
0.7309998398672,0.862680391855942,1.),(0.,0.00304800000000052),
 .UNSPECIFIED.);
#130=B_SPLINE_SURFACE_WITH_KNOTS('',3,1,((#10676,#10677),(#10678,#10679),
(#10680,#10681),(#10682,#10683),(#10684,#10685),(#10686,#10687),(#10688,
#10689),(#10690,#10691),(#10692,#10693),(#10694,#10695),(#10696,#10697)),
 .UNSPECIFIED.,.F.,.F.,.F.,(4,1,1,1,1,1,1,1,4),(2,2),(0.,0.135668816440893,
0.270966005823629,0.4062695024736,0.542133173226809,0.672857473925322,0.792338395916377,
0.901401557877558,1.),(0.,0.00304799999999998),.UNSPECIFIED.);
#131=B_SPLINE_SURFACE_WITH_KNOTS('',3,1,((#10719,#10720),(#10721,#10722),
(#10723,#10724),(#10725,#10726),(#10727,#10728),(#10729,#10730),(#10731,
#10732),(#10733,#10734),(#10735,#10736),(#10737,#10738),(#10739,#10740)),
 .UNSPECIFIED.,.F.,.F.,.F.,(4,1,1,1,1,1,1,1,4),(2,2),(0.,0.116214930699672,
0.237554683067202,0.363857166499135,0.496087562580038,0.628484242957442,
0.755759545512461,0.87957950142053,1.),(0.,0.00304800000000052),
 .UNSPECIFIED.);
#132=B_SPLINE_SURFACE_WITH_KNOTS('',3,1,((#10754,#10755),(#10756,#10757),
(#10758,#10759),(#10760,#10761),(#10762,#10763),(#10764,#10765),(#10766,
#10767),(#10768,#10769),(#10770,#10771),(#10772,#10773),(#10774,#10775)),
 .UNSPECIFIED.,.F.,.F.,.F.,(4,1,1,1,1,1,1,1,4),(2,2),(0.,0.118935398058731,
0.242770789637084,0.371106624018145,0.506787153170295,0.640613569789644,
0.765129655738742,0.885467703612444,1.),(0.,0.00304800000000052),
 .UNSPECIFIED.);
#133=B_SPLINE_SURFACE_WITH_KNOTS('',3,1,((#10789,#10790),(#10791,#10792),
(#10793,#10794),(#10795,#10796),(#10797,#10798),(#10799,#10800),(#10801,
#10802),(#10803,#10804),(#10805,#10806),(#10807,#10808),(#10809,#10810)),
 .UNSPECIFIED.,.F.,.F.,.F.,(4,1,1,1,1,1,1,1,4),(2,2),(0.,0.120635261487965,
0.237300232372533,0.351067218657795,0.46402938109752,0.581070905933506,
0.708894267135505,0.84828319650439,1.),(0.,0.00304800000000078),
 .UNSPECIFIED.);
#134=B_SPLINE_SURFACE_WITH_KNOTS('',3,1,((#10824,#10825),(#10826,#10827),
(#10828,#10829),(#10830,#10831),(#10832,#10833),(#10834,#10835),(#10836,
#10837),(#10838,#10839),(#10840,#10841),(#10842,#10843),(#10844,#10845)),
 .UNSPECIFIED.,.F.,.F.,.F.,(4,1,1,1,1,1,1,1,4),(2,2),(0.,0.157551099488494,
0.302046350812011,0.434993988809088,0.55814738409998,0.673305075829706,
0.78435496110843,0.892630191114159,1.),(0.,0.00304800000000065),
 .UNSPECIFIED.);
#135=B_SPLINE_SURFACE_WITH_KNOTS('',3,1,((#10859,#10860),(#10861,#10862),
(#10863,#10864),(#10865,#10866),(#10867,#10868),(#10869,#10870),(#10871,
#10872),(#10873,#10874),(#10875,#10876)),.UNSPECIFIED.,.F.,.F.,.F.,(4,1,
1,1,1,1,4),(2,2),(0.,0.108653713998502,0.220576032114702,0.33827494293582,
0.460970484303568,0.721890617820885,1.),(0.,0.00304800000000052),
 .UNSPECIFIED.);
#136=B_SPLINE_SURFACE_WITH_KNOTS('',3,1,((#10900,#10901),(#10902,#10903),
(#10904,#10905),(#10906,#10907),(#10908,#10909),(#10910,#10911),(#10912,
#10913),(#10914,#10915),(#10916,#10917),(#10918,#10919),(#10920,#10921),
(#10922,#10923),(#10924,#10925),(#10926,#10927),(#10928,#10929),(#10930,
#10931),(#10932,#10933),(#10934,#10935),(#10936,#10937)),.UNSPECIFIED.,
 .F.,.F.,.F.,(4,1,1,1,1,1,1,1,1,1,1,1,1,1,1,1,4),(2,2),(0.,0.0768611280698105,
0.150060605059774,0.220492663113989,0.287201249682859,0.351363906450362,
0.413267791735727,0.473555429678488,0.532540835512666,0.589944209447175,
0.6456532844295,0.701396075945956,0.757224939428337,0.813969912120704,0.873022525719231,
0.93473726730756,1.),(0.,0.00304800000000052),.UNSPECIFIED.);
#137=B_SPLINE_SURFACE_WITH_KNOTS('',3,1,((#10959,#10960),(#10961,#10962),
(#10963,#10964),(#10965,#10966),(#10967,#10968),(#10969,#10970),(#10971,
#10972),(#10973,#10974),(#10975,#10976),(#10977,#10978),(#10979,#10980)),
 .UNSPECIFIED.,.F.,.F.,.F.,(4,1,1,1,1,1,1,1,4),(2,2),(0.,0.138132278052638,
0.267851985147851,0.394078077083695,0.516253279509507,0.637301063779143,
0.756472794111294,0.876611026442357,1.),(0.,0.00304800000000052),
 .UNSPECIFIED.);
#138=B_SPLINE_SURFACE_WITH_KNOTS('',3,1,((#10994,#10995),(#10996,#10997),
(#10998,#10999),(#11000,#11001),(#11002,#11003),(#11004,#11005),(#11006,
#11007),(#11008,#11009),(#11010,#11011)),.UNSPECIFIED.,.F.,.F.,.F.,(4,1,
1,1,1,1,4),(2,2),(0.,0.118765506596623,0.235900051131266,0.352730067086871,
0.470945809960493,0.721863316565239,1.),(0.,0.00304800000000065),
 .UNSPECIFIED.);
#139=B_SPLINE_SURFACE_WITH_KNOTS('',3,1,((#11023,#11024),(#11025,#11026),
(#11027,#11028),(#11029,#11030),(#11031,#11032),(#11033,#11034),(#11035,
#11036),(#11037,#11038),(#11039,#11040),(#11041,#11042),(#11043,#11044)),
 .UNSPECIFIED.,.F.,.F.,.F.,(4,1,1,1,1,1,1,1,4),(2,2),(0.,0.111632987514571,
0.227459813577148,0.349011106487861,0.475697258378212,0.605948355514675,
0.736466347530907,0.867536923163374,1.),(0.,0.00304800000000025),
 .UNSPECIFIED.);
#140=B_SPLINE_SURFACE_WITH_KNOTS('',3,1,((#11066,#11067),(#11068,#11069),
(#11070,#11071),(#11072,#11073),(#11074,#11075),(#11076,#11077),(#11078,
#11079),(#11080,#11081),(#11082,#11083),(#11084,#11085),(#11086,#11087)),
 .UNSPECIFIED.,.F.,.F.,.F.,(4,1,1,1,1,1,1,1,4),(2,2),(0.,0.0977079909500933,
0.207291493222903,0.328983253296855,0.463847184834168,0.602916412517549,
0.738306390271857,0.870515841698127,1.),(0.,0.00304800000000025),
 .UNSPECIFIED.);
#141=B_SPLINE_SURFACE_WITH_KNOTS('',3,1,((#11101,#11102),(#11103,#11104),
(#11105,#11106),(#11107,#11108),(#11109,#11110),(#11111,#11112),(#11113,
#11114),(#11115,#11116),(#11117,#11118),(#11119,#11120),(#11121,#11122)),
 .UNSPECIFIED.,.F.,.F.,.F.,(4,1,1,1,1,1,1,1,4),(2,2),(0.,0.147290150870826,
0.286823303823054,0.417201823662337,0.540756588029472,0.6584474513878,0.773689408115853,
0.887115749099447,1.),(0.,0.00304800000000025),.UNSPECIFIED.);
#142=B_SPLINE_SURFACE_WITH_KNOTS('',3,1,((#11136,#11137),(#11138,#11139),
(#11140,#11141),(#11142,#11143),(#11144,#11145),(#11146,#11147),(#11148,
#11149),(#11150,#11151),(#11152,#11153),(#11154,#11155),(#11156,#11157)),
 .UNSPECIFIED.,.F.,.F.,.F.,(4,1,1,1,1,1,1,1,4),(2,2),(0.,0.129369994244852,
0.252887039392239,0.373410162402928,0.492316739327885,0.612482130127584,
0.735696734290249,0.864297475822139,1.),(0.,0.00304800000000025),
 .UNSPECIFIED.);
#143=B_SPLINE_SURFACE_WITH_KNOTS('',3,1,((#11171,#11172),(#11173,#11174),
(#11175,#11176),(#11177,#11178),(#11179,#11180),(#11181,#11182),(#11183,
#11184),(#11185,#11186),(#11187,#11188),(#11189,#11190),(#11191,#11192),
(#11193,#11194),(#11195,#11196),(#11197,#11198),(#11199,#11200),(#11201,
#11202),(#11203,#11204),(#11205,#11206),(#11207,#11208)),.UNSPECIFIED.,
 .F.,.F.,.F.,(4,1,1,1,1,1,1,1,1,1,1,1,1,1,1,1,4),(2,2),(0.,0.0646442744921655,
0.128085199944389,0.189639487224707,0.251278226169861,0.313266054615584,
0.375116975733657,0.438776182755604,0.503886694361284,0.569065228141127,
0.63295704995834,0.694885796460294,0.756590140123231,0.817054940797115,
0.877878737005554,0.93829253404263,1.),(0.,0.00304800000000052),
 .UNSPECIFIED.);
#144=B_SPLINE_SURFACE_WITH_KNOTS('',3,1,((#11233,#11234),(#11235,#11236),
(#11237,#11238),(#11239,#11240),(#11241,#11242),(#11243,#11244),(#11245,
#11246),(#11247,#11248),(#11249,#11250),(#11251,#11252),(#11253,#11254),
(#11255,#11256),(#11257,#11258),(#11259,#11260),(#11261,#11262),(#11263,
#11264),(#11265,#11266),(#11267,#11268),(#11269,#11270)),.UNSPECIFIED.,
 .F.,.F.,.F.,(4,1,1,1,1,1,1,1,1,1,1,1,1,1,1,1,4),(2,2),(0.,0.0608097107980653,
0.118121388960912,0.172128993244442,0.224190674999449,0.274954573740016,
0.325726863018586,0.376716062203842,0.429702289065299,0.485429194814443,
0.544581611112263,0.608063292673667,0.676034523455741,0.748842649474831,
0.827048646690317,0.910604600625041,1.),(0.,0.00304800000000038),
 .UNSPECIFIED.);
#145=B_SPLINE_SURFACE_WITH_KNOTS('',3,1,((#11294,#11295),(#11296,#11297),
(#11298,#11299),(#11300,#11301),(#11302,#11303),(#11304,#11305),(#11306,
#11307),(#11308,#11309),(#11310,#11311),(#11312,#11313),(#11314,#11315),
(#11316,#11317),(#11318,#11319),(#11320,#11321),(#11322,#11323),(#11324,
#11325),(#11326,#11327),(#11328,#11329),(#11330,#11331)),.UNSPECIFIED.,
 .F.,.F.,.F.,(4,1,1,1,1,1,1,1,1,1,1,1,1,1,1,1,4),(2,2),(0.,0.0915391330306575,
0.177172284622418,0.256588503049026,0.33031161271173,0.398914956522047,
0.462153356900296,0.521113123574899,0.575924563318155,0.627982530358915,
0.678502067439613,0.728597121019747,0.778693713500229,0.830104954101844,
0.883787297351537,0.940195079678564,1.),(0.,0.00304800000000025),
 .UNSPECIFIED.);
#146=B_SPLINE_SURFACE_WITH_KNOTS('',3,1,((#11353,#11354),(#11355,#11356),
(#11357,#11358),(#11359,#11360),(#11361,#11362),(#11363,#11364),(#11365,
#11366),(#11367,#11368),(#11369,#11370),(#11371,#11372),(#11373,#11374),
(#11375,#11376),(#11377,#11378),(#11379,#11380),(#11381,#11382),(#11383,
#11384),(#11385,#11386),(#11387,#11388),(#11389,#11390)),.UNSPECIFIED.,
 .F.,.F.,.F.,(4,1,1,1,1,1,1,1,1,1,1,1,1,1,1,1,4),(2,2),(0.,0.0607695396901606,
0.117972413467296,0.171944340138306,0.224083010333714,0.274424618386783,
0.324774676176139,0.375510376173791,0.427980295436152,0.483159714742743,
0.542090898971778,0.605258785056891,0.673460687357411,0.746498172995884,
0.825208702489825,0.909832461583899,1.),(0.,0.00304800000000052),
 .UNSPECIFIED.);
#147=B_SPLINE_SURFACE_WITH_KNOTS('',3,1,((#11412,#11413),(#11414,#11415),
(#11416,#11417),(#11418,#11419),(#11420,#11421),(#11422,#11423),(#11424,
#11425),(#11426,#11427),(#11428,#11429),(#11430,#11431),(#11432,#11433),
(#11434,#11435),(#11436,#11437),(#11438,#11439),(#11440,#11441),(#11442,
#11443),(#11444,#11445),(#11446,#11447),(#11448,#11449)),.UNSPECIFIED.,
 .F.,.F.,.F.,(4,1,1,1,1,1,1,1,1,1,1,1,1,1,1,1,4),(2,2),(0.,0.0907150206382753,
0.175562116198822,0.254740060906211,0.328226757214046,0.396502133144467,
0.460019091075,0.519003097871323,0.574285504741775,0.62656818455449,0.677461435369766,
0.727486168211876,0.777969958815526,0.829746219211482,0.883450632876442,
0.939893226652255,1.),(0.,0.00304800000000052),.UNSPECIFIED.);
#148=B_SPLINE_SURFACE_WITH_KNOTS('',3,1,((#11566,#11567),(#11568,#11569),
(#11570,#11571),(#11572,#11573),(#11574,#11575),(#11576,#11577),(#11578,
#11579),(#11580,#11581),(#11582,#11583),(#11584,#11585),(#11586,#11587)),
 .UNSPECIFIED.,.F.,.F.,.F.,(4,1,1,1,1,1,1,1,4),(2,2),(0.,0.141493434188672,
0.271749926843527,0.394144577274738,0.510714339389909,0.626016010618285,
0.744301026922355,0.867417192532146,1.),(0.,0.00304800000000052),
 .UNSPECIFIED.);
#149=B_SPLINE_SURFACE_WITH_KNOTS('',3,1,((#11603,#11604),(#11605,#11606),
(#11607,#11608),(#11609,#11610),(#11611,#11612),(#11613,#11614),(#11615,
#11616),(#11617,#11618),(#11619,#11620),(#11621,#11622),(#11623,#11624)),
 .UNSPECIFIED.,.F.,.F.,.F.,(4,1,1,1,1,1,1,1,4),(2,2),(0.,0.129292626761633,
0.25061260258198,0.366624766867316,0.480379173054537,0.596391337339873,
0.719401267334958,0.853153621518652,1.),(0.,0.00304800000000065),
 .UNSPECIFIED.);
#150=B_SPLINE_SURFACE_WITH_KNOTS('',3,1,((#11638,#11639),(#11640,#11641),
(#11642,#11643),(#11644,#11645),(#11646,#11647),(#11648,#11649),(#11650,
#11651),(#11652,#11653),(#11654,#11655),(#11656,#11657),(#11658,#11659)),
 .UNSPECIFIED.,.F.,.F.,.F.,(4,1,1,1,1,1,1,1,4),(2,2),(0.,0.164636905636725,
0.314574615662531,0.45128900932907,0.573541042101713,0.68671029314363,0.795719023472704,
0.899399923047146,1.),(0.,0.00304800000000025),.UNSPECIFIED.);
#151=B_SPLINE_SURFACE_WITH_KNOTS('',3,1,((#11673,#11674),(#11675,#11676),
(#11677,#11678),(#11679,#11680),(#11681,#11682),(#11683,#11684),(#11685,
#11686),(#11687,#11688),(#11689,#11690),(#11691,#11692),(#11693,#11694)),
 .UNSPECIFIED.,.F.,.F.,.F.,(4,1,1,1,1,1,1,1,4),(2,2),(0.,0.0926582352675567,
0.19576664040902,0.308302435032722,0.432678091676693,0.565799281311013,
0.704152275114291,0.8490097112071,1.),(0.,0.00304800000000025),
 .UNSPECIFIED.);
#152=B_SPLINE_SURFACE_WITH_KNOTS('',3,1,((#11708,#11709),(#11710,#11711),
(#11712,#11713),(#11714,#11715),(#11716,#11717),(#11718,#11719),(#11720,
#11721),(#11722,#11723),(#11724,#11725),(#11726,#11727),(#11728,#11729)),
 .UNSPECIFIED.,.F.,.F.,.F.,(4,1,1,1,1,1,1,1,4),(2,2),(0.,0.141276283346696,
0.27140522280302,0.392484524637982,0.507997915027943,0.62361602320396,0.742434615526684,
0.866595345426542,1.),(0.,0.00304800000000052),.UNSPECIFIED.);
#153=B_SPLINE_SURFACE_WITH_KNOTS('',3,1,((#11743,#11744),(#11745,#11746),
(#11747,#11748),(#11749,#11750),(#11751,#11752),(#11753,#11754),(#11755,
#11756),(#11757,#11758),(#11759,#11760),(#11761,#11762),(#11763,#11764)),
 .UNSPECIFIED.,.F.,.F.,.F.,(4,1,1,1,1,1,1,1,4),(2,2),(0.,0.131331214185681,
0.253675570734797,0.371800076074807,0.486025054818408,0.602137522141961,
0.7248917936168,0.856708932872435,1.),(0.,0.00304800000000052),
 .UNSPECIFIED.);
#154=B_SPLINE_SURFACE_WITH_KNOTS('',3,1,((#11778,#11779),(#11780,#11781),
(#11782,#11783),(#11784,#11785),(#11786,#11787),(#11788,#11789),(#11790,
#11791),(#11792,#11793),(#11794,#11795),(#11796,#11797),(#11798,#11799)),
 .UNSPECIFIED.,.F.,.F.,.F.,(4,1,1,1,1,1,1,1,4),(2,2),(0.,0.159300807949135,
0.307985195662861,0.446147071035285,0.573903547908709,0.691437921988585,
0.801747247497349,0.904233455225203,1.),(0.,0.00304800000000025),
 .UNSPECIFIED.);
#155=B_SPLINE_SURFACE_WITH_KNOTS('',3,1,((#11813,#11814),(#11815,#11816),
(#11817,#11818),(#11819,#11820),(#11821,#11822),(#11823,#11824),(#11825,
#11826),(#11827,#11828),(#11829,#11830),(#11831,#11832),(#11833,#11834)),
 .UNSPECIFIED.,.F.,.F.,.F.,(4,1,1,1,1,1,1,1,4),(2,2),(0.,0.0977699014269662,
0.201649799808619,0.311248840920487,0.427276125808338,0.552496228952298,
0.689496067743508,0.838810680564655,1.),(0.,0.00304800000000052),
 .UNSPECIFIED.);
#156=B_SPLINE_SURFACE_WITH_KNOTS('',3,1,((#11902,#11903),(#11904,#11905),
(#11906,#11907),(#11908,#11909),(#11910,#11911),(#11912,#11913),(#11914,
#11915),(#11916,#11917),(#11918,#11919)),.UNSPECIFIED.,.F.,.F.,.F.,(4,1,
1,1,1,1,4),(2,2),(0.,0.260915723706575,0.543321946839034,0.680203762480987,
0.801885201842758,0.908416233796295,1.),(0.,0.00304800000000025),
 .UNSPECIFIED.);
#157=B_SPLINE_SURFACE_WITH_KNOTS('',3,1,((#11931,#11932),(#11933,#11934),
(#11935,#11936),(#11937,#11938),(#11939,#11940),(#11941,#11942),(#11943,
#11944),(#11945,#11946),(#11947,#11948),(#11949,#11950),(#11951,#11952)),
 .UNSPECIFIED.,.F.,.F.,.F.,(4,1,1,1,1,1,1,1,4),(2,2),(0.,0.122128129645928,
0.239140797767903,0.354530390769465,0.467998586574549,0.584251859250132,
0.710705924773633,0.847734957768268,1.),(0.,0.00304800000000025),
 .UNSPECIFIED.);
#158=B_SPLINE_SURFACE_WITH_KNOTS('',3,1,((#12030,#12031),(#12032,#12033),
(#12034,#12035),(#12036,#12037),(#12038,#12039),(#12040,#12041),(#12042,
#12043),(#12044,#12045),(#12046,#12047),(#12048,#12049),(#12050,#12051),
(#12052,#12053),(#12054,#12055),(#12056,#12057),(#12058,#12059),(#12060,
#12061),(#12062,#12063),(#12064,#12065),(#12066,#12067)),.UNSPECIFIED.,
 .F.,.F.,.F.,(4,1,1,1,1,1,1,1,1,1,1,1,1,1,1,1,4),(2,2),(0.,0.0747096939635726,
0.146194113155112,0.214331049607074,0.27876783903986,0.341275776973908,
0.400696788225493,0.458152551868236,0.513947800614854,0.569026803242809,
0.62441283584087,0.680817564512693,0.73917804900529,0.799547425739608,0.862988010071117,
0.929353681562014,1.),(0.,0.00304800000000065),.UNSPECIFIED.);
#159=B_SPLINE_SURFACE_WITH_KNOTS('',3,1,((#12091,#12092),(#12093,#12094),
(#12095,#12096),(#12097,#12098),(#12099,#12100),(#12101,#12102),(#12103,
#12104),(#12105,#12106),(#12107,#12108),(#12109,#12110),(#12111,#12112)),
 .UNSPECIFIED.,.F.,.F.,.F.,(4,1,1,1,1,1,1,1,4),(2,2),(0.,0.120247396808146,
0.241506628629123,0.364610203147097,0.49160150762284,0.620101932487912,
0.746523309976945,0.873089956965609,1.),(0.,0.00304800000000038),
 .UNSPECIFIED.);
#160=B_SPLINE_SURFACE_WITH_KNOTS('',3,1,((#12126,#12127),(#12128,#12129),
(#12130,#12131),(#12132,#12133),(#12134,#12135),(#12136,#12137),(#12138,
#12139),(#12140,#12141),(#12142,#12143),(#12144,#12145),(#12146,#12147)),
 .UNSPECIFIED.,.F.,.F.,.F.,(4,1,1,1,1,1,1,1,4),(2,2),(0.,0.109326755402915,
0.220435971649624,0.33356262131625,0.450325675579188,0.5733292851656,0.705047997321995,
0.847045211311724,1.),(0.,0.00304800000000052),.UNSPECIFIED.);
#161=B_SPLINE_SURFACE_WITH_KNOTS('',3,1,((#12161,#12162),(#12163,#12164),
(#12165,#12166),(#12167,#12168),(#12169,#12170),(#12171,#12172),(#12173,
#12174),(#12175,#12176),(#12177,#12178),(#12179,#12180),(#12181,#12182)),
 .UNSPECIFIED.,.F.,.F.,.F.,(4,1,1,1,1,1,1,1,4),(2,2),(0.,0.137995261864031,
0.269517638748396,0.394383371292648,0.513061117306446,0.630594780871924,
0.750930615559032,0.873845380136908,1.),(0.,0.00304800000000025),
 .UNSPECIFIED.);
#162=B_SPLINE_SURFACE_WITH_KNOTS('',3,1,((#12204,#12205),(#12206,#12207),
(#12208,#12209),(#12210,#12211),(#12212,#12213),(#12214,#12215),(#12216,
#12217),(#12218,#12219),(#12220,#12221),(#12222,#12223),(#12224,#12225)),
 .UNSPECIFIED.,.F.,.F.,.F.,(4,1,1,1,1,1,1,1,4),(2,2),(0.,0.125373616059123,
0.251808581163592,0.380289427037568,0.512628995095467,0.643298680459205,
0.767374973640238,0.886146568002925,1.),(0.,0.00304800000000052),
 .UNSPECIFIED.);
#163=B_SPLINE_SURFACE_WITH_KNOTS('',3,1,((#12239,#12240),(#12241,#12242),
(#12243,#12244),(#12245,#12246),(#12247,#12248),(#12249,#12250),(#12251,
#12252),(#12253,#12254),(#12255,#12256),(#12257,#12258),(#12259,#12260),
(#12261,#12262),(#12263,#12264),(#12265,#12266),(#12267,#12268),(#12269,
#12270),(#12271,#12272),(#12273,#12274),(#12275,#12276)),.UNSPECIFIED.,
 .F.,.F.,.F.,(4,1,1,1,1,1,1,1,1,1,1,1,1,1,1,1,4),(2,2),(0.,0.0851542474176055,
0.166151151348505,0.242432276275886,0.314974011936856,0.383843172832556,
0.448995030526956,0.51150423346407,0.571732009758411,0.629388769912715,
0.684296066970866,0.737303289665554,0.789031862448751,0.840115380357344,
0.891586278827498,0.944804626431153,1.),(0.,0.00304800000000052),
 .UNSPECIFIED.);
#164=B_SPLINE_SURFACE_WITH_KNOTS('',3,1,((#12298,#12299),(#12300,#12301),
(#12302,#12303),(#12304,#12305),(#12306,#12307),(#12308,#12309),(#12310,
#12311),(#12312,#12313),(#12314,#12315),(#12316,#12317),(#12318,#12319),
(#12320,#12321),(#12322,#12323),(#12324,#12325),(#12326,#12327)),
 .UNSPECIFIED.,.F.,.F.,.F.,(4,1,1,1,1,1,1,1,1,1,1,1,4),(2,2),(0.,0.0743683371552148,
0.144056622694949,0.209008707550137,0.270660572948899,0.328755483755509,
0.383522130311691,0.437037530403696,0.489511913663086,0.597658747859208,
0.717752568102056,0.850574908956575,1.),(0.,0.00304800000000025),
 .UNSPECIFIED.);
#165=B_SPLINE_SURFACE_WITH_KNOTS('',3,1,((#12345,#12346),(#12347,#12348),
(#12349,#12350),(#12351,#12352),(#12353,#12354),(#12355,#12356),(#12357,
#12358)),.UNSPECIFIED.,.F.,.F.,.F.,(4,1,1,1,4),(2,2),(0.,0.226981531389366,
0.468317825994436,0.726208075704565,1.),(0.,0.00304799999999998),
 .UNSPECIFIED.);
#166=B_SPLINE_SURFACE_WITH_KNOTS('',3,1,((#12368,#12369),(#12370,#12371),
(#12372,#12373),(#12374,#12375),(#12376,#12377),(#12378,#12379),(#12380,
#12381),(#12382,#12383),(#12384,#12385),(#12386,#12387),(#12388,#12389),
(#12390,#12391),(#12392,#12393),(#12394,#12395),(#12396,#12397),(#12398,
#12399),(#12400,#12401),(#12402,#12403),(#12404,#12405)),.UNSPECIFIED.,
 .F.,.F.,.F.,(4,1,1,1,1,1,1,1,1,1,1,1,1,1,1,1,4),(2,2),(0.,0.0789567974108078,
0.154051951020456,0.225199153224026,0.292513204333889,0.356595516699351,
0.417735223815891,0.476173993034225,0.533298932013148,0.589410405273106,
0.644405070900994,0.700191211516659,0.75642913332742,0.814162839841686,
0.873496877356076,0.935689476011914,1.),(0.,0.00304800000000052),
 .UNSPECIFIED.);
#167=B_SPLINE_SURFACE_WITH_KNOTS('',3,1,((#12427,#12428),(#12429,#12430),
(#12431,#12432),(#12433,#12434),(#12435,#12436),(#12437,#12438),(#12439,
#12440),(#12441,#12442),(#12443,#12444),(#12445,#12446),(#12447,#12448),
(#12449,#12450),(#12451,#12452),(#12453,#12454),(#12455,#12456),(#12457,
#12458),(#12459,#12460),(#12461,#12462),(#12463,#12464)),.UNSPECIFIED.,
 .F.,.F.,.F.,(4,1,1,1,1,1,1,1,1,1,1,1,1,1,1,1,4),(2,2),(0.,0.0586465157063764,
0.115133960306283,0.170633620001466,0.225525285820346,0.280731792792121,
0.337438843836367,0.396197106502462,0.45783001477974,0.520915705211111,
0.58440943905421,0.648518985131532,0.714186437160608,0.781769168144568,
0.851693969508205,0.924346369409879,1.),(0.,0.00304800000000052),
 .UNSPECIFIED.);
#168=B_SPLINE_SURFACE_WITH_KNOTS('',3,1,((#12486,#12487),(#12488,#12489),
(#12490,#12491),(#12492,#12493),(#12494,#12495),(#12496,#12497),(#12498,
#12499),(#12500,#12501),(#12502,#12503),(#12504,#12505),(#12506,#12507)),
 .UNSPECIFIED.,.F.,.F.,.F.,(4,1,1,1,1,1,1,1,4),(2,2),(0.,0.143947200357385,
0.282130811100762,0.415548558997709,0.543554273711866,0.666486219080183,
0.782836003357568,0.894456749132473,1.),(0.,0.00304800000000052),
 .UNSPECIFIED.);
#169=B_SPLINE_SURFACE_WITH_KNOTS('',3,1,((#12529,#12530),(#12531,#12532),
(#12533,#12534),(#12535,#12536),(#12537,#12538),(#12539,#12540),(#12541,
#12542),(#12543,#12544),(#12545,#12546),(#12547,#12548),(#12549,#12550)),
 .UNSPECIFIED.,.F.,.F.,.F.,(4,1,1,1,1,1,1,1,4),(2,2),(0.,0.105811868749711,
0.219085339747262,0.339952465889048,0.469826076337075,0.603362985564874,
0.735752981411228,0.867474814386844,1.),(0.,0.00304800000000025),
 .UNSPECIFIED.);
#170=B_SPLINE_SURFACE_WITH_KNOTS('',3,1,((#12564,#12565),(#12566,#12567),
(#12568,#12569),(#12570,#12571),(#12572,#12573),(#12574,#12575),(#12576,
#12577),(#12578,#12579),(#12580,#12581),(#12582,#12583),(#12584,#12585),
(#12586,#12587),(#12588,#12589),(#12590,#12591),(#12592,#12593),(#12594,
#12595),(#12596,#12597),(#12598,#12599),(#12600,#12601)),.UNSPECIFIED.,
 .F.,.F.,.F.,(4,1,1,1,1,1,1,1,1,1,1,1,1,1,1,1,4),(2,2),(0.,0.0815929222184508,
0.159883498805042,0.233670179374193,0.305191765264685,0.373098659214752,
0.439255168861675,0.502968245231602,0.565095056002786,0.625347951181656,
0.682134431392459,0.736438204141776,0.78952167101507,0.841072387461173,
0.892925197449318,0.945402388664616,1.),(0.,0.00304800000000052),
 .UNSPECIFIED.);
#171=B_SPLINE_SURFACE_WITH_KNOTS('',3,1,((#12623,#12624),(#12625,#12626),
(#12627,#12628),(#12629,#12630),(#12631,#12632),(#12633,#12634),(#12635,
#12636),(#12637,#12638),(#12639,#12640),(#12641,#12642),(#12643,#12644),
(#12645,#12646),(#12647,#12648),(#12649,#12650),(#12651,#12652)),
 .UNSPECIFIED.,.F.,.F.,.F.,(4,1,1,1,1,1,1,1,1,1,1,1,4),(2,2),(0.,0.127831534036419,
0.243819691623368,0.350996262249671,0.454575160401962,0.507615171050124,
0.563789086567598,0.624474554859777,0.68942958137015,0.759055052101299,
0.833842618357988,0.913724853435779,1.),(0.,0.00304800000000025),
 .UNSPECIFIED.);
#172=B_SPLINE_SURFACE_WITH_KNOTS('',3,1,((#12670,#12671),(#12672,#12673),
(#12674,#12675),(#12676,#12677),(#12678,#12679),(#12680,#12681),(#12682,
#12683),(#12684,#12685),(#12686,#12687),(#12688,#12689),(#12690,#12691)),
 .UNSPECIFIED.,.F.,.F.,.F.,(4,1,1,1,1,1,1,1,4),(2,2),(0.,0.0928539547988631,
0.203032866638564,0.331250662395348,0.476038951117471,0.623856396119846,
0.760434888243034,0.885784977550472,1.),(0.,0.00304800000000025),
 .UNSPECIFIED.);
#173=ELLIPSE('',#5707,0.507637265836363,0.428577714407771);
#174=ELLIPSE('',#5757,0.507637265836363,0.428577714407771);
#175=B_SPLINE_CURVE_WITH_KNOTS('',3,(#6931,#6932,#6933,#6934,#6935),
 .UNSPECIFIED.,.F.,.F.,(4,1,4),(0.,0.366225159235487,1.),.UNSPECIFIED.);
#176=B_SPLINE_CURVE_WITH_KNOTS('',3,(#6937,#6938,#6939,#6940),
 .UNSPECIFIED.,.F.,.F.,(4,4),(0.,0.062214044740126),.UNSPECIFIED.);
#177=B_SPLINE_CURVE_WITH_KNOTS('',3,(#6942,#6943,#6944,#6945,#6946),
 .UNSPECIFIED.,.F.,.F.,(4,1,4),(0.0619722478057053,0.538316549468257,0.82262061014334),
 .UNSPECIFIED.);
#178=B_SPLINE_CURVE_WITH_KNOTS('',3,(#6948,#6949,#6950,#6951),
 .UNSPECIFIED.,.F.,.F.,(4,4),(0.822748969389913,1.),.UNSPECIFIED.);
#179=B_SPLINE_CURVE_WITH_KNOTS('',3,(#6953,#6954,#6955,#6956,#6957),
 .UNSPECIFIED.,.F.,.F.,(4,1,4),(0.,0.513958576989878,1.),.UNSPECIFIED.);
#180=B_SPLINE_CURVE_WITH_KNOTS('',3,(#6958,#6959,#6960,#6961,#6962,#6963),
 .UNSPECIFIED.,.F.,.F.,(4,1,1,4),(0.,0.118780290071877,0.526087111107885,
1.),.UNSPECIFIED.);
#181=B_SPLINE_CURVE_WITH_KNOTS('',3,(#6966,#6967,#6968,#6969,#6970,#6971,
#6972,#6973,#6974,#6975,#6976,#6977,#6978,#6979,#6980,#6981,#6982,#6983,
#6984),.UNSPECIFIED.,.F.,.F.,(4,1,1,1,1,1,1,1,1,1,1,1,1,1,1,1,4),(0.,0.0907150206382753,
0.175562116198822,0.254740060906211,0.328226757214046,0.396502133144467,
0.460019091075,0.519003097871323,0.574285504741775,0.62656818455449,0.677461435369766,
0.727486168211876,0.777969958815526,0.829746219211482,0.883450632876442,
0.939893226652255,1.),.UNSPECIFIED.);
#182=B_SPLINE_CURVE_WITH_KNOTS('',3,(#6986,#6987,#6988,#6989,#6990,#6991,
#6992,#6993,#6994,#6995,#6996,#6997,#6998,#6999,#7000,#7001,#7002,#7003,
#7004),.UNSPECIFIED.,.F.,.F.,(4,1,1,1,1,1,1,1,1,1,1,1,1,1,1,1,4),(0.,0.0608097107980653,
0.118121388960912,0.172128993244442,0.224190674999449,0.274954573740016,
0.325726863018586,0.376716062203842,0.429702289065299,0.485429194814443,
0.544581611112263,0.608063292673667,0.676034523455741,0.748842649474831,
0.827048646690317,0.910604600625041,1.),.UNSPECIFIED.);
#183=B_SPLINE_CURVE_WITH_KNOTS('',3,(#7006,#7007,#7008,#7009,#7010,#7011,
#7012,#7013,#7014,#7015,#7016,#7017,#7018,#7019,#7020,#7021,#7022,#7023,
#7024),.UNSPECIFIED.,.F.,.F.,(4,1,1,1,1,1,1,1,1,1,1,1,1,1,1,1,4),(0.,0.0915391330306575,
0.177172284622418,0.256588503049026,0.33031161271173,0.398914956522047,
0.462153356900296,0.521113123574899,0.575924563318155,0.627982530358915,
0.678502067439613,0.728597121019747,0.778693713500229,0.830104954101844,
0.883787297351537,0.940195079678564,1.),.UNSPECIFIED.);
#184=B_SPLINE_CURVE_WITH_KNOTS('',3,(#7025,#7026,#7027,#7028,#7029,#7030,
#7031,#7032,#7033,#7034,#7035,#7036,#7037,#7038,#7039,#7040,#7041,#7042,
#7043),.UNSPECIFIED.,.F.,.F.,(4,1,1,1,1,1,1,1,1,1,1,1,1,1,1,1,4),(0.,0.0607695396901606,
0.117972413467296,0.171944340138306,0.224083010333714,0.274424618386783,
0.324774676176139,0.375510376173791,0.427980295436152,0.483159714742743,
0.542090898971778,0.605258785056891,0.673460687357411,0.746498172995884,
0.825208702489825,0.909832461583899,1.),.UNSPECIFIED.);
#185=B_SPLINE_CURVE_WITH_KNOTS('',3,(#7062,#7063,#7064,#7065,#7066,#7067,
#7068,#7069,#7070),.UNSPECIFIED.,.F.,.F.,(4,1,1,1,1,1,4),(0.,0.260915723706575,
0.543321946839034,0.680203762480987,0.801885201842758,0.908416233796295,
1.),.UNSPECIFIED.);
#186=B_SPLINE_CURVE_WITH_KNOTS('',3,(#7072,#7073,#7074,#7075,#7076,#7077,
#7078,#7079,#7080,#7081,#7082),.UNSPECIFIED.,.F.,.F.,(4,1,1,1,1,1,1,1,4),
(0.,0.122128129645928,0.239140797767903,0.354530390769465,0.467998586574549,
0.584251859250132,0.710705924773633,0.847734957768268,1.),.UNSPECIFIED.);
#187=B_SPLINE_CURVE_WITH_KNOTS('',3,(#7088,#7089,#7090,#7091,#7092,#7093,
#7094,#7095,#7096,#7097,#7098),.UNSPECIFIED.,.F.,.F.,(4,1,1,1,1,1,1,1,4),
(0.,0.0928539547988631,0.203032866638564,0.331250662395348,0.476038951117471,
0.623856396119846,0.760434888243034,0.885784977550472,1.),.UNSPECIFIED.);
#188=B_SPLINE_CURVE_WITH_KNOTS('',3,(#7100,#7101,#7102,#7103,#7104,#7105,
#7106,#7107,#7108,#7109,#7110,#7111,#7112,#7113,#7114,#7115,#7116,#7117,
#7118),.UNSPECIFIED.,.F.,.F.,(4,1,1,1,1,1,1,1,1,1,1,1,1,1,1,1,4),(0.,0.0747096939635726,
0.146194113155112,0.214331049607074,0.27876783903986,0.341275776973908,
0.400696788225493,0.458152551868236,0.513947800614854,0.569026803242809,
0.62441283584087,0.680817564512693,0.73917804900529,0.799547425739608,0.862988010071117,
0.929353681562014,1.),.UNSPECIFIED.);
#189=B_SPLINE_CURVE_WITH_KNOTS('',3,(#7120,#7121,#7122,#7123,#7124,#7125,
#7126,#7127,#7128,#7129,#7130),.UNSPECIFIED.,.F.,.F.,(4,1,1,1,1,1,1,1,4),
(0.,0.120247396808146,0.241506628629123,0.364610203147097,0.49160150762284,
0.620101932487912,0.746523309976945,0.873089956965609,1.),.UNSPECIFIED.);
#190=B_SPLINE_CURVE_WITH_KNOTS('',3,(#7132,#7133,#7134,#7135,#7136,#7137,
#7138,#7139,#7140,#7141,#7142),.UNSPECIFIED.,.F.,.F.,(4,1,1,1,1,1,1,1,4),
(0.,0.109326755402915,0.220435971649624,0.33356262131625,0.450325675579188,
0.5733292851656,0.705047997321995,0.847045211311724,1.),.UNSPECIFIED.);
#191=B_SPLINE_CURVE_WITH_KNOTS('',3,(#7144,#7145,#7146,#7147,#7148,#7149,
#7150,#7151,#7152,#7153,#7154),.UNSPECIFIED.,.F.,.F.,(4,1,1,1,1,1,1,1,4),
(0.,0.137995261864031,0.269517638748396,0.394383371292648,0.513061117306446,
0.630594780871924,0.750930615559032,0.873845380136908,1.),.UNSPECIFIED.);
#192=B_SPLINE_CURVE_WITH_KNOTS('',3,(#7160,#7161,#7162,#7163,#7164,#7165,
#7166,#7167,#7168,#7169,#7170),.UNSPECIFIED.,.F.,.F.,(4,1,1,1,1,1,1,1,4),
(0.,0.125373616059123,0.251808581163592,0.380289427037568,0.512628995095467,
0.643298680459205,0.767374973640238,0.886146568002925,1.),.UNSPECIFIED.);
#193=B_SPLINE_CURVE_WITH_KNOTS('',3,(#7172,#7173,#7174,#7175,#7176,#7177,
#7178,#7179,#7180,#7181,#7182,#7183,#7184,#7185,#7186,#7187,#7188,#7189,
#7190),.UNSPECIFIED.,.F.,.F.,(4,1,1,1,1,1,1,1,1,1,1,1,1,1,1,1,4),(0.,0.0851542474176055,
0.166151151348505,0.242432276275886,0.314974011936856,0.383843172832556,
0.448995030526956,0.51150423346407,0.571732009758411,0.629388769912715,
0.684296066970866,0.737303289665554,0.789031862448751,0.840115380357344,
0.891586278827498,0.944804626431153,1.),.UNSPECIFIED.);
#194=B_SPLINE_CURVE_WITH_KNOTS('',3,(#7192,#7193,#7194,#7195,#7196,#7197,
#7198,#7199,#7200,#7201,#7202,#7203,#7204,#7205,#7206),.UNSPECIFIED.,.F.,
 .F.,(4,1,1,1,1,1,1,1,1,1,1,1,4),(0.,0.0743683371552148,0.144056622694949,
0.209008707550137,0.270660572948899,0.328755483755509,0.383522130311691,
0.437037530403696,0.489511913663086,0.597658747859208,0.717752568102056,
0.850574908956575,1.),.UNSPECIFIED.);
#195=B_SPLINE_CURVE_WITH_KNOTS('',3,(#7208,#7209,#7210,#7211,#7212,#7213,
#7214),.UNSPECIFIED.,.F.,.F.,(4,1,1,1,4),(0.,0.226981531389366,0.468317825994436,
0.726208075704565,1.),.UNSPECIFIED.);
#196=B_SPLINE_CURVE_WITH_KNOTS('',3,(#7216,#7217,#7218,#7219,#7220,#7221,
#7222,#7223,#7224,#7225,#7226,#7227,#7228,#7229,#7230,#7231,#7232,#7233,
#7234),.UNSPECIFIED.,.F.,.F.,(4,1,1,1,1,1,1,1,1,1,1,1,1,1,1,1,4),(0.,0.0789567974108078,
0.154051951020456,0.225199153224026,0.292513204333889,0.356595516699351,
0.417735223815891,0.476173993034225,0.533298932013148,0.589410405273106,
0.644405070900994,0.700191211516659,0.75642913332742,0.814162839841686,
0.873496877356076,0.935689476011914,1.),.UNSPECIFIED.);
#197=B_SPLINE_CURVE_WITH_KNOTS('',3,(#7236,#7237,#7238,#7239,#7240,#7241,
#7242,#7243,#7244,#7245,#7246,#7247,#7248,#7249,#7250,#7251,#7252,#7253,
#7254),.UNSPECIFIED.,.F.,.F.,(4,1,1,1,1,1,1,1,1,1,1,1,1,1,1,1,4),(0.,0.0586465157063764,
0.115133960306283,0.170633620001466,0.225525285820346,0.280731792792121,
0.337438843836367,0.396197106502462,0.45783001477974,0.520915705211111,
0.58440943905421,0.648518985131532,0.714186437160608,0.781769168144568,
0.851693969508205,0.924346369409879,1.),.UNSPECIFIED.);
#198=B_SPLINE_CURVE_WITH_KNOTS('',3,(#7256,#7257,#7258,#7259,#7260,#7261,
#7262,#7263,#7264,#7265,#7266),.UNSPECIFIED.,.F.,.F.,(4,1,1,1,1,1,1,1,4),
(0.,0.143947200357385,0.282130811100762,0.415548558997709,0.543554273711866,
0.666486219080183,0.782836003357568,0.894456749132473,1.),.UNSPECIFIED.);
#199=B_SPLINE_CURVE_WITH_KNOTS('',3,(#7272,#7273,#7274,#7275,#7276,#7277,
#7278,#7279,#7280,#7281,#7282),.UNSPECIFIED.,.F.,.F.,(4,1,1,1,1,1,1,1,4),
(0.,0.105811868749711,0.219085339747262,0.339952465889048,0.469826076337075,
0.603362985564874,0.735752981411228,0.867474814386844,1.),.UNSPECIFIED.);
#200=B_SPLINE_CURVE_WITH_KNOTS('',3,(#7284,#7285,#7286,#7287,#7288,#7289,
#7290,#7291,#7292,#7293,#7294,#7295,#7296,#7297,#7298,#7299,#7300,#7301,
#7302),.UNSPECIFIED.,.F.,.F.,(4,1,1,1,1,1,1,1,1,1,1,1,1,1,1,1,4),(0.,0.0815929222184508,
0.159883498805042,0.233670179374193,0.305191765264685,0.373098659214752,
0.439255168861675,0.502968245231602,0.565095056002786,0.625347951181656,
0.682134431392459,0.736438204141776,0.78952167101507,0.841072387461173,
0.892925197449318,0.945402388664616,1.),.UNSPECIFIED.);
#201=B_SPLINE_CURVE_WITH_KNOTS('',3,(#7303,#7304,#7305,#7306,#7307,#7308,
#7309,#7310,#7311,#7312,#7313,#7314,#7315,#7316,#7317),.UNSPECIFIED.,.F.,
 .F.,(4,1,1,1,1,1,1,1,1,1,1,1,4),(0.,0.127831534036419,0.243819691623368,
0.350996262249671,0.454575160401962,0.507615171050124,0.563789086567598,
0.624474554859777,0.68942958137015,0.759055052101299,0.833842618357988,
0.913724853435779,1.),.UNSPECIFIED.);
#202=B_SPLINE_CURVE_WITH_KNOTS('',3,(#7360,#7361,#7362,#7363,#7364,#7365,
#7366,#7367,#7368,#7369,#7370),.UNSPECIFIED.,.F.,.F.,(4,1,1,1,1,1,1,1,4),
(0.,0.106391313765763,0.222360470553698,0.348266356327889,0.483317546499321,
0.620890007614776,0.750645273157816,0.877863346811038,1.),.UNSPECIFIED.);
#203=B_SPLINE_CURVE_WITH_KNOTS('',3,(#7372,#7373,#7374,#7375,#7376,#7377,
#7378,#7379,#7380,#7381,#7382),.UNSPECIFIED.,.F.,.F.,(4,1,1,1,1,1,1,1,4),
(0.,0.105101509705151,0.212521463329296,0.322873575430661,0.437236128770181,
0.559676738991237,0.693325431100033,0.8389853441342,1.),.UNSPECIFIED.);
#204=B_SPLINE_CURVE_WITH_KNOTS('',3,(#7384,#7385,#7386,#7387,#7388,#7389,
#7390,#7391,#7392,#7393,#7394),.UNSPECIFIED.,.F.,.F.,(4,1,1,1,1,1,1,1,4),
(0.,0.134715198632582,0.264585316702455,0.390858859237267,0.514892986287181,
0.637670582927027,0.758318152652839,0.878687644844531,1.),.UNSPECIFIED.);
#205=B_SPLINE_CURVE_WITH_KNOTS('',3,(#7396,#7397,#7398,#7399,#7400,#7401,
#7402,#7403,#7404,#7405,#7406),.UNSPECIFIED.,.F.,.F.,(4,1,1,1,1,1,1,1,4),
(0.,0.119025329668562,0.237020974850877,0.356392801299679,0.477886604652417,
0.602799412741238,0.7309998398672,0.862680391855942,1.),.UNSPECIFIED.);
#206=B_SPLINE_CURVE_WITH_KNOTS('',3,(#7408,#7409,#7410,#7411,#7412,#7413,
#7414,#7415,#7416,#7417,#7418),.UNSPECIFIED.,.F.,.F.,(4,1,1,1,1,1,1,1,4),
(0.,0.135668816440893,0.270966005823629,0.4062695024736,0.542133173226809,
0.672857473925322,0.792338395916377,0.901401557877558,1.),.UNSPECIFIED.);
#207=B_SPLINE_CURVE_WITH_KNOTS('',3,(#7424,#7425,#7426,#7427,#7428,#7429,
#7430,#7431,#7432,#7433,#7434),.UNSPECIFIED.,.F.,.F.,(4,1,1,1,1,1,1,1,4),
(0.,0.116214930699672,0.237554683067202,0.363857166499135,0.496087562580038,
0.628484242957442,0.755759545512461,0.87957950142053,1.),.UNSPECIFIED.);
#208=B_SPLINE_CURVE_WITH_KNOTS('',3,(#7436,#7437,#7438,#7439,#7440,#7441,
#7442,#7443,#7444,#7445,#7446),.UNSPECIFIED.,.F.,.F.,(4,1,1,1,1,1,1,1,4),
(0.,0.118935398058731,0.242770789637084,0.371106624018145,0.506787153170295,
0.640613569789644,0.765129655738742,0.885467703612444,1.),.UNSPECIFIED.);
#209=B_SPLINE_CURVE_WITH_KNOTS('',3,(#7448,#7449,#7450,#7451,#7452,#7453,
#7454,#7455,#7456,#7457,#7458),.UNSPECIFIED.,.F.,.F.,(4,1,1,1,1,1,1,1,4),
(0.,0.120635261487965,0.237300232372533,0.351067218657795,0.46402938109752,
0.581070905933506,0.708894267135505,0.84828319650439,1.),.UNSPECIFIED.);
#210=B_SPLINE_CURVE_WITH_KNOTS('',3,(#7460,#7461,#7462,#7463,#7464,#7465,
#7466,#7467,#7468,#7469,#7470),.UNSPECIFIED.,.F.,.F.,(4,1,1,1,1,1,1,1,4),
(0.,0.157551099488494,0.302046350812011,0.434993988809088,0.55814738409998,
0.673305075829706,0.78435496110843,0.892630191114159,1.),.UNSPECIFIED.);
#211=B_SPLINE_CURVE_WITH_KNOTS('',3,(#7472,#7473,#7474,#7475,#7476,#7477,
#7478,#7479,#7480),.UNSPECIFIED.,.F.,.F.,(4,1,1,1,1,1,4),(0.,0.108653713998502,
0.220576032114702,0.33827494293582,0.460970484303568,0.721890617820885,
1.),.UNSPECIFIED.);
#212=B_SPLINE_CURVE_WITH_KNOTS('',3,(#7488,#7489,#7490,#7491,#7492,#7493,
#7494,#7495,#7496,#7497,#7498,#7499,#7500,#7501,#7502,#7503,#7504,#7505,
#7506),.UNSPECIFIED.,.F.,.F.,(4,1,1,1,1,1,1,1,1,1,1,1,1,1,1,1,4),(0.,0.0768611280698105,
0.150060605059774,0.220492663113989,0.287201249682859,0.351363906450362,
0.413267791735727,0.473555429678488,0.532540835512666,0.589944209447175,
0.6456532844295,0.701396075945956,0.757224939428337,0.813969912120704,0.873022525719231,
0.93473726730756,1.),.UNSPECIFIED.);
#213=B_SPLINE_CURVE_WITH_KNOTS('',3,(#7508,#7509,#7510,#7511,#7512,#7513,
#7514,#7515,#7516,#7517,#7518),.UNSPECIFIED.,.F.,.F.,(4,1,1,1,1,1,1,1,4),
(0.,0.138132278052638,0.267851985147851,0.394078077083695,0.516253279509507,
0.637301063779143,0.756472794111294,0.876611026442357,1.),.UNSPECIFIED.);
#214=B_SPLINE_CURVE_WITH_KNOTS('',3,(#7520,#7521,#7522,#7523,#7524,#7525,
#7526,#7527,#7528),.UNSPECIFIED.,.F.,.F.,(4,1,1,1,1,1,4),(0.,0.118765506596623,
0.235900051131266,0.352730067086871,0.470945809960493,0.721863316565239,
1.),.UNSPECIFIED.);
#215=B_SPLINE_CURVE_WITH_KNOTS('',3,(#7530,#7531,#7532,#7533,#7534,#7535,
#7536,#7537,#7538,#7539,#7540),.UNSPECIFIED.,.F.,.F.,(4,1,1,1,1,1,1,1,4),
(0.,0.111632987514571,0.227459813577148,0.349011106487861,0.475697258378212,
0.605948355514675,0.736466347530907,0.867536923163374,1.),.UNSPECIFIED.);
#216=B_SPLINE_CURVE_WITH_KNOTS('',3,(#7546,#7547,#7548,#7549,#7550,#7551,
#7552,#7553,#7554,#7555,#7556),.UNSPECIFIED.,.F.,.F.,(4,1,1,1,1,1,1,1,4),
(0.,0.0977079909500933,0.207291493222903,0.328983253296855,0.463847184834168,
0.602916412517549,0.738306390271857,0.870515841698127,1.),.UNSPECIFIED.);
#217=B_SPLINE_CURVE_WITH_KNOTS('',3,(#7558,#7559,#7560,#7561,#7562,#7563,
#7564,#7565,#7566,#7567,#7568),.UNSPECIFIED.,.F.,.F.,(4,1,1,1,1,1,1,1,4),
(0.,0.147290150870826,0.286823303823054,0.417201823662337,0.540756588029472,
0.6584474513878,0.773689408115853,0.887115749099447,1.),.UNSPECIFIED.);
#218=B_SPLINE_CURVE_WITH_KNOTS('',3,(#7570,#7571,#7572,#7573,#7574,#7575,
#7576,#7577,#7578,#7579,#7580),.UNSPECIFIED.,.F.,.F.,(4,1,1,1,1,1,1,1,4),
(0.,0.129369994244852,0.252887039392239,0.373410162402928,0.492316739327885,
0.612482130127584,0.735696734290249,0.864297475822139,1.),.UNSPECIFIED.);
#219=B_SPLINE_CURVE_WITH_KNOTS('',3,(#7581,#7582,#7583,#7584,#7585,#7586,
#7587,#7588,#7589,#7590,#7591,#7592,#7593,#7594,#7595,#7596,#7597,#7598,
#7599),.UNSPECIFIED.,.F.,.F.,(4,1,1,1,1,1,1,1,1,1,1,1,1,1,1,1,4),(0.,0.0646442744921655,
0.128085199944389,0.189639487224707,0.251278226169861,0.313266054615584,
0.375116975733657,0.438776182755604,0.503886694361284,0.569065228141127,
0.63295704995834,0.694885796460294,0.756590140123231,0.817054940797115,
0.877878737005554,0.93829253404263,1.),.UNSPECIFIED.);
#220=B_SPLINE_CURVE_WITH_KNOTS('',3,(#7602,#7603,#7604,#7605),
 .UNSPECIFIED.,.F.,.F.,(4,4),(0.,0.1259295853762),.UNSPECIFIED.);
#221=B_SPLINE_CURVE_WITH_KNOTS('',3,(#7607,#7608,#7609,#7610,#7611,#7612,
#7613,#7614),.UNSPECIFIED.,.F.,.F.,(4,1,1,1,1,4),(0.,0.170501184995707,
0.336585919720901,0.501116045557708,0.766208366292933,1.),.UNSPECIFIED.);
#222=B_SPLINE_CURVE_WITH_KNOTS('',3,(#7626,#7627,#7628,#7629),
 .UNSPECIFIED.,.F.,.F.,(4,4),(0.,1.),.UNSPECIFIED.);
#223=B_SPLINE_CURVE_WITH_KNOTS('',3,(#7631,#7632,#7633,#7634,#7635),
 .UNSPECIFIED.,.F.,.F.,(4,1,4),(0.,0.49298870265966,1.),.UNSPECIFIED.);
#224=B_SPLINE_CURVE_WITH_KNOTS('',3,(#7647,#7648,#7649,#7650,#7651),
 .UNSPECIFIED.,.F.,.F.,(4,1,4),(0.,0.636836838215762,1.),.UNSPECIFIED.);
#225=B_SPLINE_CURVE_WITH_KNOTS('',3,(#7653,#7654,#7655,#7656),
 .UNSPECIFIED.,.F.,.F.,(4,4),(0.,1.),.UNSPECIFIED.);
#226=B_SPLINE_CURVE_WITH_KNOTS('',3,(#7660,#7661,#7662,#7663),
 .UNSPECIFIED.,.F.,.F.,(4,4),(0.,1.),.UNSPECIFIED.);
#227=B_SPLINE_CURVE_WITH_KNOTS('',3,(#7665,#7666,#7667,#7668),
 .UNSPECIFIED.,.F.,.F.,(4,4),(0.,1.),.UNSPECIFIED.);
#228=B_SPLINE_CURVE_WITH_KNOTS('',3,(#7678,#7679,#7680,#7681,#7682,#7683,
#7684,#7685,#7686,#7687),.UNSPECIFIED.,.F.,.F.,(4,1,1,1,1,1,1,4),(0.,0.0312867996278487,
0.0625735992556985,0.125026933320052,0.250007675736348,0.499948173303491,
0.749974086651746,1.),.UNSPECIFIED.);
#229=B_SPLINE_CURVE_WITH_KNOTS('',3,(#7689,#7690,#7691,#7692,#7693),
 .UNSPECIFIED.,.F.,.F.,(4,1,4),(0.,0.500561825823657,1.),.UNSPECIFIED.);
#230=B_SPLINE_CURVE_WITH_KNOTS('',3,(#7695,#7696,#7697,#7698,#7699,#7700,
#7701,#7702,#7703,#7704,#7705),.UNSPECIFIED.,.F.,.F.,(4,1,1,1,1,1,1,1,4),
(0.,0.0776130768778554,0.250037668900347,0.408203377744117,0.500062812537841,
0.625049891622324,0.750036970706807,0.869372871068617,1.),.UNSPECIFIED.);
#231=B_SPLINE_CURVE_WITH_KNOTS('',3,(#7709,#7710,#7711,#7712,#7713),
 .UNSPECIFIED.,.F.,.F.,(4,1,4),(0.,0.500487930366054,1.),.UNSPECIFIED.);
#232=B_SPLINE_CURVE_WITH_KNOTS('',3,(#7715,#7716,#7717,#7718,#7719,#7720,
#7721,#7722,#7723,#7724),.UNSPECIFIED.,.F.,.F.,(4,1,1,1,1,1,1,4),(0.,0.100860947397439,
0.197673755602676,0.294001990332306,0.393461316845897,0.499347134148377,
0.722429191593712,1.),.UNSPECIFIED.);
#233=B_SPLINE_CURVE_WITH_KNOTS('',3,(#7726,#7727,#7728,#7729,#7730,#7731,
#7732,#7733,#7734),.UNSPECIFIED.,.F.,.F.,(4,1,1,1,1,1,4),(0.,0.195672610202315,
0.373715045917172,0.537946867201661,0.693210246672835,0.84520691296012,
1.),.UNSPECIFIED.);
#234=B_SPLINE_CURVE_WITH_KNOTS('',3,(#7736,#7737,#7738,#7739,#7740,#7741,
#7742,#7743,#7744,#7745,#7746,#7747),.UNSPECIFIED.,.F.,.F.,(4,1,1,1,1,1,
1,1,1,4),(0.,0.118119281013642,0.224551429506098,0.322938397534938,0.417852802567819,
0.514362121533557,0.617298551291756,0.730675462764714,0.857519047933919,
1.),.UNSPECIFIED.);
#235=B_SPLINE_CURVE_WITH_KNOTS('',3,(#7749,#7750,#7751,#7752,#7753),
 .UNSPECIFIED.,.F.,.F.,(4,1,4),(0.,0.500679564943487,1.),.UNSPECIFIED.);
#236=B_SPLINE_CURVE_WITH_KNOTS('',3,(#7755,#7756,#7757,#7758),
 .UNSPECIFIED.,.F.,.F.,(4,4),(0.,1.),.UNSPECIFIED.);
#237=B_SPLINE_CURVE_WITH_KNOTS('',3,(#7760,#7761,#7762,#7763,#7764,#7765,
#7766,#7767,#7768,#7769),.UNSPECIFIED.,.F.,.F.,(4,1,1,1,1,1,1,4),(0.,0.151768305670212,
0.24998203533463,0.38021058074095,0.499789018761838,0.638508815609534,0.804184466906717,
1.),.UNSPECIFIED.);
#238=B_SPLINE_CURVE_WITH_KNOTS('',3,(#7771,#7772,#7773,#7774,#7775,#7776,
#7777,#7778,#7779),.UNSPECIFIED.,.F.,.F.,(4,1,1,1,1,1,4),(0.,0.187225423975338,
0.357655038747049,0.51701731429125,0.672270665974637,0.830915106842036,
1.),.UNSPECIFIED.);
#239=B_SPLINE_CURVE_WITH_KNOTS('',3,(#7781,#7782,#7783,#7784),
 .UNSPECIFIED.,.F.,.F.,(4,4),(0.,1.),.UNSPECIFIED.);
#240=B_SPLINE_CURVE_WITH_KNOTS('',3,(#7786,#7787,#7788,#7789),
 .UNSPECIFIED.,.F.,.F.,(4,4),(0.859096846265311,1.),.UNSPECIFIED.);
#241=B_SPLINE_CURVE_WITH_KNOTS('',3,(#7790,#7791,#7792,#7793),
 .UNSPECIFIED.,.F.,.F.,(4,4),(-0.0200651771590407,-9.9999781594598E-7),
 .UNSPECIFIED.);
#242=B_SPLINE_CURVE_WITH_KNOTS('',3,(#7806,#7807,#7808,#7809,#7810,#7811),
 .UNSPECIFIED.,.F.,.F.,(4,2,4),(-0.0376649106694239,-0.0188324679754113,
0.),.UNSPECIFIED.);
#243=B_SPLINE_CURVE_WITH_KNOTS('',3,(#7819,#7820,#7821,#7822,#7823,#7824),
 .UNSPECIFIED.,.F.,.F.,(4,2,4),(-0.0305325912149437,-0.0152663187749702,
0.),.UNSPECIFIED.);
#244=B_SPLINE_CURVE_WITH_KNOTS('',3,(#7836,#7837,#7838,#7839,#7840,#7841),
 .UNSPECIFIED.,.F.,.F.,(4,2,4),(-0.124406368983177,-0.0622032277392503,
0.),.UNSPECIFIED.);
#245=B_SPLINE_CURVE_WITH_KNOTS('',3,(#7848,#7849,#7850,#7851,#7852,#7853,
#7854,#7855,#7856,#7857,#7858),.UNSPECIFIED.,.F.,.F.,(4,1,1,1,1,1,1,1,4),
(0.,0.0509006302489233,0.108403731634123,0.178938067551893,0.266095005216465,
0.371784760576365,0.49707271034915,0.748536355174574,1.),.UNSPECIFIED.);
#246=B_SPLINE_CURVE_WITH_KNOTS('',3,(#7860,#7861,#7862,#7863,#7864,#7865,
#7866),.UNSPECIFIED.,.F.,.F.,(4,1,1,1,4),(0.,0.266150404027013,0.503582358621478,
0.76275199984145,1.),.UNSPECIFIED.);
#247=B_SPLINE_CURVE_WITH_KNOTS('',3,(#7868,#7869,#7870,#7871,#7872,#7873,
#7874,#7875),.UNSPECIFIED.,.F.,.F.,(4,1,1,1,1,4),(0.,0.182565428227285,
0.346835926775523,0.522809513050216,0.73559074977721,1.),.UNSPECIFIED.);
#248=B_SPLINE_CURVE_WITH_KNOTS('',3,(#7879,#7880,#7881,#7882,#7883,#7884,
#7885,#7886,#7887),.UNSPECIFIED.,.F.,.F.,(4,1,1,1,1,1,4),(0.,0.133508796595445,
0.260266244159183,0.382433838548568,0.502421382012102,0.752562874991221,
1.),.UNSPECIFIED.);
#249=B_SPLINE_CURVE_WITH_KNOTS('',3,(#7889,#7890,#7891,#7892,#7893,#7894,
#7895,#7896,#7897,#7898),.UNSPECIFIED.,.F.,.F.,(4,1,1,1,1,1,1,4),(0.,0.0990019319963425,
0.193004674471896,0.287612480100846,0.388328647710667,0.49975505476562,
0.735811083661797,1.),.UNSPECIFIED.);
#250=B_SPLINE_CURVE_WITH_KNOTS('',3,(#7900,#7901,#7902,#7903,#7904,#7905,
#7906),.UNSPECIFIED.,.F.,.F.,(4,1,1,1,4),(0.,0.287005107659859,0.501723286068167,
0.749990149580337,1.),.UNSPECIFIED.);
#251=B_SPLINE_CURVE_WITH_KNOTS('',3,(#7908,#7909,#7910,#7911,#7912,#7913,
#7914,#7915,#7916,#7917),.UNSPECIFIED.,.F.,.F.,(4,1,1,1,1,1,1,4),(0.,0.0744336757368441,
0.153812369109179,0.248363264278094,0.35145996790104,0.498770425572559,
0.749376181185605,1.),.UNSPECIFIED.);
#252=B_SPLINE_CURVE_WITH_KNOTS('',3,(#7919,#7920,#7921,#7922,#7923,#7924,
#7925),.UNSPECIFIED.,.F.,.F.,(4,1,1,1,4),(0.,0.26705607621827,0.502442649333354,
0.764436219028091,1.),.UNSPECIFIED.);
#253=B_SPLINE_CURVE_WITH_KNOTS('',3,(#7927,#7928,#7929,#7930,#7931,#7932,
#7933,#7934),.UNSPECIFIED.,.F.,.F.,(4,1,1,1,1,4),(0.,0.181861883996819,
0.342695653353586,0.499396819510373,0.715628850684332,1.),.UNSPECIFIED.);
#254=B_SPLINE_CURVE_WITH_KNOTS('',3,(#7938,#7939,#7940,#7941,#7942,#7943,
#7944,#7945),.UNSPECIFIED.,.F.,.F.,(4,1,1,1,1,4),(0.,0.15962968907591,0.324136368959324,
0.500475457588431,0.744135767630888,1.),.UNSPECIFIED.);
#255=B_SPLINE_CURVE_WITH_KNOTS('',3,(#7947,#7948,#7949,#7950,#7951,#7952,
#7953,#7954),.UNSPECIFIED.,.F.,.F.,(4,1,1,1,1,4),(0.,0.163631164497673,
0.327499488817416,0.499128555394321,0.750877110012785,1.),.UNSPECIFIED.);
#256=B_SPLINE_CURVE_WITH_KNOTS('',3,(#7956,#7957,#7958,#7959,#7960,#7961,
#7962,#7963,#7964),.UNSPECIFIED.,.F.,.F.,(4,1,1,1,1,1,4),(0.,0.229197804422775,
0.419590763504716,0.57798017780819,0.71598313661156,0.850602262642131,1.),
 .UNSPECIFIED.);
#257=B_SPLINE_CURVE_WITH_KNOTS('',3,(#7966,#7967,#7968,#7969,#7970),
 .UNSPECIFIED.,.F.,.F.,(4,1,4),(0.,0.499686064970658,1.),.UNSPECIFIED.);
#258=B_SPLINE_CURVE_WITH_KNOTS('',3,(#7974,#7975,#7976,#7977,#7978,#7979,
#7980,#7981,#7982,#7983,#7984,#7985,#7986,#7987,#7988),.UNSPECIFIED.,.F.,
 .F.,(4,1,1,1,1,1,1,1,1,1,1,1,4),(0.,0.0740750436692388,0.124967553526376,
0.171332067054963,0.249961958522468,0.312446044209452,0.37493012989644,
0.432376879621709,0.499923576106572,0.630629508666767,0.749934469766205,
0.874967234883102,1.),.UNSPECIFIED.);
#259=B_SPLINE_CURVE_WITH_KNOTS('',3,(#7992,#7993,#7994,#7995,#7996,#7997,
#7998),.UNSPECIFIED.,.F.,.F.,(4,1,1,1,4),(0.,0.0740821976439473,0.250077376496948,
0.50011489427219,1.),.UNSPECIFIED.);
#260=B_SPLINE_CURVE_WITH_KNOTS('',3,(#8004,#8005,#8006,#8007,#8008),
 .UNSPECIFIED.,.F.,.F.,(4,1,4),(0.,0.498563785711342,1.),.UNSPECIFIED.);
#261=B_SPLINE_CURVE_WITH_KNOTS('',3,(#8022,#8023,#8024,#8025,#8026,#8027,
#8028,#8029,#8030,#8031,#8032),.UNSPECIFIED.,.F.,.F.,(4,1,1,1,1,1,1,1,4),
(0.,0.116244609733974,0.225547597023706,0.332854089457282,0.443377526591754,
0.561907622108967,0.69235509613704,0.83767168144984,1.),.UNSPECIFIED.);
#262=B_SPLINE_CURVE_WITH_KNOTS('',3,(#8034,#8035,#8036,#8037,#8038,#8039,
#8040,#8041,#8042),.UNSPECIFIED.,.F.,.F.,(4,1,1,1,1,1,4),(0.,0.134876808740807,
0.262193277727855,0.383681398539574,0.501330853299044,0.755501623207158,
1.),.UNSPECIFIED.);
#263=B_SPLINE_CURVE_WITH_KNOTS('',3,(#8044,#8045,#8046,#8047,#8048,#8049,
#8050,#8051,#8052,#8053),.UNSPECIFIED.,.F.,.F.,(4,1,1,1,1,1,1,4),(0.,0.10476534840129,
0.202907397413896,0.298575255355789,0.396233895536959,0.500091849786637,
0.729250040910904,1.),.UNSPECIFIED.);
#264=B_SPLINE_CURVE_WITH_KNOTS('',3,(#8054,#8055,#8056,#8057,#8058,#8059,
#8060),.UNSPECIFIED.,.F.,.F.,(4,1,1,1,4),(0.,0.293339910618391,0.502052083005597,
0.752344901286026,1.),.UNSPECIFIED.);
#265=B_SPLINE_CURVE_WITH_KNOTS('',3,(#8063,#8064,#8065,#8066,#8067),
 .UNSPECIFIED.,.F.,.F.,(4,1,4),(0.,0.217159766915481,1.),.UNSPECIFIED.);
#266=B_SPLINE_CURVE_WITH_KNOTS('',3,(#8072,#8073,#8074,#8075),
 .UNSPECIFIED.,.F.,.F.,(4,4),(0.,1.),.UNSPECIFIED.);
#267=B_SPLINE_CURVE_WITH_KNOTS('',3,(#8078,#8079,#8080,#8081),
 .UNSPECIFIED.,.F.,.F.,(4,4),(0.,1.),.UNSPECIFIED.);
#268=B_SPLINE_CURVE_WITH_KNOTS('',3,(#8083,#8084,#8085,#8086),
 .UNSPECIFIED.,.F.,.F.,(4,4),(0.,1.),.UNSPECIFIED.);
#269=B_SPLINE_CURVE_WITH_KNOTS('',3,(#8091,#8092,#8093,#8094,#8095,#8096),
 .UNSPECIFIED.,.F.,.F.,(4,2,4),(-0.0254636799548613,-0.0127318459405568,
0.),.UNSPECIFIED.);
#270=B_SPLINE_CURVE_WITH_KNOTS('',3,(#8103,#8104,#8105,#8106),
 .UNSPECIFIED.,.F.,.F.,(4,4),(0.,1.),.UNSPECIFIED.);
#271=B_SPLINE_CURVE_WITH_KNOTS('',3,(#8108,#8109,#8110,#8111),
 .UNSPECIFIED.,.F.,.F.,(4,4),(0.,1.),.UNSPECIFIED.);
#272=B_SPLINE_CURVE_WITH_KNOTS('',3,(#8112,#8113,#8114,#8115,#8116,#8117),
 .UNSPECIFIED.,.F.,.F.,(4,2,4),(-0.0230918701532684,-0.0115459293398994,
0.),.UNSPECIFIED.);
#273=B_SPLINE_CURVE_WITH_KNOTS('',3,(#8164,#8165,#8166,#8167,#8168,#8169),
 .UNSPECIFIED.,.F.,.F.,(4,2,4),(-0.0376649106693682,-0.0188324679753957,
0.),.UNSPECIFIED.);
#274=B_SPLINE_CURVE_WITH_KNOTS('',3,(#8199,#8200,#8201,#8202,#8203,#8204),
 .UNSPECIFIED.,.F.,.F.,(4,2,4),(-0.0305325912149468,-0.0152663187749719,
0.),.UNSPECIFIED.);
#275=B_SPLINE_CURVE_WITH_KNOTS('',3,(#8249,#8250,#8251,#8252,#8253,#8254),
 .UNSPECIFIED.,.F.,.F.,(4,2,4),(-0.124406368983177,-0.0622032277392503,
0.),.UNSPECIFIED.);
#276=B_SPLINE_CURVE_WITH_KNOTS('',3,(#8286,#8287,#8288,#8289,#8290),
 .UNSPECIFIED.,.F.,.F.,(4,1,4),(0.,0.650891575007116,1.),.UNSPECIFIED.);
#277=B_SPLINE_CURVE_WITH_KNOTS('',3,(#8294,#8295,#8296,#8297,#8298),
 .UNSPECIFIED.,.F.,.F.,(4,1,4),(0.,0.650891575007116,1.),.UNSPECIFIED.);
#278=B_SPLINE_CURVE_WITH_KNOTS('',3,(#8311,#8312,#8313,#8314,#8315),
 .UNSPECIFIED.,.F.,.F.,(4,1,4),(0.,0.559815809217511,1.),.UNSPECIFIED.);
#279=B_SPLINE_CURVE_WITH_KNOTS('',3,(#8317,#8318,#8319,#8320,#8321),
 .UNSPECIFIED.,.F.,.F.,(4,1,4),(0.,0.559815809217511,1.),.UNSPECIFIED.);
#280=B_SPLINE_CURVE_WITH_KNOTS('',3,(#8334,#8335,#8336,#8337,#8338),
 .UNSPECIFIED.,.F.,.F.,(4,1,4),(0.,0.433421381049214,1.),.UNSPECIFIED.);
#281=B_SPLINE_CURVE_WITH_KNOTS('',3,(#8340,#8341,#8342,#8343,#8344),
 .UNSPECIFIED.,.F.,.F.,(4,1,4),(0.,0.433421381049214,1.),.UNSPECIFIED.);
#282=B_SPLINE_CURVE_WITH_KNOTS('',3,(#8357,#8358,#8359,#8360),
 .UNSPECIFIED.,.F.,.F.,(4,4),(0.,0.062214044740122),.UNSPECIFIED.);
#283=B_SPLINE_CURVE_WITH_KNOTS('',3,(#8373,#8374,#8375,#8376,#8377),
 .UNSPECIFIED.,.F.,.F.,(4,1,4),(0.0619722478057053,0.538316549468257,0.82262061014334),
 .UNSPECIFIED.);
#284=B_SPLINE_CURVE_WITH_KNOTS('',3,(#8388,#8389,#8390,#8391),
 .UNSPECIFIED.,.F.,.F.,(4,4),(0.822748969389913,1.),.UNSPECIFIED.);
#285=B_SPLINE_CURVE_WITH_KNOTS('',3,(#8404,#8405,#8406,#8407,#8408),
 .UNSPECIFIED.,.F.,.F.,(4,1,4),(0.,0.513958576989878,1.),.UNSPECIFIED.);
#286=B_SPLINE_CURVE_WITH_KNOTS('',3,(#8423,#8424,#8425,#8426,#8427,#8428),
 .UNSPECIFIED.,.F.,.F.,(4,1,1,4),(0.,0.118780290071877,0.526087111107885,
1.),.UNSPECIFIED.);
#287=B_SPLINE_CURVE_WITH_KNOTS('',3,(#8440,#8441,#8442,#8443,#8444),
 .UNSPECIFIED.,.F.,.F.,(4,1,4),(0.,0.366225159235487,1.),.UNSPECIFIED.);
#288=B_SPLINE_CURVE_WITH_KNOTS('',3,(#8455,#8456,#8457,#8458,#8459),
 .UNSPECIFIED.,.F.,.F.,(4,1,4),(0.,0.355423111351972,1.),.UNSPECIFIED.);
#289=B_SPLINE_CURVE_WITH_KNOTS('',3,(#8460,#8461,#8462,#8463,#8464),
 .UNSPECIFIED.,.F.,.F.,(4,1,4),(0.,0.355423111351972,1.),.UNSPECIFIED.);
#290=B_SPLINE_CURVE_WITH_KNOTS('',3,(#8478,#8479,#8480,#8481),
 .UNSPECIFIED.,.F.,.F.,(4,4),(0.,0.125929585519771),.UNSPECIFIED.);
#291=B_SPLINE_CURVE_WITH_KNOTS('',3,(#8500,#8501,#8502,#8503,#8504,#8505,
#8506,#8507),.UNSPECIFIED.,.F.,.F.,(4,1,1,1,1,4),(0.,0.170501184995707,
0.336585919720901,0.501116045557708,0.766208366292933,1.),.UNSPECIFIED.);
#292=B_SPLINE_CURVE_WITH_KNOTS('',3,(#8559,#8560,#8561,#8562),
 .UNSPECIFIED.,.F.,.F.,(4,4),(0.,1.),.UNSPECIFIED.);
#293=B_SPLINE_CURVE_WITH_KNOTS('',3,(#8575,#8576,#8577,#8578,#8579),
 .UNSPECIFIED.,.F.,.F.,(4,1,4),(0.,0.49298870265966,1.),.UNSPECIFIED.);
#294=B_SPLINE_CURVE_WITH_KNOTS('',3,(#8633,#8634,#8635,#8636,#8637),
 .UNSPECIFIED.,.F.,.F.,(4,1,4),(0.,0.636836838215762,1.),.UNSPECIFIED.);
#295=B_SPLINE_CURVE_WITH_KNOTS('',3,(#8648,#8649,#8650,#8651),
 .UNSPECIFIED.,.F.,.F.,(4,4),(0.,1.),.UNSPECIFIED.);
#296=B_SPLINE_CURVE_WITH_KNOTS('',3,(#8666,#8667,#8668,#8669),
 .UNSPECIFIED.,.F.,.F.,(4,4),(0.,1.),.UNSPECIFIED.);
#297=B_SPLINE_CURVE_WITH_KNOTS('',3,(#8680,#8681,#8682,#8683),
 .UNSPECIFIED.,.F.,.F.,(4,4),(0.,1.),.UNSPECIFIED.);
#298=B_SPLINE_CURVE_WITH_KNOTS('',3,(#8736,#8737,#8738,#8739,#8740,#8741,
#8742,#8743,#8744,#8745),.UNSPECIFIED.,.F.,.F.,(4,1,1,1,1,1,1,4),(0.,0.0312867996278487,
0.0625735992556985,0.125026933320052,0.250007675736348,0.499948173303491,
0.749974086651746,1.),.UNSPECIFIED.);
#299=B_SPLINE_CURVE_WITH_KNOTS('',3,(#8758,#8759,#8760,#8761,#8762),
 .UNSPECIFIED.,.F.,.F.,(4,1,4),(0.,0.500561825823657,1.),.UNSPECIFIED.);
#300=B_SPLINE_CURVE_WITH_KNOTS('',3,(#8787,#8788,#8789,#8790,#8791,#8792,
#8793,#8794,#8795,#8796,#8797),.UNSPECIFIED.,.F.,.F.,(4,1,1,1,1,1,1,1,4),
(0.,0.0776130768778554,0.250037668900347,0.408203377744117,0.500062812537841,
0.625049891622324,0.750036970706807,0.869372871068617,1.),.UNSPECIFIED.);
#301=B_SPLINE_CURVE_WITH_KNOTS('',3,(#8814,#8815,#8816,#8817,#8818),
 .UNSPECIFIED.,.F.,.F.,(4,1,4),(0.,0.500487930366054,1.),.UNSPECIFIED.);
#302=B_SPLINE_CURVE_WITH_KNOTS('',3,(#8841,#8842,#8843,#8844,#8845,#8846,
#8847,#8848,#8849,#8850),.UNSPECIFIED.,.F.,.F.,(4,1,1,1,1,1,1,4),(0.,0.100860947397439,
0.197673755602676,0.294001990332306,0.393461316845897,0.499347134148377,
0.722429191593712,1.),.UNSPECIFIED.);
#303=B_SPLINE_CURVE_WITH_KNOTS('',3,(#8871,#8872,#8873,#8874,#8875,#8876,
#8877,#8878,#8879),.UNSPECIFIED.,.F.,.F.,(4,1,1,1,1,1,4),(0.,0.195672610202315,
0.373715045917172,0.537946867201661,0.693210246672835,0.84520691296012,
1.),.UNSPECIFIED.);
#304=B_SPLINE_CURVE_WITH_KNOTS('',3,(#8906,#8907,#8908,#8909,#8910,#8911,
#8912,#8913,#8914,#8915,#8916,#8917),.UNSPECIFIED.,.F.,.F.,(4,1,1,1,1,1,
1,1,1,4),(0.,0.118119281013642,0.224551429506098,0.322938397534938,0.417852802567819,
0.514362121533557,0.617298551291756,0.730675462764714,0.857519047933919,
1.),.UNSPECIFIED.);
#305=B_SPLINE_CURVE_WITH_KNOTS('',3,(#8930,#8931,#8932,#8933,#8934),
 .UNSPECIFIED.,.F.,.F.,(4,1,4),(0.,0.500679564943487,1.),.UNSPECIFIED.);
#306=B_SPLINE_CURVE_WITH_KNOTS('',3,(#8945,#8946,#8947,#8948),
 .UNSPECIFIED.,.F.,.F.,(4,4),(0.,1.),.UNSPECIFIED.);
#307=B_SPLINE_CURVE_WITH_KNOTS('',3,(#8971,#8972,#8973,#8974,#8975,#8976,
#8977,#8978,#8979,#8980),.UNSPECIFIED.,.F.,.F.,(4,1,1,1,1,1,1,4),(0.,0.151768305670212,
0.24998203533463,0.38021058074095,0.499789018761838,0.638508815609534,0.804184466906717,
1.),.UNSPECIFIED.);
#308=B_SPLINE_CURVE_WITH_KNOTS('',3,(#9001,#9002,#9003,#9004,#9005,#9006,
#9007,#9008,#9009),.UNSPECIFIED.,.F.,.F.,(4,1,1,1,1,1,4),(0.,0.187225423975338,
0.357655038747049,0.51701731429125,0.672270665974637,0.830915106842036,
1.),.UNSPECIFIED.);
#309=B_SPLINE_CURVE_WITH_KNOTS('',3,(#9020,#9021,#9022,#9023),
 .UNSPECIFIED.,.F.,.F.,(4,4),(0.,1.),.UNSPECIFIED.);
#310=B_SPLINE_CURVE_WITH_KNOTS('',3,(#9034,#9035,#9036,#9037),
 .UNSPECIFIED.,.F.,.F.,(4,4),(0.859096846265311,1.),.UNSPECIFIED.);
#311=B_SPLINE_CURVE_WITH_KNOTS('',3,(#9055,#9056,#9057,#9058,#9059,#9060,
#9061),.UNSPECIFIED.,.F.,.F.,(4,1,1,1,4),(0.,0.161878164402109,0.376274591681949,
0.654006248695573,1.),.UNSPECIFIED.);
#312=B_SPLINE_CURVE_WITH_KNOTS('',3,(#9065,#9066,#9067,#9068,#9069,#9070,
#9071),.UNSPECIFIED.,.F.,.F.,(4,1,1,1,4),(0.,0.161878164402109,0.376274591681949,
0.654006248695573,1.),.UNSPECIFIED.);
#313=B_SPLINE_CURVE_WITH_KNOTS('',3,(#9092,#9093,#9094,#9095,#9096,#9097,
#9098,#9099,#9100),.UNSPECIFIED.,.F.,.F.,(4,1,1,1,1,1,4),(0.,0.250974275008381,
0.501948550016761,0.686822957556738,0.826966346244594,0.927068020075439,
1.),.UNSPECIFIED.);
#314=B_SPLINE_CURVE_WITH_KNOTS('',3,(#9102,#9103,#9104,#9105,#9106,#9107,
#9108,#9109,#9110),.UNSPECIFIED.,.F.,.F.,(4,1,1,1,1,1,4),(0.,0.250974275008381,
0.501948550016761,0.686822957556738,0.826966346244594,0.927068020075439,
1.),.UNSPECIFIED.);
#315=B_SPLINE_CURVE_WITH_KNOTS('',3,(#9123,#9124,#9125,#9126,#9127),
 .UNSPECIFIED.,.F.,.F.,(4,1,4),(0.,0.500000358632983,1.),.UNSPECIFIED.);
#316=B_SPLINE_CURVE_WITH_KNOTS('',3,(#9129,#9130,#9131,#9132,#9133),
 .UNSPECIFIED.,.F.,.F.,(4,1,4),(0.,0.500000358632983,1.),.UNSPECIFIED.);
#317=B_SPLINE_CURVE_WITH_KNOTS('',3,(#9153,#9154,#9155,#9156,#9157,#9158,
#9159,#9160),.UNSPECIFIED.,.F.,.F.,(4,1,1,1,1,4),(0.,0.155957107455819,
0.319769763399086,0.499539890808683,0.770450902319557,1.),.UNSPECIFIED.);
#318=B_SPLINE_CURVE_WITH_KNOTS('',3,(#9164,#9165,#9166,#9167,#9168,#9169,
#9170,#9171),.UNSPECIFIED.,.F.,.F.,(4,1,1,1,1,4),(0.,0.155957107455819,
0.319769763399086,0.499539890808683,0.770450902319557,1.),.UNSPECIFIED.);
#319=B_SPLINE_CURVE_WITH_KNOTS('',3,(#9213,#9214,#9215,#9216,#9217,#9218,
#9219,#9220,#9221,#9222),.UNSPECIFIED.,.F.,.F.,(4,1,1,1,1,1,1,4),(0.,0.0841593719440066,
0.17214087084811,0.268713012185359,0.377520653852454,0.501130998716841,
0.719935607163338,1.),.UNSPECIFIED.);
#320=B_SPLINE_CURVE_WITH_KNOTS('',3,(#9224,#9225,#9226,#9227,#9228,#9229,
#9230,#9231,#9232,#9233),.UNSPECIFIED.,.F.,.F.,(4,1,1,1,1,1,1,4),(0.,0.0841593719440066,
0.17214087084811,0.268713012185359,0.377520653852454,0.501130998716841,
0.719935607163338,1.),.UNSPECIFIED.);
#321=B_SPLINE_CURVE_WITH_KNOTS('',3,(#9245,#9246,#9247,#9248),
 .UNSPECIFIED.,.F.,.F.,(4,4),(0.,1.),.UNSPECIFIED.);
#322=B_SPLINE_CURVE_WITH_KNOTS('',3,(#9252,#9253,#9254,#9255),
 .UNSPECIFIED.,.F.,.F.,(4,4),(0.,1.),.UNSPECIFIED.);
#323=B_SPLINE_CURVE_WITH_KNOTS('',3,(#9266,#9267,#9268,#9269,#9270,#9271),
 .UNSPECIFIED.,.F.,.F.,(4,2,4),(-0.0233125318469167,-0.0116562718554226,
0.),.UNSPECIFIED.);
#324=B_SPLINE_CURVE_WITH_KNOTS('',3,(#9273,#9274,#9275,#9276,#9277,#9278),
 .UNSPECIFIED.,.F.,.F.,(4,2,4),(-0.0233125318470742,-0.0116562718554814,
0.),.UNSPECIFIED.);
#325=B_SPLINE_CURVE_WITH_KNOTS('',3,(#9324,#9325,#9326,#9327,#9328,#9329,
#9330,#9331,#9332,#9333,#9334),.UNSPECIFIED.,.F.,.F.,(4,1,1,1,1,1,1,1,4),
(0.,0.0509006302489233,0.108403731634123,0.178938067551893,0.266095005216465,
0.371784760576365,0.49707271034915,0.748536355174574,1.),.UNSPECIFIED.);
#326=B_SPLINE_CURVE_WITH_KNOTS('',3,(#9351,#9352,#9353,#9354,#9355,#9356,
#9357),.UNSPECIFIED.,.F.,.F.,(4,1,1,1,4),(0.,0.266150404027013,0.503582358621478,
0.76275199984145,1.),.UNSPECIFIED.);
#327=B_SPLINE_CURVE_WITH_KNOTS('',3,(#9376,#9377,#9378,#9379,#9380,#9381,
#9382,#9383),.UNSPECIFIED.,.F.,.F.,(4,1,1,1,1,4),(0.,0.182565428227285,
0.346835926775523,0.522809513050216,0.73559074977721,1.),.UNSPECIFIED.);
#328=B_SPLINE_CURVE_WITH_KNOTS('',3,(#9415,#9416,#9417,#9418,#9419,#9420,
#9421,#9422,#9423),.UNSPECIFIED.,.F.,.F.,(4,1,1,1,1,1,4),(0.,0.133508796595445,
0.260266244159183,0.382433838548568,0.502421382012102,0.752562874991221,
1.),.UNSPECIFIED.);
#329=B_SPLINE_CURVE_WITH_KNOTS('',3,(#9446,#9447,#9448,#9449,#9450,#9451,
#9452,#9453,#9454,#9455),.UNSPECIFIED.,.F.,.F.,(4,1,1,1,1,1,1,4),(0.,0.0990019319963425,
0.193004674471896,0.287612480100846,0.388328647710667,0.49975505476562,
0.735811083661797,1.),.UNSPECIFIED.);
#330=B_SPLINE_CURVE_WITH_KNOTS('',3,(#9472,#9473,#9474,#9475,#9476,#9477,
#9478),.UNSPECIFIED.,.F.,.F.,(4,1,1,1,4),(0.,0.287005107659859,0.501723286068167,
0.749990149580337,1.),.UNSPECIFIED.);
#331=B_SPLINE_CURVE_WITH_KNOTS('',3,(#9501,#9502,#9503,#9504,#9505,#9506,
#9507,#9508,#9509,#9510),.UNSPECIFIED.,.F.,.F.,(4,1,1,1,1,1,1,4),(0.,0.0744336757368441,
0.153812369109179,0.248363264278094,0.35145996790104,0.498770425572559,
0.749376181185605,1.),.UNSPECIFIED.);
#332=B_SPLINE_CURVE_WITH_KNOTS('',3,(#9527,#9528,#9529,#9530,#9531,#9532,
#9533),.UNSPECIFIED.,.F.,.F.,(4,1,1,1,4),(0.,0.26705607621827,0.502442649333354,
0.764436219028091,1.),.UNSPECIFIED.);
#333=B_SPLINE_CURVE_WITH_KNOTS('',3,(#9552,#9553,#9554,#9555,#9556,#9557,
#9558,#9559),.UNSPECIFIED.,.F.,.F.,(4,1,1,1,1,4),(0.,0.181861883996819,
0.342695653353586,0.499396819510373,0.715628850684332,1.),.UNSPECIFIED.);
#334=B_SPLINE_CURVE_WITH_KNOTS('',3,(#9589,#9590,#9591,#9592,#9593,#9594,
#9595,#9596),.UNSPECIFIED.,.F.,.F.,(4,1,1,1,1,4),(0.,0.15962968907591,0.324136368959324,
0.500475457588431,0.744135767630888,1.),.UNSPECIFIED.);
#335=B_SPLINE_CURVE_WITH_KNOTS('',3,(#9615,#9616,#9617,#9618,#9619,#9620,
#9621,#9622),.UNSPECIFIED.,.F.,.F.,(4,1,1,1,1,4),(0.,0.163631164497673,
0.327499488817416,0.499128555394321,0.750877110012785,1.),.UNSPECIFIED.);
#336=B_SPLINE_CURVE_WITH_KNOTS('',3,(#9643,#9644,#9645,#9646,#9647,#9648,
#9649,#9650,#9651),.UNSPECIFIED.,.F.,.F.,(4,1,1,1,1,1,4),(0.,0.229197804422775,
0.419590763504716,0.57798017780819,0.71598313661156,0.850602262642131,1.),
 .UNSPECIFIED.);
#337=B_SPLINE_CURVE_WITH_KNOTS('',3,(#9664,#9665,#9666,#9667,#9668),
 .UNSPECIFIED.,.F.,.F.,(4,1,4),(0.,0.499686064970658,1.),.UNSPECIFIED.);
#338=B_SPLINE_CURVE_WITH_KNOTS('',3,(#9705,#9706,#9707,#9708,#9709,#9710,
#9711,#9712,#9713,#9714,#9715,#9716,#9717,#9718,#9719),.UNSPECIFIED.,.F.,
 .F.,(4,1,1,1,1,1,1,1,1,1,1,1,4),(0.,0.0740750436692388,0.124967553526376,
0.171332067054963,0.249961958522468,0.312446044209452,0.37493012989644,
0.432376879621709,0.499923576106572,0.630629508666767,0.749934469766205,
0.874967234883102,1.),.UNSPECIFIED.);
#339=B_SPLINE_CURVE_WITH_KNOTS('',3,(#9747,#9748,#9749,#9750,#9751,#9752,
#9753),.UNSPECIFIED.,.F.,.F.,(4,1,1,1,4),(0.,0.0740821976439473,0.250077376496948,
0.50011489427219,1.),.UNSPECIFIED.);
#340=B_SPLINE_CURVE_WITH_KNOTS('',3,(#9781,#9782,#9783,#9784,#9785),
 .UNSPECIFIED.,.F.,.F.,(4,1,4),(0.,0.498563785711342,1.),.UNSPECIFIED.);
#341=B_SPLINE_CURVE_WITH_KNOTS('',3,(#9855,#9856,#9857,#9858,#9859,#9860,
#9861,#9862,#9863,#9864,#9865),.UNSPECIFIED.,.F.,.F.,(4,1,1,1,1,1,1,1,4),
(0.,0.116244609733974,0.225547597023706,0.332854089457282,0.443377526591754,
0.561907622108967,0.69235509613704,0.83767168144984,1.),.UNSPECIFIED.);
#342=B_SPLINE_CURVE_WITH_KNOTS('',3,(#9886,#9887,#9888,#9889,#9890,#9891,
#9892,#9893,#9894),.UNSPECIFIED.,.F.,.F.,(4,1,1,1,1,1,4),(0.,0.134876808740807,
0.262193277727855,0.383681398539574,0.501330853299044,0.755501623207158,
1.),.UNSPECIFIED.);
#343=B_SPLINE_CURVE_WITH_KNOTS('',3,(#9917,#9918,#9919,#9920,#9921,#9922,
#9923,#9924,#9925,#9926),.UNSPECIFIED.,.F.,.F.,(4,1,1,1,1,1,1,4),(0.,0.10476534840129,
0.202907397413896,0.298575255355789,0.396233895536959,0.500091849786637,
0.729250040910904,1.),.UNSPECIFIED.);
#344=B_SPLINE_CURVE_WITH_KNOTS('',3,(#9950,#9951,#9952,#9953,#9954,#9955,
#9956,#9957,#9958,#9959),.UNSPECIFIED.,.F.,.F.,(4,1,1,1,1,1,1,4),(0.,0.254618494003869,
0.40118389450569,0.594472480810359,0.749481487996967,0.866942532929328,
0.948602755183084,1.),.UNSPECIFIED.);
#345=B_SPLINE_CURVE_WITH_KNOTS('',3,(#9963,#9964,#9965,#9966,#9967,#9968,
#9969,#9970,#9971,#9972),.UNSPECIFIED.,.F.,.F.,(4,1,1,1,1,1,1,4),(0.,0.254618494003869,
0.40118389450569,0.594472480810359,0.749481487996967,0.866942532929328,
0.948602755183084,1.),.UNSPECIFIED.);
#346=B_SPLINE_CURVE_WITH_KNOTS('',3,(#9989,#9990,#9991,#9992,#9993,#9994,
#9995),.UNSPECIFIED.,.F.,.F.,(4,1,1,1,4),(0.,0.256231029220682,0.484891233141146,
0.721911257044737,1.),.UNSPECIFIED.);
#347=B_SPLINE_CURVE_WITH_KNOTS('',3,(#9997,#9998,#9999,#10000,#10001,#10002,
#10003),.UNSPECIFIED.,.F.,.F.,(4,1,1,1,4),(0.,0.256231029220682,0.484891233141146,
0.721911257044737,1.),.UNSPECIFIED.);
#348=B_SPLINE_CURVE_WITH_KNOTS('',3,(#10017,#10018,#10019,#10020,#10021,
#10022),.UNSPECIFIED.,.F.,.F.,(4,1,1,4),(0.,0.427740655537438,0.734809281633741,
1.),.UNSPECIFIED.);
#349=B_SPLINE_CURVE_WITH_KNOTS('',3,(#10023,#10024,#10025,#10026,#10027,
#10028),.UNSPECIFIED.,.F.,.F.,(4,1,1,4),(0.,0.427740655537438,0.734809281633741,
1.),.UNSPECIFIED.);
#350=B_SPLINE_CURVE_WITH_KNOTS('',3,(#10043,#10044,#10045,#10046,#10047,
#10048,#10049),.UNSPECIFIED.,.F.,.F.,(4,1,1,1,4),(0.,0.250510789779577,
0.500863954266838,0.759719744171826,1.),.UNSPECIFIED.);
#351=B_SPLINE_CURVE_WITH_KNOTS('',3,(#10050,#10051,#10052,#10053,#10054,
#10055,#10056),.UNSPECIFIED.,.F.,.F.,(4,1,1,1,4),(0.,0.250510789779577,
0.500863954266838,0.759719744171826,1.),.UNSPECIFIED.);
#352=B_SPLINE_CURVE_WITH_KNOTS('',3,(#10065,#10066,#10067,#10068),
 .UNSPECIFIED.,.F.,.F.,(4,4),(0.,1.),.UNSPECIFIED.);
#353=B_SPLINE_CURVE_WITH_KNOTS('',3,(#10069,#10070,#10071,#10072),
 .UNSPECIFIED.,.F.,.F.,(4,4),(0.,1.),.UNSPECIFIED.);
#354=B_SPLINE_CURVE_WITH_KNOTS('',3,(#10087,#10088,#10089,#10090,#10091,
#10092,#10093),.UNSPECIFIED.,.F.,.F.,(4,1,1,1,4),(0.,0.293339910618391,
0.502052083005597,0.752344901286026,1.),.UNSPECIFIED.);
#355=B_SPLINE_CURVE_WITH_KNOTS('',3,(#10110,#10111,#10112,#10113,#10114,
#10115,#10116,#10117),.UNSPECIFIED.,.F.,.F.,(4,1,1,1,1,4),(0.,0.158040621251959,
0.311369020817144,0.490855957867573,0.716897381817427,1.),.UNSPECIFIED.);
#356=B_SPLINE_CURVE_WITH_KNOTS('',3,(#10118,#10119,#10120,#10121,#10122,
#10123,#10124,#10125),.UNSPECIFIED.,.F.,.F.,(4,1,1,1,1,4),(0.,0.158040621251959,
0.311369020817144,0.490855957867573,0.716897381817427,1.),.UNSPECIFIED.);
#357=B_SPLINE_CURVE_WITH_KNOTS('',3,(#10134,#10135,#10136,#10137),
 .UNSPECIFIED.,.F.,.F.,(4,4),(-0.020065177104011,-1.00001409926789E-6),
 .UNSPECIFIED.);
#358=B_SPLINE_CURVE_WITH_KNOTS('',3,(#10169,#10170,#10171,#10172),
 .UNSPECIFIED.,.F.,.F.,(4,4),(0.,1.),.UNSPECIFIED.);
#359=B_SPLINE_CURVE_WITH_KNOTS('',3,(#10184,#10185,#10186,#10187),
 .UNSPECIFIED.,.F.,.F.,(4,4),(0.,1.),.UNSPECIFIED.);
#360=B_SPLINE_CURVE_WITH_KNOTS('',3,(#10191,#10192,#10193,#10194),
 .UNSPECIFIED.,.F.,.F.,(4,4),(0.,1.),.UNSPECIFIED.);
#361=B_SPLINE_CURVE_WITH_KNOTS('',3,(#10205,#10206,#10207,#10208),
 .UNSPECIFIED.,.F.,.F.,(4,4),(0.,1.),.UNSPECIFIED.);
#362=B_SPLINE_CURVE_WITH_KNOTS('',3,(#10210,#10211,#10212,#10213),
 .UNSPECIFIED.,.F.,.F.,(4,4),(0.,1.),.UNSPECIFIED.);
#363=B_SPLINE_CURVE_WITH_KNOTS('',3,(#10223,#10224,#10225,#10226),
 .UNSPECIFIED.,.F.,.F.,(4,4),(0.,1.),.UNSPECIFIED.);
#364=B_SPLINE_CURVE_WITH_KNOTS('',3,(#10227,#10228,#10229,#10230),
 .UNSPECIFIED.,.F.,.F.,(4,4),(0.,1.),.UNSPECIFIED.);
#365=B_SPLINE_CURVE_WITH_KNOTS('',3,(#10241,#10242,#10243,#10244,#10245),
 .UNSPECIFIED.,.F.,.F.,(4,1,4),(0.,0.217159766915481,1.),.UNSPECIFIED.);
#366=B_SPLINE_CURVE_WITH_KNOTS('',3,(#10258,#10259,#10260,#10261),
 .UNSPECIFIED.,.F.,.F.,(4,4),(0.,1.),.UNSPECIFIED.);
#367=B_SPLINE_CURVE_WITH_KNOTS('',3,(#10265,#10266,#10267,#10268),
 .UNSPECIFIED.,.F.,.F.,(4,4),(0.,1.),.UNSPECIFIED.);
#368=B_SPLINE_CURVE_WITH_KNOTS('',3,(#10279,#10280,#10281,#10282),
 .UNSPECIFIED.,.F.,.F.,(4,4),(0.,1.),.UNSPECIFIED.);
#369=B_SPLINE_CURVE_WITH_KNOTS('',3,(#10284,#10285,#10286,#10287),
 .UNSPECIFIED.,.F.,.F.,(4,4),(0.,1.),.UNSPECIFIED.);
#370=B_SPLINE_CURVE_WITH_KNOTS('',3,(#10304,#10305,#10306,#10307),
 .UNSPECIFIED.,.F.,.F.,(4,4),(0.,1.),.UNSPECIFIED.);
#371=B_SPLINE_CURVE_WITH_KNOTS('',3,(#10309,#10310,#10311,#10312),
 .UNSPECIFIED.,.F.,.F.,(4,4),(0.,1.),.UNSPECIFIED.);
#372=B_SPLINE_CURVE_WITH_KNOTS('',3,(#10336,#10337,#10338,#10339),
 .UNSPECIFIED.,.F.,.F.,(4,4),(0.,1.),.UNSPECIFIED.);
#373=B_SPLINE_CURVE_WITH_KNOTS('',3,(#10350,#10351,#10352,#10353),
 .UNSPECIFIED.,.F.,.F.,(4,4),(0.,1.),.UNSPECIFIED.);
#374=B_SPLINE_CURVE_WITH_KNOTS('',3,(#10364,#10365,#10366,#10367,#10368,
#10369),.UNSPECIFIED.,.F.,.F.,(4,2,4),(-0.0230918701521217,-0.0115459293394616,
0.),.UNSPECIFIED.);
#375=B_SPLINE_CURVE_WITH_KNOTS('',3,(#10381,#10382,#10383,#10384),
 .UNSPECIFIED.,.F.,.F.,(4,4),(0.,1.),.UNSPECIFIED.);
#376=B_SPLINE_CURVE_WITH_KNOTS('',3,(#10385,#10386,#10387,#10388),
 .UNSPECIFIED.,.F.,.F.,(4,4),(0.,1.),.UNSPECIFIED.);
#377=B_SPLINE_CURVE_WITH_KNOTS('',3,(#10401,#10402,#10403,#10404),
 .UNSPECIFIED.,.F.,.F.,(4,4),(0.,1.),.UNSPECIFIED.);
#378=B_SPLINE_CURVE_WITH_KNOTS('',3,(#10408,#10409,#10410,#10411),
 .UNSPECIFIED.,.F.,.F.,(4,4),(0.,1.),.UNSPECIFIED.);
#379=B_SPLINE_CURVE_WITH_KNOTS('',3,(#10422,#10423,#10424,#10425),
 .UNSPECIFIED.,.F.,.F.,(4,4),(0.,1.),.UNSPECIFIED.);
#380=B_SPLINE_CURVE_WITH_KNOTS('',3,(#10427,#10428,#10429,#10430),
 .UNSPECIFIED.,.F.,.F.,(4,4),(0.,1.),.UNSPECIFIED.);
#381=B_SPLINE_CURVE_WITH_KNOTS('',3,(#10447,#10448,#10449,#10450),
 .UNSPECIFIED.,.F.,.F.,(4,4),(0.,1.),.UNSPECIFIED.);
#382=B_SPLINE_CURVE_WITH_KNOTS('',3,(#10452,#10453,#10454,#10455),
 .UNSPECIFIED.,.F.,.F.,(4,4),(0.,1.),.UNSPECIFIED.);
#383=B_SPLINE_CURVE_WITH_KNOTS('',3,(#10468,#10469,#10470,#10471),
 .UNSPECIFIED.,.F.,.F.,(4,4),(0.,1.),.UNSPECIFIED.);
#384=B_SPLINE_CURVE_WITH_KNOTS('',3,(#10497,#10498,#10499,#10500,#10501,
#10502),.UNSPECIFIED.,.F.,.F.,(4,2,4),(-0.0254636799548613,-0.0127318459405568,
0.),.UNSPECIFIED.);
#385=B_SPLINE_CURVE_WITH_KNOTS('',3,(#10512,#10513,#10514,#10515),
 .UNSPECIFIED.,.F.,.F.,(4,4),(0.,1.),.UNSPECIFIED.);
#386=B_SPLINE_CURVE_WITH_KNOTS('',3,(#10524,#10525,#10526,#10527),
 .UNSPECIFIED.,.F.,.F.,(4,4),(0.,1.),.UNSPECIFIED.);
#387=B_SPLINE_CURVE_WITH_KNOTS('',3,(#10528,#10529,#10530,#10531),
 .UNSPECIFIED.,.F.,.F.,(4,4),(0.,1.),.UNSPECIFIED.);
#388=B_SPLINE_CURVE_WITH_KNOTS('',3,(#10559,#10560,#10561,#10562,#10563,
#10564,#10565,#10566,#10567,#10568,#10569),.UNSPECIFIED.,.F.,.F.,(4,1,1,
1,1,1,1,1,4),(0.,0.106391313765763,0.222360470553698,0.348266356327889,
0.483317546499321,0.620890007614776,0.750645273157816,0.877863346811038,
1.),.UNSPECIFIED.);
#389=B_SPLINE_CURVE_WITH_KNOTS('',3,(#10594,#10595,#10596,#10597,#10598,
#10599,#10600,#10601,#10602,#10603,#10604),.UNSPECIFIED.,.F.,.F.,(4,1,1,
1,1,1,1,1,4),(0.,0.105101509705151,0.212521463329296,0.322873575430661,
0.437236128770181,0.559676738991237,0.693325431100033,0.8389853441342,1.),
 .UNSPECIFIED.);
#390=B_SPLINE_CURVE_WITH_KNOTS('',3,(#10629,#10630,#10631,#10632,#10633,
#10634,#10635,#10636,#10637,#10638,#10639),.UNSPECIFIED.,.F.,.F.,(4,1,1,
1,1,1,1,1,4),(0.,0.134715198632582,0.264585316702455,0.390858859237267,
0.514892986287181,0.637670582927027,0.758318152652839,0.878687644844531,
1.),.UNSPECIFIED.);
#391=B_SPLINE_CURVE_WITH_KNOTS('',3,(#10664,#10665,#10666,#10667,#10668,
#10669,#10670,#10671,#10672,#10673,#10674),.UNSPECIFIED.,.F.,.F.,(4,1,1,
1,1,1,1,1,4),(0.,0.119025329668562,0.237020974850877,0.356392801299679,
0.477886604652417,0.602799412741238,0.7309998398672,0.862680391855942,1.),
 .UNSPECIFIED.);
#392=B_SPLINE_CURVE_WITH_KNOTS('',3,(#10699,#10700,#10701,#10702,#10703,
#10704,#10705,#10706,#10707,#10708,#10709),.UNSPECIFIED.,.F.,.F.,(4,1,1,
1,1,1,1,1,4),(0.,0.135668816440893,0.270966005823629,0.4062695024736,0.542133173226809,
0.672857473925322,0.792338395916377,0.901401557877558,1.),.UNSPECIFIED.);
#393=B_SPLINE_CURVE_WITH_KNOTS('',3,(#10742,#10743,#10744,#10745,#10746,
#10747,#10748,#10749,#10750,#10751,#10752),.UNSPECIFIED.,.F.,.F.,(4,1,1,
1,1,1,1,1,4),(0.,0.116214930699672,0.237554683067202,0.363857166499135,
0.496087562580038,0.628484242957442,0.755759545512461,0.87957950142053,
1.),.UNSPECIFIED.);
#394=B_SPLINE_CURVE_WITH_KNOTS('',3,(#10777,#10778,#10779,#10780,#10781,
#10782,#10783,#10784,#10785,#10786,#10787),.UNSPECIFIED.,.F.,.F.,(4,1,1,
1,1,1,1,1,4),(0.,0.118935398058731,0.242770789637084,0.371106624018145,
0.506787153170295,0.640613569789644,0.765129655738742,0.885467703612444,
1.),.UNSPECIFIED.);
#395=B_SPLINE_CURVE_WITH_KNOTS('',3,(#10812,#10813,#10814,#10815,#10816,
#10817,#10818,#10819,#10820,#10821,#10822),.UNSPECIFIED.,.F.,.F.,(4,1,1,
1,1,1,1,1,4),(0.,0.120635261487965,0.237300232372533,0.351067218657795,
0.46402938109752,0.581070905933506,0.708894267135505,0.84828319650439,1.),
 .UNSPECIFIED.);
#396=B_SPLINE_CURVE_WITH_KNOTS('',3,(#10847,#10848,#10849,#10850,#10851,
#10852,#10853,#10854,#10855,#10856,#10857),.UNSPECIFIED.,.F.,.F.,(4,1,1,
1,1,1,1,1,4),(0.,0.157551099488494,0.302046350812011,0.434993988809088,
0.55814738409998,0.673305075829706,0.78435496110843,0.892630191114159,1.),
 .UNSPECIFIED.);
#397=B_SPLINE_CURVE_WITH_KNOTS('',3,(#10878,#10879,#10880,#10881,#10882,
#10883,#10884,#10885,#10886),.UNSPECIFIED.,.F.,.F.,(4,1,1,1,1,1,4),(0.,
0.108653713998502,0.220576032114702,0.33827494293582,0.460970484303568,
0.721890617820885,1.),.UNSPECIFIED.);
#398=B_SPLINE_CURVE_WITH_KNOTS('',3,(#10939,#10940,#10941,#10942,#10943,
#10944,#10945,#10946,#10947,#10948,#10949,#10950,#10951,#10952,#10953,#10954,
#10955,#10956,#10957),.UNSPECIFIED.,.F.,.F.,(4,1,1,1,1,1,1,1,1,1,1,1,1,
1,1,1,4),(0.,0.0768611280698105,0.150060605059774,0.220492663113989,0.287201249682859,
0.351363906450362,0.413267791735727,0.473555429678488,0.532540835512666,
0.589944209447175,0.6456532844295,0.701396075945956,0.757224939428337,0.813969912120704,
0.873022525719231,0.93473726730756,1.),.UNSPECIFIED.);
#399=B_SPLINE_CURVE_WITH_KNOTS('',3,(#10982,#10983,#10984,#10985,#10986,
#10987,#10988,#10989,#10990,#10991,#10992),.UNSPECIFIED.,.F.,.F.,(4,1,1,
1,1,1,1,1,4),(0.,0.138132278052638,0.267851985147851,0.394078077083695,
0.516253279509507,0.637301063779143,0.756472794111294,0.876611026442357,
1.),.UNSPECIFIED.);
#400=B_SPLINE_CURVE_WITH_KNOTS('',3,(#11013,#11014,#11015,#11016,#11017,
#11018,#11019,#11020,#11021),.UNSPECIFIED.,.F.,.F.,(4,1,1,1,1,1,4),(0.,
0.118765506596623,0.235900051131266,0.352730067086871,0.470945809960493,
0.721863316565239,1.),.UNSPECIFIED.);
#401=B_SPLINE_CURVE_WITH_KNOTS('',3,(#11046,#11047,#11048,#11049,#11050,
#11051,#11052,#11053,#11054,#11055,#11056),.UNSPECIFIED.,.F.,.F.,(4,1,1,
1,1,1,1,1,4),(0.,0.111632987514571,0.227459813577148,0.349011106487861,
0.475697258378212,0.605948355514675,0.736466347530907,0.867536923163374,
1.),.UNSPECIFIED.);
#402=B_SPLINE_CURVE_WITH_KNOTS('',3,(#11089,#11090,#11091,#11092,#11093,
#11094,#11095,#11096,#11097,#11098,#11099),.UNSPECIFIED.,.F.,.F.,(4,1,1,
1,1,1,1,1,4),(0.,0.0977079909500933,0.207291493222903,0.328983253296855,
0.463847184834168,0.602916412517549,0.738306390271857,0.870515841698127,
1.),.UNSPECIFIED.);
#403=B_SPLINE_CURVE_WITH_KNOTS('',3,(#11124,#11125,#11126,#11127,#11128,
#11129,#11130,#11131,#11132,#11133,#11134),.UNSPECIFIED.,.F.,.F.,(4,1,1,
1,1,1,1,1,4),(0.,0.147290150870826,0.286823303823054,0.417201823662337,
0.540756588029472,0.6584474513878,0.773689408115853,0.887115749099447,1.),
 .UNSPECIFIED.);
#404=B_SPLINE_CURVE_WITH_KNOTS('',3,(#11159,#11160,#11161,#11162,#11163,
#11164,#11165,#11166,#11167,#11168,#11169),.UNSPECIFIED.,.F.,.F.,(4,1,1,
1,1,1,1,1,4),(0.,0.129369994244852,0.252887039392239,0.373410162402928,
0.492316739327885,0.612482130127584,0.735696734290249,0.864297475822139,
1.),.UNSPECIFIED.);
#405=B_SPLINE_CURVE_WITH_KNOTS('',3,(#11210,#11211,#11212,#11213,#11214,
#11215,#11216,#11217,#11218,#11219,#11220,#11221,#11222,#11223,#11224,#11225,
#11226,#11227,#11228),.UNSPECIFIED.,.F.,.F.,(4,1,1,1,1,1,1,1,1,1,1,1,1,
1,1,1,4),(0.,0.0646442744921655,0.128085199944389,0.189639487224707,0.251278226169861,
0.313266054615584,0.375116975733657,0.438776182755604,0.503886694361284,
0.569065228141127,0.63295704995834,0.694885796460294,0.756590140123231,
0.817054940797115,0.877878737005554,0.93829253404263,1.),.UNSPECIFIED.);
#406=B_SPLINE_CURVE_WITH_KNOTS('',3,(#11274,#11275,#11276,#11277,#11278,
#11279,#11280,#11281,#11282,#11283,#11284,#11285,#11286,#11287,#11288,#11289,
#11290,#11291,#11292),.UNSPECIFIED.,.F.,.F.,(4,1,1,1,1,1,1,1,1,1,1,1,1,
1,1,1,4),(0.,0.0608097107980653,0.118121388960912,0.172128993244442,0.224190674999449,
0.274954573740016,0.325726863018586,0.376716062203842,0.429702289065299,
0.485429194814443,0.544581611112263,0.608063292673667,0.676034523455741,
0.748842649474831,0.827048646690317,0.910604600625041,1.),.UNSPECIFIED.);
#407=B_SPLINE_CURVE_WITH_KNOTS('',3,(#11333,#11334,#11335,#11336,#11337,
#11338,#11339,#11340,#11341,#11342,#11343,#11344,#11345,#11346,#11347,#11348,
#11349,#11350,#11351),.UNSPECIFIED.,.F.,.F.,(4,1,1,1,1,1,1,1,1,1,1,1,1,
1,1,1,4),(0.,0.0915391330306575,0.177172284622418,0.256588503049026,0.33031161271173,
0.398914956522047,0.462153356900296,0.521113123574899,0.575924563318155,
0.627982530358915,0.678502067439613,0.728597121019747,0.778693713500229,
0.830104954101844,0.883787297351537,0.940195079678564,1.),.UNSPECIFIED.);
#408=B_SPLINE_CURVE_WITH_KNOTS('',3,(#11392,#11393,#11394,#11395,#11396,
#11397,#11398,#11399,#11400,#11401,#11402,#11403,#11404,#11405,#11406,#11407,
#11408,#11409,#11410),.UNSPECIFIED.,.F.,.F.,(4,1,1,1,1,1,1,1,1,1,1,1,1,
1,1,1,4),(0.,0.0607695396901606,0.117972413467296,0.171944340138306,0.224083010333714,
0.274424618386783,0.324774676176139,0.375510376173791,0.427980295436152,
0.483159714742743,0.542090898971778,0.605258785056891,0.673460687357411,
0.746498172995884,0.825208702489825,0.909832461583899,1.),.UNSPECIFIED.);
#409=B_SPLINE_CURVE_WITH_KNOTS('',3,(#11450,#11451,#11452,#11453,#11454,
#11455,#11456,#11457,#11458,#11459,#11460,#11461,#11462,#11463,#11464,#11465,
#11466,#11467,#11468),.UNSPECIFIED.,.F.,.F.,(4,1,1,1,1,1,1,1,1,1,1,1,1,
1,1,1,4),(0.,0.0907150206382753,0.175562116198822,0.254740060906211,0.328226757214046,
0.396502133144467,0.460019091075,0.519003097871323,0.574285504741775,0.62656818455449,
0.677461435369766,0.727486168211876,0.777969958815526,0.829746219211482,
0.883450632876442,0.939893226652255,1.),.UNSPECIFIED.);
#410=B_SPLINE_CURVE_WITH_KNOTS('',3,(#11472,#11473,#11474,#11475,#11476,
#11477,#11478,#11479,#11480,#11481,#11482),.UNSPECIFIED.,.F.,.F.,(4,1,1,
1,1,1,1,1,4),(0.,0.129292626761633,0.25061260258198,0.366624766867316,0.480379173054537,
0.596391337339873,0.719401267334958,0.853153621518652,1.),.UNSPECIFIED.);
#411=B_SPLINE_CURVE_WITH_KNOTS('',3,(#11484,#11485,#11486,#11487,#11488,
#11489,#11490,#11491,#11492,#11493,#11494),.UNSPECIFIED.,.F.,.F.,(4,1,1,
1,1,1,1,1,4),(0.,0.164636905636725,0.314574615662531,0.45128900932907,0.573541042101713,
0.68671029314363,0.795719023472704,0.899399923047146,1.),.UNSPECIFIED.);
#412=B_SPLINE_CURVE_WITH_KNOTS('',3,(#11496,#11497,#11498,#11499,#11500,
#11501,#11502,#11503,#11504,#11505,#11506),.UNSPECIFIED.,.F.,.F.,(4,1,1,
1,1,1,1,1,4),(0.,0.0926582352675567,0.19576664040902,0.308302435032722,
0.432678091676693,0.565799281311013,0.704152275114291,0.8490097112071,1.),
 .UNSPECIFIED.);
#413=B_SPLINE_CURVE_WITH_KNOTS('',3,(#11508,#11509,#11510,#11511,#11512,
#11513,#11514,#11515,#11516,#11517,#11518),.UNSPECIFIED.,.F.,.F.,(4,1,1,
1,1,1,1,1,4),(0.,0.141276283346696,0.27140522280302,0.392484524637982,0.507997915027943,
0.62361602320396,0.742434615526684,0.866595345426542,1.),.UNSPECIFIED.);
#414=B_SPLINE_CURVE_WITH_KNOTS('',3,(#11520,#11521,#11522,#11523,#11524,
#11525,#11526,#11527,#11528,#11529,#11530),.UNSPECIFIED.,.F.,.F.,(4,1,1,
1,1,1,1,1,4),(0.,0.131331214185681,0.253675570734797,0.371800076074807,
0.486025054818408,0.602137522141961,0.7248917936168,0.856708932872435,1.),
 .UNSPECIFIED.);
#415=B_SPLINE_CURVE_WITH_KNOTS('',3,(#11532,#11533,#11534,#11535,#11536,
#11537,#11538,#11539,#11540,#11541,#11542),.UNSPECIFIED.,.F.,.F.,(4,1,1,
1,1,1,1,1,4),(0.,0.159300807949135,0.307985195662861,0.446147071035285,
0.573903547908709,0.691437921988585,0.801747247497349,0.904233455225203,
1.),.UNSPECIFIED.);
#416=B_SPLINE_CURVE_WITH_KNOTS('',3,(#11544,#11545,#11546,#11547,#11548,
#11549,#11550,#11551,#11552,#11553,#11554),.UNSPECIFIED.,.F.,.F.,(4,1,1,
1,1,1,1,1,4),(0.,0.0977699014269662,0.201649799808619,0.311248840920487,
0.427276125808338,0.552496228952298,0.689496067743508,0.838810680564655,
1.),.UNSPECIFIED.);
#417=B_SPLINE_CURVE_WITH_KNOTS('',3,(#11555,#11556,#11557,#11558,#11559,
#11560,#11561,#11562,#11563,#11564,#11565),.UNSPECIFIED.,.F.,.F.,(4,1,1,
1,1,1,1,1,4),(0.,0.141493434188672,0.271749926843527,0.394144577274738,
0.510714339389909,0.626016010618285,0.744301026922355,0.867417192532146,
1.),.UNSPECIFIED.);
#418=B_SPLINE_CURVE_WITH_KNOTS('',3,(#11590,#11591,#11592,#11593,#11594,
#11595,#11596,#11597,#11598,#11599,#11600),.UNSPECIFIED.,.F.,.F.,(4,1,1,
1,1,1,1,1,4),(0.,0.141493434188672,0.271749926843527,0.394144577274738,
0.510714339389909,0.626016010618285,0.744301026922355,0.867417192532146,
1.),.UNSPECIFIED.);
#419=B_SPLINE_CURVE_WITH_KNOTS('',3,(#11626,#11627,#11628,#11629,#11630,
#11631,#11632,#11633,#11634,#11635,#11636),.UNSPECIFIED.,.F.,.F.,(4,1,1,
1,1,1,1,1,4),(0.,0.129292626761633,0.25061260258198,0.366624766867316,0.480379173054537,
0.596391337339873,0.719401267334958,0.853153621518652,1.),.UNSPECIFIED.);
#420=B_SPLINE_CURVE_WITH_KNOTS('',3,(#11661,#11662,#11663,#11664,#11665,
#11666,#11667,#11668,#11669,#11670,#11671),.UNSPECIFIED.,.F.,.F.,(4,1,1,
1,1,1,1,1,4),(0.,0.164636905636725,0.314574615662531,0.45128900932907,0.573541042101713,
0.68671029314363,0.795719023472704,0.899399923047146,1.),.UNSPECIFIED.);
#421=B_SPLINE_CURVE_WITH_KNOTS('',3,(#11696,#11697,#11698,#11699,#11700,
#11701,#11702,#11703,#11704,#11705,#11706),.UNSPECIFIED.,.F.,.F.,(4,1,1,
1,1,1,1,1,4),(0.,0.0926582352675567,0.19576664040902,0.308302435032722,
0.432678091676693,0.565799281311013,0.704152275114291,0.8490097112071,1.),
 .UNSPECIFIED.);
#422=B_SPLINE_CURVE_WITH_KNOTS('',3,(#11731,#11732,#11733,#11734,#11735,
#11736,#11737,#11738,#11739,#11740,#11741),.UNSPECIFIED.,.F.,.F.,(4,1,1,
1,1,1,1,1,4),(0.,0.141276283346696,0.27140522280302,0.392484524637982,0.507997915027943,
0.62361602320396,0.742434615526684,0.866595345426542,1.),.UNSPECIFIED.);
#423=B_SPLINE_CURVE_WITH_KNOTS('',3,(#11766,#11767,#11768,#11769,#11770,
#11771,#11772,#11773,#11774,#11775,#11776),.UNSPECIFIED.,.F.,.F.,(4,1,1,
1,1,1,1,1,4),(0.,0.131331214185681,0.253675570734797,0.371800076074807,
0.486025054818408,0.602137522141961,0.7248917936168,0.856708932872435,1.),
 .UNSPECIFIED.);
#424=B_SPLINE_CURVE_WITH_KNOTS('',3,(#11801,#11802,#11803,#11804,#11805,
#11806,#11807,#11808,#11809,#11810,#11811),.UNSPECIFIED.,.F.,.F.,(4,1,1,
1,1,1,1,1,4),(0.,0.159300807949135,0.307985195662861,0.446147071035285,
0.573903547908709,0.691437921988585,0.801747247497349,0.904233455225203,
1.),.UNSPECIFIED.);
#425=B_SPLINE_CURVE_WITH_KNOTS('',3,(#11835,#11836,#11837,#11838,#11839,
#11840,#11841,#11842,#11843,#11844,#11845),.UNSPECIFIED.,.F.,.F.,(4,1,1,
1,1,1,1,1,4),(0.,0.0977699014269662,0.201649799808619,0.311248840920487,
0.427276125808338,0.552496228952298,0.689496067743508,0.838810680564655,
1.),.UNSPECIFIED.);
#426=B_SPLINE_CURVE_WITH_KNOTS('',3,(#11921,#11922,#11923,#11924,#11925,
#11926,#11927,#11928,#11929),.UNSPECIFIED.,.F.,.F.,(4,1,1,1,1,1,4),(0.,
0.260915723706575,0.543321946839034,0.680203762480987,0.801885201842758,
0.908416233796295,1.),.UNSPECIFIED.);
#427=B_SPLINE_CURVE_WITH_KNOTS('',3,(#11954,#11955,#11956,#11957,#11958,
#11959,#11960,#11961,#11962,#11963,#11964),.UNSPECIFIED.,.F.,.F.,(4,1,1,
1,1,1,1,1,4),(0.,0.122128129645928,0.239140797767903,0.354530390769465,
0.467998586574549,0.584251859250132,0.710705924773633,0.847734957768268,
1.),.UNSPECIFIED.);
#428=B_SPLINE_CURVE_WITH_KNOTS('',3,(#12071,#12072,#12073,#12074,#12075,
#12076,#12077,#12078,#12079,#12080,#12081,#12082,#12083,#12084,#12085,#12086,
#12087,#12088,#12089),.UNSPECIFIED.,.F.,.F.,(4,1,1,1,1,1,1,1,1,1,1,1,1,
1,1,1,4),(0.,0.0747096939635726,0.146194113155112,0.214331049607074,0.27876783903986,
0.341275776973908,0.400696788225493,0.458152551868236,0.513947800614854,
0.569026803242809,0.62441283584087,0.680817564512693,0.73917804900529,0.799547425739608,
0.862988010071117,0.929353681562014,1.),.UNSPECIFIED.);
#429=B_SPLINE_CURVE_WITH_KNOTS('',3,(#12114,#12115,#12116,#12117,#12118,
#12119,#12120,#12121,#12122,#12123,#12124),.UNSPECIFIED.,.F.,.F.,(4,1,1,
1,1,1,1,1,4),(0.,0.120247396808146,0.241506628629123,0.364610203147097,
0.49160150762284,0.620101932487912,0.746523309976945,0.873089956965609,
1.),.UNSPECIFIED.);
#430=B_SPLINE_CURVE_WITH_KNOTS('',3,(#12149,#12150,#12151,#12152,#12153,
#12154,#12155,#12156,#12157,#12158,#12159),.UNSPECIFIED.,.F.,.F.,(4,1,1,
1,1,1,1,1,4),(0.,0.109326755402915,0.220435971649624,0.33356262131625,0.450325675579188,
0.5733292851656,0.705047997321995,0.847045211311724,1.),.UNSPECIFIED.);
#431=B_SPLINE_CURVE_WITH_KNOTS('',3,(#12184,#12185,#12186,#12187,#12188,
#12189,#12190,#12191,#12192,#12193,#12194),.UNSPECIFIED.,.F.,.F.,(4,1,1,
1,1,1,1,1,4),(0.,0.137995261864031,0.269517638748396,0.394383371292648,
0.513061117306446,0.630594780871924,0.750930615559032,0.873845380136908,
1.),.UNSPECIFIED.);
#432=B_SPLINE_CURVE_WITH_KNOTS('',3,(#12227,#12228,#12229,#12230,#12231,
#12232,#12233,#12234,#12235,#12236,#12237),.UNSPECIFIED.,.F.,.F.,(4,1,1,
1,1,1,1,1,4),(0.,0.125373616059123,0.251808581163592,0.380289427037568,
0.512628995095467,0.643298680459205,0.767374973640238,0.886146568002925,
1.),.UNSPECIFIED.);
#433=B_SPLINE_CURVE_WITH_KNOTS('',3,(#12278,#12279,#12280,#12281,#12282,
#12283,#12284,#12285,#12286,#12287,#12288,#12289,#12290,#12291,#12292,#12293,
#12294,#12295,#12296),.UNSPECIFIED.,.F.,.F.,(4,1,1,1,1,1,1,1,1,1,1,1,1,
1,1,1,4),(0.,0.0851542474176055,0.166151151348505,0.242432276275886,0.314974011936856,
0.383843172832556,0.448995030526956,0.51150423346407,0.571732009758411,
0.629388769912715,0.684296066970866,0.737303289665554,0.789031862448751,
0.840115380357344,0.891586278827498,0.944804626431153,1.),.UNSPECIFIED.);
#434=B_SPLINE_CURVE_WITH_KNOTS('',3,(#12329,#12330,#12331,#12332,#12333,
#12334,#12335,#12336,#12337,#12338,#12339,#12340,#12341,#12342,#12343),
 .UNSPECIFIED.,.F.,.F.,(4,1,1,1,1,1,1,1,1,1,1,1,4),(0.,0.0743683371552148,
0.144056622694949,0.209008707550137,0.270660572948899,0.328755483755509,
0.383522130311691,0.437037530403696,0.489511913663086,0.597658747859208,
0.717752568102056,0.850574908956575,1.),.UNSPECIFIED.);
#435=B_SPLINE_CURVE_WITH_KNOTS('',3,(#12360,#12361,#12362,#12363,#12364,
#12365,#12366),.UNSPECIFIED.,.F.,.F.,(4,1,1,1,4),(0.,0.226981531389366,
0.468317825994436,0.726208075704565,1.),.UNSPECIFIED.);
#436=B_SPLINE_CURVE_WITH_KNOTS('',3,(#12407,#12408,#12409,#12410,#12411,
#12412,#12413,#12414,#12415,#12416,#12417,#12418,#12419,#12420,#12421,#12422,
#12423,#12424,#12425),.UNSPECIFIED.,.F.,.F.,(4,1,1,1,1,1,1,1,1,1,1,1,1,
1,1,1,4),(0.,0.0789567974108078,0.154051951020456,0.225199153224026,0.292513204333889,
0.356595516699351,0.417735223815891,0.476173993034225,0.533298932013148,
0.589410405273106,0.644405070900994,0.700191211516659,0.75642913332742,
0.814162839841686,0.873496877356076,0.935689476011914,1.),.UNSPECIFIED.);
#437=B_SPLINE_CURVE_WITH_KNOTS('',3,(#12466,#12467,#12468,#12469,#12470,
#12471,#12472,#12473,#12474,#12475,#12476,#12477,#12478,#12479,#12480,#12481,
#12482,#12483,#12484),.UNSPECIFIED.,.F.,.F.,(4,1,1,1,1,1,1,1,1,1,1,1,1,
1,1,1,4),(0.,0.0586465157063764,0.115133960306283,0.170633620001466,0.225525285820346,
0.280731792792121,0.337438843836367,0.396197106502462,0.45783001477974,
0.520915705211111,0.58440943905421,0.648518985131532,0.714186437160608,
0.781769168144568,0.851693969508205,0.924346369409879,1.),.UNSPECIFIED.);
#438=B_SPLINE_CURVE_WITH_KNOTS('',3,(#12509,#12510,#12511,#12512,#12513,
#12514,#12515,#12516,#12517,#12518,#12519),.UNSPECIFIED.,.F.,.F.,(4,1,1,
1,1,1,1,1,4),(0.,0.143947200357385,0.282130811100762,0.415548558997709,
0.543554273711866,0.666486219080183,0.782836003357568,0.894456749132473,
1.),.UNSPECIFIED.);
#439=B_SPLINE_CURVE_WITH_KNOTS('',3,(#12552,#12553,#12554,#12555,#12556,
#12557,#12558,#12559,#12560,#12561,#12562),.UNSPECIFIED.,.F.,.F.,(4,1,1,
1,1,1,1,1,4),(0.,0.105811868749711,0.219085339747262,0.339952465889048,
0.469826076337075,0.603362985564874,0.735752981411228,0.867474814386844,
1.),.UNSPECIFIED.);
#440=B_SPLINE_CURVE_WITH_KNOTS('',3,(#12603,#12604,#12605,#12606,#12607,
#12608,#12609,#12610,#12611,#12612,#12613,#12614,#12615,#12616,#12617,#12618,
#12619,#12620,#12621),.UNSPECIFIED.,.F.,.F.,(4,1,1,1,1,1,1,1,1,1,1,1,1,
1,1,1,4),(0.,0.0815929222184508,0.159883498805042,0.233670179374193,0.305191765264685,
0.373098659214752,0.439255168861675,0.502968245231602,0.565095056002786,
0.625347951181656,0.682134431392459,0.736438204141776,0.78952167101507,
0.841072387461173,0.892925197449318,0.945402388664616,1.),.UNSPECIFIED.);
#441=B_SPLINE_CURVE_WITH_KNOTS('',3,(#12654,#12655,#12656,#12657,#12658,
#12659,#12660,#12661,#12662,#12663,#12664,#12665,#12666,#12667,#12668),
 .UNSPECIFIED.,.F.,.F.,(4,1,1,1,1,1,1,1,1,1,1,1,4),(0.,0.127831534036419,
0.243819691623368,0.350996262249671,0.454575160401962,0.507615171050124,
0.563789086567598,0.624474554859777,0.68942958137015,0.759055052101299,
0.833842618357988,0.913724853435779,1.),.UNSPECIFIED.);
#442=B_SPLINE_CURVE_WITH_KNOTS('',3,(#12692,#12693,#12694,#12695,#12696,
#12697,#12698,#12699,#12700,#12701,#12702),.UNSPECIFIED.,.F.,.F.,(4,1,1,
1,1,1,1,1,4),(0.,0.0928539547988631,0.203032866638564,0.331250662395348,
0.476038951117471,0.623856396119846,0.760434888243034,0.885784977550472,
1.),.UNSPECIFIED.);
#443=MANIFOLD_SOLID_BREP('Body1',#5614);
#444=MANIFOLD_SOLID_BREP('Body2',#5615);
#445=FACE_BOUND('',#902,.T.);
#446=FACE_BOUND('',#929,.T.);
#447=FACE_BOUND('',#930,.T.);
#448=FACE_BOUND('',#931,.T.);
#449=FACE_BOUND('',#932,.T.);
#450=FACE_BOUND('',#933,.T.);
#451=FACE_BOUND('',#934,.T.);
#452=FACE_BOUND('',#935,.T.);
#453=FACE_BOUND('',#936,.T.);
#454=FACE_BOUND('',#937,.T.);
#455=FACE_BOUND('',#938,.T.);
#456=FACE_BOUND('',#940,.T.);
#457=FACE_BOUND('',#941,.T.);
#458=FACE_BOUND('',#942,.T.);
#459=FACE_BOUND('',#944,.T.);
#460=FACE_BOUND('',#946,.T.);
#461=FACE_BOUND('',#948,.T.);
#462=FACE_BOUND('',#950,.T.);
#463=FACE_BOUND('',#952,.T.);
#464=FACE_BOUND('',#983,.T.);
#465=FACE_BOUND('',#1073,.T.);
#466=FACE_BOUND('',#1074,.T.);
#467=FACE_BOUND('',#1075,.T.);
#468=FACE_BOUND('',#1076,.T.);
#469=FACE_BOUND('',#1077,.T.);
#470=FACE_BOUND('',#1090,.T.);
#471=FACE_BOUND('',#1103,.T.);
#472=FACE_BOUND('',#1116,.T.);
#473=FACE_BOUND('',#1150,.T.);
#474=PLANE('',#5652);
#475=PLANE('',#5654);
#476=PLANE('',#5656);
#477=PLANE('',#5657);
#478=PLANE('',#5658);
#479=PLANE('',#5659);
#480=PLANE('',#5661);
#481=PLANE('',#5662);
#482=PLANE('',#5663);
#483=PLANE('',#5666);
#484=PLANE('',#5669);
#485=PLANE('',#5670);
#486=PLANE('',#5672);
#487=PLANE('',#5703);
#488=PLANE('',#5718);
#489=PLANE('',#5729);
#490=PLANE('',#5730);
#491=PLANE('',#5731);
#492=PLANE('',#5732);
#493=PLANE('',#5733);
#494=PLANE('',#5735);
#495=PLANE('',#5737);
#496=PLANE('',#5738);
#497=PLANE('',#5740);
#498=PLANE('',#5741);
#499=PLANE('',#5743);
#500=PLANE('',#5745);
#501=PLANE('',#5746);
#502=PLANE('',#5748);
#503=PLANE('',#5749);
#504=PLANE('',#5750);
#505=PLANE('',#5751);
#506=PLANE('',#5753);
#507=PLANE('',#5755);
#508=PLANE('',#5758);
#509=PLANE('',#5760);
#510=PLANE('',#5762);
#511=PLANE('',#5763);
#512=PLANE('',#5765);
#513=PLANE('',#5767);
#514=PLANE('',#5770);
#515=PLANE('',#5771);
#516=PLANE('',#5776);
#517=PLANE('',#5779);
#518=PLANE('',#5780);
#519=PLANE('',#5782);
#520=PLANE('',#5784);
#521=PLANE('',#5786);
#522=PLANE('',#5787);
#523=PLANE('',#5788);
#524=PLANE('',#5789);
#525=PLANE('',#5790);
#526=PLANE('',#5792);
#527=PLANE('',#5793);
#528=PLANE('',#5794);
#529=PLANE('',#5795);
#530=PLANE('',#5797);
#531=PLANE('',#5798);
#532=PLANE('',#5799);
#533=PLANE('',#5800);
#534=PLANE('',#5802);
#535=PLANE('',#5803);
#536=PLANE('',#5804);
#537=PLANE('',#5805);
#538=PLANE('',#5806);
#539=PLANE('',#5807);
#540=PLANE('',#5808);
#541=PLANE('',#5809);
#542=PLANE('',#5810);
#543=PLANE('',#5811);
#544=PLANE('',#5812);
#545=PLANE('',#5813);
#546=PLANE('',#5814);
#547=PLANE('',#5815);
#548=PLANE('',#5816);
#549=PLANE('',#5817);
#550=PLANE('',#5818);
#551=PLANE('',#5819);
#552=PLANE('',#5820);
#553=PLANE('',#5821);
#554=PLANE('',#5822);
#555=PLANE('',#5823);
#556=PLANE('',#5824);
#557=PLANE('',#5825);
#558=PLANE('',#5826);
#559=PLANE('',#5827);
#560=PLANE('',#5828);
#561=PLANE('',#5829);
#562=PLANE('',#5830);
#563=PLANE('',#5831);
#564=PLANE('',#5832);
#565=PLANE('',#5833);
#566=PLANE('',#5834);
#567=PLANE('',#5835);
#568=PLANE('',#5836);
#569=PLANE('',#5837);
#570=PLANE('',#5838);
#571=PLANE('',#5839);
#572=PLANE('',#5840);
#573=PLANE('',#5841);
#574=PLANE('',#5842);
#575=PLANE('',#5843);
#576=PLANE('',#5844);
#577=PLANE('',#5845);
#578=PLANE('',#5846);
#579=PLANE('',#5847);
#580=PLANE('',#5848);
#581=PLANE('',#5849);
#582=PLANE('',#5850);
#583=PLANE('',#5851);
#584=PLANE('',#5852);
#585=CYLINDRICAL_SURFACE('',#5643,0.451);
#586=CYLINDRICAL_SURFACE('',#5648,0.515);
#587=CYLINDRICAL_SURFACE('',#5690,0.5175);
#588=CYLINDRICAL_SURFACE('',#5692,0.5375);
#589=CYLINDRICAL_SURFACE('',#5695,0.4725);
#590=CYLINDRICAL_SURFACE('',#5697,0.5175);
#591=CYLINDRICAL_SURFACE('',#5699,0.4995);
#592=CYLINDRICAL_SURFACE('',#5702,0.6);
#593=(
BOUNDED_CURVE()
B_SPLINE_CURVE(2,(#6734,#6735,#6736),.UNSPECIFIED.,.F.,.F.)
B_SPLINE_CURVE_WITH_KNOTS((3,3),(-0.192230473444276,-0.149872297415678),
 .UNSPECIFIED.)
CURVE()
GEOMETRIC_REPRESENTATION_ITEM()
RATIONAL_B_SPLINE_CURVE((1.00931414078617,1.00886902044313,1.00816782150518))
REPRESENTATION_ITEM('')
);
#594=(
BOUNDED_CURVE()
B_SPLINE_CURVE(2,(#6743,#6744,#6745),.UNSPECIFIED.,.F.,.F.)
B_SPLINE_CURVE_WITH_KNOTS((3,3),(-0.192230473444277,-0.149872297415679),
 .UNSPECIFIED.)
CURVE()
GEOMETRIC_REPRESENTATION_ITEM()
RATIONAL_B_SPLINE_CURVE((1.00931414078617,1.00886902044313,1.00816782150518))
REPRESENTATION_ITEM('')
);
#595=(
BOUNDED_CURVE()
B_SPLINE_CURVE(2,(#6844,#6845,#6846),.UNSPECIFIED.,.F.,.F.)
B_SPLINE_CURVE_WITH_KNOTS((3,3),(0.205753169919535,0.251683744064289),
 .UNSPECIFIED.)
CURVE()
GEOMETRIC_REPRESENTATION_ITEM()
RATIONAL_B_SPLINE_CURVE((1.00752037821864,1.00778489377059,1.00779274816721))
REPRESENTATION_ITEM('')
);
#596=(
BOUNDED_CURVE()
B_SPLINE_CURVE(2,(#6847,#6848,#6849),.UNSPECIFIED.,.F.,.F.)
B_SPLINE_CURVE_WITH_KNOTS((3,3),(-0.382341733686965,-0.339958122841152),
 .UNSPECIFIED.)
CURVE()
GEOMETRIC_REPRESENTATION_ITEM()
RATIONAL_B_SPLINE_CURVE((1.00819023551453,1.00889382558097,1.00934078170882))
REPRESENTATION_ITEM('')
);
#597=(
BOUNDED_CURVE()
B_SPLINE_CURVE(2,(#6851,#6852,#6853),.UNSPECIFIED.,.F.,.F.)
B_SPLINE_CURVE_WITH_KNOTS((3,3),(-0.382341733686883,-0.339958122841071),
 .UNSPECIFIED.)
CURVE()
GEOMETRIC_REPRESENTATION_ITEM()
RATIONAL_B_SPLINE_CURVE((1.00819023551452,1.00889382558096,1.00934078170881))
REPRESENTATION_ITEM('')
);
#598=(
BOUNDED_CURVE()
B_SPLINE_CURVE(2,(#6855,#6856,#6857),.UNSPECIFIED.,.F.,.F.)
B_SPLINE_CURVE_WITH_KNOTS((3,3),(0.205522713899605,0.251421553035145),
 .UNSPECIFIED.)
CURVE()
GEOMETRIC_REPRESENTATION_ITEM()
RATIONAL_B_SPLINE_CURVE((1.00750223172442,1.00776657217293,1.00777480698214))
REPRESENTATION_ITEM('')
);
#599=(
BOUNDED_CURVE()
B_SPLINE_CURVE(2,(#6859,#6860,#6861),.UNSPECIFIED.,.F.,.F.)
B_SPLINE_CURVE_WITH_KNOTS((3,3),(0.254494897515837,0.300425471662483),
 .UNSPECIFIED.)
CURVE()
GEOMETRIC_REPRESENTATION_ITEM()
RATIONAL_B_SPLINE_CURVE((1.00779274816722,1.0077848937706,1.00752037821862))
REPRESENTATION_ITEM('')
);
#600=(
BOUNDED_CURVE()
B_SPLINE_CURVE(2,(#6864,#6865,#6866),.UNSPECIFIED.,.F.,.F.)
B_SPLINE_CURVE_WITH_KNOTS((3,3),(0.254373211454086,0.300272050591489),
 .UNSPECIFIED.)
CURVE()
GEOMETRIC_REPRESENTATION_ITEM()
RATIONAL_B_SPLINE_CURVE((1.00777480698221,1.00776657217301,1.00750223172448))
REPRESENTATION_ITEM('')
);
#601=FACE_OUTER_BOUND('',#893,.T.);
#602=FACE_OUTER_BOUND('',#894,.T.);
#603=FACE_OUTER_BOUND('',#895,.T.);
#604=FACE_OUTER_BOUND('',#896,.T.);
#605=FACE_OUTER_BOUND('',#897,.T.);
#606=FACE_OUTER_BOUND('',#898,.T.);
#607=FACE_OUTER_BOUND('',#899,.T.);
#608=FACE_OUTER_BOUND('',#900,.T.);
#609=FACE_OUTER_BOUND('',#901,.T.);
#610=FACE_OUTER_BOUND('',#903,.T.);
#611=FACE_OUTER_BOUND('',#904,.T.);
#612=FACE_OUTER_BOUND('',#905,.T.);
#613=FACE_OUTER_BOUND('',#906,.T.);
#614=FACE_OUTER_BOUND('',#907,.T.);
#615=FACE_OUTER_BOUND('',#908,.T.);
#616=FACE_OUTER_BOUND('',#909,.T.);
#617=FACE_OUTER_BOUND('',#910,.T.);
#618=FACE_OUTER_BOUND('',#911,.T.);
#619=FACE_OUTER_BOUND('',#912,.T.);
#620=FACE_OUTER_BOUND('',#913,.T.);
#621=FACE_OUTER_BOUND('',#914,.T.);
#622=FACE_OUTER_BOUND('',#915,.T.);
#623=FACE_OUTER_BOUND('',#916,.T.);
#624=FACE_OUTER_BOUND('',#917,.T.);
#625=FACE_OUTER_BOUND('',#918,.T.);
#626=FACE_OUTER_BOUND('',#919,.T.);
#627=FACE_OUTER_BOUND('',#920,.T.);
#628=FACE_OUTER_BOUND('',#921,.T.);
#629=FACE_OUTER_BOUND('',#922,.T.);
#630=FACE_OUTER_BOUND('',#923,.T.);
#631=FACE_OUTER_BOUND('',#924,.T.);
#632=FACE_OUTER_BOUND('',#925,.T.);
#633=FACE_OUTER_BOUND('',#926,.T.);
#634=FACE_OUTER_BOUND('',#927,.T.);
#635=FACE_OUTER_BOUND('',#928,.T.);
#636=FACE_OUTER_BOUND('',#939,.T.);
#637=FACE_OUTER_BOUND('',#943,.T.);
#638=FACE_OUTER_BOUND('',#945,.T.);
#639=FACE_OUTER_BOUND('',#947,.T.);
#640=FACE_OUTER_BOUND('',#949,.T.);
#641=FACE_OUTER_BOUND('',#951,.T.);
#642=FACE_OUTER_BOUND('',#953,.T.);
#643=FACE_OUTER_BOUND('',#954,.T.);
#644=FACE_OUTER_BOUND('',#955,.T.);
#645=FACE_OUTER_BOUND('',#956,.T.);
#646=FACE_OUTER_BOUND('',#957,.T.);
#647=FACE_OUTER_BOUND('',#958,.T.);
#648=FACE_OUTER_BOUND('',#959,.T.);
#649=FACE_OUTER_BOUND('',#960,.T.);
#650=FACE_OUTER_BOUND('',#961,.T.);
#651=FACE_OUTER_BOUND('',#962,.T.);
#652=FACE_OUTER_BOUND('',#963,.T.);
#653=FACE_OUTER_BOUND('',#964,.T.);
#654=FACE_OUTER_BOUND('',#965,.T.);
#655=FACE_OUTER_BOUND('',#966,.T.);
#656=FACE_OUTER_BOUND('',#967,.T.);
#657=FACE_OUTER_BOUND('',#968,.T.);
#658=FACE_OUTER_BOUND('',#969,.T.);
#659=FACE_OUTER_BOUND('',#970,.T.);
#660=FACE_OUTER_BOUND('',#971,.T.);
#661=FACE_OUTER_BOUND('',#972,.T.);
#662=FACE_OUTER_BOUND('',#973,.T.);
#663=FACE_OUTER_BOUND('',#974,.T.);
#664=FACE_OUTER_BOUND('',#975,.T.);
#665=FACE_OUTER_BOUND('',#976,.T.);
#666=FACE_OUTER_BOUND('',#977,.T.);
#667=FACE_OUTER_BOUND('',#978,.T.);
#668=FACE_OUTER_BOUND('',#979,.T.);
#669=FACE_OUTER_BOUND('',#980,.T.);
#670=FACE_OUTER_BOUND('',#981,.T.);
#671=FACE_OUTER_BOUND('',#982,.T.);
#672=FACE_OUTER_BOUND('',#984,.T.);
#673=FACE_OUTER_BOUND('',#985,.T.);
#674=FACE_OUTER_BOUND('',#986,.T.);
#675=FACE_OUTER_BOUND('',#987,.T.);
#676=FACE_OUTER_BOUND('',#988,.T.);
#677=FACE_OUTER_BOUND('',#989,.T.);
#678=FACE_OUTER_BOUND('',#990,.T.);
#679=FACE_OUTER_BOUND('',#991,.T.);
#680=FACE_OUTER_BOUND('',#992,.T.);
#681=FACE_OUTER_BOUND('',#993,.T.);
#682=FACE_OUTER_BOUND('',#994,.T.);
#683=FACE_OUTER_BOUND('',#995,.T.);
#684=FACE_OUTER_BOUND('',#996,.T.);
#685=FACE_OUTER_BOUND('',#997,.T.);
#686=FACE_OUTER_BOUND('',#998,.T.);
#687=FACE_OUTER_BOUND('',#999,.T.);
#688=FACE_OUTER_BOUND('',#1000,.T.);
#689=FACE_OUTER_BOUND('',#1001,.T.);
#690=FACE_OUTER_BOUND('',#1002,.T.);
#691=FACE_OUTER_BOUND('',#1003,.T.);
#692=FACE_OUTER_BOUND('',#1004,.T.);
#693=FACE_OUTER_BOUND('',#1005,.T.);
#694=FACE_OUTER_BOUND('',#1006,.T.);
#695=FACE_OUTER_BOUND('',#1007,.T.);
#696=FACE_OUTER_BOUND('',#1008,.T.);
#697=FACE_OUTER_BOUND('',#1009,.T.);
#698=FACE_OUTER_BOUND('',#1010,.T.);
#699=FACE_OUTER_BOUND('',#1011,.T.);
#700=FACE_OUTER_BOUND('',#1012,.T.);
#701=FACE_OUTER_BOUND('',#1013,.T.);
#702=FACE_OUTER_BOUND('',#1014,.T.);
#703=FACE_OUTER_BOUND('',#1015,.T.);
#704=FACE_OUTER_BOUND('',#1016,.T.);
#705=FACE_OUTER_BOUND('',#1017,.T.);
#706=FACE_OUTER_BOUND('',#1018,.T.);
#707=FACE_OUTER_BOUND('',#1019,.T.);
#708=FACE_OUTER_BOUND('',#1020,.T.);
#709=FACE_OUTER_BOUND('',#1021,.T.);
#710=FACE_OUTER_BOUND('',#1022,.T.);
#711=FACE_OUTER_BOUND('',#1023,.T.);
#712=FACE_OUTER_BOUND('',#1024,.T.);
#713=FACE_OUTER_BOUND('',#1025,.T.);
#714=FACE_OUTER_BOUND('',#1026,.T.);
#715=FACE_OUTER_BOUND('',#1027,.T.);
#716=FACE_OUTER_BOUND('',#1028,.T.);
#717=FACE_OUTER_BOUND('',#1029,.T.);
#718=FACE_OUTER_BOUND('',#1030,.T.);
#719=FACE_OUTER_BOUND('',#1031,.T.);
#720=FACE_OUTER_BOUND('',#1032,.T.);
#721=FACE_OUTER_BOUND('',#1033,.T.);
#722=FACE_OUTER_BOUND('',#1034,.T.);
#723=FACE_OUTER_BOUND('',#1035,.T.);
#724=FACE_OUTER_BOUND('',#1036,.T.);
#725=FACE_OUTER_BOUND('',#1037,.T.);
#726=FACE_OUTER_BOUND('',#1038,.T.);
#727=FACE_OUTER_BOUND('',#1039,.T.);
#728=FACE_OUTER_BOUND('',#1040,.T.);
#729=FACE_OUTER_BOUND('',#1041,.T.);
#730=FACE_OUTER_BOUND('',#1042,.T.);
#731=FACE_OUTER_BOUND('',#1043,.T.);
#732=FACE_OUTER_BOUND('',#1044,.T.);
#733=FACE_OUTER_BOUND('',#1045,.T.);
#734=FACE_OUTER_BOUND('',#1046,.T.);
#735=FACE_OUTER_BOUND('',#1047,.T.);
#736=FACE_OUTER_BOUND('',#1048,.T.);
#737=FACE_OUTER_BOUND('',#1049,.T.);
#738=FACE_OUTER_BOUND('',#1050,.T.);
#739=FACE_OUTER_BOUND('',#1051,.T.);
#740=FACE_OUTER_BOUND('',#1052,.T.);
#741=FACE_OUTER_BOUND('',#1053,.T.);
#742=FACE_OUTER_BOUND('',#1054,.T.);
#743=FACE_OUTER_BOUND('',#1055,.T.);
#744=FACE_OUTER_BOUND('',#1056,.T.);
#745=FACE_OUTER_BOUND('',#1057,.T.);
#746=FACE_OUTER_BOUND('',#1058,.T.);
#747=FACE_OUTER_BOUND('',#1059,.T.);
#748=FACE_OUTER_BOUND('',#1060,.T.);
#749=FACE_OUTER_BOUND('',#1061,.T.);
#750=FACE_OUTER_BOUND('',#1062,.T.);
#751=FACE_OUTER_BOUND('',#1063,.T.);
#752=FACE_OUTER_BOUND('',#1064,.T.);
#753=FACE_OUTER_BOUND('',#1065,.T.);
#754=FACE_OUTER_BOUND('',#1066,.T.);
#755=FACE_OUTER_BOUND('',#1067,.T.);
#756=FACE_OUTER_BOUND('',#1068,.T.);
#757=FACE_OUTER_BOUND('',#1069,.T.);
#758=FACE_OUTER_BOUND('',#1070,.T.);
#759=FACE_OUTER_BOUND('',#1071,.T.);
#760=FACE_OUTER_BOUND('',#1072,.T.);
#761=FACE_OUTER_BOUND('',#1078,.T.);
#762=FACE_OUTER_BOUND('',#1079,.T.);
#763=FACE_OUTER_BOUND('',#1080,.T.);
#764=FACE_OUTER_BOUND('',#1081,.T.);
#765=FACE_OUTER_BOUND('',#1082,.T.);
#766=FACE_OUTER_BOUND('',#1083,.T.);
#767=FACE_OUTER_BOUND('',#1084,.T.);
#768=FACE_OUTER_BOUND('',#1085,.T.);
#769=FACE_OUTER_BOUND('',#1086,.T.);
#770=FACE_OUTER_BOUND('',#1087,.T.);
#771=FACE_OUTER_BOUND('',#1088,.T.);
#772=FACE_OUTER_BOUND('',#1089,.T.);
#773=FACE_OUTER_BOUND('',#1091,.T.);
#774=FACE_OUTER_BOUND('',#1092,.T.);
#775=FACE_OUTER_BOUND('',#1093,.T.);
#776=FACE_OUTER_BOUND('',#1094,.T.);
#777=FACE_OUTER_BOUND('',#1095,.T.);
#778=FACE_OUTER_BOUND('',#1096,.T.);
#779=FACE_OUTER_BOUND('',#1097,.T.);
#780=FACE_OUTER_BOUND('',#1098,.T.);
#781=FACE_OUTER_BOUND('',#1099,.T.);
#782=FACE_OUTER_BOUND('',#1100,.T.);
#783=FACE_OUTER_BOUND('',#1101,.T.);
#784=FACE_OUTER_BOUND('',#1102,.T.);
#785=FACE_OUTER_BOUND('',#1104,.T.);
#786=FACE_OUTER_BOUND('',#1105,.T.);
#787=FACE_OUTER_BOUND('',#1106,.T.);
#788=FACE_OUTER_BOUND('',#1107,.T.);
#789=FACE_OUTER_BOUND('',#1108,.T.);
#790=FACE_OUTER_BOUND('',#1109,.T.);
#791=FACE_OUTER_BOUND('',#1110,.T.);
#792=FACE_OUTER_BOUND('',#1111,.T.);
#793=FACE_OUTER_BOUND('',#1112,.T.);
#794=FACE_OUTER_BOUND('',#1113,.T.);
#795=FACE_OUTER_BOUND('',#1114,.T.);
#796=FACE_OUTER_BOUND('',#1115,.T.);
#797=FACE_OUTER_BOUND('',#1117,.T.);
#798=FACE_OUTER_BOUND('',#1118,.T.);
#799=FACE_OUTER_BOUND('',#1119,.T.);
#800=FACE_OUTER_BOUND('',#1120,.T.);
#801=FACE_OUTER_BOUND('',#1121,.T.);
#802=FACE_OUTER_BOUND('',#1122,.T.);
#803=FACE_OUTER_BOUND('',#1123,.T.);
#804=FACE_OUTER_BOUND('',#1124,.T.);
#805=FACE_OUTER_BOUND('',#1125,.T.);
#806=FACE_OUTER_BOUND('',#1126,.T.);
#807=FACE_OUTER_BOUND('',#1127,.T.);
#808=FACE_OUTER_BOUND('',#1128,.T.);
#809=FACE_OUTER_BOUND('',#1129,.T.);
#810=FACE_OUTER_BOUND('',#1130,.T.);
#811=FACE_OUTER_BOUND('',#1131,.T.);
#812=FACE_OUTER_BOUND('',#1132,.T.);
#813=FACE_OUTER_BOUND('',#1133,.T.);
#814=FACE_OUTER_BOUND('',#1134,.T.);
#815=FACE_OUTER_BOUND('',#1135,.T.);
#816=FACE_OUTER_BOUND('',#1136,.T.);
#817=FACE_OUTER_BOUND('',#1137,.T.);
#818=FACE_OUTER_BOUND('',#1138,.T.);
#819=FACE_OUTER_BOUND('',#1139,.T.);
#820=FACE_OUTER_BOUND('',#1140,.T.);
#821=FACE_OUTER_BOUND('',#1141,.T.);
#822=FACE_OUTER_BOUND('',#1142,.T.);
#823=FACE_OUTER_BOUND('',#1143,.T.);
#824=FACE_OUTER_BOUND('',#1144,.T.);
#825=FACE_OUTER_BOUND('',#1145,.T.);
#826=FACE_OUTER_BOUND('',#1146,.T.);
#827=FACE_OUTER_BOUND('',#1147,.T.);
#828=FACE_OUTER_BOUND('',#1148,.T.);
#829=FACE_OUTER_BOUND('',#1149,.T.);
#830=FACE_OUTER_BOUND('',#1151,.T.);
#831=FACE_OUTER_BOUND('',#1152,.T.);
#832=FACE_OUTER_BOUND('',#1153,.T.);
#833=FACE_OUTER_BOUND('',#1154,.T.);
#834=FACE_OUTER_BOUND('',#1155,.T.);
#835=FACE_OUTER_BOUND('',#1156,.T.);
#836=FACE_OUTER_BOUND('',#1157,.T.);
#837=FACE_OUTER_BOUND('',#1158,.T.);
#838=FACE_OUTER_BOUND('',#1159,.T.);
#839=FACE_OUTER_BOUND('',#1160,.T.);
#840=FACE_OUTER_BOUND('',#1161,.T.);
#841=FACE_OUTER_BOUND('',#1162,.T.);
#842=FACE_OUTER_BOUND('',#1163,.T.);
#843=FACE_OUTER_BOUND('',#1164,.T.);
#844=FACE_OUTER_BOUND('',#1165,.T.);
#845=FACE_OUTER_BOUND('',#1166,.T.);
#846=FACE_OUTER_BOUND('',#1167,.T.);
#847=FACE_OUTER_BOUND('',#1168,.T.);
#848=FACE_OUTER_BOUND('',#1169,.T.);
#849=FACE_OUTER_BOUND('',#1170,.T.);
#850=FACE_OUTER_BOUND('',#1171,.T.);
#851=FACE_OUTER_BOUND('',#1172,.T.);
#852=FACE_OUTER_BOUND('',#1173,.T.);
#853=FACE_OUTER_BOUND('',#1174,.T.);
#854=FACE_OUTER_BOUND('',#1175,.T.);
#855=FACE_OUTER_BOUND('',#1176,.T.);
#856=FACE_OUTER_BOUND('',#1177,.T.);
#857=FACE_OUTER_BOUND('',#1178,.T.);
#858=FACE_OUTER_BOUND('',#1179,.T.);
#859=FACE_OUTER_BOUND('',#1180,.T.);
#860=FACE_OUTER_BOUND('',#1181,.T.);
#861=FACE_OUTER_BOUND('',#1182,.T.);
#862=FACE_OUTER_BOUND('',#1183,.T.);
#863=FACE_OUTER_BOUND('',#1184,.T.);
#864=FACE_OUTER_BOUND('',#1185,.T.);
#865=FACE_OUTER_BOUND('',#1186,.T.);
#866=FACE_OUTER_BOUND('',#1187,.T.);
#867=FACE_OUTER_BOUND('',#1188,.T.);
#868=FACE_OUTER_BOUND('',#1189,.T.);
#869=FACE_OUTER_BOUND('',#1190,.T.);
#870=FACE_OUTER_BOUND('',#1191,.T.);
#871=FACE_OUTER_BOUND('',#1192,.T.);
#872=FACE_OUTER_BOUND('',#1193,.T.);
#873=FACE_OUTER_BOUND('',#1194,.T.);
#874=FACE_OUTER_BOUND('',#1195,.T.);
#875=FACE_OUTER_BOUND('',#1196,.T.);
#876=FACE_OUTER_BOUND('',#1197,.T.);
#877=FACE_OUTER_BOUND('',#1198,.T.);
#878=FACE_OUTER_BOUND('',#1199,.T.);
#879=FACE_OUTER_BOUND('',#1200,.T.);
#880=FACE_OUTER_BOUND('',#1201,.T.);
#881=FACE_OUTER_BOUND('',#1202,.T.);
#882=FACE_OUTER_BOUND('',#1203,.T.);
#883=FACE_OUTER_BOUND('',#1204,.T.);
#884=FACE_OUTER_BOUND('',#1205,.T.);
#885=FACE_OUTER_BOUND('',#1206,.T.);
#886=FACE_OUTER_BOUND('',#1207,.T.);
#887=FACE_OUTER_BOUND('',#1208,.T.);
#888=FACE_OUTER_BOUND('',#1209,.T.);
#889=FACE_OUTER_BOUND('',#1210,.T.);
#890=FACE_OUTER_BOUND('',#1211,.T.);
#891=FACE_OUTER_BOUND('',#1212,.T.);
#892=FACE_OUTER_BOUND('',#1213,.T.);
#893=EDGE_LOOP('',(#3445,#3446,#3447,#3448,#3449));
#894=EDGE_LOOP('',(#3450,#3451,#3452,#3453,#3454,#3455));
#895=EDGE_LOOP('',(#3456,#3457,#3458,#3459));
#896=EDGE_LOOP('',(#3460,#3461,#3462,#3463,#3464));
#897=EDGE_LOOP('',(#3465,#3466,#3467,#3468,#3469,#3470,#3471,#3472,#3473,
#3474,#3475,#3476,#3477));
#898=EDGE_LOOP('',(#3478,#3479,#3480,#3481,#3482,#3483,#3484,#3485,#3486,
#3487,#3488,#3489));
#899=EDGE_LOOP('',(#3490,#3491,#3492,#3493));
#900=EDGE_LOOP('',(#3494,#3495,#3496,#3497));
#901=EDGE_LOOP('',(#3498));
#902=EDGE_LOOP('',(#3499));
#903=EDGE_LOOP('',(#3500,#3501,#3502,#3503,#3504,#3505,#3506));
#904=EDGE_LOOP('',(#3507,#3508,#3509,#3510,#3511,#3512,#3513));
#905=EDGE_LOOP('',(#3514,#3515,#3516,#3517));
#906=EDGE_LOOP('',(#3518,#3519,#3520,#3521,#3522,#3523,#3524));
#907=EDGE_LOOP('',(#3525,#3526,#3527,#3528,#3529,#3530,#3531));
#908=EDGE_LOOP('',(#3532,#3533,#3534,#3535));
#909=EDGE_LOOP('',(#3536,#3537,#3538,#3539));
#910=EDGE_LOOP('',(#3540,#3541,#3542,#3543));
#911=EDGE_LOOP('',(#3544,#3545,#3546,#3547,#3548,#3549,#3550));
#912=EDGE_LOOP('',(#3551,#3552,#3553,#3554,#3555,#3556));
#913=EDGE_LOOP('',(#3557,#3558,#3559,#3560));
#914=EDGE_LOOP('',(#3561,#3562,#3563,#3564));
#915=EDGE_LOOP('',(#3565,#3566,#3567,#3568,#3569,#3570));
#916=EDGE_LOOP('',(#3571,#3572,#3573,#3574));
#917=EDGE_LOOP('',(#3575,#3576,#3577,#3578));
#918=EDGE_LOOP('',(#3579,#3580,#3581,#3582));
#919=EDGE_LOOP('',(#3583,#3584,#3585,#3586,#3587));
#920=EDGE_LOOP('',(#3588,#3589,#3590,#3591));
#921=EDGE_LOOP('',(#3592,#3593,#3594,#3595,#3596));
#922=EDGE_LOOP('',(#3597,#3598,#3599,#3600));
#923=EDGE_LOOP('',(#3601,#3602,#3603,#3604));
#924=EDGE_LOOP('',(#3605,#3606,#3607,#3608,#3609));
#925=EDGE_LOOP('',(#3610,#3611,#3612,#3613));
#926=EDGE_LOOP('',(#3614,#3615,#3616,#3617));
#927=EDGE_LOOP('',(#3618,#3619,#3620,#3621,#3622));
#928=EDGE_LOOP('',(#3623));
#929=EDGE_LOOP('',(#3624));
#930=EDGE_LOOP('',(#3625,#3626,#3627,#3628,#3629,#3630));
#931=EDGE_LOOP('',(#3631,#3632,#3633,#3634));
#932=EDGE_LOOP('',(#3635,#3636,#3637,#3638,#3639,#3640,#3641,#3642,#3643,
#3644,#3645,#3646));
#933=EDGE_LOOP('',(#3647,#3648,#3649,#3650,#3651,#3652,#3653,#3654,#3655,
#3656,#3657,#3658,#3659,#3660,#3661,#3662,#3663,#3664,#3665));
#934=EDGE_LOOP('',(#3666,#3667,#3668,#3669,#3670,#3671,#3672,#3673,#3674,
#3675,#3676,#3677,#3678));
#935=EDGE_LOOP('',(#3679,#3680,#3681,#3682,#3683,#3684));
#936=EDGE_LOOP('',(#3685,#3686,#3687,#3688,#3689,#3690,#3691,#3692,#3693,
#3694,#3695,#3696,#3697,#3698,#3699,#3700,#3701,#3702,#3703,#3704,#3705,
#3706,#3707,#3708,#3709,#3710));
#937=EDGE_LOOP('',(#3711,#3712,#3713,#3714,#3715,#3716,#3717,#3718,#3719,
#3720,#3721,#3722,#3723,#3724,#3725,#3726,#3727,#3728,#3729,#3730,#3731,
#3732,#3733,#3734,#3735,#3736,#3737,#3738,#3739,#3740,#3741,#3742,#3743,
#3744,#3745,#3746,#3747,#3748));
#938=EDGE_LOOP('',(#3749,#3750,#3751,#3752,#3753,#3754,#3755,#3756,#3757,
#3758,#3759,#3760,#3761,#3762,#3763,#3764,#3765,#3766));
#939=EDGE_LOOP('',(#3767,#3768,#3769,#3770,#3771,#3772,#3773,#3774,#3775,
#3776,#3777,#3778,#3779,#3780,#3781,#3782,#3783,#3784,#3785,#3786,#3787,
#3788,#3789,#3790,#3791,#3792,#3793,#3794,#3795,#3796,#3797,#3798));
#940=EDGE_LOOP('',(#3799,#3800,#3801,#3802));
#941=EDGE_LOOP('',(#3803,#3804,#3805,#3806,#3807));
#942=EDGE_LOOP('',(#3808,#3809,#3810,#3811,#3812));
#943=EDGE_LOOP('',(#3813));
#944=EDGE_LOOP('',(#3814));
#945=EDGE_LOOP('',(#3815));
#946=EDGE_LOOP('',(#3816));
#947=EDGE_LOOP('',(#3817));
#948=EDGE_LOOP('',(#3818));
#949=EDGE_LOOP('',(#3819));
#950=EDGE_LOOP('',(#3820));
#951=EDGE_LOOP('',(#3821));
#952=EDGE_LOOP('',(#3822));
#953=EDGE_LOOP('',(#3823,#3824,#3825,#3826));
#954=EDGE_LOOP('',(#3827,#3828,#3829,#3830));
#955=EDGE_LOOP('',(#3831,#3832,#3833,#3834));
#956=EDGE_LOOP('',(#3835,#3836,#3837,#3838));
#957=EDGE_LOOP('',(#3839,#3840,#3841,#3842));
#958=EDGE_LOOP('',(#3843,#3844,#3845,#3846));
#959=EDGE_LOOP('',(#3847,#3848,#3849,#3850));
#960=EDGE_LOOP('',(#3851,#3852,#3853,#3854));
#961=EDGE_LOOP('',(#3855,#3856,#3857,#3858));
#962=EDGE_LOOP('',(#3859,#3860,#3861,#3862));
#963=EDGE_LOOP('',(#3863,#3864,#3865,#3866));
#964=EDGE_LOOP('',(#3867,#3868,#3869,#3870));
#965=EDGE_LOOP('',(#3871,#3872,#3873,#3874));
#966=EDGE_LOOP('',(#3875,#3876,#3877,#3878));
#967=EDGE_LOOP('',(#3879,#3880,#3881,#3882));
#968=EDGE_LOOP('',(#3883,#3884,#3885,#3886));
#969=EDGE_LOOP('',(#3887,#3888,#3889,#3890));
#970=EDGE_LOOP('',(#3891,#3892,#3893,#3894));
#971=EDGE_LOOP('',(#3895,#3896,#3897,#3898,#3899,#3900,#3901,#3902,#3903,
#3904,#3905,#3906,#3907,#3908,#3909,#3910,#3911,#3912));
#972=EDGE_LOOP('',(#3913,#3914,#3915,#3916));
#973=EDGE_LOOP('',(#3917,#3918,#3919,#3920));
#974=EDGE_LOOP('',(#3921,#3922,#3923,#3924));
#975=EDGE_LOOP('',(#3925,#3926,#3927,#3928));
#976=EDGE_LOOP('',(#3929,#3930,#3931,#3932));
#977=EDGE_LOOP('',(#3933,#3934,#3935,#3936));
#978=EDGE_LOOP('',(#3937,#3938,#3939,#3940));
#979=EDGE_LOOP('',(#3941,#3942,#3943,#3944));
#980=EDGE_LOOP('',(#3945,#3946,#3947,#3948));
#981=EDGE_LOOP('',(#3949,#3950,#3951,#3952));
#982=EDGE_LOOP('',(#3953,#3954,#3955,#3956,#3957,#3958));
#983=EDGE_LOOP('',(#3959,#3960,#3961,#3962));
#984=EDGE_LOOP('',(#3963,#3964,#3965,#3966));
#985=EDGE_LOOP('',(#3967,#3968,#3969,#3970));
#986=EDGE_LOOP('',(#3971,#3972,#3973,#3974));
#987=EDGE_LOOP('',(#3975,#3976,#3977,#3978));
#988=EDGE_LOOP('',(#3979,#3980,#3981,#3982));
#989=EDGE_LOOP('',(#3983,#3984,#3985,#3986));
#990=EDGE_LOOP('',(#3987,#3988,#3989,#3990));
#991=EDGE_LOOP('',(#3991,#3992,#3993,#3994));
#992=EDGE_LOOP('',(#3995,#3996,#3997,#3998));
#993=EDGE_LOOP('',(#3999,#4000,#4001,#4002));
#994=EDGE_LOOP('',(#4003,#4004,#4005,#4006));
#995=EDGE_LOOP('',(#4007,#4008,#4009,#4010));
#996=EDGE_LOOP('',(#4011,#4012,#4013,#4014));
#997=EDGE_LOOP('',(#4015,#4016,#4017,#4018));
#998=EDGE_LOOP('',(#4019,#4020,#4021,#4022));
#999=EDGE_LOOP('',(#4023,#4024,#4025,#4026));
#1000=EDGE_LOOP('',(#4027,#4028,#4029,#4030));
#1001=EDGE_LOOP('',(#4031,#4032,#4033,#4034));
#1002=EDGE_LOOP('',(#4035,#4036,#4037,#4038));
#1003=EDGE_LOOP('',(#4039,#4040,#4041,#4042));
#1004=EDGE_LOOP('',(#4043,#4044,#4045,#4046));
#1005=EDGE_LOOP('',(#4047,#4048,#4049,#4050));
#1006=EDGE_LOOP('',(#4051,#4052,#4053,#4054));
#1007=EDGE_LOOP('',(#4055,#4056,#4057,#4058));
#1008=EDGE_LOOP('',(#4059,#4060,#4061,#4062));
#1009=EDGE_LOOP('',(#4063,#4064,#4065,#4066));
#1010=EDGE_LOOP('',(#4067,#4068,#4069,#4070));
#1011=EDGE_LOOP('',(#4071,#4072,#4073,#4074));
#1012=EDGE_LOOP('',(#4075,#4076,#4077,#4078));
#1013=EDGE_LOOP('',(#4079,#4080,#4081,#4082));
#1014=EDGE_LOOP('',(#4083,#4084,#4085,#4086));
#1015=EDGE_LOOP('',(#4087,#4088,#4089,#4090));
#1016=EDGE_LOOP('',(#4091,#4092,#4093,#4094));
#1017=EDGE_LOOP('',(#4095,#4096,#4097,#4098));
#1018=EDGE_LOOP('',(#4099,#4100,#4101,#4102));
#1019=EDGE_LOOP('',(#4103,#4104,#4105,#4106));
#1020=EDGE_LOOP('',(#4107,#4108,#4109,#4110));
#1021=EDGE_LOOP('',(#4111,#4112,#4113,#4114));
#1022=EDGE_LOOP('',(#4115,#4116,#4117,#4118));
#1023=EDGE_LOOP('',(#4119,#4120,#4121,#4122));
#1024=EDGE_LOOP('',(#4123,#4124,#4125,#4126));
#1025=EDGE_LOOP('',(#4127,#4128,#4129,#4130));
#1026=EDGE_LOOP('',(#4131,#4132,#4133,#4134));
#1027=EDGE_LOOP('',(#4135,#4136,#4137,#4138));
#1028=EDGE_LOOP('',(#4139,#4140,#4141,#4142));
#1029=EDGE_LOOP('',(#4143,#4144,#4145,#4146));
#1030=EDGE_LOOP('',(#4147,#4148,#4149,#4150));
#1031=EDGE_LOOP('',(#4151,#4152,#4153,#4154));
#1032=EDGE_LOOP('',(#4155,#4156,#4157,#4158));
#1033=EDGE_LOOP('',(#4159,#4160,#4161,#4162));
#1034=EDGE_LOOP('',(#4163,#4164,#4165,#4166));
#1035=EDGE_LOOP('',(#4167,#4168,#4169,#4170));
#1036=EDGE_LOOP('',(#4171,#4172,#4173,#4174));
#1037=EDGE_LOOP('',(#4175,#4176,#4177,#4178));
#1038=EDGE_LOOP('',(#4179,#4180,#4181,#4182));
#1039=EDGE_LOOP('',(#4183,#4184,#4185,#4186));
#1040=EDGE_LOOP('',(#4187,#4188,#4189,#4190));
#1041=EDGE_LOOP('',(#4191,#4192,#4193,#4194));
#1042=EDGE_LOOP('',(#4195,#4196,#4197,#4198));
#1043=EDGE_LOOP('',(#4199,#4200,#4201,#4202));
#1044=EDGE_LOOP('',(#4203,#4204,#4205,#4206));
#1045=EDGE_LOOP('',(#4207,#4208,#4209,#4210));
#1046=EDGE_LOOP('',(#4211,#4212,#4213,#4214));
#1047=EDGE_LOOP('',(#4215,#4216,#4217,#4218));
#1048=EDGE_LOOP('',(#4219,#4220,#4221,#4222));
#1049=EDGE_LOOP('',(#4223,#4224,#4225,#4226));
#1050=EDGE_LOOP('',(#4227,#4228,#4229,#4230));
#1051=EDGE_LOOP('',(#4231,#4232,#4233,#4234));
#1052=EDGE_LOOP('',(#4235,#4236,#4237,#4238));
#1053=EDGE_LOOP('',(#4239,#4240,#4241,#4242));
#1054=EDGE_LOOP('',(#4243,#4244,#4245,#4246));
#1055=EDGE_LOOP('',(#4247,#4248,#4249,#4250));
#1056=EDGE_LOOP('',(#4251,#4252,#4253,#4254));
#1057=EDGE_LOOP('',(#4255,#4256,#4257,#4258));
#1058=EDGE_LOOP('',(#4259,#4260,#4261,#4262));
#1059=EDGE_LOOP('',(#4263,#4264,#4265,#4266));
#1060=EDGE_LOOP('',(#4267,#4268,#4269,#4270));
#1061=EDGE_LOOP('',(#4271,#4272,#4273,#4274));
#1062=EDGE_LOOP('',(#4275,#4276,#4277,#4278));
#1063=EDGE_LOOP('',(#4279,#4280,#4281,#4282));
#1064=EDGE_LOOP('',(#4283,#4284,#4285,#4286));
#1065=EDGE_LOOP('',(#4287,#4288,#4289,#4290));
#1066=EDGE_LOOP('',(#4291,#4292,#4293,#4294));
#1067=EDGE_LOOP('',(#4295,#4296,#4297,#4298));
#1068=EDGE_LOOP('',(#4299,#4300,#4301,#4302));
#1069=EDGE_LOOP('',(#4303,#4304,#4305,#4306));
#1070=EDGE_LOOP('',(#4307,#4308,#4309,#4310));
#1071=EDGE_LOOP('',(#4311,#4312,#4313,#4314));
#1072=EDGE_LOOP('',(#4315,#4316,#4317,#4318,#4319,#4320,#4321,#4322,#4323,
#4324,#4325,#4326,#4327,#4328,#4329,#4330,#4331,#4332,#4333,#4334,#4335,
#4336,#4337,#4338,#4339,#4340,#4341,#4342,#4343,#4344,#4345,#4346,#4347,
#4348,#4349,#4350,#4351,#4352));
#1073=EDGE_LOOP('',(#4353,#4354,#4355));
#1074=EDGE_LOOP('',(#4356,#4357,#4358,#4359,#4360,#4361,#4362,#4363,#4364,
#4365,#4366,#4367,#4368,#4369,#4370,#4371,#4372,#4373,#4374,#4375,#4376,
#4377,#4378,#4379,#4380,#4381,#4382,#4383,#4384,#4385,#4386,#4387));
#1075=EDGE_LOOP('',(#4388,#4389,#4390,#4391,#4392));
#1076=EDGE_LOOP('',(#4393,#4394,#4395,#4396,#4397));
#1077=EDGE_LOOP('',(#4398,#4399,#4400,#4401));
#1078=EDGE_LOOP('',(#4402,#4403,#4404));
#1079=EDGE_LOOP('',(#4405,#4406,#4407,#4408,#4409));
#1080=EDGE_LOOP('',(#4410,#4411,#4412,#4413,#4414));
#1081=EDGE_LOOP('',(#4415,#4416,#4417,#4418));
#1082=EDGE_LOOP('',(#4419,#4420,#4421,#4422));
#1083=EDGE_LOOP('',(#4423,#4424,#4425,#4426));
#1084=EDGE_LOOP('',(#4427,#4428,#4429,#4430));
#1085=EDGE_LOOP('',(#4431,#4432,#4433,#4434));
#1086=EDGE_LOOP('',(#4435,#4436,#4437,#4438));
#1087=EDGE_LOOP('',(#4439,#4440,#4441,#4442));
#1088=EDGE_LOOP('',(#4443,#4444,#4445,#4446));
#1089=EDGE_LOOP('',(#4447,#4448,#4449,#4450));
#1090=EDGE_LOOP('',(#4451,#4452,#4453));
#1091=EDGE_LOOP('',(#4454,#4455,#4456));
#1092=EDGE_LOOP('',(#4457,#4458,#4459,#4460));
#1093=EDGE_LOOP('',(#4461,#4462,#4463,#4464));
#1094=EDGE_LOOP('',(#4465,#4466,#4467,#4468));
#1095=EDGE_LOOP('',(#4469,#4470,#4471,#4472));
#1096=EDGE_LOOP('',(#4473,#4474,#4475,#4476));
#1097=EDGE_LOOP('',(#4477,#4478,#4479,#4480));
#1098=EDGE_LOOP('',(#4481,#4482,#4483,#4484));
#1099=EDGE_LOOP('',(#4485,#4486,#4487,#4488));
#1100=EDGE_LOOP('',(#4489,#4490,#4491,#4492));
#1101=EDGE_LOOP('',(#4493,#4494,#4495,#4496));
#1102=EDGE_LOOP('',(#4497,#4498,#4499,#4500,#4501));
#1103=EDGE_LOOP('',(#4502,#4503,#4504,#4505,#4506));
#1104=EDGE_LOOP('',(#4507,#4508,#4509,#4510,#4511));
#1105=EDGE_LOOP('',(#4512,#4513,#4514,#4515));
#1106=EDGE_LOOP('',(#4516,#4517,#4518,#4519));
#1107=EDGE_LOOP('',(#4520,#4521,#4522,#4523));
#1108=EDGE_LOOP('',(#4524,#4525,#4526,#4527));
#1109=EDGE_LOOP('',(#4528,#4529,#4530,#4531));
#1110=EDGE_LOOP('',(#4532,#4533,#4534,#4535));
#1111=EDGE_LOOP('',(#4536,#4537,#4538,#4539));
#1112=EDGE_LOOP('',(#4540,#4541,#4542,#4543));
#1113=EDGE_LOOP('',(#4544,#4545,#4546,#4547));
#1114=EDGE_LOOP('',(#4548,#4549,#4550,#4551));
#1115=EDGE_LOOP('',(#4552,#4553,#4554,#4555,#4556));
#1116=EDGE_LOOP('',(#4557,#4558,#4559,#4560,#4561));
#1117=EDGE_LOOP('',(#4562,#4563,#4564,#4565,#4566));
#1118=EDGE_LOOP('',(#4567,#4568,#4569,#4570));
#1119=EDGE_LOOP('',(#4571,#4572,#4573,#4574));
#1120=EDGE_LOOP('',(#4575,#4576,#4577,#4578));
#1121=EDGE_LOOP('',(#4579,#4580,#4581,#4582));
#1122=EDGE_LOOP('',(#4583,#4584,#4585,#4586));
#1123=EDGE_LOOP('',(#4587,#4588,#4589,#4590));
#1124=EDGE_LOOP('',(#4591,#4592,#4593,#4594));
#1125=EDGE_LOOP('',(#4595,#4596,#4597,#4598));
#1126=EDGE_LOOP('',(#4599,#4600,#4601,#4602));
#1127=EDGE_LOOP('',(#4603,#4604,#4605,#4606));
#1128=EDGE_LOOP('',(#4607,#4608,#4609,#4610));
#1129=EDGE_LOOP('',(#4611,#4612,#4613,#4614));
#1130=EDGE_LOOP('',(#4615,#4616,#4617,#4618));
#1131=EDGE_LOOP('',(#4619,#4620,#4621,#4622));
#1132=EDGE_LOOP('',(#4623,#4624,#4625,#4626));
#1133=EDGE_LOOP('',(#4627,#4628,#4629,#4630));
#1134=EDGE_LOOP('',(#4631,#4632,#4633,#4634));
#1135=EDGE_LOOP('',(#4635,#4636,#4637,#4638));
#1136=EDGE_LOOP('',(#4639,#4640,#4641,#4642));
#1137=EDGE_LOOP('',(#4643,#4644,#4645,#4646));
#1138=EDGE_LOOP('',(#4647,#4648,#4649,#4650));
#1139=EDGE_LOOP('',(#4651,#4652,#4653,#4654));
#1140=EDGE_LOOP('',(#4655,#4656,#4657,#4658));
#1141=EDGE_LOOP('',(#4659,#4660,#4661,#4662));
#1142=EDGE_LOOP('',(#4663,#4664,#4665,#4666));
#1143=EDGE_LOOP('',(#4667,#4668,#4669,#4670));
#1144=EDGE_LOOP('',(#4671,#4672,#4673,#4674,#4675,#4676,#4677,#4678,#4679,
#4680,#4681,#4682,#4683,#4684,#4685,#4686,#4687,#4688,#4689,#4690,#4691,
#4692,#4693,#4694,#4695,#4696));
#1145=EDGE_LOOP('',(#4697,#4698,#4699,#4700));
#1146=EDGE_LOOP('',(#4701,#4702,#4703,#4704));
#1147=EDGE_LOOP('',(#4705,#4706,#4707,#4708));
#1148=EDGE_LOOP('',(#4709,#4710,#4711,#4712));
#1149=EDGE_LOOP('',(#4713,#4714,#4715,#4716));
#1150=EDGE_LOOP('',(#4717,#4718,#4719,#4720,#4721,#4722,#4723,#4724));
#1151=EDGE_LOOP('',(#4725,#4726,#4727,#4728));
#1152=EDGE_LOOP('',(#4729,#4730,#4731,#4732));
#1153=EDGE_LOOP('',(#4733,#4734,#4735,#4736));
#1154=EDGE_LOOP('',(#4737,#4738,#4739,#4740));
#1155=EDGE_LOOP('',(#4741,#4742,#4743,#4744));
#1156=EDGE_LOOP('',(#4745,#4746,#4747,#4748));
#1157=EDGE_LOOP('',(#4749,#4750,#4751,#4752));
#1158=EDGE_LOOP('',(#4753,#4754,#4755,#4756));
#1159=EDGE_LOOP('',(#4757,#4758,#4759,#4760,#4761,#4762,#4763,#4764));
#1160=EDGE_LOOP('',(#4765,#4766,#4767,#4768));
#1161=EDGE_LOOP('',(#4769,#4770,#4771,#4772));
#1162=EDGE_LOOP('',(#4773,#4774,#4775,#4776));
#1163=EDGE_LOOP('',(#4777,#4778,#4779,#4780));
#1164=EDGE_LOOP('',(#4781,#4782,#4783,#4784));
#1165=EDGE_LOOP('',(#4785,#4786,#4787,#4788));
#1166=EDGE_LOOP('',(#4789,#4790,#4791,#4792,#4793,#4794));
#1167=EDGE_LOOP('',(#4795,#4796,#4797,#4798));
#1168=EDGE_LOOP('',(#4799,#4800,#4801,#4802));
#1169=EDGE_LOOP('',(#4803,#4804,#4805,#4806));
#1170=EDGE_LOOP('',(#4807,#4808,#4809,#4810));
#1171=EDGE_LOOP('',(#4811,#4812,#4813,#4814));
#1172=EDGE_LOOP('',(#4815,#4816,#4817,#4818));
#1173=EDGE_LOOP('',(#4819,#4820,#4821,#4822));
#1174=EDGE_LOOP('',(#4823,#4824,#4825,#4826));
#1175=EDGE_LOOP('',(#4827,#4828,#4829,#4830));
#1176=EDGE_LOOP('',(#4831,#4832,#4833,#4834));
#1177=EDGE_LOOP('',(#4835,#4836,#4837,#4838));
#1178=EDGE_LOOP('',(#4839,#4840,#4841,#4842));
#1179=EDGE_LOOP('',(#4843,#4844,#4845,#4846,#4847,#4848,#4849,#4850,#4851,
#4852,#4853,#4854));
#1180=EDGE_LOOP('',(#4855,#4856,#4857,#4858));
#1181=EDGE_LOOP('',(#4859,#4860,#4861,#4862));
#1182=EDGE_LOOP('',(#4863,#4864,#4865,#4866));
#1183=EDGE_LOOP('',(#4867,#4868,#4869,#4870));
#1184=EDGE_LOOP('',(#4871,#4872,#4873,#4874));
#1185=EDGE_LOOP('',(#4875,#4876,#4877,#4878));
#1186=EDGE_LOOP('',(#4879,#4880,#4881,#4882));
#1187=EDGE_LOOP('',(#4883,#4884,#4885,#4886));
#1188=EDGE_LOOP('',(#4887,#4888,#4889,#4890));
#1189=EDGE_LOOP('',(#4891,#4892,#4893,#4894));
#1190=EDGE_LOOP('',(#4895,#4896,#4897,#4898));
#1191=EDGE_LOOP('',(#4899,#4900,#4901,#4902));
#1192=EDGE_LOOP('',(#4903,#4904,#4905,#4906));
#1193=EDGE_LOOP('',(#4907,#4908,#4909,#4910,#4911,#4912,#4913,#4914,#4915,
#4916,#4917,#4918,#4919));
#1194=EDGE_LOOP('',(#4920,#4921,#4922,#4923));
#1195=EDGE_LOOP('',(#4924,#4925,#4926,#4927));
#1196=EDGE_LOOP('',(#4928,#4929,#4930,#4931));
#1197=EDGE_LOOP('',(#4932,#4933,#4934,#4935));
#1198=EDGE_LOOP('',(#4936,#4937,#4938,#4939));
#1199=EDGE_LOOP('',(#4940,#4941,#4942,#4943));
#1200=EDGE_LOOP('',(#4944,#4945,#4946,#4947));
#1201=EDGE_LOOP('',(#4948,#4949,#4950,#4951));
#1202=EDGE_LOOP('',(#4952,#4953,#4954,#4955));
#1203=EDGE_LOOP('',(#4956,#4957,#4958,#4959));
#1204=EDGE_LOOP('',(#4960,#4961,#4962,#4963));
#1205=EDGE_LOOP('',(#4964,#4965,#4966,#4967));
#1206=EDGE_LOOP('',(#4968,#4969,#4970,#4971));
#1207=EDGE_LOOP('',(#4972,#4973,#4974,#4975));
#1208=EDGE_LOOP('',(#4976,#4977,#4978,#4979));
#1209=EDGE_LOOP('',(#4980,#4981,#4982,#4983));
#1210=EDGE_LOOP('',(#4984,#4985,#4986,#4987));
#1211=EDGE_LOOP('',(#4988,#4989,#4990,#4991));
#1212=EDGE_LOOP('',(#4992,#4993,#4994,#4995));
#1213=EDGE_LOOP('',(#4996,#4997,#4998,#4999,#5000,#5001,#5002,#5003,#5004,
#5005,#5006,#5007,#5008,#5009,#5010,#5011,#5012,#5013,#5014));
#1214=LINE('',#6727,#1631);
#1215=LINE('',#6738,#1632);
#1216=LINE('',#6742,#1633);
#1217=LINE('',#6750,#1634);
#1218=LINE('',#6757,#1635);
#1219=LINE('',#6762,#1636);
#1220=LINE('',#6765,#1637);
#1221=LINE('',#6769,#1638);
#1222=LINE('',#6772,#1639);
#1223=LINE('',#6774,#1640);
#1224=LINE('',#6778,#1641);
#1225=LINE('',#6785,#1642);
#1226=LINE('',#6788,#1643);
#1227=LINE('',#6789,#1644);
#1228=LINE('',#6791,#1645);
#1229=LINE('',#6794,#1646);
#1230=LINE('',#6797,#1647);
#1231=LINE('',#6800,#1648);
#1232=LINE('',#6803,#1649);
#1233=LINE('',#6805,#1650);
#1234=LINE('',#6810,#1651);
#1235=LINE('',#6812,#1652);
#1236=LINE('',#6813,#1653);
#1237=LINE('',#6814,#1654);
#1238=LINE('',#6818,#1655);
#1239=LINE('',#6820,#1656);
#1240=LINE('',#6821,#1657);
#1241=LINE('',#6822,#1658);
#1242=LINE('',#6827,#1659);
#1243=LINE('',#6829,#1660);
#1244=LINE('',#6831,#1661);
#1245=LINE('',#6832,#1662);
#1246=LINE('',#6835,#1663);
#1247=LINE('',#6837,#1664);
#1248=LINE('',#6838,#1665);
#1249=LINE('',#6839,#1666);
#1250=LINE('',#6872,#1667);
#1251=LINE('',#6878,#1668);
#1252=LINE('',#6886,#1669);
#1253=LINE('',#6892,#1670);
#1254=LINE('',#6900,#1671);
#1255=LINE('',#6905,#1672);
#1256=LINE('',#6910,#1673);
#1257=LINE('',#6914,#1674);
#1258=LINE('',#6919,#1675);
#1259=LINE('',#6924,#1676);
#1260=LINE('',#6927,#1677);
#1261=LINE('',#7046,#1678);
#1262=LINE('',#7048,#1679);
#1263=LINE('',#7050,#1680);
#1264=LINE('',#7052,#1681);
#1265=LINE('',#7054,#1682);
#1266=LINE('',#7056,#1683);
#1267=LINE('',#7058,#1684);
#1268=LINE('',#7060,#1685);
#1269=LINE('',#7084,#1686);
#1270=LINE('',#7085,#1687);
#1271=LINE('',#7156,#1688);
#1272=LINE('',#7158,#1689);
#1273=LINE('',#7268,#1690);
#1274=LINE('',#7270,#1691);
#1275=LINE('',#7320,#1692);
#1276=LINE('',#7322,#1693);
#1277=LINE('',#7324,#1694);
#1278=LINE('',#7326,#1695);
#1279=LINE('',#7328,#1696);
#1280=LINE('',#7330,#1697);
#1281=LINE('',#7332,#1698);
#1282=LINE('',#7334,#1699);
#1283=LINE('',#7336,#1700);
#1284=LINE('',#7338,#1701);
#1285=LINE('',#7340,#1702);
#1286=LINE('',#7342,#1703);
#1287=LINE('',#7343,#1704);
#1288=LINE('',#7346,#1705);
#1289=LINE('',#7348,#1706);
#1290=LINE('',#7350,#1707);
#1291=LINE('',#7352,#1708);
#1292=LINE('',#7354,#1709);
#1293=LINE('',#7355,#1710);
#1294=LINE('',#7358,#1711);
#1295=LINE('',#7420,#1712);
#1296=LINE('',#7422,#1713);
#1297=LINE('',#7482,#1714);
#1298=LINE('',#7484,#1715);
#1299=LINE('',#7486,#1716);
#1300=LINE('',#7542,#1717);
#1301=LINE('',#7544,#1718);
#1302=LINE('',#7618,#1719);
#1303=LINE('',#7622,#1720);
#1304=LINE('',#7639,#1721);
#1305=LINE('',#7643,#1722);
#1306=LINE('',#7658,#1723);
#1307=LINE('',#7670,#1724);
#1308=LINE('',#7674,#1725);
#1309=LINE('',#7707,#1726);
#1310=LINE('',#7796,#1727);
#1311=LINE('',#7800,#1728);
#1312=LINE('',#7804,#1729);
#1313=LINE('',#7813,#1730);
#1314=LINE('',#7817,#1731);
#1315=LINE('',#7826,#1732);
#1316=LINE('',#7830,#1733);
#1317=LINE('',#7834,#1734);
#1318=LINE('',#7843,#1735);
#1319=LINE('',#7972,#1736);
#1320=LINE('',#8002,#1737);
#1321=LINE('',#8010,#1738);
#1322=LINE('',#8014,#1739);
#1323=LINE('',#8018,#1740);
#1324=LINE('',#8071,#1741);
#1325=LINE('',#8090,#1742);
#1326=LINE('',#8099,#1743);
#1327=LINE('',#8132,#1744);
#1328=LINE('',#8135,#1745);
#1329=LINE('',#8138,#1746);
#1330=LINE('',#8139,#1747);
#1331=LINE('',#8150,#1748);
#1332=LINE('',#8153,#1749);
#1333=LINE('',#8154,#1750);
#1334=LINE('',#8170,#1751);
#1335=LINE('',#8173,#1752);
#1336=LINE('',#8174,#1753);
#1337=LINE('',#8185,#1754);
#1338=LINE('',#8188,#1755);
#1339=LINE('',#8189,#1756);
#1340=LINE('',#8205,#1757);
#1341=LINE('',#8208,#1758);
#1342=LINE('',#8209,#1759);
#1343=LINE('',#8220,#1760);
#1344=LINE('',#8223,#1761);
#1345=LINE('',#8224,#1762);
#1346=LINE('',#8235,#1763);
#1347=LINE('',#8238,#1764);
#1348=LINE('',#8239,#1765);
#1349=LINE('',#8255,#1766);
#1350=LINE('',#8258,#1767);
#1351=LINE('',#8259,#1768);
#1352=LINE('',#8270,#1769);
#1353=LINE('',#8272,#1770);
#1354=LINE('',#8292,#1771);
#1355=LINE('',#8299,#1772);
#1356=LINE('',#8322,#1773);
#1357=LINE('',#8345,#1774);
#1358=LINE('',#8355,#1775);
#1359=LINE('',#8361,#1776);
#1360=LINE('',#8378,#1777);
#1361=LINE('',#8392,#1778);
#1362=LINE('',#8409,#1779);
#1363=LINE('',#8429,#1780);
#1364=LINE('',#8476,#1781);
#1365=LINE('',#8482,#1782);
#1366=LINE('',#8508,#1783);
#1367=LINE('',#8519,#1784);
#1368=LINE('',#8522,#1785);
#1369=LINE('',#8523,#1786);
#1370=LINE('',#8534,#1787);
#1371=LINE('',#8537,#1788);
#1372=LINE('',#8538,#1789);
#1373=LINE('',#8549,#1790);
#1374=LINE('',#8563,#1791);
#1375=LINE('',#8580,#1792);
#1376=LINE('',#8591,#1793);
#1377=LINE('',#8594,#1794);
#1378=LINE('',#8595,#1795);
#1379=LINE('',#8606,#1796);
#1380=LINE('',#8609,#1797);
#1381=LINE('',#8610,#1798);
#1382=LINE('',#8621,#1799);
#1383=LINE('',#8638,#1800);
#1384=LINE('',#8652,#1801);
#1385=LINE('',#8655,#1802);
#1386=LINE('',#8656,#1803);
#1387=LINE('',#8670,#1804);
#1388=LINE('',#8684,#1805);
#1389=LINE('',#8687,#1806);
#1390=LINE('',#8688,#1807);
#1391=LINE('',#8699,#1808);
#1392=LINE('',#8702,#1809);
#1393=LINE('',#8703,#1810);
#1394=LINE('',#8714,#1811);
#1395=LINE('',#8746,#1812);
#1396=LINE('',#8763,#1813);
#1397=LINE('',#8798,#1814);
#1398=LINE('',#8801,#1815);
#1399=LINE('',#8802,#1816);
#1400=LINE('',#8819,#1817);
#1401=LINE('',#8851,#1818);
#1402=LINE('',#8880,#1819);
#1403=LINE('',#8918,#1820);
#1404=LINE('',#8935,#1821);
#1405=LINE('',#8949,#1822);
#1406=LINE('',#8981,#1823);
#1407=LINE('',#9010,#1824);
#1408=LINE('',#9024,#1825);
#1409=LINE('',#9038,#1826);
#1410=LINE('',#9063,#1827);
#1411=LINE('',#9072,#1828);
#1412=LINE('',#9111,#1829);
#1413=LINE('',#9134,#1830);
#1414=LINE('',#9162,#1831);
#1415=LINE('',#9172,#1832);
#1416=LINE('',#9185,#1833);
#1417=LINE('',#9188,#1834);
#1418=LINE('',#9190,#1835);
#1419=LINE('',#9191,#1836);
#1420=LINE('',#9234,#1837);
#1421=LINE('',#9250,#1838);
#1422=LINE('',#9256,#1839);
#1423=LINE('',#9279,#1840);
#1424=LINE('',#9282,#1841);
#1425=LINE('',#9284,#1842);
#1426=LINE('',#9285,#1843);
#1427=LINE('',#9298,#1844);
#1428=LINE('',#9322,#1845);
#1429=LINE('',#9335,#1846);
#1430=LINE('',#9358,#1847);
#1431=LINE('',#9384,#1848);
#1432=LINE('',#9395,#1849);
#1433=LINE('',#9424,#1850);
#1434=LINE('',#9456,#1851);
#1435=LINE('',#9479,#1852);
#1436=LINE('',#9511,#1853);
#1437=LINE('',#9534,#1854);
#1438=LINE('',#9560,#1855);
#1439=LINE('',#9571,#1856);
#1440=LINE('',#9597,#1857);
#1441=LINE('',#9623,#1858);
#1442=LINE('',#9652,#1859);
#1443=LINE('',#9669,#1860);
#1444=LINE('',#9672,#1861);
#1445=LINE('',#9673,#1862);
#1446=LINE('',#9720,#1863);
#1447=LINE('',#9731,#1864);
#1448=LINE('',#9754,#1865);
#1449=LINE('',#9765,#1866);
#1450=LINE('',#9768,#1867);
#1451=LINE('',#9769,#1868);
#1452=LINE('',#9786,#1869);
#1453=LINE('',#9789,#1870);
#1454=LINE('',#9790,#1871);
#1455=LINE('',#9801,#1872);
#1456=LINE('',#9804,#1873);
#1457=LINE('',#9805,#1874);
#1458=LINE('',#9816,#1875);
#1459=LINE('',#9819,#1876);
#1460=LINE('',#9820,#1877);
#1461=LINE('',#9831,#1878);
#1462=LINE('',#9866,#1879);
#1463=LINE('',#9895,#1880);
#1464=LINE('',#9927,#1881);
#1465=LINE('',#9961,#1882);
#1466=LINE('',#9973,#1883);
#1467=LINE('',#10004,#1884);
#1468=LINE('',#10152,#1885);
#1469=LINE('',#10155,#1886);
#1470=LINE('',#10158,#1887);
#1471=LINE('',#10159,#1888);
#1472=LINE('',#10173,#1889);
#1473=LINE('',#10189,#1890);
#1474=LINE('',#10195,#1891);
#1475=LINE('',#10214,#1892);
#1476=LINE('',#10263,#1893);
#1477=LINE('',#10269,#1894);
#1478=LINE('',#10288,#1895);
#1479=LINE('',#10291,#1896);
#1480=LINE('',#10293,#1897);
#1481=LINE('',#10294,#1898);
#1482=LINE('',#10313,#1899);
#1483=LINE('',#10323,#1900);
#1484=LINE('',#10326,#1901);
#1485=LINE('',#10340,#1902);
#1486=LINE('',#10354,#1903);
#1487=LINE('',#10370,#1904);
#1488=LINE('',#10372,#1905);
#1489=LINE('',#10406,#1906);
#1490=LINE('',#10412,#1907);
#1491=LINE('',#10431,#1908);
#1492=LINE('',#10434,#1909);
#1493=LINE('',#10436,#1910);
#1494=LINE('',#10437,#1911);
#1495=LINE('',#10456,#1912);
#1496=LINE('',#10466,#1913);
#1497=LINE('',#10472,#1914);
#1498=LINE('',#10483,#1915);
#1499=LINE('',#10486,#1916);
#1500=LINE('',#10487,#1917);
#1501=LINE('',#10503,#1918);
#1502=LINE('',#10557,#1919);
#1503=LINE('',#10570,#1920);
#1504=LINE('',#10605,#1921);
#1505=LINE('',#10640,#1922);
#1506=LINE('',#10675,#1923);
#1507=LINE('',#10710,#1924);
#1508=LINE('',#10713,#1925);
#1509=LINE('',#10714,#1926);
#1510=LINE('',#10717,#1927);
#1511=LINE('',#10718,#1928);
#1512=LINE('',#10753,#1929);
#1513=LINE('',#10788,#1930);
#1514=LINE('',#10823,#1931);
#1515=LINE('',#10858,#1932);
#1516=LINE('',#10887,#1933);
#1517=LINE('',#10890,#1934);
#1518=LINE('',#10891,#1935);
#1519=LINE('',#10894,#1936);
#1520=LINE('',#10895,#1937);
#1521=LINE('',#10898,#1938);
#1522=LINE('',#10899,#1939);
#1523=LINE('',#10958,#1940);
#1524=LINE('',#10993,#1941);
#1525=LINE('',#11022,#1942);
#1526=LINE('',#11057,#1943);
#1527=LINE('',#11060,#1944);
#1528=LINE('',#11061,#1945);
#1529=LINE('',#11064,#1946);
#1530=LINE('',#11065,#1947);
#1531=LINE('',#11100,#1948);
#1532=LINE('',#11135,#1949);
#1533=LINE('',#11170,#1950);
#1534=LINE('',#11229,#1951);
#1535=LINE('',#11231,#1952);
#1536=LINE('',#11272,#1953);
#1537=LINE('',#11293,#1954);
#1538=LINE('',#11352,#1955);
#1539=LINE('',#11411,#1956);
#1540=LINE('',#11601,#1957);
#1541=LINE('',#11602,#1958);
#1542=LINE('',#11637,#1959);
#1543=LINE('',#11672,#1960);
#1544=LINE('',#11707,#1961);
#1545=LINE('',#11742,#1962);
#1546=LINE('',#11777,#1963);
#1547=LINE('',#11812,#1964);
#1548=LINE('',#11849,#1965);
#1549=LINE('',#11851,#1966);
#1550=LINE('',#11852,#1967);
#1551=LINE('',#11855,#1968);
#1552=LINE('',#11856,#1969);
#1553=LINE('',#11859,#1970);
#1554=LINE('',#11860,#1971);
#1555=LINE('',#11863,#1972);
#1556=LINE('',#11864,#1973);
#1557=LINE('',#11867,#1974);
#1558=LINE('',#11868,#1975);
#1559=LINE('',#11870,#1976);
#1560=LINE('',#11874,#1977);
#1561=LINE('',#11876,#1978);
#1562=LINE('',#11877,#1979);
#1563=LINE('',#11880,#1980);
#1564=LINE('',#11881,#1981);
#1565=LINE('',#11884,#1982);
#1566=LINE('',#11885,#1983);
#1567=LINE('',#11888,#1984);
#1568=LINE('',#11889,#1985);
#1569=LINE('',#11892,#1986);
#1570=LINE('',#11893,#1987);
#1571=LINE('',#11896,#1988);
#1572=LINE('',#11897,#1989);
#1573=LINE('',#11900,#1990);
#1574=LINE('',#11901,#1991);
#1575=LINE('',#11930,#1992);
#1576=LINE('',#11965,#1993);
#1577=LINE('',#11968,#1994);
#1578=LINE('',#11969,#1995);
#1579=LINE('',#11972,#1996);
#1580=LINE('',#11973,#1997);
#1581=LINE('',#11975,#1998);
#1582=LINE('',#11979,#1999);
#1583=LINE('',#11981,#2000);
#1584=LINE('',#11982,#2001);
#1585=LINE('',#11985,#2002);
#1586=LINE('',#11986,#2003);
#1587=LINE('',#11989,#2004);
#1588=LINE('',#11990,#2005);
#1589=LINE('',#11993,#2006);
#1590=LINE('',#11994,#2007);
#1591=LINE('',#11997,#2008);
#1592=LINE('',#11998,#2009);
#1593=LINE('',#12001,#2010);
#1594=LINE('',#12002,#2011);
#1595=LINE('',#12005,#2012);
#1596=LINE('',#12006,#2013);
#1597=LINE('',#12009,#2014);
#1598=LINE('',#12010,#2015);
#1599=LINE('',#12013,#2016);
#1600=LINE('',#12014,#2017);
#1601=LINE('',#12017,#2018);
#1602=LINE('',#12018,#2019);
#1603=LINE('',#12021,#2020);
#1604=LINE('',#12022,#2021);
#1605=LINE('',#12025,#2022);
#1606=LINE('',#12026,#2023);
#1607=LINE('',#12028,#2024);
#1608=LINE('',#12069,#2025);
#1609=LINE('',#12090,#2026);
#1610=LINE('',#12125,#2027);
#1611=LINE('',#12160,#2028);
#1612=LINE('',#12195,#2029);
#1613=LINE('',#12198,#2030);
#1614=LINE('',#12199,#2031);
#1615=LINE('',#12202,#2032);
#1616=LINE('',#12203,#2033);
#1617=LINE('',#12238,#2034);
#1618=LINE('',#12297,#2035);
#1619=LINE('',#12344,#2036);
#1620=LINE('',#12367,#2037);
#1621=LINE('',#12426,#2038);
#1622=LINE('',#12485,#2039);
#1623=LINE('',#12520,#2040);
#1624=LINE('',#12523,#2041);
#1625=LINE('',#12524,#2042);
#1626=LINE('',#12527,#2043);
#1627=LINE('',#12528,#2044);
#1628=LINE('',#12563,#2045);
#1629=LINE('',#12622,#2046);
#1630=LINE('',#12669,#2047);
#1631=VECTOR('',#5861,0.451);
#1632=VECTOR('',#5868,0.393700787401575);
#1633=VECTOR('',#5871,0.393700787401575);
#1634=VECTOR('',#5876,0.497679491924311);
#1635=VECTOR('',#5883,0.393700787401575);
#1636=VECTOR('',#5888,0.393700787401575);
#1637=VECTOR('',#5891,0.451);
#1638=VECTOR('',#5894,39.3700787401575);
#1639=VECTOR('',#5897,39.3700787401575);
#1640=VECTOR('',#5898,39.3700787401575);
#1641=VECTOR('',#5901,39.3700787401575);
#1642=VECTOR('',#5908,39.3700787401575);
#1643=VECTOR('',#5911,39.3700787401575);
#1644=VECTOR('',#5912,0.515);
#1645=VECTOR('',#5913,39.3700787401575);
#1646=VECTOR('',#5916,39.3700787401575);
#1647=VECTOR('',#5919,39.3700787401575);
#1648=VECTOR('',#5922,39.3700787401575);
#1649=VECTOR('',#5925,39.3700787401575);
#1650=VECTOR('',#5926,39.3700787401575);
#1651=VECTOR('',#5933,39.3700787401575);
#1652=VECTOR('',#5934,0.393700787401575);
#1653=VECTOR('',#5935,39.3700787401575);
#1654=VECTOR('',#5936,0.393700787401575);
#1655=VECTOR('',#5939,0.393700787401575);
#1656=VECTOR('',#5940,39.3700787401575);
#1657=VECTOR('',#5941,0.393700787401575);
#1658=VECTOR('',#5942,39.3700787401575);
#1659=VECTOR('',#5949,0.393700787401575);
#1660=VECTOR('',#5950,39.3700787401575);
#1661=VECTOR('',#5951,0.393700787401575);
#1662=VECTOR('',#5952,39.3700787401575);
#1663=VECTOR('',#5955,39.3700787401575);
#1664=VECTOR('',#5956,0.393700787401575);
#1665=VECTOR('',#5957,39.3700787401575);
#1666=VECTOR('',#5958,0.393700787401575);
#1667=VECTOR('',#5983,0.5175);
#1668=VECTOR('',#5990,0.5175);
#1669=VECTOR('',#5999,0.59);
#1670=VECTOR('',#6006,0.6);
#1671=VECTOR('',#6015,0.4825);
#1672=VECTOR('',#6022,0.5175);
#1673=VECTOR('',#6027,0.5375);
#1674=VECTOR('',#6032,0.4725);
#1675=VECTOR('',#6039,0.5175);
#1676=VECTOR('',#6044,0.4995);
#1677=VECTOR('',#6049,0.6);
#1678=VECTOR('',#6052,39.3700787401575);
#1679=VECTOR('',#6053,39.3700787401575);
#1680=VECTOR('',#6054,39.3700787401575);
#1681=VECTOR('',#6055,39.3700787401575);
#1682=VECTOR('',#6056,39.3700787401575);
#1683=VECTOR('',#6057,39.3700787401575);
#1684=VECTOR('',#6058,39.3700787401575);
#1685=VECTOR('',#6059,39.3700787401575);
#1686=VECTOR('',#6060,39.3700787401575);
#1687=VECTOR('',#6061,39.3700787401575);
#1688=VECTOR('',#6062,39.3700787401575);
#1689=VECTOR('',#6063,39.3700787401575);
#1690=VECTOR('',#6064,39.3700787401575);
#1691=VECTOR('',#6065,39.3700787401575);
#1692=VECTOR('',#6066,39.3700787401575);
#1693=VECTOR('',#6067,39.3700787401575);
#1694=VECTOR('',#6068,39.3700787401575);
#1695=VECTOR('',#6069,39.3700787401575);
#1696=VECTOR('',#6070,39.3700787401575);
#1697=VECTOR('',#6071,39.3700787401575);
#1698=VECTOR('',#6072,39.3700787401575);
#1699=VECTOR('',#6073,39.3700787401575);
#1700=VECTOR('',#6074,39.3700787401575);
#1701=VECTOR('',#6075,39.3700787401575);
#1702=VECTOR('',#6076,39.3700787401575);
#1703=VECTOR('',#6077,39.3700787401575);
#1704=VECTOR('',#6078,39.3700787401575);
#1705=VECTOR('',#6079,39.3700787401575);
#1706=VECTOR('',#6080,39.3700787401575);
#1707=VECTOR('',#6081,39.3700787401575);
#1708=VECTOR('',#6082,39.3700787401575);
#1709=VECTOR('',#6083,39.3700787401575);
#1710=VECTOR('',#6084,39.3700787401575);
#1711=VECTOR('',#6085,39.3700787401575);
#1712=VECTOR('',#6086,39.3700787401575);
#1713=VECTOR('',#6087,39.3700787401575);
#1714=VECTOR('',#6088,39.3700787401575);
#1715=VECTOR('',#6089,39.3700787401575);
#1716=VECTOR('',#6090,39.3700787401575);
#1717=VECTOR('',#6091,39.3700787401575);
#1718=VECTOR('',#6092,39.3700787401575);
#1719=VECTOR('',#6095,39.3700787401575);
#1720=VECTOR('',#6098,39.3700787401575);
#1721=VECTOR('',#6103,39.3700787401575);
#1722=VECTOR('',#6106,39.3700787401575);
#1723=VECTOR('',#6109,39.3700787401575);
#1724=VECTOR('',#6110,39.3700787401575);
#1725=VECTOR('',#6113,39.3700787401575);
#1726=VECTOR('',#6116,39.3700787401575);
#1727=VECTOR('',#6117,39.3700787401575);
#1728=VECTOR('',#6120,39.3700787401575);
#1729=VECTOR('',#6123,39.3700787401575);
#1730=VECTOR('',#6124,39.3700787401575);
#1731=VECTOR('',#6127,39.3700787401575);
#1732=VECTOR('',#6128,39.3700787401575);
#1733=VECTOR('',#6131,39.3700787401575);
#1734=VECTOR('',#6134,39.3700787401575);
#1735=VECTOR('',#6135,39.3700787401575);
#1736=VECTOR('',#6144,39.3700787401575);
#1737=VECTOR('',#6149,39.3700787401575);
#1738=VECTOR('',#6150,39.3700787401575);
#1739=VECTOR('',#6153,39.3700787401575);
#1740=VECTOR('',#6156,39.3700787401575);
#1741=VECTOR('',#6161,39.3700787401575);
#1742=VECTOR('',#6164,39.3700787401575);
#1743=VECTOR('',#6165,39.3700787401575);
#1744=VECTOR('',#6178,39.3700787401575);
#1745=VECTOR('',#6181,39.3700787401575);
#1746=VECTOR('',#6184,39.3700787401575);
#1747=VECTOR('',#6185,39.3700787401575);
#1748=VECTOR('',#6188,39.3700787401575);
#1749=VECTOR('',#6191,39.3700787401575);
#1750=VECTOR('',#6192,39.3700787401575);
#1751=VECTOR('',#6193,39.3700787401575);
#1752=VECTOR('',#6196,39.3700787401575);
#1753=VECTOR('',#6197,39.3700787401575);
#1754=VECTOR('',#6200,39.3700787401575);
#1755=VECTOR('',#6203,39.3700787401575);
#1756=VECTOR('',#6204,39.3700787401575);
#1757=VECTOR('',#6205,39.3700787401575);
#1758=VECTOR('',#6208,39.3700787401575);
#1759=VECTOR('',#6209,39.3700787401575);
#1760=VECTOR('',#6212,39.3700787401575);
#1761=VECTOR('',#6215,39.3700787401575);
#1762=VECTOR('',#6216,39.3700787401575);
#1763=VECTOR('',#6219,39.3700787401575);
#1764=VECTOR('',#6222,39.3700787401575);
#1765=VECTOR('',#6223,39.3700787401575);
#1766=VECTOR('',#6224,39.3700787401575);
#1767=VECTOR('',#6227,39.3700787401575);
#1768=VECTOR('',#6228,39.3700787401575);
#1769=VECTOR('',#6231,39.3700787401575);
#1770=VECTOR('',#6234,39.3700787401575);
#1771=VECTOR('',#6237,39.3700787401575);
#1772=VECTOR('',#6238,39.3700787401575);
#1773=VECTOR('',#6239,39.3700787401575);
#1774=VECTOR('',#6240,39.3700787401575);
#1775=VECTOR('',#6241,39.3700787401575);
#1776=VECTOR('',#6242,39.3700787401575);
#1777=VECTOR('',#6243,39.3700787401575);
#1778=VECTOR('',#6244,39.3700787401575);
#1779=VECTOR('',#6245,39.3700787401575);
#1780=VECTOR('',#6246,39.3700787401575);
#1781=VECTOR('',#6251,39.3700787401575);
#1782=VECTOR('',#6252,39.3700787401575);
#1783=VECTOR('',#6253,39.3700787401575);
#1784=VECTOR('',#6256,39.3700787401575);
#1785=VECTOR('',#6259,39.3700787401575);
#1786=VECTOR('',#6260,39.3700787401575);
#1787=VECTOR('',#6263,39.3700787401575);
#1788=VECTOR('',#6266,39.3700787401575);
#1789=VECTOR('',#6267,39.3700787401575);
#1790=VECTOR('',#6270,39.3700787401575);
#1791=VECTOR('',#6271,39.3700787401575);
#1792=VECTOR('',#6272,39.3700787401575);
#1793=VECTOR('',#6275,39.3700787401575);
#1794=VECTOR('',#6278,39.3700787401575);
#1795=VECTOR('',#6279,39.3700787401575);
#1796=VECTOR('',#6282,39.3700787401575);
#1797=VECTOR('',#6285,39.3700787401575);
#1798=VECTOR('',#6286,39.3700787401575);
#1799=VECTOR('',#6289,39.3700787401575);
#1800=VECTOR('',#6290,39.3700787401575);
#1801=VECTOR('',#6291,39.3700787401575);
#1802=VECTOR('',#6294,39.3700787401575);
#1803=VECTOR('',#6295,39.3700787401575);
#1804=VECTOR('',#6296,39.3700787401575);
#1805=VECTOR('',#6297,39.3700787401575);
#1806=VECTOR('',#6300,39.3700787401575);
#1807=VECTOR('',#6301,39.3700787401575);
#1808=VECTOR('',#6304,39.3700787401575);
#1809=VECTOR('',#6307,39.3700787401575);
#1810=VECTOR('',#6308,39.3700787401575);
#1811=VECTOR('',#6311,39.3700787401575);
#1812=VECTOR('',#6312,39.3700787401575);
#1813=VECTOR('',#6313,39.3700787401575);
#1814=VECTOR('',#6314,39.3700787401575);
#1815=VECTOR('',#6317,39.3700787401575);
#1816=VECTOR('',#6318,39.3700787401575);
#1817=VECTOR('',#6319,39.3700787401575);
#1818=VECTOR('',#6320,39.3700787401575);
#1819=VECTOR('',#6321,39.3700787401575);
#1820=VECTOR('',#6322,39.3700787401575);
#1821=VECTOR('',#6323,39.3700787401575);
#1822=VECTOR('',#6324,39.3700787401575);
#1823=VECTOR('',#6325,39.3700787401575);
#1824=VECTOR('',#6326,39.3700787401575);
#1825=VECTOR('',#6327,39.3700787401575);
#1826=VECTOR('',#6328,39.3700787401575);
#1827=VECTOR('',#6329,39.3700787401575);
#1828=VECTOR('',#6330,39.3700787401575);
#1829=VECTOR('',#6331,39.3700787401575);
#1830=VECTOR('',#6332,39.3700787401575);
#1831=VECTOR('',#6333,39.3700787401575);
#1832=VECTOR('',#6334,39.3700787401575);
#1833=VECTOR('',#6339,39.3700787401575);
#1834=VECTOR('',#6342,39.3700787401575);
#1835=VECTOR('',#6343,39.3700787401575);
#1836=VECTOR('',#6344,39.3700787401575);
#1837=VECTOR('',#6345,39.3700787401575);
#1838=VECTOR('',#6346,39.3700787401575);
#1839=VECTOR('',#6347,39.3700787401575);
#1840=VECTOR('',#6348,39.3700787401575);
#1841=VECTOR('',#6351,39.3700787401575);
#1842=VECTOR('',#6352,39.3700787401575);
#1843=VECTOR('',#6353,39.3700787401575);
#1844=VECTOR('',#6358,39.3700787401575);
#1845=VECTOR('',#6359,39.3700787401575);
#1846=VECTOR('',#6360,39.3700787401575);
#1847=VECTOR('',#6361,39.3700787401575);
#1848=VECTOR('',#6362,39.3700787401575);
#1849=VECTOR('',#6365,39.3700787401575);
#1850=VECTOR('',#6366,39.3700787401575);
#1851=VECTOR('',#6367,39.3700787401575);
#1852=VECTOR('',#6368,39.3700787401575);
#1853=VECTOR('',#6369,39.3700787401575);
#1854=VECTOR('',#6370,39.3700787401575);
#1855=VECTOR('',#6371,39.3700787401575);
#1856=VECTOR('',#6374,39.3700787401575);
#1857=VECTOR('',#6375,39.3700787401575);
#1858=VECTOR('',#6376,39.3700787401575);
#1859=VECTOR('',#6377,39.3700787401575);
#1860=VECTOR('',#6378,39.3700787401575);
#1861=VECTOR('',#6381,39.3700787401575);
#1862=VECTOR('',#6382,39.3700787401575);
#1863=VECTOR('',#6383,39.3700787401575);
#1864=VECTOR('',#6386,39.3700787401575);
#1865=VECTOR('',#6387,39.3700787401575);
#1866=VECTOR('',#6390,39.3700787401575);
#1867=VECTOR('',#6393,39.3700787401575);
#1868=VECTOR('',#6394,39.3700787401575);
#1869=VECTOR('',#6395,39.3700787401575);
#1870=VECTOR('',#6398,39.3700787401575);
#1871=VECTOR('',#6399,39.3700787401575);
#1872=VECTOR('',#6402,39.3700787401575);
#1873=VECTOR('',#6405,39.3700787401575);
#1874=VECTOR('',#6406,39.3700787401575);
#1875=VECTOR('',#6409,39.3700787401575);
#1876=VECTOR('',#6412,39.3700787401575);
#1877=VECTOR('',#6413,39.3700787401575);
#1878=VECTOR('',#6416,39.3700787401575);
#1879=VECTOR('',#6417,39.3700787401575);
#1880=VECTOR('',#6418,39.3700787401575);
#1881=VECTOR('',#6419,39.3700787401575);
#1882=VECTOR('',#6420,39.3700787401575);
#1883=VECTOR('',#6421,39.3700787401575);
#1884=VECTOR('',#6422,39.3700787401575);
#1885=VECTOR('',#6433,39.3700787401575);
#1886=VECTOR('',#6436,39.3700787401575);
#1887=VECTOR('',#6439,39.3700787401575);
#1888=VECTOR('',#6440,39.3700787401575);
#1889=VECTOR('',#6441,39.3700787401575);
#1890=VECTOR('',#6442,39.3700787401575);
#1891=VECTOR('',#6443,39.3700787401575);
#1892=VECTOR('',#6444,39.3700787401575);
#1893=VECTOR('',#6449,39.3700787401575);
#1894=VECTOR('',#6450,39.3700787401575);
#1895=VECTOR('',#6451,39.3700787401575);
#1896=VECTOR('',#6454,39.3700787401575);
#1897=VECTOR('',#6455,39.3700787401575);
#1898=VECTOR('',#6456,39.3700787401575);
#1899=VECTOR('',#6457,39.3700787401575);
#1900=VECTOR('',#6458,39.3700787401575);
#1901=VECTOR('',#6461,39.3700787401575);
#1902=VECTOR('',#6462,39.3700787401575);
#1903=VECTOR('',#6463,39.3700787401575);
#1904=VECTOR('',#6464,39.3700787401575);
#1905=VECTOR('',#6467,39.3700787401575);
#1906=VECTOR('',#6472,39.3700787401575);
#1907=VECTOR('',#6473,39.3700787401575);
#1908=VECTOR('',#6474,39.3700787401575);
#1909=VECTOR('',#6477,39.3700787401575);
#1910=VECTOR('',#6478,39.3700787401575);
#1911=VECTOR('',#6479,39.3700787401575);
#1912=VECTOR('',#6480,39.3700787401575);
#1913=VECTOR('',#6481,39.3700787401575);
#1914=VECTOR('',#6482,39.3700787401575);
#1915=VECTOR('',#6485,39.3700787401575);
#1916=VECTOR('',#6488,39.3700787401575);
#1917=VECTOR('',#6489,39.3700787401575);
#1918=VECTOR('',#6490,39.3700787401575);
#1919=VECTOR('',#6495,39.3700787401575);
#1920=VECTOR('',#6496,39.3700787401575);
#1921=VECTOR('',#6497,39.3700787401575);
#1922=VECTOR('',#6498,39.3700787401575);
#1923=VECTOR('',#6499,39.3700787401575);
#1924=VECTOR('',#6500,39.3700787401575);
#1925=VECTOR('',#6503,39.3700787401575);
#1926=VECTOR('',#6504,39.3700787401575);
#1927=VECTOR('',#6507,39.3700787401575);
#1928=VECTOR('',#6508,39.3700787401575);
#1929=VECTOR('',#6509,39.3700787401575);
#1930=VECTOR('',#6510,39.3700787401575);
#1931=VECTOR('',#6511,39.3700787401575);
#1932=VECTOR('',#6512,39.3700787401575);
#1933=VECTOR('',#6513,39.3700787401575);
#1934=VECTOR('',#6516,39.3700787401575);
#1935=VECTOR('',#6517,39.3700787401575);
#1936=VECTOR('',#6520,39.3700787401575);
#1937=VECTOR('',#6521,39.3700787401575);
#1938=VECTOR('',#6524,39.3700787401575);
#1939=VECTOR('',#6525,39.3700787401575);
#1940=VECTOR('',#6526,39.3700787401575);
#1941=VECTOR('',#6527,39.3700787401575);
#1942=VECTOR('',#6528,39.3700787401575);
#1943=VECTOR('',#6529,39.3700787401575);
#1944=VECTOR('',#6532,39.3700787401575);
#1945=VECTOR('',#6533,39.3700787401575);
#1946=VECTOR('',#6536,39.3700787401575);
#1947=VECTOR('',#6537,39.3700787401575);
#1948=VECTOR('',#6538,39.3700787401575);
#1949=VECTOR('',#6539,39.3700787401575);
#1950=VECTOR('',#6540,39.3700787401575);
#1951=VECTOR('',#6541,39.3700787401575);
#1952=VECTOR('',#6544,39.3700787401575);
#1953=VECTOR('',#6547,39.3700787401575);
#1954=VECTOR('',#6548,39.3700787401575);
#1955=VECTOR('',#6549,39.3700787401575);
#1956=VECTOR('',#6550,39.3700787401575);
#1957=VECTOR('',#6553,39.3700787401575);
#1958=VECTOR('',#6554,39.3700787401575);
#1959=VECTOR('',#6555,39.3700787401575);
#1960=VECTOR('',#6556,39.3700787401575);
#1961=VECTOR('',#6557,39.3700787401575);
#1962=VECTOR('',#6558,39.3700787401575);
#1963=VECTOR('',#6559,39.3700787401575);
#1964=VECTOR('',#6560,39.3700787401575);
#1965=VECTOR('',#6565,39.3700787401575);
#1966=VECTOR('',#6566,39.3700787401575);
#1967=VECTOR('',#6567,39.3700787401575);
#1968=VECTOR('',#6570,39.3700787401575);
#1969=VECTOR('',#6571,39.3700787401575);
#1970=VECTOR('',#6574,39.3700787401575);
#1971=VECTOR('',#6575,39.3700787401575);
#1972=VECTOR('',#6578,39.3700787401575);
#1973=VECTOR('',#6579,39.3700787401575);
#1974=VECTOR('',#6582,39.3700787401575);
#1975=VECTOR('',#6583,39.3700787401575);
#1976=VECTOR('',#6586,39.3700787401575);
#1977=VECTOR('',#6591,39.3700787401575);
#1978=VECTOR('',#6592,39.3700787401575);
#1979=VECTOR('',#6593,39.3700787401575);
#1980=VECTOR('',#6596,39.3700787401575);
#1981=VECTOR('',#6597,39.3700787401575);
#1982=VECTOR('',#6600,39.3700787401575);
#1983=VECTOR('',#6601,39.3700787401575);
#1984=VECTOR('',#6604,39.3700787401575);
#1985=VECTOR('',#6605,39.3700787401575);
#1986=VECTOR('',#6608,39.3700787401575);
#1987=VECTOR('',#6609,39.3700787401575);
#1988=VECTOR('',#6612,39.3700787401575);
#1989=VECTOR('',#6613,39.3700787401575);
#1990=VECTOR('',#6616,39.3700787401575);
#1991=VECTOR('',#6617,39.3700787401575);
#1992=VECTOR('',#6618,39.3700787401575);
#1993=VECTOR('',#6619,39.3700787401575);
#1994=VECTOR('',#6622,39.3700787401575);
#1995=VECTOR('',#6623,39.3700787401575);
#1996=VECTOR('',#6626,39.3700787401575);
#1997=VECTOR('',#6627,39.3700787401575);
#1998=VECTOR('',#6630,39.3700787401575);
#1999=VECTOR('',#6635,39.3700787401575);
#2000=VECTOR('',#6636,39.3700787401575);
#2001=VECTOR('',#6637,39.3700787401575);
#2002=VECTOR('',#6640,39.3700787401575);
#2003=VECTOR('',#6641,39.3700787401575);
#2004=VECTOR('',#6644,39.3700787401575);
#2005=VECTOR('',#6645,39.3700787401575);
#2006=VECTOR('',#6648,39.3700787401575);
#2007=VECTOR('',#6649,39.3700787401575);
#2008=VECTOR('',#6652,39.3700787401575);
#2009=VECTOR('',#6653,39.3700787401575);
#2010=VECTOR('',#6656,39.3700787401575);
#2011=VECTOR('',#6657,39.3700787401575);
#2012=VECTOR('',#6660,39.3700787401575);
#2013=VECTOR('',#6661,39.3700787401575);
#2014=VECTOR('',#6664,39.3700787401575);
#2015=VECTOR('',#6665,39.3700787401575);
#2016=VECTOR('',#6668,39.3700787401575);
#2017=VECTOR('',#6669,39.3700787401575);
#2018=VECTOR('',#6672,39.3700787401575);
#2019=VECTOR('',#6673,39.3700787401575);
#2020=VECTOR('',#6676,39.3700787401575);
#2021=VECTOR('',#6677,39.3700787401575);
#2022=VECTOR('',#6680,39.3700787401575);
#2023=VECTOR('',#6681,39.3700787401575);
#2024=VECTOR('',#6684,39.3700787401575);
#2025=VECTOR('',#6687,39.3700787401575);
#2026=VECTOR('',#6688,39.3700787401575);
#2027=VECTOR('',#6689,39.3700787401575);
#2028=VECTOR('',#6690,39.3700787401575);
#2029=VECTOR('',#6691,39.3700787401575);
#2030=VECTOR('',#6694,39.3700787401575);
#2031=VECTOR('',#6695,39.3700787401575);
#2032=VECTOR('',#6698,39.3700787401575);
#2033=VECTOR('',#6699,39.3700787401575);
#2034=VECTOR('',#6700,39.3700787401575);
#2035=VECTOR('',#6701,39.3700787401575);
#2036=VECTOR('',#6702,39.3700787401575);
#2037=VECTOR('',#6703,39.3700787401575);
#2038=VECTOR('',#6704,39.3700787401575);
#2039=VECTOR('',#6705,39.3700787401575);
#2040=VECTOR('',#6706,39.3700787401575);
#2041=VECTOR('',#6709,39.3700787401575);
#2042=VECTOR('',#6710,39.3700787401575);
#2043=VECTOR('',#6713,39.3700787401575);
#2044=VECTOR('',#6714,39.3700787401575);
#2045=VECTOR('',#6715,39.3700787401575);
#2046=VECTOR('',#6716,39.3700787401575);
#2047=VECTOR('',#6717,39.3700787401575);
#2048=CIRCLE('',#5630,0.451);
#2049=CIRCLE('',#5631,0.451);
#2050=CIRCLE('',#5632,0.461);
#2051=CIRCLE('',#5634,0.451);
#2052=CIRCLE('',#5635,0.461);
#2053=CIRCLE('',#5637,0.515);
#2054=CIRCLE('',#5638,0.497679491924311);
#2055=CIRCLE('',#5640,0.505);
#2056=CIRCLE('',#5641,0.515);
#2057=CIRCLE('',#5642,0.515);
#2058=CIRCLE('',#5644,0.451);
#2059=CIRCLE('',#5645,0.451);
#2060=CIRCLE('',#5646,0.451);
#2061=CIRCLE('',#5647,0.451);
#2062=CIRCLE('',#5649,0.515);
#2063=CIRCLE('',#5650,0.515);
#2064=CIRCLE('',#5651,0.515);
#2065=CIRCLE('',#5653,0.461);
#2066=CIRCLE('',#5655,0.505);
#2067=CIRCLE('',#5660,0.461);
#2068=CIRCLE('',#5664,0.461);
#2069=CIRCLE('',#5674,0.5175);
#2070=CIRCLE('',#5675,0.5275);
#2071=CIRCLE('',#5677,0.5175);
#2072=CIRCLE('',#5678,0.5075);
#2073=CIRCLE('',#5680,0.6);
#2074=CIRCLE('',#5681,0.6);
#2075=CIRCLE('',#5682,0.59);
#2076=CIRCLE('',#5684,0.6);
#2077=CIRCLE('',#5685,0.59);
#2078=CIRCLE('',#5687,0.4725);
#2079=CIRCLE('',#5688,0.4725);
#2080=CIRCLE('',#5689,0.4825);
#2081=CIRCLE('',#5691,0.5175);
#2082=CIRCLE('',#5693,0.5375);
#2083=CIRCLE('',#5694,0.5375);
#2084=CIRCLE('',#5696,0.4725);
#2085=CIRCLE('',#5698,0.5175);
#2086=CIRCLE('',#5700,0.4995);
#2087=CIRCLE('',#5701,0.4995);
#2088=CIRCLE('',#5704,0.53503770444709);
#2089=CIRCLE('',#5705,0.539899202526642);
#2090=CIRCLE('',#5706,0.535091883789168);
#2091=CIRCLE('',#5708,0.535004401516451);
#2092=CIRCLE('',#5709,0.574981341230105);
#2093=CIRCLE('',#5710,0.572154877973195);
#2094=CIRCLE('',#5711,0.547374139029493);
#2095=CIRCLE('',#5712,0.576579112917712);
#2096=CIRCLE('',#5713,0.535005139615906);
#2097=CIRCLE('',#5714,0.53500485995606);
#2098=CIRCLE('',#5715,0.535004229892268);
#2099=CIRCLE('',#5716,0.566832721733374);
#2100=CIRCLE('',#5717,0.558835728756666);
#2101=CIRCLE('',#5719,0.569748262662384);
#2102=CIRCLE('',#5720,0.549416353497312);
#2103=CIRCLE('',#5721,0.565569229431036);
#2104=CIRCLE('',#5722,0.543694677625787);
#2105=CIRCLE('',#5723,0.537085779519222);
#2106=CIRCLE('',#5724,0.543071978253039);
#2107=CIRCLE('',#5725,0.536781646106057);
#2108=CIRCLE('',#5726,0.54341594995491);
#2109=CIRCLE('',#5727,0.539998801220973);
#2110=CIRCLE('',#5728,0.569503438243339);
#2111=CIRCLE('',#5734,0.576579112917712);
#2112=CIRCLE('',#5736,0.535005139615906);
#2113=CIRCLE('',#5739,0.53500485995606);
#2114=CIRCLE('',#5742,0.535004229892268);
#2115=CIRCLE('',#5744,0.566832721733374);
#2116=CIRCLE('',#5747,0.558835728756666);
#2117=CIRCLE('',#5752,0.53503770444709);
#2118=CIRCLE('',#5754,0.539899202526642);
#2119=CIRCLE('',#5756,0.535091883789168);
#2120=CIRCLE('',#5759,0.535004401516451);
#2121=CIRCLE('',#5761,0.574981341230105);
#2122=CIRCLE('',#5764,0.572154877973195);
#2123=CIRCLE('',#5766,0.547374139029493);
#2124=CIRCLE('',#5768,0.549271856796114);
#2125=CIRCLE('',#5769,0.549271856796114);
#2126=CIRCLE('',#5772,0.554129447467626);
#2127=CIRCLE('',#5773,0.554129447467626);
#2128=CIRCLE('',#5774,0.569748262662384);
#2129=CIRCLE('',#5775,0.549416353497312);
#2130=CIRCLE('',#5777,0.565569229431036);
#2131=CIRCLE('',#5778,0.543694677625787);
#2132=CIRCLE('',#5781,0.537085779519222);
#2133=CIRCLE('',#5783,0.543071978253039);
#2134=CIRCLE('',#5785,0.536781646106057);
#2135=CIRCLE('',#5791,0.54341594995491);
#2136=CIRCLE('',#5796,0.569503438243339);
#2137=CIRCLE('',#5801,0.539998801220973);
#2138=VERTEX_POINT('',#6722);
#2139=VERTEX_POINT('',#6723);
#2140=VERTEX_POINT('',#6726);
#2141=VERTEX_POINT('',#6730);
#2142=VERTEX_POINT('',#6731);
#2143=VERTEX_POINT('',#6733);
#2144=VERTEX_POINT('',#6737);
#2145=VERTEX_POINT('',#6739);
#2146=VERTEX_POINT('',#6741);
#2147=VERTEX_POINT('',#6747);
#2148=VERTEX_POINT('',#6749);
#2149=VERTEX_POINT('',#6753);
#2150=VERTEX_POINT('',#6754);
#2151=VERTEX_POINT('',#6756);
#2152=VERTEX_POINT('',#6758);
#2153=VERTEX_POINT('',#6760);
#2154=VERTEX_POINT('',#6764);
#2155=VERTEX_POINT('',#6766);
#2156=VERTEX_POINT('',#6768);
#2157=VERTEX_POINT('',#6770);
#2158=VERTEX_POINT('',#6773);
#2159=VERTEX_POINT('',#6775);
#2160=VERTEX_POINT('',#6777);
#2161=VERTEX_POINT('',#6781);
#2162=VERTEX_POINT('',#6782);
#2163=VERTEX_POINT('',#6784);
#2164=VERTEX_POINT('',#6786);
#2165=VERTEX_POINT('',#6790);
#2166=VERTEX_POINT('',#6792);
#2167=VERTEX_POINT('',#6796);
#2168=VERTEX_POINT('',#6798);
#2169=VERTEX_POINT('',#6802);
#2170=VERTEX_POINT('',#6804);
#2171=VERTEX_POINT('',#6809);
#2172=VERTEX_POINT('',#6811);
#2173=VERTEX_POINT('',#6816);
#2174=VERTEX_POINT('',#6817);
#2175=VERTEX_POINT('',#6819);
#2176=VERTEX_POINT('',#6826);
#2177=VERTEX_POINT('',#6828);
#2178=VERTEX_POINT('',#6830);
#2179=VERTEX_POINT('',#6834);
#2180=VERTEX_POINT('',#6836);
#2181=VERTEX_POINT('',#6869);
#2182=VERTEX_POINT('',#6871);
#2183=VERTEX_POINT('',#6875);
#2184=VERTEX_POINT('',#6877);
#2185=VERTEX_POINT('',#6881);
#2186=VERTEX_POINT('',#6882);
#2187=VERTEX_POINT('',#6885);
#2188=VERTEX_POINT('',#6889);
#2189=VERTEX_POINT('',#6891);
#2190=VERTEX_POINT('',#6895);
#2191=VERTEX_POINT('',#6896);
#2192=VERTEX_POINT('',#6899);
#2193=VERTEX_POINT('',#6903);
#2194=VERTEX_POINT('',#6907);
#2195=VERTEX_POINT('',#6909);
#2196=VERTEX_POINT('',#6913);
#2197=VERTEX_POINT('',#6917);
#2198=VERTEX_POINT('',#6921);
#2199=VERTEX_POINT('',#6923);
#2200=VERTEX_POINT('',#6929);
#2201=VERTEX_POINT('',#6930);
#2202=VERTEX_POINT('',#6936);
#2203=VERTEX_POINT('',#6941);
#2204=VERTEX_POINT('',#6947);
#2205=VERTEX_POINT('',#6952);
#2206=VERTEX_POINT('',#6964);
#2207=VERTEX_POINT('',#6965);
#2208=VERTEX_POINT('',#6985);
#2209=VERTEX_POINT('',#7005);
#2210=VERTEX_POINT('',#7044);
#2211=VERTEX_POINT('',#7045);
#2212=VERTEX_POINT('',#7047);
#2213=VERTEX_POINT('',#7049);
#2214=VERTEX_POINT('',#7051);
#2215=VERTEX_POINT('',#7053);
#2216=VERTEX_POINT('',#7055);
#2217=VERTEX_POINT('',#7057);
#2218=VERTEX_POINT('',#7059);
#2219=VERTEX_POINT('',#7061);
#2220=VERTEX_POINT('',#7071);
#2221=VERTEX_POINT('',#7083);
#2222=VERTEX_POINT('',#7086);
#2223=VERTEX_POINT('',#7087);
#2224=VERTEX_POINT('',#7099);
#2225=VERTEX_POINT('',#7119);
#2226=VERTEX_POINT('',#7131);
#2227=VERTEX_POINT('',#7143);
#2228=VERTEX_POINT('',#7155);
#2229=VERTEX_POINT('',#7157);
#2230=VERTEX_POINT('',#7159);
#2231=VERTEX_POINT('',#7171);
#2232=VERTEX_POINT('',#7191);
#2233=VERTEX_POINT('',#7207);
#2234=VERTEX_POINT('',#7215);
#2235=VERTEX_POINT('',#7235);
#2236=VERTEX_POINT('',#7255);
#2237=VERTEX_POINT('',#7267);
#2238=VERTEX_POINT('',#7269);
#2239=VERTEX_POINT('',#7271);
#2240=VERTEX_POINT('',#7283);
#2241=VERTEX_POINT('',#7318);
#2242=VERTEX_POINT('',#7319);
#2243=VERTEX_POINT('',#7321);
#2244=VERTEX_POINT('',#7323);
#2245=VERTEX_POINT('',#7325);
#2246=VERTEX_POINT('',#7327);
#2247=VERTEX_POINT('',#7329);
#2248=VERTEX_POINT('',#7331);
#2249=VERTEX_POINT('',#7333);
#2250=VERTEX_POINT('',#7335);
#2251=VERTEX_POINT('',#7337);
#2252=VERTEX_POINT('',#7339);
#2253=VERTEX_POINT('',#7341);
#2254=VERTEX_POINT('',#7344);
#2255=VERTEX_POINT('',#7345);
#2256=VERTEX_POINT('',#7347);
#2257=VERTEX_POINT('',#7349);
#2258=VERTEX_POINT('',#7351);
#2259=VERTEX_POINT('',#7353);
#2260=VERTEX_POINT('',#7356);
#2261=VERTEX_POINT('',#7357);
#2262=VERTEX_POINT('',#7359);
#2263=VERTEX_POINT('',#7371);
#2264=VERTEX_POINT('',#7383);
#2265=VERTEX_POINT('',#7395);
#2266=VERTEX_POINT('',#7407);
#2267=VERTEX_POINT('',#7419);
#2268=VERTEX_POINT('',#7421);
#2269=VERTEX_POINT('',#7423);
#2270=VERTEX_POINT('',#7435);
#2271=VERTEX_POINT('',#7447);
#2272=VERTEX_POINT('',#7459);
#2273=VERTEX_POINT('',#7471);
#2274=VERTEX_POINT('',#7481);
#2275=VERTEX_POINT('',#7483);
#2276=VERTEX_POINT('',#7485);
#2277=VERTEX_POINT('',#7487);
#2278=VERTEX_POINT('',#7507);
#2279=VERTEX_POINT('',#7519);
#2280=VERTEX_POINT('',#7529);
#2281=VERTEX_POINT('',#7541);
#2282=VERTEX_POINT('',#7543);
#2283=VERTEX_POINT('',#7545);
#2284=VERTEX_POINT('',#7557);
#2285=VERTEX_POINT('',#7569);
#2286=VERTEX_POINT('',#7600);
#2287=VERTEX_POINT('',#7601);
#2288=VERTEX_POINT('',#7606);
#2289=VERTEX_POINT('',#7615);
#2290=VERTEX_POINT('',#7617);
#2291=VERTEX_POINT('',#7619);
#2292=VERTEX_POINT('',#7621);
#2293=VERTEX_POINT('',#7623);
#2294=VERTEX_POINT('',#7625);
#2295=VERTEX_POINT('',#7630);
#2296=VERTEX_POINT('',#7636);
#2297=VERTEX_POINT('',#7638);
#2298=VERTEX_POINT('',#7640);
#2299=VERTEX_POINT('',#7642);
#2300=VERTEX_POINT('',#7644);
#2301=VERTEX_POINT('',#7646);
#2302=VERTEX_POINT('',#7652);
#2303=VERTEX_POINT('',#7657);
#2304=VERTEX_POINT('',#7659);
#2305=VERTEX_POINT('',#7664);
#2306=VERTEX_POINT('',#7669);
#2307=VERTEX_POINT('',#7671);
#2308=VERTEX_POINT('',#7673);
#2309=VERTEX_POINT('',#7675);
#2310=VERTEX_POINT('',#7677);
#2311=VERTEX_POINT('',#7688);
#2312=VERTEX_POINT('',#7694);
#2313=VERTEX_POINT('',#7706);
#2314=VERTEX_POINT('',#7708);
#2315=VERTEX_POINT('',#7714);
#2316=VERTEX_POINT('',#7725);
#2317=VERTEX_POINT('',#7735);
#2318=VERTEX_POINT('',#7748);
#2319=VERTEX_POINT('',#7754);
#2320=VERTEX_POINT('',#7759);
#2321=VERTEX_POINT('',#7770);
#2322=VERTEX_POINT('',#7780);
#2323=VERTEX_POINT('',#7785);
#2324=VERTEX_POINT('',#7794);
#2325=VERTEX_POINT('',#7795);
#2326=VERTEX_POINT('',#7797);
#2327=VERTEX_POINT('',#7799);
#2328=VERTEX_POINT('',#7801);
#2329=VERTEX_POINT('',#7803);
#2330=VERTEX_POINT('',#7805);
#2331=VERTEX_POINT('',#7812);
#2332=VERTEX_POINT('',#7814);
#2333=VERTEX_POINT('',#7816);
#2334=VERTEX_POINT('',#7818);
#2335=VERTEX_POINT('',#7825);
#2336=VERTEX_POINT('',#7827);
#2337=VERTEX_POINT('',#7829);
#2338=VERTEX_POINT('',#7831);
#2339=VERTEX_POINT('',#7833);
#2340=VERTEX_POINT('',#7835);
#2341=VERTEX_POINT('',#7842);
#2342=VERTEX_POINT('',#7846);
#2343=VERTEX_POINT('',#7847);
#2344=VERTEX_POINT('',#7859);
#2345=VERTEX_POINT('',#7867);
#2346=VERTEX_POINT('',#7876);
#2347=VERTEX_POINT('',#7878);
#2348=VERTEX_POINT('',#7888);
#2349=VERTEX_POINT('',#7899);
#2350=VERTEX_POINT('',#7907);
#2351=VERTEX_POINT('',#7918);
#2352=VERTEX_POINT('',#7926);
#2353=VERTEX_POINT('',#7935);
#2354=VERTEX_POINT('',#7937);
#2355=VERTEX_POINT('',#7946);
#2356=VERTEX_POINT('',#7955);
#2357=VERTEX_POINT('',#7965);
#2358=VERTEX_POINT('',#7971);
#2359=VERTEX_POINT('',#7973);
#2360=VERTEX_POINT('',#7989);
#2361=VERTEX_POINT('',#7991);
#2362=VERTEX_POINT('',#7999);
#2363=VERTEX_POINT('',#8001);
#2364=VERTEX_POINT('',#8003);
#2365=VERTEX_POINT('',#8009);
#2366=VERTEX_POINT('',#8011);
#2367=VERTEX_POINT('',#8013);
#2368=VERTEX_POINT('',#8015);
#2369=VERTEX_POINT('',#8017);
#2370=VERTEX_POINT('',#8019);
#2371=VERTEX_POINT('',#8021);
#2372=VERTEX_POINT('',#8033);
#2373=VERTEX_POINT('',#8043);
#2374=VERTEX_POINT('',#8061);
#2375=VERTEX_POINT('',#8062);
#2376=VERTEX_POINT('',#8068);
#2377=VERTEX_POINT('',#8070);
#2378=VERTEX_POINT('',#8076);
#2379=VERTEX_POINT('',#8077);
#2380=VERTEX_POINT('',#8082);
#2381=VERTEX_POINT('',#8087);
#2382=VERTEX_POINT('',#8089);
#2383=VERTEX_POINT('',#8097);
#2384=VERTEX_POINT('',#8098);
#2385=VERTEX_POINT('',#8100);
#2386=VERTEX_POINT('',#8102);
#2387=VERTEX_POINT('',#8107);
#2388=VERTEX_POINT('',#8131);
#2389=VERTEX_POINT('',#8133);
#2390=VERTEX_POINT('',#8137);
#2391=VERTEX_POINT('',#8148);
#2392=VERTEX_POINT('',#8152);
#2393=VERTEX_POINT('',#8163);
#2394=VERTEX_POINT('',#8172);
#2395=VERTEX_POINT('',#8183);
#2396=VERTEX_POINT('',#8187);
#2397=VERTEX_POINT('',#8198);
#2398=VERTEX_POINT('',#8207);
#2399=VERTEX_POINT('',#8218);
#2400=VERTEX_POINT('',#8222);
#2401=VERTEX_POINT('',#8233);
#2402=VERTEX_POINT('',#8237);
#2403=VERTEX_POINT('',#8248);
#2404=VERTEX_POINT('',#8257);
#2405=VERTEX_POINT('',#8268);
#2406=VERTEX_POINT('',#8284);
#2407=VERTEX_POINT('',#8285);
#2408=VERTEX_POINT('',#8291);
#2409=VERTEX_POINT('',#8293);
#2410=VERTEX_POINT('',#8310);
#2411=VERTEX_POINT('',#8316);
#2412=VERTEX_POINT('',#8333);
#2413=VERTEX_POINT('',#8339);
#2414=VERTEX_POINT('',#8354);
#2415=VERTEX_POINT('',#8356);
#2416=VERTEX_POINT('',#8372);
#2417=VERTEX_POINT('',#8387);
#2418=VERTEX_POINT('',#8403);
#2419=VERTEX_POINT('',#8422);
#2420=VERTEX_POINT('',#8475);
#2421=VERTEX_POINT('',#8477);
#2422=VERTEX_POINT('',#8499);
#2423=VERTEX_POINT('',#8517);
#2424=VERTEX_POINT('',#8521);
#2425=VERTEX_POINT('',#8532);
#2426=VERTEX_POINT('',#8536);
#2427=VERTEX_POINT('',#8547);
#2428=VERTEX_POINT('',#8558);
#2429=VERTEX_POINT('',#8574);
#2430=VERTEX_POINT('',#8589);
#2431=VERTEX_POINT('',#8593);
#2432=VERTEX_POINT('',#8604);
#2433=VERTEX_POINT('',#8608);
#2434=VERTEX_POINT('',#8619);
#2435=VERTEX_POINT('',#8632);
#2436=VERTEX_POINT('',#8647);
#2437=VERTEX_POINT('',#8654);
#2438=VERTEX_POINT('',#8665);
#2439=VERTEX_POINT('',#8679);
#2440=VERTEX_POINT('',#8686);
#2441=VERTEX_POINT('',#8697);
#2442=VERTEX_POINT('',#8701);
#2443=VERTEX_POINT('',#8712);
#2444=VERTEX_POINT('',#8735);
#2445=VERTEX_POINT('',#8757);
#2446=VERTEX_POINT('',#8786);
#2447=VERTEX_POINT('',#8800);
#2448=VERTEX_POINT('',#8813);
#2449=VERTEX_POINT('',#8840);
#2450=VERTEX_POINT('',#8870);
#2451=VERTEX_POINT('',#8905);
#2452=VERTEX_POINT('',#8929);
#2453=VERTEX_POINT('',#8944);
#2454=VERTEX_POINT('',#8970);
#2455=VERTEX_POINT('',#9000);
#2456=VERTEX_POINT('',#9019);
#2457=VERTEX_POINT('',#9033);
#2458=VERTEX_POINT('',#9053);
#2459=VERTEX_POINT('',#9054);
#2460=VERTEX_POINT('',#9062);
#2461=VERTEX_POINT('',#9064);
#2462=VERTEX_POINT('',#9091);
#2463=VERTEX_POINT('',#9101);
#2464=VERTEX_POINT('',#9122);
#2465=VERTEX_POINT('',#9128);
#2466=VERTEX_POINT('',#9151);
#2467=VERTEX_POINT('',#9152);
#2468=VERTEX_POINT('',#9161);
#2469=VERTEX_POINT('',#9163);
#2470=VERTEX_POINT('',#9181);
#2471=VERTEX_POINT('',#9183);
#2472=VERTEX_POINT('',#9187);
#2473=VERTEX_POINT('',#9189);
#2474=VERTEX_POINT('',#9212);
#2475=VERTEX_POINT('',#9223);
#2476=VERTEX_POINT('',#9243);
#2477=VERTEX_POINT('',#9244);
#2478=VERTEX_POINT('',#9249);
#2479=VERTEX_POINT('',#9251);
#2480=VERTEX_POINT('',#9265);
#2481=VERTEX_POINT('',#9272);
#2482=VERTEX_POINT('',#9281);
#2483=VERTEX_POINT('',#9283);
#2484=VERTEX_POINT('',#9294);
#2485=VERTEX_POINT('',#9296);
#2486=VERTEX_POINT('',#9321);
#2487=VERTEX_POINT('',#9323);
#2488=VERTEX_POINT('',#9350);
#2489=VERTEX_POINT('',#9375);
#2490=VERTEX_POINT('',#9393);
#2491=VERTEX_POINT('',#9414);
#2492=VERTEX_POINT('',#9445);
#2493=VERTEX_POINT('',#9471);
#2494=VERTEX_POINT('',#9500);
#2495=VERTEX_POINT('',#9526);
#2496=VERTEX_POINT('',#9551);
#2497=VERTEX_POINT('',#9569);
#2498=VERTEX_POINT('',#9588);
#2499=VERTEX_POINT('',#9614);
#2500=VERTEX_POINT('',#9642);
#2501=VERTEX_POINT('',#9663);
#2502=VERTEX_POINT('',#9671);
#2503=VERTEX_POINT('',#9704);
#2504=VERTEX_POINT('',#9729);
#2505=VERTEX_POINT('',#9746);
#2506=VERTEX_POINT('',#9763);
#2507=VERTEX_POINT('',#9767);
#2508=VERTEX_POINT('',#9780);
#2509=VERTEX_POINT('',#9788);
#2510=VERTEX_POINT('',#9799);
#2511=VERTEX_POINT('',#9803);
#2512=VERTEX_POINT('',#9814);
#2513=VERTEX_POINT('',#9818);
#2514=VERTEX_POINT('',#9829);
#2515=VERTEX_POINT('',#9854);
#2516=VERTEX_POINT('',#9885);
#2517=VERTEX_POINT('',#9916);
#2518=VERTEX_POINT('',#9948);
#2519=VERTEX_POINT('',#9949);
#2520=VERTEX_POINT('',#9960);
#2521=VERTEX_POINT('',#9962);
#2522=VERTEX_POINT('',#9988);
#2523=VERTEX_POINT('',#9996);
#2524=VERTEX_POINT('',#10151);
#2525=VERTEX_POINT('',#10153);
#2526=VERTEX_POINT('',#10157);
#2527=VERTEX_POINT('',#10168);
#2528=VERTEX_POINT('',#10182);
#2529=VERTEX_POINT('',#10183);
#2530=VERTEX_POINT('',#10188);
#2531=VERTEX_POINT('',#10190);
#2532=VERTEX_POINT('',#10204);
#2533=VERTEX_POINT('',#10209);
#2534=VERTEX_POINT('',#10256);
#2535=VERTEX_POINT('',#10257);
#2536=VERTEX_POINT('',#10262);
#2537=VERTEX_POINT('',#10264);
#2538=VERTEX_POINT('',#10278);
#2539=VERTEX_POINT('',#10283);
#2540=VERTEX_POINT('',#10290);
#2541=VERTEX_POINT('',#10292);
#2542=VERTEX_POINT('',#10303);
#2543=VERTEX_POINT('',#10308);
#2544=VERTEX_POINT('',#10322);
#2545=VERTEX_POINT('',#10324);
#2546=VERTEX_POINT('',#10335);
#2547=VERTEX_POINT('',#10349);
#2548=VERTEX_POINT('',#10363);
#2549=VERTEX_POINT('',#10399);
#2550=VERTEX_POINT('',#10400);
#2551=VERTEX_POINT('',#10405);
#2552=VERTEX_POINT('',#10407);
#2553=VERTEX_POINT('',#10421);
#2554=VERTEX_POINT('',#10426);
#2555=VERTEX_POINT('',#10433);
#2556=VERTEX_POINT('',#10435);
#2557=VERTEX_POINT('',#10446);
#2558=VERTEX_POINT('',#10451);
#2559=VERTEX_POINT('',#10465);
#2560=VERTEX_POINT('',#10467);
#2561=VERTEX_POINT('',#10481);
#2562=VERTEX_POINT('',#10485);
#2563=VERTEX_POINT('',#10496);
#2564=VERTEX_POINT('',#10556);
#2565=VERTEX_POINT('',#10558);
#2566=VERTEX_POINT('',#10593);
#2567=VERTEX_POINT('',#10628);
#2568=VERTEX_POINT('',#10663);
#2569=VERTEX_POINT('',#10698);
#2570=VERTEX_POINT('',#10712);
#2571=VERTEX_POINT('',#10716);
#2572=VERTEX_POINT('',#10741);
#2573=VERTEX_POINT('',#10776);
#2574=VERTEX_POINT('',#10811);
#2575=VERTEX_POINT('',#10846);
#2576=VERTEX_POINT('',#10877);
#2577=VERTEX_POINT('',#10889);
#2578=VERTEX_POINT('',#10893);
#2579=VERTEX_POINT('',#10897);
#2580=VERTEX_POINT('',#10938);
#2581=VERTEX_POINT('',#10981);
#2582=VERTEX_POINT('',#11012);
#2583=VERTEX_POINT('',#11045);
#2584=VERTEX_POINT('',#11059);
#2585=VERTEX_POINT('',#11063);
#2586=VERTEX_POINT('',#11088);
#2587=VERTEX_POINT('',#11123);
#2588=VERTEX_POINT('',#11158);
#2589=VERTEX_POINT('',#11209);
#2590=VERTEX_POINT('',#11271);
#2591=VERTEX_POINT('',#11273);
#2592=VERTEX_POINT('',#11332);
#2593=VERTEX_POINT('',#11391);
#2594=VERTEX_POINT('',#11470);
#2595=VERTEX_POINT('',#11471);
#2596=VERTEX_POINT('',#11483);
#2597=VERTEX_POINT('',#11495);
#2598=VERTEX_POINT('',#11507);
#2599=VERTEX_POINT('',#11519);
#2600=VERTEX_POINT('',#11531);
#2601=VERTEX_POINT('',#11543);
#2602=VERTEX_POINT('',#11588);
#2603=VERTEX_POINT('',#11589);
#2604=VERTEX_POINT('',#11625);
#2605=VERTEX_POINT('',#11660);
#2606=VERTEX_POINT('',#11695);
#2607=VERTEX_POINT('',#11730);
#2608=VERTEX_POINT('',#11765);
#2609=VERTEX_POINT('',#11800);
#2610=VERTEX_POINT('',#11848);
#2611=VERTEX_POINT('',#11850);
#2612=VERTEX_POINT('',#11854);
#2613=VERTEX_POINT('',#11858);
#2614=VERTEX_POINT('',#11862);
#2615=VERTEX_POINT('',#11866);
#2616=VERTEX_POINT('',#11873);
#2617=VERTEX_POINT('',#11875);
#2618=VERTEX_POINT('',#11879);
#2619=VERTEX_POINT('',#11883);
#2620=VERTEX_POINT('',#11887);
#2621=VERTEX_POINT('',#11891);
#2622=VERTEX_POINT('',#11895);
#2623=VERTEX_POINT('',#11899);
#2624=VERTEX_POINT('',#11920);
#2625=VERTEX_POINT('',#11953);
#2626=VERTEX_POINT('',#11967);
#2627=VERTEX_POINT('',#11971);
#2628=VERTEX_POINT('',#11978);
#2629=VERTEX_POINT('',#11980);
#2630=VERTEX_POINT('',#11984);
#2631=VERTEX_POINT('',#11988);
#2632=VERTEX_POINT('',#11992);
#2633=VERTEX_POINT('',#11996);
#2634=VERTEX_POINT('',#12000);
#2635=VERTEX_POINT('',#12004);
#2636=VERTEX_POINT('',#12008);
#2637=VERTEX_POINT('',#12012);
#2638=VERTEX_POINT('',#12016);
#2639=VERTEX_POINT('',#12020);
#2640=VERTEX_POINT('',#12024);
#2641=VERTEX_POINT('',#12068);
#2642=VERTEX_POINT('',#12070);
#2643=VERTEX_POINT('',#12113);
#2644=VERTEX_POINT('',#12148);
#2645=VERTEX_POINT('',#12183);
#2646=VERTEX_POINT('',#12197);
#2647=VERTEX_POINT('',#12201);
#2648=VERTEX_POINT('',#12226);
#2649=VERTEX_POINT('',#12277);
#2650=VERTEX_POINT('',#12328);
#2651=VERTEX_POINT('',#12359);
#2652=VERTEX_POINT('',#12406);
#2653=VERTEX_POINT('',#12465);
#2654=VERTEX_POINT('',#12508);
#2655=VERTEX_POINT('',#12522);
#2656=VERTEX_POINT('',#12526);
#2657=VERTEX_POINT('',#12551);
#2658=VERTEX_POINT('',#12602);
#2659=VERTEX_POINT('',#12653);
#2660=EDGE_CURVE('',#2138,#2139,#2048,.T.);
#2661=EDGE_CURVE('',#2139,#2138,#2049,.T.);
#2662=EDGE_CURVE('',#2139,#2140,#1214,.T.);
#2663=EDGE_CURVE('',#2140,#2140,#2050,.T.);
#2664=EDGE_CURVE('',#2141,#2142,#2051,.T.);
#2665=EDGE_CURVE('',#2141,#2143,#593,.T.);
#2666=EDGE_CURVE('',#2144,#2143,#1215,.T.);
#2667=EDGE_CURVE('',#2145,#2144,#2052,.T.);
#2668=EDGE_CURVE('',#2146,#2145,#1216,.T.);
#2669=EDGE_CURVE('',#2142,#2146,#594,.T.);
#2670=EDGE_CURVE('',#2147,#2147,#2053,.T.);
#2671=EDGE_CURVE('',#2147,#2148,#1217,.T.);
#2672=EDGE_CURVE('',#2148,#2148,#2054,.T.);
#2673=EDGE_CURVE('',#2149,#2150,#2055,.T.);
#2674=EDGE_CURVE('',#2151,#2149,#1218,.T.);
#2675=EDGE_CURVE('',#2152,#2151,#2056,.T.);
#2676=EDGE_CURVE('',#2153,#2152,#2057,.T.);
#2677=EDGE_CURVE('',#2150,#2153,#1219,.T.);
#2678=EDGE_CURVE('',#2138,#2154,#1220,.T.);
#2679=EDGE_CURVE('',#2154,#2155,#2058,.T.);
#2680=EDGE_CURVE('',#2155,#2156,#1221,.T.);
#2681=EDGE_CURVE('',#2156,#2157,#2059,.T.);
#2682=EDGE_CURVE('',#2157,#2141,#1222,.T.);
#2683=EDGE_CURVE('',#2142,#2158,#1223,.T.);
#2684=EDGE_CURVE('',#2158,#2159,#2060,.T.);
#2685=EDGE_CURVE('',#2159,#2160,#1224,.T.);
#2686=EDGE_CURVE('',#2160,#2154,#2061,.T.);
#2687=EDGE_CURVE('',#2161,#2162,#2062,.T.);
#2688=EDGE_CURVE('',#2163,#2162,#1225,.T.);
#2689=EDGE_CURVE('',#2163,#2164,#2063,.T.);
#2690=EDGE_CURVE('',#2164,#2153,#1226,.T.);
#2691=EDGE_CURVE('',#2152,#2147,#1227,.T.);
#2692=EDGE_CURVE('',#2165,#2151,#1228,.T.);
#2693=EDGE_CURVE('',#2165,#2166,#2064,.T.);
#2694=EDGE_CURVE('',#2166,#2161,#1229,.T.);
#2695=EDGE_CURVE('',#2167,#2150,#1230,.T.);
#2696=EDGE_CURVE('',#2167,#2168,#2065,.T.);
#2697=EDGE_CURVE('',#2168,#2149,#1231,.T.);
#2698=EDGE_CURVE('',#2169,#2145,#1232,.T.);
#2699=EDGE_CURVE('',#2144,#2170,#1233,.T.);
#2700=EDGE_CURVE('',#2170,#2169,#2066,.T.);
#2701=EDGE_CURVE('',#2143,#2171,#1234,.T.);
#2702=EDGE_CURVE('',#2171,#2172,#1235,.T.);
#2703=EDGE_CURVE('',#2172,#2163,#1236,.T.);
#2704=EDGE_CURVE('',#2162,#2170,#1237,.T.);
#2705=EDGE_CURVE('',#2173,#2174,#1238,.T.);
#2706=EDGE_CURVE('',#2174,#2175,#1239,.T.);
#2707=EDGE_CURVE('',#2175,#2167,#1240,.T.);
#2708=EDGE_CURVE('',#2173,#2164,#1241,.T.);
#2709=EDGE_CURVE('',#2172,#2173,#2067,.T.);
#2710=EDGE_CURVE('',#2168,#2176,#1242,.T.);
#2711=EDGE_CURVE('',#2176,#2177,#1243,.T.);
#2712=EDGE_CURVE('',#2177,#2178,#1244,.T.);
#2713=EDGE_CURVE('',#2178,#2165,#1245,.T.);
#2714=EDGE_CURVE('',#2166,#2179,#1246,.T.);
#2715=EDGE_CURVE('',#2179,#2180,#1247,.T.);
#2716=EDGE_CURVE('',#2180,#2146,#1248,.T.);
#2717=EDGE_CURVE('',#2169,#2161,#1249,.T.);
#2718=EDGE_CURVE('',#2178,#2179,#2068,.T.);
#2719=EDGE_CURVE('',#2156,#2174,#595,.T.);
#2720=EDGE_CURVE('',#2175,#2155,#596,.T.);
#2721=EDGE_CURVE('',#2176,#2160,#597,.T.);
#2722=EDGE_CURVE('',#2157,#2171,#598,.T.);
#2723=EDGE_CURVE('',#2177,#2159,#599,.T.);
#2724=EDGE_CURVE('',#2180,#2158,#600,.T.);
#2725=EDGE_CURVE('',#2181,#2181,#2069,.T.);
#2726=EDGE_CURVE('',#2181,#2182,#1250,.T.);
#2727=EDGE_CURVE('',#2182,#2182,#2070,.T.);
#2728=EDGE_CURVE('',#2183,#2183,#2071,.T.);
#2729=EDGE_CURVE('',#2183,#2184,#1251,.T.);
#2730=EDGE_CURVE('',#2184,#2184,#2072,.T.);
#2731=EDGE_CURVE('',#2185,#2186,#2073,.T.);
#2732=EDGE_CURVE('',#2186,#2185,#2074,.T.);
#2733=EDGE_CURVE('',#2186,#2187,#1252,.T.);
#2734=EDGE_CURVE('',#2187,#2187,#2075,.T.);
#2735=EDGE_CURVE('',#2188,#2188,#2076,.T.);
#2736=EDGE_CURVE('',#2188,#2189,#1253,.T.);
#2737=EDGE_CURVE('',#2189,#2189,#2077,.T.);
#2738=EDGE_CURVE('',#2190,#2191,#2078,.T.);
#2739=EDGE_CURVE('',#2191,#2190,#2079,.T.);
#2740=EDGE_CURVE('',#2191,#2192,#1254,.T.);
#2741=EDGE_CURVE('',#2192,#2192,#2080,.T.);
#2742=EDGE_CURVE('',#2193,#2193,#2081,.T.);
#2743=EDGE_CURVE('',#2193,#2181,#1255,.T.);
#2744=EDGE_CURVE('',#2194,#2194,#2082,.T.);
#2745=EDGE_CURVE('',#2194,#2195,#1256,.T.);
#2746=EDGE_CURVE('',#2195,#2195,#2083,.T.);
#2747=EDGE_CURVE('',#2190,#2196,#1257,.T.);
#2748=EDGE_CURVE('',#2196,#2196,#2084,.T.);
#2749=EDGE_CURVE('',#2197,#2197,#2085,.T.);
#2750=EDGE_CURVE('',#2197,#2183,#1258,.T.);
#2751=EDGE_CURVE('',#2198,#2198,#2086,.T.);
#2752=EDGE_CURVE('',#2198,#2199,#1259,.T.);
#2753=EDGE_CURVE('',#2199,#2199,#2087,.T.);
#2754=EDGE_CURVE('',#2185,#2188,#1260,.T.);
#2755=EDGE_CURVE('',#2200,#2201,#175,.T.);
#2756=EDGE_CURVE('',#2201,#2202,#176,.T.);
#2757=EDGE_CURVE('',#2202,#2203,#177,.T.);
#2758=EDGE_CURVE('',#2203,#2204,#178,.T.);
#2759=EDGE_CURVE('',#2204,#2205,#179,.T.);
#2760=EDGE_CURVE('',#2205,#2200,#180,.T.);
#2761=EDGE_CURVE('',#2206,#2207,#181,.T.);
#2762=EDGE_CURVE('',#2207,#2208,#182,.T.);
#2763=EDGE_CURVE('',#2208,#2209,#183,.T.);
#2764=EDGE_CURVE('',#2209,#2206,#184,.T.);
#2765=EDGE_CURVE('',#2210,#2211,#1261,.T.);
#2766=EDGE_CURVE('',#2211,#2212,#1262,.T.);
#2767=EDGE_CURVE('',#2212,#2213,#1263,.T.);
#2768=EDGE_CURVE('',#2213,#2214,#1264,.T.);
#2769=EDGE_CURVE('',#2214,#2215,#1265,.T.);
#2770=EDGE_CURVE('',#2215,#2216,#1266,.T.);
#2771=EDGE_CURVE('',#2216,#2217,#1267,.T.);
#2772=EDGE_CURVE('',#2217,#2218,#1268,.T.);
#2773=EDGE_CURVE('',#2218,#2219,#185,.T.);
#2774=EDGE_CURVE('',#2219,#2220,#186,.T.);
#2775=EDGE_CURVE('',#2220,#2221,#1269,.T.);
#2776=EDGE_CURVE('',#2221,#2210,#1270,.T.);
#2777=EDGE_CURVE('',#2222,#2223,#187,.T.);
#2778=EDGE_CURVE('',#2223,#2224,#188,.T.);
#2779=EDGE_CURVE('',#2224,#2225,#189,.T.);
#2780=EDGE_CURVE('',#2225,#2226,#190,.T.);
#2781=EDGE_CURVE('',#2226,#2227,#191,.T.);
#2782=EDGE_CURVE('',#2227,#2228,#1271,.T.);
#2783=EDGE_CURVE('',#2228,#2229,#1272,.T.);
#2784=EDGE_CURVE('',#2229,#2230,#192,.T.);
#2785=EDGE_CURVE('',#2230,#2231,#193,.T.);
#2786=EDGE_CURVE('',#2231,#2232,#194,.T.);
#2787=EDGE_CURVE('',#2232,#2233,#195,.T.);
#2788=EDGE_CURVE('',#2233,#2234,#196,.T.);
#2789=EDGE_CURVE('',#2234,#2235,#197,.T.);
#2790=EDGE_CURVE('',#2235,#2236,#198,.T.);
#2791=EDGE_CURVE('',#2236,#2237,#1273,.T.);
#2792=EDGE_CURVE('',#2237,#2238,#1274,.T.);
#2793=EDGE_CURVE('',#2238,#2239,#199,.T.);
#2794=EDGE_CURVE('',#2239,#2240,#200,.T.);
#2795=EDGE_CURVE('',#2240,#2222,#201,.T.);
#2796=EDGE_CURVE('',#2241,#2242,#1275,.T.);
#2797=EDGE_CURVE('',#2242,#2243,#1276,.T.);
#2798=EDGE_CURVE('',#2243,#2244,#1277,.T.);
#2799=EDGE_CURVE('',#2244,#2245,#1278,.T.);
#2800=EDGE_CURVE('',#2245,#2246,#1279,.T.);
#2801=EDGE_CURVE('',#2246,#2247,#1280,.T.);
#2802=EDGE_CURVE('',#2247,#2248,#1281,.T.);
#2803=EDGE_CURVE('',#2248,#2249,#1282,.T.);
#2804=EDGE_CURVE('',#2249,#2250,#1283,.T.);
#2805=EDGE_CURVE('',#2250,#2251,#1284,.T.);
#2806=EDGE_CURVE('',#2251,#2252,#1285,.T.);
#2807=EDGE_CURVE('',#2252,#2253,#1286,.T.);
#2808=EDGE_CURVE('',#2253,#2241,#1287,.T.);
#2809=EDGE_CURVE('',#2254,#2255,#1288,.T.);
#2810=EDGE_CURVE('',#2255,#2256,#1289,.T.);
#2811=EDGE_CURVE('',#2256,#2257,#1290,.T.);
#2812=EDGE_CURVE('',#2257,#2258,#1291,.T.);
#2813=EDGE_CURVE('',#2258,#2259,#1292,.T.);
#2814=EDGE_CURVE('',#2259,#2254,#1293,.T.);
#2815=EDGE_CURVE('',#2260,#2261,#1294,.T.);
#2816=EDGE_CURVE('',#2261,#2262,#202,.T.);
#2817=EDGE_CURVE('',#2262,#2263,#203,.T.);
#2818=EDGE_CURVE('',#2263,#2264,#204,.T.);
#2819=EDGE_CURVE('',#2264,#2265,#205,.T.);
#2820=EDGE_CURVE('',#2265,#2266,#206,.T.);
#2821=EDGE_CURVE('',#2266,#2267,#1295,.T.);
#2822=EDGE_CURVE('',#2267,#2268,#1296,.T.);
#2823=EDGE_CURVE('',#2268,#2269,#207,.T.);
#2824=EDGE_CURVE('',#2269,#2270,#208,.T.);
#2825=EDGE_CURVE('',#2270,#2271,#209,.T.);
#2826=EDGE_CURVE('',#2271,#2272,#210,.T.);
#2827=EDGE_CURVE('',#2272,#2273,#211,.T.);
#2828=EDGE_CURVE('',#2273,#2274,#1297,.T.);
#2829=EDGE_CURVE('',#2274,#2275,#1298,.T.);
#2830=EDGE_CURVE('',#2275,#2276,#1299,.T.);
#2831=EDGE_CURVE('',#2276,#2277,#212,.T.);
#2832=EDGE_CURVE('',#2277,#2278,#213,.T.);
#2833=EDGE_CURVE('',#2278,#2279,#214,.T.);
#2834=EDGE_CURVE('',#2279,#2280,#215,.T.);
#2835=EDGE_CURVE('',#2280,#2281,#1300,.T.);
#2836=EDGE_CURVE('',#2281,#2282,#1301,.T.);
#2837=EDGE_CURVE('',#2282,#2283,#216,.T.);
#2838=EDGE_CURVE('',#2283,#2284,#217,.T.);
#2839=EDGE_CURVE('',#2284,#2285,#218,.T.);
#2840=EDGE_CURVE('',#2285,#2260,#219,.T.);
#2841=EDGE_CURVE('',#2286,#2287,#220,.T.);
#2842=EDGE_CURVE('',#2288,#2286,#221,.T.);
#2843=EDGE_CURVE('',#2289,#2288,#2088,.T.);
#2844=EDGE_CURVE('',#2290,#2289,#1302,.T.);
#2845=EDGE_CURVE('',#2291,#2290,#2089,.T.);
#2846=EDGE_CURVE('',#2292,#2291,#1303,.T.);
#2847=EDGE_CURVE('',#2292,#2293,#2090,.T.);
#2848=EDGE_CURVE('',#2293,#2294,#222,.T.);
#2849=EDGE_CURVE('',#2294,#2295,#223,.T.);
#2850=EDGE_CURVE('',#2295,#2296,#173,.T.);
#2851=EDGE_CURVE('',#2296,#2297,#1304,.T.);
#2852=EDGE_CURVE('',#2297,#2298,#2091,.T.);
#2853=EDGE_CURVE('',#2298,#2299,#1305,.T.);
#2854=EDGE_CURVE('',#2299,#2300,#2092,.T.);
#2855=EDGE_CURVE('',#2300,#2301,#224,.T.);
#2856=EDGE_CURVE('',#2301,#2302,#225,.T.);
#2857=EDGE_CURVE('',#2302,#2303,#1306,.T.);
#2858=EDGE_CURVE('',#2303,#2304,#226,.T.);
#2859=EDGE_CURVE('',#2304,#2305,#227,.T.);
#2860=EDGE_CURVE('',#2306,#2305,#1307,.T.);
#2861=EDGE_CURVE('',#2307,#2306,#2093,.T.);
#2862=EDGE_CURVE('',#2308,#2307,#1308,.T.);
#2863=EDGE_CURVE('',#2309,#2308,#2094,.T.);
#2864=EDGE_CURVE('',#2310,#2309,#228,.T.);
#2865=EDGE_CURVE('',#2311,#2310,#229,.T.);
#2866=EDGE_CURVE('',#2312,#2311,#230,.T.);
#2867=EDGE_CURVE('',#2313,#2312,#1309,.T.);
#2868=EDGE_CURVE('',#2314,#2313,#231,.T.);
#2869=EDGE_CURVE('',#2315,#2314,#232,.T.);
#2870=EDGE_CURVE('',#2316,#2315,#233,.T.);
#2871=EDGE_CURVE('',#2317,#2316,#234,.T.);
#2872=EDGE_CURVE('',#2318,#2317,#235,.T.);
#2873=EDGE_CURVE('',#2319,#2318,#236,.T.);
#2874=EDGE_CURVE('',#2320,#2319,#237,.T.);
#2875=EDGE_CURVE('',#2321,#2320,#238,.T.);
#2876=EDGE_CURVE('',#2322,#2321,#239,.T.);
#2877=EDGE_CURVE('',#2323,#2322,#240,.T.);
#2878=EDGE_CURVE('',#2287,#2323,#241,.T.);
#2879=EDGE_CURVE('',#2324,#2325,#1310,.T.);
#2880=EDGE_CURVE('',#2325,#2326,#2095,.T.);
#2881=EDGE_CURVE('',#2326,#2327,#1311,.T.);
#2882=EDGE_CURVE('',#2327,#2328,#2096,.T.);
#2883=EDGE_CURVE('',#2328,#2329,#1312,.T.);
#2884=EDGE_CURVE('',#2329,#2330,#242,.T.);
#2885=EDGE_CURVE('',#2330,#2331,#1313,.T.);
#2886=EDGE_CURVE('',#2331,#2332,#2097,.T.);
#2887=EDGE_CURVE('',#2332,#2333,#1314,.T.);
#2888=EDGE_CURVE('',#2333,#2334,#243,.T.);
#2889=EDGE_CURVE('',#2334,#2335,#1315,.T.);
#2890=EDGE_CURVE('',#2335,#2336,#2098,.T.);
#2891=EDGE_CURVE('',#2336,#2337,#1316,.T.);
#2892=EDGE_CURVE('',#2337,#2338,#2099,.T.);
#2893=EDGE_CURVE('',#2338,#2339,#1317,.T.);
#2894=EDGE_CURVE('',#2339,#2340,#244,.T.);
#2895=EDGE_CURVE('',#2340,#2341,#1318,.T.);
#2896=EDGE_CURVE('',#2341,#2324,#2100,.T.);
#2897=EDGE_CURVE('',#2342,#2343,#245,.T.);
#2898=EDGE_CURVE('',#2344,#2342,#246,.T.);
#2899=EDGE_CURVE('',#2345,#2344,#247,.T.);
#2900=EDGE_CURVE('',#2346,#2345,#2101,.T.);
#2901=EDGE_CURVE('',#2347,#2346,#248,.T.);
#2902=EDGE_CURVE('',#2348,#2347,#249,.T.);
#2903=EDGE_CURVE('',#2349,#2348,#250,.T.);
#2904=EDGE_CURVE('',#2350,#2349,#251,.T.);
#2905=EDGE_CURVE('',#2351,#2350,#252,.T.);
#2906=EDGE_CURVE('',#2352,#2351,#253,.T.);
#2907=EDGE_CURVE('',#2353,#2352,#2102,.T.);
#2908=EDGE_CURVE('',#2354,#2353,#254,.T.);
#2909=EDGE_CURVE('',#2355,#2354,#255,.T.);
#2910=EDGE_CURVE('',#2356,#2355,#256,.T.);
#2911=EDGE_CURVE('',#2357,#2356,#257,.T.);
#2912=EDGE_CURVE('',#2358,#2357,#1319,.T.);
#2913=EDGE_CURVE('',#2359,#2358,#258,.T.);
#2914=EDGE_CURVE('',#2360,#2359,#2103,.T.);
#2915=EDGE_CURVE('',#2361,#2360,#259,.T.);
#2916=EDGE_CURVE('',#2362,#2361,#2104,.T.);
#2917=EDGE_CURVE('',#2363,#2362,#1320,.T.);
#2918=EDGE_CURVE('',#2364,#2363,#260,.T.);
#2919=EDGE_CURVE('',#2365,#2364,#1321,.T.);
#2920=EDGE_CURVE('',#2366,#2365,#2105,.T.);
#2921=EDGE_CURVE('',#2367,#2366,#1322,.T.);
#2922=EDGE_CURVE('',#2368,#2367,#2106,.T.);
#2923=EDGE_CURVE('',#2369,#2368,#1323,.T.);
#2924=EDGE_CURVE('',#2370,#2369,#2107,.T.);
#2925=EDGE_CURVE('',#2371,#2370,#261,.T.);
#2926=EDGE_CURVE('',#2372,#2371,#262,.T.);
#2927=EDGE_CURVE('',#2373,#2372,#263,.T.);
#2928=EDGE_CURVE('',#2343,#2373,#264,.T.);
#2929=EDGE_CURVE('',#2374,#2375,#265,.T.);
#2930=EDGE_CURVE('',#2375,#2376,#2108,.T.);
#2931=EDGE_CURVE('',#2377,#2376,#1324,.T.);
#2932=EDGE_CURVE('',#2377,#2374,#266,.T.);
#2933=EDGE_CURVE('',#2378,#2379,#267,.T.);
#2934=EDGE_CURVE('',#2379,#2380,#268,.T.);
#2935=EDGE_CURVE('',#2380,#2381,#2109,.T.);
#2936=EDGE_CURVE('',#2382,#2381,#1325,.T.);
#2937=EDGE_CURVE('',#2382,#2378,#269,.T.);
#2938=EDGE_CURVE('',#2383,#2384,#1326,.T.);
#2939=EDGE_CURVE('',#2384,#2385,#2110,.T.);
#2940=EDGE_CURVE('',#2385,#2386,#270,.T.);
#2941=EDGE_CURVE('',#2386,#2387,#271,.T.);
#2942=EDGE_CURVE('',#2387,#2383,#272,.T.);
#2943=EDGE_CURVE('',#2388,#2325,#1327,.T.);
#2944=EDGE_CURVE('',#2388,#2389,#2111,.T.);
#2945=EDGE_CURVE('',#2389,#2326,#1328,.T.);
#2946=EDGE_CURVE('',#2389,#2390,#1329,.T.);
#2947=EDGE_CURVE('',#2390,#2327,#1330,.T.);
#2948=EDGE_CURVE('',#2390,#2391,#2112,.T.);
#2949=EDGE_CURVE('',#2391,#2328,#1331,.T.);
#2950=EDGE_CURVE('',#2391,#2392,#1332,.T.);
#2951=EDGE_CURVE('',#2392,#2329,#1333,.T.);
#2952=EDGE_CURVE('',#2392,#2393,#273,.T.);
#2953=EDGE_CURVE('',#2393,#2330,#1334,.T.);
#2954=EDGE_CURVE('',#2393,#2394,#1335,.T.);
#2955=EDGE_CURVE('',#2394,#2331,#1336,.T.);
#2956=EDGE_CURVE('',#2394,#2395,#2113,.T.);
#2957=EDGE_CURVE('',#2395,#2332,#1337,.T.);
#2958=EDGE_CURVE('',#2395,#2396,#1338,.T.);
#2959=EDGE_CURVE('',#2396,#2333,#1339,.T.);
#2960=EDGE_CURVE('',#2396,#2397,#274,.T.);
#2961=EDGE_CURVE('',#2397,#2334,#1340,.T.);
#2962=EDGE_CURVE('',#2397,#2398,#1341,.T.);
#2963=EDGE_CURVE('',#2398,#2335,#1342,.T.);
#2964=EDGE_CURVE('',#2398,#2399,#2114,.T.);
#2965=EDGE_CURVE('',#2399,#2336,#1343,.T.);
#2966=EDGE_CURVE('',#2399,#2400,#1344,.T.);
#2967=EDGE_CURVE('',#2400,#2337,#1345,.T.);
#2968=EDGE_CURVE('',#2400,#2401,#2115,.T.);
#2969=EDGE_CURVE('',#2401,#2338,#1346,.T.);
#2970=EDGE_CURVE('',#2401,#2402,#1347,.T.);
#2971=EDGE_CURVE('',#2402,#2339,#1348,.T.);
#2972=EDGE_CURVE('',#2402,#2403,#275,.T.);
#2973=EDGE_CURVE('',#2403,#2340,#1349,.T.);
#2974=EDGE_CURVE('',#2403,#2404,#1350,.T.);
#2975=EDGE_CURVE('',#2404,#2341,#1351,.T.);
#2976=EDGE_CURVE('',#2404,#2405,#2116,.T.);
#2977=EDGE_CURVE('',#2405,#2324,#1352,.T.);
#2978=EDGE_CURVE('',#2405,#2388,#1353,.T.);
#2979=EDGE_CURVE('',#2406,#2407,#276,.T.);
#2980=EDGE_CURVE('',#2408,#2406,#1354,.T.);
#2981=EDGE_CURVE('',#2408,#2409,#277,.T.);
#2982=EDGE_CURVE('',#2409,#2407,#1355,.T.);
#2983=EDGE_CURVE('',#2407,#2410,#278,.T.);
#2984=EDGE_CURVE('',#2409,#2411,#279,.T.);
#2985=EDGE_CURVE('',#2411,#2410,#1356,.T.);
#2986=EDGE_CURVE('',#2410,#2412,#280,.T.);
#2987=EDGE_CURVE('',#2411,#2413,#281,.T.);
#2988=EDGE_CURVE('',#2413,#2412,#1357,.T.);
#2989=EDGE_CURVE('',#2414,#2201,#1358,.T.);
#2990=EDGE_CURVE('',#2414,#2415,#282,.T.);
#2991=EDGE_CURVE('',#2415,#2202,#1359,.T.);
#2992=EDGE_CURVE('',#2415,#2416,#283,.T.);
#2993=EDGE_CURVE('',#2416,#2203,#1360,.T.);
#2994=EDGE_CURVE('',#2416,#2417,#284,.T.);
#2995=EDGE_CURVE('',#2417,#2204,#1361,.T.);
#2996=EDGE_CURVE('',#2417,#2418,#285,.T.);
#2997=EDGE_CURVE('',#2418,#2205,#1362,.T.);
#2998=EDGE_CURVE('',#2418,#2419,#286,.T.);
#2999=EDGE_CURVE('',#2419,#2200,#1363,.T.);
#3000=EDGE_CURVE('',#2419,#2414,#287,.T.);
#3001=EDGE_CURVE('',#2412,#2406,#288,.T.);
#3002=EDGE_CURVE('',#2413,#2408,#289,.T.);
#3003=EDGE_CURVE('',#2420,#2287,#1364,.T.);
#3004=EDGE_CURVE('',#2421,#2420,#290,.T.);
#3005=EDGE_CURVE('',#2421,#2286,#1365,.T.);
#3006=EDGE_CURVE('',#2422,#2421,#291,.T.);
#3007=EDGE_CURVE('',#2422,#2288,#1366,.T.);
#3008=EDGE_CURVE('',#2423,#2422,#2117,.T.);
#3009=EDGE_CURVE('',#2423,#2289,#1367,.T.);
#3010=EDGE_CURVE('',#2424,#2423,#1368,.T.);
#3011=EDGE_CURVE('',#2424,#2290,#1369,.T.);
#3012=EDGE_CURVE('',#2425,#2424,#2118,.T.);
#3013=EDGE_CURVE('',#2425,#2291,#1370,.T.);
#3014=EDGE_CURVE('',#2426,#2425,#1371,.T.);
#3015=EDGE_CURVE('',#2426,#2292,#1372,.T.);
#3016=EDGE_CURVE('',#2426,#2427,#2119,.T.);
#3017=EDGE_CURVE('',#2427,#2293,#1373,.T.);
#3018=EDGE_CURVE('',#2427,#2428,#292,.T.);
#3019=EDGE_CURVE('',#2428,#2294,#1374,.T.);
#3020=EDGE_CURVE('',#2428,#2429,#293,.T.);
#3021=EDGE_CURVE('',#2429,#2295,#1375,.T.);
#3022=EDGE_CURVE('',#2429,#2430,#174,.T.);
#3023=EDGE_CURVE('',#2430,#2296,#1376,.T.);
#3024=EDGE_CURVE('',#2430,#2431,#1377,.T.);
#3025=EDGE_CURVE('',#2431,#2297,#1378,.T.);
#3026=EDGE_CURVE('',#2431,#2432,#2120,.T.);
#3027=EDGE_CURVE('',#2432,#2298,#1379,.T.);
#3028=EDGE_CURVE('',#2432,#2433,#1380,.T.);
#3029=EDGE_CURVE('',#2433,#2299,#1381,.T.);
#3030=EDGE_CURVE('',#2433,#2434,#2121,.T.);
#3031=EDGE_CURVE('',#2434,#2300,#1382,.T.);
#3032=EDGE_CURVE('',#2434,#2435,#294,.T.);
#3033=EDGE_CURVE('',#2435,#2301,#1383,.T.);
#3034=EDGE_CURVE('',#2435,#2436,#295,.T.);
#3035=EDGE_CURVE('',#2436,#2302,#1384,.T.);
#3036=EDGE_CURVE('',#2436,#2437,#1385,.T.);
#3037=EDGE_CURVE('',#2437,#2303,#1386,.T.);
#3038=EDGE_CURVE('',#2437,#2438,#296,.T.);
#3039=EDGE_CURVE('',#2438,#2304,#1387,.T.);
#3040=EDGE_CURVE('',#2438,#2439,#297,.T.);
#3041=EDGE_CURVE('',#2439,#2305,#1388,.T.);
#3042=EDGE_CURVE('',#2440,#2439,#1389,.T.);
#3043=EDGE_CURVE('',#2440,#2306,#1390,.T.);
#3044=EDGE_CURVE('',#2441,#2440,#2122,.T.);
#3045=EDGE_CURVE('',#2441,#2307,#1391,.T.);
#3046=EDGE_CURVE('',#2442,#2441,#1392,.T.);
#3047=EDGE_CURVE('',#2442,#2308,#1393,.T.);
#3048=EDGE_CURVE('',#2443,#2442,#2123,.T.);
#3049=EDGE_CURVE('',#2443,#2309,#1394,.T.);
#3050=EDGE_CURVE('',#2444,#2443,#298,.T.);
#3051=EDGE_CURVE('',#2444,#2310,#1395,.T.);
#3052=EDGE_CURVE('',#2445,#2444,#299,.T.);
#3053=EDGE_CURVE('',#2445,#2311,#1396,.T.);
#3054=EDGE_CURVE('',#2446,#2445,#300,.T.);
#3055=EDGE_CURVE('',#2446,#2312,#1397,.T.);
#3056=EDGE_CURVE('',#2447,#2446,#1398,.T.);
#3057=EDGE_CURVE('',#2447,#2313,#1399,.T.);
#3058=EDGE_CURVE('',#2448,#2447,#301,.T.);
#3059=EDGE_CURVE('',#2448,#2314,#1400,.T.);
#3060=EDGE_CURVE('',#2449,#2448,#302,.T.);
#3061=EDGE_CURVE('',#2449,#2315,#1401,.T.);
#3062=EDGE_CURVE('',#2450,#2449,#303,.T.);
#3063=EDGE_CURVE('',#2450,#2316,#1402,.T.);
#3064=EDGE_CURVE('',#2451,#2450,#304,.T.);
#3065=EDGE_CURVE('',#2451,#2317,#1403,.T.);
#3066=EDGE_CURVE('',#2452,#2451,#305,.T.);
#3067=EDGE_CURVE('',#2452,#2318,#1404,.T.);
#3068=EDGE_CURVE('',#2453,#2452,#306,.T.);
#3069=EDGE_CURVE('',#2453,#2319,#1405,.T.);
#3070=EDGE_CURVE('',#2454,#2453,#307,.T.);
#3071=EDGE_CURVE('',#2454,#2320,#1406,.T.);
#3072=EDGE_CURVE('',#2455,#2454,#308,.T.);
#3073=EDGE_CURVE('',#2455,#2321,#1407,.T.);
#3074=EDGE_CURVE('',#2456,#2455,#309,.T.);
#3075=EDGE_CURVE('',#2456,#2322,#1408,.T.);
#3076=EDGE_CURVE('',#2457,#2456,#310,.T.);
#3077=EDGE_CURVE('',#2457,#2323,#1409,.T.);
#3078=EDGE_CURVE('',#2458,#2459,#311,.T.);
#3079=EDGE_CURVE('',#2460,#2459,#1410,.T.);
#3080=EDGE_CURVE('',#2461,#2460,#312,.T.);
#3081=EDGE_CURVE('',#2461,#2458,#1411,.T.);
#3082=EDGE_CURVE('',#2462,#2458,#313,.T.);
#3083=EDGE_CURVE('',#2463,#2461,#314,.T.);
#3084=EDGE_CURVE('',#2463,#2462,#1412,.T.);
#3085=EDGE_CURVE('',#2464,#2462,#315,.T.);
#3086=EDGE_CURVE('',#2465,#2463,#316,.T.);
#3087=EDGE_CURVE('',#2465,#2464,#1413,.T.);
#3088=EDGE_CURVE('',#2466,#2467,#317,.T.);
#3089=EDGE_CURVE('',#2468,#2467,#1414,.T.);
#3090=EDGE_CURVE('',#2469,#2468,#318,.T.);
#3091=EDGE_CURVE('',#2469,#2466,#1415,.T.);
#3092=EDGE_CURVE('',#2470,#2466,#2124,.T.);
#3093=EDGE_CURVE('',#2471,#2469,#2125,.T.);
#3094=EDGE_CURVE('',#2471,#2470,#1416,.T.);
#3095=EDGE_CURVE('',#2472,#2470,#1417,.T.);
#3096=EDGE_CURVE('',#2473,#2471,#1418,.T.);
#3097=EDGE_CURVE('',#2473,#2472,#1419,.T.);
#3098=EDGE_CURVE('',#2474,#2472,#319,.T.);
#3099=EDGE_CURVE('',#2475,#2473,#320,.T.);
#3100=EDGE_CURVE('',#2475,#2474,#1420,.T.);
#3101=EDGE_CURVE('',#2476,#2477,#321,.T.);
#3102=EDGE_CURVE('',#2478,#2476,#1421,.T.);
#3103=EDGE_CURVE('',#2478,#2479,#322,.T.);
#3104=EDGE_CURVE('',#2479,#2477,#1422,.T.);
#3105=EDGE_CURVE('',#2477,#2480,#323,.T.);
#3106=EDGE_CURVE('',#2479,#2481,#324,.T.);
#3107=EDGE_CURVE('',#2481,#2480,#1423,.T.);
#3108=EDGE_CURVE('',#2480,#2482,#1424,.T.);
#3109=EDGE_CURVE('',#2481,#2483,#1425,.T.);
#3110=EDGE_CURVE('',#2483,#2482,#1426,.T.);
#3111=EDGE_CURVE('',#2482,#2484,#2126,.T.);
#3112=EDGE_CURVE('',#2483,#2485,#2127,.T.);
#3113=EDGE_CURVE('',#2485,#2484,#1427,.T.);
#3114=EDGE_CURVE('',#2486,#2343,#1428,.T.);
#3115=EDGE_CURVE('',#2487,#2486,#325,.T.);
#3116=EDGE_CURVE('',#2487,#2342,#1429,.T.);
#3117=EDGE_CURVE('',#2488,#2487,#326,.T.);
#3118=EDGE_CURVE('',#2488,#2344,#1430,.T.);
#3119=EDGE_CURVE('',#2489,#2488,#327,.T.);
#3120=EDGE_CURVE('',#2489,#2345,#1431,.T.);
#3121=EDGE_CURVE('',#2490,#2489,#2128,.T.);
#3122=EDGE_CURVE('',#2490,#2346,#1432,.T.);
#3123=EDGE_CURVE('',#2491,#2490,#328,.T.);
#3124=EDGE_CURVE('',#2491,#2347,#1433,.T.);
#3125=EDGE_CURVE('',#2492,#2491,#329,.T.);
#3126=EDGE_CURVE('',#2492,#2348,#1434,.T.);
#3127=EDGE_CURVE('',#2493,#2492,#330,.T.);
#3128=EDGE_CURVE('',#2493,#2349,#1435,.T.);
#3129=EDGE_CURVE('',#2494,#2493,#331,.T.);
#3130=EDGE_CURVE('',#2494,#2350,#1436,.T.);
#3131=EDGE_CURVE('',#2495,#2494,#332,.T.);
#3132=EDGE_CURVE('',#2495,#2351,#1437,.T.);
#3133=EDGE_CURVE('',#2496,#2495,#333,.T.);
#3134=EDGE_CURVE('',#2496,#2352,#1438,.T.);
#3135=EDGE_CURVE('',#2497,#2496,#2129,.T.);
#3136=EDGE_CURVE('',#2497,#2353,#1439,.T.);
#3137=EDGE_CURVE('',#2498,#2497,#334,.T.);
#3138=EDGE_CURVE('',#2498,#2354,#1440,.T.);
#3139=EDGE_CURVE('',#2499,#2498,#335,.T.);
#3140=EDGE_CURVE('',#2499,#2355,#1441,.T.);
#3141=EDGE_CURVE('',#2500,#2499,#336,.T.);
#3142=EDGE_CURVE('',#2500,#2356,#1442,.T.);
#3143=EDGE_CURVE('',#2501,#2500,#337,.T.);
#3144=EDGE_CURVE('',#2501,#2357,#1443,.T.);
#3145=EDGE_CURVE('',#2502,#2501,#1444,.T.);
#3146=EDGE_CURVE('',#2502,#2358,#1445,.T.);
#3147=EDGE_CURVE('',#2503,#2502,#338,.T.);
#3148=EDGE_CURVE('',#2503,#2359,#1446,.T.);
#3149=EDGE_CURVE('',#2504,#2503,#2130,.T.);
#3150=EDGE_CURVE('',#2504,#2360,#1447,.T.);
#3151=EDGE_CURVE('',#2505,#2504,#339,.T.);
#3152=EDGE_CURVE('',#2505,#2361,#1448,.T.);
#3153=EDGE_CURVE('',#2506,#2505,#2131,.T.);
#3154=EDGE_CURVE('',#2506,#2362,#1449,.T.);
#3155=EDGE_CURVE('',#2507,#2506,#1450,.T.);
#3156=EDGE_CURVE('',#2507,#2363,#1451,.T.);
#3157=EDGE_CURVE('',#2508,#2507,#340,.T.);
#3158=EDGE_CURVE('',#2508,#2364,#1452,.T.);
#3159=EDGE_CURVE('',#2509,#2508,#1453,.T.);
#3160=EDGE_CURVE('',#2509,#2365,#1454,.T.);
#3161=EDGE_CURVE('',#2510,#2509,#2132,.T.);
#3162=EDGE_CURVE('',#2510,#2366,#1455,.T.);
#3163=EDGE_CURVE('',#2511,#2510,#1456,.T.);
#3164=EDGE_CURVE('',#2511,#2367,#1457,.T.);
#3165=EDGE_CURVE('',#2512,#2511,#2133,.T.);
#3166=EDGE_CURVE('',#2512,#2368,#1458,.T.);
#3167=EDGE_CURVE('',#2513,#2512,#1459,.T.);
#3168=EDGE_CURVE('',#2513,#2369,#1460,.T.);
#3169=EDGE_CURVE('',#2514,#2513,#2134,.T.);
#3170=EDGE_CURVE('',#2514,#2370,#1461,.T.);
#3171=EDGE_CURVE('',#2515,#2514,#341,.T.);
#3172=EDGE_CURVE('',#2515,#2371,#1462,.T.);
#3173=EDGE_CURVE('',#2516,#2515,#342,.T.);
#3174=EDGE_CURVE('',#2516,#2372,#1463,.T.);
#3175=EDGE_CURVE('',#2517,#2516,#343,.T.);
#3176=EDGE_CURVE('',#2517,#2373,#1464,.T.);
#3177=EDGE_CURVE('',#2518,#2519,#344,.T.);
#3178=EDGE_CURVE('',#2520,#2519,#1465,.T.);
#3179=EDGE_CURVE('',#2521,#2520,#345,.T.);
#3180=EDGE_CURVE('',#2521,#2518,#1466,.T.);
#3181=EDGE_CURVE('',#2522,#2518,#346,.T.);
#3182=EDGE_CURVE('',#2523,#2521,#347,.T.);
#3183=EDGE_CURVE('',#2523,#2522,#1467,.T.);
#3184=EDGE_CURVE('',#2459,#2464,#348,.T.);
#3185=EDGE_CURVE('',#2460,#2465,#349,.T.);
#3186=EDGE_CURVE('',#2467,#2474,#350,.T.);
#3187=EDGE_CURVE('',#2468,#2475,#351,.T.);
#3188=EDGE_CURVE('',#2484,#2476,#352,.T.);
#3189=EDGE_CURVE('',#2485,#2478,#353,.T.);
#3190=EDGE_CURVE('',#2486,#2517,#354,.T.);
#3191=EDGE_CURVE('',#2519,#2522,#355,.T.);
#3192=EDGE_CURVE('',#2520,#2523,#356,.T.);
#3193=EDGE_CURVE('',#2420,#2457,#357,.T.);
#3194=EDGE_CURVE('',#2524,#2375,#1468,.T.);
#3195=EDGE_CURVE('',#2524,#2525,#2135,.T.);
#3196=EDGE_CURVE('',#2525,#2376,#1469,.T.);
#3197=EDGE_CURVE('',#2526,#2525,#1470,.T.);
#3198=EDGE_CURVE('',#2526,#2377,#1471,.T.);
#3199=EDGE_CURVE('',#2526,#2527,#358,.T.);
#3200=EDGE_CURVE('',#2527,#2374,#1472,.T.);
#3201=EDGE_CURVE('',#2528,#2529,#359,.T.);
#3202=EDGE_CURVE('',#2530,#2528,#1473,.T.);
#3203=EDGE_CURVE('',#2530,#2531,#360,.T.);
#3204=EDGE_CURVE('',#2531,#2529,#1474,.T.);
#3205=EDGE_CURVE('',#2529,#2532,#361,.T.);
#3206=EDGE_CURVE('',#2531,#2533,#362,.T.);
#3207=EDGE_CURVE('',#2533,#2532,#1475,.T.);
#3208=EDGE_CURVE('',#2532,#2528,#363,.T.);
#3209=EDGE_CURVE('',#2533,#2530,#364,.T.);
#3210=EDGE_CURVE('',#2527,#2524,#365,.T.);
#3211=EDGE_CURVE('',#2534,#2535,#366,.T.);
#3212=EDGE_CURVE('',#2536,#2534,#1476,.T.);
#3213=EDGE_CURVE('',#2536,#2537,#367,.T.);
#3214=EDGE_CURVE('',#2537,#2535,#1477,.T.);
#3215=EDGE_CURVE('',#2535,#2538,#368,.T.);
#3216=EDGE_CURVE('',#2537,#2539,#369,.T.);
#3217=EDGE_CURVE('',#2539,#2538,#1478,.T.);
#3218=EDGE_CURVE('',#2538,#2540,#1479,.T.);
#3219=EDGE_CURVE('',#2539,#2541,#1480,.T.);
#3220=EDGE_CURVE('',#2541,#2540,#1481,.T.);
#3221=EDGE_CURVE('',#2540,#2542,#370,.T.);
#3222=EDGE_CURVE('',#2541,#2543,#371,.T.);
#3223=EDGE_CURVE('',#2543,#2542,#1482,.T.);
#3224=EDGE_CURVE('',#2544,#2384,#1483,.T.);
#3225=EDGE_CURVE('',#2544,#2545,#2136,.T.);
#3226=EDGE_CURVE('',#2545,#2385,#1484,.T.);
#3227=EDGE_CURVE('',#2545,#2546,#372,.T.);
#3228=EDGE_CURVE('',#2546,#2386,#1485,.T.);
#3229=EDGE_CURVE('',#2546,#2547,#373,.T.);
#3230=EDGE_CURVE('',#2547,#2387,#1486,.T.);
#3231=EDGE_CURVE('',#2547,#2548,#374,.T.);
#3232=EDGE_CURVE('',#2548,#2383,#1487,.T.);
#3233=EDGE_CURVE('',#2548,#2544,#1488,.T.);
#3234=EDGE_CURVE('',#2542,#2534,#375,.T.);
#3235=EDGE_CURVE('',#2543,#2536,#376,.T.);
#3236=EDGE_CURVE('',#2549,#2550,#377,.T.);
#3237=EDGE_CURVE('',#2551,#2549,#1489,.T.);
#3238=EDGE_CURVE('',#2551,#2552,#378,.T.);
#3239=EDGE_CURVE('',#2552,#2550,#1490,.T.);
#3240=EDGE_CURVE('',#2550,#2553,#379,.T.);
#3241=EDGE_CURVE('',#2552,#2554,#380,.T.);
#3242=EDGE_CURVE('',#2554,#2553,#1491,.T.);
#3243=EDGE_CURVE('',#2553,#2555,#1492,.T.);
#3244=EDGE_CURVE('',#2554,#2556,#1493,.T.);
#3245=EDGE_CURVE('',#2556,#2555,#1494,.T.);
#3246=EDGE_CURVE('',#2555,#2557,#381,.T.);
#3247=EDGE_CURVE('',#2556,#2558,#382,.T.);
#3248=EDGE_CURVE('',#2558,#2557,#1495,.T.);
#3249=EDGE_CURVE('',#2559,#2379,#1496,.T.);
#3250=EDGE_CURVE('',#2559,#2560,#383,.T.);
#3251=EDGE_CURVE('',#2560,#2380,#1497,.T.);
#3252=EDGE_CURVE('',#2560,#2561,#2137,.T.);
#3253=EDGE_CURVE('',#2561,#2381,#1498,.T.);
#3254=EDGE_CURVE('',#2562,#2561,#1499,.T.);
#3255=EDGE_CURVE('',#2562,#2382,#1500,.T.);
#3256=EDGE_CURVE('',#2562,#2563,#384,.T.);
#3257=EDGE_CURVE('',#2563,#2378,#1501,.T.);
#3258=EDGE_CURVE('',#2563,#2559,#385,.T.);
#3259=EDGE_CURVE('',#2557,#2549,#386,.T.);
#3260=EDGE_CURVE('',#2558,#2551,#387,.T.);
#3261=EDGE_CURVE('',#2564,#2261,#1502,.T.);
#3262=EDGE_CURVE('',#2564,#2565,#388,.T.);
#3263=EDGE_CURVE('',#2565,#2262,#1503,.T.);
#3264=EDGE_CURVE('',#2565,#2566,#389,.T.);
#3265=EDGE_CURVE('',#2566,#2263,#1504,.T.);
#3266=EDGE_CURVE('',#2566,#2567,#390,.T.);
#3267=EDGE_CURVE('',#2567,#2264,#1505,.T.);
#3268=EDGE_CURVE('',#2567,#2568,#391,.T.);
#3269=EDGE_CURVE('',#2568,#2265,#1506,.T.);
#3270=EDGE_CURVE('',#2568,#2569,#392,.T.);
#3271=EDGE_CURVE('',#2569,#2266,#1507,.T.);
#3272=EDGE_CURVE('',#2569,#2570,#1508,.T.);
#3273=EDGE_CURVE('',#2570,#2267,#1509,.T.);
#3274=EDGE_CURVE('',#2570,#2571,#1510,.T.);
#3275=EDGE_CURVE('',#2571,#2268,#1511,.T.);
#3276=EDGE_CURVE('',#2571,#2572,#393,.T.);
#3277=EDGE_CURVE('',#2572,#2269,#1512,.T.);
#3278=EDGE_CURVE('',#2572,#2573,#394,.T.);
#3279=EDGE_CURVE('',#2573,#2270,#1513,.T.);
#3280=EDGE_CURVE('',#2573,#2574,#395,.T.);
#3281=EDGE_CURVE('',#2574,#2271,#1514,.T.);
#3282=EDGE_CURVE('',#2574,#2575,#396,.T.);
#3283=EDGE_CURVE('',#2575,#2272,#1515,.T.);
#3284=EDGE_CURVE('',#2575,#2576,#397,.T.);
#3285=EDGE_CURVE('',#2576,#2273,#1516,.T.);
#3286=EDGE_CURVE('',#2576,#2577,#1517,.T.);
#3287=EDGE_CURVE('',#2577,#2274,#1518,.T.);
#3288=EDGE_CURVE('',#2577,#2578,#1519,.T.);
#3289=EDGE_CURVE('',#2578,#2275,#1520,.T.);
#3290=EDGE_CURVE('',#2578,#2579,#1521,.T.);
#3291=EDGE_CURVE('',#2579,#2276,#1522,.T.);
#3292=EDGE_CURVE('',#2579,#2580,#398,.T.);
#3293=EDGE_CURVE('',#2580,#2277,#1523,.T.);
#3294=EDGE_CURVE('',#2580,#2581,#399,.T.);
#3295=EDGE_CURVE('',#2581,#2278,#1524,.T.);
#3296=EDGE_CURVE('',#2581,#2582,#400,.T.);
#3297=EDGE_CURVE('',#2582,#2279,#1525,.T.);
#3298=EDGE_CURVE('',#2582,#2583,#401,.T.);
#3299=EDGE_CURVE('',#2583,#2280,#1526,.T.);
#3300=EDGE_CURVE('',#2583,#2584,#1527,.T.);
#3301=EDGE_CURVE('',#2584,#2281,#1528,.T.);
#3302=EDGE_CURVE('',#2584,#2585,#1529,.T.);
#3303=EDGE_CURVE('',#2585,#2282,#1530,.T.);
#3304=EDGE_CURVE('',#2585,#2586,#402,.T.);
#3305=EDGE_CURVE('',#2586,#2283,#1531,.T.);
#3306=EDGE_CURVE('',#2586,#2587,#403,.T.);
#3307=EDGE_CURVE('',#2587,#2284,#1532,.T.);
#3308=EDGE_CURVE('',#2587,#2588,#404,.T.);
#3309=EDGE_CURVE('',#2588,#2285,#1533,.T.);
#3310=EDGE_CURVE('',#2588,#2589,#405,.T.);
#3311=EDGE_CURVE('',#2589,#2260,#1534,.T.);
#3312=EDGE_CURVE('',#2589,#2564,#1535,.T.);
#3313=EDGE_CURVE('',#2590,#2207,#1536,.T.);
#3314=EDGE_CURVE('',#2590,#2591,#406,.T.);
#3315=EDGE_CURVE('',#2591,#2208,#1537,.T.);
#3316=EDGE_CURVE('',#2591,#2592,#407,.T.);
#3317=EDGE_CURVE('',#2592,#2209,#1538,.T.);
#3318=EDGE_CURVE('',#2592,#2593,#408,.T.);
#3319=EDGE_CURVE('',#2593,#2206,#1539,.T.);
#3320=EDGE_CURVE('',#2593,#2590,#409,.T.);
#3321=EDGE_CURVE('',#2594,#2595,#410,.T.);
#3322=EDGE_CURVE('',#2596,#2594,#411,.T.);
#3323=EDGE_CURVE('',#2597,#2596,#412,.T.);
#3324=EDGE_CURVE('',#2598,#2597,#413,.T.);
#3325=EDGE_CURVE('',#2599,#2598,#414,.T.);
#3326=EDGE_CURVE('',#2600,#2599,#415,.T.);
#3327=EDGE_CURVE('',#2601,#2600,#416,.T.);
#3328=EDGE_CURVE('',#2595,#2601,#417,.T.);
#3329=EDGE_CURVE('',#2602,#2603,#418,.T.);
#3330=EDGE_CURVE('',#2595,#2602,#1540,.T.);
#3331=EDGE_CURVE('',#2601,#2603,#1541,.T.);
#3332=EDGE_CURVE('',#2604,#2602,#419,.T.);
#3333=EDGE_CURVE('',#2594,#2604,#1542,.T.);
#3334=EDGE_CURVE('',#2605,#2604,#420,.T.);
#3335=EDGE_CURVE('',#2596,#2605,#1543,.T.);
#3336=EDGE_CURVE('',#2606,#2605,#421,.T.);
#3337=EDGE_CURVE('',#2597,#2606,#1544,.T.);
#3338=EDGE_CURVE('',#2607,#2606,#422,.T.);
#3339=EDGE_CURVE('',#2598,#2607,#1545,.T.);
#3340=EDGE_CURVE('',#2608,#2607,#423,.T.);
#3341=EDGE_CURVE('',#2599,#2608,#1546,.T.);
#3342=EDGE_CURVE('',#2609,#2608,#424,.T.);
#3343=EDGE_CURVE('',#2600,#2609,#1547,.T.);
#3344=EDGE_CURVE('',#2603,#2609,#425,.T.);
#3345=EDGE_CURVE('',#2610,#2255,#1548,.T.);
#3346=EDGE_CURVE('',#2610,#2611,#1549,.T.);
#3347=EDGE_CURVE('',#2611,#2256,#1550,.T.);
#3348=EDGE_CURVE('',#2611,#2612,#1551,.T.);
#3349=EDGE_CURVE('',#2612,#2257,#1552,.T.);
#3350=EDGE_CURVE('',#2612,#2613,#1553,.T.);
#3351=EDGE_CURVE('',#2613,#2258,#1554,.T.);
#3352=EDGE_CURVE('',#2613,#2614,#1555,.T.);
#3353=EDGE_CURVE('',#2614,#2259,#1556,.T.);
#3354=EDGE_CURVE('',#2614,#2615,#1557,.T.);
#3355=EDGE_CURVE('',#2615,#2254,#1558,.T.);
#3356=EDGE_CURVE('',#2615,#2610,#1559,.T.);
#3357=EDGE_CURVE('',#2616,#2211,#1560,.T.);
#3358=EDGE_CURVE('',#2616,#2617,#1561,.T.);
#3359=EDGE_CURVE('',#2617,#2212,#1562,.T.);
#3360=EDGE_CURVE('',#2617,#2618,#1563,.T.);
#3361=EDGE_CURVE('',#2618,#2213,#1564,.T.);
#3362=EDGE_CURVE('',#2618,#2619,#1565,.T.);
#3363=EDGE_CURVE('',#2619,#2214,#1566,.T.);
#3364=EDGE_CURVE('',#2619,#2620,#1567,.T.);
#3365=EDGE_CURVE('',#2620,#2215,#1568,.T.);
#3366=EDGE_CURVE('',#2620,#2621,#1569,.T.);
#3367=EDGE_CURVE('',#2621,#2216,#1570,.T.);
#3368=EDGE_CURVE('',#2621,#2622,#1571,.T.);
#3369=EDGE_CURVE('',#2622,#2217,#1572,.T.);
#3370=EDGE_CURVE('',#2622,#2623,#1573,.T.);
#3371=EDGE_CURVE('',#2623,#2218,#1574,.T.);
#3372=EDGE_CURVE('',#2623,#2624,#426,.T.);
#3373=EDGE_CURVE('',#2624,#2219,#1575,.T.);
#3374=EDGE_CURVE('',#2624,#2625,#427,.T.);
#3375=EDGE_CURVE('',#2625,#2220,#1576,.T.);
#3376=EDGE_CURVE('',#2625,#2626,#1577,.T.);
#3377=EDGE_CURVE('',#2626,#2221,#1578,.T.);
#3378=EDGE_CURVE('',#2626,#2627,#1579,.T.);
#3379=EDGE_CURVE('',#2627,#2210,#1580,.T.);
#3380=EDGE_CURVE('',#2627,#2616,#1581,.T.);
#3381=EDGE_CURVE('',#2628,#2242,#1582,.T.);
#3382=EDGE_CURVE('',#2628,#2629,#1583,.T.);
#3383=EDGE_CURVE('',#2629,#2243,#1584,.T.);
#3384=EDGE_CURVE('',#2629,#2630,#1585,.T.);
#3385=EDGE_CURVE('',#2630,#2244,#1586,.T.);
#3386=EDGE_CURVE('',#2630,#2631,#1587,.T.);
#3387=EDGE_CURVE('',#2631,#2245,#1588,.T.);
#3388=EDGE_CURVE('',#2631,#2632,#1589,.T.);
#3389=EDGE_CURVE('',#2632,#2246,#1590,.T.);
#3390=EDGE_CURVE('',#2632,#2633,#1591,.T.);
#3391=EDGE_CURVE('',#2633,#2247,#1592,.T.);
#3392=EDGE_CURVE('',#2633,#2634,#1593,.T.);
#3393=EDGE_CURVE('',#2634,#2248,#1594,.T.);
#3394=EDGE_CURVE('',#2634,#2635,#1595,.T.);
#3395=EDGE_CURVE('',#2635,#2249,#1596,.T.);
#3396=EDGE_CURVE('',#2635,#2636,#1597,.T.);
#3397=EDGE_CURVE('',#2636,#2250,#1598,.T.);
#3398=EDGE_CURVE('',#2636,#2637,#1599,.T.);
#3399=EDGE_CURVE('',#2637,#2251,#1600,.T.);
#3400=EDGE_CURVE('',#2637,#2638,#1601,.T.);
#3401=EDGE_CURVE('',#2638,#2252,#1602,.T.);
#3402=EDGE_CURVE('',#2638,#2639,#1603,.T.);
#3403=EDGE_CURVE('',#2639,#2253,#1604,.T.);
#3404=EDGE_CURVE('',#2639,#2640,#1605,.T.);
#3405=EDGE_CURVE('',#2640,#2241,#1606,.T.);
#3406=EDGE_CURVE('',#2640,#2628,#1607,.T.);
#3407=EDGE_CURVE('',#2641,#2223,#1608,.T.);
#3408=EDGE_CURVE('',#2641,#2642,#428,.T.);
#3409=EDGE_CURVE('',#2642,#2224,#1609,.T.);
#3410=EDGE_CURVE('',#2642,#2643,#429,.T.);
#3411=EDGE_CURVE('',#2643,#2225,#1610,.T.);
#3412=EDGE_CURVE('',#2643,#2644,#430,.T.);
#3413=EDGE_CURVE('',#2644,#2226,#1611,.T.);
#3414=EDGE_CURVE('',#2644,#2645,#431,.T.);
#3415=EDGE_CURVE('',#2645,#2227,#1612,.T.);
#3416=EDGE_CURVE('',#2645,#2646,#1613,.T.);
#3417=EDGE_CURVE('',#2646,#2228,#1614,.T.);
#3418=EDGE_CURVE('',#2646,#2647,#1615,.T.);
#3419=EDGE_CURVE('',#2647,#2229,#1616,.T.);
#3420=EDGE_CURVE('',#2647,#2648,#432,.T.);
#3421=EDGE_CURVE('',#2648,#2230,#1617,.T.);
#3422=EDGE_CURVE('',#2648,#2649,#433,.T.);
#3423=EDGE_CURVE('',#2649,#2231,#1618,.T.);
#3424=EDGE_CURVE('',#2649,#2650,#434,.T.);
#3425=EDGE_CURVE('',#2650,#2232,#1619,.T.);
#3426=EDGE_CURVE('',#2650,#2651,#435,.T.);
#3427=EDGE_CURVE('',#2651,#2233,#1620,.T.);
#3428=EDGE_CURVE('',#2651,#2652,#436,.T.);
#3429=EDGE_CURVE('',#2652,#2234,#1621,.T.);
#3430=EDGE_CURVE('',#2652,#2653,#437,.T.);
#3431=EDGE_CURVE('',#2653,#2235,#1622,.T.);
#3432=EDGE_CURVE('',#2653,#2654,#438,.T.);
#3433=EDGE_CURVE('',#2654,#2236,#1623,.T.);
#3434=EDGE_CURVE('',#2654,#2655,#1624,.T.);
#3435=EDGE_CURVE('',#2655,#2237,#1625,.T.);
#3436=EDGE_CURVE('',#2655,#2656,#1626,.T.);
#3437=EDGE_CURVE('',#2656,#2238,#1627,.T.);
#3438=EDGE_CURVE('',#2656,#2657,#439,.T.);
#3439=EDGE_CURVE('',#2657,#2239,#1628,.T.);
#3440=EDGE_CURVE('',#2657,#2658,#440,.T.);
#3441=EDGE_CURVE('',#2658,#2240,#1629,.T.);
#3442=EDGE_CURVE('',#2658,#2659,#441,.T.);
#3443=EDGE_CURVE('',#2659,#2222,#1630,.T.);
#3444=EDGE_CURVE('',#2659,#2641,#442,.T.);
#3445=ORIENTED_EDGE('',*,*,#2660,.F.);
#3446=ORIENTED_EDGE('',*,*,#2661,.F.);
#3447=ORIENTED_EDGE('',*,*,#2662,.T.);
#3448=ORIENTED_EDGE('',*,*,#2663,.F.);
#3449=ORIENTED_EDGE('',*,*,#2662,.F.);
#3450=ORIENTED_EDGE('',*,*,#2664,.F.);
#3451=ORIENTED_EDGE('',*,*,#2665,.T.);
#3452=ORIENTED_EDGE('',*,*,#2666,.F.);
#3453=ORIENTED_EDGE('',*,*,#2667,.F.);
#3454=ORIENTED_EDGE('',*,*,#2668,.F.);
#3455=ORIENTED_EDGE('',*,*,#2669,.F.);
#3456=ORIENTED_EDGE('',*,*,#2670,.F.);
#3457=ORIENTED_EDGE('',*,*,#2671,.T.);
#3458=ORIENTED_EDGE('',*,*,#2672,.F.);
#3459=ORIENTED_EDGE('',*,*,#2671,.F.);
#3460=ORIENTED_EDGE('',*,*,#2673,.F.);
#3461=ORIENTED_EDGE('',*,*,#2674,.F.);
#3462=ORIENTED_EDGE('',*,*,#2675,.F.);
#3463=ORIENTED_EDGE('',*,*,#2676,.F.);
#3464=ORIENTED_EDGE('',*,*,#2677,.F.);
#3465=ORIENTED_EDGE('',*,*,#2660,.T.);
#3466=ORIENTED_EDGE('',*,*,#2661,.T.);
#3467=ORIENTED_EDGE('',*,*,#2678,.T.);
#3468=ORIENTED_EDGE('',*,*,#2679,.T.);
#3469=ORIENTED_EDGE('',*,*,#2680,.T.);
#3470=ORIENTED_EDGE('',*,*,#2681,.T.);
#3471=ORIENTED_EDGE('',*,*,#2682,.T.);
#3472=ORIENTED_EDGE('',*,*,#2664,.T.);
#3473=ORIENTED_EDGE('',*,*,#2683,.T.);
#3474=ORIENTED_EDGE('',*,*,#2684,.T.);
#3475=ORIENTED_EDGE('',*,*,#2685,.T.);
#3476=ORIENTED_EDGE('',*,*,#2686,.T.);
#3477=ORIENTED_EDGE('',*,*,#2678,.F.);
#3478=ORIENTED_EDGE('',*,*,#2687,.T.);
#3479=ORIENTED_EDGE('',*,*,#2688,.F.);
#3480=ORIENTED_EDGE('',*,*,#2689,.T.);
#3481=ORIENTED_EDGE('',*,*,#2690,.T.);
#3482=ORIENTED_EDGE('',*,*,#2676,.T.);
#3483=ORIENTED_EDGE('',*,*,#2691,.T.);
#3484=ORIENTED_EDGE('',*,*,#2670,.T.);
#3485=ORIENTED_EDGE('',*,*,#2691,.F.);
#3486=ORIENTED_EDGE('',*,*,#2675,.T.);
#3487=ORIENTED_EDGE('',*,*,#2692,.F.);
#3488=ORIENTED_EDGE('',*,*,#2693,.T.);
#3489=ORIENTED_EDGE('',*,*,#2694,.T.);
#3490=ORIENTED_EDGE('',*,*,#2695,.F.);
#3491=ORIENTED_EDGE('',*,*,#2696,.T.);
#3492=ORIENTED_EDGE('',*,*,#2697,.T.);
#3493=ORIENTED_EDGE('',*,*,#2673,.T.);
#3494=ORIENTED_EDGE('',*,*,#2698,.T.);
#3495=ORIENTED_EDGE('',*,*,#2667,.T.);
#3496=ORIENTED_EDGE('',*,*,#2699,.T.);
#3497=ORIENTED_EDGE('',*,*,#2700,.T.);
#3498=ORIENTED_EDGE('',*,*,#2672,.T.);
#3499=ORIENTED_EDGE('',*,*,#2663,.T.);
#3500=ORIENTED_EDGE('',*,*,#2699,.F.);
#3501=ORIENTED_EDGE('',*,*,#2666,.T.);
#3502=ORIENTED_EDGE('',*,*,#2701,.T.);
#3503=ORIENTED_EDGE('',*,*,#2702,.T.);
#3504=ORIENTED_EDGE('',*,*,#2703,.T.);
#3505=ORIENTED_EDGE('',*,*,#2688,.T.);
#3506=ORIENTED_EDGE('',*,*,#2704,.T.);
#3507=ORIENTED_EDGE('',*,*,#2705,.T.);
#3508=ORIENTED_EDGE('',*,*,#2706,.T.);
#3509=ORIENTED_EDGE('',*,*,#2707,.T.);
#3510=ORIENTED_EDGE('',*,*,#2695,.T.);
#3511=ORIENTED_EDGE('',*,*,#2677,.T.);
#3512=ORIENTED_EDGE('',*,*,#2690,.F.);
#3513=ORIENTED_EDGE('',*,*,#2708,.F.);
#3514=ORIENTED_EDGE('',*,*,#2703,.F.);
#3515=ORIENTED_EDGE('',*,*,#2709,.T.);
#3516=ORIENTED_EDGE('',*,*,#2708,.T.);
#3517=ORIENTED_EDGE('',*,*,#2689,.F.);
#3518=ORIENTED_EDGE('',*,*,#2697,.F.);
#3519=ORIENTED_EDGE('',*,*,#2710,.T.);
#3520=ORIENTED_EDGE('',*,*,#2711,.T.);
#3521=ORIENTED_EDGE('',*,*,#2712,.T.);
#3522=ORIENTED_EDGE('',*,*,#2713,.T.);
#3523=ORIENTED_EDGE('',*,*,#2692,.T.);
#3524=ORIENTED_EDGE('',*,*,#2674,.T.);
#3525=ORIENTED_EDGE('',*,*,#2714,.T.);
#3526=ORIENTED_EDGE('',*,*,#2715,.T.);
#3527=ORIENTED_EDGE('',*,*,#2716,.T.);
#3528=ORIENTED_EDGE('',*,*,#2668,.T.);
#3529=ORIENTED_EDGE('',*,*,#2698,.F.);
#3530=ORIENTED_EDGE('',*,*,#2717,.T.);
#3531=ORIENTED_EDGE('',*,*,#2694,.F.);
#3532=ORIENTED_EDGE('',*,*,#2713,.F.);
#3533=ORIENTED_EDGE('',*,*,#2718,.T.);
#3534=ORIENTED_EDGE('',*,*,#2714,.F.);
#3535=ORIENTED_EDGE('',*,*,#2693,.F.);
#3536=ORIENTED_EDGE('',*,*,#2717,.F.);
#3537=ORIENTED_EDGE('',*,*,#2700,.F.);
#3538=ORIENTED_EDGE('',*,*,#2704,.F.);
#3539=ORIENTED_EDGE('',*,*,#2687,.F.);
#3540=ORIENTED_EDGE('',*,*,#2719,.F.);
#3541=ORIENTED_EDGE('',*,*,#2680,.F.);
#3542=ORIENTED_EDGE('',*,*,#2720,.F.);
#3543=ORIENTED_EDGE('',*,*,#2706,.F.);
#3544=ORIENTED_EDGE('',*,*,#2720,.T.);
#3545=ORIENTED_EDGE('',*,*,#2679,.F.);
#3546=ORIENTED_EDGE('',*,*,#2686,.F.);
#3547=ORIENTED_EDGE('',*,*,#2721,.F.);
#3548=ORIENTED_EDGE('',*,*,#2710,.F.);
#3549=ORIENTED_EDGE('',*,*,#2696,.F.);
#3550=ORIENTED_EDGE('',*,*,#2707,.F.);
#3551=ORIENTED_EDGE('',*,*,#2709,.F.);
#3552=ORIENTED_EDGE('',*,*,#2702,.F.);
#3553=ORIENTED_EDGE('',*,*,#2722,.F.);
#3554=ORIENTED_EDGE('',*,*,#2681,.F.);
#3555=ORIENTED_EDGE('',*,*,#2719,.T.);
#3556=ORIENTED_EDGE('',*,*,#2705,.F.);
#3557=ORIENTED_EDGE('',*,*,#2721,.T.);
#3558=ORIENTED_EDGE('',*,*,#2685,.F.);
#3559=ORIENTED_EDGE('',*,*,#2723,.F.);
#3560=ORIENTED_EDGE('',*,*,#2711,.F.);
#3561=ORIENTED_EDGE('',*,*,#2722,.T.);
#3562=ORIENTED_EDGE('',*,*,#2701,.F.);
#3563=ORIENTED_EDGE('',*,*,#2665,.F.);
#3564=ORIENTED_EDGE('',*,*,#2682,.F.);
#3565=ORIENTED_EDGE('',*,*,#2723,.T.);
#3566=ORIENTED_EDGE('',*,*,#2684,.F.);
#3567=ORIENTED_EDGE('',*,*,#2724,.F.);
#3568=ORIENTED_EDGE('',*,*,#2715,.F.);
#3569=ORIENTED_EDGE('',*,*,#2718,.F.);
#3570=ORIENTED_EDGE('',*,*,#2712,.F.);
#3571=ORIENTED_EDGE('',*,*,#2724,.T.);
#3572=ORIENTED_EDGE('',*,*,#2683,.F.);
#3573=ORIENTED_EDGE('',*,*,#2669,.T.);
#3574=ORIENTED_EDGE('',*,*,#2716,.F.);
#3575=ORIENTED_EDGE('',*,*,#2725,.F.);
#3576=ORIENTED_EDGE('',*,*,#2726,.T.);
#3577=ORIENTED_EDGE('',*,*,#2727,.F.);
#3578=ORIENTED_EDGE('',*,*,#2726,.F.);
#3579=ORIENTED_EDGE('',*,*,#2728,.F.);
#3580=ORIENTED_EDGE('',*,*,#2729,.T.);
#3581=ORIENTED_EDGE('',*,*,#2730,.F.);
#3582=ORIENTED_EDGE('',*,*,#2729,.F.);
#3583=ORIENTED_EDGE('',*,*,#2731,.F.);
#3584=ORIENTED_EDGE('',*,*,#2732,.F.);
#3585=ORIENTED_EDGE('',*,*,#2733,.T.);
#3586=ORIENTED_EDGE('',*,*,#2734,.F.);
#3587=ORIENTED_EDGE('',*,*,#2733,.F.);
#3588=ORIENTED_EDGE('',*,*,#2735,.F.);
#3589=ORIENTED_EDGE('',*,*,#2736,.T.);
#3590=ORIENTED_EDGE('',*,*,#2737,.F.);
#3591=ORIENTED_EDGE('',*,*,#2736,.F.);
#3592=ORIENTED_EDGE('',*,*,#2738,.F.);
#3593=ORIENTED_EDGE('',*,*,#2739,.F.);
#3594=ORIENTED_EDGE('',*,*,#2740,.T.);
#3595=ORIENTED_EDGE('',*,*,#2741,.F.);
#3596=ORIENTED_EDGE('',*,*,#2740,.F.);
#3597=ORIENTED_EDGE('',*,*,#2742,.F.);
#3598=ORIENTED_EDGE('',*,*,#2743,.T.);
#3599=ORIENTED_EDGE('',*,*,#2725,.T.);
#3600=ORIENTED_EDGE('',*,*,#2743,.F.);
#3601=ORIENTED_EDGE('',*,*,#2744,.F.);
#3602=ORIENTED_EDGE('',*,*,#2745,.T.);
#3603=ORIENTED_EDGE('',*,*,#2746,.T.);
#3604=ORIENTED_EDGE('',*,*,#2745,.F.);
#3605=ORIENTED_EDGE('',*,*,#2738,.T.);
#3606=ORIENTED_EDGE('',*,*,#2739,.T.);
#3607=ORIENTED_EDGE('',*,*,#2747,.T.);
#3608=ORIENTED_EDGE('',*,*,#2748,.T.);
#3609=ORIENTED_EDGE('',*,*,#2747,.F.);
#3610=ORIENTED_EDGE('',*,*,#2749,.F.);
#3611=ORIENTED_EDGE('',*,*,#2750,.T.);
#3612=ORIENTED_EDGE('',*,*,#2728,.T.);
#3613=ORIENTED_EDGE('',*,*,#2750,.F.);
#3614=ORIENTED_EDGE('',*,*,#2751,.F.);
#3615=ORIENTED_EDGE('',*,*,#2752,.T.);
#3616=ORIENTED_EDGE('',*,*,#2753,.T.);
#3617=ORIENTED_EDGE('',*,*,#2752,.F.);
#3618=ORIENTED_EDGE('',*,*,#2731,.T.);
#3619=ORIENTED_EDGE('',*,*,#2732,.T.);
#3620=ORIENTED_EDGE('',*,*,#2754,.T.);
#3621=ORIENTED_EDGE('',*,*,#2735,.T.);
#3622=ORIENTED_EDGE('',*,*,#2754,.F.);
#3623=ORIENTED_EDGE('',*,*,#2737,.T.);
#3624=ORIENTED_EDGE('',*,*,#2751,.T.);
#3625=ORIENTED_EDGE('',*,*,#2755,.T.);
#3626=ORIENTED_EDGE('',*,*,#2756,.T.);
#3627=ORIENTED_EDGE('',*,*,#2757,.T.);
#3628=ORIENTED_EDGE('',*,*,#2758,.T.);
#3629=ORIENTED_EDGE('',*,*,#2759,.T.);
#3630=ORIENTED_EDGE('',*,*,#2760,.T.);
#3631=ORIENTED_EDGE('',*,*,#2761,.T.);
#3632=ORIENTED_EDGE('',*,*,#2762,.T.);
#3633=ORIENTED_EDGE('',*,*,#2763,.T.);
#3634=ORIENTED_EDGE('',*,*,#2764,.T.);
#3635=ORIENTED_EDGE('',*,*,#2765,.T.);
#3636=ORIENTED_EDGE('',*,*,#2766,.T.);
#3637=ORIENTED_EDGE('',*,*,#2767,.T.);
#3638=ORIENTED_EDGE('',*,*,#2768,.T.);
#3639=ORIENTED_EDGE('',*,*,#2769,.T.);
#3640=ORIENTED_EDGE('',*,*,#2770,.T.);
#3641=ORIENTED_EDGE('',*,*,#2771,.T.);
#3642=ORIENTED_EDGE('',*,*,#2772,.T.);
#3643=ORIENTED_EDGE('',*,*,#2773,.T.);
#3644=ORIENTED_EDGE('',*,*,#2774,.T.);
#3645=ORIENTED_EDGE('',*,*,#2775,.T.);
#3646=ORIENTED_EDGE('',*,*,#2776,.T.);
#3647=ORIENTED_EDGE('',*,*,#2777,.T.);
#3648=ORIENTED_EDGE('',*,*,#2778,.T.);
#3649=ORIENTED_EDGE('',*,*,#2779,.T.);
#3650=ORIENTED_EDGE('',*,*,#2780,.T.);
#3651=ORIENTED_EDGE('',*,*,#2781,.T.);
#3652=ORIENTED_EDGE('',*,*,#2782,.T.);
#3653=ORIENTED_EDGE('',*,*,#2783,.T.);
#3654=ORIENTED_EDGE('',*,*,#2784,.T.);
#3655=ORIENTED_EDGE('',*,*,#2785,.T.);
#3656=ORIENTED_EDGE('',*,*,#2786,.T.);
#3657=ORIENTED_EDGE('',*,*,#2787,.T.);
#3658=ORIENTED_EDGE('',*,*,#2788,.T.);
#3659=ORIENTED_EDGE('',*,*,#2789,.T.);
#3660=ORIENTED_EDGE('',*,*,#2790,.T.);
#3661=ORIENTED_EDGE('',*,*,#2791,.T.);
#3662=ORIENTED_EDGE('',*,*,#2792,.T.);
#3663=ORIENTED_EDGE('',*,*,#2793,.T.);
#3664=ORIENTED_EDGE('',*,*,#2794,.T.);
#3665=ORIENTED_EDGE('',*,*,#2795,.T.);
#3666=ORIENTED_EDGE('',*,*,#2796,.T.);
#3667=ORIENTED_EDGE('',*,*,#2797,.T.);
#3668=ORIENTED_EDGE('',*,*,#2798,.T.);
#3669=ORIENTED_EDGE('',*,*,#2799,.T.);
#3670=ORIENTED_EDGE('',*,*,#2800,.T.);
#3671=ORIENTED_EDGE('',*,*,#2801,.T.);
#3672=ORIENTED_EDGE('',*,*,#2802,.T.);
#3673=ORIENTED_EDGE('',*,*,#2803,.T.);
#3674=ORIENTED_EDGE('',*,*,#2804,.T.);
#3675=ORIENTED_EDGE('',*,*,#2805,.T.);
#3676=ORIENTED_EDGE('',*,*,#2806,.T.);
#3677=ORIENTED_EDGE('',*,*,#2807,.T.);
#3678=ORIENTED_EDGE('',*,*,#2808,.T.);
#3679=ORIENTED_EDGE('',*,*,#2809,.T.);
#3680=ORIENTED_EDGE('',*,*,#2810,.T.);
#3681=ORIENTED_EDGE('',*,*,#2811,.T.);
#3682=ORIENTED_EDGE('',*,*,#2812,.T.);
#3683=ORIENTED_EDGE('',*,*,#2813,.T.);
#3684=ORIENTED_EDGE('',*,*,#2814,.T.);
#3685=ORIENTED_EDGE('',*,*,#2815,.T.);
#3686=ORIENTED_EDGE('',*,*,#2816,.T.);
#3687=ORIENTED_EDGE('',*,*,#2817,.T.);
#3688=ORIENTED_EDGE('',*,*,#2818,.T.);
#3689=ORIENTED_EDGE('',*,*,#2819,.T.);
#3690=ORIENTED_EDGE('',*,*,#2820,.T.);
#3691=ORIENTED_EDGE('',*,*,#2821,.T.);
#3692=ORIENTED_EDGE('',*,*,#2822,.T.);
#3693=ORIENTED_EDGE('',*,*,#2823,.T.);
#3694=ORIENTED_EDGE('',*,*,#2824,.T.);
#3695=ORIENTED_EDGE('',*,*,#2825,.T.);
#3696=ORIENTED_EDGE('',*,*,#2826,.T.);
#3697=ORIENTED_EDGE('',*,*,#2827,.T.);
#3698=ORIENTED_EDGE('',*,*,#2828,.T.);
#3699=ORIENTED_EDGE('',*,*,#2829,.T.);
#3700=ORIENTED_EDGE('',*,*,#2830,.T.);
#3701=ORIENTED_EDGE('',*,*,#2831,.T.);
#3702=ORIENTED_EDGE('',*,*,#2832,.T.);
#3703=ORIENTED_EDGE('',*,*,#2833,.T.);
#3704=ORIENTED_EDGE('',*,*,#2834,.T.);
#3705=ORIENTED_EDGE('',*,*,#2835,.T.);
#3706=ORIENTED_EDGE('',*,*,#2836,.T.);
#3707=ORIENTED_EDGE('',*,*,#2837,.T.);
#3708=ORIENTED_EDGE('',*,*,#2838,.T.);
#3709=ORIENTED_EDGE('',*,*,#2839,.T.);
#3710=ORIENTED_EDGE('',*,*,#2840,.T.);
#3711=ORIENTED_EDGE('',*,*,#2841,.F.);
#3712=ORIENTED_EDGE('',*,*,#2842,.F.);
#3713=ORIENTED_EDGE('',*,*,#2843,.F.);
#3714=ORIENTED_EDGE('',*,*,#2844,.F.);
#3715=ORIENTED_EDGE('',*,*,#2845,.F.);
#3716=ORIENTED_EDGE('',*,*,#2846,.F.);
#3717=ORIENTED_EDGE('',*,*,#2847,.T.);
#3718=ORIENTED_EDGE('',*,*,#2848,.T.);
#3719=ORIENTED_EDGE('',*,*,#2849,.T.);
#3720=ORIENTED_EDGE('',*,*,#2850,.T.);
#3721=ORIENTED_EDGE('',*,*,#2851,.T.);
#3722=ORIENTED_EDGE('',*,*,#2852,.T.);
#3723=ORIENTED_EDGE('',*,*,#2853,.T.);
#3724=ORIENTED_EDGE('',*,*,#2854,.T.);
#3725=ORIENTED_EDGE('',*,*,#2855,.T.);
#3726=ORIENTED_EDGE('',*,*,#2856,.T.);
#3727=ORIENTED_EDGE('',*,*,#2857,.T.);
#3728=ORIENTED_EDGE('',*,*,#2858,.T.);
#3729=ORIENTED_EDGE('',*,*,#2859,.T.);
#3730=ORIENTED_EDGE('',*,*,#2860,.F.);
#3731=ORIENTED_EDGE('',*,*,#2861,.F.);
#3732=ORIENTED_EDGE('',*,*,#2862,.F.);
#3733=ORIENTED_EDGE('',*,*,#2863,.F.);
#3734=ORIENTED_EDGE('',*,*,#2864,.F.);
#3735=ORIENTED_EDGE('',*,*,#2865,.F.);
#3736=ORIENTED_EDGE('',*,*,#2866,.F.);
#3737=ORIENTED_EDGE('',*,*,#2867,.F.);
#3738=ORIENTED_EDGE('',*,*,#2868,.F.);
#3739=ORIENTED_EDGE('',*,*,#2869,.F.);
#3740=ORIENTED_EDGE('',*,*,#2870,.F.);
#3741=ORIENTED_EDGE('',*,*,#2871,.F.);
#3742=ORIENTED_EDGE('',*,*,#2872,.F.);
#3743=ORIENTED_EDGE('',*,*,#2873,.F.);
#3744=ORIENTED_EDGE('',*,*,#2874,.F.);
#3745=ORIENTED_EDGE('',*,*,#2875,.F.);
#3746=ORIENTED_EDGE('',*,*,#2876,.F.);
#3747=ORIENTED_EDGE('',*,*,#2877,.F.);
#3748=ORIENTED_EDGE('',*,*,#2878,.F.);
#3749=ORIENTED_EDGE('',*,*,#2879,.T.);
#3750=ORIENTED_EDGE('',*,*,#2880,.T.);
#3751=ORIENTED_EDGE('',*,*,#2881,.T.);
#3752=ORIENTED_EDGE('',*,*,#2882,.T.);
#3753=ORIENTED_EDGE('',*,*,#2883,.T.);
#3754=ORIENTED_EDGE('',*,*,#2884,.T.);
#3755=ORIENTED_EDGE('',*,*,#2885,.T.);
#3756=ORIENTED_EDGE('',*,*,#2886,.T.);
#3757=ORIENTED_EDGE('',*,*,#2887,.T.);
#3758=ORIENTED_EDGE('',*,*,#2888,.T.);
#3759=ORIENTED_EDGE('',*,*,#2889,.T.);
#3760=ORIENTED_EDGE('',*,*,#2890,.T.);
#3761=ORIENTED_EDGE('',*,*,#2891,.T.);
#3762=ORIENTED_EDGE('',*,*,#2892,.T.);
#3763=ORIENTED_EDGE('',*,*,#2893,.T.);
#3764=ORIENTED_EDGE('',*,*,#2894,.T.);
#3765=ORIENTED_EDGE('',*,*,#2895,.T.);
#3766=ORIENTED_EDGE('',*,*,#2896,.T.);
#3767=ORIENTED_EDGE('',*,*,#2897,.F.);
#3768=ORIENTED_EDGE('',*,*,#2898,.F.);
#3769=ORIENTED_EDGE('',*,*,#2899,.F.);
#3770=ORIENTED_EDGE('',*,*,#2900,.F.);
#3771=ORIENTED_EDGE('',*,*,#2901,.F.);
#3772=ORIENTED_EDGE('',*,*,#2902,.F.);
#3773=ORIENTED_EDGE('',*,*,#2903,.F.);
#3774=ORIENTED_EDGE('',*,*,#2904,.F.);
#3775=ORIENTED_EDGE('',*,*,#2905,.F.);
#3776=ORIENTED_EDGE('',*,*,#2906,.F.);
#3777=ORIENTED_EDGE('',*,*,#2907,.F.);
#3778=ORIENTED_EDGE('',*,*,#2908,.F.);
#3779=ORIENTED_EDGE('',*,*,#2909,.F.);
#3780=ORIENTED_EDGE('',*,*,#2910,.F.);
#3781=ORIENTED_EDGE('',*,*,#2911,.F.);
#3782=ORIENTED_EDGE('',*,*,#2912,.F.);
#3783=ORIENTED_EDGE('',*,*,#2913,.F.);
#3784=ORIENTED_EDGE('',*,*,#2914,.F.);
#3785=ORIENTED_EDGE('',*,*,#2915,.F.);
#3786=ORIENTED_EDGE('',*,*,#2916,.F.);
#3787=ORIENTED_EDGE('',*,*,#2917,.F.);
#3788=ORIENTED_EDGE('',*,*,#2918,.F.);
#3789=ORIENTED_EDGE('',*,*,#2919,.F.);
#3790=ORIENTED_EDGE('',*,*,#2920,.F.);
#3791=ORIENTED_EDGE('',*,*,#2921,.F.);
#3792=ORIENTED_EDGE('',*,*,#2922,.F.);
#3793=ORIENTED_EDGE('',*,*,#2923,.F.);
#3794=ORIENTED_EDGE('',*,*,#2924,.F.);
#3795=ORIENTED_EDGE('',*,*,#2925,.F.);
#3796=ORIENTED_EDGE('',*,*,#2926,.F.);
#3797=ORIENTED_EDGE('',*,*,#2927,.F.);
#3798=ORIENTED_EDGE('',*,*,#2928,.F.);
#3799=ORIENTED_EDGE('',*,*,#2929,.T.);
#3800=ORIENTED_EDGE('',*,*,#2930,.T.);
#3801=ORIENTED_EDGE('',*,*,#2931,.F.);
#3802=ORIENTED_EDGE('',*,*,#2932,.T.);
#3803=ORIENTED_EDGE('',*,*,#2933,.T.);
#3804=ORIENTED_EDGE('',*,*,#2934,.T.);
#3805=ORIENTED_EDGE('',*,*,#2935,.T.);
#3806=ORIENTED_EDGE('',*,*,#2936,.F.);
#3807=ORIENTED_EDGE('',*,*,#2937,.T.);
#3808=ORIENTED_EDGE('',*,*,#2938,.T.);
#3809=ORIENTED_EDGE('',*,*,#2939,.T.);
#3810=ORIENTED_EDGE('',*,*,#2940,.T.);
#3811=ORIENTED_EDGE('',*,*,#2941,.T.);
#3812=ORIENTED_EDGE('',*,*,#2942,.T.);
#3813=ORIENTED_EDGE('',*,*,#2734,.T.);
#3814=ORIENTED_EDGE('',*,*,#2727,.T.);
#3815=ORIENTED_EDGE('',*,*,#2749,.T.);
#3816=ORIENTED_EDGE('',*,*,#2753,.F.);
#3817=ORIENTED_EDGE('',*,*,#2730,.T.);
#3818=ORIENTED_EDGE('',*,*,#2741,.T.);
#3819=ORIENTED_EDGE('',*,*,#2744,.T.);
#3820=ORIENTED_EDGE('',*,*,#2748,.F.);
#3821=ORIENTED_EDGE('',*,*,#2746,.F.);
#3822=ORIENTED_EDGE('',*,*,#2742,.T.);
#3823=ORIENTED_EDGE('',*,*,#2880,.F.);
#3824=ORIENTED_EDGE('',*,*,#2943,.F.);
#3825=ORIENTED_EDGE('',*,*,#2944,.T.);
#3826=ORIENTED_EDGE('',*,*,#2945,.T.);
#3827=ORIENTED_EDGE('',*,*,#2881,.F.);
#3828=ORIENTED_EDGE('',*,*,#2945,.F.);
#3829=ORIENTED_EDGE('',*,*,#2946,.T.);
#3830=ORIENTED_EDGE('',*,*,#2947,.T.);
#3831=ORIENTED_EDGE('',*,*,#2882,.F.);
#3832=ORIENTED_EDGE('',*,*,#2947,.F.);
#3833=ORIENTED_EDGE('',*,*,#2948,.T.);
#3834=ORIENTED_EDGE('',*,*,#2949,.T.);
#3835=ORIENTED_EDGE('',*,*,#2883,.F.);
#3836=ORIENTED_EDGE('',*,*,#2949,.F.);
#3837=ORIENTED_EDGE('',*,*,#2950,.T.);
#3838=ORIENTED_EDGE('',*,*,#2951,.T.);
#3839=ORIENTED_EDGE('',*,*,#2884,.F.);
#3840=ORIENTED_EDGE('',*,*,#2951,.F.);
#3841=ORIENTED_EDGE('',*,*,#2952,.T.);
#3842=ORIENTED_EDGE('',*,*,#2953,.T.);
#3843=ORIENTED_EDGE('',*,*,#2885,.F.);
#3844=ORIENTED_EDGE('',*,*,#2953,.F.);
#3845=ORIENTED_EDGE('',*,*,#2954,.T.);
#3846=ORIENTED_EDGE('',*,*,#2955,.T.);
#3847=ORIENTED_EDGE('',*,*,#2886,.F.);
#3848=ORIENTED_EDGE('',*,*,#2955,.F.);
#3849=ORIENTED_EDGE('',*,*,#2956,.T.);
#3850=ORIENTED_EDGE('',*,*,#2957,.T.);
#3851=ORIENTED_EDGE('',*,*,#2887,.F.);
#3852=ORIENTED_EDGE('',*,*,#2957,.F.);
#3853=ORIENTED_EDGE('',*,*,#2958,.T.);
#3854=ORIENTED_EDGE('',*,*,#2959,.T.);
#3855=ORIENTED_EDGE('',*,*,#2888,.F.);
#3856=ORIENTED_EDGE('',*,*,#2959,.F.);
#3857=ORIENTED_EDGE('',*,*,#2960,.T.);
#3858=ORIENTED_EDGE('',*,*,#2961,.T.);
#3859=ORIENTED_EDGE('',*,*,#2889,.F.);
#3860=ORIENTED_EDGE('',*,*,#2961,.F.);
#3861=ORIENTED_EDGE('',*,*,#2962,.T.);
#3862=ORIENTED_EDGE('',*,*,#2963,.T.);
#3863=ORIENTED_EDGE('',*,*,#2890,.F.);
#3864=ORIENTED_EDGE('',*,*,#2963,.F.);
#3865=ORIENTED_EDGE('',*,*,#2964,.T.);
#3866=ORIENTED_EDGE('',*,*,#2965,.T.);
#3867=ORIENTED_EDGE('',*,*,#2891,.F.);
#3868=ORIENTED_EDGE('',*,*,#2965,.F.);
#3869=ORIENTED_EDGE('',*,*,#2966,.T.);
#3870=ORIENTED_EDGE('',*,*,#2967,.T.);
#3871=ORIENTED_EDGE('',*,*,#2892,.F.);
#3872=ORIENTED_EDGE('',*,*,#2967,.F.);
#3873=ORIENTED_EDGE('',*,*,#2968,.T.);
#3874=ORIENTED_EDGE('',*,*,#2969,.T.);
#3875=ORIENTED_EDGE('',*,*,#2893,.F.);
#3876=ORIENTED_EDGE('',*,*,#2969,.F.);
#3877=ORIENTED_EDGE('',*,*,#2970,.T.);
#3878=ORIENTED_EDGE('',*,*,#2971,.T.);
#3879=ORIENTED_EDGE('',*,*,#2894,.F.);
#3880=ORIENTED_EDGE('',*,*,#2971,.F.);
#3881=ORIENTED_EDGE('',*,*,#2972,.T.);
#3882=ORIENTED_EDGE('',*,*,#2973,.T.);
#3883=ORIENTED_EDGE('',*,*,#2895,.F.);
#3884=ORIENTED_EDGE('',*,*,#2973,.F.);
#3885=ORIENTED_EDGE('',*,*,#2974,.T.);
#3886=ORIENTED_EDGE('',*,*,#2975,.T.);
#3887=ORIENTED_EDGE('',*,*,#2896,.F.);
#3888=ORIENTED_EDGE('',*,*,#2975,.F.);
#3889=ORIENTED_EDGE('',*,*,#2976,.T.);
#3890=ORIENTED_EDGE('',*,*,#2977,.T.);
#3891=ORIENTED_EDGE('',*,*,#2879,.F.);
#3892=ORIENTED_EDGE('',*,*,#2977,.F.);
#3893=ORIENTED_EDGE('',*,*,#2978,.T.);
#3894=ORIENTED_EDGE('',*,*,#2943,.T.);
#3895=ORIENTED_EDGE('',*,*,#2944,.F.);
#3896=ORIENTED_EDGE('',*,*,#2978,.F.);
#3897=ORIENTED_EDGE('',*,*,#2976,.F.);
#3898=ORIENTED_EDGE('',*,*,#2974,.F.);
#3899=ORIENTED_EDGE('',*,*,#2972,.F.);
#3900=ORIENTED_EDGE('',*,*,#2970,.F.);
#3901=ORIENTED_EDGE('',*,*,#2968,.F.);
#3902=ORIENTED_EDGE('',*,*,#2966,.F.);
#3903=ORIENTED_EDGE('',*,*,#2964,.F.);
#3904=ORIENTED_EDGE('',*,*,#2962,.F.);
#3905=ORIENTED_EDGE('',*,*,#2960,.F.);
#3906=ORIENTED_EDGE('',*,*,#2958,.F.);
#3907=ORIENTED_EDGE('',*,*,#2956,.F.);
#3908=ORIENTED_EDGE('',*,*,#2954,.F.);
#3909=ORIENTED_EDGE('',*,*,#2952,.F.);
#3910=ORIENTED_EDGE('',*,*,#2950,.F.);
#3911=ORIENTED_EDGE('',*,*,#2948,.F.);
#3912=ORIENTED_EDGE('',*,*,#2946,.F.);
#3913=ORIENTED_EDGE('',*,*,#2979,.F.);
#3914=ORIENTED_EDGE('',*,*,#2980,.F.);
#3915=ORIENTED_EDGE('',*,*,#2981,.T.);
#3916=ORIENTED_EDGE('',*,*,#2982,.T.);
#3917=ORIENTED_EDGE('',*,*,#2983,.F.);
#3918=ORIENTED_EDGE('',*,*,#2982,.F.);
#3919=ORIENTED_EDGE('',*,*,#2984,.T.);
#3920=ORIENTED_EDGE('',*,*,#2985,.T.);
#3921=ORIENTED_EDGE('',*,*,#2986,.F.);
#3922=ORIENTED_EDGE('',*,*,#2985,.F.);
#3923=ORIENTED_EDGE('',*,*,#2987,.T.);
#3924=ORIENTED_EDGE('',*,*,#2988,.T.);
#3925=ORIENTED_EDGE('',*,*,#2756,.F.);
#3926=ORIENTED_EDGE('',*,*,#2989,.F.);
#3927=ORIENTED_EDGE('',*,*,#2990,.T.);
#3928=ORIENTED_EDGE('',*,*,#2991,.T.);
#3929=ORIENTED_EDGE('',*,*,#2757,.F.);
#3930=ORIENTED_EDGE('',*,*,#2991,.F.);
#3931=ORIENTED_EDGE('',*,*,#2992,.T.);
#3932=ORIENTED_EDGE('',*,*,#2993,.T.);
#3933=ORIENTED_EDGE('',*,*,#2758,.F.);
#3934=ORIENTED_EDGE('',*,*,#2993,.F.);
#3935=ORIENTED_EDGE('',*,*,#2994,.T.);
#3936=ORIENTED_EDGE('',*,*,#2995,.T.);
#3937=ORIENTED_EDGE('',*,*,#2759,.F.);
#3938=ORIENTED_EDGE('',*,*,#2995,.F.);
#3939=ORIENTED_EDGE('',*,*,#2996,.T.);
#3940=ORIENTED_EDGE('',*,*,#2997,.T.);
#3941=ORIENTED_EDGE('',*,*,#2760,.F.);
#3942=ORIENTED_EDGE('',*,*,#2997,.F.);
#3943=ORIENTED_EDGE('',*,*,#2998,.T.);
#3944=ORIENTED_EDGE('',*,*,#2999,.T.);
#3945=ORIENTED_EDGE('',*,*,#2755,.F.);
#3946=ORIENTED_EDGE('',*,*,#2999,.F.);
#3947=ORIENTED_EDGE('',*,*,#3000,.T.);
#3948=ORIENTED_EDGE('',*,*,#2989,.T.);
#3949=ORIENTED_EDGE('',*,*,#3001,.F.);
#3950=ORIENTED_EDGE('',*,*,#2988,.F.);
#3951=ORIENTED_EDGE('',*,*,#3002,.T.);
#3952=ORIENTED_EDGE('',*,*,#2980,.T.);
#3953=ORIENTED_EDGE('',*,*,#2990,.F.);
#3954=ORIENTED_EDGE('',*,*,#3000,.F.);
#3955=ORIENTED_EDGE('',*,*,#2998,.F.);
#3956=ORIENTED_EDGE('',*,*,#2996,.F.);
#3957=ORIENTED_EDGE('',*,*,#2994,.F.);
#3958=ORIENTED_EDGE('',*,*,#2992,.F.);
#3959=ORIENTED_EDGE('',*,*,#2981,.F.);
#3960=ORIENTED_EDGE('',*,*,#3002,.F.);
#3961=ORIENTED_EDGE('',*,*,#2987,.F.);
#3962=ORIENTED_EDGE('',*,*,#2984,.F.);
#3963=ORIENTED_EDGE('',*,*,#3001,.T.);
#3964=ORIENTED_EDGE('',*,*,#2979,.T.);
#3965=ORIENTED_EDGE('',*,*,#2983,.T.);
#3966=ORIENTED_EDGE('',*,*,#2986,.T.);
#3967=ORIENTED_EDGE('',*,*,#2841,.T.);
#3968=ORIENTED_EDGE('',*,*,#3003,.F.);
#3969=ORIENTED_EDGE('',*,*,#3004,.F.);
#3970=ORIENTED_EDGE('',*,*,#3005,.T.);
#3971=ORIENTED_EDGE('',*,*,#2842,.T.);
#3972=ORIENTED_EDGE('',*,*,#3005,.F.);
#3973=ORIENTED_EDGE('',*,*,#3006,.F.);
#3974=ORIENTED_EDGE('',*,*,#3007,.T.);
#3975=ORIENTED_EDGE('',*,*,#2843,.T.);
#3976=ORIENTED_EDGE('',*,*,#3007,.F.);
#3977=ORIENTED_EDGE('',*,*,#3008,.F.);
#3978=ORIENTED_EDGE('',*,*,#3009,.T.);
#3979=ORIENTED_EDGE('',*,*,#2844,.T.);
#3980=ORIENTED_EDGE('',*,*,#3009,.F.);
#3981=ORIENTED_EDGE('',*,*,#3010,.F.);
#3982=ORIENTED_EDGE('',*,*,#3011,.T.);
#3983=ORIENTED_EDGE('',*,*,#2845,.T.);
#3984=ORIENTED_EDGE('',*,*,#3011,.F.);
#3985=ORIENTED_EDGE('',*,*,#3012,.F.);
#3986=ORIENTED_EDGE('',*,*,#3013,.T.);
#3987=ORIENTED_EDGE('',*,*,#2846,.T.);
#3988=ORIENTED_EDGE('',*,*,#3013,.F.);
#3989=ORIENTED_EDGE('',*,*,#3014,.F.);
#3990=ORIENTED_EDGE('',*,*,#3015,.T.);
#3991=ORIENTED_EDGE('',*,*,#2847,.F.);
#3992=ORIENTED_EDGE('',*,*,#3015,.F.);
#3993=ORIENTED_EDGE('',*,*,#3016,.T.);
#3994=ORIENTED_EDGE('',*,*,#3017,.T.);
#3995=ORIENTED_EDGE('',*,*,#2848,.F.);
#3996=ORIENTED_EDGE('',*,*,#3017,.F.);
#3997=ORIENTED_EDGE('',*,*,#3018,.T.);
#3998=ORIENTED_EDGE('',*,*,#3019,.T.);
#3999=ORIENTED_EDGE('',*,*,#2849,.F.);
#4000=ORIENTED_EDGE('',*,*,#3019,.F.);
#4001=ORIENTED_EDGE('',*,*,#3020,.T.);
#4002=ORIENTED_EDGE('',*,*,#3021,.T.);
#4003=ORIENTED_EDGE('',*,*,#2850,.F.);
#4004=ORIENTED_EDGE('',*,*,#3021,.F.);
#4005=ORIENTED_EDGE('',*,*,#3022,.T.);
#4006=ORIENTED_EDGE('',*,*,#3023,.T.);
#4007=ORIENTED_EDGE('',*,*,#2851,.F.);
#4008=ORIENTED_EDGE('',*,*,#3023,.F.);
#4009=ORIENTED_EDGE('',*,*,#3024,.T.);
#4010=ORIENTED_EDGE('',*,*,#3025,.T.);
#4011=ORIENTED_EDGE('',*,*,#2852,.F.);
#4012=ORIENTED_EDGE('',*,*,#3025,.F.);
#4013=ORIENTED_EDGE('',*,*,#3026,.T.);
#4014=ORIENTED_EDGE('',*,*,#3027,.T.);
#4015=ORIENTED_EDGE('',*,*,#2853,.F.);
#4016=ORIENTED_EDGE('',*,*,#3027,.F.);
#4017=ORIENTED_EDGE('',*,*,#3028,.T.);
#4018=ORIENTED_EDGE('',*,*,#3029,.T.);
#4019=ORIENTED_EDGE('',*,*,#2854,.F.);
#4020=ORIENTED_EDGE('',*,*,#3029,.F.);
#4021=ORIENTED_EDGE('',*,*,#3030,.T.);
#4022=ORIENTED_EDGE('',*,*,#3031,.T.);
#4023=ORIENTED_EDGE('',*,*,#2855,.F.);
#4024=ORIENTED_EDGE('',*,*,#3031,.F.);
#4025=ORIENTED_EDGE('',*,*,#3032,.T.);
#4026=ORIENTED_EDGE('',*,*,#3033,.T.);
#4027=ORIENTED_EDGE('',*,*,#2856,.F.);
#4028=ORIENTED_EDGE('',*,*,#3033,.F.);
#4029=ORIENTED_EDGE('',*,*,#3034,.T.);
#4030=ORIENTED_EDGE('',*,*,#3035,.T.);
#4031=ORIENTED_EDGE('',*,*,#2857,.F.);
#4032=ORIENTED_EDGE('',*,*,#3035,.F.);
#4033=ORIENTED_EDGE('',*,*,#3036,.T.);
#4034=ORIENTED_EDGE('',*,*,#3037,.T.);
#4035=ORIENTED_EDGE('',*,*,#2858,.F.);
#4036=ORIENTED_EDGE('',*,*,#3037,.F.);
#4037=ORIENTED_EDGE('',*,*,#3038,.T.);
#4038=ORIENTED_EDGE('',*,*,#3039,.T.);
#4039=ORIENTED_EDGE('',*,*,#2859,.F.);
#4040=ORIENTED_EDGE('',*,*,#3039,.F.);
#4041=ORIENTED_EDGE('',*,*,#3040,.T.);
#4042=ORIENTED_EDGE('',*,*,#3041,.T.);
#4043=ORIENTED_EDGE('',*,*,#2860,.T.);
#4044=ORIENTED_EDGE('',*,*,#3041,.F.);
#4045=ORIENTED_EDGE('',*,*,#3042,.F.);
#4046=ORIENTED_EDGE('',*,*,#3043,.T.);
#4047=ORIENTED_EDGE('',*,*,#2861,.T.);
#4048=ORIENTED_EDGE('',*,*,#3043,.F.);
#4049=ORIENTED_EDGE('',*,*,#3044,.F.);
#4050=ORIENTED_EDGE('',*,*,#3045,.T.);
#4051=ORIENTED_EDGE('',*,*,#2862,.T.);
#4052=ORIENTED_EDGE('',*,*,#3045,.F.);
#4053=ORIENTED_EDGE('',*,*,#3046,.F.);
#4054=ORIENTED_EDGE('',*,*,#3047,.T.);
#4055=ORIENTED_EDGE('',*,*,#2863,.T.);
#4056=ORIENTED_EDGE('',*,*,#3047,.F.);
#4057=ORIENTED_EDGE('',*,*,#3048,.F.);
#4058=ORIENTED_EDGE('',*,*,#3049,.T.);
#4059=ORIENTED_EDGE('',*,*,#2864,.T.);
#4060=ORIENTED_EDGE('',*,*,#3049,.F.);
#4061=ORIENTED_EDGE('',*,*,#3050,.F.);
#4062=ORIENTED_EDGE('',*,*,#3051,.T.);
#4063=ORIENTED_EDGE('',*,*,#2865,.T.);
#4064=ORIENTED_EDGE('',*,*,#3051,.F.);
#4065=ORIENTED_EDGE('',*,*,#3052,.F.);
#4066=ORIENTED_EDGE('',*,*,#3053,.T.);
#4067=ORIENTED_EDGE('',*,*,#2866,.T.);
#4068=ORIENTED_EDGE('',*,*,#3053,.F.);
#4069=ORIENTED_EDGE('',*,*,#3054,.F.);
#4070=ORIENTED_EDGE('',*,*,#3055,.T.);
#4071=ORIENTED_EDGE('',*,*,#2867,.T.);
#4072=ORIENTED_EDGE('',*,*,#3055,.F.);
#4073=ORIENTED_EDGE('',*,*,#3056,.F.);
#4074=ORIENTED_EDGE('',*,*,#3057,.T.);
#4075=ORIENTED_EDGE('',*,*,#2868,.T.);
#4076=ORIENTED_EDGE('',*,*,#3057,.F.);
#4077=ORIENTED_EDGE('',*,*,#3058,.F.);
#4078=ORIENTED_EDGE('',*,*,#3059,.T.);
#4079=ORIENTED_EDGE('',*,*,#2869,.T.);
#4080=ORIENTED_EDGE('',*,*,#3059,.F.);
#4081=ORIENTED_EDGE('',*,*,#3060,.F.);
#4082=ORIENTED_EDGE('',*,*,#3061,.T.);
#4083=ORIENTED_EDGE('',*,*,#2870,.T.);
#4084=ORIENTED_EDGE('',*,*,#3061,.F.);
#4085=ORIENTED_EDGE('',*,*,#3062,.F.);
#4086=ORIENTED_EDGE('',*,*,#3063,.T.);
#4087=ORIENTED_EDGE('',*,*,#2871,.T.);
#4088=ORIENTED_EDGE('',*,*,#3063,.F.);
#4089=ORIENTED_EDGE('',*,*,#3064,.F.);
#4090=ORIENTED_EDGE('',*,*,#3065,.T.);
#4091=ORIENTED_EDGE('',*,*,#2872,.T.);
#4092=ORIENTED_EDGE('',*,*,#3065,.F.);
#4093=ORIENTED_EDGE('',*,*,#3066,.F.);
#4094=ORIENTED_EDGE('',*,*,#3067,.T.);
#4095=ORIENTED_EDGE('',*,*,#2873,.T.);
#4096=ORIENTED_EDGE('',*,*,#3067,.F.);
#4097=ORIENTED_EDGE('',*,*,#3068,.F.);
#4098=ORIENTED_EDGE('',*,*,#3069,.T.);
#4099=ORIENTED_EDGE('',*,*,#2874,.T.);
#4100=ORIENTED_EDGE('',*,*,#3069,.F.);
#4101=ORIENTED_EDGE('',*,*,#3070,.F.);
#4102=ORIENTED_EDGE('',*,*,#3071,.T.);
#4103=ORIENTED_EDGE('',*,*,#2875,.T.);
#4104=ORIENTED_EDGE('',*,*,#3071,.F.);
#4105=ORIENTED_EDGE('',*,*,#3072,.F.);
#4106=ORIENTED_EDGE('',*,*,#3073,.T.);
#4107=ORIENTED_EDGE('',*,*,#2876,.T.);
#4108=ORIENTED_EDGE('',*,*,#3073,.F.);
#4109=ORIENTED_EDGE('',*,*,#3074,.F.);
#4110=ORIENTED_EDGE('',*,*,#3075,.T.);
#4111=ORIENTED_EDGE('',*,*,#2877,.T.);
#4112=ORIENTED_EDGE('',*,*,#3075,.F.);
#4113=ORIENTED_EDGE('',*,*,#3076,.F.);
#4114=ORIENTED_EDGE('',*,*,#3077,.T.);
#4115=ORIENTED_EDGE('',*,*,#3078,.T.);
#4116=ORIENTED_EDGE('',*,*,#3079,.F.);
#4117=ORIENTED_EDGE('',*,*,#3080,.F.);
#4118=ORIENTED_EDGE('',*,*,#3081,.T.);
#4119=ORIENTED_EDGE('',*,*,#3082,.T.);
#4120=ORIENTED_EDGE('',*,*,#3081,.F.);
#4121=ORIENTED_EDGE('',*,*,#3083,.F.);
#4122=ORIENTED_EDGE('',*,*,#3084,.T.);
#4123=ORIENTED_EDGE('',*,*,#3085,.T.);
#4124=ORIENTED_EDGE('',*,*,#3084,.F.);
#4125=ORIENTED_EDGE('',*,*,#3086,.F.);
#4126=ORIENTED_EDGE('',*,*,#3087,.T.);
#4127=ORIENTED_EDGE('',*,*,#3088,.T.);
#4128=ORIENTED_EDGE('',*,*,#3089,.F.);
#4129=ORIENTED_EDGE('',*,*,#3090,.F.);
#4130=ORIENTED_EDGE('',*,*,#3091,.T.);
#4131=ORIENTED_EDGE('',*,*,#3092,.T.);
#4132=ORIENTED_EDGE('',*,*,#3091,.F.);
#4133=ORIENTED_EDGE('',*,*,#3093,.F.);
#4134=ORIENTED_EDGE('',*,*,#3094,.T.);
#4135=ORIENTED_EDGE('',*,*,#3095,.T.);
#4136=ORIENTED_EDGE('',*,*,#3094,.F.);
#4137=ORIENTED_EDGE('',*,*,#3096,.F.);
#4138=ORIENTED_EDGE('',*,*,#3097,.T.);
#4139=ORIENTED_EDGE('',*,*,#3098,.T.);
#4140=ORIENTED_EDGE('',*,*,#3097,.F.);
#4141=ORIENTED_EDGE('',*,*,#3099,.F.);
#4142=ORIENTED_EDGE('',*,*,#3100,.T.);
#4143=ORIENTED_EDGE('',*,*,#3101,.F.);
#4144=ORIENTED_EDGE('',*,*,#3102,.F.);
#4145=ORIENTED_EDGE('',*,*,#3103,.T.);
#4146=ORIENTED_EDGE('',*,*,#3104,.T.);
#4147=ORIENTED_EDGE('',*,*,#3105,.F.);
#4148=ORIENTED_EDGE('',*,*,#3104,.F.);
#4149=ORIENTED_EDGE('',*,*,#3106,.T.);
#4150=ORIENTED_EDGE('',*,*,#3107,.T.);
#4151=ORIENTED_EDGE('',*,*,#3108,.F.);
#4152=ORIENTED_EDGE('',*,*,#3107,.F.);
#4153=ORIENTED_EDGE('',*,*,#3109,.T.);
#4154=ORIENTED_EDGE('',*,*,#3110,.T.);
#4155=ORIENTED_EDGE('',*,*,#3111,.F.);
#4156=ORIENTED_EDGE('',*,*,#3110,.F.);
#4157=ORIENTED_EDGE('',*,*,#3112,.T.);
#4158=ORIENTED_EDGE('',*,*,#3113,.T.);
#4159=ORIENTED_EDGE('',*,*,#2897,.T.);
#4160=ORIENTED_EDGE('',*,*,#3114,.F.);
#4161=ORIENTED_EDGE('',*,*,#3115,.F.);
#4162=ORIENTED_EDGE('',*,*,#3116,.T.);
#4163=ORIENTED_EDGE('',*,*,#2898,.T.);
#4164=ORIENTED_EDGE('',*,*,#3116,.F.);
#4165=ORIENTED_EDGE('',*,*,#3117,.F.);
#4166=ORIENTED_EDGE('',*,*,#3118,.T.);
#4167=ORIENTED_EDGE('',*,*,#2899,.T.);
#4168=ORIENTED_EDGE('',*,*,#3118,.F.);
#4169=ORIENTED_EDGE('',*,*,#3119,.F.);
#4170=ORIENTED_EDGE('',*,*,#3120,.T.);
#4171=ORIENTED_EDGE('',*,*,#2900,.T.);
#4172=ORIENTED_EDGE('',*,*,#3120,.F.);
#4173=ORIENTED_EDGE('',*,*,#3121,.F.);
#4174=ORIENTED_EDGE('',*,*,#3122,.T.);
#4175=ORIENTED_EDGE('',*,*,#2901,.T.);
#4176=ORIENTED_EDGE('',*,*,#3122,.F.);
#4177=ORIENTED_EDGE('',*,*,#3123,.F.);
#4178=ORIENTED_EDGE('',*,*,#3124,.T.);
#4179=ORIENTED_EDGE('',*,*,#2902,.T.);
#4180=ORIENTED_EDGE('',*,*,#3124,.F.);
#4181=ORIENTED_EDGE('',*,*,#3125,.F.);
#4182=ORIENTED_EDGE('',*,*,#3126,.T.);
#4183=ORIENTED_EDGE('',*,*,#2903,.T.);
#4184=ORIENTED_EDGE('',*,*,#3126,.F.);
#4185=ORIENTED_EDGE('',*,*,#3127,.F.);
#4186=ORIENTED_EDGE('',*,*,#3128,.T.);
#4187=ORIENTED_EDGE('',*,*,#2904,.T.);
#4188=ORIENTED_EDGE('',*,*,#3128,.F.);
#4189=ORIENTED_EDGE('',*,*,#3129,.F.);
#4190=ORIENTED_EDGE('',*,*,#3130,.T.);
#4191=ORIENTED_EDGE('',*,*,#2905,.T.);
#4192=ORIENTED_EDGE('',*,*,#3130,.F.);
#4193=ORIENTED_EDGE('',*,*,#3131,.F.);
#4194=ORIENTED_EDGE('',*,*,#3132,.T.);
#4195=ORIENTED_EDGE('',*,*,#2906,.T.);
#4196=ORIENTED_EDGE('',*,*,#3132,.F.);
#4197=ORIENTED_EDGE('',*,*,#3133,.F.);
#4198=ORIENTED_EDGE('',*,*,#3134,.T.);
#4199=ORIENTED_EDGE('',*,*,#2907,.T.);
#4200=ORIENTED_EDGE('',*,*,#3134,.F.);
#4201=ORIENTED_EDGE('',*,*,#3135,.F.);
#4202=ORIENTED_EDGE('',*,*,#3136,.T.);
#4203=ORIENTED_EDGE('',*,*,#2908,.T.);
#4204=ORIENTED_EDGE('',*,*,#3136,.F.);
#4205=ORIENTED_EDGE('',*,*,#3137,.F.);
#4206=ORIENTED_EDGE('',*,*,#3138,.T.);
#4207=ORIENTED_EDGE('',*,*,#2909,.T.);
#4208=ORIENTED_EDGE('',*,*,#3138,.F.);
#4209=ORIENTED_EDGE('',*,*,#3139,.F.);
#4210=ORIENTED_EDGE('',*,*,#3140,.T.);
#4211=ORIENTED_EDGE('',*,*,#2910,.T.);
#4212=ORIENTED_EDGE('',*,*,#3140,.F.);
#4213=ORIENTED_EDGE('',*,*,#3141,.F.);
#4214=ORIENTED_EDGE('',*,*,#3142,.T.);
#4215=ORIENTED_EDGE('',*,*,#2911,.T.);
#4216=ORIENTED_EDGE('',*,*,#3142,.F.);
#4217=ORIENTED_EDGE('',*,*,#3143,.F.);
#4218=ORIENTED_EDGE('',*,*,#3144,.T.);
#4219=ORIENTED_EDGE('',*,*,#2912,.T.);
#4220=ORIENTED_EDGE('',*,*,#3144,.F.);
#4221=ORIENTED_EDGE('',*,*,#3145,.F.);
#4222=ORIENTED_EDGE('',*,*,#3146,.T.);
#4223=ORIENTED_EDGE('',*,*,#2913,.T.);
#4224=ORIENTED_EDGE('',*,*,#3146,.F.);
#4225=ORIENTED_EDGE('',*,*,#3147,.F.);
#4226=ORIENTED_EDGE('',*,*,#3148,.T.);
#4227=ORIENTED_EDGE('',*,*,#2914,.T.);
#4228=ORIENTED_EDGE('',*,*,#3148,.F.);
#4229=ORIENTED_EDGE('',*,*,#3149,.F.);
#4230=ORIENTED_EDGE('',*,*,#3150,.T.);
#4231=ORIENTED_EDGE('',*,*,#2915,.T.);
#4232=ORIENTED_EDGE('',*,*,#3150,.F.);
#4233=ORIENTED_EDGE('',*,*,#3151,.F.);
#4234=ORIENTED_EDGE('',*,*,#3152,.T.);
#4235=ORIENTED_EDGE('',*,*,#2916,.T.);
#4236=ORIENTED_EDGE('',*,*,#3152,.F.);
#4237=ORIENTED_EDGE('',*,*,#3153,.F.);
#4238=ORIENTED_EDGE('',*,*,#3154,.T.);
#4239=ORIENTED_EDGE('',*,*,#2917,.T.);
#4240=ORIENTED_EDGE('',*,*,#3154,.F.);
#4241=ORIENTED_EDGE('',*,*,#3155,.F.);
#4242=ORIENTED_EDGE('',*,*,#3156,.T.);
#4243=ORIENTED_EDGE('',*,*,#2918,.T.);
#4244=ORIENTED_EDGE('',*,*,#3156,.F.);
#4245=ORIENTED_EDGE('',*,*,#3157,.F.);
#4246=ORIENTED_EDGE('',*,*,#3158,.T.);
#4247=ORIENTED_EDGE('',*,*,#2919,.T.);
#4248=ORIENTED_EDGE('',*,*,#3158,.F.);
#4249=ORIENTED_EDGE('',*,*,#3159,.F.);
#4250=ORIENTED_EDGE('',*,*,#3160,.T.);
#4251=ORIENTED_EDGE('',*,*,#2920,.T.);
#4252=ORIENTED_EDGE('',*,*,#3160,.F.);
#4253=ORIENTED_EDGE('',*,*,#3161,.F.);
#4254=ORIENTED_EDGE('',*,*,#3162,.T.);
#4255=ORIENTED_EDGE('',*,*,#2921,.T.);
#4256=ORIENTED_EDGE('',*,*,#3162,.F.);
#4257=ORIENTED_EDGE('',*,*,#3163,.F.);
#4258=ORIENTED_EDGE('',*,*,#3164,.T.);
#4259=ORIENTED_EDGE('',*,*,#2922,.T.);
#4260=ORIENTED_EDGE('',*,*,#3164,.F.);
#4261=ORIENTED_EDGE('',*,*,#3165,.F.);
#4262=ORIENTED_EDGE('',*,*,#3166,.T.);
#4263=ORIENTED_EDGE('',*,*,#2923,.T.);
#4264=ORIENTED_EDGE('',*,*,#3166,.F.);
#4265=ORIENTED_EDGE('',*,*,#3167,.F.);
#4266=ORIENTED_EDGE('',*,*,#3168,.T.);
#4267=ORIENTED_EDGE('',*,*,#2924,.T.);
#4268=ORIENTED_EDGE('',*,*,#3168,.F.);
#4269=ORIENTED_EDGE('',*,*,#3169,.F.);
#4270=ORIENTED_EDGE('',*,*,#3170,.T.);
#4271=ORIENTED_EDGE('',*,*,#2925,.T.);
#4272=ORIENTED_EDGE('',*,*,#3170,.F.);
#4273=ORIENTED_EDGE('',*,*,#3171,.F.);
#4274=ORIENTED_EDGE('',*,*,#3172,.T.);
#4275=ORIENTED_EDGE('',*,*,#2926,.T.);
#4276=ORIENTED_EDGE('',*,*,#3172,.F.);
#4277=ORIENTED_EDGE('',*,*,#3173,.F.);
#4278=ORIENTED_EDGE('',*,*,#3174,.T.);
#4279=ORIENTED_EDGE('',*,*,#2927,.T.);
#4280=ORIENTED_EDGE('',*,*,#3174,.F.);
#4281=ORIENTED_EDGE('',*,*,#3175,.F.);
#4282=ORIENTED_EDGE('',*,*,#3176,.T.);
#4283=ORIENTED_EDGE('',*,*,#3177,.T.);
#4284=ORIENTED_EDGE('',*,*,#3178,.F.);
#4285=ORIENTED_EDGE('',*,*,#3179,.F.);
#4286=ORIENTED_EDGE('',*,*,#3180,.T.);
#4287=ORIENTED_EDGE('',*,*,#3181,.T.);
#4288=ORIENTED_EDGE('',*,*,#3180,.F.);
#4289=ORIENTED_EDGE('',*,*,#3182,.F.);
#4290=ORIENTED_EDGE('',*,*,#3183,.T.);
#4291=ORIENTED_EDGE('',*,*,#3184,.T.);
#4292=ORIENTED_EDGE('',*,*,#3087,.F.);
#4293=ORIENTED_EDGE('',*,*,#3185,.F.);
#4294=ORIENTED_EDGE('',*,*,#3079,.T.);
#4295=ORIENTED_EDGE('',*,*,#3186,.T.);
#4296=ORIENTED_EDGE('',*,*,#3100,.F.);
#4297=ORIENTED_EDGE('',*,*,#3187,.F.);
#4298=ORIENTED_EDGE('',*,*,#3089,.T.);
#4299=ORIENTED_EDGE('',*,*,#3188,.F.);
#4300=ORIENTED_EDGE('',*,*,#3113,.F.);
#4301=ORIENTED_EDGE('',*,*,#3189,.T.);
#4302=ORIENTED_EDGE('',*,*,#3102,.T.);
#4303=ORIENTED_EDGE('',*,*,#2928,.T.);
#4304=ORIENTED_EDGE('',*,*,#3176,.F.);
#4305=ORIENTED_EDGE('',*,*,#3190,.F.);
#4306=ORIENTED_EDGE('',*,*,#3114,.T.);
#4307=ORIENTED_EDGE('',*,*,#3191,.T.);
#4308=ORIENTED_EDGE('',*,*,#3183,.F.);
#4309=ORIENTED_EDGE('',*,*,#3192,.F.);
#4310=ORIENTED_EDGE('',*,*,#3178,.T.);
#4311=ORIENTED_EDGE('',*,*,#2878,.T.);
#4312=ORIENTED_EDGE('',*,*,#3077,.F.);
#4313=ORIENTED_EDGE('',*,*,#3193,.F.);
#4314=ORIENTED_EDGE('',*,*,#3003,.T.);
#4315=ORIENTED_EDGE('',*,*,#3004,.T.);
#4316=ORIENTED_EDGE('',*,*,#3193,.T.);
#4317=ORIENTED_EDGE('',*,*,#3076,.T.);
#4318=ORIENTED_EDGE('',*,*,#3074,.T.);
#4319=ORIENTED_EDGE('',*,*,#3072,.T.);
#4320=ORIENTED_EDGE('',*,*,#3070,.T.);
#4321=ORIENTED_EDGE('',*,*,#3068,.T.);
#4322=ORIENTED_EDGE('',*,*,#3066,.T.);
#4323=ORIENTED_EDGE('',*,*,#3064,.T.);
#4324=ORIENTED_EDGE('',*,*,#3062,.T.);
#4325=ORIENTED_EDGE('',*,*,#3060,.T.);
#4326=ORIENTED_EDGE('',*,*,#3058,.T.);
#4327=ORIENTED_EDGE('',*,*,#3056,.T.);
#4328=ORIENTED_EDGE('',*,*,#3054,.T.);
#4329=ORIENTED_EDGE('',*,*,#3052,.T.);
#4330=ORIENTED_EDGE('',*,*,#3050,.T.);
#4331=ORIENTED_EDGE('',*,*,#3048,.T.);
#4332=ORIENTED_EDGE('',*,*,#3046,.T.);
#4333=ORIENTED_EDGE('',*,*,#3044,.T.);
#4334=ORIENTED_EDGE('',*,*,#3042,.T.);
#4335=ORIENTED_EDGE('',*,*,#3040,.F.);
#4336=ORIENTED_EDGE('',*,*,#3038,.F.);
#4337=ORIENTED_EDGE('',*,*,#3036,.F.);
#4338=ORIENTED_EDGE('',*,*,#3034,.F.);
#4339=ORIENTED_EDGE('',*,*,#3032,.F.);
#4340=ORIENTED_EDGE('',*,*,#3030,.F.);
#4341=ORIENTED_EDGE('',*,*,#3028,.F.);
#4342=ORIENTED_EDGE('',*,*,#3026,.F.);
#4343=ORIENTED_EDGE('',*,*,#3024,.F.);
#4344=ORIENTED_EDGE('',*,*,#3022,.F.);
#4345=ORIENTED_EDGE('',*,*,#3020,.F.);
#4346=ORIENTED_EDGE('',*,*,#3018,.F.);
#4347=ORIENTED_EDGE('',*,*,#3016,.F.);
#4348=ORIENTED_EDGE('',*,*,#3014,.T.);
#4349=ORIENTED_EDGE('',*,*,#3012,.T.);
#4350=ORIENTED_EDGE('',*,*,#3010,.T.);
#4351=ORIENTED_EDGE('',*,*,#3008,.T.);
#4352=ORIENTED_EDGE('',*,*,#3006,.T.);
#4353=ORIENTED_EDGE('',*,*,#3179,.T.);
#4354=ORIENTED_EDGE('',*,*,#3192,.T.);
#4355=ORIENTED_EDGE('',*,*,#3182,.T.);
#4356=ORIENTED_EDGE('',*,*,#3115,.T.);
#4357=ORIENTED_EDGE('',*,*,#3190,.T.);
#4358=ORIENTED_EDGE('',*,*,#3175,.T.);
#4359=ORIENTED_EDGE('',*,*,#3173,.T.);
#4360=ORIENTED_EDGE('',*,*,#3171,.T.);
#4361=ORIENTED_EDGE('',*,*,#3169,.T.);
#4362=ORIENTED_EDGE('',*,*,#3167,.T.);
#4363=ORIENTED_EDGE('',*,*,#3165,.T.);
#4364=ORIENTED_EDGE('',*,*,#3163,.T.);
#4365=ORIENTED_EDGE('',*,*,#3161,.T.);
#4366=ORIENTED_EDGE('',*,*,#3159,.T.);
#4367=ORIENTED_EDGE('',*,*,#3157,.T.);
#4368=ORIENTED_EDGE('',*,*,#3155,.T.);
#4369=ORIENTED_EDGE('',*,*,#3153,.T.);
#4370=ORIENTED_EDGE('',*,*,#3151,.T.);
#4371=ORIENTED_EDGE('',*,*,#3149,.T.);
#4372=ORIENTED_EDGE('',*,*,#3147,.T.);
#4373=ORIENTED_EDGE('',*,*,#3145,.T.);
#4374=ORIENTED_EDGE('',*,*,#3143,.T.);
#4375=ORIENTED_EDGE('',*,*,#3141,.T.);
#4376=ORIENTED_EDGE('',*,*,#3139,.T.);
#4377=ORIENTED_EDGE('',*,*,#3137,.T.);
#4378=ORIENTED_EDGE('',*,*,#3135,.T.);
#4379=ORIENTED_EDGE('',*,*,#3133,.T.);
#4380=ORIENTED_EDGE('',*,*,#3131,.T.);
#4381=ORIENTED_EDGE('',*,*,#3129,.T.);
#4382=ORIENTED_EDGE('',*,*,#3127,.T.);
#4383=ORIENTED_EDGE('',*,*,#3125,.T.);
#4384=ORIENTED_EDGE('',*,*,#3123,.T.);
#4385=ORIENTED_EDGE('',*,*,#3121,.T.);
#4386=ORIENTED_EDGE('',*,*,#3119,.T.);
#4387=ORIENTED_EDGE('',*,*,#3117,.T.);
#4388=ORIENTED_EDGE('',*,*,#3103,.F.);
#4389=ORIENTED_EDGE('',*,*,#3189,.F.);
#4390=ORIENTED_EDGE('',*,*,#3112,.F.);
#4391=ORIENTED_EDGE('',*,*,#3109,.F.);
#4392=ORIENTED_EDGE('',*,*,#3106,.F.);
#4393=ORIENTED_EDGE('',*,*,#3090,.T.);
#4394=ORIENTED_EDGE('',*,*,#3187,.T.);
#4395=ORIENTED_EDGE('',*,*,#3099,.T.);
#4396=ORIENTED_EDGE('',*,*,#3096,.T.);
#4397=ORIENTED_EDGE('',*,*,#3093,.T.);
#4398=ORIENTED_EDGE('',*,*,#3080,.T.);
#4399=ORIENTED_EDGE('',*,*,#3185,.T.);
#4400=ORIENTED_EDGE('',*,*,#3086,.T.);
#4401=ORIENTED_EDGE('',*,*,#3083,.T.);
#4402=ORIENTED_EDGE('',*,*,#3177,.F.);
#4403=ORIENTED_EDGE('',*,*,#3181,.F.);
#4404=ORIENTED_EDGE('',*,*,#3191,.F.);
#4405=ORIENTED_EDGE('',*,*,#3188,.T.);
#4406=ORIENTED_EDGE('',*,*,#3101,.T.);
#4407=ORIENTED_EDGE('',*,*,#3105,.T.);
#4408=ORIENTED_EDGE('',*,*,#3108,.T.);
#4409=ORIENTED_EDGE('',*,*,#3111,.T.);
#4410=ORIENTED_EDGE('',*,*,#3088,.F.);
#4411=ORIENTED_EDGE('',*,*,#3092,.F.);
#4412=ORIENTED_EDGE('',*,*,#3095,.F.);
#4413=ORIENTED_EDGE('',*,*,#3098,.F.);
#4414=ORIENTED_EDGE('',*,*,#3186,.F.);
#4415=ORIENTED_EDGE('',*,*,#3078,.F.);
#4416=ORIENTED_EDGE('',*,*,#3082,.F.);
#4417=ORIENTED_EDGE('',*,*,#3085,.F.);
#4418=ORIENTED_EDGE('',*,*,#3184,.F.);
#4419=ORIENTED_EDGE('',*,*,#2930,.F.);
#4420=ORIENTED_EDGE('',*,*,#3194,.F.);
#4421=ORIENTED_EDGE('',*,*,#3195,.T.);
#4422=ORIENTED_EDGE('',*,*,#3196,.T.);
#4423=ORIENTED_EDGE('',*,*,#2931,.T.);
#4424=ORIENTED_EDGE('',*,*,#3196,.F.);
#4425=ORIENTED_EDGE('',*,*,#3197,.F.);
#4426=ORIENTED_EDGE('',*,*,#3198,.T.);
#4427=ORIENTED_EDGE('',*,*,#2932,.F.);
#4428=ORIENTED_EDGE('',*,*,#3198,.F.);
#4429=ORIENTED_EDGE('',*,*,#3199,.T.);
#4430=ORIENTED_EDGE('',*,*,#3200,.T.);
#4431=ORIENTED_EDGE('',*,*,#3201,.F.);
#4432=ORIENTED_EDGE('',*,*,#3202,.F.);
#4433=ORIENTED_EDGE('',*,*,#3203,.T.);
#4434=ORIENTED_EDGE('',*,*,#3204,.T.);
#4435=ORIENTED_EDGE('',*,*,#3205,.F.);
#4436=ORIENTED_EDGE('',*,*,#3204,.F.);
#4437=ORIENTED_EDGE('',*,*,#3206,.T.);
#4438=ORIENTED_EDGE('',*,*,#3207,.T.);
#4439=ORIENTED_EDGE('',*,*,#3208,.F.);
#4440=ORIENTED_EDGE('',*,*,#3207,.F.);
#4441=ORIENTED_EDGE('',*,*,#3209,.T.);
#4442=ORIENTED_EDGE('',*,*,#3202,.T.);
#4443=ORIENTED_EDGE('',*,*,#2929,.F.);
#4444=ORIENTED_EDGE('',*,*,#3200,.F.);
#4445=ORIENTED_EDGE('',*,*,#3210,.T.);
#4446=ORIENTED_EDGE('',*,*,#3194,.T.);
#4447=ORIENTED_EDGE('',*,*,#3195,.F.);
#4448=ORIENTED_EDGE('',*,*,#3210,.F.);
#4449=ORIENTED_EDGE('',*,*,#3199,.F.);
#4450=ORIENTED_EDGE('',*,*,#3197,.T.);
#4451=ORIENTED_EDGE('',*,*,#3203,.F.);
#4452=ORIENTED_EDGE('',*,*,#3209,.F.);
#4453=ORIENTED_EDGE('',*,*,#3206,.F.);
#4454=ORIENTED_EDGE('',*,*,#3208,.T.);
#4455=ORIENTED_EDGE('',*,*,#3201,.T.);
#4456=ORIENTED_EDGE('',*,*,#3205,.T.);
#4457=ORIENTED_EDGE('',*,*,#3211,.F.);
#4458=ORIENTED_EDGE('',*,*,#3212,.F.);
#4459=ORIENTED_EDGE('',*,*,#3213,.T.);
#4460=ORIENTED_EDGE('',*,*,#3214,.T.);
#4461=ORIENTED_EDGE('',*,*,#3215,.F.);
#4462=ORIENTED_EDGE('',*,*,#3214,.F.);
#4463=ORIENTED_EDGE('',*,*,#3216,.T.);
#4464=ORIENTED_EDGE('',*,*,#3217,.T.);
#4465=ORIENTED_EDGE('',*,*,#3218,.F.);
#4466=ORIENTED_EDGE('',*,*,#3217,.F.);
#4467=ORIENTED_EDGE('',*,*,#3219,.T.);
#4468=ORIENTED_EDGE('',*,*,#3220,.T.);
#4469=ORIENTED_EDGE('',*,*,#3221,.F.);
#4470=ORIENTED_EDGE('',*,*,#3220,.F.);
#4471=ORIENTED_EDGE('',*,*,#3222,.T.);
#4472=ORIENTED_EDGE('',*,*,#3223,.T.);
#4473=ORIENTED_EDGE('',*,*,#2939,.F.);
#4474=ORIENTED_EDGE('',*,*,#3224,.F.);
#4475=ORIENTED_EDGE('',*,*,#3225,.T.);
#4476=ORIENTED_EDGE('',*,*,#3226,.T.);
#4477=ORIENTED_EDGE('',*,*,#2940,.F.);
#4478=ORIENTED_EDGE('',*,*,#3226,.F.);
#4479=ORIENTED_EDGE('',*,*,#3227,.T.);
#4480=ORIENTED_EDGE('',*,*,#3228,.T.);
#4481=ORIENTED_EDGE('',*,*,#2941,.F.);
#4482=ORIENTED_EDGE('',*,*,#3228,.F.);
#4483=ORIENTED_EDGE('',*,*,#3229,.T.);
#4484=ORIENTED_EDGE('',*,*,#3230,.T.);
#4485=ORIENTED_EDGE('',*,*,#2942,.F.);
#4486=ORIENTED_EDGE('',*,*,#3230,.F.);
#4487=ORIENTED_EDGE('',*,*,#3231,.T.);
#4488=ORIENTED_EDGE('',*,*,#3232,.T.);
#4489=ORIENTED_EDGE('',*,*,#2938,.F.);
#4490=ORIENTED_EDGE('',*,*,#3232,.F.);
#4491=ORIENTED_EDGE('',*,*,#3233,.T.);
#4492=ORIENTED_EDGE('',*,*,#3224,.T.);
#4493=ORIENTED_EDGE('',*,*,#3234,.F.);
#4494=ORIENTED_EDGE('',*,*,#3223,.F.);
#4495=ORIENTED_EDGE('',*,*,#3235,.T.);
#4496=ORIENTED_EDGE('',*,*,#3212,.T.);
#4497=ORIENTED_EDGE('',*,*,#3225,.F.);
#4498=ORIENTED_EDGE('',*,*,#3233,.F.);
#4499=ORIENTED_EDGE('',*,*,#3231,.F.);
#4500=ORIENTED_EDGE('',*,*,#3229,.F.);
#4501=ORIENTED_EDGE('',*,*,#3227,.F.);
#4502=ORIENTED_EDGE('',*,*,#3213,.F.);
#4503=ORIENTED_EDGE('',*,*,#3235,.F.);
#4504=ORIENTED_EDGE('',*,*,#3222,.F.);
#4505=ORIENTED_EDGE('',*,*,#3219,.F.);
#4506=ORIENTED_EDGE('',*,*,#3216,.F.);
#4507=ORIENTED_EDGE('',*,*,#3234,.T.);
#4508=ORIENTED_EDGE('',*,*,#3211,.T.);
#4509=ORIENTED_EDGE('',*,*,#3215,.T.);
#4510=ORIENTED_EDGE('',*,*,#3218,.T.);
#4511=ORIENTED_EDGE('',*,*,#3221,.T.);
#4512=ORIENTED_EDGE('',*,*,#3236,.F.);
#4513=ORIENTED_EDGE('',*,*,#3237,.F.);
#4514=ORIENTED_EDGE('',*,*,#3238,.T.);
#4515=ORIENTED_EDGE('',*,*,#3239,.T.);
#4516=ORIENTED_EDGE('',*,*,#3240,.F.);
#4517=ORIENTED_EDGE('',*,*,#3239,.F.);
#4518=ORIENTED_EDGE('',*,*,#3241,.T.);
#4519=ORIENTED_EDGE('',*,*,#3242,.T.);
#4520=ORIENTED_EDGE('',*,*,#3243,.F.);
#4521=ORIENTED_EDGE('',*,*,#3242,.F.);
#4522=ORIENTED_EDGE('',*,*,#3244,.T.);
#4523=ORIENTED_EDGE('',*,*,#3245,.T.);
#4524=ORIENTED_EDGE('',*,*,#3246,.F.);
#4525=ORIENTED_EDGE('',*,*,#3245,.F.);
#4526=ORIENTED_EDGE('',*,*,#3247,.T.);
#4527=ORIENTED_EDGE('',*,*,#3248,.T.);
#4528=ORIENTED_EDGE('',*,*,#2934,.F.);
#4529=ORIENTED_EDGE('',*,*,#3249,.F.);
#4530=ORIENTED_EDGE('',*,*,#3250,.T.);
#4531=ORIENTED_EDGE('',*,*,#3251,.T.);
#4532=ORIENTED_EDGE('',*,*,#2935,.F.);
#4533=ORIENTED_EDGE('',*,*,#3251,.F.);
#4534=ORIENTED_EDGE('',*,*,#3252,.T.);
#4535=ORIENTED_EDGE('',*,*,#3253,.T.);
#4536=ORIENTED_EDGE('',*,*,#2936,.T.);
#4537=ORIENTED_EDGE('',*,*,#3253,.F.);
#4538=ORIENTED_EDGE('',*,*,#3254,.F.);
#4539=ORIENTED_EDGE('',*,*,#3255,.T.);
#4540=ORIENTED_EDGE('',*,*,#2937,.F.);
#4541=ORIENTED_EDGE('',*,*,#3255,.F.);
#4542=ORIENTED_EDGE('',*,*,#3256,.T.);
#4543=ORIENTED_EDGE('',*,*,#3257,.T.);
#4544=ORIENTED_EDGE('',*,*,#2933,.F.);
#4545=ORIENTED_EDGE('',*,*,#3257,.F.);
#4546=ORIENTED_EDGE('',*,*,#3258,.T.);
#4547=ORIENTED_EDGE('',*,*,#3249,.T.);
#4548=ORIENTED_EDGE('',*,*,#3259,.F.);
#4549=ORIENTED_EDGE('',*,*,#3248,.F.);
#4550=ORIENTED_EDGE('',*,*,#3260,.T.);
#4551=ORIENTED_EDGE('',*,*,#3237,.T.);
#4552=ORIENTED_EDGE('',*,*,#3250,.F.);
#4553=ORIENTED_EDGE('',*,*,#3258,.F.);
#4554=ORIENTED_EDGE('',*,*,#3256,.F.);
#4555=ORIENTED_EDGE('',*,*,#3254,.T.);
#4556=ORIENTED_EDGE('',*,*,#3252,.F.);
#4557=ORIENTED_EDGE('',*,*,#3238,.F.);
#4558=ORIENTED_EDGE('',*,*,#3260,.F.);
#4559=ORIENTED_EDGE('',*,*,#3247,.F.);
#4560=ORIENTED_EDGE('',*,*,#3244,.F.);
#4561=ORIENTED_EDGE('',*,*,#3241,.F.);
#4562=ORIENTED_EDGE('',*,*,#3259,.T.);
#4563=ORIENTED_EDGE('',*,*,#3236,.T.);
#4564=ORIENTED_EDGE('',*,*,#3240,.T.);
#4565=ORIENTED_EDGE('',*,*,#3243,.T.);
#4566=ORIENTED_EDGE('',*,*,#3246,.T.);
#4567=ORIENTED_EDGE('',*,*,#2816,.F.);
#4568=ORIENTED_EDGE('',*,*,#3261,.F.);
#4569=ORIENTED_EDGE('',*,*,#3262,.T.);
#4570=ORIENTED_EDGE('',*,*,#3263,.T.);
#4571=ORIENTED_EDGE('',*,*,#2817,.F.);
#4572=ORIENTED_EDGE('',*,*,#3263,.F.);
#4573=ORIENTED_EDGE('',*,*,#3264,.T.);
#4574=ORIENTED_EDGE('',*,*,#3265,.T.);
#4575=ORIENTED_EDGE('',*,*,#2818,.F.);
#4576=ORIENTED_EDGE('',*,*,#3265,.F.);
#4577=ORIENTED_EDGE('',*,*,#3266,.T.);
#4578=ORIENTED_EDGE('',*,*,#3267,.T.);
#4579=ORIENTED_EDGE('',*,*,#2819,.F.);
#4580=ORIENTED_EDGE('',*,*,#3267,.F.);
#4581=ORIENTED_EDGE('',*,*,#3268,.T.);
#4582=ORIENTED_EDGE('',*,*,#3269,.T.);
#4583=ORIENTED_EDGE('',*,*,#2820,.F.);
#4584=ORIENTED_EDGE('',*,*,#3269,.F.);
#4585=ORIENTED_EDGE('',*,*,#3270,.T.);
#4586=ORIENTED_EDGE('',*,*,#3271,.T.);
#4587=ORIENTED_EDGE('',*,*,#2821,.F.);
#4588=ORIENTED_EDGE('',*,*,#3271,.F.);
#4589=ORIENTED_EDGE('',*,*,#3272,.T.);
#4590=ORIENTED_EDGE('',*,*,#3273,.T.);
#4591=ORIENTED_EDGE('',*,*,#2822,.F.);
#4592=ORIENTED_EDGE('',*,*,#3273,.F.);
#4593=ORIENTED_EDGE('',*,*,#3274,.T.);
#4594=ORIENTED_EDGE('',*,*,#3275,.T.);
#4595=ORIENTED_EDGE('',*,*,#2823,.F.);
#4596=ORIENTED_EDGE('',*,*,#3275,.F.);
#4597=ORIENTED_EDGE('',*,*,#3276,.T.);
#4598=ORIENTED_EDGE('',*,*,#3277,.T.);
#4599=ORIENTED_EDGE('',*,*,#2824,.F.);
#4600=ORIENTED_EDGE('',*,*,#3277,.F.);
#4601=ORIENTED_EDGE('',*,*,#3278,.T.);
#4602=ORIENTED_EDGE('',*,*,#3279,.T.);
#4603=ORIENTED_EDGE('',*,*,#2825,.F.);
#4604=ORIENTED_EDGE('',*,*,#3279,.F.);
#4605=ORIENTED_EDGE('',*,*,#3280,.T.);
#4606=ORIENTED_EDGE('',*,*,#3281,.T.);
#4607=ORIENTED_EDGE('',*,*,#2826,.F.);
#4608=ORIENTED_EDGE('',*,*,#3281,.F.);
#4609=ORIENTED_EDGE('',*,*,#3282,.T.);
#4610=ORIENTED_EDGE('',*,*,#3283,.T.);
#4611=ORIENTED_EDGE('',*,*,#2827,.F.);
#4612=ORIENTED_EDGE('',*,*,#3283,.F.);
#4613=ORIENTED_EDGE('',*,*,#3284,.T.);
#4614=ORIENTED_EDGE('',*,*,#3285,.T.);
#4615=ORIENTED_EDGE('',*,*,#2828,.F.);
#4616=ORIENTED_EDGE('',*,*,#3285,.F.);
#4617=ORIENTED_EDGE('',*,*,#3286,.T.);
#4618=ORIENTED_EDGE('',*,*,#3287,.T.);
#4619=ORIENTED_EDGE('',*,*,#2829,.F.);
#4620=ORIENTED_EDGE('',*,*,#3287,.F.);
#4621=ORIENTED_EDGE('',*,*,#3288,.T.);
#4622=ORIENTED_EDGE('',*,*,#3289,.T.);
#4623=ORIENTED_EDGE('',*,*,#2830,.F.);
#4624=ORIENTED_EDGE('',*,*,#3289,.F.);
#4625=ORIENTED_EDGE('',*,*,#3290,.T.);
#4626=ORIENTED_EDGE('',*,*,#3291,.T.);
#4627=ORIENTED_EDGE('',*,*,#2831,.F.);
#4628=ORIENTED_EDGE('',*,*,#3291,.F.);
#4629=ORIENTED_EDGE('',*,*,#3292,.T.);
#4630=ORIENTED_EDGE('',*,*,#3293,.T.);
#4631=ORIENTED_EDGE('',*,*,#2832,.F.);
#4632=ORIENTED_EDGE('',*,*,#3293,.F.);
#4633=ORIENTED_EDGE('',*,*,#3294,.T.);
#4634=ORIENTED_EDGE('',*,*,#3295,.T.);
#4635=ORIENTED_EDGE('',*,*,#2833,.F.);
#4636=ORIENTED_EDGE('',*,*,#3295,.F.);
#4637=ORIENTED_EDGE('',*,*,#3296,.T.);
#4638=ORIENTED_EDGE('',*,*,#3297,.T.);
#4639=ORIENTED_EDGE('',*,*,#2834,.F.);
#4640=ORIENTED_EDGE('',*,*,#3297,.F.);
#4641=ORIENTED_EDGE('',*,*,#3298,.T.);
#4642=ORIENTED_EDGE('',*,*,#3299,.T.);
#4643=ORIENTED_EDGE('',*,*,#2835,.F.);
#4644=ORIENTED_EDGE('',*,*,#3299,.F.);
#4645=ORIENTED_EDGE('',*,*,#3300,.T.);
#4646=ORIENTED_EDGE('',*,*,#3301,.T.);
#4647=ORIENTED_EDGE('',*,*,#2836,.F.);
#4648=ORIENTED_EDGE('',*,*,#3301,.F.);
#4649=ORIENTED_EDGE('',*,*,#3302,.T.);
#4650=ORIENTED_EDGE('',*,*,#3303,.T.);
#4651=ORIENTED_EDGE('',*,*,#2837,.F.);
#4652=ORIENTED_EDGE('',*,*,#3303,.F.);
#4653=ORIENTED_EDGE('',*,*,#3304,.T.);
#4654=ORIENTED_EDGE('',*,*,#3305,.T.);
#4655=ORIENTED_EDGE('',*,*,#2838,.F.);
#4656=ORIENTED_EDGE('',*,*,#3305,.F.);
#4657=ORIENTED_EDGE('',*,*,#3306,.T.);
#4658=ORIENTED_EDGE('',*,*,#3307,.T.);
#4659=ORIENTED_EDGE('',*,*,#2839,.F.);
#4660=ORIENTED_EDGE('',*,*,#3307,.F.);
#4661=ORIENTED_EDGE('',*,*,#3308,.T.);
#4662=ORIENTED_EDGE('',*,*,#3309,.T.);
#4663=ORIENTED_EDGE('',*,*,#2840,.F.);
#4664=ORIENTED_EDGE('',*,*,#3309,.F.);
#4665=ORIENTED_EDGE('',*,*,#3310,.T.);
#4666=ORIENTED_EDGE('',*,*,#3311,.T.);
#4667=ORIENTED_EDGE('',*,*,#2815,.F.);
#4668=ORIENTED_EDGE('',*,*,#3311,.F.);
#4669=ORIENTED_EDGE('',*,*,#3312,.T.);
#4670=ORIENTED_EDGE('',*,*,#3261,.T.);
#4671=ORIENTED_EDGE('',*,*,#3262,.F.);
#4672=ORIENTED_EDGE('',*,*,#3312,.F.);
#4673=ORIENTED_EDGE('',*,*,#3310,.F.);
#4674=ORIENTED_EDGE('',*,*,#3308,.F.);
#4675=ORIENTED_EDGE('',*,*,#3306,.F.);
#4676=ORIENTED_EDGE('',*,*,#3304,.F.);
#4677=ORIENTED_EDGE('',*,*,#3302,.F.);
#4678=ORIENTED_EDGE('',*,*,#3300,.F.);
#4679=ORIENTED_EDGE('',*,*,#3298,.F.);
#4680=ORIENTED_EDGE('',*,*,#3296,.F.);
#4681=ORIENTED_EDGE('',*,*,#3294,.F.);
#4682=ORIENTED_EDGE('',*,*,#3292,.F.);
#4683=ORIENTED_EDGE('',*,*,#3290,.F.);
#4684=ORIENTED_EDGE('',*,*,#3288,.F.);
#4685=ORIENTED_EDGE('',*,*,#3286,.F.);
#4686=ORIENTED_EDGE('',*,*,#3284,.F.);
#4687=ORIENTED_EDGE('',*,*,#3282,.F.);
#4688=ORIENTED_EDGE('',*,*,#3280,.F.);
#4689=ORIENTED_EDGE('',*,*,#3278,.F.);
#4690=ORIENTED_EDGE('',*,*,#3276,.F.);
#4691=ORIENTED_EDGE('',*,*,#3274,.F.);
#4692=ORIENTED_EDGE('',*,*,#3272,.F.);
#4693=ORIENTED_EDGE('',*,*,#3270,.F.);
#4694=ORIENTED_EDGE('',*,*,#3268,.F.);
#4695=ORIENTED_EDGE('',*,*,#3266,.F.);
#4696=ORIENTED_EDGE('',*,*,#3264,.F.);
#4697=ORIENTED_EDGE('',*,*,#2762,.F.);
#4698=ORIENTED_EDGE('',*,*,#3313,.F.);
#4699=ORIENTED_EDGE('',*,*,#3314,.T.);
#4700=ORIENTED_EDGE('',*,*,#3315,.T.);
#4701=ORIENTED_EDGE('',*,*,#2763,.F.);
#4702=ORIENTED_EDGE('',*,*,#3315,.F.);
#4703=ORIENTED_EDGE('',*,*,#3316,.T.);
#4704=ORIENTED_EDGE('',*,*,#3317,.T.);
#4705=ORIENTED_EDGE('',*,*,#2764,.F.);
#4706=ORIENTED_EDGE('',*,*,#3317,.F.);
#4707=ORIENTED_EDGE('',*,*,#3318,.T.);
#4708=ORIENTED_EDGE('',*,*,#3319,.T.);
#4709=ORIENTED_EDGE('',*,*,#2761,.F.);
#4710=ORIENTED_EDGE('',*,*,#3319,.F.);
#4711=ORIENTED_EDGE('',*,*,#3320,.T.);
#4712=ORIENTED_EDGE('',*,*,#3313,.T.);
#4713=ORIENTED_EDGE('',*,*,#3314,.F.);
#4714=ORIENTED_EDGE('',*,*,#3320,.F.);
#4715=ORIENTED_EDGE('',*,*,#3318,.F.);
#4716=ORIENTED_EDGE('',*,*,#3316,.F.);
#4717=ORIENTED_EDGE('',*,*,#3321,.F.);
#4718=ORIENTED_EDGE('',*,*,#3322,.F.);
#4719=ORIENTED_EDGE('',*,*,#3323,.F.);
#4720=ORIENTED_EDGE('',*,*,#3324,.F.);
#4721=ORIENTED_EDGE('',*,*,#3325,.F.);
#4722=ORIENTED_EDGE('',*,*,#3326,.F.);
#4723=ORIENTED_EDGE('',*,*,#3327,.F.);
#4724=ORIENTED_EDGE('',*,*,#3328,.F.);
#4725=ORIENTED_EDGE('',*,*,#3329,.F.);
#4726=ORIENTED_EDGE('',*,*,#3330,.F.);
#4727=ORIENTED_EDGE('',*,*,#3328,.T.);
#4728=ORIENTED_EDGE('',*,*,#3331,.T.);
#4729=ORIENTED_EDGE('',*,*,#3332,.F.);
#4730=ORIENTED_EDGE('',*,*,#3333,.F.);
#4731=ORIENTED_EDGE('',*,*,#3321,.T.);
#4732=ORIENTED_EDGE('',*,*,#3330,.T.);
#4733=ORIENTED_EDGE('',*,*,#3334,.F.);
#4734=ORIENTED_EDGE('',*,*,#3335,.F.);
#4735=ORIENTED_EDGE('',*,*,#3322,.T.);
#4736=ORIENTED_EDGE('',*,*,#3333,.T.);
#4737=ORIENTED_EDGE('',*,*,#3336,.F.);
#4738=ORIENTED_EDGE('',*,*,#3337,.F.);
#4739=ORIENTED_EDGE('',*,*,#3323,.T.);
#4740=ORIENTED_EDGE('',*,*,#3335,.T.);
#4741=ORIENTED_EDGE('',*,*,#3338,.F.);
#4742=ORIENTED_EDGE('',*,*,#3339,.F.);
#4743=ORIENTED_EDGE('',*,*,#3324,.T.);
#4744=ORIENTED_EDGE('',*,*,#3337,.T.);
#4745=ORIENTED_EDGE('',*,*,#3340,.F.);
#4746=ORIENTED_EDGE('',*,*,#3341,.F.);
#4747=ORIENTED_EDGE('',*,*,#3325,.T.);
#4748=ORIENTED_EDGE('',*,*,#3339,.T.);
#4749=ORIENTED_EDGE('',*,*,#3342,.F.);
#4750=ORIENTED_EDGE('',*,*,#3343,.F.);
#4751=ORIENTED_EDGE('',*,*,#3326,.T.);
#4752=ORIENTED_EDGE('',*,*,#3341,.T.);
#4753=ORIENTED_EDGE('',*,*,#3344,.F.);
#4754=ORIENTED_EDGE('',*,*,#3331,.F.);
#4755=ORIENTED_EDGE('',*,*,#3327,.T.);
#4756=ORIENTED_EDGE('',*,*,#3343,.T.);
#4757=ORIENTED_EDGE('',*,*,#3332,.T.);
#4758=ORIENTED_EDGE('',*,*,#3329,.T.);
#4759=ORIENTED_EDGE('',*,*,#3344,.T.);
#4760=ORIENTED_EDGE('',*,*,#3342,.T.);
#4761=ORIENTED_EDGE('',*,*,#3340,.T.);
#4762=ORIENTED_EDGE('',*,*,#3338,.T.);
#4763=ORIENTED_EDGE('',*,*,#3336,.T.);
#4764=ORIENTED_EDGE('',*,*,#3334,.T.);
#4765=ORIENTED_EDGE('',*,*,#2810,.F.);
#4766=ORIENTED_EDGE('',*,*,#3345,.F.);
#4767=ORIENTED_EDGE('',*,*,#3346,.T.);
#4768=ORIENTED_EDGE('',*,*,#3347,.T.);
#4769=ORIENTED_EDGE('',*,*,#2811,.F.);
#4770=ORIENTED_EDGE('',*,*,#3347,.F.);
#4771=ORIENTED_EDGE('',*,*,#3348,.T.);
#4772=ORIENTED_EDGE('',*,*,#3349,.T.);
#4773=ORIENTED_EDGE('',*,*,#2812,.F.);
#4774=ORIENTED_EDGE('',*,*,#3349,.F.);
#4775=ORIENTED_EDGE('',*,*,#3350,.T.);
#4776=ORIENTED_EDGE('',*,*,#3351,.T.);
#4777=ORIENTED_EDGE('',*,*,#2813,.F.);
#4778=ORIENTED_EDGE('',*,*,#3351,.F.);
#4779=ORIENTED_EDGE('',*,*,#3352,.T.);
#4780=ORIENTED_EDGE('',*,*,#3353,.T.);
#4781=ORIENTED_EDGE('',*,*,#2814,.F.);
#4782=ORIENTED_EDGE('',*,*,#3353,.F.);
#4783=ORIENTED_EDGE('',*,*,#3354,.T.);
#4784=ORIENTED_EDGE('',*,*,#3355,.T.);
#4785=ORIENTED_EDGE('',*,*,#2809,.F.);
#4786=ORIENTED_EDGE('',*,*,#3355,.F.);
#4787=ORIENTED_EDGE('',*,*,#3356,.T.);
#4788=ORIENTED_EDGE('',*,*,#3345,.T.);
#4789=ORIENTED_EDGE('',*,*,#3346,.F.);
#4790=ORIENTED_EDGE('',*,*,#3356,.F.);
#4791=ORIENTED_EDGE('',*,*,#3354,.F.);
#4792=ORIENTED_EDGE('',*,*,#3352,.F.);
#4793=ORIENTED_EDGE('',*,*,#3350,.F.);
#4794=ORIENTED_EDGE('',*,*,#3348,.F.);
#4795=ORIENTED_EDGE('',*,*,#2766,.F.);
#4796=ORIENTED_EDGE('',*,*,#3357,.F.);
#4797=ORIENTED_EDGE('',*,*,#3358,.T.);
#4798=ORIENTED_EDGE('',*,*,#3359,.T.);
#4799=ORIENTED_EDGE('',*,*,#2767,.F.);
#4800=ORIENTED_EDGE('',*,*,#3359,.F.);
#4801=ORIENTED_EDGE('',*,*,#3360,.T.);
#4802=ORIENTED_EDGE('',*,*,#3361,.T.);
#4803=ORIENTED_EDGE('',*,*,#2768,.F.);
#4804=ORIENTED_EDGE('',*,*,#3361,.F.);
#4805=ORIENTED_EDGE('',*,*,#3362,.T.);
#4806=ORIENTED_EDGE('',*,*,#3363,.T.);
#4807=ORIENTED_EDGE('',*,*,#2769,.F.);
#4808=ORIENTED_EDGE('',*,*,#3363,.F.);
#4809=ORIENTED_EDGE('',*,*,#3364,.T.);
#4810=ORIENTED_EDGE('',*,*,#3365,.T.);
#4811=ORIENTED_EDGE('',*,*,#2770,.F.);
#4812=ORIENTED_EDGE('',*,*,#3365,.F.);
#4813=ORIENTED_EDGE('',*,*,#3366,.T.);
#4814=ORIENTED_EDGE('',*,*,#3367,.T.);
#4815=ORIENTED_EDGE('',*,*,#2771,.F.);
#4816=ORIENTED_EDGE('',*,*,#3367,.F.);
#4817=ORIENTED_EDGE('',*,*,#3368,.T.);
#4818=ORIENTED_EDGE('',*,*,#3369,.T.);
#4819=ORIENTED_EDGE('',*,*,#2772,.F.);
#4820=ORIENTED_EDGE('',*,*,#3369,.F.);
#4821=ORIENTED_EDGE('',*,*,#3370,.T.);
#4822=ORIENTED_EDGE('',*,*,#3371,.T.);
#4823=ORIENTED_EDGE('',*,*,#2773,.F.);
#4824=ORIENTED_EDGE('',*,*,#3371,.F.);
#4825=ORIENTED_EDGE('',*,*,#3372,.T.);
#4826=ORIENTED_EDGE('',*,*,#3373,.T.);
#4827=ORIENTED_EDGE('',*,*,#2774,.F.);
#4828=ORIENTED_EDGE('',*,*,#3373,.F.);
#4829=ORIENTED_EDGE('',*,*,#3374,.T.);
#4830=ORIENTED_EDGE('',*,*,#3375,.T.);
#4831=ORIENTED_EDGE('',*,*,#2775,.F.);
#4832=ORIENTED_EDGE('',*,*,#3375,.F.);
#4833=ORIENTED_EDGE('',*,*,#3376,.T.);
#4834=ORIENTED_EDGE('',*,*,#3377,.T.);
#4835=ORIENTED_EDGE('',*,*,#2776,.F.);
#4836=ORIENTED_EDGE('',*,*,#3377,.F.);
#4837=ORIENTED_EDGE('',*,*,#3378,.T.);
#4838=ORIENTED_EDGE('',*,*,#3379,.T.);
#4839=ORIENTED_EDGE('',*,*,#2765,.F.);
#4840=ORIENTED_EDGE('',*,*,#3379,.F.);
#4841=ORIENTED_EDGE('',*,*,#3380,.T.);
#4842=ORIENTED_EDGE('',*,*,#3357,.T.);
#4843=ORIENTED_EDGE('',*,*,#3358,.F.);
#4844=ORIENTED_EDGE('',*,*,#3380,.F.);
#4845=ORIENTED_EDGE('',*,*,#3378,.F.);
#4846=ORIENTED_EDGE('',*,*,#3376,.F.);
#4847=ORIENTED_EDGE('',*,*,#3374,.F.);
#4848=ORIENTED_EDGE('',*,*,#3372,.F.);
#4849=ORIENTED_EDGE('',*,*,#3370,.F.);
#4850=ORIENTED_EDGE('',*,*,#3368,.F.);
#4851=ORIENTED_EDGE('',*,*,#3366,.F.);
#4852=ORIENTED_EDGE('',*,*,#3364,.F.);
#4853=ORIENTED_EDGE('',*,*,#3362,.F.);
#4854=ORIENTED_EDGE('',*,*,#3360,.F.);
#4855=ORIENTED_EDGE('',*,*,#2797,.F.);
#4856=ORIENTED_EDGE('',*,*,#3381,.F.);
#4857=ORIENTED_EDGE('',*,*,#3382,.T.);
#4858=ORIENTED_EDGE('',*,*,#3383,.T.);
#4859=ORIENTED_EDGE('',*,*,#2798,.F.);
#4860=ORIENTED_EDGE('',*,*,#3383,.F.);
#4861=ORIENTED_EDGE('',*,*,#3384,.T.);
#4862=ORIENTED_EDGE('',*,*,#3385,.T.);
#4863=ORIENTED_EDGE('',*,*,#2799,.F.);
#4864=ORIENTED_EDGE('',*,*,#3385,.F.);
#4865=ORIENTED_EDGE('',*,*,#3386,.T.);
#4866=ORIENTED_EDGE('',*,*,#3387,.T.);
#4867=ORIENTED_EDGE('',*,*,#2800,.F.);
#4868=ORIENTED_EDGE('',*,*,#3387,.F.);
#4869=ORIENTED_EDGE('',*,*,#3388,.T.);
#4870=ORIENTED_EDGE('',*,*,#3389,.T.);
#4871=ORIENTED_EDGE('',*,*,#2801,.F.);
#4872=ORIENTED_EDGE('',*,*,#3389,.F.);
#4873=ORIENTED_EDGE('',*,*,#3390,.T.);
#4874=ORIENTED_EDGE('',*,*,#3391,.T.);
#4875=ORIENTED_EDGE('',*,*,#2802,.F.);
#4876=ORIENTED_EDGE('',*,*,#3391,.F.);
#4877=ORIENTED_EDGE('',*,*,#3392,.T.);
#4878=ORIENTED_EDGE('',*,*,#3393,.T.);
#4879=ORIENTED_EDGE('',*,*,#2803,.F.);
#4880=ORIENTED_EDGE('',*,*,#3393,.F.);
#4881=ORIENTED_EDGE('',*,*,#3394,.T.);
#4882=ORIENTED_EDGE('',*,*,#3395,.T.);
#4883=ORIENTED_EDGE('',*,*,#2804,.F.);
#4884=ORIENTED_EDGE('',*,*,#3395,.F.);
#4885=ORIENTED_EDGE('',*,*,#3396,.T.);
#4886=ORIENTED_EDGE('',*,*,#3397,.T.);
#4887=ORIENTED_EDGE('',*,*,#2805,.F.);
#4888=ORIENTED_EDGE('',*,*,#3397,.F.);
#4889=ORIENTED_EDGE('',*,*,#3398,.T.);
#4890=ORIENTED_EDGE('',*,*,#3399,.T.);
#4891=ORIENTED_EDGE('',*,*,#2806,.F.);
#4892=ORIENTED_EDGE('',*,*,#3399,.F.);
#4893=ORIENTED_EDGE('',*,*,#3400,.T.);
#4894=ORIENTED_EDGE('',*,*,#3401,.T.);
#4895=ORIENTED_EDGE('',*,*,#2807,.F.);
#4896=ORIENTED_EDGE('',*,*,#3401,.F.);
#4897=ORIENTED_EDGE('',*,*,#3402,.T.);
#4898=ORIENTED_EDGE('',*,*,#3403,.T.);
#4899=ORIENTED_EDGE('',*,*,#2808,.F.);
#4900=ORIENTED_EDGE('',*,*,#3403,.F.);
#4901=ORIENTED_EDGE('',*,*,#3404,.T.);
#4902=ORIENTED_EDGE('',*,*,#3405,.T.);
#4903=ORIENTED_EDGE('',*,*,#2796,.F.);
#4904=ORIENTED_EDGE('',*,*,#3405,.F.);
#4905=ORIENTED_EDGE('',*,*,#3406,.T.);
#4906=ORIENTED_EDGE('',*,*,#3381,.T.);
#4907=ORIENTED_EDGE('',*,*,#3382,.F.);
#4908=ORIENTED_EDGE('',*,*,#3406,.F.);
#4909=ORIENTED_EDGE('',*,*,#3404,.F.);
#4910=ORIENTED_EDGE('',*,*,#3402,.F.);
#4911=ORIENTED_EDGE('',*,*,#3400,.F.);
#4912=ORIENTED_EDGE('',*,*,#3398,.F.);
#4913=ORIENTED_EDGE('',*,*,#3396,.F.);
#4914=ORIENTED_EDGE('',*,*,#3394,.F.);
#4915=ORIENTED_EDGE('',*,*,#3392,.F.);
#4916=ORIENTED_EDGE('',*,*,#3390,.F.);
#4917=ORIENTED_EDGE('',*,*,#3388,.F.);
#4918=ORIENTED_EDGE('',*,*,#3386,.F.);
#4919=ORIENTED_EDGE('',*,*,#3384,.F.);
#4920=ORIENTED_EDGE('',*,*,#2778,.F.);
#4921=ORIENTED_EDGE('',*,*,#3407,.F.);
#4922=ORIENTED_EDGE('',*,*,#3408,.T.);
#4923=ORIENTED_EDGE('',*,*,#3409,.T.);
#4924=ORIENTED_EDGE('',*,*,#2779,.F.);
#4925=ORIENTED_EDGE('',*,*,#3409,.F.);
#4926=ORIENTED_EDGE('',*,*,#3410,.T.);
#4927=ORIENTED_EDGE('',*,*,#3411,.T.);
#4928=ORIENTED_EDGE('',*,*,#2780,.F.);
#4929=ORIENTED_EDGE('',*,*,#3411,.F.);
#4930=ORIENTED_EDGE('',*,*,#3412,.T.);
#4931=ORIENTED_EDGE('',*,*,#3413,.T.);
#4932=ORIENTED_EDGE('',*,*,#2781,.F.);
#4933=ORIENTED_EDGE('',*,*,#3413,.F.);
#4934=ORIENTED_EDGE('',*,*,#3414,.T.);
#4935=ORIENTED_EDGE('',*,*,#3415,.T.);
#4936=ORIENTED_EDGE('',*,*,#2782,.F.);
#4937=ORIENTED_EDGE('',*,*,#3415,.F.);
#4938=ORIENTED_EDGE('',*,*,#3416,.T.);
#4939=ORIENTED_EDGE('',*,*,#3417,.T.);
#4940=ORIENTED_EDGE('',*,*,#2783,.F.);
#4941=ORIENTED_EDGE('',*,*,#3417,.F.);
#4942=ORIENTED_EDGE('',*,*,#3418,.T.);
#4943=ORIENTED_EDGE('',*,*,#3419,.T.);
#4944=ORIENTED_EDGE('',*,*,#2784,.F.);
#4945=ORIENTED_EDGE('',*,*,#3419,.F.);
#4946=ORIENTED_EDGE('',*,*,#3420,.T.);
#4947=ORIENTED_EDGE('',*,*,#3421,.T.);
#4948=ORIENTED_EDGE('',*,*,#2785,.F.);
#4949=ORIENTED_EDGE('',*,*,#3421,.F.);
#4950=ORIENTED_EDGE('',*,*,#3422,.T.);
#4951=ORIENTED_EDGE('',*,*,#3423,.T.);
#4952=ORIENTED_EDGE('',*,*,#2786,.F.);
#4953=ORIENTED_EDGE('',*,*,#3423,.F.);
#4954=ORIENTED_EDGE('',*,*,#3424,.T.);
#4955=ORIENTED_EDGE('',*,*,#3425,.T.);
#4956=ORIENTED_EDGE('',*,*,#2787,.F.);
#4957=ORIENTED_EDGE('',*,*,#3425,.F.);
#4958=ORIENTED_EDGE('',*,*,#3426,.T.);
#4959=ORIENTED_EDGE('',*,*,#3427,.T.);
#4960=ORIENTED_EDGE('',*,*,#2788,.F.);
#4961=ORIENTED_EDGE('',*,*,#3427,.F.);
#4962=ORIENTED_EDGE('',*,*,#3428,.T.);
#4963=ORIENTED_EDGE('',*,*,#3429,.T.);
#4964=ORIENTED_EDGE('',*,*,#2789,.F.);
#4965=ORIENTED_EDGE('',*,*,#3429,.F.);
#4966=ORIENTED_EDGE('',*,*,#3430,.T.);
#4967=ORIENTED_EDGE('',*,*,#3431,.T.);
#4968=ORIENTED_EDGE('',*,*,#2790,.F.);
#4969=ORIENTED_EDGE('',*,*,#3431,.F.);
#4970=ORIENTED_EDGE('',*,*,#3432,.T.);
#4971=ORIENTED_EDGE('',*,*,#3433,.T.);
#4972=ORIENTED_EDGE('',*,*,#2791,.F.);
#4973=ORIENTED_EDGE('',*,*,#3433,.F.);
#4974=ORIENTED_EDGE('',*,*,#3434,.T.);
#4975=ORIENTED_EDGE('',*,*,#3435,.T.);
#4976=ORIENTED_EDGE('',*,*,#2792,.F.);
#4977=ORIENTED_EDGE('',*,*,#3435,.F.);
#4978=ORIENTED_EDGE('',*,*,#3436,.T.);
#4979=ORIENTED_EDGE('',*,*,#3437,.T.);
#4980=ORIENTED_EDGE('',*,*,#2793,.F.);
#4981=ORIENTED_EDGE('',*,*,#3437,.F.);
#4982=ORIENTED_EDGE('',*,*,#3438,.T.);
#4983=ORIENTED_EDGE('',*,*,#3439,.T.);
#4984=ORIENTED_EDGE('',*,*,#2794,.F.);
#4985=ORIENTED_EDGE('',*,*,#3439,.F.);
#4986=ORIENTED_EDGE('',*,*,#3440,.T.);
#4987=ORIENTED_EDGE('',*,*,#3441,.T.);
#4988=ORIENTED_EDGE('',*,*,#2795,.F.);
#4989=ORIENTED_EDGE('',*,*,#3441,.F.);
#4990=ORIENTED_EDGE('',*,*,#3442,.T.);
#4991=ORIENTED_EDGE('',*,*,#3443,.T.);
#4992=ORIENTED_EDGE('',*,*,#2777,.F.);
#4993=ORIENTED_EDGE('',*,*,#3443,.F.);
#4994=ORIENTED_EDGE('',*,*,#3444,.T.);
#4995=ORIENTED_EDGE('',*,*,#3407,.T.);
#4996=ORIENTED_EDGE('',*,*,#3408,.F.);
#4997=ORIENTED_EDGE('',*,*,#3444,.F.);
#4998=ORIENTED_EDGE('',*,*,#3442,.F.);
#4999=ORIENTED_EDGE('',*,*,#3440,.F.);
#5000=ORIENTED_EDGE('',*,*,#3438,.F.);
#5001=ORIENTED_EDGE('',*,*,#3436,.F.);
#5002=ORIENTED_EDGE('',*,*,#3434,.F.);
#5003=ORIENTED_EDGE('',*,*,#3432,.F.);
#5004=ORIENTED_EDGE('',*,*,#3430,.F.);
#5005=ORIENTED_EDGE('',*,*,#3428,.F.);
#5006=ORIENTED_EDGE('',*,*,#3426,.F.);
#5007=ORIENTED_EDGE('',*,*,#3424,.F.);
#5008=ORIENTED_EDGE('',*,*,#3422,.F.);
#5009=ORIENTED_EDGE('',*,*,#3420,.F.);
#5010=ORIENTED_EDGE('',*,*,#3418,.F.);
#5011=ORIENTED_EDGE('',*,*,#3416,.F.);
#5012=ORIENTED_EDGE('',*,*,#3414,.F.);
#5013=ORIENTED_EDGE('',*,*,#3412,.F.);
#5014=ORIENTED_EDGE('',*,*,#3410,.F.);
#5015=CONICAL_SURFACE('',#5629,0.451,0.785398163397448);
#5016=CONICAL_SURFACE('',#5633,0.461,0.785398163397452);
#5017=CONICAL_SURFACE('',#5636,0.497679491924311,1.04719755119659);
#5018=CONICAL_SURFACE('',#5639,0.515,0.523598775598297);
#5019=CONICAL_SURFACE('',#5665,0.515,0.523598775598297);
#5020=CONICAL_SURFACE('',#5667,0.461,0.785398163397452);
#5021=CONICAL_SURFACE('',#5668,0.461,0.785398163397442);
#5022=CONICAL_SURFACE('',#5671,0.461,0.785398163397448);
#5023=CONICAL_SURFACE('',#5673,0.5175,0.523598775598292);
#5024=CONICAL_SURFACE('',#5676,0.5175,0.523598775598304);
#5025=CONICAL_SURFACE('',#5679,0.59,0.785398163397438);
#5026=CONICAL_SURFACE('',#5683,0.6,0.785398163397452);
#5027=CONICAL_SURFACE('',#5686,0.4825,0.785398163397448);
#5028=STYLED_ITEM('',(#12728),#5322);
#5029=STYLED_ITEM('',(#12728),#5323);
#5030=STYLED_ITEM('',(#12728),#5324);
#5031=STYLED_ITEM('',(#12728),#5325);
#5032=STYLED_ITEM('',(#12728),#5326);
#5033=STYLED_ITEM('',(#12729),#5327);
#5034=STYLED_ITEM('',(#12728),#5328);
#5035=STYLED_ITEM('',(#12728),#5329);
#5036=STYLED_ITEM('',(#12728),#5330);
#5037=STYLED_ITEM('',(#12728),#5331);
#5038=STYLED_ITEM('',(#12728),#5332);
#5039=STYLED_ITEM('',(#12728),#5333);
#5040=STYLED_ITEM('',(#12728),#5334);
#5041=STYLED_ITEM('',(#12728),#5335);
#5042=STYLED_ITEM('',(#12728),#5336);
#5043=STYLED_ITEM('',(#12728),#5337);
#5044=STYLED_ITEM('',(#12728),#5338);
#5045=STYLED_ITEM('',(#12728),#5339);
#5046=STYLED_ITEM('',(#12728),#5340);
#5047=STYLED_ITEM('',(#12728),#5341);
#5048=STYLED_ITEM('',(#12728),#5342);
#5049=STYLED_ITEM('',(#12728),#5343);
#5050=STYLED_ITEM('',(#12728),#5344);
#5051=STYLED_ITEM('',(#12727),#443);
#5052=STYLED_ITEM('',(#12728),#5345);
#5053=STYLED_ITEM('',(#12728),#5346);
#5054=STYLED_ITEM('',(#12728),#5347);
#5055=STYLED_ITEM('',(#12728),#5348);
#5056=STYLED_ITEM('',(#12728),#5349);
#5057=STYLED_ITEM('',(#12729),#5350);
#5058=STYLED_ITEM('',(#12728),#5351);
#5059=STYLED_ITEM('',(#12728),#5352);
#5060=STYLED_ITEM('',(#12729),#5353);
#5061=STYLED_ITEM('',(#12728),#5354);
#5062=STYLED_ITEM('',(#12728),#5355);
#5063=STYLED_ITEM('',(#12728),#5356);
#5064=STYLED_ITEM('',(#12728),#5357);
#5065=STYLED_ITEM('',(#12728),#5358);
#5066=STYLED_ITEM('',(#12728),#5359);
#5067=STYLED_ITEM('',(#12728),#5360);
#5068=STYLED_ITEM('',(#12728),#5361);
#5069=STYLED_ITEM('',(#12728),#5362);
#5070=STYLED_ITEM('',(#12729),#5363);
#5071=STYLED_ITEM('',(#12729),#5364);
#5072=STYLED_ITEM('',(#12729),#5365);
#5073=STYLED_ITEM('',(#12729),#5366);
#5074=STYLED_ITEM('',(#12729),#5367);
#5075=STYLED_ITEM('',(#12729),#5368);
#5076=STYLED_ITEM('',(#12729),#5369);
#5077=STYLED_ITEM('',(#12729),#5370);
#5078=STYLED_ITEM('',(#12729),#5371);
#5079=STYLED_ITEM('',(#12729),#5372);
#5080=STYLED_ITEM('',(#12729),#5373);
#5081=STYLED_ITEM('',(#12729),#5374);
#5082=STYLED_ITEM('',(#12729),#5375);
#5083=STYLED_ITEM('',(#12729),#5376);
#5084=STYLED_ITEM('',(#12729),#5377);
#5085=STYLED_ITEM('',(#12729),#5378);
#5086=STYLED_ITEM('',(#12729),#5379);
#5087=STYLED_ITEM('',(#12729),#5380);
#5088=STYLED_ITEM('',(#12729),#5381);
#5089=STYLED_ITEM('',(#12729),#5382);
#5090=STYLED_ITEM('',(#12729),#5383);
#5091=STYLED_ITEM('',(#12729),#5384);
#5092=STYLED_ITEM('',(#12729),#5385);
#5093=STYLED_ITEM('',(#12729),#5386);
#5094=STYLED_ITEM('',(#12729),#5387);
#5095=STYLED_ITEM('',(#12729),#5388);
#5096=STYLED_ITEM('',(#12729),#5389);
#5097=STYLED_ITEM('',(#12729),#5390);
#5098=STYLED_ITEM('',(#12729),#5391);
#5099=STYLED_ITEM('',(#12729),#5392);
#5100=STYLED_ITEM('',(#12728),#5393);
#5101=STYLED_ITEM('',(#12729),#5394);
#5102=STYLED_ITEM('',(#12729),#5395);
#5103=STYLED_ITEM('',(#12729),#5396);
#5104=STYLED_ITEM('',(#12729),#5397);
#5105=STYLED_ITEM('',(#12729),#5398);
#5106=STYLED_ITEM('',(#12729),#5399);
#5107=STYLED_ITEM('',(#12729),#5400);
#5108=STYLED_ITEM('',(#12729),#5401);
#5109=STYLED_ITEM('',(#12729),#5402);
#5110=STYLED_ITEM('',(#12729),#5403);
#5111=STYLED_ITEM('',(#12729),#5404);
#5112=STYLED_ITEM('',(#12729),#5405);
#5113=STYLED_ITEM('',(#12729),#5406);
#5114=STYLED_ITEM('',(#12729),#5407);
#5115=STYLED_ITEM('',(#12729),#5408);
#5116=STYLED_ITEM('',(#12729),#5409);
#5117=STYLED_ITEM('',(#12729),#5410);
#5118=STYLED_ITEM('',(#12729),#5411);
#5119=STYLED_ITEM('',(#12729),#5412);
#5120=STYLED_ITEM('',(#12729),#5413);
#5121=STYLED_ITEM('',(#12729),#5414);
#5122=STYLED_ITEM('',(#12729),#5415);
#5123=STYLED_ITEM('',(#12729),#5416);
#5124=STYLED_ITEM('',(#12729),#5417);
#5125=STYLED_ITEM('',(#12729),#5418);
#5126=STYLED_ITEM('',(#12729),#5419);
#5127=STYLED_ITEM('',(#12729),#5420);
#5128=STYLED_ITEM('',(#12729),#5421);
#5129=STYLED_ITEM('',(#12729),#5422);
#5130=STYLED_ITEM('',(#12729),#5423);
#5131=STYLED_ITEM('',(#12729),#5424);
#5132=STYLED_ITEM('',(#12729),#5425);
#5133=STYLED_ITEM('',(#12729),#5426);
#5134=STYLED_ITEM('',(#12729),#5427);
#5135=STYLED_ITEM('',(#12729),#5428);
#5136=STYLED_ITEM('',(#12729),#5429);
#5137=STYLED_ITEM('',(#12729),#5430);
#5138=STYLED_ITEM('',(#12729),#5431);
#5139=STYLED_ITEM('',(#12729),#5432);
#5140=STYLED_ITEM('',(#12729),#5433);
#5141=STYLED_ITEM('',(#12729),#5434);
#5142=STYLED_ITEM('',(#12729),#5435);
#5143=STYLED_ITEM('',(#12729),#5436);
#5144=STYLED_ITEM('',(#12729),#5437);
#5145=STYLED_ITEM('',(#12729),#5438);
#5146=STYLED_ITEM('',(#12729),#5439);
#5147=STYLED_ITEM('',(#12729),#5440);
#5148=STYLED_ITEM('',(#12729),#5441);
#5149=STYLED_ITEM('',(#12729),#5442);
#5150=STYLED_ITEM('',(#12729),#5443);
#5151=STYLED_ITEM('',(#12729),#5444);
#5152=STYLED_ITEM('',(#12729),#5445);
#5153=STYLED_ITEM('',(#12729),#5446);
#5154=STYLED_ITEM('',(#12729),#5447);
#5155=STYLED_ITEM('',(#12729),#5448);
#5156=STYLED_ITEM('',(#12729),#5449);
#5157=STYLED_ITEM('',(#12729),#5450);
#5158=STYLED_ITEM('',(#12729),#5451);
#5159=STYLED_ITEM('',(#12729),#5452);
#5160=STYLED_ITEM('',(#12729),#5453);
#5161=STYLED_ITEM('',(#12729),#5454);
#5162=STYLED_ITEM('',(#12729),#5455);
#5163=STYLED_ITEM('',(#12729),#5456);
#5164=STYLED_ITEM('',(#12729),#5457);
#5165=STYLED_ITEM('',(#12729),#5458);
#5166=STYLED_ITEM('',(#12729),#5459);
#5167=STYLED_ITEM('',(#12729),#5460);
#5168=STYLED_ITEM('',(#12729),#5461);
#5169=STYLED_ITEM('',(#12729),#5462);
#5170=STYLED_ITEM('',(#12729),#5463);
#5171=STYLED_ITEM('',(#12729),#5464);
#5172=STYLED_ITEM('',(#12729),#5465);
#5173=STYLED_ITEM('',(#12729),#5466);
#5174=STYLED_ITEM('',(#12729),#5467);
#5175=STYLED_ITEM('',(#12729),#5468);
#5176=STYLED_ITEM('',(#12729),#5469);
#5177=STYLED_ITEM('',(#12729),#5470);
#5178=STYLED_ITEM('',(#12729),#5471);
#5179=STYLED_ITEM('',(#12729),#5472);
#5180=STYLED_ITEM('',(#12729),#5473);
#5181=STYLED_ITEM('',(#12729),#5474);
#5182=STYLED_ITEM('',(#12729),#5475);
#5183=STYLED_ITEM('',(#12729),#5476);
#5184=STYLED_ITEM('',(#12729),#5477);
#5185=STYLED_ITEM('',(#12729),#5478);
#5186=STYLED_ITEM('',(#12729),#5479);
#5187=STYLED_ITEM('',(#12729),#5480);
#5188=STYLED_ITEM('',(#12729),#5481);
#5189=STYLED_ITEM('',(#12728),#5482);
#5190=STYLED_ITEM('',(#12728),#5483);
#5191=STYLED_ITEM('',(#12728),#5484);
#5192=STYLED_ITEM('',(#12728),#5485);
#5193=STYLED_ITEM('',(#12729),#5486);
#5194=STYLED_ITEM('',(#12729),#5487);
#5195=STYLED_ITEM('',(#12729),#5488);
#5196=STYLED_ITEM('',(#12729),#5489);
#5197=STYLED_ITEM('',(#12729),#5490);
#5198=STYLED_ITEM('',(#12729),#5491);
#5199=STYLED_ITEM('',(#12729),#5492);
#5200=STYLED_ITEM('',(#12729),#5493);
#5201=STYLED_ITEM('',(#12728),#5494);
#5202=STYLED_ITEM('',(#12729),#5495);
#5203=STYLED_ITEM('',(#12729),#5496);
#5204=STYLED_ITEM('',(#12729),#5497);
#5205=STYLED_ITEM('',(#12729),#5498);
#5206=STYLED_ITEM('',(#12729),#5499);
#5207=STYLED_ITEM('',(#12729),#5500);
#5208=STYLED_ITEM('',(#12729),#5501);
#5209=STYLED_ITEM('',(#12729),#5502);
#5210=STYLED_ITEM('',(#12729),#5503);
#5211=STYLED_ITEM('',(#12729),#5504);
#5212=STYLED_ITEM('',(#12729),#5505);
#5213=STYLED_ITEM('',(#12728),#5506);
#5214=STYLED_ITEM('',(#12729),#5507);
#5215=STYLED_ITEM('',(#12729),#5508);
#5216=STYLED_ITEM('',(#12729),#5509);
#5217=STYLED_ITEM('',(#12729),#5510);
#5218=STYLED_ITEM('',(#12729),#5511);
#5219=STYLED_ITEM('',(#12729),#5512);
#5220=STYLED_ITEM('',(#12729),#5513);
#5221=STYLED_ITEM('',(#12729),#5514);
#5222=STYLED_ITEM('',(#12729),#5515);
#5223=STYLED_ITEM('',(#12729),#5516);
#5224=STYLED_ITEM('',(#12729),#5517);
#5225=STYLED_ITEM('',(#12728),#5518);
#5226=STYLED_ITEM('',(#12729),#5519);
#5227=STYLED_ITEM('',(#12729),#5520);
#5228=STYLED_ITEM('',(#12729),#5521);
#5229=STYLED_ITEM('',(#12729),#5522);
#5230=STYLED_ITEM('',(#12729),#5523);
#5231=STYLED_ITEM('',(#12729),#5524);
#5232=STYLED_ITEM('',(#12729),#5525);
#5233=STYLED_ITEM('',(#12729),#5526);
#5234=STYLED_ITEM('',(#12729),#5527);
#5235=STYLED_ITEM('',(#12729),#5528);
#5236=STYLED_ITEM('',(#12729),#5529);
#5237=STYLED_ITEM('',(#12729),#5530);
#5238=STYLED_ITEM('',(#12729),#5531);
#5239=STYLED_ITEM('',(#12729),#5532);
#5240=STYLED_ITEM('',(#12729),#5533);
#5241=STYLED_ITEM('',(#12729),#5534);
#5242=STYLED_ITEM('',(#12729),#5535);
#5243=STYLED_ITEM('',(#12729),#5536);
#5244=STYLED_ITEM('',(#12729),#5537);
#5245=STYLED_ITEM('',(#12729),#5538);
#5246=STYLED_ITEM('',(#12729),#5539);
#5247=STYLED_ITEM('',(#12729),#5540);
#5248=STYLED_ITEM('',(#12729),#5541);
#5249=STYLED_ITEM('',(#12729),#5542);
#5250=STYLED_ITEM('',(#12729),#5543);
#5251=STYLED_ITEM('',(#12729),#5544);
#5252=STYLED_ITEM('',(#12729),#5545);
#5253=STYLED_ITEM('',(#12729),#5546);
#5254=STYLED_ITEM('',(#12729),#5547);
#5255=STYLED_ITEM('',(#12729),#5548);
#5256=STYLED_ITEM('',(#12729),#5549);
#5257=STYLED_ITEM('',(#12729),#5550);
#5258=STYLED_ITEM('',(#12729),#5551);
#5259=STYLED_ITEM('',(#12729),#5552);
#5260=STYLED_ITEM('',(#12729),#5553);
#5261=STYLED_ITEM('',(#12729),#5554);
#5262=STYLED_ITEM('',(#12729),#5555);
#5263=STYLED_ITEM('',(#12729),#5556);
#5264=STYLED_ITEM('',(#12729),#5557);
#5265=STYLED_ITEM('',(#12729),#5558);
#5266=STYLED_ITEM('',(#12728),#5559);
#5267=STYLED_ITEM('',(#12729),#5560);
#5268=STYLED_ITEM('',(#12729),#5561);
#5269=STYLED_ITEM('',(#12729),#5562);
#5270=STYLED_ITEM('',(#12729),#5563);
#5271=STYLED_ITEM('',(#12729),#5564);
#5272=STYLED_ITEM('',(#12729),#5565);
#5273=STYLED_ITEM('',(#12729),#5566);
#5274=STYLED_ITEM('',(#12729),#5567);
#5275=STYLED_ITEM('',(#12729),#5568);
#5276=STYLED_ITEM('',(#12729),#5569);
#5277=STYLED_ITEM('',(#12729),#5570);
#5278=STYLED_ITEM('',(#12729),#5571);
#5279=STYLED_ITEM('',(#12729),#5572);
#5280=STYLED_ITEM('',(#12729),#5573);
#5281=STYLED_ITEM('',(#12729),#5574);
#5282=STYLED_ITEM('',(#12729),#5575);
#5283=STYLED_ITEM('',(#12729),#5576);
#5284=STYLED_ITEM('',(#12729),#5577);
#5285=STYLED_ITEM('',(#12729),#5578);
#5286=STYLED_ITEM('',(#12729),#5579);
#5287=STYLED_ITEM('',(#12729),#5580);
#5288=STYLED_ITEM('',(#12729),#5581);
#5289=STYLED_ITEM('',(#12729),#5582);
#5290=STYLED_ITEM('',(#12729),#5583);
#5291=STYLED_ITEM('',(#12729),#5584);
#5292=STYLED_ITEM('',(#12729),#5585);
#5293=STYLED_ITEM('',(#12729),#5586);
#5294=STYLED_ITEM('',(#12729),#5587);
#5295=STYLED_ITEM('',(#12729),#5588);
#5296=STYLED_ITEM('',(#12729),#5589);
#5297=STYLED_ITEM('',(#12729),#5590);
#5298=STYLED_ITEM('',(#12729),#5591);
#5299=STYLED_ITEM('',(#12729),#5592);
#5300=STYLED_ITEM('',(#12729),#5593);
#5301=STYLED_ITEM('',(#12729),#5594);
#5302=STYLED_ITEM('',(#12729),#5595);
#5303=STYLED_ITEM('',(#12729),#5596);
#5304=STYLED_ITEM('',(#12729),#5597);
#5305=STYLED_ITEM('',(#12729),#5598);
#5306=STYLED_ITEM('',(#12729),#5599);
#5307=STYLED_ITEM('',(#12729),#5600);
#5308=STYLED_ITEM('',(#12729),#5601);
#5309=STYLED_ITEM('',(#12729),#5602);
#5310=STYLED_ITEM('',(#12729),#5603);
#5311=STYLED_ITEM('',(#12729),#5604);
#5312=STYLED_ITEM('',(#12729),#5605);
#5313=STYLED_ITEM('',(#12729),#5606);
#5314=STYLED_ITEM('',(#12729),#5607);
#5315=STYLED_ITEM('',(#12729),#5608);
#5316=STYLED_ITEM('',(#12729),#5609);
#5317=STYLED_ITEM('',(#12729),#5610);
#5318=STYLED_ITEM('',(#12729),#5611);
#5319=STYLED_ITEM('',(#12729),#5612);
#5320=STYLED_ITEM('',(#12729),#5613);
#5321=STYLED_ITEM('',(#12727),#444);
#5322=ADVANCED_FACE('',(#601),#5015,.F.);
#5323=ADVANCED_FACE('',(#602),#5016,.F.);
#5324=ADVANCED_FACE('',(#603),#5017,.T.);
#5325=ADVANCED_FACE('',(#604),#5018,.T.);
#5326=ADVANCED_FACE('',(#605),#585,.F.);
#5327=ADVANCED_FACE('',(#606),#586,.T.);
#5328=ADVANCED_FACE('',(#607),#474,.F.);
#5329=ADVANCED_FACE('',(#608),#475,.F.);
#5330=ADVANCED_FACE('',(#609,#445),#476,.T.);
#5331=ADVANCED_FACE('',(#610),#477,.T.);
#5332=ADVANCED_FACE('',(#611),#478,.F.);
#5333=ADVANCED_FACE('',(#612),#479,.F.);
#5334=ADVANCED_FACE('',(#613),#480,.T.);
#5335=ADVANCED_FACE('',(#614),#481,.T.);
#5336=ADVANCED_FACE('',(#615),#482,.F.);
#5337=ADVANCED_FACE('',(#616),#5019,.T.);
#5338=ADVANCED_FACE('',(#617),#483,.F.);
#5339=ADVANCED_FACE('',(#618),#5020,.F.);
#5340=ADVANCED_FACE('',(#619),#5021,.F.);
#5341=ADVANCED_FACE('',(#620),#484,.F.);
#5342=ADVANCED_FACE('',(#621),#485,.F.);
#5343=ADVANCED_FACE('',(#622),#5022,.F.);
#5344=ADVANCED_FACE('',(#623),#486,.F.);
#5345=ADVANCED_FACE('',(#624),#5023,.F.);
#5346=ADVANCED_FACE('',(#625),#5024,.T.);
#5347=ADVANCED_FACE('',(#626),#5025,.T.);
#5348=ADVANCED_FACE('',(#627),#5026,.T.);
#5349=ADVANCED_FACE('',(#628),#5027,.F.);
#5350=ADVANCED_FACE('',(#629),#587,.F.);
#5351=ADVANCED_FACE('',(#630),#588,.F.);
#5352=ADVANCED_FACE('',(#631),#589,.F.);
#5353=ADVANCED_FACE('',(#632),#590,.T.);
#5354=ADVANCED_FACE('',(#633),#591,.T.);
#5355=ADVANCED_FACE('',(#634),#592,.T.);
#5356=ADVANCED_FACE('',(#635,#446,#447,#448,#449,#450,#451,#452,#453,#454,
#455),#487,.T.);
#5357=ADVANCED_FACE('',(#636,#456,#457,#458),#488,.T.);
#5358=ADVANCED_FACE('',(#637,#459),#489,.T.);
#5359=ADVANCED_FACE('',(#638,#460),#490,.T.);
#5360=ADVANCED_FACE('',(#639,#461),#491,.T.);
#5361=ADVANCED_FACE('',(#640,#462),#492,.T.);
#5362=ADVANCED_FACE('',(#641,#463),#493,.T.);
#5363=ADVANCED_FACE('',(#642),#13,.T.);
#5364=ADVANCED_FACE('',(#643),#494,.T.);
#5365=ADVANCED_FACE('',(#644),#14,.T.);
#5366=ADVANCED_FACE('',(#645),#495,.T.);
#5367=ADVANCED_FACE('',(#646),#15,.T.);
#5368=ADVANCED_FACE('',(#647),#496,.T.);
#5369=ADVANCED_FACE('',(#648),#16,.T.);
#5370=ADVANCED_FACE('',(#649),#497,.T.);
#5371=ADVANCED_FACE('',(#650),#17,.T.);
#5372=ADVANCED_FACE('',(#651),#498,.T.);
#5373=ADVANCED_FACE('',(#652),#18,.T.);
#5374=ADVANCED_FACE('',(#653),#499,.T.);
#5375=ADVANCED_FACE('',(#654),#19,.T.);
#5376=ADVANCED_FACE('',(#655),#500,.T.);
#5377=ADVANCED_FACE('',(#656),#20,.T.);
#5378=ADVANCED_FACE('',(#657),#501,.T.);
#5379=ADVANCED_FACE('',(#658),#21,.T.);
#5380=ADVANCED_FACE('',(#659),#502,.T.);
#5381=ADVANCED_FACE('',(#660),#503,.T.);
#5382=ADVANCED_FACE('',(#661),#22,.T.);
#5383=ADVANCED_FACE('',(#662),#23,.T.);
#5384=ADVANCED_FACE('',(#663),#24,.T.);
#5385=ADVANCED_FACE('',(#664),#25,.T.);
#5386=ADVANCED_FACE('',(#665),#26,.T.);
#5387=ADVANCED_FACE('',(#666),#27,.T.);
#5388=ADVANCED_FACE('',(#667),#28,.T.);
#5389=ADVANCED_FACE('',(#668),#29,.T.);
#5390=ADVANCED_FACE('',(#669),#30,.T.);
#5391=ADVANCED_FACE('',(#670),#31,.T.);
#5392=ADVANCED_FACE('',(#671,#464),#504,.T.);
#5393=ADVANCED_FACE('',(#672),#505,.T.);
#5394=ADVANCED_FACE('',(#673),#32,.F.);
#5395=ADVANCED_FACE('',(#674),#33,.F.);
#5396=ADVANCED_FACE('',(#675),#34,.F.);
#5397=ADVANCED_FACE('',(#676),#506,.F.);
#5398=ADVANCED_FACE('',(#677),#35,.F.);
#5399=ADVANCED_FACE('',(#678),#507,.F.);
#5400=ADVANCED_FACE('',(#679),#36,.T.);
#5401=ADVANCED_FACE('',(#680),#37,.T.);
#5402=ADVANCED_FACE('',(#681),#38,.T.);
#5403=ADVANCED_FACE('',(#682),#39,.T.);
#5404=ADVANCED_FACE('',(#683),#508,.T.);
#5405=ADVANCED_FACE('',(#684),#40,.T.);
#5406=ADVANCED_FACE('',(#685),#509,.T.);
#5407=ADVANCED_FACE('',(#686),#41,.T.);
#5408=ADVANCED_FACE('',(#687),#42,.T.);
#5409=ADVANCED_FACE('',(#688),#43,.T.);
#5410=ADVANCED_FACE('',(#689),#510,.T.);
#5411=ADVANCED_FACE('',(#690),#44,.T.);
#5412=ADVANCED_FACE('',(#691),#45,.T.);
#5413=ADVANCED_FACE('',(#692),#511,.F.);
#5414=ADVANCED_FACE('',(#693),#46,.F.);
#5415=ADVANCED_FACE('',(#694),#512,.F.);
#5416=ADVANCED_FACE('',(#695),#47,.F.);
#5417=ADVANCED_FACE('',(#696),#48,.F.);
#5418=ADVANCED_FACE('',(#697),#49,.F.);
#5419=ADVANCED_FACE('',(#698),#50,.F.);
#5420=ADVANCED_FACE('',(#699),#513,.F.);
#5421=ADVANCED_FACE('',(#700),#51,.F.);
#5422=ADVANCED_FACE('',(#701),#52,.F.);
#5423=ADVANCED_FACE('',(#702),#53,.F.);
#5424=ADVANCED_FACE('',(#703),#54,.F.);
#5425=ADVANCED_FACE('',(#704),#55,.F.);
#5426=ADVANCED_FACE('',(#705),#56,.F.);
#5427=ADVANCED_FACE('',(#706),#57,.F.);
#5428=ADVANCED_FACE('',(#707),#58,.F.);
#5429=ADVANCED_FACE('',(#708),#59,.F.);
#5430=ADVANCED_FACE('',(#709),#60,.F.);
#5431=ADVANCED_FACE('',(#710),#61,.F.);
#5432=ADVANCED_FACE('',(#711),#62,.F.);
#5433=ADVANCED_FACE('',(#712),#63,.F.);
#5434=ADVANCED_FACE('',(#713),#64,.F.);
#5435=ADVANCED_FACE('',(#714),#65,.F.);
#5436=ADVANCED_FACE('',(#715),#514,.F.);
#5437=ADVANCED_FACE('',(#716),#66,.F.);
#5438=ADVANCED_FACE('',(#717),#67,.T.);
#5439=ADVANCED_FACE('',(#718),#68,.T.);
#5440=ADVANCED_FACE('',(#719),#515,.T.);
#5441=ADVANCED_FACE('',(#720),#69,.T.);
#5442=ADVANCED_FACE('',(#721),#70,.F.);
#5443=ADVANCED_FACE('',(#722),#71,.F.);
#5444=ADVANCED_FACE('',(#723),#72,.F.);
#5445=ADVANCED_FACE('',(#724),#73,.F.);
#5446=ADVANCED_FACE('',(#725),#74,.F.);
#5447=ADVANCED_FACE('',(#726),#75,.F.);
#5448=ADVANCED_FACE('',(#727),#76,.F.);
#5449=ADVANCED_FACE('',(#728),#77,.F.);
#5450=ADVANCED_FACE('',(#729),#78,.F.);
#5451=ADVANCED_FACE('',(#730),#79,.F.);
#5452=ADVANCED_FACE('',(#731),#80,.F.);
#5453=ADVANCED_FACE('',(#732),#81,.F.);
#5454=ADVANCED_FACE('',(#733),#82,.F.);
#5455=ADVANCED_FACE('',(#734),#83,.F.);
#5456=ADVANCED_FACE('',(#735),#84,.F.);
#5457=ADVANCED_FACE('',(#736),#516,.F.);
#5458=ADVANCED_FACE('',(#737),#85,.F.);
#5459=ADVANCED_FACE('',(#738),#86,.F.);
#5460=ADVANCED_FACE('',(#739),#87,.F.);
#5461=ADVANCED_FACE('',(#740),#88,.F.);
#5462=ADVANCED_FACE('',(#741),#517,.F.);
#5463=ADVANCED_FACE('',(#742),#89,.F.);
#5464=ADVANCED_FACE('',(#743),#518,.F.);
#5465=ADVANCED_FACE('',(#744),#90,.F.);
#5466=ADVANCED_FACE('',(#745),#519,.F.);
#5467=ADVANCED_FACE('',(#746),#91,.F.);
#5468=ADVANCED_FACE('',(#747),#520,.F.);
#5469=ADVANCED_FACE('',(#748),#92,.F.);
#5470=ADVANCED_FACE('',(#749),#93,.F.);
#5471=ADVANCED_FACE('',(#750),#94,.F.);
#5472=ADVANCED_FACE('',(#751),#95,.F.);
#5473=ADVANCED_FACE('',(#752),#96,.F.);
#5474=ADVANCED_FACE('',(#753),#97,.F.);
#5475=ADVANCED_FACE('',(#754),#98,.F.);
#5476=ADVANCED_FACE('',(#755),#99,.F.);
#5477=ADVANCED_FACE('',(#756),#100,.T.);
#5478=ADVANCED_FACE('',(#757),#101,.F.);
#5479=ADVANCED_FACE('',(#758),#102,.F.);
#5480=ADVANCED_FACE('',(#759),#103,.F.);
#5481=ADVANCED_FACE('',(#760,#465,#466,#467,#468,#469),#521,.T.);
#5482=ADVANCED_FACE('',(#761),#522,.T.);
#5483=ADVANCED_FACE('',(#762),#523,.T.);
#5484=ADVANCED_FACE('',(#763),#524,.T.);
#5485=ADVANCED_FACE('',(#764),#525,.T.);
#5486=ADVANCED_FACE('',(#765),#104,.T.);
#5487=ADVANCED_FACE('',(#766),#526,.F.);
#5488=ADVANCED_FACE('',(#767),#105,.T.);
#5489=ADVANCED_FACE('',(#768),#106,.T.);
#5490=ADVANCED_FACE('',(#769),#107,.T.);
#5491=ADVANCED_FACE('',(#770),#108,.T.);
#5492=ADVANCED_FACE('',(#771),#109,.T.);
#5493=ADVANCED_FACE('',(#772,#470),#527,.T.);
#5494=ADVANCED_FACE('',(#773),#528,.T.);
#5495=ADVANCED_FACE('',(#774),#110,.T.);
#5496=ADVANCED_FACE('',(#775),#111,.T.);
#5497=ADVANCED_FACE('',(#776),#529,.T.);
#5498=ADVANCED_FACE('',(#777),#112,.T.);
#5499=ADVANCED_FACE('',(#778),#113,.T.);
#5500=ADVANCED_FACE('',(#779),#114,.T.);
#5501=ADVANCED_FACE('',(#780),#115,.T.);
#5502=ADVANCED_FACE('',(#781),#116,.T.);
#5503=ADVANCED_FACE('',(#782),#530,.T.);
#5504=ADVANCED_FACE('',(#783),#117,.T.);
#5505=ADVANCED_FACE('',(#784,#471),#531,.T.);
#5506=ADVANCED_FACE('',(#785),#532,.T.);
#5507=ADVANCED_FACE('',(#786),#118,.T.);
#5508=ADVANCED_FACE('',(#787),#119,.T.);
#5509=ADVANCED_FACE('',(#788),#533,.T.);
#5510=ADVANCED_FACE('',(#789),#120,.T.);
#5511=ADVANCED_FACE('',(#790),#121,.T.);
#5512=ADVANCED_FACE('',(#791),#122,.T.);
#5513=ADVANCED_FACE('',(#792),#534,.F.);
#5514=ADVANCED_FACE('',(#793),#123,.T.);
#5515=ADVANCED_FACE('',(#794),#124,.T.);
#5516=ADVANCED_FACE('',(#795),#125,.T.);
#5517=ADVANCED_FACE('',(#796,#472),#535,.T.);
#5518=ADVANCED_FACE('',(#797),#536,.T.);
#5519=ADVANCED_FACE('',(#798),#126,.T.);
#5520=ADVANCED_FACE('',(#799),#127,.T.);
#5521=ADVANCED_FACE('',(#800),#128,.T.);
#5522=ADVANCED_FACE('',(#801),#129,.T.);
#5523=ADVANCED_FACE('',(#802),#130,.T.);
#5524=ADVANCED_FACE('',(#803),#537,.T.);
#5525=ADVANCED_FACE('',(#804),#538,.T.);
#5526=ADVANCED_FACE('',(#805),#131,.T.);
#5527=ADVANCED_FACE('',(#806),#132,.T.);
#5528=ADVANCED_FACE('',(#807),#133,.T.);
#5529=ADVANCED_FACE('',(#808),#134,.T.);
#5530=ADVANCED_FACE('',(#809),#135,.T.);
#5531=ADVANCED_FACE('',(#810),#539,.T.);
#5532=ADVANCED_FACE('',(#811),#540,.T.);
#5533=ADVANCED_FACE('',(#812),#541,.T.);
#5534=ADVANCED_FACE('',(#813),#136,.T.);
#5535=ADVANCED_FACE('',(#814),#137,.T.);
#5536=ADVANCED_FACE('',(#815),#138,.T.);
#5537=ADVANCED_FACE('',(#816),#139,.T.);
#5538=ADVANCED_FACE('',(#817),#542,.T.);
#5539=ADVANCED_FACE('',(#818),#543,.T.);
#5540=ADVANCED_FACE('',(#819),#140,.T.);
#5541=ADVANCED_FACE('',(#820),#141,.T.);
#5542=ADVANCED_FACE('',(#821),#142,.T.);
#5543=ADVANCED_FACE('',(#822),#143,.T.);
#5544=ADVANCED_FACE('',(#823),#544,.T.);
#5545=ADVANCED_FACE('',(#824),#545,.T.);
#5546=ADVANCED_FACE('',(#825),#144,.T.);
#5547=ADVANCED_FACE('',(#826),#145,.T.);
#5548=ADVANCED_FACE('',(#827),#146,.T.);
#5549=ADVANCED_FACE('',(#828),#147,.T.);
#5550=ADVANCED_FACE('',(#829,#473),#546,.T.);
#5551=ADVANCED_FACE('',(#830),#148,.T.);
#5552=ADVANCED_FACE('',(#831),#149,.T.);
#5553=ADVANCED_FACE('',(#832),#150,.T.);
#5554=ADVANCED_FACE('',(#833),#151,.T.);
#5555=ADVANCED_FACE('',(#834),#152,.T.);
#5556=ADVANCED_FACE('',(#835),#153,.T.);
#5557=ADVANCED_FACE('',(#836),#154,.T.);
#5558=ADVANCED_FACE('',(#837),#155,.T.);
#5559=ADVANCED_FACE('',(#838),#547,.T.);
#5560=ADVANCED_FACE('',(#839),#548,.T.);
#5561=ADVANCED_FACE('',(#840),#549,.T.);
#5562=ADVANCED_FACE('',(#841),#550,.T.);
#5563=ADVANCED_FACE('',(#842),#551,.T.);
#5564=ADVANCED_FACE('',(#843),#552,.T.);
#5565=ADVANCED_FACE('',(#844),#553,.T.);
#5566=ADVANCED_FACE('',(#845),#554,.T.);
#5567=ADVANCED_FACE('',(#846),#555,.T.);
#5568=ADVANCED_FACE('',(#847),#556,.T.);
#5569=ADVANCED_FACE('',(#848),#557,.T.);
#5570=ADVANCED_FACE('',(#849),#558,.T.);
#5571=ADVANCED_FACE('',(#850),#559,.T.);
#5572=ADVANCED_FACE('',(#851),#560,.T.);
#5573=ADVANCED_FACE('',(#852),#561,.T.);
#5574=ADVANCED_FACE('',(#853),#156,.T.);
#5575=ADVANCED_FACE('',(#854),#157,.T.);
#5576=ADVANCED_FACE('',(#855),#562,.T.);
#5577=ADVANCED_FACE('',(#856),#563,.T.);
#5578=ADVANCED_FACE('',(#857),#564,.T.);
#5579=ADVANCED_FACE('',(#858),#565,.F.);
#5580=ADVANCED_FACE('',(#859),#566,.T.);
#5581=ADVANCED_FACE('',(#860),#567,.T.);
#5582=ADVANCED_FACE('',(#861),#568,.T.);
#5583=ADVANCED_FACE('',(#862),#569,.T.);
#5584=ADVANCED_FACE('',(#863),#570,.T.);
#5585=ADVANCED_FACE('',(#864),#571,.T.);
#5586=ADVANCED_FACE('',(#865),#572,.T.);
#5587=ADVANCED_FACE('',(#866),#573,.T.);
#5588=ADVANCED_FACE('',(#867),#574,.T.);
#5589=ADVANCED_FACE('',(#868),#575,.T.);
#5590=ADVANCED_FACE('',(#869),#576,.T.);
#5591=ADVANCED_FACE('',(#870),#577,.T.);
#5592=ADVANCED_FACE('',(#871),#578,.T.);
#5593=ADVANCED_FACE('',(#872),#579,.T.);
#5594=ADVANCED_FACE('',(#873),#158,.T.);
#5595=ADVANCED_FACE('',(#874),#159,.T.);
#5596=ADVANCED_FACE('',(#875),#160,.T.);
#5597=ADVANCED_FACE('',(#876),#161,.T.);
#5598=ADVANCED_FACE('',(#877),#580,.T.);
#5599=ADVANCED_FACE('',(#878),#581,.T.);
#5600=ADVANCED_FACE('',(#879),#162,.T.);
#5601=ADVANCED_FACE('',(#880),#163,.T.);
#5602=ADVANCED_FACE('',(#881),#164,.T.);
#5603=ADVANCED_FACE('',(#882),#165,.T.);
#5604=ADVANCED_FACE('',(#883),#166,.T.);
#5605=ADVANCED_FACE('',(#884),#167,.T.);
#5606=ADVANCED_FACE('',(#885),#168,.T.);
#5607=ADVANCED_FACE('',(#886),#582,.T.);
#5608=ADVANCED_FACE('',(#887),#583,.T.);
#5609=ADVANCED_FACE('',(#888),#169,.T.);
#5610=ADVANCED_FACE('',(#889),#170,.T.);
#5611=ADVANCED_FACE('',(#890),#171,.T.);
#5612=ADVANCED_FACE('',(#891),#172,.T.);
#5613=ADVANCED_FACE('',(#892),#584,.T.);
#5614=CLOSED_SHELL('',(#5322,#5323,#5324,#5325,#5326,#5327,#5328,#5329,
#5330,#5331,#5332,#5333,#5334,#5335,#5336,#5337,#5338,#5339,#5340,#5341,
#5342,#5343,#5344));
#5615=CLOSED_SHELL('',(#5345,#5346,#5347,#5348,#5349,#5350,#5351,#5352,
#5353,#5354,#5355,#5356,#5357,#5358,#5359,#5360,#5361,#5362,#5363,#5364,
#5365,#5366,#5367,#5368,#5369,#5370,#5371,#5372,#5373,#5374,#5375,#5376,
#5377,#5378,#5379,#5380,#5381,#5382,#5383,#5384,#5385,#5386,#5387,#5388,
#5389,#5390,#5391,#5392,#5393,#5394,#5395,#5396,#5397,#5398,#5399,#5400,
#5401,#5402,#5403,#5404,#5405,#5406,#5407,#5408,#5409,#5410,#5411,#5412,
#5413,#5414,#5415,#5416,#5417,#5418,#5419,#5420,#5421,#5422,#5423,#5424,
#5425,#5426,#5427,#5428,#5429,#5430,#5431,#5432,#5433,#5434,#5435,#5436,
#5437,#5438,#5439,#5440,#5441,#5442,#5443,#5444,#5445,#5446,#5447,#5448,
#5449,#5450,#5451,#5452,#5453,#5454,#5455,#5456,#5457,#5458,#5459,#5460,
#5461,#5462,#5463,#5464,#5465,#5466,#5467,#5468,#5469,#5470,#5471,#5472,
#5473,#5474,#5475,#5476,#5477,#5478,#5479,#5480,#5481,#5482,#5483,#5484,
#5485,#5486,#5487,#5488,#5489,#5490,#5491,#5492,#5493,#5494,#5495,#5496,
#5497,#5498,#5499,#5500,#5501,#5502,#5503,#5504,#5505,#5506,#5507,#5508,
#5509,#5510,#5511,#5512,#5513,#5514,#5515,#5516,#5517,#5518,#5519,#5520,
#5521,#5522,#5523,#5524,#5525,#5526,#5527,#5528,#5529,#5530,#5531,#5532,
#5533,#5534,#5535,#5536,#5537,#5538,#5539,#5540,#5541,#5542,#5543,#5544,
#5545,#5546,#5547,#5548,#5549,#5550,#5551,#5552,#5553,#5554,#5555,#5556,
#5557,#5558,#5559,#5560,#5561,#5562,#5563,#5564,#5565,#5566,#5567,#5568,
#5569,#5570,#5571,#5572,#5573,#5574,#5575,#5576,#5577,#5578,#5579,#5580,
#5581,#5582,#5583,#5584,#5585,#5586,#5587,#5588,#5589,#5590,#5591,#5592,
#5593,#5594,#5595,#5596,#5597,#5598,#5599,#5600,#5601,#5602,#5603,#5604,
#5605,#5606,#5607,#5608,#5609,#5610,#5611,#5612,#5613));
#5616=DERIVED_UNIT_ELEMENT(#5618,1.);
#5617=DERIVED_UNIT_ELEMENT(#12711,-3.);
#5618=(
MASS_UNIT()
NAMED_UNIT(*)
SI_UNIT(.KILO.,.GRAM.)
);
#5619=DERIVED_UNIT((#5616,#5617));
#5620=MEASURE_REPRESENTATION_ITEM('density measure',
POSITIVE_RATIO_MEASURE(7850.),#5619);
#5621=PROPERTY_DEFINITION_REPRESENTATION(#5626,#5623);
#5622=PROPERTY_DEFINITION_REPRESENTATION(#5627,#5624);
#5623=REPRESENTATION('material name',(#5625),#12706);
#5624=REPRESENTATION('density',(#5620),#12706);
#5625=DESCRIPTIVE_REPRESENTATION_ITEM('Steel','Steel');
#5626=PROPERTY_DEFINITION('material property','material name',#12719);
#5627=PROPERTY_DEFINITION('material property','density of part',#12719);
#5628=AXIS2_PLACEMENT_3D('',#6720,#5853,#5854);
#5629=AXIS2_PLACEMENT_3D('',#6721,#5855,#5856);
#5630=AXIS2_PLACEMENT_3D('',#6724,#5857,#5858);
#5631=AXIS2_PLACEMENT_3D('',#6725,#5859,#5860);
#5632=AXIS2_PLACEMENT_3D('',#6728,#5862,#5863);
#5633=AXIS2_PLACEMENT_3D('',#6729,#5864,#5865);
#5634=AXIS2_PLACEMENT_3D('',#6732,#5866,#5867);
#5635=AXIS2_PLACEMENT_3D('',#6740,#5869,#5870);
#5636=AXIS2_PLACEMENT_3D('',#6746,#5872,#5873);
#5637=AXIS2_PLACEMENT_3D('',#6748,#5874,#5875);
#5638=AXIS2_PLACEMENT_3D('',#6751,#5877,#5878);
#5639=AXIS2_PLACEMENT_3D('',#6752,#5879,#5880);
#5640=AXIS2_PLACEMENT_3D('',#6755,#5881,#5882);
#5641=AXIS2_PLACEMENT_3D('',#6759,#5884,#5885);
#5642=AXIS2_PLACEMENT_3D('',#6761,#5886,#5887);
#5643=AXIS2_PLACEMENT_3D('',#6763,#5889,#5890);
#5644=AXIS2_PLACEMENT_3D('',#6767,#5892,#5893);
#5645=AXIS2_PLACEMENT_3D('',#6771,#5895,#5896);
#5646=AXIS2_PLACEMENT_3D('',#6776,#5899,#5900);
#5647=AXIS2_PLACEMENT_3D('',#6779,#5902,#5903);
#5648=AXIS2_PLACEMENT_3D('',#6780,#5904,#5905);
#5649=AXIS2_PLACEMENT_3D('',#6783,#5906,#5907);
#5650=AXIS2_PLACEMENT_3D('',#6787,#5909,#5910);
#5651=AXIS2_PLACEMENT_3D('',#6793,#5914,#5915);
#5652=AXIS2_PLACEMENT_3D('',#6795,#5917,#5918);
#5653=AXIS2_PLACEMENT_3D('',#6799,#5920,#5921);
#5654=AXIS2_PLACEMENT_3D('',#6801,#5923,#5924);
#5655=AXIS2_PLACEMENT_3D('',#6806,#5927,#5928);
#5656=AXIS2_PLACEMENT_3D('',#6807,#5929,#5930);
#5657=AXIS2_PLACEMENT_3D('',#6808,#5931,#5932);
#5658=AXIS2_PLACEMENT_3D('',#6815,#5937,#5938);
#5659=AXIS2_PLACEMENT_3D('',#6823,#5943,#5944);
#5660=AXIS2_PLACEMENT_3D('',#6824,#5945,#5946);
#5661=AXIS2_PLACEMENT_3D('',#6825,#5947,#5948);
#5662=AXIS2_PLACEMENT_3D('',#6833,#5953,#5954);
#5663=AXIS2_PLACEMENT_3D('',#6840,#5959,#5960);
#5664=AXIS2_PLACEMENT_3D('',#6841,#5961,#5962);
#5665=AXIS2_PLACEMENT_3D('',#6842,#5963,#5964);
#5666=AXIS2_PLACEMENT_3D('',#6843,#5965,#5966);
#5667=AXIS2_PLACEMENT_3D('',#6850,#5967,#5968);
#5668=AXIS2_PLACEMENT_3D('',#6854,#5969,#5970);
#5669=AXIS2_PLACEMENT_3D('',#6858,#5971,#5972);
#5670=AXIS2_PLACEMENT_3D('',#6862,#5973,#5974);
#5671=AXIS2_PLACEMENT_3D('',#6863,#5975,#5976);
#5672=AXIS2_PLACEMENT_3D('',#6867,#5977,#5978);
#5673=AXIS2_PLACEMENT_3D('',#6868,#5979,#5980);
#5674=AXIS2_PLACEMENT_3D('',#6870,#5981,#5982);
#5675=AXIS2_PLACEMENT_3D('',#6873,#5984,#5985);
#5676=AXIS2_PLACEMENT_3D('',#6874,#5986,#5987);
#5677=AXIS2_PLACEMENT_3D('',#6876,#5988,#5989);
#5678=AXIS2_PLACEMENT_3D('',#6879,#5991,#5992);
#5679=AXIS2_PLACEMENT_3D('',#6880,#5993,#5994);
#5680=AXIS2_PLACEMENT_3D('',#6883,#5995,#5996);
#5681=AXIS2_PLACEMENT_3D('',#6884,#5997,#5998);
#5682=AXIS2_PLACEMENT_3D('',#6887,#6000,#6001);
#5683=AXIS2_PLACEMENT_3D('',#6888,#6002,#6003);
#5684=AXIS2_PLACEMENT_3D('',#6890,#6004,#6005);
#5685=AXIS2_PLACEMENT_3D('',#6893,#6007,#6008);
#5686=AXIS2_PLACEMENT_3D('',#6894,#6009,#6010);
#5687=AXIS2_PLACEMENT_3D('',#6897,#6011,#6012);
#5688=AXIS2_PLACEMENT_3D('',#6898,#6013,#6014);
#5689=AXIS2_PLACEMENT_3D('',#6901,#6016,#6017);
#5690=AXIS2_PLACEMENT_3D('',#6902,#6018,#6019);
#5691=AXIS2_PLACEMENT_3D('',#6904,#6020,#6021);
#5692=AXIS2_PLACEMENT_3D('',#6906,#6023,#6024);
#5693=AXIS2_PLACEMENT_3D('',#6908,#6025,#6026);
#5694=AXIS2_PLACEMENT_3D('',#6911,#6028,#6029);
#5695=AXIS2_PLACEMENT_3D('',#6912,#6030,#6031);
#5696=AXIS2_PLACEMENT_3D('',#6915,#6033,#6034);
#5697=AXIS2_PLACEMENT_3D('',#6916,#6035,#6036);
#5698=AXIS2_PLACEMENT_3D('',#6918,#6037,#6038);
#5699=AXIS2_PLACEMENT_3D('',#6920,#6040,#6041);
#5700=AXIS2_PLACEMENT_3D('',#6922,#6042,#6043);
#5701=AXIS2_PLACEMENT_3D('',#6925,#6045,#6046);
#5702=AXIS2_PLACEMENT_3D('',#6926,#6047,#6048);
#5703=AXIS2_PLACEMENT_3D('',#6928,#6050,#6051);
#5704=AXIS2_PLACEMENT_3D('',#7616,#6093,#6094);
#5705=AXIS2_PLACEMENT_3D('',#7620,#6096,#6097);
#5706=AXIS2_PLACEMENT_3D('',#7624,#6099,#6100);
#5707=AXIS2_PLACEMENT_3D('',#7637,#6101,#6102);
#5708=AXIS2_PLACEMENT_3D('',#7641,#6104,#6105);
#5709=AXIS2_PLACEMENT_3D('',#7645,#6107,#6108);
#5710=AXIS2_PLACEMENT_3D('',#7672,#6111,#6112);
#5711=AXIS2_PLACEMENT_3D('',#7676,#6114,#6115);
#5712=AXIS2_PLACEMENT_3D('',#7798,#6118,#6119);
#5713=AXIS2_PLACEMENT_3D('',#7802,#6121,#6122);
#5714=AXIS2_PLACEMENT_3D('',#7815,#6125,#6126);
#5715=AXIS2_PLACEMENT_3D('',#7828,#6129,#6130);
#5716=AXIS2_PLACEMENT_3D('',#7832,#6132,#6133);
#5717=AXIS2_PLACEMENT_3D('',#7844,#6136,#6137);
#5718=AXIS2_PLACEMENT_3D('',#7845,#6138,#6139);
#5719=AXIS2_PLACEMENT_3D('',#7877,#6140,#6141);
#5720=AXIS2_PLACEMENT_3D('',#7936,#6142,#6143);
#5721=AXIS2_PLACEMENT_3D('',#7990,#6145,#6146);
#5722=AXIS2_PLACEMENT_3D('',#8000,#6147,#6148);
#5723=AXIS2_PLACEMENT_3D('',#8012,#6151,#6152);
#5724=AXIS2_PLACEMENT_3D('',#8016,#6154,#6155);
#5725=AXIS2_PLACEMENT_3D('',#8020,#6157,#6158);
#5726=AXIS2_PLACEMENT_3D('',#8069,#6159,#6160);
#5727=AXIS2_PLACEMENT_3D('',#8088,#6162,#6163);
#5728=AXIS2_PLACEMENT_3D('',#8101,#6166,#6167);
#5729=AXIS2_PLACEMENT_3D('',#8118,#6168,#6169);
#5730=AXIS2_PLACEMENT_3D('',#8119,#6170,#6171);
#5731=AXIS2_PLACEMENT_3D('',#8120,#6172,#6173);
#5732=AXIS2_PLACEMENT_3D('',#8121,#6174,#6175);
#5733=AXIS2_PLACEMENT_3D('',#8122,#6176,#6177);
#5734=AXIS2_PLACEMENT_3D('',#8134,#6179,#6180);
#5735=AXIS2_PLACEMENT_3D('',#8136,#6182,#6183);
#5736=AXIS2_PLACEMENT_3D('',#8149,#6186,#6187);
#5737=AXIS2_PLACEMENT_3D('',#8151,#6189,#6190);
#5738=AXIS2_PLACEMENT_3D('',#8171,#6194,#6195);
#5739=AXIS2_PLACEMENT_3D('',#8184,#6198,#6199);
#5740=AXIS2_PLACEMENT_3D('',#8186,#6201,#6202);
#5741=AXIS2_PLACEMENT_3D('',#8206,#6206,#6207);
#5742=AXIS2_PLACEMENT_3D('',#8219,#6210,#6211);
#5743=AXIS2_PLACEMENT_3D('',#8221,#6213,#6214);
#5744=AXIS2_PLACEMENT_3D('',#8234,#6217,#6218);
#5745=AXIS2_PLACEMENT_3D('',#8236,#6220,#6221);
#5746=AXIS2_PLACEMENT_3D('',#8256,#6225,#6226);
#5747=AXIS2_PLACEMENT_3D('',#8269,#6229,#6230);
#5748=AXIS2_PLACEMENT_3D('',#8271,#6232,#6233);
#5749=AXIS2_PLACEMENT_3D('',#8273,#6235,#6236);
#5750=AXIS2_PLACEMENT_3D('',#8465,#6247,#6248);
#5751=AXIS2_PLACEMENT_3D('',#8466,#6249,#6250);
#5752=AXIS2_PLACEMENT_3D('',#8518,#6254,#6255);
#5753=AXIS2_PLACEMENT_3D('',#8520,#6257,#6258);
#5754=AXIS2_PLACEMENT_3D('',#8533,#6261,#6262);
#5755=AXIS2_PLACEMENT_3D('',#8535,#6264,#6265);
#5756=AXIS2_PLACEMENT_3D('',#8548,#6268,#6269);
#5757=AXIS2_PLACEMENT_3D('',#8590,#6273,#6274);
#5758=AXIS2_PLACEMENT_3D('',#8592,#6276,#6277);
#5759=AXIS2_PLACEMENT_3D('',#8605,#6280,#6281);
#5760=AXIS2_PLACEMENT_3D('',#8607,#6283,#6284);
#5761=AXIS2_PLACEMENT_3D('',#8620,#6287,#6288);
#5762=AXIS2_PLACEMENT_3D('',#8653,#6292,#6293);
#5763=AXIS2_PLACEMENT_3D('',#8685,#6298,#6299);
#5764=AXIS2_PLACEMENT_3D('',#8698,#6302,#6303);
#5765=AXIS2_PLACEMENT_3D('',#8700,#6305,#6306);
#5766=AXIS2_PLACEMENT_3D('',#8713,#6309,#6310);
#5767=AXIS2_PLACEMENT_3D('',#8799,#6315,#6316);
#5768=AXIS2_PLACEMENT_3D('',#9182,#6335,#6336);
#5769=AXIS2_PLACEMENT_3D('',#9184,#6337,#6338);
#5770=AXIS2_PLACEMENT_3D('',#9186,#6340,#6341);
#5771=AXIS2_PLACEMENT_3D('',#9280,#6349,#6350);
#5772=AXIS2_PLACEMENT_3D('',#9295,#6354,#6355);
#5773=AXIS2_PLACEMENT_3D('',#9297,#6356,#6357);
#5774=AXIS2_PLACEMENT_3D('',#9394,#6363,#6364);
#5775=AXIS2_PLACEMENT_3D('',#9570,#6372,#6373);
#5776=AXIS2_PLACEMENT_3D('',#9670,#6379,#6380);
#5777=AXIS2_PLACEMENT_3D('',#9730,#6384,#6385);
#5778=AXIS2_PLACEMENT_3D('',#9764,#6388,#6389);
#5779=AXIS2_PLACEMENT_3D('',#9766,#6391,#6392);
#5780=AXIS2_PLACEMENT_3D('',#9787,#6396,#6397);
#5781=AXIS2_PLACEMENT_3D('',#9800,#6400,#6401);
#5782=AXIS2_PLACEMENT_3D('',#9802,#6403,#6404);
#5783=AXIS2_PLACEMENT_3D('',#9815,#6407,#6408);
#5784=AXIS2_PLACEMENT_3D('',#9817,#6410,#6411);
#5785=AXIS2_PLACEMENT_3D('',#9830,#6414,#6415);
#5786=AXIS2_PLACEMENT_3D('',#10138,#6423,#6424);
#5787=AXIS2_PLACEMENT_3D('',#10139,#6425,#6426);
#5788=AXIS2_PLACEMENT_3D('',#10140,#6427,#6428);
#5789=AXIS2_PLACEMENT_3D('',#10141,#6429,#6430);
#5790=AXIS2_PLACEMENT_3D('',#10142,#6431,#6432);
#5791=AXIS2_PLACEMENT_3D('',#10154,#6434,#6435);
#5792=AXIS2_PLACEMENT_3D('',#10156,#6437,#6438);
#5793=AXIS2_PLACEMENT_3D('',#10246,#6445,#6446);
#5794=AXIS2_PLACEMENT_3D('',#10247,#6447,#6448);
#5795=AXIS2_PLACEMENT_3D('',#10289,#6452,#6453);
#5796=AXIS2_PLACEMENT_3D('',#10325,#6459,#6460);
#5797=AXIS2_PLACEMENT_3D('',#10371,#6465,#6466);
#5798=AXIS2_PLACEMENT_3D('',#10389,#6468,#6469);
#5799=AXIS2_PLACEMENT_3D('',#10390,#6470,#6471);
#5800=AXIS2_PLACEMENT_3D('',#10432,#6475,#6476);
#5801=AXIS2_PLACEMENT_3D('',#10482,#6483,#6484);
#5802=AXIS2_PLACEMENT_3D('',#10484,#6486,#6487);
#5803=AXIS2_PLACEMENT_3D('',#10532,#6491,#6492);
#5804=AXIS2_PLACEMENT_3D('',#10533,#6493,#6494);
#5805=AXIS2_PLACEMENT_3D('',#10711,#6501,#6502);
#5806=AXIS2_PLACEMENT_3D('',#10715,#6505,#6506);
#5807=AXIS2_PLACEMENT_3D('',#10888,#6514,#6515);
#5808=AXIS2_PLACEMENT_3D('',#10892,#6518,#6519);
#5809=AXIS2_PLACEMENT_3D('',#10896,#6522,#6523);
#5810=AXIS2_PLACEMENT_3D('',#11058,#6530,#6531);
#5811=AXIS2_PLACEMENT_3D('',#11062,#6534,#6535);
#5812=AXIS2_PLACEMENT_3D('',#11230,#6542,#6543);
#5813=AXIS2_PLACEMENT_3D('',#11232,#6545,#6546);
#5814=AXIS2_PLACEMENT_3D('',#11469,#6551,#6552);
#5815=AXIS2_PLACEMENT_3D('',#11846,#6561,#6562);
#5816=AXIS2_PLACEMENT_3D('',#11847,#6563,#6564);
#5817=AXIS2_PLACEMENT_3D('',#11853,#6568,#6569);
#5818=AXIS2_PLACEMENT_3D('',#11857,#6572,#6573);
#5819=AXIS2_PLACEMENT_3D('',#11861,#6576,#6577);
#5820=AXIS2_PLACEMENT_3D('',#11865,#6580,#6581);
#5821=AXIS2_PLACEMENT_3D('',#11869,#6584,#6585);
#5822=AXIS2_PLACEMENT_3D('',#11871,#6587,#6588);
#5823=AXIS2_PLACEMENT_3D('',#11872,#6589,#6590);
#5824=AXIS2_PLACEMENT_3D('',#11878,#6594,#6595);
#5825=AXIS2_PLACEMENT_3D('',#11882,#6598,#6599);
#5826=AXIS2_PLACEMENT_3D('',#11886,#6602,#6603);
#5827=AXIS2_PLACEMENT_3D('',#11890,#6606,#6607);
#5828=AXIS2_PLACEMENT_3D('',#11894,#6610,#6611);
#5829=AXIS2_PLACEMENT_3D('',#11898,#6614,#6615);
#5830=AXIS2_PLACEMENT_3D('',#11966,#6620,#6621);
#5831=AXIS2_PLACEMENT_3D('',#11970,#6624,#6625);
#5832=AXIS2_PLACEMENT_3D('',#11974,#6628,#6629);
#5833=AXIS2_PLACEMENT_3D('',#11976,#6631,#6632);
#5834=AXIS2_PLACEMENT_3D('',#11977,#6633,#6634);
#5835=AXIS2_PLACEMENT_3D('',#11983,#6638,#6639);
#5836=AXIS2_PLACEMENT_3D('',#11987,#6642,#6643);
#5837=AXIS2_PLACEMENT_3D('',#11991,#6646,#6647);
#5838=AXIS2_PLACEMENT_3D('',#11995,#6650,#6651);
#5839=AXIS2_PLACEMENT_3D('',#11999,#6654,#6655);
#5840=AXIS2_PLACEMENT_3D('',#12003,#6658,#6659);
#5841=AXIS2_PLACEMENT_3D('',#12007,#6662,#6663);
#5842=AXIS2_PLACEMENT_3D('',#12011,#6666,#6667);
#5843=AXIS2_PLACEMENT_3D('',#12015,#6670,#6671);
#5844=AXIS2_PLACEMENT_3D('',#12019,#6674,#6675);
#5845=AXIS2_PLACEMENT_3D('',#12023,#6678,#6679);
#5846=AXIS2_PLACEMENT_3D('',#12027,#6682,#6683);
#5847=AXIS2_PLACEMENT_3D('',#12029,#6685,#6686);
#5848=AXIS2_PLACEMENT_3D('',#12196,#6692,#6693);
#5849=AXIS2_PLACEMENT_3D('',#12200,#6696,#6697);
#5850=AXIS2_PLACEMENT_3D('',#12521,#6707,#6708);
#5851=AXIS2_PLACEMENT_3D('',#12525,#6711,#6712);
#5852=AXIS2_PLACEMENT_3D('',#12703,#6718,#6719);
#5853=DIRECTION('axis',(0.,0.,1.));
#5854=DIRECTION('refdir',(1.,0.,0.));
#5855=DIRECTION('center_axis',(-1.,-1.17844075143179E-32,-2.46519032881566E-32));
#5856=DIRECTION('ref_axis',(-1.17844075143179E-32,1.,1.05071076679395E-16));
#5857=DIRECTION('center_axis',(-1.,-1.17844075143179E-32,-2.46519032881566E-32));
#5858=DIRECTION('ref_axis',(-1.17844075143179E-32,1.,1.05071076679395E-16));
#5859=DIRECTION('center_axis',(-1.,-1.17844075143179E-32,-2.46519032881566E-32));
#5860=DIRECTION('ref_axis',(-1.17844075143179E-32,1.,1.05071076679395E-16));
#5861=DIRECTION('',(-0.707106781186548,-0.707106781186548,1.22991347969776E-17));
#5862=DIRECTION('center_axis',(1.,1.17844075143179E-32,2.46519032881566E-32));
#5863=DIRECTION('ref_axis',(-1.17844075143179E-32,1.,1.05071076679395E-16));
#5864=DIRECTION('center_axis',(1.,1.17844075143179E-32,2.46519032881566E-32));
#5865=DIRECTION('ref_axis',(1.17844075143179E-32,-1.,-1.05071076679395E-16));
#5866=DIRECTION('center_axis',(1.,1.17844075143179E-32,2.46519032881566E-32));
#5867=DIRECTION('ref_axis',(-1.17844075143179E-32,1.,1.05071076679395E-16));
#5868=DIRECTION('',(-0.706919498228671,0.,-0.707294014554149));
#5869=DIRECTION('center_axis',(-1.,-1.17844075143179E-32,-2.46519032881566E-32));
#5870=DIRECTION('ref_axis',(-1.17844075143179E-32,1.,1.05071076679395E-16));
#5871=DIRECTION('',(0.706919498226178,0.,-0.707294014556641));
#5872=DIRECTION('center_axis',(1.,1.17844075143179E-32,2.46519032881566E-32));
#5873=DIRECTION('ref_axis',(1.17844075143179E-32,-1.,-1.05071076679395E-16));
#5874=DIRECTION('center_axis',(1.,1.17844075143179E-32,2.46519032881566E-32));
#5875=DIRECTION('ref_axis',(-1.17844075143179E-32,1.,1.05071076679395E-16));
#5876=DIRECTION('',(-0.500000000000006,-0.866025403784435,-1.97051745479828E-16));
#5877=DIRECTION('center_axis',(-1.,-1.17844075143179E-32,-2.46519032881566E-32));
#5878=DIRECTION('ref_axis',(-1.17844075143179E-32,1.,1.05071076679395E-16));
#5879=DIRECTION('center_axis',(-1.,-1.17844075143179E-32,-2.46519032881566E-32));
#5880=DIRECTION('ref_axis',(-1.17844075143179E-32,1.,1.05071076679395E-16));
#5881=DIRECTION('center_axis',(1.,1.17844075143179E-32,2.46519032881566E-32));
#5882=DIRECTION('ref_axis',(-1.17844075143179E-32,1.,1.05071076679395E-16));
#5883=DIRECTION('',(0.86591876148029,0.,0.500184664415494));
#5884=DIRECTION('center_axis',(-1.,-1.17844075143179E-32,-2.46519032881566E-32));
#5885=DIRECTION('ref_axis',(-1.17844075143179E-32,1.,1.05071076679395E-16));
#5886=DIRECTION('center_axis',(-1.,-1.17844075143179E-32,-2.46519032881566E-32));
#5887=DIRECTION('ref_axis',(-1.17844075143179E-32,1.,1.05071076679395E-16));
#5888=DIRECTION('',(-0.865918761480288,0.,0.500184664415497));
#5889=DIRECTION('center_axis',(1.,1.17844075143179E-32,2.46519032881566E-32));
#5890=DIRECTION('ref_axis',(1.17844075143179E-32,-1.,-1.05071076679395E-16));
#5891=DIRECTION('',(1.,1.17844075143179E-32,2.46519032881566E-32));
#5892=DIRECTION('center_axis',(1.,1.17844075143179E-32,2.46519032881566E-32));
#5893=DIRECTION('ref_axis',(-1.17844075143179E-32,1.,1.05071076679395E-16));
#5894=DIRECTION('',(-1.,-1.17844075143179E-32,-2.46519032881566E-32));
#5895=DIRECTION('center_axis',(1.,1.17844075143179E-32,2.46519032881566E-32));
#5896=DIRECTION('ref_axis',(-1.17844075143179E-32,1.,1.05071076679395E-16));
#5897=DIRECTION('',(1.,1.17844075143179E-32,2.46519032881566E-32));
#5898=DIRECTION('',(-1.,-1.17844075143179E-32,-2.46519032881566E-32));
#5899=DIRECTION('center_axis',(1.,1.17844075143179E-32,2.46519032881566E-32));
#5900=DIRECTION('ref_axis',(-1.17844075143179E-32,1.,1.05071076679395E-16));
#5901=DIRECTION('',(1.,1.17844075143179E-32,2.46519032881566E-32));
#5902=DIRECTION('center_axis',(1.,1.17844075143179E-32,2.46519032881566E-32));
#5903=DIRECTION('ref_axis',(-1.17844075143179E-32,1.,1.05071076679395E-16));
#5904=DIRECTION('center_axis',(1.,1.17844075143179E-32,2.46519032881566E-32));
#5905=DIRECTION('ref_axis',(1.17844075143179E-32,-1.,-1.05071076679395E-16));
#5906=DIRECTION('center_axis',(-1.,-1.17844075143179E-32,-2.46519032881566E-32));
#5907=DIRECTION('ref_axis',(-1.17844075143179E-32,1.,1.05071076679395E-16));
#5908=DIRECTION('',(1.,1.17844075143179E-32,2.46519032881566E-32));
#5909=DIRECTION('center_axis',(-1.,-1.17844075143179E-32,-2.46519032881566E-32));
#5910=DIRECTION('ref_axis',(-1.17844075143179E-32,1.,1.05071076679395E-16));
#5911=DIRECTION('',(1.,1.17844075143179E-32,2.46519032881566E-32));
#5912=DIRECTION('',(-1.,-1.17844075143179E-32,-2.46519032881566E-32));
#5913=DIRECTION('',(1.,1.17844075143179E-32,2.46519032881566E-32));
#5914=DIRECTION('center_axis',(-1.,-1.17844075143179E-32,-2.46519032881566E-32));
#5915=DIRECTION('ref_axis',(-1.17844075143179E-32,1.,1.05071076679395E-16));
#5916=DIRECTION('',(1.,1.17844075143179E-32,2.46519032881566E-32));
#5917=DIRECTION('center_axis',(-1.,2.41103591583962E-32,-2.46519032881566E-32));
#5918=DIRECTION('ref_axis',(2.41103591583962E-32,1.,1.05071076679395E-16));
#5919=DIRECTION('',(4.93038065763132E-32,-5.0829639678896E-18,1.));
#5920=DIRECTION('center_axis',(-1.,-1.17844075143179E-32,-2.46519032881566E-32));
#5921=DIRECTION('ref_axis',(-1.17844075143179E-32,1.,1.05071076679395E-16));
#5922=DIRECTION('',(-4.93038065763132E-32,1.05071076679395E-16,-1.));
#5923=DIRECTION('center_axis',(-1.,2.41103591583962E-32,-2.46519032881566E-32));
#5924=DIRECTION('ref_axis',(2.41103591583962E-32,1.,1.05071076679395E-16));
#5925=DIRECTION('',(4.93038065763132E-32,-5.07628414874346E-18,1.));
#5926=DIRECTION('',(4.93038065763132E-32,-2.05065869210046E-16,1.));
#5927=DIRECTION('center_axis',(1.,1.17844075143179E-32,2.46519032881566E-32));
#5928=DIRECTION('ref_axis',(-1.17844075143179E-32,1.,1.05071076679395E-16));
#5929=DIRECTION('center_axis',(-1.,2.41103591583962E-32,-2.46519032881566E-32));
#5930=DIRECTION('ref_axis',(2.41103591583962E-32,1.,1.05071076679395E-16));
#5931=DIRECTION('center_axis',(2.41103591583962E-32,1.,2.05065869210046E-16));
#5932=DIRECTION('ref_axis',(-4.93038065763132E-32,2.05065869210046E-16,
-1.));
#5933=DIRECTION('',(-1.,-1.17844075143179E-32,-2.46519032881566E-32));
#5934=DIRECTION('',(0.70691949822973,0.,0.70729401455309));
#5935=DIRECTION('',(4.93038065763132E-32,-2.05065869210046E-16,1.));
#5936=DIRECTION('',(0.865931684281687,0.,-0.500162291818447));
#5937=DIRECTION('center_axis',(2.41103591583962E-32,1.,5.0829639678896E-18));
#5938=DIRECTION('ref_axis',(-4.93038065763132E-32,5.0829639678896E-18,-1.));
#5939=DIRECTION('',(-0.706893675011853,0.,-0.707319823155153));
#5940=DIRECTION('',(1.,1.17844075143179E-32,2.46519032881566E-32));
#5941=DIRECTION('',(0.706893675011078,0.,0.707319823155928));
#5942=DIRECTION('',(4.93038065763132E-32,-5.0829639678896E-18,1.));
#5943=DIRECTION('center_axis',(-1.,2.41103591583962E-32,-2.46519032881566E-32));
#5944=DIRECTION('ref_axis',(2.41103591583962E-32,1.,1.05071076679395E-16));
#5945=DIRECTION('center_axis',(-1.,-1.17844075143179E-32,-2.46519032881566E-32));
#5946=DIRECTION('ref_axis',(-1.17844075143179E-32,1.,1.05071076679395E-16));
#5947=DIRECTION('center_axis',(1.17844075143179E-32,-1.,-1.05071076679395E-16));
#5948=DIRECTION('ref_axis',(-1.,-1.17844075143179E-32,-2.46519032881566E-32));
#5949=DIRECTION('',(-0.706893675008432,0.,0.707319823158572));
#5950=DIRECTION('',(-1.,-1.17844075143179E-32,-2.46519032881566E-32));
#5951=DIRECTION('',(0.706893675017205,0.,-0.707319823149804));
#5952=DIRECTION('',(-4.93038065763132E-32,1.05071076679395E-16,-1.));
#5953=DIRECTION('center_axis',(2.41103591583962E-32,1.,5.07628414874347E-18));
#5954=DIRECTION('ref_axis',(-4.93038065763132E-32,5.07628414874347E-18,
-1.));
#5955=DIRECTION('',(4.93038065763132E-32,-5.07628414874346E-18,1.));
#5956=DIRECTION('',(-0.706919498241514,0.,0.707294014541313));
#5957=DIRECTION('',(1.,1.17844075143179E-32,2.46519032881566E-32));
#5958=DIRECTION('',(-0.865931684281687,0.,-0.500162291818447));
#5959=DIRECTION('center_axis',(-1.,2.41103591583962E-32,-2.46519032881566E-32));
#5960=DIRECTION('ref_axis',(2.41103591583962E-32,1.,1.05071076679395E-16));
#5961=DIRECTION('center_axis',(-1.,-1.17844075143179E-32,-2.46519032881566E-32));
#5962=DIRECTION('ref_axis',(-1.17844075143179E-32,1.,1.05071076679395E-16));
#5963=DIRECTION('center_axis',(-1.,-1.17844075143179E-32,-2.46519032881566E-32));
#5964=DIRECTION('ref_axis',(1.17844075143179E-32,-1.,-2.2753575659413E-16));
#5965=DIRECTION('center_axis',(5.15874352385562E-32,0.719540380522019,0.694450603569633));
#5966=DIRECTION('ref_axis',(-1.87326262752756E-32,0.694450603569633,-0.719540380522019));
#5967=DIRECTION('center_axis',(1.,1.17844075143179E-32,2.46519032881566E-32));
#5968=DIRECTION('ref_axis',(-1.17844075143179E-32,1.,2.2753575659413E-16));
#5969=DIRECTION('center_axis',(1.,1.17844075143179E-32,2.46519032881566E-32));
#5970=DIRECTION('ref_axis',(1.17844075143179E-32,-1.,-1.05071076679395E-16));
#5971=DIRECTION('center_axis',(-1.68906812318464E-32,0.719540380522017,
-0.694450603569636));
#5972=DIRECTION('ref_axis',(-5.22195332149333E-32,-0.694450603569636,-0.719540380522017));
#5973=DIRECTION('center_axis',(1.69485981127149E-32,-0.718769581821371,
0.69524836443413));
#5974=DIRECTION('ref_axis',(5.22007642058528E-32,0.69524836443413,0.718769581821371));
#5975=DIRECTION('center_axis',(1.,1.17844075143179E-32,2.46519032881566E-32));
#5976=DIRECTION('ref_axis',(1.17844075143179E-32,-1.,-1.05071076679395E-16));
#5977=DIRECTION('center_axis',(-5.1608183652402E-32,-0.718769581821372,
-0.695248364434129));
#5978=DIRECTION('ref_axis',(1.86753886642641E-32,-0.695248364434129,0.718769581821371));
#5979=DIRECTION('center_axis',(1.,0.,0.));
#5980=DIRECTION('ref_axis',(0.,0.,-1.));
#5981=DIRECTION('center_axis',(1.,0.,0.));
#5982=DIRECTION('ref_axis',(0.,0.,-1.));
#5983=DIRECTION('',(0.866025403784442,-6.12323399573669E-17,0.499999999999994));
#5984=DIRECTION('center_axis',(-1.,0.,0.));
#5985=DIRECTION('ref_axis',(0.,0.,-1.));
#5986=DIRECTION('center_axis',(1.,0.,0.));
#5987=DIRECTION('ref_axis',(0.,0.,-1.));
#5988=DIRECTION('center_axis',(1.,0.,0.));
#5989=DIRECTION('ref_axis',(0.,0.,1.));
#5990=DIRECTION('',(-0.866025403784436,6.12323399573682E-17,-0.500000000000005));
#5991=DIRECTION('center_axis',(-1.,0.,0.));
#5992=DIRECTION('ref_axis',(0.,0.,1.));
#5993=DIRECTION('center_axis',(-1.,0.,0.));
#5994=DIRECTION('ref_axis',(0.,0.,1.));
#5995=DIRECTION('center_axis',(-1.,0.,0.));
#5996=DIRECTION('ref_axis',(0.,0.,-1.));
#5997=DIRECTION('center_axis',(-1.,0.,0.));
#5998=DIRECTION('ref_axis',(0.,0.,-1.));
#5999=DIRECTION('',(0.707106781186555,8.65956056235484E-17,0.70710678118654));
#6000=DIRECTION('center_axis',(1.,0.,0.));
#6001=DIRECTION('ref_axis',(0.,0.,-1.));
#6002=DIRECTION('center_axis',(1.,0.,0.));
#6003=DIRECTION('ref_axis',(0.,0.,-1.));
#6004=DIRECTION('center_axis',(1.,0.,0.));
#6005=DIRECTION('ref_axis',(0.,0.,1.));
#6006=DIRECTION('',(-0.707106781186545,8.65956056235496E-17,-0.70710678118655));
#6007=DIRECTION('center_axis',(-1.,0.,0.));
#6008=DIRECTION('ref_axis',(0.,0.,1.));
#6009=DIRECTION('center_axis',(-1.,0.,0.));
#6010=DIRECTION('ref_axis',(0.,0.,1.));
#6011=DIRECTION('center_axis',(-1.,0.,0.));
#6012=DIRECTION('ref_axis',(0.,0.,1.));
#6013=DIRECTION('center_axis',(-1.,0.,0.));
#6014=DIRECTION('ref_axis',(0.,0.,1.));
#6015=DIRECTION('',(-0.707106781186548,-8.65956056235493E-17,-0.707106781186547));
#6016=DIRECTION('center_axis',(1.,0.,0.));
#6017=DIRECTION('ref_axis',(0.,0.,1.));
#6018=DIRECTION('center_axis',(1.,0.,0.));
#6019=DIRECTION('ref_axis',(0.,0.,-1.));
#6020=DIRECTION('center_axis',(1.,0.,0.));
#6021=DIRECTION('ref_axis',(0.,0.,-1.));
#6022=DIRECTION('',(1.,0.,0.));
#6023=DIRECTION('center_axis',(1.,0.,0.));
#6024=DIRECTION('ref_axis',(0.,0.,-1.));
#6025=DIRECTION('center_axis',(1.,0.,0.));
#6026=DIRECTION('ref_axis',(0.,0.,-1.));
#6027=DIRECTION('',(1.,0.,0.));
#6028=DIRECTION('center_axis',(1.,0.,0.));
#6029=DIRECTION('ref_axis',(0.,0.,-1.));
#6030=DIRECTION('center_axis',(1.,0.,0.));
#6031=DIRECTION('ref_axis',(0.,0.,-1.));
#6032=DIRECTION('',(1.,0.,0.));
#6033=DIRECTION('center_axis',(1.,0.,0.));
#6034=DIRECTION('ref_axis',(0.,0.,-1.));
#6035=DIRECTION('center_axis',(1.,0.,0.));
#6036=DIRECTION('ref_axis',(0.,0.,-1.));
#6037=DIRECTION('center_axis',(1.,0.,0.));
#6038=DIRECTION('ref_axis',(0.,0.,-1.));
#6039=DIRECTION('',(-1.,0.,0.));
#6040=DIRECTION('center_axis',(1.,0.,0.));
#6041=DIRECTION('ref_axis',(0.,0.,-1.));
#6042=DIRECTION('center_axis',(1.,0.,0.));
#6043=DIRECTION('ref_axis',(0.,0.,-1.));
#6044=DIRECTION('',(-1.,0.,0.));
#6045=DIRECTION('center_axis',(1.,0.,0.));
#6046=DIRECTION('ref_axis',(0.,0.,-1.));
#6047=DIRECTION('center_axis',(1.,0.,0.));
#6048=DIRECTION('ref_axis',(0.,0.,-1.));
#6049=DIRECTION('',(-1.,0.,0.));
#6050=DIRECTION('center_axis',(-1.,0.,0.));
#6051=DIRECTION('ref_axis',(0.,0.,1.));
#6052=DIRECTION('',(0.,-0.0156230930005444,-0.999877952034695));
#6053=DIRECTION('',(0.,0.999877952034695,-0.0156230930005421));
#6054=DIRECTION('',(0.,0.0156230930005408,0.999877952034695));
#6055=DIRECTION('',(0.,-0.999877952034695,0.0156230930005418));
#6056=DIRECTION('',(0.,-0.0156230930005444,-0.999877952034695));
#6057=DIRECTION('',(0.,-0.999877952034695,0.0156230930005421));
#6058=DIRECTION('',(0.,0.0156230930005444,0.999877952034695));
#6059=DIRECTION('',(0.,-0.999877952034695,0.0156230930005421));
#6060=DIRECTION('',(0.,-0.0154720356037572,-0.9998803008932));
#6061=DIRECTION('',(0.,0.999877952034695,-0.015623093000542));
#6062=DIRECTION('',(0.,-0.987723963335749,0.156209385929012));
#6063=DIRECTION('',(0.,-0.147311303088855,-0.989090177881806));
#6064=DIRECTION('',(0.,0.987762965329069,-0.155962573473011));
#6065=DIRECTION('',(0.,0.147311303088855,0.989090177881806));
#6066=DIRECTION('',(0.,-0.0911369931917213,-0.995838364631516));
#6067=DIRECTION('',(0.,0.995886745859585,-0.0906067846312123));
#6068=DIRECTION('',(0.,0.0902551301163291,0.995918677145722));
#6069=DIRECTION('',(0.,-0.995880090377305,0.0906799073118785));
#6070=DIRECTION('',(0.,0.940895205261508,0.338697819177957));
#6071=DIRECTION('',(0.,0.0889319379744871,0.996037705314463));
#6072=DIRECTION('',(0.,-0.865517103253156,0.500879370683467));
#6073=DIRECTION('',(0.,0.995880090377305,-0.0906799073118785));
#6074=DIRECTION('',(0.,0.090255130116329,0.995918677145722));
#6075=DIRECTION('',(0.,-0.995886745859585,0.0906067846312121));
#6076=DIRECTION('',(0.,-0.0906330293071221,-0.995884357743716));
#6077=DIRECTION('',(0.,0.862388328516037,-0.506247341562714));
#6078=DIRECTION('',(0.,-0.943823064672805,-0.330451240868656));
#6079=DIRECTION('',(0.,0.0540076004843465,-0.998540524510609));
#6080=DIRECTION('',(0.,0.9985548723377,0.0537416684765078));
#6081=DIRECTION('',(0.,-0.0541297082742177,0.998533912634993));
#6082=DIRECTION('',(0.,-0.998534783907599,-0.054113633463347));
#6083=DIRECTION('',(0.,0.0546059054019346,-0.99850798449248));
#6084=DIRECTION('',(0.,0.998532191115825,0.0541614559020414));
#6085=DIRECTION('',(0.,0.986393923832139,0.164398987305386));
#6086=DIRECTION('',(0.,-0.987649276806438,-0.156680905102438));
#6087=DIRECTION('',(0.,0.16113189890209,-0.986932880775692));
#6088=DIRECTION('',(0.,-0.155096814550485,0.987899275288879));
#6089=DIRECTION('',(0.,-0.987483388354478,-0.157723041195505));
#6090=DIRECTION('',(0.,0.155734079145559,-0.987799016294653));
#6091=DIRECTION('',(0.,-0.149805379427748,0.988715504224804));
#6092=DIRECTION('',(0.,-0.987649276806439,-0.156680905102436));
#6093=DIRECTION('center_axis',(1.,0.,0.));
#6094=DIRECTION('ref_axis',(0.,0.984832021479604,0.173510488064545));
#6095=DIRECTION('',(0.,-0.963236583268202,0.268654582417273));
#6096=DIRECTION('center_axis',(1.,0.,0.));
#6097=DIRECTION('ref_axis',(0.,0.993761875058086,0.111522803412746));
#6098=DIRECTION('',(0.,0.882405672532061,0.470489350658696));
#6099=DIRECTION('center_axis',(-1.,0.,0.));
#6100=DIRECTION('ref_axis',(0.,0.999996601613243,-0.0026070600235157));
#6101=DIRECTION('center_axis',(-1.,0.,0.));
#6102=DIRECTION('ref_axis',(0.,0.37840972408735,-0.925638201845697));
#6103=DIRECTION('',(0.,-0.999475276623817,0.0323909156669523));
#6104=DIRECTION('center_axis',(-1.,0.,0.));
#6105=DIRECTION('ref_axis',(0.,0.998640206325027,-0.0521319317799295));
#6106=DIRECTION('',(0.,0.998573994126777,-0.0533851875869698));
#6107=DIRECTION('center_axis',(1.,0.,0.));
#6108=DIRECTION('ref_axis',(0.,0.999924118505302,-0.0123189785044904));
#6109=DIRECTION('',(0.,-0.999996548343586,-0.00262741335047755));
#6110=DIRECTION('',(0.,-0.999879502222614,-0.0155235638645952));
#6111=DIRECTION('center_axis',(-1.,0.,0.));
#6112=DIRECTION('ref_axis',(0.,0.999869224295847,0.0161720223231941));
#6113=DIRECTION('',(0.,0.999153358914466,0.0411407993352072));
#6114=DIRECTION('center_axis',(-1.,0.,0.));
#6115=DIRECTION('ref_axis',(0.,0.999083875449809,0.0427949741931324));
#6116=DIRECTION('',(0.,-0.991272576312065,-0.131828219481417));
#6117=DIRECTION('',(0.,0.988812175812481,-0.14916595109135));
#6118=DIRECTION('center_axis',(1.,0.,0.));
#6119=DIRECTION('ref_axis',(0.,0.99163948684487,-0.129039250346719));
#6120=DIRECTION('',(0.,-0.991501909401206,0.130092135249452));
#6121=DIRECTION('center_axis',(-1.,0.,0.));
#6122=DIRECTION('ref_axis',(0.,0.988818845647596,-0.149121730449176));
#6123=DIRECTION('',(0.,0.988812175722549,-0.149165951687504));
#6124=DIRECTION('',(0.,-0.984245186349974,0.176808973604012));
#6125=DIRECTION('center_axis',(-1.,0.,0.));
#6126=DIRECTION('ref_axis',(0.,0.980674014560136,-0.195648861909559));
#6127=DIRECTION('',(0.,0.980656955565414,-0.195734349313487));
#6128=DIRECTION('',(0.,-0.975947312966793,0.218006518968805));
#6129=DIRECTION('center_axis',(-1.,0.,0.));
#6130=DIRECTION('ref_axis',(0.,0.971704451804326,-0.236200038830763));
#6131=DIRECTION('',(0.,0.97156708916081,-0.236764421439522));
#6132=DIRECTION('center_axis',(-1.,0.,0.));
#6133=DIRECTION('ref_axis',(0.,0.965930161941795,-0.258802863684112));
#6134=DIRECTION('',(0.,0.965925827939966,-0.258819038941288));
#6135=DIRECTION('',(0.,-0.98424518622188,0.176808974317079));
#6136=DIRECTION('center_axis',(1.,0.,0.));
#6137=DIRECTION('ref_axis',(0.,0.988824090530672,-0.149086947739194));
#6138=DIRECTION('center_axis',(-1.,0.,0.));
#6139=DIRECTION('ref_axis',(0.,0.,1.));
#6140=DIRECTION('center_axis',(-1.,0.,0.));
#6141=DIRECTION('ref_axis',(0.,0.971897451797187,0.235404637146625));
#6142=DIRECTION('center_axis',(1.,-2.02906416914959E-12,-4.1566249444E-13));
#6143=DIRECTION('ref_axis',(2.07101129097108E-12,0.976932415579112,0.213548719009883));
#6144=DIRECTION('',(0.,0.990804791685906,0.135299167670196));
#6145=DIRECTION('center_axis',(1.,-1.71692367039003E-12,-1.68044966830452E-13));
#6146=DIRECTION('ref_axis',(1.72498344098181E-12,0.993760964132164,0.111530920228926));
#6147=DIRECTION('center_axis',(1.,0.,0.));
#6148=DIRECTION('ref_axis',(0.,0.9973686303478,0.0724970013045634));
#6149=DIRECTION('',(0.,-0.999291319452051,-0.0376411857913436));
#6150=DIRECTION('',(0.,0.999797228997079,0.0201370526582965));
#6151=DIRECTION('center_axis',(-1.,0.,0.));
#6152=DIRECTION('ref_axis',(0.,0.999790914743888,0.020448148952429));
#6153=DIRECTION('',(0.,-0.862554567011131,-0.505964049047203));
#6154=DIRECTION('center_axis',(-1.,0.,0.));
#6155=DIRECTION('ref_axis',(0.,0.995874207231316,0.0907444949922482));
#6156=DIRECTION('',(0.,0.950304736250103,-0.311321230019125));
#6157=DIRECTION('center_axis',(-1.,0.,0.));
#6158=DIRECTION('ref_axis',(0.,0.992943677199777,0.11858690445823));
#6159=DIRECTION('center_axis',(-1.,0.,0.));
#6160=DIRECTION('ref_axis',(0.,0.995797803730281,0.0915791138084969));
#6161=DIRECTION('',(0.,-0.905736367569204,-0.423841518096734));
#6162=DIRECTION('center_axis',(-1.,0.,0.));
#6163=DIRECTION('ref_axis',(0.,0.988289960588225,0.152587528325628));
#6164=DIRECTION('',(0.,-0.988283683561556,-0.152628178283047));
#6165=DIRECTION('',(0.,0.988283684141233,0.15262817452958));
#6166=DIRECTION('center_axis',(1.,0.,0.));
#6167=DIRECTION('ref_axis',(0.,0.985670529980898,0.168681967996509));
#6168=DIRECTION('center_axis',(1.,0.,0.));
#6169=DIRECTION('ref_axis',(0.,0.,-1.));
#6170=DIRECTION('center_axis',(1.,0.,0.));
#6171=DIRECTION('ref_axis',(0.,0.,-1.));
#6172=DIRECTION('center_axis',(-1.,0.,0.));
#6173=DIRECTION('ref_axis',(0.,0.,1.));
#6174=DIRECTION('center_axis',(1.,0.,0.));
#6175=DIRECTION('ref_axis',(0.,0.,-1.));
#6176=DIRECTION('center_axis',(-1.,0.,0.));
#6177=DIRECTION('ref_axis',(0.,0.,1.));
#6178=DIRECTION('',(-1.,0.,0.));
#6179=DIRECTION('center_axis',(1.,0.,0.));
#6180=DIRECTION('ref_axis',(0.,0.99163948684487,-0.129039250346719));
#6181=DIRECTION('',(-1.,0.,0.));
#6182=DIRECTION('center_axis',(0.,-0.130092135249452,-0.991501909401207));
#6183=DIRECTION('ref_axis',(0.,0.991501909401207,-0.130092135249452));
#6184=DIRECTION('',(0.,-0.991501909401206,0.130092135249452));
#6185=DIRECTION('',(-1.,0.,0.));
#6186=DIRECTION('center_axis',(-1.,0.,0.));
#6187=DIRECTION('ref_axis',(0.,0.988818845647596,-0.149121730449176));
#6188=DIRECTION('',(-1.,0.,0.));
#6189=DIRECTION('center_axis',(0.,0.149165951687504,0.988812175722549));
#6190=DIRECTION('ref_axis',(0.,-0.988812175722549,0.149165951687504));
#6191=DIRECTION('',(0.,0.988812175722549,-0.149165951687504));
#6192=DIRECTION('',(-1.,0.,0.));
#6193=DIRECTION('',(-1.,0.,0.));
#6194=DIRECTION('center_axis',(0.,-0.176808973604012,-0.984245186349974));
#6195=DIRECTION('ref_axis',(0.,0.984245186349974,-0.176808973604012));
#6196=DIRECTION('',(0.,-0.984245186349974,0.176808973604012));
#6197=DIRECTION('',(-1.,0.,0.));
#6198=DIRECTION('center_axis',(-1.,0.,0.));
#6199=DIRECTION('ref_axis',(0.,0.980674014560136,-0.195648861909559));
#6200=DIRECTION('',(-1.,0.,0.));
#6201=DIRECTION('center_axis',(0.,0.195734349313487,0.980656955565414));
#6202=DIRECTION('ref_axis',(0.,-0.980656955565414,0.195734349313487));
#6203=DIRECTION('',(0.,0.980656955565414,-0.195734349313487));
#6204=DIRECTION('',(-1.,0.,0.));
#6205=DIRECTION('',(-1.,0.,0.));
#6206=DIRECTION('center_axis',(0.,-0.218006518968805,-0.975947312966793));
#6207=DIRECTION('ref_axis',(0.,0.975947312966793,-0.218006518968805));
#6208=DIRECTION('',(0.,-0.975947312966793,0.218006518968805));
#6209=DIRECTION('',(-1.,0.,0.));
#6210=DIRECTION('center_axis',(-1.,0.,0.));
#6211=DIRECTION('ref_axis',(0.,0.971704451804326,-0.236200038830763));
#6212=DIRECTION('',(-1.,0.,0.));
#6213=DIRECTION('center_axis',(0.,0.236764421439522,0.97156708916081));
#6214=DIRECTION('ref_axis',(0.,-0.97156708916081,0.236764421439522));
#6215=DIRECTION('',(0.,0.97156708916081,-0.236764421439522));
#6216=DIRECTION('',(-1.,0.,0.));
#6217=DIRECTION('center_axis',(-1.,0.,0.));
#6218=DIRECTION('ref_axis',(0.,0.965930161941795,-0.258802863684112));
#6219=DIRECTION('',(-1.,0.,0.));
#6220=DIRECTION('center_axis',(0.,0.258819038941288,0.965925827939966));
#6221=DIRECTION('ref_axis',(0.,-0.965925827939966,0.258819038941288));
#6222=DIRECTION('',(0.,0.965925827939966,-0.258819038941288));
#6223=DIRECTION('',(-1.,0.,0.));
#6224=DIRECTION('',(-1.,0.,0.));
#6225=DIRECTION('center_axis',(0.,-0.176808974317079,-0.98424518622188));
#6226=DIRECTION('ref_axis',(0.,0.98424518622188,-0.176808974317079));
#6227=DIRECTION('',(0.,-0.98424518622188,0.176808974317079));
#6228=DIRECTION('',(-1.,0.,0.));
#6229=DIRECTION('center_axis',(1.,0.,0.));
#6230=DIRECTION('ref_axis',(0.,0.988824090530672,-0.149086947739194));
#6231=DIRECTION('',(-1.,0.,0.));
#6232=DIRECTION('center_axis',(0.,0.14916595109135,0.988812175812481));
#6233=DIRECTION('ref_axis',(0.,-0.988812175812481,0.14916595109135));
#6234=DIRECTION('',(0.,0.988812175812481,-0.14916595109135));
#6235=DIRECTION('center_axis',(-1.,0.,0.));
#6236=DIRECTION('ref_axis',(0.,0.,1.));
#6237=DIRECTION('',(-1.,0.,0.));
#6238=DIRECTION('',(-1.,0.,0.));
#6239=DIRECTION('',(-1.,0.,0.));
#6240=DIRECTION('',(-1.,0.,0.));
#6241=DIRECTION('',(-1.,0.,0.));
#6242=DIRECTION('',(-1.,0.,0.));
#6243=DIRECTION('',(-1.,0.,0.));
#6244=DIRECTION('',(-1.,0.,0.));
#6245=DIRECTION('',(-1.,0.,0.));
#6246=DIRECTION('',(-1.,0.,0.));
#6247=DIRECTION('center_axis',(-1.,0.,0.));
#6248=DIRECTION('ref_axis',(0.,0.,1.));
#6249=DIRECTION('center_axis',(-1.,0.,0.));
#6250=DIRECTION('ref_axis',(0.,0.,1.));
#6251=DIRECTION('',(-1.,0.,0.));
#6252=DIRECTION('',(-1.,0.,0.));
#6253=DIRECTION('',(-1.,0.,0.));
#6254=DIRECTION('center_axis',(1.,0.,0.));
#6255=DIRECTION('ref_axis',(0.,0.984832021479604,0.173510488064545));
#6256=DIRECTION('',(-1.,0.,0.));
#6257=DIRECTION('center_axis',(0.,-0.268654582417273,-0.963236583268202));
#6258=DIRECTION('ref_axis',(0.,0.963236583268202,-0.268654582417274));
#6259=DIRECTION('',(0.,-0.963236583268202,0.268654582417273));
#6260=DIRECTION('',(-1.,0.,0.));
#6261=DIRECTION('center_axis',(1.,0.,0.));
#6262=DIRECTION('ref_axis',(0.,0.993761875058086,0.111522803412746));
#6263=DIRECTION('',(-1.,0.,0.));
#6264=DIRECTION('center_axis',(0.,-0.470489350658696,0.882405672532061));
#6265=DIRECTION('ref_axis',(0.,-0.882405672532061,-0.470489350658696));
#6266=DIRECTION('',(0.,0.882405672532061,0.470489350658696));
#6267=DIRECTION('',(-1.,0.,0.));
#6268=DIRECTION('center_axis',(-1.,0.,0.));
#6269=DIRECTION('ref_axis',(0.,0.999996601613243,-0.0026070600235157));
#6270=DIRECTION('',(-1.,0.,0.));
#6271=DIRECTION('',(-1.,0.,0.));
#6272=DIRECTION('',(-1.,0.,0.));
#6273=DIRECTION('center_axis',(-1.,0.,0.));
#6274=DIRECTION('ref_axis',(0.,0.37840972408735,-0.925638201845697));
#6275=DIRECTION('',(-1.,0.,0.));
#6276=DIRECTION('center_axis',(0.,-0.0323909156669523,-0.999475276623817));
#6277=DIRECTION('ref_axis',(0.,0.999475276623817,-0.0323909156669523));
#6278=DIRECTION('',(0.,-0.999475276623817,0.0323909156669523));
#6279=DIRECTION('',(-1.,0.,0.));
#6280=DIRECTION('center_axis',(-1.,0.,0.));
#6281=DIRECTION('ref_axis',(0.,0.998640206325027,-0.0521319317799295));
#6282=DIRECTION('',(-1.,0.,0.));
#6283=DIRECTION('center_axis',(0.,0.0533851875869698,0.998573994126777));
#6284=DIRECTION('ref_axis',(0.,-0.998573994126777,0.0533851875869698));
#6285=DIRECTION('',(0.,0.998573994126777,-0.0533851875869698));
#6286=DIRECTION('',(-1.,0.,0.));
#6287=DIRECTION('center_axis',(1.,0.,0.));
#6288=DIRECTION('ref_axis',(0.,0.999924118505302,-0.0123189785044904));
#6289=DIRECTION('',(-1.,0.,0.));
#6290=DIRECTION('',(-1.,0.,0.));
#6291=DIRECTION('',(-1.,0.,0.));
#6292=DIRECTION('center_axis',(0.,0.00262741335047755,-0.999996548343586));
#6293=DIRECTION('ref_axis',(0.,0.999996548343586,0.00262741335047755));
#6294=DIRECTION('',(0.,-0.999996548343586,-0.00262741335047755));
#6295=DIRECTION('',(-1.,0.,0.));
#6296=DIRECTION('',(-1.,0.,0.));
#6297=DIRECTION('',(-1.,0.,0.));
#6298=DIRECTION('center_axis',(0.,0.0155235638645952,-0.999879502222614));
#6299=DIRECTION('ref_axis',(0.,0.999879502222614,0.0155235638645952));
#6300=DIRECTION('',(0.,-0.999879502222614,-0.0155235638645952));
#6301=DIRECTION('',(-1.,0.,0.));
#6302=DIRECTION('center_axis',(-1.,0.,0.));
#6303=DIRECTION('ref_axis',(0.,0.999869224295847,0.0161720223231941));
#6304=DIRECTION('',(-1.,0.,0.));
#6305=DIRECTION('center_axis',(0.,-0.0411407993352072,0.999153358914466));
#6306=DIRECTION('ref_axis',(0.,-0.999153358914466,-0.0411407993352072));
#6307=DIRECTION('',(0.,0.999153358914466,0.0411407993352072));
#6308=DIRECTION('',(-1.,0.,0.));
#6309=DIRECTION('center_axis',(-1.,0.,0.));
#6310=DIRECTION('ref_axis',(0.,0.999083875449809,0.0427949741931324));
#6311=DIRECTION('',(-1.,0.,0.));
#6312=DIRECTION('',(-1.,0.,0.));
#6313=DIRECTION('',(-1.,0.,0.));
#6314=DIRECTION('',(-1.,0.,0.));
#6315=DIRECTION('center_axis',(0.,0.131828219481417,-0.991272576312065));
#6316=DIRECTION('ref_axis',(0.,0.991272576312065,0.131828219481417));
#6317=DIRECTION('',(0.,-0.991272576312065,-0.131828219481417));
#6318=DIRECTION('',(-1.,0.,0.));
#6319=DIRECTION('',(-1.,0.,0.));
#6320=DIRECTION('',(-1.,0.,0.));
#6321=DIRECTION('',(-1.,0.,0.));
#6322=DIRECTION('',(-1.,0.,0.));
#6323=DIRECTION('',(-1.,0.,0.));
#6324=DIRECTION('',(-1.,0.,0.));
#6325=DIRECTION('',(-1.,0.,0.));
#6326=DIRECTION('',(-1.,0.,0.));
#6327=DIRECTION('',(-1.,0.,0.));
#6328=DIRECTION('',(-1.,0.,0.));
#6329=DIRECTION('',(-1.,0.,0.));
#6330=DIRECTION('',(-1.,0.,0.));
#6331=DIRECTION('',(-1.,0.,0.));
#6332=DIRECTION('',(-1.,0.,0.));
#6333=DIRECTION('',(-1.,0.,0.));
#6334=DIRECTION('',(-1.,0.,0.));
#6335=DIRECTION('center_axis',(-1.,0.,0.));
#6336=DIRECTION('ref_axis',(0.,0.980062962505999,0.198687164970377));
#6337=DIRECTION('center_axis',(-1.,0.,0.));
#6338=DIRECTION('ref_axis',(0.,0.980062962505999,0.198687164970377));
#6339=DIRECTION('',(-1.,0.,0.));
#6340=DIRECTION('center_axis',(0.,-0.890716705908951,-0.454558851871468));
#6341=DIRECTION('ref_axis',(0.,0.454558851871468,-0.890716705908951));
#6342=DIRECTION('',(0.,-0.454558851871468,0.890716705908951));
#6343=DIRECTION('',(0.,-0.454558851871468,0.890716705908951));
#6344=DIRECTION('',(-1.,0.,0.));
#6345=DIRECTION('',(-1.,0.,0.));
#6346=DIRECTION('',(-1.,0.,0.));
#6347=DIRECTION('',(-1.,0.,0.));
#6348=DIRECTION('',(-1.,0.,0.));
#6349=DIRECTION('center_axis',(0.,-0.0323909182227623,-0.999475276540989));
#6350=DIRECTION('ref_axis',(0.,0.999475276540989,-0.0323909182227623));
#6351=DIRECTION('',(0.,-0.999475276540989,0.0323909182227623));
#6352=DIRECTION('',(0.,-0.999475276540989,0.0323909182227623));
#6353=DIRECTION('',(-1.,0.,0.));
#6354=DIRECTION('center_axis',(1.,0.,0.));
#6355=DIRECTION('ref_axis',(0.,0.999893062653388,-0.0146240643333967));
#6356=DIRECTION('center_axis',(1.,0.,0.));
#6357=DIRECTION('ref_axis',(0.,0.999893062653388,-0.0146240643333967));
#6358=DIRECTION('',(-1.,0.,0.));
#6359=DIRECTION('',(-1.,0.,0.));
#6360=DIRECTION('',(-1.,0.,0.));
#6361=DIRECTION('',(-1.,0.,0.));
#6362=DIRECTION('',(-1.,0.,0.));
#6363=DIRECTION('center_axis',(-1.,0.,0.));
#6364=DIRECTION('ref_axis',(0.,0.971897451797187,0.235404637146625));
#6365=DIRECTION('',(-1.,0.,0.));
#6366=DIRECTION('',(-1.,0.,0.));
#6367=DIRECTION('',(-1.,0.,0.));
#6368=DIRECTION('',(-1.,0.,0.));
#6369=DIRECTION('',(-1.,0.,0.));
#6370=DIRECTION('',(-1.,0.,0.));
#6371=DIRECTION('',(-1.,0.,0.));
#6372=DIRECTION('center_axis',(1.,-1.0145320845748E-12,-2.0783124722E-13));
#6373=DIRECTION('ref_axis',(1.03550564548554E-12,0.976932415579112,0.213548719009883));
#6374=DIRECTION('',(-1.,0.,0.));
#6375=DIRECTION('',(-1.,0.,0.));
#6376=DIRECTION('',(-1.,0.,0.));
#6377=DIRECTION('',(-1.,0.,0.));
#6378=DIRECTION('',(-1.,0.,0.));
#6379=DIRECTION('center_axis',(0.,-0.135299167670196,0.990804791685906));
#6380=DIRECTION('ref_axis',(0.,-0.990804791685906,-0.135299167670196));
#6381=DIRECTION('',(0.,0.990804791685906,0.135299167670196));
#6382=DIRECTION('',(-1.,0.,0.));
#6383=DIRECTION('',(-1.,0.,0.));
#6384=DIRECTION('center_axis',(1.,-8.58461835195013E-13,-8.40224834152261E-14));
#6385=DIRECTION('ref_axis',(8.62491720490907E-13,0.993760964132164,0.111530920228926));
#6386=DIRECTION('',(-1.,0.,0.));
#6387=DIRECTION('',(-1.,0.,0.));
#6388=DIRECTION('center_axis',(1.,0.,0.));
#6389=DIRECTION('ref_axis',(0.,0.9973686303478,0.0724970013045634));
#6390=DIRECTION('',(-1.,0.,0.));
#6391=DIRECTION('center_axis',(0.,0.0376411857913436,-0.999291319452051));
#6392=DIRECTION('ref_axis',(0.,0.999291319452051,0.0376411857913436));
#6393=DIRECTION('',(0.,-0.999291319452051,-0.0376411857913436));
#6394=DIRECTION('',(-1.,0.,0.));
#6395=DIRECTION('',(-1.,0.,0.));
#6396=DIRECTION('center_axis',(0.,-0.0201370526582965,0.999797228997079));
#6397=DIRECTION('ref_axis',(0.,-0.999797228997079,-0.0201370526582965));
#6398=DIRECTION('',(0.,0.999797228997079,0.0201370526582965));
#6399=DIRECTION('',(-1.,0.,0.));
#6400=DIRECTION('center_axis',(-1.,0.,0.));
#6401=DIRECTION('ref_axis',(0.,0.999790914743888,0.020448148952429));
#6402=DIRECTION('',(-1.,0.,0.));
#6403=DIRECTION('center_axis',(0.,0.505964049047203,-0.862554567011131));
#6404=DIRECTION('ref_axis',(0.,0.862554567011131,0.505964049047203));
#6405=DIRECTION('',(0.,-0.862554567011131,-0.505964049047203));
#6406=DIRECTION('',(-1.,0.,0.));
#6407=DIRECTION('center_axis',(-1.,0.,0.));
#6408=DIRECTION('ref_axis',(0.,0.995874207231316,0.0907444949922482));
#6409=DIRECTION('',(-1.,0.,0.));
#6410=DIRECTION('center_axis',(0.,0.311321230019125,0.950304736250104));
#6411=DIRECTION('ref_axis',(0.,-0.950304736250104,0.311321230019125));
#6412=DIRECTION('',(0.,0.950304736250103,-0.311321230019125));
#6413=DIRECTION('',(-1.,0.,0.));
#6414=DIRECTION('center_axis',(-1.,0.,0.));
#6415=DIRECTION('ref_axis',(0.,0.992943677199777,0.11858690445823));
#6416=DIRECTION('',(-1.,0.,0.));
#6417=DIRECTION('',(-1.,0.,0.));
#6418=DIRECTION('',(-1.,0.,0.));
#6419=DIRECTION('',(-1.,0.,0.));
#6420=DIRECTION('',(-1.,0.,0.));
#6421=DIRECTION('',(-1.,0.,0.));
#6422=DIRECTION('',(-1.,0.,0.));
#6423=DIRECTION('center_axis',(-1.,0.,0.));
#6424=DIRECTION('ref_axis',(0.,0.,1.));
#6425=DIRECTION('center_axis',(-1.,0.,0.));
#6426=DIRECTION('ref_axis',(0.,0.,1.));
#6427=DIRECTION('center_axis',(-1.,0.,0.));
#6428=DIRECTION('ref_axis',(0.,0.,1.));
#6429=DIRECTION('center_axis',(-1.,0.,0.));
#6430=DIRECTION('ref_axis',(0.,0.,1.));
#6431=DIRECTION('center_axis',(-1.,0.,0.));
#6432=DIRECTION('ref_axis',(0.,0.,1.));
#6433=DIRECTION('',(-1.,0.,0.));
#6434=DIRECTION('center_axis',(-1.,0.,0.));
#6435=DIRECTION('ref_axis',(0.,0.995797803730281,0.0915791138084969));
#6436=DIRECTION('',(-1.,0.,0.));
#6437=DIRECTION('center_axis',(0.,0.423841518096734,-0.905736367569204));
#6438=DIRECTION('ref_axis',(0.,0.905736367569204,0.423841518096734));
#6439=DIRECTION('',(0.,-0.905736367569204,-0.423841518096734));
#6440=DIRECTION('',(-1.,0.,0.));
#6441=DIRECTION('',(-1.,0.,0.));
#6442=DIRECTION('',(-1.,0.,0.));
#6443=DIRECTION('',(-1.,0.,0.));
#6444=DIRECTION('',(-1.,0.,0.));
#6445=DIRECTION('center_axis',(-1.,0.,0.));
#6446=DIRECTION('ref_axis',(0.,0.,1.));
#6447=DIRECTION('center_axis',(-1.,0.,0.));
#6448=DIRECTION('ref_axis',(0.,0.,1.));
#6449=DIRECTION('',(-1.,0.,0.));
#6450=DIRECTION('',(-1.,0.,0.));
#6451=DIRECTION('',(-1.,0.,0.));
#6452=DIRECTION('center_axis',(0.,0.156088522097873,-0.987743070473948));
#6453=DIRECTION('ref_axis',(0.,0.987743070473948,0.156088522097873));
#6454=DIRECTION('',(0.,-0.987743070473948,-0.156088522097873));
#6455=DIRECTION('',(0.,-0.987743070473948,-0.156088522097873));
#6456=DIRECTION('',(-1.,0.,0.));
#6457=DIRECTION('',(-1.,0.,0.));
#6458=DIRECTION('',(-1.,0.,0.));
#6459=DIRECTION('center_axis',(1.,0.,0.));
#6460=DIRECTION('ref_axis',(0.,0.985670529980898,0.168681967996509));
#6461=DIRECTION('',(-1.,0.,0.));
#6462=DIRECTION('',(-1.,0.,0.));
#6463=DIRECTION('',(-1.,0.,0.));
#6464=DIRECTION('',(-1.,0.,0.));
#6465=DIRECTION('center_axis',(0.,-0.15262817452958,0.988283684141233));
#6466=DIRECTION('ref_axis',(0.,-0.988283684141233,-0.15262817452958));
#6467=DIRECTION('',(0.,0.988283684141233,0.15262817452958));
#6468=DIRECTION('center_axis',(-1.,0.,0.));
#6469=DIRECTION('ref_axis',(0.,0.,1.));
#6470=DIRECTION('center_axis',(-1.,0.,0.));
#6471=DIRECTION('ref_axis',(0.,0.,1.));
#6472=DIRECTION('',(-1.,0.,0.));
#6473=DIRECTION('',(-1.,0.,0.));
#6474=DIRECTION('',(-1.,0.,0.));
#6475=DIRECTION('center_axis',(0.,0.154358603908407,-0.988014889259999));
#6476=DIRECTION('ref_axis',(0.,0.988014889259999,0.154358603908407));
#6477=DIRECTION('',(0.,-0.988014889259999,-0.154358603908407));
#6478=DIRECTION('',(0.,-0.988014889259999,-0.154358603908407));
#6479=DIRECTION('',(-1.,0.,0.));
#6480=DIRECTION('',(-1.,0.,0.));
#6481=DIRECTION('',(-1.,0.,0.));
#6482=DIRECTION('',(-1.,0.,0.));
#6483=DIRECTION('center_axis',(-1.,0.,0.));
#6484=DIRECTION('ref_axis',(0.,0.988289960588225,0.152587528325628));
#6485=DIRECTION('',(-1.,0.,0.));
#6486=DIRECTION('center_axis',(0.,0.152628178283047,-0.988283683561556));
#6487=DIRECTION('ref_axis',(0.,0.988283683561556,0.152628178283047));
#6488=DIRECTION('',(0.,-0.988283683561556,-0.152628178283047));
#6489=DIRECTION('',(-1.,0.,0.));
#6490=DIRECTION('',(-1.,0.,0.));
#6491=DIRECTION('center_axis',(-1.,0.,0.));
#6492=DIRECTION('ref_axis',(0.,0.,1.));
#6493=DIRECTION('center_axis',(-1.,0.,0.));
#6494=DIRECTION('ref_axis',(0.,0.,1.));
#6495=DIRECTION('',(-1.,0.,0.));
#6496=DIRECTION('',(-1.,0.,0.));
#6497=DIRECTION('',(-1.,0.,0.));
#6498=DIRECTION('',(-1.,0.,0.));
#6499=DIRECTION('',(-1.,0.,0.));
#6500=DIRECTION('',(-1.,0.,0.));
#6501=DIRECTION('center_axis',(0.,0.156680905102438,-0.987649276806438));
#6502=DIRECTION('ref_axis',(0.,0.987649276806438,0.156680905102438));
#6503=DIRECTION('',(0.,-0.987649276806438,-0.156680905102438));
#6504=DIRECTION('',(-1.,0.,0.));
#6505=DIRECTION('center_axis',(0.,0.986932880775692,0.16113189890209));
#6506=DIRECTION('ref_axis',(0.,-0.16113189890209,0.986932880775692));
#6507=DIRECTION('',(0.,0.16113189890209,-0.986932880775692));
#6508=DIRECTION('',(-1.,0.,0.));
#6509=DIRECTION('',(-1.,0.,0.));
#6510=DIRECTION('',(-1.,0.,0.));
#6511=DIRECTION('',(-1.,0.,0.));
#6512=DIRECTION('',(-1.,0.,0.));
#6513=DIRECTION('',(-1.,0.,0.));
#6514=DIRECTION('center_axis',(0.,-0.987899275288879,-0.155096814550485));
#6515=DIRECTION('ref_axis',(0.,0.155096814550485,-0.987899275288879));
#6516=DIRECTION('',(0.,-0.155096814550485,0.987899275288879));
#6517=DIRECTION('',(-1.,0.,0.));
#6518=DIRECTION('center_axis',(0.,0.157723041195505,-0.987483388354478));
#6519=DIRECTION('ref_axis',(0.,0.987483388354478,0.157723041195505));
#6520=DIRECTION('',(0.,-0.987483388354478,-0.157723041195505));
#6521=DIRECTION('',(-1.,0.,0.));
#6522=DIRECTION('center_axis',(0.,0.987799016294653,0.155734079145559));
#6523=DIRECTION('ref_axis',(0.,-0.155734079145559,0.987799016294653));
#6524=DIRECTION('',(0.,0.155734079145559,-0.987799016294653));
#6525=DIRECTION('',(-1.,0.,0.));
#6526=DIRECTION('',(-1.,0.,0.));
#6527=DIRECTION('',(-1.,0.,0.));
#6528=DIRECTION('',(-1.,0.,0.));
#6529=DIRECTION('',(-1.,0.,0.));
#6530=DIRECTION('center_axis',(0.,-0.988715504224804,-0.149805379427748));
#6531=DIRECTION('ref_axis',(0.,0.149805379427748,-0.988715504224804));
#6532=DIRECTION('',(0.,-0.149805379427748,0.988715504224804));
#6533=DIRECTION('',(-1.,0.,0.));
#6534=DIRECTION('center_axis',(0.,0.156680905102436,-0.987649276806439));
#6535=DIRECTION('ref_axis',(0.,0.987649276806439,0.156680905102436));
#6536=DIRECTION('',(0.,-0.987649276806439,-0.156680905102436));
#6537=DIRECTION('',(-1.,0.,0.));
#6538=DIRECTION('',(-1.,0.,0.));
#6539=DIRECTION('',(-1.,0.,0.));
#6540=DIRECTION('',(-1.,0.,0.));
#6541=DIRECTION('',(-1.,0.,0.));
#6542=DIRECTION('center_axis',(0.,-0.164398987305386,0.986393923832139));
#6543=DIRECTION('ref_axis',(0.,-0.986393923832139,-0.164398987305386));
#6544=DIRECTION('',(0.,0.986393923832139,0.164398987305386));
#6545=DIRECTION('center_axis',(-1.,3.24337123919043E-12,1.20948925536685E-12));
#6546=DIRECTION('ref_axis',(-3.24337123919043E-12,-1.,-2.72746959912249E-40));
#6547=DIRECTION('',(-1.,0.,0.));
#6548=DIRECTION('',(-1.,0.,0.));
#6549=DIRECTION('',(-1.,0.,0.));
#6550=DIRECTION('',(-1.,0.,0.));
#6551=DIRECTION('center_axis',(-1.,0.,0.));
#6552=DIRECTION('ref_axis',(0.,0.,1.));
#6553=DIRECTION('',(-1.,0.,0.));
#6554=DIRECTION('',(-1.,0.,0.));
#6555=DIRECTION('',(-1.,0.,0.));
#6556=DIRECTION('',(-1.,0.,0.));
#6557=DIRECTION('',(-1.,0.,0.));
#6558=DIRECTION('',(-1.,0.,0.));
#6559=DIRECTION('',(-1.,0.,0.));
#6560=DIRECTION('',(-1.,0.,0.));
#6561=DIRECTION('center_axis',(-1.,0.,0.));
#6562=DIRECTION('ref_axis',(0.,0.,1.));
#6563=DIRECTION('center_axis',(0.,-0.0537416684765078,0.9985548723377));
#6564=DIRECTION('ref_axis',(0.,-0.9985548723377,-0.0537416684765078));
#6565=DIRECTION('',(-1.,0.,0.));
#6566=DIRECTION('',(0.,0.9985548723377,0.0537416684765078));
#6567=DIRECTION('',(-1.,0.,0.));
#6568=DIRECTION('center_axis',(0.,-0.998533912634993,-0.0541297082742177));
#6569=DIRECTION('ref_axis',(0.,0.0541297082742177,-0.998533912634993));
#6570=DIRECTION('',(0.,-0.0541297082742177,0.998533912634993));
#6571=DIRECTION('',(-1.,0.,0.));
#6572=DIRECTION('center_axis',(0.,0.054113633463347,-0.998534783907599));
#6573=DIRECTION('ref_axis',(0.,0.998534783907599,0.054113633463347));
#6574=DIRECTION('',(0.,-0.998534783907599,-0.054113633463347));
#6575=DIRECTION('',(-1.,0.,0.));
#6576=DIRECTION('center_axis',(0.,0.99850798449248,0.0546059054019346));
#6577=DIRECTION('ref_axis',(0.,-0.0546059054019346,0.99850798449248));
#6578=DIRECTION('',(0.,0.0546059054019346,-0.99850798449248));
#6579=DIRECTION('',(-1.,0.,0.));
#6580=DIRECTION('center_axis',(0.,-0.0541614559020414,0.998532191115825));
#6581=DIRECTION('ref_axis',(0.,-0.998532191115825,-0.0541614559020414));
#6582=DIRECTION('',(0.,0.998532191115825,0.0541614559020414));
#6583=DIRECTION('',(-1.,0.,0.));
#6584=DIRECTION('center_axis',(0.,0.99854052451061,0.0540076004843465));
#6585=DIRECTION('ref_axis',(0.,-0.0540076004843465,0.99854052451061));
#6586=DIRECTION('',(0.,0.0540076004843465,-0.998540524510609));
#6587=DIRECTION('center_axis',(-1.,0.,0.));
#6588=DIRECTION('ref_axis',(0.,0.,1.));
#6589=DIRECTION('center_axis',(0.,0.0156230930005421,0.999877952034695));
#6590=DIRECTION('ref_axis',(0.,-0.999877952034695,0.0156230930005421));
#6591=DIRECTION('',(-1.,0.,0.));
#6592=DIRECTION('',(0.,0.999877952034695,-0.0156230930005421));
#6593=DIRECTION('',(-1.,0.,0.));
#6594=DIRECTION('center_axis',(0.,-0.999877952034695,0.0156230930005408));
#6595=DIRECTION('ref_axis',(0.,-0.0156230930005408,-0.999877952034695));
#6596=DIRECTION('',(0.,0.0156230930005408,0.999877952034695));
#6597=DIRECTION('',(-1.,0.,0.));
#6598=DIRECTION('center_axis',(0.,-0.0156230930005419,-0.999877952034695));
#6599=DIRECTION('ref_axis',(0.,0.999877952034695,-0.0156230930005419));
#6600=DIRECTION('',(0.,-0.999877952034695,0.0156230930005418));
#6601=DIRECTION('',(-1.,0.,0.));
#6602=DIRECTION('center_axis',(0.,0.999877952034695,-0.0156230930005444));
#6603=DIRECTION('ref_axis',(0.,0.0156230930005444,0.999877952034695));
#6604=DIRECTION('',(0.,-0.0156230930005444,-0.999877952034695));
#6605=DIRECTION('',(-1.,0.,0.));
#6606=DIRECTION('center_axis',(0.,-0.0156230930005421,-0.999877952034695));
#6607=DIRECTION('ref_axis',(0.,0.999877952034695,-0.0156230930005421));
#6608=DIRECTION('',(0.,-0.999877952034695,0.0156230930005421));
#6609=DIRECTION('',(-1.,0.,0.));
#6610=DIRECTION('center_axis',(0.,-0.999877952034695,0.0156230930005444));
#6611=DIRECTION('ref_axis',(0.,-0.0156230930005444,-0.999877952034695));
#6612=DIRECTION('',(0.,0.0156230930005444,0.999877952034695));
#6613=DIRECTION('',(-1.,0.,0.));
#6614=DIRECTION('center_axis',(0.,-0.0156230930005421,-0.999877952034695));
#6615=DIRECTION('ref_axis',(0.,0.999877952034695,-0.0156230930005421));
#6616=DIRECTION('',(0.,-0.999877952034695,0.0156230930005421));
#6617=DIRECTION('',(-1.,0.,0.));
#6618=DIRECTION('',(-1.,0.,0.));
#6619=DIRECTION('',(-1.,0.,0.));
#6620=DIRECTION('center_axis',(0.,0.9998803008932,-0.0154720356037572));
#6621=DIRECTION('ref_axis',(0.,0.0154720356037572,0.9998803008932));
#6622=DIRECTION('',(0.,-0.0154720356037572,-0.9998803008932));
#6623=DIRECTION('',(-1.,0.,0.));
#6624=DIRECTION('center_axis',(0.,0.015623093000542,0.999877952034695));
#6625=DIRECTION('ref_axis',(0.,-0.999877952034695,0.015623093000542));
#6626=DIRECTION('',(0.,0.999877952034695,-0.015623093000542));
#6627=DIRECTION('',(-1.,0.,0.));
#6628=DIRECTION('center_axis',(0.,0.999877952034695,-0.0156230930005444));
#6629=DIRECTION('ref_axis',(0.,0.0156230930005444,0.999877952034695));
#6630=DIRECTION('',(0.,-0.0156230930005444,-0.999877952034695));
#6631=DIRECTION('center_axis',(1.,4.3016579774359E-13,-1.661304134691E-14));
#6632=DIRECTION('ref_axis',(-4.3016579774359E-13,1.,1.67369429351024E-43));
#6633=DIRECTION('center_axis',(0.,0.0906067846312124,0.995886745859585));
#6634=DIRECTION('ref_axis',(0.,-0.995886745859585,0.0906067846312124));
#6635=DIRECTION('',(-1.,0.,0.));
#6636=DIRECTION('',(0.,0.995886745859585,-0.0906067846312123));
#6637=DIRECTION('',(-1.,0.,0.));
#6638=DIRECTION('center_axis',(0.,-0.995918677145722,0.0902551301163291));
#6639=DIRECTION('ref_axis',(0.,-0.0902551301163291,-0.995918677145722));
#6640=DIRECTION('',(0.,0.0902551301163291,0.995918677145722));
#6641=DIRECTION('',(-1.,0.,0.));
#6642=DIRECTION('center_axis',(0.,-0.0906799073118785,-0.995880090377305));
#6643=DIRECTION('ref_axis',(0.,0.995880090377305,-0.0906799073118785));
#6644=DIRECTION('',(0.,-0.995880090377305,0.0906799073118785));
#6645=DIRECTION('',(-1.,0.,0.));
#6646=DIRECTION('center_axis',(0.,-0.338697819177957,0.940895205261508));
#6647=DIRECTION('ref_axis',(0.,-0.940895205261508,-0.338697819177957));
#6648=DIRECTION('',(0.,0.940895205261508,0.338697819177957));
#6649=DIRECTION('',(-1.,0.,0.));
#6650=DIRECTION('center_axis',(0.,-0.996037705314463,0.0889319379744871));
#6651=DIRECTION('ref_axis',(0.,-0.0889319379744871,-0.996037705314463));
#6652=DIRECTION('',(0.,0.0889319379744871,0.996037705314463));
#6653=DIRECTION('',(-1.,0.,0.));
#6654=DIRECTION('center_axis',(0.,-0.500879370683468,-0.865517103253156));
#6655=DIRECTION('ref_axis',(0.,0.865517103253156,-0.500879370683468));
#6656=DIRECTION('',(0.,-0.865517103253156,0.500879370683467));
#6657=DIRECTION('',(-1.,0.,0.));
#6658=DIRECTION('center_axis',(0.,0.0906799073118785,0.995880090377305));
#6659=DIRECTION('ref_axis',(0.,-0.995880090377305,0.0906799073118784));
#6660=DIRECTION('',(0.,0.995880090377305,-0.0906799073118785));
#6661=DIRECTION('',(-1.,0.,0.));
#6662=DIRECTION('center_axis',(0.,-0.995918677145722,0.090255130116329));
#6663=DIRECTION('ref_axis',(0.,-0.090255130116329,-0.995918677145722));
#6664=DIRECTION('',(0.,0.090255130116329,0.995918677145722));
#6665=DIRECTION('',(-1.,0.,0.));
#6666=DIRECTION('center_axis',(0.,-0.0906067846312121,-0.995886745859585));
#6667=DIRECTION('ref_axis',(0.,0.995886745859585,-0.0906067846312121));
#6668=DIRECTION('',(0.,-0.995886745859585,0.0906067846312121));
#6669=DIRECTION('',(-1.,0.,0.));
#6670=DIRECTION('center_axis',(0.,0.995884357743716,-0.0906330293071221));
#6671=DIRECTION('ref_axis',(0.,0.0906330293071221,0.995884357743716));
#6672=DIRECTION('',(0.,-0.0906330293071221,-0.995884357743716));
#6673=DIRECTION('',(-1.,0.,0.));
#6674=DIRECTION('center_axis',(0.,0.506247341562714,0.862388328516038));
#6675=DIRECTION('ref_axis',(0.,-0.862388328516037,0.506247341562714));
#6676=DIRECTION('',(0.,0.862388328516037,-0.506247341562714));
#6677=DIRECTION('',(-1.,0.,0.));
#6678=DIRECTION('center_axis',(0.,0.330451240868656,-0.943823064672805));
#6679=DIRECTION('ref_axis',(0.,0.943823064672805,0.330451240868656));
#6680=DIRECTION('',(0.,-0.943823064672805,-0.330451240868656));
#6681=DIRECTION('',(-1.,0.,0.));
#6682=DIRECTION('center_axis',(0.,0.995838364631516,-0.0911369931917213));
#6683=DIRECTION('ref_axis',(0.,0.0911369931917214,0.995838364631516));
#6684=DIRECTION('',(0.,-0.0911369931917213,-0.995838364631516));
#6685=DIRECTION('center_axis',(-1.,0.,0.));
#6686=DIRECTION('ref_axis',(0.,0.,1.));
#6687=DIRECTION('',(-1.,0.,0.));
#6688=DIRECTION('',(-1.,0.,0.));
#6689=DIRECTION('',(-1.,0.,0.));
#6690=DIRECTION('',(-1.,0.,0.));
#6691=DIRECTION('',(-1.,0.,0.));
#6692=DIRECTION('center_axis',(0.,-0.156209385929012,-0.98772396333575));
#6693=DIRECTION('ref_axis',(0.,0.98772396333575,-0.156209385929012));
#6694=DIRECTION('',(0.,-0.987723963335749,0.156209385929012));
#6695=DIRECTION('',(-1.,0.,0.));
#6696=DIRECTION('center_axis',(0.,0.989090177881806,-0.147311303088855));
#6697=DIRECTION('ref_axis',(0.,0.147311303088855,0.989090177881806));
#6698=DIRECTION('',(0.,-0.147311303088855,-0.989090177881806));
#6699=DIRECTION('',(-1.,0.,0.));
#6700=DIRECTION('',(-1.,0.,0.));
#6701=DIRECTION('',(-1.,0.,0.));
#6702=DIRECTION('',(-1.,0.,0.));
#6703=DIRECTION('',(-1.,0.,0.));
#6704=DIRECTION('',(-1.,0.,0.));
#6705=DIRECTION('',(-1.,0.,0.));
#6706=DIRECTION('',(-1.,0.,0.));
#6707=DIRECTION('center_axis',(0.,0.155962573473011,0.987762965329069));
#6708=DIRECTION('ref_axis',(0.,-0.987762965329069,0.155962573473011));
#6709=DIRECTION('',(0.,0.987762965329069,-0.155962573473011));
#6710=DIRECTION('',(-1.,0.,0.));
#6711=DIRECTION('center_axis',(0.,-0.989090177881806,0.147311303088855));
#6712=DIRECTION('ref_axis',(0.,-0.147311303088855,-0.989090177881806));
#6713=DIRECTION('',(0.,0.147311303088855,0.989090177881806));
#6714=DIRECTION('',(-1.,0.,0.));
#6715=DIRECTION('',(-1.,0.,0.));
#6716=DIRECTION('',(-1.,0.,0.));
#6717=DIRECTION('',(-1.,0.,0.));
#6718=DIRECTION('center_axis',(-1.,-6.34547171115783E-12,-9.86108118320504E-13));
#6719=DIRECTION('ref_axis',(6.34547171115783E-12,-1.,3.11875628305371E-40));
#6720=CARTESIAN_POINT('',(0.,0.,0.));
#6721=CARTESIAN_POINT('Origin',(0.26,-8.24908526002256E-34,-1.72563323017097E-33));
#6722=CARTESIAN_POINT('',(0.26,0.451,-7.84451505913863E-18));
#6723=CARTESIAN_POINT('',(0.26,-0.451,7.84451505913863E-18));
#6724=CARTESIAN_POINT('Origin',(0.26,-8.24908526002256E-34,-1.72563323017097E-33));
#6725=CARTESIAN_POINT('Origin',(0.26,-8.24908526002256E-34,-1.72563323017097E-33));
#6726=CARTESIAN_POINT('',(0.25,-0.461,8.01845109149204E-18));
#6727=CARTESIAN_POINT('',(0.26,-0.451,7.84451505913863E-18));
#6728=CARTESIAN_POINT('Origin',(0.25,-9.42752601145435E-34,-1.97215226305253E-33));
#6729=CARTESIAN_POINT('Origin',(0.33,0.,0.));
#6730=CARTESIAN_POINT('',(0.32,-0.0251079634910394,0.450300555373111));
#6731=CARTESIAN_POINT('',(0.32,-0.0251079634910392,-0.450300555373111));
#6732=CARTESIAN_POINT('Origin',(0.32,-1.17844075143181E-34,-2.4651903288157E-34));
#6733=CARTESIAN_POINT('',(0.329994587501893,-0.0150000000000002,0.460750485302013));
#6734=CARTESIAN_POINT('Ctrl Pts',(0.32,-0.0251079634910395,0.450300555373112));
#6735=CARTESIAN_POINT('Ctrl Pts',(0.324881409312403,-0.020109368546583,
0.455468259724125));
#6736=CARTESIAN_POINT('Ctrl Pts',(0.329994587501893,-0.0150000000000003,
0.460750485302013));
#6737=CARTESIAN_POINT('',(0.33,-0.0150000000000002,0.460755900667588));
#6738=CARTESIAN_POINT('',(0.33,-0.0150000000000002,0.460755900667588));
#6739=CARTESIAN_POINT('',(0.33,-0.0150000000000001,-0.460755900667588));
#6740=CARTESIAN_POINT('Origin',(0.33,0.,0.));
#6741=CARTESIAN_POINT('',(0.329994587501893,-0.0150000000000001,-0.460750485302013));
#6742=CARTESIAN_POINT('',(0.329994587501893,-0.0150000000000001,-0.460750485302013));
#6743=CARTESIAN_POINT('Ctrl Pts',(0.32,-0.0251079634910392,-0.450300555373111));
#6744=CARTESIAN_POINT('Ctrl Pts',(0.324881409312403,-0.0201093685465827,
-0.455468259724125));
#6745=CARTESIAN_POINT('Ctrl Pts',(0.329994587501893,-0.0150000000000001,
-0.460750485302013));
#6746=CARTESIAN_POINT('Origin',(0.25,-9.42752601145435E-34,-1.97215226305253E-33));
#6747=CARTESIAN_POINT('',(0.26,0.515,1.17180914645977E-16));
#6748=CARTESIAN_POINT('Origin',(0.26,-8.24908526002253E-34,-1.72563323017096E-33));
#6749=CARTESIAN_POINT('',(0.25,0.497679491924311,1.1323987973638E-16));
#6750=CARTESIAN_POINT('',(0.25,0.497679491924311,1.1323987973638E-16));
#6751=CARTESIAN_POINT('Origin',(0.25,-9.42752601145435E-34,-1.97215226305253E-33));
#6752=CARTESIAN_POINT('Origin',(0.312679491924311,-2.04111925518952E-34,
-4.26983489983618E-34));
#6753=CARTESIAN_POINT('',(0.33,0.016,-0.504746471012924));
#6754=CARTESIAN_POINT('',(0.33,0.0159999999999999,0.504746471012924));
#6755=CARTESIAN_POINT('Origin',(0.33,0.,0.));
#6756=CARTESIAN_POINT('',(0.312679491924311,0.016,-0.514751396306994));
#6757=CARTESIAN_POINT('',(0.312679491924311,0.016,-0.514751396306994));
#6758=CARTESIAN_POINT('',(0.312679491924311,0.515,1.17180914645977E-16));
#6759=CARTESIAN_POINT('Origin',(0.312679491924311,-2.04111925518952E-34,
-4.26983489983618E-34));
#6760=CARTESIAN_POINT('',(0.312679491924311,0.0159999999999999,0.514751396306994));
#6761=CARTESIAN_POINT('Origin',(0.312679491924311,-2.04111925518952E-34,
-4.26983489983618E-34));
#6762=CARTESIAN_POINT('',(0.33,0.0159999999999999,0.504746471012924));
#6763=CARTESIAN_POINT('Origin',(0.25,-9.42752601145435E-34,-1.97215226305253E-33));
#6764=CARTESIAN_POINT('',(0.32,0.451,1.02618626223953E-16));
#6765=CARTESIAN_POINT('',(0.25,0.451,1.02618626223953E-16));
#6766=CARTESIAN_POINT('',(0.32,0.0261072069892378,0.450243727044832));
#6767=CARTESIAN_POINT('Origin',(0.32,-1.17844075143181E-34,-2.4651903288157E-34));
#6768=CARTESIAN_POINT('',(0.295,0.0261072069892378,0.450243727044832));
#6769=CARTESIAN_POINT('',(0.25,0.0261072069892378,0.450243727044832));
#6770=CARTESIAN_POINT('',(0.295,-0.0251079634910394,0.450300555373111));
#6771=CARTESIAN_POINT('Origin',(0.295,-4.12454263001128E-34,-8.62816615085483E-34));
#6772=CARTESIAN_POINT('',(0.25,-0.0251079634910394,0.450300555373111));
#6773=CARTESIAN_POINT('',(0.295,-0.0251079634910392,-0.450300555373111));
#6774=CARTESIAN_POINT('',(0.25,-0.0251079634910392,-0.450300555373111));
#6775=CARTESIAN_POINT('',(0.295,0.0261072069892374,-0.450243727044832));
#6776=CARTESIAN_POINT('Origin',(0.295,-4.12454263001128E-34,-8.62816615085483E-34));
#6777=CARTESIAN_POINT('',(0.32,0.0261072069892374,-0.450243727044832));
#6778=CARTESIAN_POINT('',(0.25,0.0261072069892374,-0.450243727044832));
#6779=CARTESIAN_POINT('Origin',(0.32,-1.17844075143181E-34,-2.4651903288157E-34));
#6780=CARTESIAN_POINT('Origin',(0.25,-9.42752601145435E-34,-1.97215226305253E-33));
#6781=CARTESIAN_POINT('',(0.312679491924311,-0.0150000000000001,-0.51478150704935));
#6782=CARTESIAN_POINT('',(0.312679491924311,-0.0150000000000002,0.51478150704935));
#6783=CARTESIAN_POINT('Origin',(0.312679491924311,-2.04111925518952E-34,
-4.26983489983618E-34));
#6784=CARTESIAN_POINT('',(0.305,-0.0150000000000002,0.51478150704935));
#6785=CARTESIAN_POINT('',(0.305,-0.0150000000000002,0.51478150704935));
#6786=CARTESIAN_POINT('',(0.305,0.0159999999999999,0.514751396306994));
#6787=CARTESIAN_POINT('Origin',(0.305,-2.94610187857948E-34,-6.16297582203915E-34));
#6788=CARTESIAN_POINT('',(0.305,0.0159999999999999,0.514751396306994));
#6789=CARTESIAN_POINT('',(0.25,0.515,1.17180914645977E-16));
#6790=CARTESIAN_POINT('',(0.305,0.016,-0.514751396306994));
#6791=CARTESIAN_POINT('',(0.305,0.016,-0.514751396306994));
#6792=CARTESIAN_POINT('',(0.305,-0.0150000000000001,-0.51478150704935));
#6793=CARTESIAN_POINT('Origin',(0.305,-2.94610187857948E-34,-6.16297582203915E-34));
#6794=CARTESIAN_POINT('',(0.305,-0.0150000000000001,-0.51478150704935));
#6795=CARTESIAN_POINT('Origin',(0.33,1.1385677699306,6.64292488574813E-18));
#6796=CARTESIAN_POINT('',(0.33,0.0159999999999999,0.460722259067218));
#6797=CARTESIAN_POINT('',(0.33,0.0159999999999999,9.36953359676686E-19));
#6798=CARTESIAN_POINT('',(0.33,0.016,-0.460722259067218));
#6799=CARTESIAN_POINT('Origin',(0.33,0.,0.));
#6800=CARTESIAN_POINT('',(0.33,0.0159999999999999,-1.11306479346447E-16));
#6801=CARTESIAN_POINT('Origin',(0.33,1.1385677699306,6.64292488574813E-18));
#6802=CARTESIAN_POINT('',(0.33,-0.0150000000000001,-0.504777178564959));
#6803=CARTESIAN_POINT('',(0.33,-0.0150000000000001,7.87087100748067E-19));
#6804=CARTESIAN_POINT('',(0.33,-0.0150000000000002,0.504777178564959));
#6805=CARTESIAN_POINT('',(0.33,-0.0150000000000001,-2.29914452547765E-16));
#6806=CARTESIAN_POINT('Origin',(0.33,0.,0.));
#6807=CARTESIAN_POINT('Origin',(0.25,1.1385677699306,6.64292488574813E-18));
#6808=CARTESIAN_POINT('Origin',(0.305,-0.0150000000000001,-2.29914452547765E-16));
#6809=CARTESIAN_POINT('',(0.304994587501893,-0.0150000000000002,0.460750485302013));
#6810=CARTESIAN_POINT('',(0.305,-0.0150000000000002,0.460750485302013));
#6811=CARTESIAN_POINT('',(0.305,-0.0150000000000002,0.460755900667588));
#6812=CARTESIAN_POINT('',(0.304994587501893,-0.0150000000000002,0.460750485302013));
#6813=CARTESIAN_POINT('',(0.305,-0.0150000000000001,-2.29914452547765E-16));
#6814=CARTESIAN_POINT('',(0.312679491924311,-0.0150000000000002,0.51478150704935));
#6815=CARTESIAN_POINT('Origin',(0.305,0.0159999999999999,9.36953359676685E-19));
#6816=CARTESIAN_POINT('',(0.305,0.0159999999999999,0.460722259067217));
#6817=CARTESIAN_POINT('',(0.304993841540095,0.0159999999999999,0.460716096894708));
#6818=CARTESIAN_POINT('',(0.305,0.0159999999999999,0.460722259067217));
#6819=CARTESIAN_POINT('',(0.329993841540095,0.0159999999999999,0.460716096894708));
#6820=CARTESIAN_POINT('',(0.33,0.0159999999999999,0.460716096894708));
#6821=CARTESIAN_POINT('',(0.329993841540095,0.0159999999999999,0.460716096894708));
#6822=CARTESIAN_POINT('',(0.305,0.0159999999999999,9.36953359676685E-19));
#6823=CARTESIAN_POINT('Origin',(0.305,1.1385677699306,6.64292488574813E-18));
#6824=CARTESIAN_POINT('Origin',(0.305,-2.94610187857948E-34,-6.16297582203915E-34));
#6825=CARTESIAN_POINT('Origin',(0.305,0.0159999999999999,-1.11306479346447E-16));
#6826=CARTESIAN_POINT('',(0.329993841540094,0.016,-0.460716096894708));
#6827=CARTESIAN_POINT('',(0.33,0.016,-0.460722259067218));
#6828=CARTESIAN_POINT('',(0.304993841540094,0.016,-0.460716096894708));
#6829=CARTESIAN_POINT('',(0.305,0.016,-0.460716096894708));
#6830=CARTESIAN_POINT('',(0.305,0.016,-0.460722259067217));
#6831=CARTESIAN_POINT('',(0.304993841540094,0.016,-0.460716096894708));
#6832=CARTESIAN_POINT('',(0.305,0.0159999999999999,-1.11306479346447E-16));
#6833=CARTESIAN_POINT('Origin',(0.305,-0.0150000000000001,7.87087100748066E-19));
#6834=CARTESIAN_POINT('',(0.305,-0.0150000000000001,-0.460755900667588));
#6835=CARTESIAN_POINT('',(0.305,-0.0150000000000001,7.87087100748066E-19));
#6836=CARTESIAN_POINT('',(0.304994587501893,-0.0150000000000001,-0.460750485302013));
#6837=CARTESIAN_POINT('',(0.305,-0.0150000000000001,-0.460755900667588));
#6838=CARTESIAN_POINT('',(0.305,-0.0150000000000001,-0.460750485302013));
#6839=CARTESIAN_POINT('',(0.33,-0.0150000000000001,-0.504777178564959));
#6840=CARTESIAN_POINT('Origin',(0.305,1.1385677699306,6.64292488574813E-18));
#6841=CARTESIAN_POINT('Origin',(0.305,-2.94610187857948E-34,-6.16297582203915E-34));
#6842=CARTESIAN_POINT('Origin',(0.312679491924311,-2.04111925518952E-34,
-4.26983489983618E-34));
#6843=CARTESIAN_POINT('Origin',(0.25,0.0159999999999999,0.460716096894708));
#6844=CARTESIAN_POINT('Ctrl Pts',(0.294999999999986,0.0261072069892518,
0.450243727044818));
#6845=CARTESIAN_POINT('Ctrl Pts',(0.299880787220806,0.0211089820621462,
0.455422532632282));
#6846=CARTESIAN_POINT('Ctrl Pts',(0.304993841540095,0.016,0.460716096894708));
#6847=CARTESIAN_POINT('Ctrl Pts',(0.329993841540095,0.016,0.460716096894708));
#6848=CARTESIAN_POINT('Ctrl Pts',(0.324880787220813,0.021108982062139,0.455422532632289));
#6849=CARTESIAN_POINT('Ctrl Pts',(0.32,0.0261072069892379,0.450243727044832));
#6850=CARTESIAN_POINT('Origin',(0.33,0.,0.));
#6851=CARTESIAN_POINT('Ctrl Pts',(0.329993841540094,0.016,-0.460716096894708));
#6852=CARTESIAN_POINT('Ctrl Pts',(0.324880787220813,0.0211089820621388,
-0.455422532632289));
#6853=CARTESIAN_POINT('Ctrl Pts',(0.32,0.0261072069892374,-0.450243727044832));
#6854=CARTESIAN_POINT('Origin',(0.305,-2.94610187857948E-34,-6.16297582203916E-34));
#6855=CARTESIAN_POINT('Ctrl Pts',(0.294999999999975,-0.0251079634910654,
0.450300555373085));
#6856=CARTESIAN_POINT('Ctrl Pts',(0.299881409312389,-0.0201093685465962,
0.455468259724111));
#6857=CARTESIAN_POINT('Ctrl Pts',(0.304994587501893,-0.0150000000000003,
0.460750485302013));
#6858=CARTESIAN_POINT('Origin',(0.25,0.0261072069892374,-0.450243727044832));
#6859=CARTESIAN_POINT('Ctrl Pts',(0.304993841540094,0.0159999999999999,
-0.460716096894708));
#6860=CARTESIAN_POINT('Ctrl Pts',(0.299880787220595,0.0211089820623565,
-0.455422532632063));
#6861=CARTESIAN_POINT('Ctrl Pts',(0.294999999999584,0.0261072069896635,
-0.45024372704439));
#6862=CARTESIAN_POINT('Origin',(0.25,-0.0251079634910394,0.450300555373111));
#6863=CARTESIAN_POINT('Origin',(0.305,-2.94610187857948E-34,-6.16297582203916E-34));
#6864=CARTESIAN_POINT('Ctrl Pts',(0.304994587501893,-0.0150000000000002,
-0.460750485302013));
#6865=CARTESIAN_POINT('Ctrl Pts',(0.299881409312178,-0.020109368546807,
-0.455468259723893));
#6866=CARTESIAN_POINT('Ctrl Pts',(0.294999999999571,-0.025107963491478,
-0.450300555372658));
#6867=CARTESIAN_POINT('Origin',(0.25,-0.0150000000000001,-0.460750485302013));
#6868=CARTESIAN_POINT('Origin',(0.312679491924311,0.,0.));
#6869=CARTESIAN_POINT('',(0.312679491924311,-6.33754718558755E-17,0.5175));
#6870=CARTESIAN_POINT('Origin',(0.312679491924311,0.,0.));
#6871=CARTESIAN_POINT('',(0.33,-6.46001186550229E-17,0.5275));
#6872=CARTESIAN_POINT('',(0.312679491924311,-6.33754718558755E-17,0.5175));
#6873=CARTESIAN_POINT('Origin',(0.33,0.,0.));
#6874=CARTESIAN_POINT('Origin',(-0.102679491924311,0.,0.));
#6875=CARTESIAN_POINT('',(-0.102679491924311,-6.33754718558755E-17,0.5175));
#6876=CARTESIAN_POINT('Origin',(-0.102679491924311,0.,0.));
#6877=CARTESIAN_POINT('',(-0.12,-6.21508250567282E-17,0.5075));
#6878=CARTESIAN_POINT('',(-0.102679491924311,-6.33754718558755E-17,0.5175));
#6879=CARTESIAN_POINT('Origin',(-0.12,0.,0.));
#6880=CARTESIAN_POINT('Origin',(0.33,0.,0.));
#6881=CARTESIAN_POINT('',(0.32,7.34788079488412E-17,0.6));
#6882=CARTESIAN_POINT('',(0.32,-7.34788079488412E-17,-0.6));
#6883=CARTESIAN_POINT('Origin',(0.32,0.,0.));
#6884=CARTESIAN_POINT('Origin',(0.32,0.,0.));
#6885=CARTESIAN_POINT('',(0.33,-7.22541611496938E-17,-0.59));
#6886=CARTESIAN_POINT('',(0.33,-7.22541611496938E-17,-0.59));
#6887=CARTESIAN_POINT('Origin',(0.33,0.,0.));
#6888=CARTESIAN_POINT('Origin',(0.00999999999999999,0.,0.));
#6889=CARTESIAN_POINT('',(0.01,-7.34788079488412E-17,0.6));
#6890=CARTESIAN_POINT('Origin',(0.00999999999999999,0.,0.));
#6891=CARTESIAN_POINT('',(-8.19554398099279E-18,-7.22541611496938E-17,0.59));
#6892=CARTESIAN_POINT('',(0.00999999999999999,-7.34788079488412E-17,0.6));
#6893=CARTESIAN_POINT('Origin',(0.,0.,0.));
#6894=CARTESIAN_POINT('Origin',(-0.12,0.,0.));
#6895=CARTESIAN_POINT('',(-0.11,5.78645612597124E-17,0.4725));
#6896=CARTESIAN_POINT('',(-0.11,-5.78645612597124E-17,-0.4725));
#6897=CARTESIAN_POINT('Origin',(-0.11,0.,0.));
#6898=CARTESIAN_POINT('Origin',(-0.11,0.,0.));
#6899=CARTESIAN_POINT('',(-0.12,-5.90892080588598E-17,-0.4825));
#6900=CARTESIAN_POINT('',(-0.12,-5.90892080588598E-17,-0.4825));
#6901=CARTESIAN_POINT('Origin',(-0.12,0.,0.));
#6902=CARTESIAN_POINT('Origin',(0.33,0.,0.));
#6903=CARTESIAN_POINT('',(0.06,-6.33754718558755E-17,0.5175));
#6904=CARTESIAN_POINT('Origin',(0.06,0.,0.));
#6905=CARTESIAN_POINT('',(0.33,-6.33754718558755E-17,0.5175));
#6906=CARTESIAN_POINT('Origin',(0.33,0.,0.));
#6907=CARTESIAN_POINT('',(0.03,-6.58247654541702E-17,0.5375));
#6908=CARTESIAN_POINT('Origin',(0.03,0.,0.));
#6909=CARTESIAN_POINT('',(0.06,-6.58247654541702E-17,0.5375));
#6910=CARTESIAN_POINT('',(0.33,-6.58247654541702E-17,0.5375));
#6911=CARTESIAN_POINT('Origin',(0.06,0.,0.));
#6912=CARTESIAN_POINT('Origin',(0.33,0.,0.));
#6913=CARTESIAN_POINT('',(0.03,-5.78645612597124E-17,0.4725));
#6914=CARTESIAN_POINT('',(0.33,-5.78645612597124E-17,0.4725));
#6915=CARTESIAN_POINT('Origin',(0.03,0.,0.));
#6916=CARTESIAN_POINT('Origin',(0.33,0.,0.));
#6917=CARTESIAN_POINT('',(-0.03,-6.33754718558755E-17,0.5175));
#6918=CARTESIAN_POINT('Origin',(-0.03,0.,0.));
#6919=CARTESIAN_POINT('',(0.33,-6.33754718558755E-17,0.5175));
#6920=CARTESIAN_POINT('Origin',(0.33,0.,0.));
#6921=CARTESIAN_POINT('',(0.,-6.11711076174103E-17,0.4995));
#6922=CARTESIAN_POINT('Origin',(0.,0.,0.));
#6923=CARTESIAN_POINT('',(-0.03,-6.11711076174103E-17,0.4995));
#6924=CARTESIAN_POINT('',(0.33,-6.11711076174103E-17,0.4995));
#6925=CARTESIAN_POINT('Origin',(-0.03,0.,0.));
#6926=CARTESIAN_POINT('Origin',(0.33,0.,0.));
#6927=CARTESIAN_POINT('',(0.33,-7.34788079488412E-17,0.6));
#6928=CARTESIAN_POINT('Origin',(0.,0.6,0.));
#6929=CARTESIAN_POINT('',(0.,0.572624561991354,-0.052211932602223));
#6930=CARTESIAN_POINT('',(0.,0.554226909946907,-0.0289927531646699));
#6931=CARTESIAN_POINT('Ctrl Pts',(0.,0.572624561991354,-0.052211932602223));
#6932=CARTESIAN_POINT('Ctrl Pts',(0.,0.573002189172045,-0.0481552703037331));
#6933=CARTESIAN_POINT('Ctrl Pts',(0.,0.572046161021553,-0.0364807582597142));
#6934=CARTESIAN_POINT('Ctrl Pts',(0.,0.561250798365358,-0.0295935725364412));
#6935=CARTESIAN_POINT('Ctrl Pts',(0.,0.554226909946907,-0.0289927531646699));
#6936=CARTESIAN_POINT('',(0.,0.552228127224345,-0.0290390814161245));
#6937=CARTESIAN_POINT('Ctrl Pts',(2.0488859952482E-18,0.554226909946907,
-0.0289927531646699));
#6938=CARTESIAN_POINT('Ctrl Pts',(2.0488859952482E-18,0.553560106385435,
-0.0290013992178255));
#6939=CARTESIAN_POINT('Ctrl Pts',(2.0488859952482E-18,0.552893302823962,
-0.0290100452709812));
#6940=CARTESIAN_POINT('Ctrl Pts',(2.0488859952482E-18,0.552228127226387,
-0.0290390814629057));
#6941=CARTESIAN_POINT('',(0.,0.533963356726566,-0.0428552941588834));
#6942=CARTESIAN_POINT('Ctrl Pts',(0.,0.552228127223324,-0.0290390813927339));
#6943=CARTESIAN_POINT('Ctrl Pts',(0.,0.547102963504107,-0.0293859604182564));
#6944=CARTESIAN_POINT('Ctrl Pts',(0.,0.538977761539424,-0.0327252247244342));
#6945=CARTESIAN_POINT('Ctrl Pts',(0.,0.534926222668369,-0.0399477999537324));
#6946=CARTESIAN_POINT('Ctrl Pts',(0.,0.533963356648018,-0.0428552941361822));
#6947=CARTESIAN_POINT('',(0.,0.532800840040846,-0.0484588985818758));
#6948=CARTESIAN_POINT('Ctrl Pts',(6.7805320905245E-17,0.533963356824751,
-0.0428552941872599));
#6949=CARTESIAN_POINT('Ctrl Pts',(6.7805320905245E-17,0.533435629433185,
-0.0446720065937146));
#6950=CARTESIAN_POINT('Ctrl Pts',(6.7805320905245E-17,0.533118234737016,
-0.0465654525877952));
#6951=CARTESIAN_POINT('Ctrl Pts',(6.7805320905245E-17,0.532800840040846,
-0.0484588985818758));
#6952=CARTESIAN_POINT('',(0.,0.550405495919605,-0.0715281001657941));
#6953=CARTESIAN_POINT('Ctrl Pts',(0.,0.532800840040846,-0.0484588985818758));
#6954=CARTESIAN_POINT('Ctrl Pts',(0.,0.53231001392119,-0.0539622878662066));
#6955=CARTESIAN_POINT('Ctrl Pts',(0.,0.534858318436183,-0.0653652175109645));
#6956=CARTESIAN_POINT('Ctrl Pts',(0.,0.545239206993069,-0.0707204694189222));
#6957=CARTESIAN_POINT('Ctrl Pts',(0.,0.550405495919605,-0.0715281001657941));
#6958=CARTESIAN_POINT('Ctrl Pts',(0.,0.550405495919605,-0.0715281001657941));
#6959=CARTESIAN_POINT('Ctrl Pts',(0.,0.551712427342308,-0.0716701930736296));
#6960=CARTESIAN_POINT('Ctrl Pts',(0.,0.557535857030465,-0.07150317626942));
#6961=CARTESIAN_POINT('Ctrl Pts',(0.,0.56857871665144,-0.0676269180760133));
#6962=CARTESIAN_POINT('Ctrl Pts',(0.,0.572139166619366,-0.0574286778323737));
#6963=CARTESIAN_POINT('Ctrl Pts',(0.,0.572624561991354,-0.052211932602223));
#6964=CARTESIAN_POINT('',(0.,-0.552888489608477,-0.0450770066402566));
#6965=CARTESIAN_POINT('',(-8.74191357972564E-17,-0.572216021254047,-0.0609709939820287));
#6966=CARTESIAN_POINT('Ctrl Pts',(0.,-0.552888489608477,-0.0450770066402566));
#6967=CARTESIAN_POINT('Ctrl Pts',(0.,-0.553744050119393,-0.0451769867458194));
#6968=CARTESIAN_POINT('Ctrl Pts',(-1.74838271594513E-16,-0.555399828983529,
-0.0453704797174011));
#6969=CARTESIAN_POINT('Ctrl Pts',(0.,-0.557783933222291,-0.0457839877567191));
#6970=CARTESIAN_POINT('Ctrl Pts',(0.,-0.559985797176528,-0.0462754657003028));
#6971=CARTESIAN_POINT('Ctrl Pts',(-1.74838271594513E-16,-0.562001313590662,
-0.0468614633078659));
#6972=CARTESIAN_POINT('Ctrl Pts',(0.,-0.56383687242733,-0.0475209279234954));
#6973=CARTESIAN_POINT('Ctrl Pts',(-8.74191357972564E-17,-0.565489252154497,
-0.0482684794953844));
#6974=CARTESIAN_POINT('Ctrl Pts',(0.,-0.566956533806605,-0.0491083032706318));
#6975=CARTESIAN_POINT('Ctrl Pts',(-8.74191357972564E-17,-0.568241848483028,
-0.0500350073602767));
#6976=CARTESIAN_POINT('Ctrl Pts',(-8.74191357972564E-17,-0.569350414191329,
-0.0510578418041449));
#6977=CARTESIAN_POINT('Ctrl Pts',(0.,-0.570284223788941,-0.0521788964846722));
#6978=CARTESIAN_POINT('Ctrl Pts',(0.,-0.571044194708449,-0.0534042917382315));
#6979=CARTESIAN_POINT('Ctrl Pts',(0.,-0.571634889526537,-0.0547288106568019));
#6980=CARTESIAN_POINT('Ctrl Pts',(-8.74191357972564E-17,-0.572046216194969,
-0.0561562745478862));
#6981=CARTESIAN_POINT('Ctrl Pts',(4.37095678986282E-17,-0.572276987054602,
-0.0576791633527849));
#6982=CARTESIAN_POINT('Ctrl Pts',(-8.74191357972564E-17,-0.572354362857573,
-0.0592980199012952));
#6983=CARTESIAN_POINT('Ctrl Pts',(-8.74191357972564E-17,-0.572263091609968,
-0.0604017690820676));
#6984=CARTESIAN_POINT('Ctrl Pts',(-8.74191357972564E-17,-0.572216021254047,
-0.0609709939820287));
#6985=CARTESIAN_POINT('',(0.,-0.550016654165439,-0.0724266901845604));
#6986=CARTESIAN_POINT('Ctrl Pts',(-8.74191357972564E-17,-0.572216021254047,
-0.0609709939820287));
#6987=CARTESIAN_POINT('Ctrl Pts',(-8.74191357972564E-17,-0.572142527332402,
-0.0615431745615438));
#6988=CARTESIAN_POINT('Ctrl Pts',(0.,-0.571999767171386,-0.062654621465365));
#6989=CARTESIAN_POINT('Ctrl Pts',(-8.74191357972564E-17,-0.571568530784697,
-0.0642320123355305));
#6990=CARTESIAN_POINT('Ctrl Pts',(4.37095678986282E-17,-0.571022933288223,
-0.0656845567400812));
#6991=CARTESIAN_POINT('Ctrl Pts',(-8.74191357972564E-17,-0.570301922559595,
-0.0669895007641729));
#6992=CARTESIAN_POINT('Ctrl Pts',(4.37095678986282E-17,-0.569443480469262,
-0.0681705226540734));
#6993=CARTESIAN_POINT('Ctrl Pts',(-8.74191357972564E-17,-0.568421925197303,
-0.0692000794495929));
#6994=CARTESIAN_POINT('Ctrl Pts',(0.,-0.567259352489232,-0.0701010357500624));
#6995=CARTESIAN_POINT('Ctrl Pts',(4.37095678986282E-17,-0.565939629525675,
-0.0708505699108517));
#6996=CARTESIAN_POINT('Ctrl Pts',(-1.74838271594513E-16,-0.564473934084587,
-0.0714762992711146));
#6997=CARTESIAN_POINT('Ctrl Pts',(0.,-0.562854965799062,-0.071971158191737));
#6998=CARTESIAN_POINT('Ctrl Pts',(4.37095678986282E-17,-0.561086293744938,
-0.0723465879335089));
#6999=CARTESIAN_POINT('Ctrl Pts',(-8.74191357972564E-17,-0.559166226424297,
-0.0726035698390667));
#7000=CARTESIAN_POINT('Ctrl Pts',(0.,-0.557094394613428,-0.0727424330827542));
#7001=CARTESIAN_POINT('Ctrl Pts',(-8.74191357972564E-17,-0.554870801919959,
-0.0727602146826168));
#7002=CARTESIAN_POINT('Ctrl Pts',(0.,-0.552491306021652,-0.0726685653575965));
#7003=CARTESIAN_POINT('Ctrl Pts',(0.,-0.550859898797729,-0.0725091098351609));
#7004=CARTESIAN_POINT('Ctrl Pts',(0.,-0.550016654165439,-0.0724266901845604));
#7005=CARTESIAN_POINT('',(0.,-0.530697033912274,-0.0565327028427882));
#7006=CARTESIAN_POINT('Ctrl Pts',(0.,-0.550016654165439,-0.0724266901845604));
#7007=CARTESIAN_POINT('Ctrl Pts',(4.37095678986282E-17,-0.549153311728413,
-0.0723232256690985));
#7008=CARTESIAN_POINT('Ctrl Pts',(4.37095678986282E-17,-0.547482328544334,
-0.072122972029209));
#7009=CARTESIAN_POINT('Ctrl Pts',(0.,-0.545078625571725,-0.0717142249760398));
#7010=CARTESIAN_POINT('Ctrl Pts',(0.,-0.542864284828333,-0.0712193772776785));
#7011=CARTESIAN_POINT('Ctrl Pts',(4.37095678986282E-17,-0.540839100338454,
-0.0706361118994332));
#7012=CARTESIAN_POINT('Ctrl Pts',(-8.74191357972564E-17,-0.53900226032731,
-0.0699689716361029));
#7013=CARTESIAN_POINT('Ctrl Pts',(4.37095678986282E-17,-0.537351416853666,
-0.069216814931777));
#7014=CARTESIAN_POINT('Ctrl Pts',(-8.74191357972564E-17,-0.535886881517149,
-0.0683846714706463));
#7015=CARTESIAN_POINT('Ctrl Pts',(0.,-0.534615392296946,-0.0674494920020561));
#7016=CARTESIAN_POINT('Ctrl Pts',(0.,-0.533514394034853,-0.0664325999910199));
#7017=CARTESIAN_POINT('Ctrl Pts',(0.,-0.532594790371837,-0.0653048828178903));
#7018=CARTESIAN_POINT('Ctrl Pts',(4.37095678986282E-17,-0.531849014753394,
-0.0640785024993536));
#7019=CARTESIAN_POINT('Ctrl Pts',(0.,-0.531261093611908,-0.0627591198673239));
#7020=CARTESIAN_POINT('Ctrl Pts',(-8.74191357972564E-17,-0.530860799769131,
-0.0613357525421999));
#7021=CARTESIAN_POINT('Ctrl Pts',(4.37095678986282E-17,-0.530625062270066,
-0.0598169877939934));
#7022=CARTESIAN_POINT('Ctrl Pts',(-8.74191357972564E-17,-0.530561634566328,
-0.0582001223041239));
#7023=CARTESIAN_POINT('Ctrl Pts',(0.,-0.530651029728379,-0.0570992363883789));
#7024=CARTESIAN_POINT('Ctrl Pts',(0.,-0.530697033912274,-0.0565327028427882));
#7025=CARTESIAN_POINT('Ctrl Pts',(0.,-0.530697033912274,-0.0565327028427882));
#7026=CARTESIAN_POINT('Ctrl Pts',(0.,-0.530771540855213,-0.0559608198164526));
#7027=CARTESIAN_POINT('Ctrl Pts',(0.,-0.530916181804006,-0.0548506185349919));
#7028=CARTESIAN_POINT('Ctrl Pts',(-8.74191357972564E-17,-0.531333279466251,
-0.0532697915361258));
#7029=CARTESIAN_POINT('Ctrl Pts',(4.37095678986282E-17,-0.531886942429519,
-0.0518204079607135));
#7030=CARTESIAN_POINT('Ctrl Pts',(-8.74191357972564E-17,-0.53258912732659,
-0.050508141710032));
#7031=CARTESIAN_POINT('Ctrl Pts',(0.,-0.533449171551354,-0.0493360939310367));
#7032=CARTESIAN_POINT('Ctrl Pts',(0.,-0.534450581787829,-0.0483006176332283));
#7033=CARTESIAN_POINT('Ctrl Pts',(0.,-0.535605280409377,-0.0474057061836788));
#7034=CARTESIAN_POINT('Ctrl Pts',(-1.74838271594513E-16,-0.536909132394493,
-0.0466522002291837));
#7035=CARTESIAN_POINT('Ctrl Pts',(4.37095678986282E-17,-0.538363421427028,
-0.0460280151170071));
#7036=CARTESIAN_POINT('Ctrl Pts',(-8.74191357972564E-17,-0.53996938315895,
-0.0455222529972071));
#7037=CARTESIAN_POINT('Ctrl Pts',(-8.74191357972564E-17,-0.541737053292311,
-0.0451483531186722));
#7038=CARTESIAN_POINT('Ctrl Pts',(1.31128703695885E-16,-0.543659820477789,
-0.0448921733304469));
#7039=CARTESIAN_POINT('Ctrl Pts',(0.,-0.54574217016943,-0.0447537272381845));
#7040=CARTESIAN_POINT('Ctrl Pts',(-8.74191357972564E-17,-0.547984437864626,
-0.0447332088339324));
#7041=CARTESIAN_POINT('Ctrl Pts',(4.37095678986282E-17,-0.550387217743469,
-0.04483763474498));
#7042=CARTESIAN_POINT('Ctrl Pts',(0.,-0.552037287472912,-0.0449955465353779));
#7043=CARTESIAN_POINT('Ctrl Pts',(0.,-0.552888489608477,-0.0450770066402566));
#7044=CARTESIAN_POINT('',(0.,-0.538754740628209,0.00505826791061053));
#7045=CARTESIAN_POINT('',(0.,-0.538881322906691,-0.00304299791217428));
#7046=CARTESIAN_POINT('',(0.,-0.538754740628209,0.00505826791061053));
#7047=CARTESIAN_POINT('',(0.,-0.534830689995298,-0.00310628905141479));
#7048=CARTESIAN_POINT('',(0.,-0.538881322906691,-0.00304299791217428));
#7049=CARTESIAN_POINT('',(0.,-0.534498411514286,0.0181595337333953));
#7050=CARTESIAN_POINT('',(0.,-0.534830689995298,-0.00310628905141479));
#7051=CARTESIAN_POINT('',(0.,-0.538549044425678,0.0182228248726359));
#7052=CARTESIAN_POINT('',(0.,-0.534498411514286,0.0181595337333953));
#7053=CARTESIAN_POINT('',(0.,-0.538675626704159,0.010121559049851));
#7054=CARTESIAN_POINT('',(0.,-0.538549044425678,0.0182228248726359));
#7055=CARTESIAN_POINT('',(0.,-0.565511069742134,0.0105408628473194));
#7056=CARTESIAN_POINT('',(0.,-0.538675626704159,0.010121559049851));
#7057=CARTESIAN_POINT('',(0.,-0.565384487463653,0.0186421286701042));
#7058=CARTESIAN_POINT('',(0.,-0.565511069742134,0.0105408628473194));
#7059=CARTESIAN_POINT('',(0.,-0.568928791261121,0.0186975084169396));
#7060=CARTESIAN_POINT('',(0.,-0.565384487463653,0.0186421286701042));
#7061=CARTESIAN_POINT('',(0.,-0.570131322906691,0.0123288375308637));
#7062=CARTESIAN_POINT('Ctrl Pts',(0.,-0.568928791261121,0.0186975084169396));
#7063=CARTESIAN_POINT('Ctrl Pts',(0.,-0.568950721248104,0.0181296695638349));
#7064=CARTESIAN_POINT('Ctrl Pts',(0.,-0.568996387500227,0.0169472214277975));
#7065=CARTESIAN_POINT('Ctrl Pts',(4.37095678986282E-17,-0.569211787605138,
0.0154808097327477));
#7066=CARTESIAN_POINT('Ctrl Pts',(0.,-0.56941469466052,0.0143200975654654));
#7067=CARTESIAN_POINT('Ctrl Pts',(-8.74191357972564E-17,-0.569625819443648,
0.013553772292352));
#7068=CARTESIAN_POINT('Ctrl Pts',(0.,-0.569841487307483,0.0128898506683258));
#7069=CARTESIAN_POINT('Ctrl Pts',(0.,-0.570039695819018,0.01250619324587));
#7070=CARTESIAN_POINT('Ctrl Pts',(0.,-0.570131322906691,0.0123288375308637));
#7071=CARTESIAN_POINT('',(0.,-0.574640816577577,0.00971016664478775));
#7072=CARTESIAN_POINT('Ctrl Pts',(0.,-0.570131322906691,0.0123288375308637));
#7073=CARTESIAN_POINT('Ctrl Pts',(0.,-0.57024874483283,0.0121389955190051));
#7074=CARTESIAN_POINT('Ctrl Pts',(-8.74191357972564E-17,-0.570478670347728,
0.0117672632219712));
#7075=CARTESIAN_POINT('Ctrl Pts',(4.37095678986282E-17,-0.570885807845953,
0.0112605986660205));
#7076=CARTESIAN_POINT('Ctrl Pts',(-8.74191357972564E-17,-0.571347907811416,
0.0108275521092268));
#7077=CARTESIAN_POINT('Ctrl Pts',(0.,-0.571851191509959,0.0104455090737198));
#7078=CARTESIAN_POINT('Ctrl Pts',(-8.74191357972564E-17,-0.57242702109142,
0.0101348288620012));
#7079=CARTESIAN_POINT('Ctrl Pts',(0.,-0.573089945732096,0.00992218446565302));
#7080=CARTESIAN_POINT('Ctrl Pts',(0.,-0.573835442434962,0.00976809108600182));
#7081=CARTESIAN_POINT('Ctrl Pts',(0.,-0.57436309537788,0.00973014101999368));
#7082=CARTESIAN_POINT('Ctrl Pts',(0.,-0.574640816577577,0.00971016664478775));
#7083=CARTESIAN_POINT('',(0.,-0.574704107716817,0.00561997677137002));
#7084=CARTESIAN_POINT('',(0.,-0.574640816577577,0.00971016664478775));
#7085=CARTESIAN_POINT('',(0.,-0.574704107716817,0.00561997677137002));
#7086=CARTESIAN_POINT('',(0.,-0.549663074705172,0.0974637860597634));
#7087=CARTESIAN_POINT('',(0.,-0.549259593692514,0.0869811911230545));
#7088=CARTESIAN_POINT('Ctrl Pts',(0.,-0.549663074705172,0.0974637860597634));
#7089=CARTESIAN_POINT('Ctrl Pts',(4.37095678986282E-17,-0.549646948226721,
0.097139435911344));
#7090=CARTESIAN_POINT('Ctrl Pts',(0.,-0.549611686345243,0.0964302174341031));
#7091=CARTESIAN_POINT('Ctrl Pts',(-8.74191357972564E-17,-0.549561263028679,
0.095272722188623));
#7092=CARTESIAN_POINT('Ctrl Pts',(0.,-0.549534005845662,0.0939327413235871));
#7093=CARTESIAN_POINT('Ctrl Pts',(-8.74191357972564E-17,-0.549513211178053,
0.0924611205786732));
#7094=CARTESIAN_POINT('Ctrl Pts',(1.31128703695885E-16,-0.54948839345399,
0.0909601660617124));
#7095=CARTESIAN_POINT('Ctrl Pts',(0.,-0.549429336043413,0.0895282774091617));
#7096=CARTESIAN_POINT('Ctrl Pts',(-8.74191357972564E-17,-0.549364639044818,
0.0882141509660693));
#7097=CARTESIAN_POINT('Ctrl Pts',(-8.74191357972564E-17,-0.549293506725247,
0.0873792421229083));
#7098=CARTESIAN_POINT('Ctrl Pts',(0.,-0.549259593692514,0.0869811911230545));
#7099=CARTESIAN_POINT('',(-8.74191357972564E-17,-0.540383011414033,0.0764669506167254));
#7100=CARTESIAN_POINT('Ctrl Pts',(0.,-0.549259593692514,0.0869811911230545));
#7101=CARTESIAN_POINT('Ctrl Pts',(4.37095678986282E-17,-0.549212507073247,
0.0866089367996642));
#7102=CARTESIAN_POINT('Ctrl Pts',(0.,-0.54912036660017,0.0858804986574502));
#7103=CARTESIAN_POINT('Ctrl Pts',(4.37095678986282E-17,-0.54893443964952,
0.0848196107224588));
#7104=CARTESIAN_POINT('Ctrl Pts',(-8.74191357972564E-17,-0.548689782516719,
0.0838236032668197));
#7105=CARTESIAN_POINT('Ctrl Pts',(4.37095678986282E-17,-0.548393520956938,
0.0828891242990019));
#7106=CARTESIAN_POINT('Ctrl Pts',(-1.74838271594513E-16,-0.548058288727788,
0.0820146587369436));
#7107=CARTESIAN_POINT('Ctrl Pts',(1.31128703695885E-16,-0.547671256736768,
0.0811995452293547));
#7108=CARTESIAN_POINT('Ctrl Pts',(0.,-0.547221913876911,0.080456932896307));
#7109=CARTESIAN_POINT('Ctrl Pts',(0.,-0.546743159774602,0.079758985970403));
#7110=CARTESIAN_POINT('Ctrl Pts',(0.,-0.546192280441973,0.0791287463075007));
#7111=CARTESIAN_POINT('Ctrl Pts',(-1.74838271594513E-16,-0.545571111628901,
0.0785635877138607));
#7112=CARTESIAN_POINT('Ctrl Pts',(4.37095678986282E-17,-0.544876153027018,
0.0780633019503202));
#7113=CARTESIAN_POINT('Ctrl Pts',(-8.74191357972564E-17,-0.544113719470502,
0.0776230524914056));
#7114=CARTESIAN_POINT('Ctrl Pts',(4.37095678986282E-17,-0.543287148847268,
0.0772269329652418));
#7115=CARTESIAN_POINT('Ctrl Pts',(0.,-0.542381097619015,0.0769204425301543));
#7116=CARTESIAN_POINT('Ctrl Pts',(-8.74191357972564E-17,-0.541409737255867,
0.0766527700912393));
#7117=CARTESIAN_POINT('Ctrl Pts',(0.,-0.540732308301507,0.076530167262723));
#7118=CARTESIAN_POINT('Ctrl Pts',(-8.74191357972564E-17,-0.540383011414033,
0.0764669506167254));
#7119=CARTESIAN_POINT('',(0.,-0.531229530401375,0.0791963809964723));
#7120=CARTESIAN_POINT('Ctrl Pts',(-8.74191357972564E-17,-0.540383011414033,
0.0764669506167254));
#7121=CARTESIAN_POINT('Ctrl Pts',(-1.74838271594513E-16,-0.53999074777508,
0.0764181707766515));
#7122=CARTESIAN_POINT('Ctrl Pts',(0.,-0.539202919751423,0.0763202006331471));
#7123=CARTESIAN_POINT('Ctrl Pts',(0.,-0.538001291246988,0.0763407898029124));
#7124=CARTESIAN_POINT('Ctrl Pts',(-8.74191357972564E-17,-0.536791163497991,
0.0765062779422977));
#7125=CARTESIAN_POINT('Ctrl Pts',(4.37095678986282E-17,-0.535577617657265,
0.0767861126357269));
#7126=CARTESIAN_POINT('Ctrl Pts',(-8.74191357972564E-17,-0.534391268743348,
0.0772023783840665));
#7127=CARTESIAN_POINT('Ctrl Pts',(0.,-0.533260874958838,0.0777465717262655));
#7128=CARTESIAN_POINT('Ctrl Pts',(0.,-0.532191505302908,0.0783970666291783));
#7129=CARTESIAN_POINT('Ctrl Pts',(4.37095678986282E-17,-0.531550478177787,
0.0789297023456794));
#7130=CARTESIAN_POINT('Ctrl Pts',(0.,-0.531229530401375,0.0791963809964723));
#7131=CARTESIAN_POINT('',(0.,-0.525715289895046,0.0903435328952064));
#7132=CARTESIAN_POINT('Ctrl Pts',(0.,-0.531229530401375,0.0791963809964723));
#7133=CARTESIAN_POINT('Ctrl Pts',(4.37095678986282E-17,-0.530892370269339,
0.0795136604349068));
#7134=CARTESIAN_POINT('Ctrl Pts',(0.,-0.530212552954421,0.0801533922282634));
#7135=CARTESIAN_POINT('Ctrl Pts',(0.,-0.529322620391478,0.0812522380517237));
#7136=CARTESIAN_POINT('Ctrl Pts',(-1.74838271594513E-16,-0.528479151492739,
0.0824235889368642));
#7137=CARTESIAN_POINT('Ctrl Pts',(0.,-0.527732190540736,0.0837190401823002));
#7138=CARTESIAN_POINT('Ctrl Pts',(0.,-0.527069618120979,0.0851463952296312));
#7139=CARTESIAN_POINT('Ctrl Pts',(-1.74838271594513E-16,-0.526512536347553,
0.0867315176520565));
#7140=CARTESIAN_POINT('Ctrl Pts',(4.37095678986282E-17,-0.526041401748517,
0.0884762412986436));
#7141=CARTESIAN_POINT('Ctrl Pts',(0.,-0.525826653175527,0.0897058752461665));
#7142=CARTESIAN_POINT('Ctrl Pts',(0.,-0.525715289895046,0.0903435328952064));
#7143=CARTESIAN_POINT('',(0.,-0.526522251920362,0.105414735426852));
#7144=CARTESIAN_POINT('Ctrl Pts',(0.,-0.525715289895046,0.0903435328952064));
#7145=CARTESIAN_POINT('Ctrl Pts',(-8.74191357972564E-17,-0.525615905170121,
0.0910362467918233));
#7146=CARTESIAN_POINT('Ctrl Pts',(-8.74191357972564E-17,-0.525421797517238,
0.0923891817493174));
#7147=CARTESIAN_POINT('Ctrl Pts',(-8.74191357972564E-17,-0.525256405561097,
0.094383181372542));
#7148=CARTESIAN_POINT('Ctrl Pts',(0.,-0.525202725356188,0.0962854192404957));
#7149=CARTESIAN_POINT('Ctrl Pts',(-8.74191357972564E-17,-0.525280453778907,
0.0981157569777885));
#7150=CARTESIAN_POINT('Ctrl Pts',(4.37095678986282E-17,-0.525448612952806,
0.0999164060932067));
#7151=CARTESIAN_POINT('Ctrl Pts',(-8.74191357972564E-17,-0.525710925561446,
0.101727522165416));
#7152=CARTESIAN_POINT('Ctrl Pts',(0.,-0.526067316757567,0.10356719392696));
#7153=CARTESIAN_POINT('Ctrl Pts',(-8.74191357972564E-17,-0.526369297493496,
0.104793570754745));
#7154=CARTESIAN_POINT('Ctrl Pts',(0.,-0.526522251920362,0.105414735426852));
#7155=CARTESIAN_POINT('',(0.,-0.533025416477324,0.10644321643951));
#7156=CARTESIAN_POINT('',(0.,-0.526522251920362,0.105414735426852));
#7157=CARTESIAN_POINT('',(0.,-0.53308079622416,0.106071380996472));
#7158=CARTESIAN_POINT('',(0.,-0.533025416477324,0.10644321643951));
#7159=CARTESIAN_POINT('',(0.,-0.530272251920362,0.0910792923888773));
#7160=CARTESIAN_POINT('Ctrl Pts',(0.,-0.53308079622416,0.106071380996472));
#7161=CARTESIAN_POINT('Ctrl Pts',(0.,-0.532767723208253,0.105502476727514));
#7162=CARTESIAN_POINT('Ctrl Pts',(4.37095678986282E-17,-0.532138926860073,
0.104359852136415));
#7163=CARTESIAN_POINT('Ctrl Pts',(-1.74838271594513E-16,-0.531416660303981,
0.10252474278534));
#7164=CARTESIAN_POINT('Ctrl Pts',(1.31128703695885E-16,-0.530820676847695,
0.100609468557996));
#7165=CARTESIAN_POINT('Ctrl Pts',(-8.74191357972564E-17,-0.53041042359172,
0.0986230150790577));
#7166=CARTESIAN_POINT('Ctrl Pts',(0.,-0.530131544290234,0.0966379607236194));
#7167=CARTESIAN_POINT('Ctrl Pts',(0.,-0.530011717186753,0.0947074161314991));
#7168=CARTESIAN_POINT('Ctrl Pts',(0.,-0.530037362600886,0.0928580332788341));
#7169=CARTESIAN_POINT('Ctrl Pts',(0.,-0.530195066876049,0.0916637897798999));
#7170=CARTESIAN_POINT('Ctrl Pts',(0.,-0.530272251920362,0.0910792923888773));
#7171=CARTESIAN_POINT('',(0.,-0.538745353186185,0.081917899983814));
#7172=CARTESIAN_POINT('Ctrl Pts',(0.,-0.530272251920362,0.0910792923888773));
#7173=CARTESIAN_POINT('Ctrl Pts',(-8.74191357972564E-17,-0.530338308790523,
0.0906879571465005));
#7174=CARTESIAN_POINT('Ctrl Pts',(-8.74191357972564E-17,-0.530467197546686,
0.0899243921681702));
#7175=CARTESIAN_POINT('Ctrl Pts',(4.37095678986282E-17,-0.530741011884643,
0.0888275988557119));
#7176=CARTESIAN_POINT('Ctrl Pts',(4.37095678986282E-17,-0.531047460719821,
0.087801412359676));
#7177=CARTESIAN_POINT('Ctrl Pts',(0.,-0.531398672496735,0.0868485193302273));
#7178=CARTESIAN_POINT('Ctrl Pts',(4.37095678986282E-17,-0.531814115867039,
0.0859795482447799));
#7179=CARTESIAN_POINT('Ctrl Pts',(0.,-0.532260494563873,0.085178453231396));
#7180=CARTESIAN_POINT('Ctrl Pts',(4.37095678986282E-17,-0.532773413039248,
0.0844674644339233));
#7181=CARTESIAN_POINT('Ctrl Pts',(-8.74191357972564E-17,-0.533313658906231,
0.0838218793818181));
#7182=CARTESIAN_POINT('Ctrl Pts',(4.37095678986282E-17,-0.533901905554614,
0.0832701396920012));
#7183=CARTESIAN_POINT('Ctrl Pts',(0.,-0.534511196179766,0.0827940869467104));
#7184=CARTESIAN_POINT('Ctrl Pts',(4.37095678986282E-17,-0.535158059521181,
0.0824228069244243));
#7185=CARTESIAN_POINT('Ctrl Pts',(-1.74838271594513E-16,-0.535825227187054,
0.0821319039000955));
#7186=CARTESIAN_POINT('Ctrl Pts',(0.,-0.536521216356535,0.0819424544840049));
#7187=CARTESIAN_POINT('Ctrl Pts',(0.,-0.537240963767554,0.0818401068441152));
#7188=CARTESIAN_POINT('Ctrl Pts',(4.37095678986282E-17,-0.537988476650118,
0.0818194284376839));
#7189=CARTESIAN_POINT('Ctrl Pts',(4.37095678986282E-17,-0.538490012349419,
0.0818846794969997));
#7190=CARTESIAN_POINT('Ctrl Pts',(0.,-0.538745353186185,0.081917899983814));
#7191=CARTESIAN_POINT('',(0.,-0.54381655571783,0.0880650518825482));
#7192=CARTESIAN_POINT('Ctrl Pts',(0.,-0.538745353186185,0.081917899983814));
#7193=CARTESIAN_POINT('Ctrl Pts',(4.37095678986282E-17,-0.538959361838797,
0.081958079650503));
#7194=CARTESIAN_POINT('Ctrl Pts',(-8.74191357972564E-17,-0.539373911429416,
0.0820359104492761));
#7195=CARTESIAN_POINT('Ctrl Pts',(-8.74191357972564E-17,-0.539968822539628,
0.0821817333708259));
#7196=CARTESIAN_POINT('Ctrl Pts',(0.,-0.540512447469572,0.0823718033187513));
#7197=CARTESIAN_POINT('Ctrl Pts',(-8.74191357972564E-17,-0.541001338122081,
0.0826042635835732));
#7198=CARTESIAN_POINT('Ctrl Pts',(-8.74191357972564E-17,-0.541448193906929,
0.0828533855210196));
#7199=CARTESIAN_POINT('Ctrl Pts',(4.37095678986282E-17,-0.541842687235059,
0.083141691069303));
#7200=CARTESIAN_POINT('Ctrl Pts',(-8.74191357972564E-17,-0.542183540017732,
0.0834679500471598));
#7201=CARTESIAN_POINT('Ctrl Pts',(0.,-0.54258329067568,0.0839531183265487));
#7202=CARTESIAN_POINT('Ctrl Pts',(0.,-0.542980553268939,0.0846787914310618));
#7203=CARTESIAN_POINT('Ctrl Pts',(4.37095678986282E-17,-0.543369318377546,
0.0856638495003984));
#7204=CARTESIAN_POINT('Ctrl Pts',(4.37095678986282E-17,-0.543649758869241,
0.0868118371343618));
#7205=CARTESIAN_POINT('Ctrl Pts',(-8.74191357972564E-17,-0.543758818352208,
0.0876312468152979));
#7206=CARTESIAN_POINT('Ctrl Pts',(0.,-0.54381655571783,0.0880650518825482));
#7207=CARTESIAN_POINT('',(0.,-0.544117188629223,0.0975982797306495));
#7208=CARTESIAN_POINT('Ctrl Pts',(0.,-0.54381655571783,0.0880650518825482));
#7209=CARTESIAN_POINT('Ctrl Pts',(0.,-0.543878935862158,0.088784527803847));
#7210=CARTESIAN_POINT('Ctrl Pts',(0.,-0.544007641195133,0.0902689807338082));
#7211=CARTESIAN_POINT('Ctrl Pts',(0.,-0.544016364352384,0.0925800078669684));
#7212=CARTESIAN_POINT('Ctrl Pts',(0.,-0.544013557733482,0.0950383397822856));
#7213=CARTESIAN_POINT('Ctrl Pts',(4.37095678986282E-17,-0.544081963036716,
0.0967281202978115));
#7214=CARTESIAN_POINT('Ctrl Pts',(0.,-0.544117188629223,0.0975982797306495));
#7215=CARTESIAN_POINT('',(0.,-0.553460543059603,0.109686887325586));
#7216=CARTESIAN_POINT('Ctrl Pts',(0.,-0.544117188629223,0.0975982797306495));
#7217=CARTESIAN_POINT('Ctrl Pts',(0.,-0.544150092882376,0.0980390244787787));
#7218=CARTESIAN_POINT('Ctrl Pts',(-8.74191357972564E-17,-0.544214292097153,
0.0988989578927197));
#7219=CARTESIAN_POINT('Ctrl Pts',(-8.74191357972564E-17,-0.544375179506296,
0.100150300766713));
#7220=CARTESIAN_POINT('Ctrl Pts',(1.31128703695885E-16,-0.544616842667756,
0.101321688034834));
#7221=CARTESIAN_POINT('Ctrl Pts',(4.37095678986282E-17,-0.544902824831376,
0.102419675946694));
#7222=CARTESIAN_POINT('Ctrl Pts',(0.,-0.545268266874517,0.103435191810462));
#7223=CARTESIAN_POINT('Ctrl Pts',(-1.74838271594513E-16,-0.545696516002081,
0.104370776922822));
#7224=CARTESIAN_POINT('Ctrl Pts',(4.37095678986282E-17,-0.546179064723123,
0.105235915264788));
#7225=CARTESIAN_POINT('Ctrl Pts',(-8.74191357972564E-17,-0.546736371468526,
0.106020814672186));
#7226=CARTESIAN_POINT('Ctrl Pts',(0.,-0.547352671526935,0.106734819050865));
#7227=CARTESIAN_POINT('Ctrl Pts',(4.37095678986282E-17,-0.548034787220534,
0.107375222257941));
#7228=CARTESIAN_POINT('Ctrl Pts',(-8.74191357972564E-17,-0.548776681499807,
0.107947303424679));
#7229=CARTESIAN_POINT('Ctrl Pts',(0.,-0.549593287953746,0.108435898172702));
#7230=CARTESIAN_POINT('Ctrl Pts',(4.37095678986282E-17,-0.550463056274763,
0.108868951253234));
#7231=CARTESIAN_POINT('Ctrl Pts',(4.37095678986282E-17,-0.551407414695012,
0.109211913319224));
#7232=CARTESIAN_POINT('Ctrl Pts',(-8.74191357972564E-17,-0.552407680172797,
0.109502902158958));
#7233=CARTESIAN_POINT('Ctrl Pts',(0.,-0.553105693366548,0.109624878225709));
#7234=CARTESIAN_POINT('Ctrl Pts',(0.,-0.553460543059603,0.109686887325586));
#7235=CARTESIAN_POINT('',(0.,-0.567297568376058,0.0965539759331811));
#7236=CARTESIAN_POINT('Ctrl Pts',(0.,-0.553460543059603,0.109686887325586));
#7237=CARTESIAN_POINT('Ctrl Pts',(0.,-0.553873840222379,0.109738182065353));
#7238=CARTESIAN_POINT('Ctrl Pts',(4.37095678986282E-17,-0.554685219015486,
0.109838883129366));
#7239=CARTESIAN_POINT('Ctrl Pts',(-1.74838271594513E-16,-0.555900268076124,
0.109832179517819));
#7240=CARTESIAN_POINT('Ctrl Pts',(-8.74191357972564E-17,-0.557076054148051,
0.109669933298251));
#7241=CARTESIAN_POINT('Ctrl Pts',(4.37095678986282E-17,-0.558217363305451,
0.109378295853223));
#7242=CARTESIAN_POINT('Ctrl Pts',(0.,-0.559319361695328,0.108936779122143));
#7243=CARTESIAN_POINT('Ctrl Pts',(0.,-0.560382368430832,0.10835173595078));
#7244=CARTESIAN_POINT('Ctrl Pts',(-8.74191357972564E-17,-0.561419804496551,
0.107637726063439));
#7245=CARTESIAN_POINT('Ctrl Pts',(4.37095678986282E-17,-0.562397315619436,
0.106773940526508));
#7246=CARTESIAN_POINT('Ctrl Pts',(-1.74838271594513E-16,-0.563320381558737,
0.105806313041661));
#7247=CARTESIAN_POINT('Ctrl Pts',(4.37095678986282E-17,-0.564158159643324,
0.104741476636825));
#7248=CARTESIAN_POINT('Ctrl Pts',(0.,-0.56491838680886,0.103597625187821));
#7249=CARTESIAN_POINT('Ctrl Pts',(0.,-0.56557159744893,0.102356472972379));
#7250=CARTESIAN_POINT('Ctrl Pts',(-8.74191357972564E-17,-0.566142927104667,
0.101031162200526));
#7251=CARTESIAN_POINT('Ctrl Pts',(4.37095678986282E-17,-0.566622729531524,
0.0996178710500663));
#7252=CARTESIAN_POINT('Ctrl Pts',(0.,-0.567024635381582,0.0981203564651778));
#7253=CARTESIAN_POINT('Ctrl Pts',(0.,-0.567205371540967,0.0970830996760854));
#7254=CARTESIAN_POINT('Ctrl Pts',(0.,-0.567297568376058,0.0965539759331811));
#7255=CARTESIAN_POINT('',(0.,-0.566696302553274,0.0821947987179912));
#7256=CARTESIAN_POINT('Ctrl Pts',(0.,-0.567297568376058,0.0965539759331811));
#7257=CARTESIAN_POINT('Ctrl Pts',(4.37095678986282E-17,-0.567397989749126,
0.0958666298039274));
#7258=CARTESIAN_POINT('Ctrl Pts',(4.37095678986282E-17,-0.567594811662751,
0.0945194586156593));
#7259=CARTESIAN_POINT('Ctrl Pts',(-1.74838271594513E-16,-0.567746849052916,
0.0925191785984651));
#7260=CARTESIAN_POINT('Ctrl Pts',(0.,-0.567802691303324,0.0905910526989315));
#7261=CARTESIAN_POINT('Ctrl Pts',(-8.74191357972564E-17,-0.567724966575516,
0.0887371521760875));
#7262=CARTESIAN_POINT('Ctrl Pts',(4.37095678986282E-17,-0.567566433939669,
0.0869718024151973));
#7263=CARTESIAN_POINT('Ctrl Pts',(0.,-0.567343523030498,0.085293365812474));
#7264=CARTESIAN_POINT('Ctrl Pts',(-1.74838271594513E-16,-0.567068164626606,
0.0837070019848057));
#7265=CARTESIAN_POINT('Ctrl Pts',(-8.74191357972564E-17,-0.566817922171044,
0.0826893734447246));
#7266=CARTESIAN_POINT('Ctrl Pts',(0.,-0.566696302553274,0.0821947987179912));
#7267=CARTESIAN_POINT('',(0.,-0.560383011414033,0.0811979632749533));
#7268=CARTESIAN_POINT('',(0.,-0.566696302553274,0.0821947987179912));
#7269=CARTESIAN_POINT('',(0.,-0.560327631667198,0.0815697987179913));
#7270=CARTESIAN_POINT('',(0.,-0.560383011414033,0.0811979632749533));
#7271=CARTESIAN_POINT('',(0.,-0.562740606350742,0.0958182164395102));
#7272=CARTESIAN_POINT('Ctrl Pts',(0.,-0.560327631667198,0.0815697987179913));
#7273=CARTESIAN_POINT('Ctrl Pts',(4.37095678986282E-17,-0.560586250371071,
0.0820206878211798));
#7274=CARTESIAN_POINT('Ctrl Pts',(0.,-0.561121724956981,0.0829542616586675));
#7275=CARTESIAN_POINT('Ctrl Pts',(0.,-0.561738514060132,0.0845093369354469));
#7276=CARTESIAN_POINT('Ctrl Pts',(0.,-0.562262635416335,0.0862182583222621));
#7277=CARTESIAN_POINT('Ctrl Pts',(0.,-0.562662244403362,0.0880629681608622));
#7278=CARTESIAN_POINT('Ctrl Pts',(4.37095678986282E-17,-0.562946030667188,
0.0899867685401033));
#7279=CARTESIAN_POINT('Ctrl Pts',(-8.74191357972564E-17,-0.563040217737175,
0.0919378671517257));
#7280=CARTESIAN_POINT('Ctrl Pts',(4.37095678986282E-17,-0.562997469656043,
0.093886921985536));
#7281=CARTESIAN_POINT('Ctrl Pts',(0.,-0.562826400811271,0.0951731481779837));
#7282=CARTESIAN_POINT('Ctrl Pts',(0.,-0.562740606350742,0.0958182164395102));
#7283=CARTESIAN_POINT('',(0.,-0.554860859515299,0.104196380996472));
#7284=CARTESIAN_POINT('Ctrl Pts',(0.,-0.562740606350742,0.0958182164395102));
#7285=CARTESIAN_POINT('Ctrl Pts',(0.,-0.562682145366988,0.0961620362888909));
#7286=CARTESIAN_POINT('Ctrl Pts',(0.,-0.562567589516161,0.0968357604181778));
#7287=CARTESIAN_POINT('Ctrl Pts',(1.31128703695885E-16,-0.562318848263019,
0.0978036951751617));
#7288=CARTESIAN_POINT('Ctrl Pts',(0.,-0.562033261125123,0.0987157479820443));
#7289=CARTESIAN_POINT('Ctrl Pts',(-8.74191357972564E-17,-0.561705747126943,
0.0995667254779482));
#7290=CARTESIAN_POINT('Ctrl Pts',(0.,-0.561323811102636,0.100359094361041));
#7291=CARTESIAN_POINT('Ctrl Pts',(0.,-0.560887872683058,0.10108407950504));
#7292=CARTESIAN_POINT('Ctrl Pts',(-1.74838271594513E-16,-0.560413576496065,
0.10175464788683));
#7293=CARTESIAN_POINT('Ctrl Pts',(1.31128703695885E-16,-0.559891423823147,
0.102355980973621));
#7294=CARTESIAN_POINT('Ctrl Pts',(0.,-0.5593348323913,0.102883749637028));
#7295=CARTESIAN_POINT('Ctrl Pts',(4.37095678986282E-17,-0.558752330121033,
0.103328425352896));
#7296=CARTESIAN_POINT('Ctrl Pts',(-8.74191357972564E-17,-0.558157732663978,
0.103705059392803));
#7297=CARTESIAN_POINT('Ctrl Pts',(-8.74191357972564E-17,-0.55752870083501,
0.103966616789511));
#7298=CARTESIAN_POINT('Ctrl Pts',(-8.74191357972564E-17,-0.556888756845949,
0.10416545232767));
#7299=CARTESIAN_POINT('Ctrl Pts',(0.,-0.556228145051298,0.104265526141761));
#7300=CARTESIAN_POINT('Ctrl Pts',(-8.74191357972564E-17,-0.555546845952222,
0.10428513872991));
#7301=CARTESIAN_POINT('Ctrl Pts',(-8.74191357972564E-17,-0.555092520687197,
0.104226354942656));
#7302=CARTESIAN_POINT('Ctrl Pts',(0.,-0.554860859515299,0.104196380996472));
#7303=CARTESIAN_POINT('Ctrl Pts',(0.,-0.554860859515299,0.104196380996472));
#7304=CARTESIAN_POINT('Ctrl Pts',(0.,-0.55446744447524,0.104118853163277));
#7305=CARTESIAN_POINT('Ctrl Pts',(0.,-0.553717063636346,0.10397098032013));
#7306=CARTESIAN_POINT('Ctrl Pts',(0.,-0.552685850334919,0.103567454063125));
#7307=CARTESIAN_POINT('Ctrl Pts',(-8.74191357972564E-17,-0.551819944772319,
0.103010719410576));
#7308=CARTESIAN_POINT('Ctrl Pts',(0.,-0.551219525425589,0.102432677025888));
#7309=CARTESIAN_POINT('Ctrl Pts',(-8.74191357972564E-17,-0.550828691221926,
0.101890949692028));
#7310=CARTESIAN_POINT('Ctrl Pts',(0.,-0.550565611799397,0.101427010344979));
#7311=CARTESIAN_POINT('Ctrl Pts',(0.,-0.550339285231508,0.100903434733102));
#7312=CARTESIAN_POINT('Ctrl Pts',(0.,-0.550141285600376,0.100323956791512));
#7313=CARTESIAN_POINT('Ctrl Pts',(-8.74191357972564E-17,-0.549979471884424,
0.0996879670159517));
#7314=CARTESIAN_POINT('Ctrl Pts',(1.31128703695885E-16,-0.5498327167539,
0.099000368484462));
#7315=CARTESIAN_POINT('Ctrl Pts',(-8.74191357972564E-17,-0.549734944581765,
0.0982512832859025));
#7316=CARTESIAN_POINT('Ctrl Pts',(0.,-0.549687638037722,0.0977329329842381));
#7317=CARTESIAN_POINT('Ctrl Pts',(0.,-0.549663074705172,0.0974637860597634));
#7318=CARTESIAN_POINT('',(0.,-0.573203500623033,0.0419816405517512));
#7319=CARTESIAN_POINT('',(0.,-0.573852234800248,0.0348930329568145));
#7320=CARTESIAN_POINT('',(0.,-0.573203500623033,0.0419816405517512));
#7321=CARTESIAN_POINT('',(0.,-0.533852234800248,0.0312537924504854));
#7322=CARTESIAN_POINT('',(0.,-0.573852234800248,0.0348930329568145));
#7323=CARTESIAN_POINT('',(0.,-0.533393374040755,0.0363170835897259));
#7324=CARTESIAN_POINT('',(0.,-0.533852234800248,0.0312537924504854));
#7325=CARTESIAN_POINT('',(0.,-0.567887044926831,0.039457906374536));
#7326=CARTESIAN_POINT('',(0.,-0.533393374040755,0.0363170835897259));
#7327=CARTESIAN_POINT('',(0.,-0.543535779104046,0.0482237291593462));
#7328=CARTESIAN_POINT('',(0.,-0.567887044926831,0.039457906374536));
#7329=CARTESIAN_POINT('',(0.,-0.543258880369869,0.051324994982131));
#7330=CARTESIAN_POINT('',(0.,-0.543535779104046,0.0482237291593462));
#7331=CARTESIAN_POINT('',(0.,-0.565624386698983,0.0642680329568145));
#7332=CARTESIAN_POINT('',(0.,-0.543258880369869,0.051324994982131));
#7333=CARTESIAN_POINT('',(0.,-0.531130715812907,0.0611272101720044));
#7334=CARTESIAN_POINT('',(0.,-0.565624386698983,0.0642680329568145));
#7335=CARTESIAN_POINT('',(0.,-0.530671855053413,0.0661905013112449));
#7336=CARTESIAN_POINT('',(0.,-0.531130715812907,0.0611272101720044));
#7337=CARTESIAN_POINT('',(0.,-0.570671855053413,0.069829741817574));
#7338=CARTESIAN_POINT('',(0.,-0.530671855053413,0.0661905013112449));
#7339=CARTESIAN_POINT('',(0.,-0.571336412015438,0.0625275266277006));
#7340=CARTESIAN_POINT('',(0.,-0.570671855053413,0.069829741817574));
#7341=CARTESIAN_POINT('',(0.,-0.550110146192653,0.0500670835897259));
#7342=CARTESIAN_POINT('',(0.,-0.571336412015438,0.0625275266277006));
#7343=CARTESIAN_POINT('',(0.,-0.550110146192653,0.0500670835897259));
#7344=CARTESIAN_POINT('',(0.,-0.538902528689963,-0.0199489327621423));
#7345=CARTESIAN_POINT('',(0.,-0.53783449071528,-0.0396957682051803));
#7346=CARTESIAN_POINT('',(0.,-0.538902528689963,-0.0199489327621423));
#7347=CARTESIAN_POINT('',(0.,-0.533277528689963,-0.0394505150406233));
#7348=CARTESIAN_POINT('',(0.,-0.53783449071528,-0.0396957682051803));
#7349=CARTESIAN_POINT('',(0.,-0.534622465398824,-0.0146403884583448));
#7350=CARTESIAN_POINT('',(0.,-0.533277528689963,-0.0394505150406233));
#7351=CARTESIAN_POINT('',(0.,-0.574622465398824,-0.0168081099773322));
#7352=CARTESIAN_POINT('',(0.,-0.534622465398824,-0.0146403884583448));
#7353=CARTESIAN_POINT('',(0.,-0.574345566664647,-0.0218714011165727));
#7354=CARTESIAN_POINT('',(0.,-0.574622465398824,-0.0168081099773322));
#7355=CARTESIAN_POINT('',(0.,-0.574345566664647,-0.0218714011165727));
#7356=CARTESIAN_POINT('',(-8.74191357972564E-17,-0.548426817259784,-0.0995981282604061));
#7357=CARTESIAN_POINT('',(0.,-0.548047070424341,-0.0995348371211656));
#7358=CARTESIAN_POINT('',(0.,-0.548426817259784,-0.0995981282604061));
#7359=CARTESIAN_POINT('',(0.,-0.544542323588898,-0.104780090285723));
#7360=CARTESIAN_POINT('Ctrl Pts',(0.,-0.548047070424341,-0.0995348371211656));
#7361=CARTESIAN_POINT('Ctrl Pts',(-8.74191357972564E-17,-0.547967988420126,
-0.0997469037409148));
#7362=CARTESIAN_POINT('Ctrl Pts',(-8.74191357972564E-17,-0.547802705080283,
-0.100190128208092));
#7363=CARTESIAN_POINT('Ctrl Pts',(1.31128703695885E-16,-0.547489052693974,
-0.100861818779733));
#7364=CARTESIAN_POINT('Ctrl Pts',(0.,-0.547117532200505,-0.101572262779825));
#7365=CARTESIAN_POINT('Ctrl Pts',(0.,-0.5466912016832,-0.102305166252188));
#7366=CARTESIAN_POINT('Ctrl Pts',(0.,-0.546215115554968,-0.103017382620014));
#7367=CARTESIAN_POINT('Ctrl Pts',(4.37095678986282E-17,-0.545692224280763,
-0.103674171872736));
#7368=CARTESIAN_POINT('Ctrl Pts',(0.,-0.54514756346728,-0.104271125547634));
#7369=CARTESIAN_POINT('Ctrl Pts',(0.,-0.544741310637039,-0.104612755986617));
#7370=CARTESIAN_POINT('Ctrl Pts',(0.,-0.544542323588898,-0.104780090285723));
#7371=CARTESIAN_POINT('',(0.,-0.53667048814586,-0.106504773830026));
#7372=CARTESIAN_POINT('Ctrl Pts',(0.,-0.544542323588898,-0.104780090285723));
#7373=CARTESIAN_POINT('Ctrl Pts',(4.37095678986282E-17,-0.5443083057999,
-0.104953805631195));
#7374=CARTESIAN_POINT('Ctrl Pts',(4.37095678986282E-17,-0.543835108001862,
-0.105305068325005));
#7375=CARTESIAN_POINT('Ctrl Pts',(-8.74191357972564E-17,-0.543054257739788,
-0.105746684994523));
#7376=CARTESIAN_POINT('Ctrl Pts',(4.37095678986282E-17,-0.542211099172365,
-0.106118120516705));
#7377=CARTESIAN_POINT('Ctrl Pts',(4.37095678986282E-17,-0.541298381546119,
-0.106427285399437));
#7378=CARTESIAN_POINT('Ctrl Pts',(-1.74838271594513E-16,-0.540289909092495,
-0.106635354070494));
#7379=CARTESIAN_POINT('Ctrl Pts',(0.,-0.539177154477484,-0.106713885495749));
#7380=CARTESIAN_POINT('Ctrl Pts',(0.,-0.537954957593874,-0.106683660894806));
#7381=CARTESIAN_POINT('Ctrl Pts',(4.37095678986282E-17,-0.537112701468704,
-0.106566360536859));
#7382=CARTESIAN_POINT('Ctrl Pts',(0.,-0.53667048814586,-0.106504773830026));
#7383=CARTESIAN_POINT('',(0.,-0.528260678019278,-0.101362368766735));
#7384=CARTESIAN_POINT('Ctrl Pts',(0.,-0.53667048814586,-0.106504773830026));
#7385=CARTESIAN_POINT('Ctrl Pts',(0.,-0.536222732524247,-0.10642135437597));
#7386=CARTESIAN_POINT('Ctrl Pts',(0.,-0.535343324972965,-0.106257515678519));
#7387=CARTESIAN_POINT('Ctrl Pts',(4.37095678986282E-17,-0.534079786307249,
-0.10586367749102));
#7388=CARTESIAN_POINT('Ctrl Pts',(0.,-0.532893454772179,-0.105366071642081));
#7389=CARTESIAN_POINT('Ctrl Pts',(0.,-0.531789504962656,-0.104752757678635));
#7390=CARTESIAN_POINT('Ctrl Pts',(4.37095678986282E-17,-0.530768719866102,
-0.10404216659866));
#7391=CARTESIAN_POINT('Ctrl Pts',(0.,-0.529838586523192,-0.103236143599354));
#7392=CARTESIAN_POINT('Ctrl Pts',(0.,-0.528990146868258,-0.102349485083351));
#7393=CARTESIAN_POINT('Ctrl Pts',(0.,-0.528504465891019,-0.101692262204028));
#7394=CARTESIAN_POINT('Ctrl Pts',(0.,-0.528260678019278,-0.101362368766735));
#7395=CARTESIAN_POINT('',(0.,-0.526243272955987,-0.0902785080072416));
#7396=CARTESIAN_POINT('Ctrl Pts',(0.,-0.528260678019278,-0.101362368766735));
#7397=CARTESIAN_POINT('Ctrl Pts',(-8.74191357972564E-17,-0.528011052248518,
-0.10097757303767));
#7398=CARTESIAN_POINT('Ctrl Pts',(-8.74191357972564E-17,-0.527513960211906,
-0.100211310435621));
#7399=CARTESIAN_POINT('Ctrl Pts',(0.,-0.526939077449672,-0.0989607553634419));
#7400=CARTESIAN_POINT('Ctrl Pts',(-1.74838271594513E-16,-0.52649427463443,
-0.0976508881488216));
#7401=CARTESIAN_POINT('Ctrl Pts',(0.,-0.526184754035281,-0.0962742996161836));
#7402=CARTESIAN_POINT('Ctrl Pts',(0.,-0.52601772180256,-0.0948400214292499));
#7403=CARTESIAN_POINT('Ctrl Pts',(4.37095678986282E-17,-0.525960933234078,
-0.0933585255163839));
#7404=CARTESIAN_POINT('Ctrl Pts',(-8.74191357972564E-17,-0.526032638450679,
-0.0918288732420964));
#7405=CARTESIAN_POINT('Ctrl Pts',(4.37095678986282E-17,-0.526172087033005,
-0.0908024685997406));
#7406=CARTESIAN_POINT('Ctrl Pts',(0.,-0.526243272955987,-0.0902785080072416));
#7407=CARTESIAN_POINT('',(0.,-0.530602450171177,-0.0790680649692669));
#7408=CARTESIAN_POINT('Ctrl Pts',(0.,-0.526243272955987,-0.0902785080072416));
#7409=CARTESIAN_POINT('Ctrl Pts',(4.37095678986282E-17,-0.526340461152859,
-0.0897394118633393));
#7410=CARTESIAN_POINT('Ctrl Pts',(0.,-0.526534571326521,-0.0886626962797567));
#7411=CARTESIAN_POINT('Ctrl Pts',(0.,-0.526927162527297,-0.0870684583326276));
#7412=CARTESIAN_POINT('Ctrl Pts',(0.,-0.527441498834827,-0.0855089726383757));
#7413=CARTESIAN_POINT('Ctrl Pts',(0.,-0.528026995695667,-0.0839951765514118));
#7414=CARTESIAN_POINT('Ctrl Pts',(0.,-0.528659624954889,-0.0825700922551812));
#7415=CARTESIAN_POINT('Ctrl Pts',(0.,-0.529300121122598,-0.081268474334249));
#7416=CARTESIAN_POINT('Ctrl Pts',(0.,-0.529935834097513,-0.0801097239962494));
#7417=CARTESIAN_POINT('Ctrl Pts',(0.,-0.53038783743546,-0.0794034203594184));
#7418=CARTESIAN_POINT('Ctrl Pts',(0.,-0.530602450171177,-0.0790680649692669));
#7419=CARTESIAN_POINT('',(0.,-0.536187893209151,-0.0799541409186339));
#7420=CARTESIAN_POINT('',(0.,-0.530602450171177,-0.0790680649692669));
#7421=CARTESIAN_POINT('',(0.,-0.536124602069911,-0.080341799146482));
#7422=CARTESIAN_POINT('',(0.,-0.536187893209151,-0.0799541409186339));
#7423=CARTESIAN_POINT('',(0.,-0.530831880550923,-0.0907848371211656));
#7424=CARTESIAN_POINT('Ctrl Pts',(0.,-0.536124602069911,-0.080341799146482));
#7425=CARTESIAN_POINT('Ctrl Pts',(0.,-0.535816220068121,-0.0806829414003661));
#7426=CARTESIAN_POINT('Ctrl Pts',(4.37095678986282E-17,-0.53518585709963,
-0.0813802695277793));
#7427=CARTESIAN_POINT('Ctrl Pts',(-1.74838271594513E-16,-0.534318491837444,
-0.0825313296816985));
#7428=CARTESIAN_POINT('Ctrl Pts',(1.31128703695885E-16,-0.533503784542565,
-0.0837951165851694));
#7429=CARTESIAN_POINT('Ctrl Pts',(-8.74191357972564E-17,-0.532748786959703,
-0.0851454843857452));
#7430=CARTESIAN_POINT('Ctrl Pts',(0.,-0.532069920142548,-0.0865408249165191));
#7431=CARTESIAN_POINT('Ctrl Pts',(0.,-0.531523968479377,-0.0879573826248223));
#7432=CARTESIAN_POINT('Ctrl Pts',(0.,-0.531092649156686,-0.0893650994645745));
#7433=CARTESIAN_POINT('Ctrl Pts',(-8.74191357972564E-17,-0.530917993103572,
-0.0903160029478854));
#7434=CARTESIAN_POINT('Ctrl Pts',(0.,-0.530831880550923,-0.0907848371211656));
#7435=CARTESIAN_POINT('',(0.,-0.532034412196493,-0.0976281915515454));
#7436=CARTESIAN_POINT('Ctrl Pts',(0.,-0.530831880550923,-0.0907848371211656));
#7437=CARTESIAN_POINT('Ctrl Pts',(0.,-0.530795881969685,-0.0910639620809007));
#7438=CARTESIAN_POINT('Ctrl Pts',(0.,-0.530722401709512,-0.0916337116086976));
#7439=CARTESIAN_POINT('Ctrl Pts',(-8.74191357972564E-17,-0.530693250910759,
-0.0925124988184253));
#7440=CARTESIAN_POINT('Ctrl Pts',(-8.74191357972564E-17,-0.53073736592762,
-0.0934294565010974));
#7441=CARTESIAN_POINT('Ctrl Pts',(4.37095678986282E-17,-0.530835707669534,
-0.0943657441776927));
#7442=CARTESIAN_POINT('Ctrl Pts',(-8.74191357972564E-17,-0.530999657459255,
-0.0952849101823904));
#7443=CARTESIAN_POINT('Ctrl Pts',(4.37095678986282E-17,-0.531256762639585,
-0.0961443226913211));
#7444=CARTESIAN_POINT('Ctrl Pts',(-1.74838271594513E-16,-0.531587715050434,
-0.0969313217871031));
#7445=CARTESIAN_POINT('Ctrl Pts',(-8.74191357972564E-17,-0.531887987287302,
-0.0973997614107301));
#7446=CARTESIAN_POINT('Ctrl Pts',(0.,-0.532034412196493,-0.0976281915515454));
#7447=CARTESIAN_POINT('',(0.,-0.53788884257624,-0.100982621931292));
#7448=CARTESIAN_POINT('Ctrl Pts',(0.,-0.532034412196493,-0.0976281915515454));
#7449=CARTESIAN_POINT('Ctrl Pts',(4.37095678986282E-17,-0.532204237261403,
-0.0978506194650688));
#7450=CARTESIAN_POINT('Ctrl Pts',(1.31128703695885E-16,-0.532538298189101,
-0.098288154849949));
#7451=CARTESIAN_POINT('Ctrl Pts',(-2.18547839493141E-16,-0.533105083506632,
-0.0988745558492464));
#7452=CARTESIAN_POINT('Ctrl Pts',(1.31128703695885E-16,-0.533708960104753,
-0.099395140474811));
#7453=CARTESIAN_POINT('Ctrl Pts',(-8.74191357972564E-17,-0.534368680952028,
-0.0998449954752749));
#7454=CARTESIAN_POINT('Ctrl Pts',(1.31128703695885E-16,-0.535103237891577,
-0.100235211597932));
#7455=CARTESIAN_POINT('Ctrl Pts',(-8.74191357972564E-17,-0.535940845524797,
-0.100543330812095));
#7456=CARTESIAN_POINT('Ctrl Pts',(0.,-0.536876452205022,-0.100808715856391));
#7457=CARTESIAN_POINT('Ctrl Pts',(0.,-0.537541984369172,-0.100923039431247));
#7458=CARTESIAN_POINT('Ctrl Pts',(0.,-0.53788884257624,-0.100982621931292));
#7459=CARTESIAN_POINT('',(0.,-0.544059728652189,-0.0994319890198998));
#7460=CARTESIAN_POINT('Ctrl Pts',(0.,-0.53788884257624,-0.100982621931292));
#7461=CARTESIAN_POINT('Ctrl Pts',(0.,-0.538233619778251,-0.101032045111778));
#7462=CARTESIAN_POINT('Ctrl Pts',(-8.74191357972564E-17,-0.538894603395941,
-0.101126795902854));
#7463=CARTESIAN_POINT('Ctrl Pts',(0.,-0.539857431303724,-0.101148457986758));
#7464=CARTESIAN_POINT('Ctrl Pts',(0.,-0.540741579721648,-0.101082731933758));
#7465=CARTESIAN_POINT('Ctrl Pts',(-2.18547839493141E-16,-0.54154743057294,
-0.100917519118614));
#7466=CARTESIAN_POINT('Ctrl Pts',(4.37095678986282E-17,-0.542277988627482,
-0.10066124142829));
#7467=CARTESIAN_POINT('Ctrl Pts',(-1.74838271594513E-16,-0.542937991111688,
-0.100325753186394));
#7468=CARTESIAN_POINT('Ctrl Pts',(4.37095678986282E-17,-0.543541053402769,
-0.0999236085573334));
#7469=CARTESIAN_POINT('Ctrl Pts',(0.,-0.543887321523578,-0.0995954028571955));
#7470=CARTESIAN_POINT('Ctrl Pts',(0.,-0.544059728652189,-0.0994319890198998));
#7471=CARTESIAN_POINT('',(0.,-0.546528083082569,-0.0933085712983808));
#7472=CARTESIAN_POINT('Ctrl Pts',(0.,-0.544059728652189,-0.0994319890198998));
#7473=CARTESIAN_POINT('Ctrl Pts',(-1.74838271594513E-16,-0.544225231427849,
-0.0992538547978411));
#7474=CARTESIAN_POINT('Ctrl Pts',(-8.74191357972564E-17,-0.544561215760233,
-0.0988922275838273));
#7475=CARTESIAN_POINT('Ctrl Pts',(4.37095678986282E-17,-0.544988543567164,
-0.0982650580296257));
#7476=CARTESIAN_POINT('Ctrl Pts',(0.,-0.545358000506161,-0.0975682382660033));
#7477=CARTESIAN_POINT('Ctrl Pts',(4.37095678986282E-17,-0.545784647538614,
-0.0965305430277413));
#7478=CARTESIAN_POINT('Ctrl Pts',(-1.74838271594513E-16,-0.546193005653595,
-0.0951044418197702));
#7479=CARTESIAN_POINT('Ctrl Pts',(0.,-0.546414041054957,-0.0939197873871949));
#7480=CARTESIAN_POINT('Ctrl Pts',(0.,-0.546528083082569,-0.0933085712983808));
#7481=CARTESIAN_POINT('',(0.,-0.546892007133202,-0.0909905333236972));
#7482=CARTESIAN_POINT('',(0.,-0.546528083082569,-0.0933085712983808));
#7483=CARTESIAN_POINT('',(0.,-0.551448969158518,-0.0917183814249631));
#7484=CARTESIAN_POINT('',(0.,-0.546892007133202,-0.0909905333236972));
#7485=CARTESIAN_POINT('',(0.,-0.551172070424341,-0.0934747105388871));
#7486=CARTESIAN_POINT('',(0.,-0.551448969158518,-0.0917183814249631));
#7487=CARTESIAN_POINT('',(0.,-0.556480614728139,-0.102897178893317));
#7488=CARTESIAN_POINT('Ctrl Pts',(0.,-0.551172070424341,-0.0934747105388871));
#7489=CARTESIAN_POINT('Ctrl Pts',(4.37095678986282E-17,-0.551129096829456,
-0.0937854793578164));
#7490=CARTESIAN_POINT('Ctrl Pts',(0.,-0.551045196894445,-0.0943922120219517));
#7491=CARTESIAN_POINT('Ctrl Pts',(4.37095678986282E-17,-0.55097932517279,
-0.0952906520522586));
#7492=CARTESIAN_POINT('Ctrl Pts',(0.,-0.550981948264205,-0.0961494926251074));
#7493=CARTESIAN_POINT('Ctrl Pts',(-1.74838271594513E-16,-0.551029612563203,
-0.0969708116845277));
#7494=CARTESIAN_POINT('Ctrl Pts',(4.37095678986282E-17,-0.551161843900023,
-0.0977474613238387));
#7495=CARTESIAN_POINT('Ctrl Pts',(-1.74838271594513E-16,-0.551339187560141,
-0.0984880412963872));
#7496=CARTESIAN_POINT('Ctrl Pts',(4.37095678986282E-17,-0.551588478650043,
-0.0991853368737074));
#7497=CARTESIAN_POINT('Ctrl Pts',(-8.74191357972564E-17,-0.551883845432455,
-0.0998443643013472));
#7498=CARTESIAN_POINT('Ctrl Pts',(0.,-0.552248864500784,-0.100446681335043));
#7499=CARTESIAN_POINT('Ctrl Pts',(-8.74191357972564E-17,-0.552672993695772,
-0.100991488722478));
#7500=CARTESIAN_POINT('Ctrl Pts',(0.,-0.553154667271978,-0.101478603774832));
#7501=CARTESIAN_POINT('Ctrl Pts',(0.,-0.553707749762804,-0.101889343550791));
#7502=CARTESIAN_POINT('Ctrl Pts',(0.,-0.554314404742626,-0.102243081316984));
#7503=CARTESIAN_POINT('Ctrl Pts',(4.37095678986282E-17,-0.554984286953264,
-0.102522039250281));
#7504=CARTESIAN_POINT('Ctrl Pts',(-1.74838271594513E-16,-0.555706989060616,
-0.10276068388158));
#7505=CARTESIAN_POINT('Ctrl Pts',(-8.74191357972564E-17,-0.556217980152685,
-0.102850840837376));
#7506=CARTESIAN_POINT('Ctrl Pts',(0.,-0.556480614728139,-0.102897178893317));
#7507=CARTESIAN_POINT('',(-8.74191357972564E-17,-0.561124602069911,-0.10132281180471));
#7508=CARTESIAN_POINT('Ctrl Pts',(0.,-0.556480614728139,-0.102897178893317));
#7509=CARTESIAN_POINT('Ctrl Pts',(0.,-0.556714944098095,-0.102926645052725));
#7510=CARTESIAN_POINT('Ctrl Pts',(-8.74191357972564E-17,-0.557169331644628,
-0.102983782815189));
#7511=CARTESIAN_POINT('Ctrl Pts',(1.31128703695885E-16,-0.557844078824501,
-0.102972717938712));
#7512=CARTESIAN_POINT('Ctrl Pts',(-8.74191357972564E-17,-0.558487046546136,
-0.102892223745332));
#7513=CARTESIAN_POINT('Ctrl Pts',(4.37095678986282E-17,-0.559093228872744,
-0.102710378486509));
#7514=CARTESIAN_POINT('Ctrl Pts',(-1.74838271594513E-16,-0.559665961558951,
-0.10247041928493));
#7515=CARTESIAN_POINT('Ctrl Pts',(4.37095678986282E-17,-0.560188613914087,
-0.102142977808052));
#7516=CARTESIAN_POINT('Ctrl Pts',(-8.74191357972564E-17,-0.560689813275906,
-0.101775695016888));
#7517=CARTESIAN_POINT('Ctrl Pts',(0.,-0.560978388449439,-0.101475110334517));
#7518=CARTESIAN_POINT('Ctrl Pts',(-8.74191357972564E-17,-0.561124602069911,
-0.10132281180471));
#7519=CARTESIAN_POINT('',(0.,-0.563189475487632,-0.0962595206654694));
#7520=CARTESIAN_POINT('Ctrl Pts',(-8.74191357972564E-17,-0.561124602069911,
-0.10132281180471));
#7521=CARTESIAN_POINT('Ctrl Pts',(4.37095678986282E-17,-0.561264476475483,
-0.101153529898801));
#7522=CARTESIAN_POINT('Ctrl Pts',(4.37095678986282E-17,-0.561542304443989,
-0.100817290771768));
#7523=CARTESIAN_POINT('Ctrl Pts',(-8.74191357972564E-17,-0.561909172481042,
-0.100276804627976));
#7524=CARTESIAN_POINT('Ctrl Pts',(0.,-0.562217992471769,-0.099702681309983));
#7525=CARTESIAN_POINT('Ctrl Pts',(-8.74191357972564E-17,-0.562574544107576,
-0.0988772930714043));
#7526=CARTESIAN_POINT('Ctrl Pts',(-1.74838271594513E-16,-0.562918792930913,
-0.0977271386884702));
#7527=CARTESIAN_POINT('Ctrl Pts',(4.37095678986282E-17,-0.563096205418478,
-0.0967652231243061));
#7528=CARTESIAN_POINT('Ctrl Pts',(0.,-0.563189475487632,-0.0962595206654694));
#7529=CARTESIAN_POINT('',(0.,-0.561298652702822,-0.0852389510452162));
#7530=CARTESIAN_POINT('Ctrl Pts',(0.,-0.563189475487632,-0.0962595206654694));
#7531=CARTESIAN_POINT('Ctrl Pts',(0.,-0.563245909224439,-0.0958408947439094));
#7532=CARTESIAN_POINT('Ctrl Pts',(0.,-0.563360896805971,-0.0949879159228939));
#7533=CARTESIAN_POINT('Ctrl Pts',(4.37095678986282E-17,-0.563365996007127,
-0.0936661625507211));
#7534=CARTESIAN_POINT('Ctrl Pts',(4.37095678986282E-17,-0.563304980830057,
-0.0922904685221923));
#7535=CARTESIAN_POINT('Ctrl Pts',(0.,-0.563105276114474,-0.090872123976159));
#7536=CARTESIAN_POINT('Ctrl Pts',(0.,-0.562822570771422,-0.0894338363647132));
#7537=CARTESIAN_POINT('Ctrl Pts',(4.37095678986282E-17,-0.562410498271659,
-0.0880098288468734));
#7538=CARTESIAN_POINT('Ctrl Pts',(-8.74191357972564E-17,-0.561918990121531,
-0.0866020640529616));
#7539=CARTESIAN_POINT('Ctrl Pts',(0.,-0.561506158970117,-0.0856949198189951));
#7540=CARTESIAN_POINT('Ctrl Pts',(0.,-0.561298652702822,-0.0852389510452162));
#7541=CARTESIAN_POINT('',(0.,-0.561338209664847,-0.0849778750958491));
#7542=CARTESIAN_POINT('',(0.,-0.561298652702822,-0.0852389510452162));
#7543=CARTESIAN_POINT('',(0.,-0.566923652702822,-0.0858639510452162));
#7544=CARTESIAN_POINT('',(0.,-0.561338209664847,-0.0849778750958491));
#7545=CARTESIAN_POINT('',(0.,-0.567698969158518,-0.0972642675009125));
#7546=CARTESIAN_POINT('Ctrl Pts',(0.,-0.566923652702822,-0.0858639510452162));
#7547=CARTESIAN_POINT('Ctrl Pts',(4.37095678986282E-17,-0.567028446617285,
-0.086224055618287));
#7548=CARTESIAN_POINT('Ctrl Pts',(-8.74191357972564E-17,-0.56725077118663,
-0.0869880321768302));
#7549=CARTESIAN_POINT('Ctrl Pts',(4.37095678986282E-17,-0.567505401601393,
-0.0882258432765906));
#7550=CARTESIAN_POINT('Ctrl Pts',(0.,-0.567713561985199,-0.0896154671756203));
#7551=CARTESIAN_POINT('Ctrl Pts',(-8.74191357972564E-17,-0.567889794605546,
-0.0911239112591322));
#7552=CARTESIAN_POINT('Ctrl Pts',(4.37095678986282E-17,-0.567980264021167,
-0.0926927645486313));
#7553=CARTESIAN_POINT('Ctrl Pts',(-8.74191357972564E-17,-0.567994426154513,
-0.0942539778366402));
#7554=CARTESIAN_POINT('Ctrl Pts',(4.37095678986282E-17,-0.567900032461012,
-0.0957764332832767));
#7555=CARTESIAN_POINT('Ctrl Pts',(-8.74191357972564E-17,-0.567765523330602,
-0.0967717779549613));
#7556=CARTESIAN_POINT('Ctrl Pts',(0.,-0.567698969158518,-0.0972642675009125));
#7557=CARTESIAN_POINT('',(0.,-0.564035994474974,-0.105879773830026));
#7558=CARTESIAN_POINT('Ctrl Pts',(0.,-0.567698969158518,-0.0972642675009125));
#7559=CARTESIAN_POINT('Ctrl Pts',(-8.74191357972564E-17,-0.567619752430239,
-0.097724156150439));
#7560=CARTESIAN_POINT('Ctrl Pts',(-8.74191357972564E-17,-0.567465490902304,
-0.0986197135320295));
#7561=CARTESIAN_POINT('Ctrl Pts',(4.37095678986282E-17,-0.56715553308895,
-0.0999053467561941));
#7562=CARTESIAN_POINT('Ctrl Pts',(-8.74191357972564E-17,-0.566800635740386,
-0.101100652288637));
#7563=CARTESIAN_POINT('Ctrl Pts',(1.31128703695885E-16,-0.566391975117225,
-0.10220591812191));
#7564=CARTESIAN_POINT('Ctrl Pts',(-8.74191357972564E-17,-0.565911672409223,
-0.103229214332649));
#7565=CARTESIAN_POINT('Ctrl Pts',(-8.74191357972564E-17,-0.565368122850487,
-0.104183907566744));
#7566=CARTESIAN_POINT('Ctrl Pts',(4.37095678986282E-17,-0.564738093234983,
-0.105066028004071));
#7567=CARTESIAN_POINT('Ctrl Pts',(0.,-0.564269653371233,-0.105608958722013));
#7568=CARTESIAN_POINT('Ctrl Pts',(0.,-0.564035994474974,-0.105879773830026));
#7569=CARTESIAN_POINT('',(0.,-0.556108779285101,-0.108545913070533));
#7570=CARTESIAN_POINT('Ctrl Pts',(0.,-0.564035994474974,-0.105879773830026));
#7571=CARTESIAN_POINT('Ctrl Pts',(0.,-0.56377097853,-0.106148267037972));
#7572=CARTESIAN_POINT('Ctrl Pts',(0.,-0.563252936474674,-0.106673106301131));
#7573=CARTESIAN_POINT('Ctrl Pts',(0.,-0.562376142234322,-0.107322529929201));
#7574=CARTESIAN_POINT('Ctrl Pts',(-8.74191357972564E-17,-0.561463927123096,
-0.10786085971046));
#7575=CARTESIAN_POINT('Ctrl Pts',(0.,-0.560495558828355,-0.108267030448746));
#7576=CARTESIAN_POINT('Ctrl Pts',(-8.74191357972564E-17,-0.559475480449692,
-0.1085517115587));
#7577=CARTESIAN_POINT('Ctrl Pts',(4.37095678986282E-17,-0.558396547575823,
-0.108673871844045));
#7578=CARTESIAN_POINT('Ctrl Pts',(0.,-0.557264992626711,-0.108701953701609));
#7579=CARTESIAN_POINT('Ctrl Pts',(4.37095678986282E-17,-0.556501026279797,
-0.108598850073063));
#7580=CARTESIAN_POINT('Ctrl Pts',(0.,-0.556108779285101,-0.108545913070533));
#7581=CARTESIAN_POINT('Ctrl Pts',(0.,-0.556108779285101,-0.108545913070533));
#7582=CARTESIAN_POINT('Ctrl Pts',(-8.74191357972564E-17,-0.555838715179945,
-0.108495230400576));
#7583=CARTESIAN_POINT('Ctrl Pts',(0.,-0.555303614195698,-0.108394808515327));
#7584=CARTESIAN_POINT('Ctrl Pts',(-8.74191357972564E-17,-0.554530134393952,
-0.108164220434161));
#7585=CARTESIAN_POINT('Ctrl Pts',(0.,-0.553792454081244,-0.107870149424119));
#7586=CARTESIAN_POINT('Ctrl Pts',(0.,-0.55309582905608,-0.107502139298722));
#7587=CARTESIAN_POINT('Ctrl Pts',(4.37095678986282E-17,-0.552430122586566,
-0.107078406640501));
#7588=CARTESIAN_POINT('Ctrl Pts',(0.,-0.551807090222867,-0.106579893766388));
#7589=CARTESIAN_POINT('Ctrl Pts',(-8.74191357972564E-17,-0.551221872661502,
-0.106018511137427));
#7590=CARTESIAN_POINT('Ctrl Pts',(4.37095678986282E-17,-0.550682109447045,
-0.10539483542943));
#7591=CARTESIAN_POINT('Ctrl Pts',(0.,-0.550184527956011,-0.104735878210287));
#7592=CARTESIAN_POINT('Ctrl Pts',(0.,-0.549752124977771,-0.104048251463419));
#7593=CARTESIAN_POINT('Ctrl Pts',(-8.74191357972564E-17,-0.549375273756979,
-0.103345592962467));
#7594=CARTESIAN_POINT('Ctrl Pts',(4.37095678986282E-17,-0.549060341670433,
-0.102628860175594));
#7595=CARTESIAN_POINT('Ctrl Pts',(0.,-0.548802604422744,-0.101894385586369));
#7596=CARTESIAN_POINT('Ctrl Pts',(0.,-0.548615196034906,-0.101144629166645));
#7597=CARTESIAN_POINT('Ctrl Pts',(4.37095678986282E-17,-0.54848543322238,
-0.100377229287615));
#7598=CARTESIAN_POINT('Ctrl Pts',(0.,-0.548446493414524,-0.0998596562075773));
#7599=CARTESIAN_POINT('Ctrl Pts',(-8.74191357972564E-17,-0.548426817259784,
-0.0995981282604061));
#7600=CARTESIAN_POINT('',(0.,0.530824344741684,0.106171773286705));
#7601=CARTESIAN_POINT('',(0.,0.529515934919607,0.106542018458333));
#7602=CARTESIAN_POINT('Ctrl Pts',(2.0488859952482E-18,0.530824344741684,
0.106171773286705));
#7603=CARTESIAN_POINT('Ctrl Pts',(2.0488859952482E-18,0.530383779396264,
0.106282713804589));
#7604=CARTESIAN_POINT('Ctrl Pts',(2.0488859952482E-18,0.529943214050844,
0.106393654322473));
#7605=CARTESIAN_POINT('Ctrl Pts',(2.0488859952482E-18,0.529515934913184,
0.106542018438783));
#7606=CARTESIAN_POINT('',(0.,0.526884940939643,0.0928291926660413));
#7607=CARTESIAN_POINT('Ctrl Pts',(0.,0.526884940939643,0.0928291926660413));
#7608=CARTESIAN_POINT('Ctrl Pts',(0.,0.526783205835544,0.093650347945488));
#7609=CARTESIAN_POINT('Ctrl Pts',(0.,0.526582370846731,0.0952713883210915));
#7610=CARTESIAN_POINT('Ctrl Pts',(0.,0.526672888817138,0.0977132460709801));
#7611=CARTESIAN_POINT('Ctrl Pts',(0.,0.52715013282728,0.100552181557591));
#7612=CARTESIAN_POINT('Ctrl Pts',(0.,0.528203616101365,0.10370559741911));
#7613=CARTESIAN_POINT('Ctrl Pts',(0.,0.529988088641122,0.105384833890306));
#7614=CARTESIAN_POINT('Ctrl Pts',(0.,0.530824344741684,0.106171773286705));
#7615=CARTESIAN_POINT('',(0.,0.5313926878,0.0620226677));
#7616=CARTESIAN_POINT('Origin',(0.,-3.73230987917913E-5,-5.46056550707031E-6));
#7617=CARTESIAN_POINT('',(0.,0.5375227969,0.06031293));
#7618=CARTESIAN_POINT('',(0.,0.0544035155721278,0.195058859543598));
#7619=CARTESIAN_POINT('',(0.,0.5385667585,0.0501423147999999));
#7620=CARTESIAN_POINT('Origin',(0.,0.00099155305475865,0.000101857373922798));
#7621=CARTESIAN_POINT('',(0.,0.5329199043,0.047131472));
#7622=CARTESIAN_POINT('',(0.,0.0984000536796666,-0.184549906226007));
#7623=CARTESIAN_POINT('',(0.,0.534998170964124,-0.0013989514076974));
#7624=CARTESIAN_POINT('Origin',(0.,-9.18943758715767E-5,-3.93474856295249E-6));
#7625=CARTESIAN_POINT('',(0.,0.541379922008346,-0.00266885752470461));
#7626=CARTESIAN_POINT('Ctrl Pts',(0.,0.534998170964124,-0.0013989514076974));
#7627=CARTESIAN_POINT('Ctrl Pts',(0.,0.536926111992331,-0.00250554620093041));
#7628=CARTESIAN_POINT('Ctrl Pts',(0.,0.539202359518036,-0.00248316485962741));
#7629=CARTESIAN_POINT('Ctrl Pts',(0.,0.541379922008346,-0.00266885752470461));
#7630=CARTESIAN_POINT('',(0.,0.549493646586871,-0.00896865972892911));
#7631=CARTESIAN_POINT('Ctrl Pts',(0.,0.541379922008346,-0.00266885752470461));
#7632=CARTESIAN_POINT('Ctrl Pts',(0.,0.543187559466678,-0.0028877048950169));
#7633=CARTESIAN_POINT('Ctrl Pts',(0.,0.547454579868147,-0.00304177551698451));
#7634=CARTESIAN_POINT('Ctrl Pts',(0.,0.549810251528993,-0.00691092367841871));
#7635=CARTESIAN_POINT('Ctrl Pts',(0.,0.549493646586871,-0.00896865972892911));
#7636=CARTESIAN_POINT('',(0.,0.5492892392,-0.0174652195));
#7637=CARTESIAN_POINT('Origin',(0.,0.108797398770873,0.0588294241135888));
#7638=CARTESIAN_POINT('',(0.,0.5347300485,-0.0169933864));
#7639=CARTESIAN_POINT('',(0.,1.08809615106369E-5,0.000335750064233987));
#7640=CARTESIAN_POINT('',(0.,0.5342725079,-0.0278906314));
#7641=CARTESIAN_POINT('Origin',(0.,-4.39801518624372E-6,1.81561817628197E-7));
#7642=CARTESIAN_POINT('',(0.,0.5742154676,-0.0300260389));
#7643=CARTESIAN_POINT('',(0.,3.58416864356957E-5,0.000670421470787675));
#7644=CARTESIAN_POINT('',(0.,0.574956353955787,-0.00708340651606711));
#7645=CARTESIAN_POINT('Origin',(0.,1.86431692779955E-5,-2.23732970393899E-7));
#7646=CARTESIAN_POINT('',(0.,0.563675827001951,0.00852881351811539));
#7647=CARTESIAN_POINT('Ctrl Pts',(0.,0.574956353955787,-0.00708340651606711));
#7648=CARTESIAN_POINT('Ctrl Pts',(0.,0.574978158431565,-0.00249787254949601));
#7649=CARTESIAN_POINT('Ctrl Pts',(0.,0.573676785528832,0.00576106748634639));
#7650=CARTESIAN_POINT('Ctrl Pts',(0.,0.566296415800523,0.00855595679808339));
#7651=CARTESIAN_POINT('Ctrl Pts',(0.,0.563675827001951,0.00852881351811539));
#7652=CARTESIAN_POINT('',(0.,0.5537103575,0.0015821137));
#7653=CARTESIAN_POINT('Ctrl Pts',(0.,0.563675827001951,0.00852881351811539));
#7654=CARTESIAN_POINT('Ctrl Pts',(0.,0.559401322756728,0.0083942437182201));
#7655=CARTESIAN_POINT('Ctrl Pts',(0.,0.555083915761306,0.00567742347617189));
#7656=CARTESIAN_POINT('Ctrl Pts',(0.,0.5537103575,0.0015821137));
#7657=CARTESIAN_POINT('',(0.,0.5535980421,0.00158181859999999));
#7658=CARTESIAN_POINT('',(0.,-3.34423092108742E-7,0.000127281814159294));
#7659=CARTESIAN_POINT('',(0.,0.543964671596392,0.00775119122066739));
#7660=CARTESIAN_POINT('Ctrl Pts',(0.,0.5535980421,0.00158181859999999));
#7661=CARTESIAN_POINT('Ctrl Pts',(0.,0.552849386745829,0.00582568349140589));
#7662=CARTESIAN_POINT('Ctrl Pts',(0.,0.547988337041878,0.00738581375566189));
#7663=CARTESIAN_POINT('Ctrl Pts',(0.,0.543964671596392,0.00775119122066739));
#7664=CARTESIAN_POINT('',(0.,0.5367987144,0.00874436049999999));
#7665=CARTESIAN_POINT('Ctrl Pts',(0.,0.543964671596392,0.00775119122066739));
#7666=CARTESIAN_POINT('Ctrl Pts',(0.,0.54155678136339,0.00793636666376149));
#7667=CARTESIAN_POINT('Ctrl Pts',(0.,0.539130850152452,0.00809985828554219));
#7668=CARTESIAN_POINT('Ctrl Pts',(0.,0.5367987144,0.00874436049999999));
#7669=CARTESIAN_POINT('',(0.,0.5749241591,0.00933627459999999));
#7670=CARTESIAN_POINT('',(0.,-6.36897205603372E-6,0.000410228261023281));
#7671=CARTESIAN_POINT('',(0.,0.5744756772,0.0245486577));
#7672=CARTESIAN_POINT('Origin',(0.,0.00284410508385702,8.3373141093098E-5));
#7673=CARTESIAN_POINT('',(0.,0.5459999833,0.0233761522));
#7674=CARTESIAN_POINT('',(0.,-3.67586969330037E-5,0.000892728777841198));
#7675=CARTESIAN_POINT('',(0.,0.545168066106871,0.0381342396988956));
#7676=CARTESIAN_POINT('Origin',(0.,-0.000872692842587819,-4.87099537551943E-5));
#7677=CARTESIAN_POINT('',(0.,0.572632873170479,0.0521208606936486));
#7678=CARTESIAN_POINT('Ctrl Pts',(0.,0.572632873170479,0.0521208606936486));
#7679=CARTESIAN_POINT('Ctrl Pts',(0.,0.572335667541733,0.0519957657851056));
#7680=CARTESIAN_POINT('Ctrl Pts',(0.,0.571741256284242,0.0517455759680197));
#7681=CARTESIAN_POINT('Ctrl Pts',(0.,0.570685668879639,0.0510037838022084));
#7682=CARTESIAN_POINT('Ctrl Pts',(0.,0.568671382537863,0.0499989777822386));
#7683=CARTESIAN_POINT('Ctrl Pts',(0.,0.564681487961529,0.0479351242064175));
#7684=CARTESIAN_POINT('Ctrl Pts',(0.,0.558974483206196,0.0449878529120299));
#7685=CARTESIAN_POINT('Ctrl Pts',(0.,0.552107226464977,0.0414899681045496));
#7686=CARTESIAN_POINT('Ctrl Pts',(0.,0.547481119559573,0.0392528158341136));
#7687=CARTESIAN_POINT('Ctrl Pts',(0.,0.545168066106871,0.0381342396988956));
#7688=CARTESIAN_POINT('',(0.,0.571210533994379,0.0659054257727459));
#7689=CARTESIAN_POINT('Ctrl Pts',(0.,0.571210533994379,0.0659054257727459));
#7690=CARTESIAN_POINT('Ctrl Pts',(0.,0.571468798335595,0.0636075774175696));
#7691=CARTESIAN_POINT('Ctrl Pts',(0.,0.571984747271155,0.0590170388734143));
#7692=CARTESIAN_POINT('Ctrl Pts',(0.,0.572416993101951,0.054417864130145));
#7693=CARTESIAN_POINT('Ctrl Pts',(0.,0.572632873170479,0.0521208606936486));
#7694=CARTESIAN_POINT('',(0.,0.5452386215,0.0728677825));
#7695=CARTESIAN_POINT('Ctrl Pts',(0.,0.5452386215,0.0728677825));
#7696=CARTESIAN_POINT('Ctrl Pts',(0.,0.545914669843033,0.0727033584303104));
#7697=CARTESIAN_POINT('Ctrl Pts',(0.,0.548092621874012,0.0721736511705548));
#7698=CARTESIAN_POINT('Ctrl Pts',(0.,0.551624858600841,0.0712170044900716));
#7699=CARTESIAN_POINT('Ctrl Pts',(0.,0.555284107563424,0.0702415666811909));
#7700=CARTESIAN_POINT('Ctrl Pts',(0.,0.558544175215693,0.0694219857467945));
#7701=CARTESIAN_POINT('Ctrl Pts',(0.,0.561521192462151,0.0686916371945041));
#7702=CARTESIAN_POINT('Ctrl Pts',(0.,0.564683364954936,0.0677088628385912));
#7703=CARTESIAN_POINT('Ctrl Pts',(0.,0.567898459175085,0.0667267638927156));
#7704=CARTESIAN_POINT('Ctrl Pts',(0.,0.57007375519151,0.0661873275460183));
#7705=CARTESIAN_POINT('Ctrl Pts',(0.,0.571210533994379,0.0659054257727459));
#7706=CARTESIAN_POINT('',(0.,0.5699349484,0.0761521191));
#7707=CARTESIAN_POINT('',(0.,-4.66669028481199E-5,0.000350908335079817));
#7708=CARTESIAN_POINT('',(-8.74191357972564E-17,0.566974137068768,0.0957357188124467));
#7709=CARTESIAN_POINT('Ctrl Pts',(-8.74191357972564E-17,0.566974137068768,
0.0957357188124467));
#7710=CARTESIAN_POINT('Ctrl Pts',(-8.74191357972564E-17,0.567510511638714,
0.0924750140919734));
#7711=CARTESIAN_POINT('Ctrl Pts',(-8.74191357972564E-17,0.568582214945432,
0.0859599624341073));
#7712=CARTESIAN_POINT('Ctrl Pts',(-8.74191357972564E-17,0.569484330686369,
0.0794192725849247));
#7713=CARTESIAN_POINT('Ctrl Pts',(0.,0.5699349484,0.0761521191));
#7714=CARTESIAN_POINT('',(0.,0.556734167337736,0.111413405930783));
#7715=CARTESIAN_POINT('Ctrl Pts',(0.,0.556734167337736,0.111413405930783));
#7716=CARTESIAN_POINT('Ctrl Pts',(0.,0.557386146505298,0.111239702179973));
#7717=CARTESIAN_POINT('Ctrl Pts',(0.,0.558663937106637,0.110899266424897));
#7718=CARTESIAN_POINT('Ctrl Pts',(0.,0.560408266447162,0.109964644281753));
#7719=CARTESIAN_POINT('Ctrl Pts',(0.,0.561933691918229,0.108730320889518));
#7720=CARTESIAN_POINT('Ctrl Pts',(0.,0.563233506300351,0.107176879926346));
#7721=CARTESIAN_POINT('Ctrl Pts',(0.,0.564650710478882,0.104682568919054));
#7722=CARTESIAN_POINT('Ctrl Pts',(0.,0.565990111258833,0.100835597491395));
#7723=CARTESIAN_POINT('Ctrl Pts',(0.,0.566623162344417,0.0975547041434181));
#7724=CARTESIAN_POINT('Ctrl Pts',(-8.74191357972564E-17,0.566974137068768,
0.0957357188124467));
#7725=CARTESIAN_POINT('',(0.,0.560576499159834,0.129677869917714));
#7726=CARTESIAN_POINT('Ctrl Pts',(0.,0.560576499159834,0.129677869917714));
#7727=CARTESIAN_POINT('Ctrl Pts',(0.,0.560833103740297,0.128426835334719));
#7728=CARTESIAN_POINT('Ctrl Pts',(0.,0.561323192733698,0.126037484846959));
#7729=CARTESIAN_POINT('Ctrl Pts',(0.,0.5614702278161,0.122518463550253));
#7730=CARTESIAN_POINT('Ctrl Pts',(0.,0.561111327144218,0.119279258507619));
#7731=CARTESIAN_POINT('Ctrl Pts',(0.,0.560198225018449,0.116328108597319));
#7732=CARTESIAN_POINT('Ctrl Pts',(0.,0.558768694954819,0.11364324933422));
#7733=CARTESIAN_POINT('Ctrl Pts',(0.,0.557416451822718,0.112161190106986));
#7734=CARTESIAN_POINT('Ctrl Pts',(0.,0.556734167337736,0.111413405930783));
#7735=CARTESIAN_POINT('',(0.,0.541445101596941,0.143881453168553));
#7736=CARTESIAN_POINT('Ctrl Pts',(0.,0.541445101596941,0.143881453168553));
#7737=CARTESIAN_POINT('Ctrl Pts',(0.,0.542500656617402,0.144120259680029));
#7738=CARTESIAN_POINT('Ctrl Pts',(0.,0.544507326373031,0.144574244356088));
#7739=CARTESIAN_POINT('Ctrl Pts',(0.,0.547481292441717,0.144640709632828));
#7740=CARTESIAN_POINT('Ctrl Pts',(0.,0.550200739330412,0.144164922837321));
#7741=CARTESIAN_POINT('Ctrl Pts',(0.,0.552658066356167,0.143105831464896));
#7742=CARTESIAN_POINT('Ctrl Pts',(0.,0.554829673542955,0.141476590715159));
#7743=CARTESIAN_POINT('Ctrl Pts',(0.,0.55670976467338,0.139295175579554));
#7744=CARTESIAN_POINT('Ctrl Pts',(0.,0.558300175933653,0.136575702928699));
#7745=CARTESIAN_POINT('Ctrl Pts',(0.,0.559635022094712,0.133327480778172));
#7746=CARTESIAN_POINT('Ctrl Pts',(0.,0.560250756662291,0.130940602065727));
#7747=CARTESIAN_POINT('Ctrl Pts',(0.,0.560576499159834,0.129677869917714));
#7748=CARTESIAN_POINT('',(0.,0.544368081024425,0.132227845875774));
#7749=CARTESIAN_POINT('Ctrl Pts',(0.,0.544368081024425,0.132227845875774));
#7750=CARTESIAN_POINT('Ctrl Pts',(0.,0.543895494124745,0.134176575805198));
#7751=CARTESIAN_POINT('Ctrl Pts',(0.,0.542951603195757,0.138068745699616));
#7752=CARTESIAN_POINT('Ctrl Pts',(0.,0.541946813583349,0.141945640413399));
#7753=CARTESIAN_POINT('Ctrl Pts',(0.,0.541445101596941,0.143881453168553));
#7754=CARTESIAN_POINT('',(0.,0.544230846696416,0.132488892724453));
#7755=CARTESIAN_POINT('Ctrl Pts',(0.,0.544230846696416,0.132488892724453));
#7756=CARTESIAN_POINT('Ctrl Pts',(0.,0.54427710124003,0.132402145098922));
#7757=CARTESIAN_POINT('Ctrl Pts',(0.,0.544322846016033,0.132315129482696));
#7758=CARTESIAN_POINT('Ctrl Pts',(0.,0.544368081024425,0.132227845875774));
#7759=CARTESIAN_POINT('',(0.,0.528873038507391,0.1417111035667));
#7760=CARTESIAN_POINT('Ctrl Pts',(0.,0.528873038507391,0.1417111035667));
#7761=CARTESIAN_POINT('Ctrl Pts',(0.,0.529857626240151,0.141890754319833));
#7762=CARTESIAN_POINT('Ctrl Pts',(0.,0.531479369622696,0.14218666235359));
#7763=CARTESIAN_POINT('Ctrl Pts',(0.,0.534003021002203,0.142255787767768));
#7764=CARTESIAN_POINT('Ctrl Pts',(0.,0.53624815606695,0.141630462163714));
#7765=CARTESIAN_POINT('Ctrl Pts',(0.,0.538506443190846,0.140370365478316));
#7766=CARTESIAN_POINT('Ctrl Pts',(0.,0.540487234770497,0.138362645969846));
#7767=CARTESIAN_POINT('Ctrl Pts',(0.,0.542457320856421,0.135710881271761));
#7768=CARTESIAN_POINT('Ctrl Pts',(0.,0.543607699878123,0.133620972035932));
#7769=CARTESIAN_POINT('Ctrl Pts',(0.,0.544230846696416,0.132488892724453));
#7770=CARTESIAN_POINT('',(0.,0.519355398901525,0.128432743612515));
#7771=CARTESIAN_POINT('Ctrl Pts',(0.,0.519355398901525,0.128432743612515));
#7772=CARTESIAN_POINT('Ctrl Pts',(0.,0.519479425879436,0.129514514243345));
#7773=CARTESIAN_POINT('Ctrl Pts',(0.,0.519716353382852,0.13158100969742));
#7774=CARTESIAN_POINT('Ctrl Pts',(0.,0.520656296961293,0.134453481362753));
#7775=CARTESIAN_POINT('Ctrl Pts',(0.,0.522033923432279,0.136931743295989));
#7776=CARTESIAN_POINT('Ctrl Pts',(0.,0.523887786368438,0.138986668164493));
#7777=CARTESIAN_POINT('Ctrl Pts',(0.,0.526185366218681,0.140642387740107));
#7778=CARTESIAN_POINT('Ctrl Pts',(0.,0.527958320778077,0.141347378674238));
#7779=CARTESIAN_POINT('Ctrl Pts',(0.,0.528873038507391,0.1417111035667));
#7780=CARTESIAN_POINT('',(0.,0.522926312222551,0.113018015209656));
#7781=CARTESIAN_POINT('Ctrl Pts',(0.,0.522926312222551,0.113018015209656));
#7782=CARTESIAN_POINT('Ctrl Pts',(0.,0.520416184690788,0.117850513107047));
#7783=CARTESIAN_POINT('Ctrl Pts',(0.,0.519225880179246,0.122988755908));
#7784=CARTESIAN_POINT('Ctrl Pts',(0.,0.519355398901525,0.128432743612515));
#7785=CARTESIAN_POINT('',(0.,0.523707370818683,0.11171270512369));
#7786=CARTESIAN_POINT('Ctrl Pts',(0.,0.523707370743163,0.111712705074807));
#7787=CARTESIAN_POINT('Ctrl Pts',(0.,0.523437584305508,0.112141664939356));
#7788=CARTESIAN_POINT('Ctrl Pts',(0.,0.523181948264029,0.112579840074506));
#7789=CARTESIAN_POINT('Ctrl Pts',(0.,0.522926312222551,0.113018015209656));
#7790=CARTESIAN_POINT('Ctrl Pts',(0.,0.529515934934069,0.10654201849687));
#7791=CARTESIAN_POINT('Ctrl Pts',(0.,0.52708097562077,0.107455775142045));
#7792=CARTESIAN_POINT('Ctrl Pts',(0.,0.525156508858136,0.109473896119621));
#7793=CARTESIAN_POINT('Ctrl Pts',(0.,0.523707370913084,0.111712705184793));
#7794=CARTESIAN_POINT('',(0.,0.5541673369,-0.0835740359));
#7795=CARTESIAN_POINT('',(0.,0.5685705617,-0.0857468153));
#7796=CARTESIAN_POINT('',(0.,3.56112716700334E-6,2.3606499181526E-5));
#7797=CARTESIAN_POINT('',(0.,0.5701945815,-0.0741829492));
#7798=CARTESIAN_POINT('Origin',(0.,-0.0015640341591907,0.000218387296477722));
#7799=CARTESIAN_POINT('',(0.,0.5305345052,-0.0689792638));
#7800=CARTESIAN_POINT('',(0.,8.13459406606165E-5,0.000619981026004245));
#7801=CARTESIAN_POINT('',(0.,0.5290180747,-0.0797801772));
#7802=CARTESIAN_POINT('Origin',(0.,-5.08987053099911E-6,7.15018726783679E-7));
#7803=CARTESIAN_POINT('',(0.,0.5453054756,-0.0822371915));
#7804=CARTESIAN_POINT('',(0.,3.56118432880578E-6,2.36068780072047E-5));
#7805=CARTESIAN_POINT('',(0.,0.5428973011,-0.0968685966));
#7806=CARTESIAN_POINT('Ctrl Pts',(0.,0.5453054756,-0.0822371915));
#7807=CARTESIAN_POINT('Ctrl Pts',(0.,0.544936562033049,-0.0846809516748288));
#7808=CARTESIAN_POINT('Ctrl Pts',(0.,0.544551644339096,-0.0871223005623173));
#7809=CARTESIAN_POINT('Ctrl Pts',(0.,0.54374913963106,-0.0919996218599799));
#7810=CARTESIAN_POINT('Ctrl Pts',(0.,0.543331552661725,-0.0944355937244341));
#7811=CARTESIAN_POINT('Ctrl Pts',(0.,0.5428973011,-0.0968685966));
#7812=CARTESIAN_POINT('',(0.,0.5266851262,-0.0939562552));
#7813=CARTESIAN_POINT('',(0.,0.000114336116188829,0.000636476586515591));
#7814=CARTESIAN_POINT('',(0.,0.5246605887,-0.1046721866));
#7815=CARTESIAN_POINT('Origin',(0.,-4.7751222926779E-6,9.05366485991899E-7));
#7816=CARTESIAN_POINT('',(0.,0.5550968278,-0.1107471116));
#7817=CARTESIAN_POINT('',(0.,9.11947787789888E-6,4.56898824526873E-5));
#7818=CARTESIAN_POINT('',(0.,0.5526199006,-0.1225096255));
#7819=CARTESIAN_POINT('Ctrl Pts',(-4.37095678986282E-17,0.5550968278,-0.1107471116));
#7820=CARTESIAN_POINT('Ctrl Pts',(-4.37095678986282E-17,0.554704314332729,
-0.112711732778972));
#7821=CARTESIAN_POINT('Ctrl Pts',(0.,0.554302191410894,-0.11467444325451));
#7822=CARTESIAN_POINT('Ctrl Pts',(0.,0.553477093179845,-0.118595473020003));
#7823=CARTESIAN_POINT('Ctrl Pts',(0.,0.553054117779421,-0.120553792429291));
#7824=CARTESIAN_POINT('Ctrl Pts',(0.,0.5526199006,-0.1225096255));
#7825=CARTESIAN_POINT('',(0.,0.5223298327,-0.1157434485));
#7826=CARTESIAN_POINT('',(0.,0.000198778567103554,0.000889869758747271));
#7827=CARTESIAN_POINT('',(0.,0.5198618721,-0.1263670601));
#7828=CARTESIAN_POINT('Origin',(0.,-4.11982046238104E-6,9.59775176023397E-7));
#7829=CARTESIAN_POINT('',(0.,0.5500157833,-0.1337153672));
#7830=CARTESIAN_POINT('',(0.,7.35671164392183E-5,0.000301883993981178));
#7831=CARTESIAN_POINT('',(0.,0.5467491439,-0.1465009916));
#7832=CARTESIAN_POINT('Origin',(0.,-0.000771678797826195,0.000196940014456595));
#7833=CARTESIAN_POINT('',(0.,0.5554073501,-0.1488209509));
#7834=CARTESIAN_POINT('',(0.,-9.41864737914799E-10,-3.5150871454406E-9));
#7835=CARTESIAN_POINT('',(0.,0.5660549336,-0.1010286142));
#7836=CARTESIAN_POINT('Ctrl Pts',(0.,0.5554073501,-0.1488209509));
#7837=CARTESIAN_POINT('Ctrl Pts',(0.,0.55752033683488,-0.140936017631033));
#7838=CARTESIAN_POINT('Ctrl Pts',(0.,0.559465465085765,-0.133006080517147));
#7839=CARTESIAN_POINT('Ctrl Pts',(0.,0.563015994931804,-0.117070533727053));
#7840=CARTESIAN_POINT('Ctrl Pts',(0.,0.56462139916524,-0.109064909985508));
#7841=CARTESIAN_POINT('Ctrl Pts',(0.,0.5660549336,-0.1010286142));
#7842=CARTESIAN_POINT('',(0.,0.5517182324,-0.0984531813));
#7843=CARTESIAN_POINT('',(0.,0.000114336178898902,0.000636476932954968));
#7844=CARTESIAN_POINT('Origin',(0.,0.00157710565614431,-0.000258922812060685));
#7845=CARTESIAN_POINT('Origin',(0.,0.6,0.));
#7846=CARTESIAN_POINT('',(0.,0.55019402876784,0.121446218762893));
#7847=CARTESIAN_POINT('',(0.,0.542988205201789,0.131556041337469));
#7848=CARTESIAN_POINT('Ctrl Pts',(0.,0.55019402876784,0.121446218762893));
#7849=CARTESIAN_POINT('Ctrl Pts',(0.,0.549971888703517,0.121431881436638));
#7850=CARTESIAN_POINT('Ctrl Pts',(0.,0.549498794130813,0.121401347047179));
#7851=CARTESIAN_POINT('Ctrl Pts',(0.,0.548782310401525,0.121753645232677));
#7852=CARTESIAN_POINT('Ctrl Pts',(0.,0.548071647374096,0.122349861229217));
#7853=CARTESIAN_POINT('Ctrl Pts',(0.,0.547341007572668,0.123225789841156));
#7854=CARTESIAN_POINT('Ctrl Pts',(0.,0.546584485754358,0.124370360303939));
#7855=CARTESIAN_POINT('Ctrl Pts',(0.,0.545596344887069,0.126200797050243));
#7856=CARTESIAN_POINT('Ctrl Pts',(0.,0.544392333679918,0.128624656076102));
#7857=CARTESIAN_POINT('Ctrl Pts',(0.,0.543456248027832,0.130578912917014));
#7858=CARTESIAN_POINT('Ctrl Pts',(0.,0.542988205201789,0.131556041337469));
#7859=CARTESIAN_POINT('',(0.,0.552093045113149,0.127006542970291));
#7860=CARTESIAN_POINT('Ctrl Pts',(0.,0.552093045113149,0.127006542970291));
#7861=CARTESIAN_POINT('Ctrl Pts',(0.,0.552202717691157,0.126436617713143));
#7862=CARTESIAN_POINT('Ctrl Pts',(0.,0.552410228837763,0.125358263891807));
#7863=CARTESIAN_POINT('Ctrl Pts',(0.,0.552299120157932,0.123715526018856));
#7864=CARTESIAN_POINT('Ctrl Pts',(0.,0.551714134608216,0.122095557268249));
#7865=CARTESIAN_POINT('Ctrl Pts',(0.,0.55068559065958,0.121656197604888));
#7866=CARTESIAN_POINT('Ctrl Pts',(0.,0.55019402876784,0.121446218762893));
#7867=CARTESIAN_POINT('',(0.,0.546395575873148,0.132272074503261));
#7868=CARTESIAN_POINT('Ctrl Pts',(0.,0.546395575873148,0.132272074503261));
#7869=CARTESIAN_POINT('Ctrl Pts',(0.,0.546931670599903,0.132361592715071));
#7870=CARTESIAN_POINT('Ctrl Pts',(0.,0.547950137859553,0.132531658495092));
#7871=CARTESIAN_POINT('Ctrl Pts',(0.,0.549466516681503,0.132010014687283));
#7872=CARTESIAN_POINT('Ctrl Pts',(0.,0.550652058475982,0.130845693398382));
#7873=CARTESIAN_POINT('Ctrl Pts',(0.,0.551551261218879,0.129122500750583));
#7874=CARTESIAN_POINT('Ctrl Pts',(0.,0.55189987800954,0.127760964502752));
#7875=CARTESIAN_POINT('Ctrl Pts',(0.,0.552093045113149,0.127006542970291));
#7876=CARTESIAN_POINT('',(0.,0.543882455045458,0.142252894805416));
#7877=CARTESIAN_POINT('Origin',(0.,-0.00734130877429798,-0.00184930853369768));
#7878=CARTESIAN_POINT('',(0.,0.558976791357619,0.129464409034854));
#7879=CARTESIAN_POINT('Ctrl Pts',(0.,0.558976791357619,0.129464409034854));
#7880=CARTESIAN_POINT('Ctrl Pts',(0.,0.558730185118359,0.130418074666263));
#7881=CARTESIAN_POINT('Ctrl Pts',(0.,0.558249443164907,0.132277180421089));
#7882=CARTESIAN_POINT('Ctrl Pts',(0.,0.557133290456823,0.134875408564152));
#7883=CARTESIAN_POINT('Ctrl Pts',(0.,0.555732324216998,0.137220936462593));
#7884=CARTESIAN_POINT('Ctrl Pts',(0.,0.553474888912816,0.140035301785002));
#7885=CARTESIAN_POINT('Ctrl Pts',(0.,0.549513407013871,0.142942618089339));
#7886=CARTESIAN_POINT('Ctrl Pts',(0.,0.545752625681749,0.14248196801364));
#7887=CARTESIAN_POINT('Ctrl Pts',(0.,0.543882455045458,0.142252894805416));
#7888=CARTESIAN_POINT('',(0.,0.551732010808412,0.111233514715812));
#7889=CARTESIAN_POINT('Ctrl Pts',(0.,0.551732010808412,0.111233514715812));
#7890=CARTESIAN_POINT('Ctrl Pts',(0.,0.552435241801703,0.111417029507586));
#7891=CARTESIAN_POINT('Ctrl Pts',(0.,0.553806193521549,0.111774792350522));
#7892=CARTESIAN_POINT('Ctrl Pts',(0.,0.555626583114336,0.112885330318431));
#7893=CARTESIAN_POINT('Ctrl Pts',(0.,0.557127392883809,0.11440053118514));
#7894=CARTESIAN_POINT('Ctrl Pts',(0.,0.558295757807459,0.116336922870783));
#7895=CARTESIAN_POINT('Ctrl Pts',(0.,0.55941539944491,0.119427201998216));
#7896=CARTESIAN_POINT('Ctrl Pts',(0.,0.559992031304048,0.123944691894108));
#7897=CARTESIAN_POINT('Ctrl Pts',(0.,0.559327659045137,0.127556790647951));
#7898=CARTESIAN_POINT('Ctrl Pts',(0.,0.558976791357619,0.129464409034854));
#7899=CARTESIAN_POINT('',(0.,0.539188156233071,0.120300282828072));
#7900=CARTESIAN_POINT('Ctrl Pts',(0.,0.539188156233071,0.120300282828072));
#7901=CARTESIAN_POINT('Ctrl Pts',(0.,0.539978291901218,0.118905098634446));
#7902=CARTESIAN_POINT('Ctrl Pts',(0.,0.541359554649795,0.116466130199342));
#7903=CARTESIAN_POINT('Ctrl Pts',(0.,0.543930640311984,0.113167201604331));
#7904=CARTESIAN_POINT('Ctrl Pts',(0.,0.547469324210953,0.110866966110518));
#7905=CARTESIAN_POINT('Ctrl Pts',(0.,0.550307805578241,0.111111047246333));
#7906=CARTESIAN_POINT('Ctrl Pts',(0.,0.551732010808412,0.111233514715812));
#7907=CARTESIAN_POINT('',(0.,0.531548209227323,0.12995163830516));
#7908=CARTESIAN_POINT('Ctrl Pts',(0.,0.531548209227323,0.12995163830516));
#7909=CARTESIAN_POINT('Ctrl Pts',(0.,0.53187423501696,0.129985334019485));
#7910=CARTESIAN_POINT('Ctrl Pts',(0.,0.532547946191351,0.130054964030334));
#7911=CARTESIAN_POINT('Ctrl Pts',(0.,0.533565966394543,0.129596787992585));
#7912=CARTESIAN_POINT('Ctrl Pts',(0.,0.534489477335593,0.12881819908281));
#7913=CARTESIAN_POINT('Ctrl Pts',(0.,0.535387051768262,0.127611395914052));
#7914=CARTESIAN_POINT('Ctrl Pts',(0.,0.536510803961441,0.125751980680088));
#7915=CARTESIAN_POINT('Ctrl Pts',(0.,0.537743178297453,0.123221428665582));
#7916=CARTESIAN_POINT('Ctrl Pts',(0.,0.538706485349382,0.121274021500652));
#7917=CARTESIAN_POINT('Ctrl Pts',(0.,0.539188156233071,0.120300282828072));
#7918=CARTESIAN_POINT('',(0.,0.52938794324275,0.123139802229837));
#7919=CARTESIAN_POINT('Ctrl Pts',(0.,0.52938794324275,0.123139802229837));
#7920=CARTESIAN_POINT('Ctrl Pts',(0.,0.529258510906905,0.123833393688713));
#7921=CARTESIAN_POINT('Ctrl Pts',(0.,0.529014995287818,0.125138325353579));
#7922=CARTESIAN_POINT('Ctrl Pts',(0.,0.529095686241406,0.127128990413215));
#7923=CARTESIAN_POINT('Ctrl Pts',(0.,0.529717165379106,0.129129617833117));
#7924=CARTESIAN_POINT('Ctrl Pts',(0.,0.530959864964149,0.129687509715663));
#7925=CARTESIAN_POINT('Ctrl Pts',(0.,0.531548209227323,0.12995163830516));
#7926=CARTESIAN_POINT('',(-8.74191357972564E-17,0.536450616668451,0.117265984646996));
#7927=CARTESIAN_POINT('Ctrl Pts',(-8.74191357972564E-17,0.536450616668451,
0.117265984646996));
#7928=CARTESIAN_POINT('Ctrl Pts',(-8.74191357972564E-17,0.53582156742044,
0.117198095266416));
#7929=CARTESIAN_POINT('Ctrl Pts',(-8.74191357972564E-17,0.534636203900055,
0.117070166339682));
#7930=CARTESIAN_POINT('Ctrl Pts',(-8.74191357972564E-17,0.532922479241786,
0.117497290447408));
#7931=CARTESIAN_POINT('Ctrl Pts',(-8.74191357972564E-17,0.531357991295518,
0.118546715180965));
#7932=CARTESIAN_POINT('Ctrl Pts',(-8.74191357972564E-17,0.530100638238783,
0.120513769405421));
#7933=CARTESIAN_POINT('Ctrl Pts',(-8.74191357972564E-17,0.529646129896043,
0.122188474340421));
#7934=CARTESIAN_POINT('Ctrl Pts',(0.,0.52938794324275,0.123139802229837));
#7935=CARTESIAN_POINT('',(0.,0.538424756327575,0.107839498101201));
#7936=CARTESIAN_POINT('Origin',(-1.13793489067289E-12,-0.000292028712345087,
-6.117384543625E-5));
#7937=CARTESIAN_POINT('',(0.,0.547170018842091,0.102741134391921));
#7938=CARTESIAN_POINT('Ctrl Pts',(0.,0.547170018842091,0.102741134391921));
#7939=CARTESIAN_POINT('Ctrl Pts',(0.,0.546910470034998,0.103257185746133));
#7940=CARTESIAN_POINT('Ctrl Pts',(0.,0.546383442710782,0.104305054805576));
#7941=CARTESIAN_POINT('Ctrl Pts',(0.,0.545144332742803,0.105644727336329));
#7942=CARTESIAN_POINT('Ctrl Pts',(0.,0.543474395432537,0.106930142662527));
#7943=CARTESIAN_POINT('Ctrl Pts',(0.,0.541175703587024,0.10793897856005));
#7944=CARTESIAN_POINT('Ctrl Pts',(0.,0.539356553346973,0.107873193983493));
#7945=CARTESIAN_POINT('Ctrl Pts',(0.,0.538424756327575,0.107839498101201));
#7946=CARTESIAN_POINT('',(0.,0.553320556488823,0.109196027102746));
#7947=CARTESIAN_POINT('Ctrl Pts',(0.,0.553320556488823,0.109196027102746));
#7948=CARTESIAN_POINT('Ctrl Pts',(0.,0.552820622208202,0.109066847596104));
#7949=CARTESIAN_POINT('Ctrl Pts',(0.,0.551820029064174,0.108808301355717));
#7950=CARTESIAN_POINT('Ctrl Pts',(0.,0.550448718707257,0.108005131199604));
#7951=CARTESIAN_POINT('Ctrl Pts',(0.,0.549070815821973,0.106772227161757));
#7952=CARTESIAN_POINT('Ctrl Pts',(0.,0.547786715736758,0.105034534745515));
#7953=CARTESIAN_POINT('Ctrl Pts',(0.,0.547374864806333,0.103502924845038));
#7954=CARTESIAN_POINT('Ctrl Pts',(0.,0.547170018842091,0.102741134391921));
#7955=CARTESIAN_POINT('',(0.,0.564812743505555,0.096624040519399));
#7956=CARTESIAN_POINT('Ctrl Pts',(0.,0.564812743505555,0.096624040519399));
#7957=CARTESIAN_POINT('Ctrl Pts',(0.,0.564546211408498,0.0980837829431008));
#7958=CARTESIAN_POINT('Ctrl Pts',(0.,0.564058273025387,0.10075612284454));
#7959=CARTESIAN_POINT('Ctrl Pts',(0.,0.562749930786934,0.104279813960382));
#7960=CARTESIAN_POINT('Ctrl Pts',(0.,0.561035668821228,0.10696394660924));
#7961=CARTESIAN_POINT('Ctrl Pts',(0.,0.558820681205083,0.108746345991608));
#7962=CARTESIAN_POINT('Ctrl Pts',(0.,0.556124662268695,0.109553385258537));
#7963=CARTESIAN_POINT('Ctrl Pts',(0.,0.55428712996859,0.109319208231877));
#7964=CARTESIAN_POINT('Ctrl Pts',(0.,0.553320556488823,0.109196027102746));
#7965=CARTESIAN_POINT('',(0.,0.5676907668,0.0779539942));
#7966=CARTESIAN_POINT('Ctrl Pts',(0.,0.5676907668,0.0779539942));
#7967=CARTESIAN_POINT('Ctrl Pts',(0.,0.567250095858419,0.0810696801134451));
#7968=CARTESIAN_POINT('Ctrl Pts',(0.,0.566368200186533,0.0873049668252491));
#7969=CARTESIAN_POINT('Ctrl Pts',(0.,0.565331446048175,0.0935163826340129));
#7970=CARTESIAN_POINT('Ctrl Pts',(0.,0.564812743505555,0.096624040519399));
#7971=CARTESIAN_POINT('',(0.,0.5343461688,0.0734006287));
#7972=CARTESIAN_POINT('',(0.,-5.80572438808863E-5,0.000425157053216157));
#7973=CARTESIAN_POINT('',(-8.74191357972564E-17,0.569450687840673,0.0638400704311058));
#7974=CARTESIAN_POINT('Ctrl Pts',(-8.74191357972564E-17,0.569450687840673,
0.0638400704311058));
#7975=CARTESIAN_POINT('Ctrl Pts',(-8.74191357972564E-17,0.568578749715913,
0.0640596638732314));
#7976=CARTESIAN_POINT('Ctrl Pts',(-8.74191357972564E-17,0.567107755317798,
0.0644301267696882));
#7977=CARTESIAN_POINT('Ctrl Pts',(-8.74191357972564E-17,0.565143274617221,
0.0651114305677038));
#7978=CARTESIAN_POINT('Ctrl Pts',(-8.74191357972564E-17,0.563110762114205,
0.0657627545911645));
#7979=CARTESIAN_POINT('Ctrl Pts',(-8.74191357972564E-17,0.560898830475259,
0.0662966526023127));
#7980=CARTESIAN_POINT('Ctrl Pts',(-8.74191357972564E-17,0.558508702452073,
0.066920558155126));
#7981=CARTESIAN_POINT('Ctrl Pts',(-8.74191357972564E-17,0.556398322239334,
0.067587303890466));
#7982=CARTESIAN_POINT('Ctrl Pts',(-8.74191357972564E-17,0.554223061530791,
0.0682523565078321));
#7983=CARTESIAN_POINT('Ctrl Pts',(-8.74191357972564E-17,0.551213743917737,
0.0690070840063386));
#7984=CARTESIAN_POINT('Ctrl Pts',(-8.74191357972564E-17,0.547475111839501,
0.0699361353624651));
#7985=CARTESIAN_POINT('Ctrl Pts',(-8.74191357972564E-17,0.543098573965149,
0.0711796167627322));
#7986=CARTESIAN_POINT('Ctrl Pts',(-8.74191357972564E-17,0.538784236191664,
0.0723930760586815));
#7987=CARTESIAN_POINT('Ctrl Pts',(-8.74191357972564E-17,0.535825524617449,
0.0730647778101621));
#7988=CARTESIAN_POINT('Ctrl Pts',(0.,0.5343461688,0.0734006287));
#7989=CARTESIAN_POINT('',(0.,0.570544068197193,0.0531891624461131));
#7990=CARTESIAN_POINT('Origin',(-9.75684974633179E-13,0.00741006511780065,
0.000761613819497972));
#7991=CARTESIAN_POINT('',(0.,0.543651703729443,0.0394933346230567));
#7992=CARTESIAN_POINT('Ctrl Pts',(0.,0.543651703729443,0.0394933346230567));
#7993=CARTESIAN_POINT('Ctrl Pts',(0.,0.544317820959344,0.0398276325372086));
#7994=CARTESIAN_POINT('Ctrl Pts',(0.,0.546566415825463,0.0409561134408302));
#7995=CARTESIAN_POINT('Ctrl Pts',(0.,0.5511077244557,0.0431226170452775));
#7996=CARTESIAN_POINT('Ctrl Pts',(0.,0.559417977574698,0.0473323099687587));
#7997=CARTESIAN_POINT('Ctrl Pts',(0.,0.566093970108437,0.0508465994651046));
#7998=CARTESIAN_POINT('Ctrl Pts',(0.,0.570544068197193,0.0531891624461131));
#7999=CARTESIAN_POINT('',(0.,0.5446746866,0.0211279771));
#8000=CARTESIAN_POINT('Origin',(0.,0.00138768777842234,7.71008699357694E-5));
#8001=CARTESIAN_POINT('',(0.,0.5725885881,0.0221794346));
#8002=CARTESIAN_POINT('',(0.,-2.29913506902037E-5,0.000610370175226576));
#8003=CARTESIAN_POINT('',(0.,0.572898544,0.0117004925));
#8004=CARTESIAN_POINT('Ctrl Pts',(0.,0.572898544,0.0117004925));
#8005=CARTESIAN_POINT('Ctrl Pts',(0.,0.572858749373348,0.0134423126114707));
#8006=CARTESIAN_POINT('Ctrl Pts',(0.,0.572778930928654,0.0169359881075915));
#8007=CARTESIAN_POINT('Ctrl Pts',(0.,0.572652157092154,0.0204282753185156));
#8008=CARTESIAN_POINT('Ctrl Pts',(0.,0.5725885881,0.0221794346));
#8009=CARTESIAN_POINT('',(0.,0.5368066833,0.0109735614));
#8010=CARTESIAN_POINT('',(0.,-3.25478869233984E-6,0.00016159905676324));
#8011=CARTESIAN_POINT('',(0.,0.5349561794,0.04586633));
#8012=CARTESIAN_POINT('Origin',(0.,-0.000166799501457121,-8.848619840504E-6));
#8013=CARTESIAN_POINT('',(0.,0.5407655668,0.0492740462));
#8014=CARTESIAN_POINT('',(0.,0.116931520887687,-0.19934186541349));
#8015=CARTESIAN_POINT('',(0.,0.5395046702,0.0615633076));
#8016=CARTESIAN_POINT('Origin',(0.,-6.58090122880562E-5,-6.74621101328881E-6));
#8017=CARTESIAN_POINT('',(0.,0.5330805446,0.0636678606));
#8018=CARTESIAN_POINT('',(0.,0.0705027896246006,0.215209013837529));
#8019=CARTESIAN_POINT('',(0.,0.529098334555747,0.0910132655983122));
#8020=CARTESIAN_POINT('Origin',(0.,8.66030621023719E-5,1.25868182895533E-5));
#8021=CARTESIAN_POINT('',(0.,0.535541314393247,0.107149382803571));
#8022=CARTESIAN_POINT('Ctrl Pts',(0.,0.535541314393247,0.107149382803571));
#8023=CARTESIAN_POINT('Ctrl Pts',(0.,0.53486135630976,0.106855649814319));
#8024=CARTESIAN_POINT('Ctrl Pts',(0.,0.533542044281802,0.106285724292233));
#8025=CARTESIAN_POINT('Ctrl Pts',(0.,0.531850017690419,0.104980977044039));
#8026=CARTESIAN_POINT('Ctrl Pts',(0.,0.530501911853361,0.103379826612196));
#8027=CARTESIAN_POINT('Ctrl Pts',(0.,0.529516690082637,0.101465116421537));
#8028=CARTESIAN_POINT('Ctrl Pts',(0.,0.528887414583677,0.0992570271577232));
#8029=CARTESIAN_POINT('Ctrl Pts',(0.,0.528610576593356,0.096759333653241));
#8030=CARTESIAN_POINT('Ctrl Pts',(0.,0.528661123097255,0.0939686746888738));
#8031=CARTESIAN_POINT('Ctrl Pts',(0.,0.528947322120307,0.0920340611786123));
#8032=CARTESIAN_POINT('Ctrl Pts',(0.,0.529098334555747,0.0910132655983122));
#8033=CARTESIAN_POINT('',(0.,0.521995263878864,0.120821982876278));
#8034=CARTESIAN_POINT('Ctrl Pts',(0.,0.521995263878864,0.120821982876278));
#8035=CARTESIAN_POINT('Ctrl Pts',(0.,0.522230248323932,0.119918696076465));
#8036=CARTESIAN_POINT('Ctrl Pts',(0.,0.522687045474179,0.118162755014526));
#8037=CARTESIAN_POINT('Ctrl Pts',(0.,0.523698127086231,0.115702840316481));
#8038=CARTESIAN_POINT('Ctrl Pts',(0.,0.524933029918342,0.113479401874906));
#8039=CARTESIAN_POINT('Ctrl Pts',(0.,0.526969608703987,0.110755274251298));
#8040=CARTESIAN_POINT('Ctrl Pts',(0.,0.530349830883372,0.10782281167247));
#8041=CARTESIAN_POINT('Ctrl Pts',(0.,0.533833342433784,0.107370937513816));
#8042=CARTESIAN_POINT('Ctrl Pts',(0.,0.535541314393247,0.107149382803571));
#8043=CARTESIAN_POINT('',(0.,0.530149677951903,0.1399539555715));
#8044=CARTESIAN_POINT('Ctrl Pts',(0.,0.530149677951903,0.1399539555715));
#8045=CARTESIAN_POINT('Ctrl Pts',(0.,0.529371340933894,0.139711271234187));
#8046=CARTESIAN_POINT('Ctrl Pts',(0.,0.527863873617218,0.139241245142273));
#8047=CARTESIAN_POINT('Ctrl Pts',(0.,0.525858643816993,0.138035847316825));
#8048=CARTESIAN_POINT('Ctrl Pts',(0.,0.52419080551731,0.136484836530947));
#8049=CARTESIAN_POINT('Ctrl Pts',(0.,0.522879281072177,0.134565440538633));
#8050=CARTESIAN_POINT('Ctrl Pts',(0.,0.521568934287258,0.131474576523183));
#8051=CARTESIAN_POINT('Ctrl Pts',(0.,0.520911305429156,0.126729505207777));
#8052=CARTESIAN_POINT('Ctrl Pts',(0.,0.521614444287959,0.122897431652155));
#8053=CARTESIAN_POINT('Ctrl Pts',(0.,0.521995263878864,0.120821982876278));
#8054=CARTESIAN_POINT('Ctrl Pts',(0.,0.542988205201789,0.131556041337469));
#8055=CARTESIAN_POINT('Ctrl Pts',(0.,0.542160139013963,0.132963516895258));
#8056=CARTESIAN_POINT('Ctrl Pts',(0.,0.540742901401842,0.135372415275563));
#8057=CARTESIAN_POINT('Ctrl Pts',(0.,0.538008101428369,0.138552035878376));
#8058=CARTESIAN_POINT('Ctrl Pts',(0.,0.534342822107041,0.140535992910576));
#8059=CARTESIAN_POINT('Ctrl Pts',(0.,0.53154244797534,0.140147281660085));
#8060=CARTESIAN_POINT('Ctrl Pts',(0.,0.530149677951903,0.1399539555715));
#8061=CARTESIAN_POINT('',(0.,0.560471082957462,0.0584146652488305));
#8062=CARTESIAN_POINT('',(0.,0.545571319355965,0.0617898707358569));
#8063=CARTESIAN_POINT('Ctrl Pts',(0.,0.560471082957462,0.0584146652488305));
#8064=CARTESIAN_POINT('Ctrl Pts',(0.,0.559422005675094,0.0587768039099019));
#8065=CARTESIAN_POINT('Ctrl Pts',(0.,0.554342314200998,0.0594353492212226));
#8066=CARTESIAN_POINT('Ctrl Pts',(0.,0.549478493507939,0.060992847924767));
#8067=CARTESIAN_POINT('Ctrl Pts',(0.,0.545571319355965,0.0617898707358569));
#8068=CARTESIAN_POINT('',(0.,0.5467465061,0.0503419243));
#8069=CARTESIAN_POINT('Origin',(0.,0.00561409662289628,0.000576373173726773));
#8070=CARTESIAN_POINT('',(0.,0.5606329803,0.0568401333999999));
#8071=CARTESIAN_POINT('',(0.,0.0788927401805285,-0.168591374057849));
#8072=CARTESIAN_POINT('Ctrl Pts',(0.,0.5606329803,0.0568401333999999));
#8073=CARTESIAN_POINT('Ctrl Pts',(0.,0.560579736826701,0.0573650512971975));
#8074=CARTESIAN_POINT('Ctrl Pts',(0.,0.560525813170611,0.0578899002974917));
#8075=CARTESIAN_POINT('Ctrl Pts',(0.,0.560471082957462,0.0584146652488305));
#8076=CARTESIAN_POINT('',(0.,0.545181885561936,0.0943468766669359));
#8077=CARTESIAN_POINT('',(0.,0.539263705531298,0.0986409309668272));
#8078=CARTESIAN_POINT('Ctrl Pts',(0.,0.545181885561936,0.0943468766669359));
#8079=CARTESIAN_POINT('Ctrl Pts',(0.,0.544732986358447,0.0970904947405002));
#8080=CARTESIAN_POINT('Ctrl Pts',(0.,0.541992398277504,0.0991329847298797));
#8081=CARTESIAN_POINT('Ctrl Pts',(0.,0.539263705531298,0.0986409309668272));
#8082=CARTESIAN_POINT('',(0.,0.535252256126027,0.0926348356035382));
#8083=CARTESIAN_POINT('Ctrl Pts',(0.,0.539263705531298,0.0986409309668272));
#8084=CARTESIAN_POINT('Ctrl Pts',(0.,0.536603859104036,0.0981697072138874));
#8085=CARTESIAN_POINT('Ctrl Pts',(0.,0.534797564290312,0.0952976787512498));
#8086=CARTESIAN_POINT('Ctrl Pts',(0.,0.535252256126027,0.0926348356035382));
#8087=CARTESIAN_POINT('',(0.,0.5368437059,0.0829157867));
#8088=CARTESIAN_POINT('Origin',(0.,0.00316831192363576,0.000518704322889782));
#8089=CARTESIAN_POINT('',(0.,0.546801792,0.0844536898));
#8090=CARTESIAN_POINT('',(0.,-1.04432031208073E-6,6.7620850648385E-6));
#8091=CARTESIAN_POINT('Ctrl Pts',(0.,0.546801792,0.0844536898));
#8092=CARTESIAN_POINT('Ctrl Pts',(0.,0.546546761542893,0.0861049560830498));
#8093=CARTESIAN_POINT('Ctrl Pts',(0.,0.546284415665427,0.0877550952301027));
#8094=CARTESIAN_POINT('Ctrl Pts',(0.,0.545744608439965,0.0910528978475854));
#8095=CARTESIAN_POINT('Ctrl Pts',(0.,0.54546714696824,0.0927005619850846));
#8096=CARTESIAN_POINT('Ctrl Pts',(0.,0.545181885561936,0.0943468766669359));
#8097=CARTESIAN_POINT('',(0.,0.5509339831,0.0850918556));
#8098=CARTESIAN_POINT('',(0.,0.559574744,0.0864263141));
#8099=CARTESIAN_POINT('',(0.,-1.0446507072974E-6,6.76422457931273E-6));
#8100=CARTESIAN_POINT('',(0.,0.558091740272937,0.0955353631147476));
#8101=CARTESIAN_POINT('Origin',(0.,-0.00325101552631812,-0.000529597628916934));
#8102=CARTESIAN_POINT('',(0.,0.552912052676226,0.0995691858708081));
#8103=CARTESIAN_POINT('Ctrl Pts',(0.,0.558091740272937,0.0955353631147476));
#8104=CARTESIAN_POINT('Ctrl Pts',(0.,0.55771314485942,0.0979973445013381));
#8105=CARTESIAN_POINT('Ctrl Pts',(0.,0.555370081264879,0.100240159027016));
#8106=CARTESIAN_POINT('Ctrl Pts',(0.,0.552912052676226,0.0995691858708081));
#8107=CARTESIAN_POINT('',(0.,0.549473083430583,0.0940648932603631));
#8108=CARTESIAN_POINT('Ctrl Pts',(0.,0.552912052676226,0.0995691858708081));
#8109=CARTESIAN_POINT('Ctrl Pts',(0.,0.550444157833888,0.0993263516555248));
#8110=CARTESIAN_POINT('Ctrl Pts',(0.,0.549075297836875,0.096457033199403));
#8111=CARTESIAN_POINT('Ctrl Pts',(0.,0.549473083430583,0.0940648932603631));
#8112=CARTESIAN_POINT('Ctrl Pts',(0.,0.549473083430583,0.0940648932603631));
#8113=CARTESIAN_POINT('Ctrl Pts',(0.,0.549729112929287,0.0925714655282017));
#8114=CARTESIAN_POINT('Ctrl Pts',(0.,0.549978694525547,0.0910769343960117));
#8115=CARTESIAN_POINT('Ctrl Pts',(0.,0.550465486149824,0.0880858585413455));
#8116=CARTESIAN_POINT('Ctrl Pts',(0.,0.550702696286881,0.08658931322642));
#8117=CARTESIAN_POINT('Ctrl Pts',(0.,0.5509339831,0.0850918556));
#8118=CARTESIAN_POINT('Origin',(0.33,0.6,0.));
#8119=CARTESIAN_POINT('Origin',(-0.03,0.5175,0.));
#8120=CARTESIAN_POINT('Origin',(-0.12,0.5175,0.));
#8121=CARTESIAN_POINT('Origin',(0.03,0.4725,0.));
#8122=CARTESIAN_POINT('Origin',(0.06,0.5375,0.));
#8123=CARTESIAN_POINT('Ctrl Pts',(0.000999999999999995,0.5685705617,-0.0857468153));
#8124=CARTESIAN_POINT('Ctrl Pts',(-0.000199999999999999,0.5685705617,-0.0857468153));
#8125=CARTESIAN_POINT('Ctrl Pts',(0.000999999999999995,0.56915082486583,
-0.081897793146605));
#8126=CARTESIAN_POINT('Ctrl Pts',(-0.000199999999999999,0.56915082486583,
-0.081897793146605));
#8127=CARTESIAN_POINT('Ctrl Pts',(0.000999999999999995,0.569692387431687,
-0.0780429340927123));
#8128=CARTESIAN_POINT('Ctrl Pts',(-0.000199999999999999,0.569692387431687,
-0.0780429340927123));
#8129=CARTESIAN_POINT('Ctrl Pts',(0.000999999999999995,0.5701945815,-0.0741829492));
#8130=CARTESIAN_POINT('Ctrl Pts',(-0.000199999999999999,0.5701945815,-0.0741829492));
#8131=CARTESIAN_POINT('',(0.000999999999999995,0.5685705617,-0.0857468153));
#8132=CARTESIAN_POINT('',(0.000999999999999995,0.5685705617,-0.0857468153));
#8133=CARTESIAN_POINT('',(0.000999999999999995,0.5701945815,-0.0741829492));
#8134=CARTESIAN_POINT('Origin',(0.000999999999999995,-0.0015640341591907,
0.000218387296477722));
#8135=CARTESIAN_POINT('',(0.000999999999999995,0.5701945815,-0.0741829492));
#8136=CARTESIAN_POINT('Origin',(0.000999999999999995,8.13459406606165E-5,
0.000619981026004245));
#8137=CARTESIAN_POINT('',(0.000999999999999995,0.5305345052,-0.0689792638));
#8138=CARTESIAN_POINT('',(0.000999999999999995,8.13459406606165E-5,0.000619981026004245));
#8139=CARTESIAN_POINT('',(0.000999999999999995,0.5305345052,-0.0689792638));
#8140=CARTESIAN_POINT('Ctrl Pts',(0.000999999999999995,0.5305345052,-0.0689792638));
#8141=CARTESIAN_POINT('Ctrl Pts',(-0.000199999999999999,0.5305345052,-0.0689792638));
#8142=CARTESIAN_POINT('Ctrl Pts',(0.000999999999999995,0.530065745504238,
-0.0725845961628052));
#8143=CARTESIAN_POINT('Ctrl Pts',(-0.000199999999999999,0.530065745504238,
-0.0725845961628052));
#8144=CARTESIAN_POINT('Ctrl Pts',(0.000999999999999995,0.529560233657681,
-0.0761851500326835));
#8145=CARTESIAN_POINT('Ctrl Pts',(-0.000199999999999999,0.529560233657681,
-0.0761851500326835));
#8146=CARTESIAN_POINT('Ctrl Pts',(0.000999999999999995,0.5290180747,-0.0797801772));
#8147=CARTESIAN_POINT('Ctrl Pts',(-0.000199999999999999,0.5290180747,-0.0797801772));
#8148=CARTESIAN_POINT('',(0.000999999999999995,0.5290180747,-0.0797801772));
#8149=CARTESIAN_POINT('Origin',(0.000999999999999995,-5.08987053099911E-6,
7.15018726783679E-7));
#8150=CARTESIAN_POINT('',(0.000999999999999995,0.5290180747,-0.0797801772));
#8151=CARTESIAN_POINT('Origin',(0.000999999999999995,3.56118432880578E-6,
2.36068780072047E-5));
#8152=CARTESIAN_POINT('',(0.000999999999999995,0.5453054756,-0.0822371915));
#8153=CARTESIAN_POINT('',(0.000999999999999995,3.56118432880578E-6,2.36068780072047E-5));
#8154=CARTESIAN_POINT('',(0.000999999999999995,0.5453054756,-0.0822371915));
#8155=CARTESIAN_POINT('Ctrl Pts',(0.000999999999999995,0.5453054756,-0.0822371915));
#8156=CARTESIAN_POINT('Ctrl Pts',(-0.000199999999999999,0.5453054756,-0.0822371915));
#8157=CARTESIAN_POINT('Ctrl Pts',(0.000999999999999995,0.544567647927796,
-0.0871247154154847));
#8158=CARTESIAN_POINT('Ctrl Pts',(-0.000199999999999999,0.544567647927796,
-0.0871247154154847));
#8159=CARTESIAN_POINT('Ctrl Pts',(0.000999999999999995,0.543765803780605,
-0.092002593330015));
#8160=CARTESIAN_POINT('Ctrl Pts',(-0.000199999999999999,0.543765803780605,
-0.092002593330015));
#8161=CARTESIAN_POINT('Ctrl Pts',(0.000999999999999995,0.5428973011,-0.0968685966));
#8162=CARTESIAN_POINT('Ctrl Pts',(-0.000199999999999999,0.5428973011,-0.0968685966));
#8163=CARTESIAN_POINT('',(0.000999999999999995,0.5428973011,-0.0968685966));
#8164=CARTESIAN_POINT('Ctrl Pts',(0.000999999999999995,0.5453054756,-0.0822371915));
#8165=CARTESIAN_POINT('Ctrl Pts',(0.000999999999999995,0.54493656203305,
-0.0846809516748225));
#8166=CARTESIAN_POINT('Ctrl Pts',(0.000999999999999995,0.544551644339097,
-0.0871223005623118));
#8167=CARTESIAN_POINT('Ctrl Pts',(0.000999999999999995,0.543749139631058,
-0.0919996218599886));
#8168=CARTESIAN_POINT('Ctrl Pts',(0.000999999999999995,0.543331552661724,
-0.0944355937244361));
#8169=CARTESIAN_POINT('Ctrl Pts',(0.000999999999999995,0.5428973011,-0.0968685966));
#8170=CARTESIAN_POINT('',(0.000999999999999995,0.5428973011,-0.0968685966));
#8171=CARTESIAN_POINT('Origin',(0.000999999999999995,0.000114336116188829,
0.000636476586515591));
#8172=CARTESIAN_POINT('',(0.000999999999999995,0.5266851262,-0.0939562552));
#8173=CARTESIAN_POINT('',(0.000999999999999995,0.000114336116188829,0.000636476586515591));
#8174=CARTESIAN_POINT('',(0.000999999999999995,0.5266851262,-0.0939562552));
#8175=CARTESIAN_POINT('Ctrl Pts',(0.000999999999999995,0.5266851262,-0.0939562552));
#8176=CARTESIAN_POINT('Ctrl Pts',(-0.000199999999999999,0.5266851262,-0.0939562552));
#8177=CARTESIAN_POINT('Ctrl Pts',(0.000999999999999995,0.526046710134358,
-0.0975349868102372));
#8178=CARTESIAN_POINT('Ctrl Pts',(-0.000199999999999999,0.526046710134358,
-0.0975349868102372));
#8179=CARTESIAN_POINT('Ctrl Pts',(0.000999999999999995,0.525371817586941,
-0.10110721131871));
#8180=CARTESIAN_POINT('Ctrl Pts',(-0.000199999999999999,0.525371817586941,
-0.10110721131871));
#8181=CARTESIAN_POINT('Ctrl Pts',(0.000999999999999995,0.5246605887,-0.1046721866));
#8182=CARTESIAN_POINT('Ctrl Pts',(-0.000199999999999999,0.5246605887,-0.1046721866));
#8183=CARTESIAN_POINT('',(0.000999999999999995,0.5246605887,-0.1046721866));
#8184=CARTESIAN_POINT('Origin',(0.000999999999999995,-4.7751222926779E-6,
9.05366485991899E-7));
#8185=CARTESIAN_POINT('',(0.000999999999999995,0.5246605887,-0.1046721866));
#8186=CARTESIAN_POINT('Origin',(0.000999999999999995,9.11947787789888E-6,
4.56898824526873E-5));
#8187=CARTESIAN_POINT('',(0.000999999999999995,0.5550968278,-0.1107471116));
#8188=CARTESIAN_POINT('',(0.000999999999999995,9.11947787789888E-6,4.56898824526873E-5));
#8189=CARTESIAN_POINT('',(0.000999999999999995,0.5550968278,-0.1107471116));
#8190=CARTESIAN_POINT('Ctrl Pts',(0.000999999999999995,0.5550968278,-0.1107471116));
#8191=CARTESIAN_POINT('Ctrl Pts',(-0.000199999999999999,0.5550968278,-0.1107471116));
#8192=CARTESIAN_POINT('Ctrl Pts',(0.000999999999999995,0.554311799885762,
-0.114676358861551));
#8193=CARTESIAN_POINT('Ctrl Pts',(-0.000199999999999999,0.554311799885762,
-0.114676358861551));
#8194=CARTESIAN_POINT('Ctrl Pts',(0.000999999999999995,0.553488333799899,
-0.118597964578779));
#8195=CARTESIAN_POINT('Ctrl Pts',(-0.000199999999999999,0.553488333799899,
-0.118597964578779));
#8196=CARTESIAN_POINT('Ctrl Pts',(0.000999999999999995,0.5526199006,-0.1225096255));
#8197=CARTESIAN_POINT('Ctrl Pts',(-0.000199999999999999,0.5526199006,-0.1225096255));
#8198=CARTESIAN_POINT('',(0.000999999999999995,0.5526199006,-0.1225096255));
#8199=CARTESIAN_POINT('Ctrl Pts',(0.000999999999999995,0.5550968278,-0.1107471116));
#8200=CARTESIAN_POINT('Ctrl Pts',(0.000999999999999995,0.554704314332729,
-0.112711732778972));
#8201=CARTESIAN_POINT('Ctrl Pts',(0.000999999999999995,0.554302191410894,
-0.11467444325451));
#8202=CARTESIAN_POINT('Ctrl Pts',(0.000999999999999995,0.553477093179845,
-0.118595473020003));
#8203=CARTESIAN_POINT('Ctrl Pts',(0.000999999999999995,0.553054117779421,
-0.120553792429291));
#8204=CARTESIAN_POINT('Ctrl Pts',(0.000999999999999995,0.5526199006,-0.1225096255));
#8205=CARTESIAN_POINT('',(0.000999999999999995,0.5526199006,-0.1225096255));
#8206=CARTESIAN_POINT('Origin',(0.000999999999999995,0.000198778567103554,
0.000889869758747271));
#8207=CARTESIAN_POINT('',(0.000999999999999995,0.5223298327,-0.1157434485));
#8208=CARTESIAN_POINT('',(0.000999999999999995,0.000198778567103554,0.000889869758747271));
#8209=CARTESIAN_POINT('',(0.000999999999999995,0.5223298327,-0.1157434485));
#8210=CARTESIAN_POINT('Ctrl Pts',(0.000999999999999995,0.5223298327,-0.1157434485));
#8211=CARTESIAN_POINT('Ctrl Pts',(-0.000199999999999999,0.5223298327,-0.1157434485));
#8212=CARTESIAN_POINT('Ctrl Pts',(0.000999999999999995,0.52154330378612,
-0.119292915202207));
#8213=CARTESIAN_POINT('Ctrl Pts',(-0.000199999999999999,0.52154330378612,
-0.119292915202207));
#8214=CARTESIAN_POINT('Ctrl Pts',(0.000999999999999995,0.520720593286694,
-0.122834364364122));
#8215=CARTESIAN_POINT('Ctrl Pts',(-0.000199999999999999,0.520720593286694,
-0.122834364364122));
#8216=CARTESIAN_POINT('Ctrl Pts',(0.000999999999999995,0.5198618721,-0.1263670601));
#8217=CARTESIAN_POINT('Ctrl Pts',(-0.000199999999999999,0.5198618721,-0.1263670601));
#8218=CARTESIAN_POINT('',(0.000999999999999995,0.5198618721,-0.1263670601));
#8219=CARTESIAN_POINT('Origin',(0.000999999999999995,-4.11982046238104E-6,
9.59775176023397E-7));
#8220=CARTESIAN_POINT('',(0.000999999999999995,0.5198618721,-0.1263670601));
#8221=CARTESIAN_POINT('Origin',(0.000999999999999995,7.35671164392183E-5,
0.000301883993981178));
#8222=CARTESIAN_POINT('',(0.000999999999999995,0.5500157833,-0.1337153672));
#8223=CARTESIAN_POINT('',(0.000999999999999995,7.35671164392183E-5,0.000301883993981178));
#8224=CARTESIAN_POINT('',(0.000999999999999995,0.5500157833,-0.1337153672));
#8225=CARTESIAN_POINT('Ctrl Pts',(0.000999999999999995,0.5500157833,-0.1337153672));
#8226=CARTESIAN_POINT('Ctrl Pts',(-0.000199999999999999,0.5500157833,-0.1337153672));
#8227=CARTESIAN_POINT('Ctrl Pts',(0.000999999999999995,0.548976728161092,
-0.137989765755076));
#8228=CARTESIAN_POINT('Ctrl Pts',(-0.000199999999999999,0.548976728161092,
-0.137989765755076));
#8229=CARTESIAN_POINT('Ctrl Pts',(0.000999999999999995,0.547887422808675,
-0.142251942065866));
#8230=CARTESIAN_POINT('Ctrl Pts',(-0.000199999999999999,0.547887422808675,
-0.142251942065866));
#8231=CARTESIAN_POINT('Ctrl Pts',(0.000999999999999995,0.5467491439,-0.1465009916));
#8232=CARTESIAN_POINT('Ctrl Pts',(-0.000199999999999999,0.5467491439,-0.1465009916));
#8233=CARTESIAN_POINT('',(0.000999999999999995,0.5467491439,-0.1465009916));
#8234=CARTESIAN_POINT('Origin',(0.000999999999999995,-0.000771678797826195,
0.000196940014456595));
#8235=CARTESIAN_POINT('',(0.000999999999999995,0.5467491439,-0.1465009916));
#8236=CARTESIAN_POINT('Origin',(0.000999999999999995,-9.41864737914799E-10,
-3.5150871454406E-9));
#8237=CARTESIAN_POINT('',(0.000999999999999995,0.5554073501,-0.1488209509));
#8238=CARTESIAN_POINT('',(0.000999999999999995,-9.41864737914799E-10,-3.5150871454406E-9));
#8239=CARTESIAN_POINT('',(0.000999999999999995,0.5554073501,-0.1488209509));
#8240=CARTESIAN_POINT('Ctrl Pts',(0.000999999999999995,0.5554073501,-0.1488209509));
#8241=CARTESIAN_POINT('Ctrl Pts',(-0.000199999999999999,0.5554073501,-0.1488209509));
#8242=CARTESIAN_POINT('Ctrl Pts',(0.000999999999999995,0.559633322624774,
-0.133051087888427));
#8243=CARTESIAN_POINT('Ctrl Pts',(-0.000199999999999999,0.559633322624774,
-0.133051087888427));
#8244=CARTESIAN_POINT('Ctrl Pts',(0.000999999999999995,0.563187869103726,
-0.117101181254905));
#8245=CARTESIAN_POINT('Ctrl Pts',(-0.000199999999999999,0.563187869103726,
-0.117101181254905));
#8246=CARTESIAN_POINT('Ctrl Pts',(0.000999999999999995,0.5660549336,-0.1010286142));
#8247=CARTESIAN_POINT('Ctrl Pts',(-0.000199999999999999,0.5660549336,-0.1010286142));
#8248=CARTESIAN_POINT('',(0.000999999999999995,0.5660549336,-0.1010286142));
#8249=CARTESIAN_POINT('Ctrl Pts',(0.000999999999999995,0.5554073501,-0.1488209509));
#8250=CARTESIAN_POINT('Ctrl Pts',(0.000999999999999995,0.55752033683488,
-0.140936017631033));
#8251=CARTESIAN_POINT('Ctrl Pts',(0.000999999999999995,0.559465465085765,
-0.133006080517147));
#8252=CARTESIAN_POINT('Ctrl Pts',(0.000999999999999995,0.563015994931804,
-0.117070533727053));
#8253=CARTESIAN_POINT('Ctrl Pts',(0.000999999999999995,0.56462139916524,
-0.109064909985508));
#8254=CARTESIAN_POINT('Ctrl Pts',(0.000999999999999995,0.5660549336,-0.1010286142));
#8255=CARTESIAN_POINT('',(0.000999999999999995,0.5660549336,-0.1010286142));
#8256=CARTESIAN_POINT('Origin',(0.000999999999999995,0.000114336178898902,
0.000636476932954968));
#8257=CARTESIAN_POINT('',(0.000999999999999995,0.5517182324,-0.0984531813));
#8258=CARTESIAN_POINT('',(0.000999999999999995,0.000114336178898902,0.000636476932954968));
#8259=CARTESIAN_POINT('',(0.000999999999999995,0.5517182324,-0.0984531813));
#8260=CARTESIAN_POINT('Ctrl Pts',(0.000999999999999995,0.5517182324,-0.0984531813));
#8261=CARTESIAN_POINT('Ctrl Pts',(-0.000199999999999999,0.5517182324,-0.0984531813));
#8262=CARTESIAN_POINT('Ctrl Pts',(0.000999999999999995,0.552601517595392,
-0.0935047911148216));
#8263=CARTESIAN_POINT('Ctrl Pts',(-0.000199999999999999,0.552601517595392,
-0.0935047911148216));
#8264=CARTESIAN_POINT('Ctrl Pts',(0.000999999999999995,0.553417888225165,
-0.0885444566830565));
#8265=CARTESIAN_POINT('Ctrl Pts',(-0.000199999999999999,0.553417888225165,
-0.0885444566830565));
#8266=CARTESIAN_POINT('Ctrl Pts',(0.000999999999999995,0.5541673369,-0.0835740359));
#8267=CARTESIAN_POINT('Ctrl Pts',(-0.000199999999999999,0.5541673369,-0.0835740359));
#8268=CARTESIAN_POINT('',(0.000999999999999995,0.5541673369,-0.0835740359));
#8269=CARTESIAN_POINT('Origin',(0.000999999999999995,0.00157710565614431,
-0.000258922812060685));
#8270=CARTESIAN_POINT('',(0.000999999999999995,0.5541673369,-0.0835740359));
#8271=CARTESIAN_POINT('Origin',(0.000999999999999995,3.56112716700334E-6,
2.3606499181526E-5));
#8272=CARTESIAN_POINT('',(0.000999999999999995,3.56112716700334E-6,2.3606499181526E-5));
#8273=CARTESIAN_POINT('Origin',(0.000999999999999995,0.,0.));
#8274=CARTESIAN_POINT('Ctrl Pts',(0.000999999999999995,0.551744548878487,
-0.0603999269863668));
#8275=CARTESIAN_POINT('Ctrl Pts',(-0.000199999999999999,0.551744548878487,
-0.0603999269863668));
#8276=CARTESIAN_POINT('Ctrl Pts',(0.000999999999999995,0.547983672899688,
-0.0599852247119311));
#8277=CARTESIAN_POINT('Ctrl Pts',(-0.000199999999999999,0.547983672899688,
-0.0599852247119311));
#8278=CARTESIAN_POINT('Ctrl Pts',(0.000999999999999995,0.541746434975213,
-0.0573863270991805));
#8279=CARTESIAN_POINT('Ctrl Pts',(-0.000199999999999999,0.541746434975213,
-0.0573863270991805));
#8280=CARTESIAN_POINT('Ctrl Pts',(0.000999999999999995,0.540739770420822,
-0.0512957907502581));
#8281=CARTESIAN_POINT('Ctrl Pts',(-0.000199999999999999,0.540739770420822,
-0.0512957907502581));
#8282=CARTESIAN_POINT('Ctrl Pts',(0.000999999999999995,0.540924251340998,
-0.0492752877478013));
#8283=CARTESIAN_POINT('Ctrl Pts',(-0.000199999999999999,0.540924251340998,
-0.0492752877478013));
#8284=CARTESIAN_POINT('',(0.,0.551744548878487,-0.0603999269863668));
#8285=CARTESIAN_POINT('',(0.,0.540924251340998,-0.0492752877478013));
#8286=CARTESIAN_POINT('Ctrl Pts',(0.,0.551744548878487,-0.0603999269863668));
#8287=CARTESIAN_POINT('Ctrl Pts',(0.,0.547983672899688,-0.0599852247119311));
#8288=CARTESIAN_POINT('Ctrl Pts',(0.,0.541746434975213,-0.0573863270991805));
#8289=CARTESIAN_POINT('Ctrl Pts',(0.,0.540739770420822,-0.0512957907502581));
#8290=CARTESIAN_POINT('Ctrl Pts',(0.,0.540924251340998,-0.0492752877478013));
#8291=CARTESIAN_POINT('',(0.000999999999999995,0.551744548878487,-0.0603999269863668));
#8292=CARTESIAN_POINT('',(0.000999999999999995,0.551744548878487,-0.0603999269863668));
#8293=CARTESIAN_POINT('',(0.000999999999999995,0.540924251340998,-0.0492752877478013));
#8294=CARTESIAN_POINT('Ctrl Pts',(0.000999999999999995,0.551744548878487,
-0.0603999269863668));
#8295=CARTESIAN_POINT('Ctrl Pts',(0.000999999999999995,0.547983672899688,
-0.0599852247119311));
#8296=CARTESIAN_POINT('Ctrl Pts',(0.000999999999999995,0.541746434975213,
-0.0573863270991805));
#8297=CARTESIAN_POINT('Ctrl Pts',(0.000999999999999995,0.540739770420822,
-0.0512957907502581));
#8298=CARTESIAN_POINT('Ctrl Pts',(0.000999999999999995,0.540924251340998,
-0.0492752877478013));
#8299=CARTESIAN_POINT('',(0.000999999999999995,0.540924251340998,-0.0492752877478013));
#8300=CARTESIAN_POINT('Ctrl Pts',(0.000999999999999995,0.540924251340998,
-0.0492752877478013));
#8301=CARTESIAN_POINT('Ctrl Pts',(-0.000199999999999999,0.540924251340998,
-0.0492752877478013));
#8302=CARTESIAN_POINT('Ctrl Pts',(0.000999999999999995,0.541206057228752,
-0.046030955844649));
#8303=CARTESIAN_POINT('Ctrl Pts',(-0.000199999999999999,0.541206057228752,
-0.046030955844649));
#8304=CARTESIAN_POINT('Ctrl Pts',(0.000999999999999995,0.54488711836362,
-0.0405508642720196));
#8305=CARTESIAN_POINT('Ctrl Pts',(-0.000199999999999999,0.54488711836362,
-0.0405508642720196));
#8306=CARTESIAN_POINT('Ctrl Pts',(0.000999999999999995,0.551020397885354,
-0.0402654150211297));
#8307=CARTESIAN_POINT('Ctrl Pts',(-0.000199999999999999,0.551020397885354,
-0.0402654150211297));
#8308=CARTESIAN_POINT('Ctrl Pts',(0.000999999999999995,0.55357719858181,
-0.0402800886601738));
#8309=CARTESIAN_POINT('Ctrl Pts',(-0.000199999999999999,0.55357719858181,
-0.0402800886601738));
#8310=CARTESIAN_POINT('',(0.,0.55357719858181,-0.0402800886601738));
#8311=CARTESIAN_POINT('Ctrl Pts',(0.,0.540924251340998,-0.0492752877478013));
#8312=CARTESIAN_POINT('Ctrl Pts',(0.,0.541206057228752,-0.046030955844649));
#8313=CARTESIAN_POINT('Ctrl Pts',(0.,0.54488711836362,-0.0405508642720196));
#8314=CARTESIAN_POINT('Ctrl Pts',(0.,0.551020397885354,-0.0402654150211297));
#8315=CARTESIAN_POINT('Ctrl Pts',(0.,0.55357719858181,-0.0402800886601738));
#8316=CARTESIAN_POINT('',(0.000999999999999995,0.55357719858181,-0.0402800886601738));
#8317=CARTESIAN_POINT('Ctrl Pts',(0.000999999999999995,0.540924251340998,
-0.0492752877478013));
#8318=CARTESIAN_POINT('Ctrl Pts',(0.000999999999999995,0.541206057228752,
-0.046030955844649));
#8319=CARTESIAN_POINT('Ctrl Pts',(0.000999999999999995,0.54488711836362,
-0.0405508642720196));
#8320=CARTESIAN_POINT('Ctrl Pts',(0.000999999999999995,0.551020397885354,
-0.0402654150211297));
#8321=CARTESIAN_POINT('Ctrl Pts',(0.000999999999999995,0.55357719858181,
-0.0402800886601738));
#8322=CARTESIAN_POINT('',(0.000999999999999995,0.55357719858181,-0.0402800886601738));
#8323=CARTESIAN_POINT('Ctrl Pts',(0.000999999999999995,0.55357719858181,
-0.0402800886601738));
#8324=CARTESIAN_POINT('Ctrl Pts',(-0.000199999999999999,0.55357719858181,
-0.0402800886601738));
#8325=CARTESIAN_POINT('Ctrl Pts',(0.000999999999999995,0.556112467544888,
-0.0406459260676768));
#8326=CARTESIAN_POINT('Ctrl Pts',(-0.000199999999999999,0.556112467544888,
-0.0406459260676768));
#8327=CARTESIAN_POINT('Ctrl Pts',(0.000999999999999995,0.56229273651126,
-0.0418137811019825));
#8328=CARTESIAN_POINT('Ctrl Pts',(-0.000199999999999999,0.56229273651126,
-0.0418137811019825));
#8329=CARTESIAN_POINT('Ctrl Pts',(0.000999999999999995,0.564927306020026,
-0.0481114227518471));
#8330=CARTESIAN_POINT('Ctrl Pts',(-0.000199999999999999,0.564927306020026,
-0.0481114227518471));
#8331=CARTESIAN_POINT('Ctrl Pts',(0.000999999999999995,0.564577101856202,
-0.0514559893120876));
#8332=CARTESIAN_POINT('Ctrl Pts',(-0.000199999999999999,0.564577101856202,
-0.0514559893120876));
#8333=CARTESIAN_POINT('',(0.,0.564577101856202,-0.0514559893120876));
#8334=CARTESIAN_POINT('Ctrl Pts',(0.,0.55357719858181,-0.0402800886601738));
#8335=CARTESIAN_POINT('Ctrl Pts',(0.,0.556112467544888,-0.0406459260676768));
#8336=CARTESIAN_POINT('Ctrl Pts',(0.,0.56229273651126,-0.0418137811019825));
#8337=CARTESIAN_POINT('Ctrl Pts',(0.,0.564927306020026,-0.0481114227518471));
#8338=CARTESIAN_POINT('Ctrl Pts',(0.,0.564577101856202,-0.0514559893120876));
#8339=CARTESIAN_POINT('',(0.000999999999999995,0.564577101856202,-0.0514559893120876));
#8340=CARTESIAN_POINT('Ctrl Pts',(0.000999999999999995,0.55357719858181,
-0.0402800886601738));
#8341=CARTESIAN_POINT('Ctrl Pts',(0.000999999999999995,0.556112467544888,
-0.0406459260676768));
#8342=CARTESIAN_POINT('Ctrl Pts',(0.000999999999999995,0.56229273651126,
-0.0418137811019825));
#8343=CARTESIAN_POINT('Ctrl Pts',(0.000999999999999995,0.564927306020026,
-0.0481114227518471));
#8344=CARTESIAN_POINT('Ctrl Pts',(0.000999999999999995,0.564577101856202,
-0.0514559893120876));
#8345=CARTESIAN_POINT('',(0.000999999999999995,0.564577101856202,-0.0514559893120876));
#8346=CARTESIAN_POINT('Ctrl Pts',(0.000999999999999995,0.554226909946907,
-0.0289927531646699));
#8347=CARTESIAN_POINT('Ctrl Pts',(-0.000199999999999999,0.554226909946907,
-0.0289927531646699));
#8348=CARTESIAN_POINT('Ctrl Pts',(0.000999999999999995,0.55356010636081,
-0.0290013992181448));
#8349=CARTESIAN_POINT('Ctrl Pts',(-0.000199999999999999,0.55356010636081,
-0.0290013992181448));
#8350=CARTESIAN_POINT('Ctrl Pts',(0.000999999999999995,0.552893302774712,
-0.0290100452716198));
#8351=CARTESIAN_POINT('Ctrl Pts',(-0.000199999999999999,0.552893302774712,
-0.0290100452716198));
#8352=CARTESIAN_POINT('Ctrl Pts',(0.000999999999999995,0.552228127152693,
-0.0290390814661226));
#8353=CARTESIAN_POINT('Ctrl Pts',(-0.000199999999999999,0.552228127152693,
-0.0290390814661226));
#8354=CARTESIAN_POINT('',(0.000999999999999995,0.554226909946907,-0.0289927531646699));
#8355=CARTESIAN_POINT('',(0.000999999999999995,0.554226909946907,-0.0289927531646699));
#8356=CARTESIAN_POINT('',(0.000999999999999951,0.552228127224345,-0.0290390814161245));
#8357=CARTESIAN_POINT('Ctrl Pts',(0.000999999999999995,0.554226909946907,
-0.0289927531646699));
#8358=CARTESIAN_POINT('Ctrl Pts',(0.000999999999999995,0.553560106385435,
-0.0290013992178255));
#8359=CARTESIAN_POINT('Ctrl Pts',(0.000999999999999995,0.552893302823962,
-0.0290100452709812));
#8360=CARTESIAN_POINT('Ctrl Pts',(0.000999999999999995,0.552228127226387,
-0.0290390814629057));
#8361=CARTESIAN_POINT('',(0.000999999999999995,0.552228127223324,-0.0290390813927339));
#8362=CARTESIAN_POINT('Ctrl Pts',(0.000999999999999995,0.552375449731533,
-0.0290295915261853));
#8363=CARTESIAN_POINT('Ctrl Pts',(-0.000199999999999999,0.552375449731533,
-0.0290295915261853));
#8364=CARTESIAN_POINT('Ctrl Pts',(0.000999999999999995,0.547200612579555,
-0.0293460290457755));
#8365=CARTESIAN_POINT('Ctrl Pts',(-0.000199999999999999,0.547200612579555,
-0.0293460290457755));
#8366=CARTESIAN_POINT('Ctrl Pts',(0.000999999999999995,0.53900207077265,
-0.0326818892730584));
#8367=CARTESIAN_POINT('Ctrl Pts',(-0.000199999999999999,0.53900207077265,
-0.0326818892730584));
#8368=CARTESIAN_POINT('Ctrl Pts',(0.000999999999999995,0.534926222668369,
-0.0399477999537324));
#8369=CARTESIAN_POINT('Ctrl Pts',(-0.000199999999999999,0.534926222668369,
-0.0399477999537324));
#8370=CARTESIAN_POINT('Ctrl Pts',(0.000999999999999995,0.533963356648018,
-0.0428552941361822));
#8371=CARTESIAN_POINT('Ctrl Pts',(-0.000199999999999999,0.533963356648018,
-0.0428552941361822));
#8372=CARTESIAN_POINT('',(0.000999999999999951,0.533963356726566,-0.0428552941588834));
#8373=CARTESIAN_POINT('Ctrl Pts',(0.000999999999999995,0.552228127223324,
-0.0290390813927339));
#8374=CARTESIAN_POINT('Ctrl Pts',(0.000999999999999995,0.547102963504107,
-0.0293859604182564));
#8375=CARTESIAN_POINT('Ctrl Pts',(0.000999999999999995,0.538977761539424,
-0.0327252247244342));
#8376=CARTESIAN_POINT('Ctrl Pts',(0.000999999999999995,0.534926222668369,
-0.0399477999537324));
#8377=CARTESIAN_POINT('Ctrl Pts',(0.000999999999999995,0.533963356648018,
-0.0428552941361822));
#8378=CARTESIAN_POINT('',(0.000999999999999995,0.533963356648018,-0.0428552941361822));
#8379=CARTESIAN_POINT('Ctrl Pts',(0.000999999999999995,0.533963356824751,
-0.0428552941872599));
#8380=CARTESIAN_POINT('Ctrl Pts',(-0.000199999999999999,0.533963356824751,
-0.0428552941872599));
#8381=CARTESIAN_POINT('Ctrl Pts',(0.000999999999999995,0.533435629433185,
-0.0446720065937146));
#8382=CARTESIAN_POINT('Ctrl Pts',(-0.000199999999999999,0.533435629433185,
-0.0446720065937146));
#8383=CARTESIAN_POINT('Ctrl Pts',(0.000999999999999995,0.533118234737016,
-0.0465654525877952));
#8384=CARTESIAN_POINT('Ctrl Pts',(-0.000199999999999999,0.533118234737016,
-0.0465654525877952));
#8385=CARTESIAN_POINT('Ctrl Pts',(0.000999999999999995,0.532800840040846,
-0.0484588985818758));
#8386=CARTESIAN_POINT('Ctrl Pts',(-0.000199999999999999,0.532800840040846,
-0.0484588985818758));
#8387=CARTESIAN_POINT('',(0.000999999999999995,0.532800840040846,-0.0484588985818758));
#8388=CARTESIAN_POINT('Ctrl Pts',(0.000999999999999995,0.533963356824751,
-0.0428552941872599));
#8389=CARTESIAN_POINT('Ctrl Pts',(0.000999999999999995,0.533435629433185,
-0.0446720065937146));
#8390=CARTESIAN_POINT('Ctrl Pts',(0.000999999999999995,0.533118234737016,
-0.0465654525877952));
#8391=CARTESIAN_POINT('Ctrl Pts',(0.000999999999999995,0.532800840040846,
-0.0484588985818758));
#8392=CARTESIAN_POINT('',(0.000999999999999995,0.532800840040846,-0.0484588985818758));
#8393=CARTESIAN_POINT('Ctrl Pts',(0.000999999999999995,0.532800840040846,
-0.0484588985818758));
#8394=CARTESIAN_POINT('Ctrl Pts',(-0.000199999999999999,0.532800840040846,
-0.0484588985818758));
#8395=CARTESIAN_POINT('Ctrl Pts',(0.000999999999999995,0.53231001392119,
-0.0539622878662066));
#8396=CARTESIAN_POINT('Ctrl Pts',(-0.000199999999999999,0.53231001392119,
-0.0539622878662066));
#8397=CARTESIAN_POINT('Ctrl Pts',(0.000999999999999995,0.534858318436183,
-0.0653652175109645));
#8398=CARTESIAN_POINT('Ctrl Pts',(-0.000199999999999999,0.534858318436183,
-0.0653652175109645));
#8399=CARTESIAN_POINT('Ctrl Pts',(0.000999999999999995,0.545239206993069,
-0.0707204694189222));
#8400=CARTESIAN_POINT('Ctrl Pts',(-0.000199999999999999,0.545239206993069,
-0.0707204694189222));
#8401=CARTESIAN_POINT('Ctrl Pts',(0.000999999999999995,0.550405495919605,
-0.0715281001657941));
#8402=CARTESIAN_POINT('Ctrl Pts',(-0.000199999999999999,0.550405495919605,
-0.0715281001657941));
#8403=CARTESIAN_POINT('',(0.000999999999999995,0.550405495919605,-0.0715281001657941));
#8404=CARTESIAN_POINT('Ctrl Pts',(0.000999999999999995,0.532800840040846,
-0.0484588985818758));
#8405=CARTESIAN_POINT('Ctrl Pts',(0.000999999999999995,0.53231001392119,
-0.0539622878662066));
#8406=CARTESIAN_POINT('Ctrl Pts',(0.000999999999999995,0.534858318436183,
-0.0653652175109645));
#8407=CARTESIAN_POINT('Ctrl Pts',(0.000999999999999995,0.545239206993069,
-0.0707204694189222));
#8408=CARTESIAN_POINT('Ctrl Pts',(0.000999999999999995,0.550405495919605,
-0.0715281001657941));
#8409=CARTESIAN_POINT('',(0.000999999999999995,0.550405495919605,-0.0715281001657941));
#8410=CARTESIAN_POINT('Ctrl Pts',(0.000999999999999995,0.550405495919605,
-0.0715281001657941));
#8411=CARTESIAN_POINT('Ctrl Pts',(-0.000199999999999999,0.550405495919605,
-0.0715281001657941));
#8412=CARTESIAN_POINT('Ctrl Pts',(0.000999999999999995,0.551712427342308,
-0.0716701930736296));
#8413=CARTESIAN_POINT('Ctrl Pts',(-0.000199999999999999,0.551712427342308,
-0.0716701930736296));
#8414=CARTESIAN_POINT('Ctrl Pts',(0.000999999999999995,0.557535857030465,
-0.07150317626942));
#8415=CARTESIAN_POINT('Ctrl Pts',(-0.000199999999999999,0.557535857030465,
-0.07150317626942));
#8416=CARTESIAN_POINT('Ctrl Pts',(0.000999999999999995,0.56857871665144,
-0.0676269180760133));
#8417=CARTESIAN_POINT('Ctrl Pts',(-0.000199999999999999,0.56857871665144,
-0.0676269180760133));
#8418=CARTESIAN_POINT('Ctrl Pts',(0.000999999999999995,0.572139166619366,
-0.0574286778323737));
#8419=CARTESIAN_POINT('Ctrl Pts',(-0.000199999999999999,0.572139166619366,
-0.0574286778323737));
#8420=CARTESIAN_POINT('Ctrl Pts',(0.000999999999999995,0.572624561991354,
-0.052211932602223));
#8421=CARTESIAN_POINT('Ctrl Pts',(-0.000199999999999999,0.572624561991354,
-0.052211932602223));
#8422=CARTESIAN_POINT('',(0.000999999999999995,0.572624561991354,-0.052211932602223));
#8423=CARTESIAN_POINT('Ctrl Pts',(0.000999999999999995,0.550405495919605,
-0.0715281001657941));
#8424=CARTESIAN_POINT('Ctrl Pts',(0.000999999999999995,0.551712427342308,
-0.0716701930736296));
#8425=CARTESIAN_POINT('Ctrl Pts',(0.000999999999999995,0.557535857030465,
-0.07150317626942));
#8426=CARTESIAN_POINT('Ctrl Pts',(0.000999999999999995,0.56857871665144,
-0.0676269180760133));
#8427=CARTESIAN_POINT('Ctrl Pts',(0.000999999999999995,0.572139166619366,
-0.0574286778323737));
#8428=CARTESIAN_POINT('Ctrl Pts',(0.000999999999999995,0.572624561991354,
-0.052211932602223));
#8429=CARTESIAN_POINT('',(0.000999999999999995,0.572624561991354,-0.052211932602223));
#8430=CARTESIAN_POINT('Ctrl Pts',(0.000999999999999995,0.572624561991354,
-0.052211932602223));
#8431=CARTESIAN_POINT('Ctrl Pts',(-0.000199999999999999,0.572624561991354,
-0.052211932602223));
#8432=CARTESIAN_POINT('Ctrl Pts',(0.000999999999999995,0.573002189172045,
-0.0481552703037331));
#8433=CARTESIAN_POINT('Ctrl Pts',(-0.000199999999999999,0.573002189172045,
-0.0481552703037331));
#8434=CARTESIAN_POINT('Ctrl Pts',(0.000999999999999995,0.572046161021553,
-0.0364807582597142));
#8435=CARTESIAN_POINT('Ctrl Pts',(-0.000199999999999999,0.572046161021553,
-0.0364807582597142));
#8436=CARTESIAN_POINT('Ctrl Pts',(0.000999999999999995,0.561250798365358,
-0.0295935725364412));
#8437=CARTESIAN_POINT('Ctrl Pts',(-0.000199999999999999,0.561250798365358,
-0.0295935725364412));
#8438=CARTESIAN_POINT('Ctrl Pts',(0.000999999999999995,0.554226909946907,
-0.0289927531646699));
#8439=CARTESIAN_POINT('Ctrl Pts',(-0.000199999999999999,0.554226909946907,
-0.0289927531646699));
#8440=CARTESIAN_POINT('Ctrl Pts',(0.000999999999999995,0.572624561991354,
-0.052211932602223));
#8441=CARTESIAN_POINT('Ctrl Pts',(0.000999999999999995,0.573002189172045,
-0.0481552703037331));
#8442=CARTESIAN_POINT('Ctrl Pts',(0.000999999999999995,0.572046161021553,
-0.0364807582597142));
#8443=CARTESIAN_POINT('Ctrl Pts',(0.000999999999999995,0.561250798365358,
-0.0295935725364412));
#8444=CARTESIAN_POINT('Ctrl Pts',(0.000999999999999995,0.554226909946907,
-0.0289927531646699));
#8445=CARTESIAN_POINT('Ctrl Pts',(0.000999999999999995,0.564577101856202,
-0.0514559893120876));
#8446=CARTESIAN_POINT('Ctrl Pts',(-0.000199999999999999,0.564577101856202,
-0.0514559893120876));
#8447=CARTESIAN_POINT('Ctrl Pts',(0.000999999999999995,0.56438720313231,
-0.0535455219491714));
#8448=CARTESIAN_POINT('Ctrl Pts',(-0.000199999999999999,0.56438720313231,
-0.0535455219491714));
#8449=CARTESIAN_POINT('Ctrl Pts',(0.000999999999999995,0.562326860076214,
-0.0595022983315583));
#8450=CARTESIAN_POINT('Ctrl Pts',(-0.000199999999999999,0.562326860076214,
-0.0595022983315583));
#8451=CARTESIAN_POINT('Ctrl Pts',(0.000999999999999995,0.555527444649727,
-0.0608135346402396));
#8452=CARTESIAN_POINT('Ctrl Pts',(-0.000199999999999999,0.555527444649727,
-0.0608135346402396));
#8453=CARTESIAN_POINT('Ctrl Pts',(0.000999999999999995,0.551744548878487,
-0.0603999269863668));
#8454=CARTESIAN_POINT('Ctrl Pts',(-0.000199999999999999,0.551744548878487,
-0.0603999269863668));
#8455=CARTESIAN_POINT('Ctrl Pts',(0.,0.564577101856202,-0.0514559893120876));
#8456=CARTESIAN_POINT('Ctrl Pts',(0.,0.56438720313231,-0.0535455219491714));
#8457=CARTESIAN_POINT('Ctrl Pts',(0.,0.562326860076214,-0.0595022983315583));
#8458=CARTESIAN_POINT('Ctrl Pts',(0.,0.555527444649727,-0.0608135346402396));
#8459=CARTESIAN_POINT('Ctrl Pts',(0.,0.551744548878487,-0.0603999269863668));
#8460=CARTESIAN_POINT('Ctrl Pts',(0.000999999999999995,0.564577101856202,
-0.0514559893120876));
#8461=CARTESIAN_POINT('Ctrl Pts',(0.000999999999999995,0.56438720313231,
-0.0535455219491714));
#8462=CARTESIAN_POINT('Ctrl Pts',(0.000999999999999995,0.562326860076214,
-0.0595022983315583));
#8463=CARTESIAN_POINT('Ctrl Pts',(0.000999999999999995,0.555527444649727,
-0.0608135346402396));
#8464=CARTESIAN_POINT('Ctrl Pts',(0.000999999999999995,0.551744548878487,
-0.0603999269863668));
#8465=CARTESIAN_POINT('Origin',(0.000999999999999995,0.,0.));
#8466=CARTESIAN_POINT('Origin',(0.,0.6,0.));
#8467=CARTESIAN_POINT('Ctrl Pts',(0.000999999999999995,0.530824344741684,
0.106171773286705));
#8468=CARTESIAN_POINT('Ctrl Pts',(-0.000199999999999999,0.530824344741684,
0.106171773286705));
#8469=CARTESIAN_POINT('Ctrl Pts',(0.000999999999999995,0.530383779349796,
0.10628271381629));
#8470=CARTESIAN_POINT('Ctrl Pts',(-0.000199999999999999,0.530383779349796,
0.10628271381629));
#8471=CARTESIAN_POINT('Ctrl Pts',(0.000999999999999995,0.529943213957909,
0.106393654345875));
#8472=CARTESIAN_POINT('Ctrl Pts',(-0.000199999999999999,0.529943213957909,
0.106393654345875));
#8473=CARTESIAN_POINT('Ctrl Pts',(0.000999999999999995,0.529515934777986,
0.106542018485728));
#8474=CARTESIAN_POINT('Ctrl Pts',(-0.000199999999999999,0.529515934777986,
0.106542018485728));
#8475=CARTESIAN_POINT('',(0.000999999999999951,0.529515934899326,0.106542018465931));
#8476=CARTESIAN_POINT('',(0.000999999999999995,0.529515934911723,0.10654201843929));
#8477=CARTESIAN_POINT('',(0.000999999999999995,0.530824344741684,0.106171773286705));
#8478=CARTESIAN_POINT('Ctrl Pts',(0.000999999999999995,0.530824344741684,
0.106171773286705));
#8479=CARTESIAN_POINT('Ctrl Pts',(0.000999999999999995,0.530383779395762,
0.106282713804715));
#8480=CARTESIAN_POINT('Ctrl Pts',(0.000999999999999951,0.529943214049839,
0.106393654322726));
#8481=CARTESIAN_POINT('Ctrl Pts',(0.000999999999999995,0.529515934911723,
0.10654201843929));
#8482=CARTESIAN_POINT('',(0.000999999999999995,0.530824344741684,0.106171773286705));
#8483=CARTESIAN_POINT('Ctrl Pts',(0.000999999999999995,0.526884940939643,
0.0928291926660413));
#8484=CARTESIAN_POINT('Ctrl Pts',(-0.000199999999999999,0.526884940939643,
0.0928291926660413));
#8485=CARTESIAN_POINT('Ctrl Pts',(0.000999999999999995,0.526783205835544,
0.093650347945488));
#8486=CARTESIAN_POINT('Ctrl Pts',(-0.000199999999999999,0.526783205835544,
0.093650347945488));
#8487=CARTESIAN_POINT('Ctrl Pts',(0.000999999999999995,0.526582370846731,
0.0952713883210915));
#8488=CARTESIAN_POINT('Ctrl Pts',(-0.000199999999999999,0.526582370846731,
0.0952713883210915));
#8489=CARTESIAN_POINT('Ctrl Pts',(0.000999999999999995,0.526672888817138,
0.0977132460709801));
#8490=CARTESIAN_POINT('Ctrl Pts',(-0.000199999999999999,0.526672888817138,
0.0977132460709801));
#8491=CARTESIAN_POINT('Ctrl Pts',(0.000999999999999995,0.52715013282728,
0.100552181557591));
#8492=CARTESIAN_POINT('Ctrl Pts',(-0.000199999999999999,0.52715013282728,
0.100552181557591));
#8493=CARTESIAN_POINT('Ctrl Pts',(0.000999999999999995,0.528203616101365,
0.10370559741911));
#8494=CARTESIAN_POINT('Ctrl Pts',(-0.000199999999999999,0.528203616101365,
0.10370559741911));
#8495=CARTESIAN_POINT('Ctrl Pts',(0.000999999999999995,0.529988088641122,
0.105384833890306));
#8496=CARTESIAN_POINT('Ctrl Pts',(-0.000199999999999999,0.529988088641122,
0.105384833890306));
#8497=CARTESIAN_POINT('Ctrl Pts',(0.000999999999999995,0.530824344741684,
0.106171773286705));
#8498=CARTESIAN_POINT('Ctrl Pts',(-0.000199999999999999,0.530824344741684,
0.106171773286705));
#8499=CARTESIAN_POINT('',(0.000999999999999995,0.526884940939643,0.0928291926660413));
#8500=CARTESIAN_POINT('Ctrl Pts',(0.000999999999999995,0.526884940939643,
0.0928291926660413));
#8501=CARTESIAN_POINT('Ctrl Pts',(0.000999999999999995,0.526783205835544,
0.093650347945488));
#8502=CARTESIAN_POINT('Ctrl Pts',(0.000999999999999995,0.526582370846731,
0.0952713883210915));
#8503=CARTESIAN_POINT('Ctrl Pts',(0.000999999999999995,0.526672888817138,
0.0977132460709801));
#8504=CARTESIAN_POINT('Ctrl Pts',(0.000999999999999995,0.52715013282728,
0.100552181557591));
#8505=CARTESIAN_POINT('Ctrl Pts',(0.000999999999999995,0.528203616101365,
0.10370559741911));
#8506=CARTESIAN_POINT('Ctrl Pts',(0.000999999999999995,0.529988088641122,
0.105384833890306));
#8507=CARTESIAN_POINT('Ctrl Pts',(0.000999999999999995,0.530824344741684,
0.106171773286705));
#8508=CARTESIAN_POINT('',(0.000999999999999995,0.526884940939643,0.0928291926660413));
#8509=CARTESIAN_POINT('Ctrl Pts',(0.000999999999999995,0.5313926878,0.0620226677));
#8510=CARTESIAN_POINT('Ctrl Pts',(-0.000199999999999999,0.5313926878,0.0620226677));
#8511=CARTESIAN_POINT('Ctrl Pts',(0.000999999999999995,0.530189371952276,
0.0723323381725318));
#8512=CARTESIAN_POINT('Ctrl Pts',(-0.000199999999999999,0.530189371952276,
0.0723323381725318));
#8513=CARTESIAN_POINT('Ctrl Pts',(0.000999999999999995,0.528685941229867,
0.0826069780500656));
#8514=CARTESIAN_POINT('Ctrl Pts',(-0.000199999999999999,0.528685941229867,
0.0826069780500656));
#8515=CARTESIAN_POINT('Ctrl Pts',(0.000999999999999995,0.526884940939643,
0.0928291926660413));
#8516=CARTESIAN_POINT('Ctrl Pts',(-0.000199999999999999,0.526884940939643,
0.0928291926660413));
#8517=CARTESIAN_POINT('',(0.000999999999999995,0.5313926878,0.0620226677));
#8518=CARTESIAN_POINT('Origin',(0.000999999999999995,-3.73230987917913E-5,
-5.46056550707031E-6));
#8519=CARTESIAN_POINT('',(0.000999999999999995,0.5313926878,0.0620226677));
#8520=CARTESIAN_POINT('Origin',(0.000999999999999995,0.0544035155721278,
0.195058859543598));
#8521=CARTESIAN_POINT('',(0.000999999999999995,0.5375227969,0.06031293));
#8522=CARTESIAN_POINT('',(0.000999999999999995,0.0544035155721278,0.195058859543598));
#8523=CARTESIAN_POINT('',(0.000999999999999995,0.5375227969,0.06031293));
#8524=CARTESIAN_POINT('Ctrl Pts',(0.000999999999999995,0.5385667585,0.0501423148));
#8525=CARTESIAN_POINT('Ctrl Pts',(-0.000199999999999999,0.5385667585,0.0501423148));
#8526=CARTESIAN_POINT('Ctrl Pts',(0.000999999999999995,0.538250904819564,
0.05353571555187));
#8527=CARTESIAN_POINT('Ctrl Pts',(-0.000199999999999999,0.538250904819564,
0.05353571555187));
#8528=CARTESIAN_POINT('Ctrl Pts',(0.000999999999999995,0.537902852264339,
0.0569261188001983));
#8529=CARTESIAN_POINT('Ctrl Pts',(-0.000199999999999999,0.537902852264339,
0.0569261188001983));
#8530=CARTESIAN_POINT('Ctrl Pts',(0.000999999999999995,0.5375227969,0.06031293));
#8531=CARTESIAN_POINT('Ctrl Pts',(-0.000199999999999999,0.5375227969,0.06031293));
#8532=CARTESIAN_POINT('',(0.000999999999999995,0.5385667585,0.0501423147999999));
#8533=CARTESIAN_POINT('Origin',(0.000999999999999995,0.00099155305475865,
0.000101857373922798));
#8534=CARTESIAN_POINT('',(0.000999999999999995,0.5385667585,0.0501423147999999));
#8535=CARTESIAN_POINT('Origin',(0.000999999999999995,0.0984000536796666,
-0.184549906226007));
#8536=CARTESIAN_POINT('',(0.000999999999999995,0.5329199043,0.047131472));
#8537=CARTESIAN_POINT('',(0.000999999999999995,0.0984000536796666,-0.184549906226007));
#8538=CARTESIAN_POINT('',(0.000999999999999995,0.5329199043,0.047131472));
#8539=CARTESIAN_POINT('Ctrl Pts',(0.000999999999999995,0.5329199043,0.047131472));
#8540=CARTESIAN_POINT('Ctrl Pts',(-0.000199999999999999,0.5329199043,0.047131472));
#8541=CARTESIAN_POINT('Ctrl Pts',(0.000999999999999995,0.534346816266762,
0.0309972461691984));
#8542=CARTESIAN_POINT('Ctrl Pts',(-0.000199999999999999,0.534346816266762,
0.0309972461691984));
#8543=CARTESIAN_POINT('Ctrl Pts',(0.000999999999999995,0.535040524420952,
0.0147981942089659));
#8544=CARTESIAN_POINT('Ctrl Pts',(-0.000199999999999999,0.535040524420952,
0.0147981942089659));
#8545=CARTESIAN_POINT('Ctrl Pts',(0.000999999999999995,0.534998170964124,
-0.0013989514076974));
#8546=CARTESIAN_POINT('Ctrl Pts',(-0.000199999999999999,0.534998170964124,
-0.0013989514076974));
#8547=CARTESIAN_POINT('',(0.000999999999999995,0.534998170964124,-0.0013989514076974));
#8548=CARTESIAN_POINT('Origin',(0.000999999999999995,-9.18943758715767E-5,
-3.93474856295249E-6));
#8549=CARTESIAN_POINT('',(0.000999999999999995,0.534998170964124,-0.0013989514076974));
#8550=CARTESIAN_POINT('Ctrl Pts',(0.000999999999999995,0.534998170964124,
-0.0013989514076974));
#8551=CARTESIAN_POINT('Ctrl Pts',(-0.000199999999999999,0.534998170964124,
-0.0013989514076974));
#8552=CARTESIAN_POINT('Ctrl Pts',(0.000999999999999995,0.536926111992331,
-0.00250554620093041));
#8553=CARTESIAN_POINT('Ctrl Pts',(-0.000199999999999999,0.536926111992331,
-0.00250554620093041));
#8554=CARTESIAN_POINT('Ctrl Pts',(0.000999999999999995,0.539202359518036,
-0.00248316485962741));
#8555=CARTESIAN_POINT('Ctrl Pts',(-0.000199999999999999,0.539202359518036,
-0.00248316485962741));
#8556=CARTESIAN_POINT('Ctrl Pts',(0.000999999999999995,0.541379922008346,
-0.00266885752470461));
#8557=CARTESIAN_POINT('Ctrl Pts',(-0.000199999999999999,0.541379922008346,
-0.00266885752470461));
#8558=CARTESIAN_POINT('',(0.000999999999999995,0.541379922008346,-0.00266885752470461));
#8559=CARTESIAN_POINT('Ctrl Pts',(0.000999999999999995,0.534998170964124,
-0.0013989514076974));
#8560=CARTESIAN_POINT('Ctrl Pts',(0.000999999999999995,0.536926111992331,
-0.00250554620093041));
#8561=CARTESIAN_POINT('Ctrl Pts',(0.000999999999999995,0.539202359518036,
-0.00248316485962741));
#8562=CARTESIAN_POINT('Ctrl Pts',(0.000999999999999995,0.541379922008346,
-0.00266885752470461));
#8563=CARTESIAN_POINT('',(0.000999999999999995,0.541379922008346,-0.00266885752470461));
#8564=CARTESIAN_POINT('Ctrl Pts',(0.000999999999999995,0.541379922008346,
-0.00266885752470461));
#8565=CARTESIAN_POINT('Ctrl Pts',(-0.000199999999999999,0.541379922008346,
-0.00266885752470461));
#8566=CARTESIAN_POINT('Ctrl Pts',(0.000999999999999995,0.543187559466678,
-0.0028877048950169));
#8567=CARTESIAN_POINT('Ctrl Pts',(-0.000199999999999999,0.543187559466678,
-0.0028877048950169));
#8568=CARTESIAN_POINT('Ctrl Pts',(0.000999999999999995,0.547454579868147,
-0.00304177551698451));
#8569=CARTESIAN_POINT('Ctrl Pts',(-0.000199999999999999,0.547454579868147,
-0.00304177551698451));
#8570=CARTESIAN_POINT('Ctrl Pts',(0.000999999999999995,0.549810251528993,
-0.00691092367841871));
#8571=CARTESIAN_POINT('Ctrl Pts',(-0.000199999999999999,0.549810251528993,
-0.00691092367841871));
#8572=CARTESIAN_POINT('Ctrl Pts',(0.000999999999999995,0.549493646586871,
-0.00896865972892911));
#8573=CARTESIAN_POINT('Ctrl Pts',(-0.000199999999999999,0.549493646586871,
-0.00896865972892911));
#8574=CARTESIAN_POINT('',(0.000999999999999995,0.549493646586871,-0.00896865972892911));
#8575=CARTESIAN_POINT('Ctrl Pts',(0.000999999999999995,0.541379922008346,
-0.00266885752470461));
#8576=CARTESIAN_POINT('Ctrl Pts',(0.000999999999999995,0.543187559466678,
-0.0028877048950169));
#8577=CARTESIAN_POINT('Ctrl Pts',(0.000999999999999995,0.547454579868147,
-0.00304177551698451));
#8578=CARTESIAN_POINT('Ctrl Pts',(0.000999999999999995,0.549810251528993,
-0.00691092367841871));
#8579=CARTESIAN_POINT('Ctrl Pts',(0.000999999999999995,0.549493646586871,
-0.00896865972892911));
#8580=CARTESIAN_POINT('',(0.000999999999999995,0.549493646586871,-0.00896865972892911));
#8581=CARTESIAN_POINT('Ctrl Pts',(0.000999999999999995,0.549493646586871,
-0.00896865972892911));
#8582=CARTESIAN_POINT('Ctrl Pts',(-0.000199999999999999,0.549493646586871,
-0.00896865972892911));
#8583=CARTESIAN_POINT('Ctrl Pts',(0.000999999999999995,0.549447477437299,
-0.0118013179879168));
#8584=CARTESIAN_POINT('Ctrl Pts',(-0.000199999999999999,0.549447477437299,
-0.0118013179879168));
#8585=CARTESIAN_POINT('Ctrl Pts',(0.000999999999999995,0.549379386331109,
-0.014633619609199));
#8586=CARTESIAN_POINT('Ctrl Pts',(-0.000199999999999999,0.549379386331109,
-0.014633619609199));
#8587=CARTESIAN_POINT('Ctrl Pts',(0.000999999999999995,0.5492892392,-0.0174652195));
#8588=CARTESIAN_POINT('Ctrl Pts',(-0.000199999999999999,0.5492892392,-0.0174652195));
#8589=CARTESIAN_POINT('',(0.000999999999999995,0.5492892392,-0.0174652195));
#8590=CARTESIAN_POINT('Origin',(0.000999999999999995,0.108797398770873,
0.0588294241135888));
#8591=CARTESIAN_POINT('',(0.000999999999999995,0.5492892392,-0.0174652195));
#8592=CARTESIAN_POINT('Origin',(0.000999999999999995,1.08809615106369E-5,
0.000335750064233987));
#8593=CARTESIAN_POINT('',(0.000999999999999995,0.5347300485,-0.0169933864));
#8594=CARTESIAN_POINT('',(0.000999999999999995,1.08809615106369E-5,0.000335750064233987));
#8595=CARTESIAN_POINT('',(0.000999999999999995,0.5347300485,-0.0169933864));
#8596=CARTESIAN_POINT('Ctrl Pts',(0.000999999999999995,0.5347300485,-0.0169933864));
#8597=CARTESIAN_POINT('Ctrl Pts',(-0.000199999999999999,0.5347300485,-0.0169933864));
#8598=CARTESIAN_POINT('Ctrl Pts',(0.000999999999999995,0.534614567262906,
-0.0206272302606363));
#8599=CARTESIAN_POINT('Ctrl Pts',(-0.000199999999999999,0.534614567262906,
-0.0206272302606363));
#8600=CARTESIAN_POINT('Ctrl Pts',(0.000999999999999995,0.534462043143525,
-0.024259896883108));
#8601=CARTESIAN_POINT('Ctrl Pts',(-0.000199999999999999,0.534462043143525,
-0.024259896883108));
#8602=CARTESIAN_POINT('Ctrl Pts',(0.000999999999999995,0.5342725079,-0.0278906314));
#8603=CARTESIAN_POINT('Ctrl Pts',(-0.000199999999999999,0.5342725079,-0.0278906314));
#8604=CARTESIAN_POINT('',(0.000999999999999995,0.5342725079,-0.0278906314));
#8605=CARTESIAN_POINT('Origin',(0.000999999999999995,-4.39801518624372E-6,
1.81561817628197E-7));
#8606=CARTESIAN_POINT('',(0.000999999999999995,0.5342725079,-0.0278906314));
#8607=CARTESIAN_POINT('Origin',(0.000999999999999995,3.58416864356957E-5,
0.000670421470787675));
#8608=CARTESIAN_POINT('',(0.000999999999999995,0.5742154676,-0.0300260389));
#8609=CARTESIAN_POINT('',(0.000999999999999995,3.58416864356957E-5,0.000670421470787675));
#8610=CARTESIAN_POINT('',(0.000999999999999995,0.5742154676,-0.0300260389));
#8611=CARTESIAN_POINT('Ctrl Pts',(0.000999999999999995,0.5742154676,-0.0300260389));
#8612=CARTESIAN_POINT('Ctrl Pts',(-0.000199999999999999,0.5742154676,-0.0300260389));
#8613=CARTESIAN_POINT('Ctrl Pts',(0.000999999999999995,0.574615061667977,
-0.0223844385759953));
#8614=CARTESIAN_POINT('Ctrl Pts',(-0.000199999999999999,0.574615061667977,
-0.0223844385759953));
#8615=CARTESIAN_POINT('Ctrl Pts',(0.000999999999999995,0.574862098018632,
-0.0147348680491153));
#8616=CARTESIAN_POINT('Ctrl Pts',(-0.000199999999999999,0.574862098018632,
-0.0147348680491153));
#8617=CARTESIAN_POINT('Ctrl Pts',(0.000999999999999995,0.574956353955787,
-0.00708340651606711));
#8618=CARTESIAN_POINT('Ctrl Pts',(-0.000199999999999999,0.574956353955787,
-0.00708340651606711));
#8619=CARTESIAN_POINT('',(0.000999999999999995,0.574956353955787,-0.00708340651606711));
#8620=CARTESIAN_POINT('Origin',(0.000999999999999995,1.86431692779955E-5,
-2.23732970393899E-7));
#8621=CARTESIAN_POINT('',(0.000999999999999995,0.574956353955787,-0.00708340651606711));
#8622=CARTESIAN_POINT('Ctrl Pts',(0.000999999999999995,0.574956353955787,
-0.00708340651606711));
#8623=CARTESIAN_POINT('Ctrl Pts',(-0.000199999999999999,0.574956353955787,
-0.00708340651606711));
#8624=CARTESIAN_POINT('Ctrl Pts',(0.000999999999999995,0.574978158431565,
-0.00249787254949601));
#8625=CARTESIAN_POINT('Ctrl Pts',(-0.000199999999999999,0.574978158431565,
-0.00249787254949601));
#8626=CARTESIAN_POINT('Ctrl Pts',(0.000999999999999995,0.573676785528832,
0.00576106748634639));
#8627=CARTESIAN_POINT('Ctrl Pts',(-0.000199999999999999,0.573676785528832,
0.00576106748634639));
#8628=CARTESIAN_POINT('Ctrl Pts',(0.000999999999999995,0.566296415800523,
0.00855595679808339));
#8629=CARTESIAN_POINT('Ctrl Pts',(-0.000199999999999999,0.566296415800523,
0.00855595679808339));
#8630=CARTESIAN_POINT('Ctrl Pts',(0.000999999999999995,0.563675827001951,
0.00852881351811539));
#8631=CARTESIAN_POINT('Ctrl Pts',(-0.000199999999999999,0.563675827001951,
0.00852881351811539));
#8632=CARTESIAN_POINT('',(0.000999999999999995,0.563675827001951,0.00852881351811539));
#8633=CARTESIAN_POINT('Ctrl Pts',(0.000999999999999995,0.574956353955787,
-0.00708340651606711));
#8634=CARTESIAN_POINT('Ctrl Pts',(0.000999999999999995,0.574978158431565,
-0.00249787254949601));
#8635=CARTESIAN_POINT('Ctrl Pts',(0.000999999999999995,0.573676785528832,
0.00576106748634639));
#8636=CARTESIAN_POINT('Ctrl Pts',(0.000999999999999995,0.566296415800523,
0.00855595679808339));
#8637=CARTESIAN_POINT('Ctrl Pts',(0.000999999999999995,0.563675827001951,
0.00852881351811539));
#8638=CARTESIAN_POINT('',(0.000999999999999995,0.563675827001951,0.00852881351811539));
#8639=CARTESIAN_POINT('Ctrl Pts',(0.000999999999999995,0.563675827001951,
0.00852881351811539));
#8640=CARTESIAN_POINT('Ctrl Pts',(-0.000199999999999999,0.563675827001951,
0.00852881351811539));
#8641=CARTESIAN_POINT('Ctrl Pts',(0.000999999999999995,0.559401322756728,
0.0083942437182201));
#8642=CARTESIAN_POINT('Ctrl Pts',(-0.000199999999999999,0.559401322756728,
0.0083942437182201));
#8643=CARTESIAN_POINT('Ctrl Pts',(0.000999999999999995,0.555083915761306,
0.00567742347617189));
#8644=CARTESIAN_POINT('Ctrl Pts',(-0.000199999999999999,0.555083915761306,
0.00567742347617189));
#8645=CARTESIAN_POINT('Ctrl Pts',(0.000999999999999995,0.5537103575,0.0015821137));
#8646=CARTESIAN_POINT('Ctrl Pts',(-0.000199999999999999,0.5537103575,0.0015821137));
#8647=CARTESIAN_POINT('',(0.000999999999999995,0.5537103575,0.0015821137));
#8648=CARTESIAN_POINT('Ctrl Pts',(0.000999999999999995,0.563675827001951,
0.00852881351811539));
#8649=CARTESIAN_POINT('Ctrl Pts',(0.000999999999999995,0.559401322756728,
0.0083942437182201));
#8650=CARTESIAN_POINT('Ctrl Pts',(0.000999999999999995,0.555083915761306,
0.00567742347617189));
#8651=CARTESIAN_POINT('Ctrl Pts',(0.000999999999999995,0.5537103575,0.0015821137));
#8652=CARTESIAN_POINT('',(0.000999999999999995,0.5537103575,0.0015821137));
#8653=CARTESIAN_POINT('Origin',(0.000999999999999995,-3.34423092108742E-7,
0.000127281814159294));
#8654=CARTESIAN_POINT('',(0.000999999999999995,0.5535980421,0.00158181859999999));
#8655=CARTESIAN_POINT('',(0.000999999999999995,-3.34423092108742E-7,0.000127281814159294));
#8656=CARTESIAN_POINT('',(0.000999999999999995,0.5535980421,0.00158181859999999));
#8657=CARTESIAN_POINT('Ctrl Pts',(0.000999999999999995,0.5535980421,0.00158181859999999));
#8658=CARTESIAN_POINT('Ctrl Pts',(-0.000199999999999999,0.5535980421,0.00158181859999999));
#8659=CARTESIAN_POINT('Ctrl Pts',(0.000999999999999995,0.552849386745829,
0.00582568349140589));
#8660=CARTESIAN_POINT('Ctrl Pts',(-0.000199999999999999,0.552849386745829,
0.00582568349140589));
#8661=CARTESIAN_POINT('Ctrl Pts',(0.000999999999999995,0.547988337041878,
0.00738581375566189));
#8662=CARTESIAN_POINT('Ctrl Pts',(-0.000199999999999999,0.547988337041878,
0.00738581375566189));
#8663=CARTESIAN_POINT('Ctrl Pts',(0.000999999999999995,0.543964671596392,
0.00775119122066739));
#8664=CARTESIAN_POINT('Ctrl Pts',(-0.000199999999999999,0.543964671596392,
0.00775119122066739));
#8665=CARTESIAN_POINT('',(0.000999999999999995,0.543964671596392,0.00775119122066739));
#8666=CARTESIAN_POINT('Ctrl Pts',(0.000999999999999995,0.5535980421,0.00158181859999999));
#8667=CARTESIAN_POINT('Ctrl Pts',(0.000999999999999995,0.552849386745829,
0.00582568349140589));
#8668=CARTESIAN_POINT('Ctrl Pts',(0.000999999999999995,0.547988337041878,
0.00738581375566189));
#8669=CARTESIAN_POINT('Ctrl Pts',(0.000999999999999995,0.543964671596392,
0.00775119122066739));
#8670=CARTESIAN_POINT('',(0.000999999999999995,0.543964671596392,0.00775119122066739));
#8671=CARTESIAN_POINT('Ctrl Pts',(0.000999999999999995,0.543964671596392,
0.00775119122066739));
#8672=CARTESIAN_POINT('Ctrl Pts',(-0.000199999999999999,0.543964671596392,
0.00775119122066739));
#8673=CARTESIAN_POINT('Ctrl Pts',(0.000999999999999995,0.54155678136339,
0.00793636666376149));
#8674=CARTESIAN_POINT('Ctrl Pts',(-0.000199999999999999,0.54155678136339,
0.00793636666376149));
#8675=CARTESIAN_POINT('Ctrl Pts',(0.000999999999999995,0.539130850152452,
0.00809985828554219));
#8676=CARTESIAN_POINT('Ctrl Pts',(-0.000199999999999999,0.539130850152452,
0.00809985828554219));
#8677=CARTESIAN_POINT('Ctrl Pts',(0.000999999999999995,0.5367987144,0.00874436049999999));
#8678=CARTESIAN_POINT('Ctrl Pts',(-0.000199999999999999,0.5367987144,0.00874436049999999));
#8679=CARTESIAN_POINT('',(0.000999999999999995,0.5367987144,0.00874436049999999));
#8680=CARTESIAN_POINT('Ctrl Pts',(0.000999999999999995,0.543964671596392,
0.00775119122066739));
#8681=CARTESIAN_POINT('Ctrl Pts',(0.000999999999999995,0.54155678136339,
0.00793636666376149));
#8682=CARTESIAN_POINT('Ctrl Pts',(0.000999999999999995,0.539130850152452,
0.00809985828554219));
#8683=CARTESIAN_POINT('Ctrl Pts',(0.000999999999999995,0.5367987144,0.00874436049999999));
#8684=CARTESIAN_POINT('',(0.000999999999999995,0.5367987144,0.00874436049999999));
#8685=CARTESIAN_POINT('Origin',(0.000999999999999995,-6.36897205603372E-6,
0.000410228261023281));
#8686=CARTESIAN_POINT('',(0.000999999999999995,0.5749241591,0.00933627459999999));
#8687=CARTESIAN_POINT('',(0.000999999999999995,-6.36897205603372E-6,0.000410228261023281));
#8688=CARTESIAN_POINT('',(0.000999999999999995,0.5749241591,0.00933627459999999));
#8689=CARTESIAN_POINT('Ctrl Pts',(0.000999999999999995,0.5744756772,0.0245486577));
#8690=CARTESIAN_POINT('Ctrl Pts',(-0.000199999999999999,0.5744756772,0.0245486577));
#8691=CARTESIAN_POINT('Ctrl Pts',(0.000999999999999995,0.574692945411161,
0.0194801665364896));
#8692=CARTESIAN_POINT('Ctrl Pts',(-0.000199999999999999,0.574692945411161,
0.0194801665364896));
#8693=CARTESIAN_POINT('Ctrl Pts',(0.000999999999999995,0.574841776838523,
0.0144087507373229));
#8694=CARTESIAN_POINT('Ctrl Pts',(-0.000199999999999999,0.574841776838523,
0.0144087507373229));
#8695=CARTESIAN_POINT('Ctrl Pts',(0.000999999999999995,0.5749241591,0.00933627459999999));
#8696=CARTESIAN_POINT('Ctrl Pts',(-0.000199999999999999,0.5749241591,0.00933627459999999));
#8697=CARTESIAN_POINT('',(0.000999999999999995,0.5744756772,0.0245486577));
#8698=CARTESIAN_POINT('Origin',(0.000999999999999995,0.00284410508385702,
8.3373141093098E-5));
#8699=CARTESIAN_POINT('',(0.000999999999999995,0.5744756772,0.0245486577));
#8700=CARTESIAN_POINT('Origin',(0.000999999999999995,-3.67586969330037E-5,
0.000892728777841198));
#8701=CARTESIAN_POINT('',(0.000999999999999995,0.5459999833,0.0233761522));
#8702=CARTESIAN_POINT('',(0.000999999999999995,-3.67586969330037E-5,0.000892728777841198));
#8703=CARTESIAN_POINT('',(0.000999999999999995,0.5459999833,0.0233761522));
#8704=CARTESIAN_POINT('Ctrl Pts',(0.000999999999999995,0.545168066106871,
0.0381342396988956));
#8705=CARTESIAN_POINT('Ctrl Pts',(-0.000199999999999999,0.545168066106871,
0.0381342396988956));
#8706=CARTESIAN_POINT('Ctrl Pts',(0.000999999999999995,0.545511695431357,
0.0332189143465815));
#8707=CARTESIAN_POINT('Ctrl Pts',(-0.000199999999999999,0.545511695431357,
0.0332189143465815));
#8708=CARTESIAN_POINT('Ctrl Pts',(0.000999999999999995,0.545789204655043,
0.0282989639925823));
#8709=CARTESIAN_POINT('Ctrl Pts',(-0.000199999999999999,0.545789204655043,
0.0282989639925823));
#8710=CARTESIAN_POINT('Ctrl Pts',(0.000999999999999995,0.5459999833,0.0233761522));
#8711=CARTESIAN_POINT('Ctrl Pts',(-0.000199999999999999,0.5459999833,0.0233761522));
#8712=CARTESIAN_POINT('',(0.000999999999999995,0.545168066106871,0.0381342396988956));
#8713=CARTESIAN_POINT('Origin',(0.000999999999999995,-0.000872692842587819,
-4.87099537551943E-5));
#8714=CARTESIAN_POINT('',(0.000999999999999995,0.545168066106871,0.0381342396988956));
#8715=CARTESIAN_POINT('Ctrl Pts',(0.000999999999999995,0.572632873170479,
0.0521208606936486));
#8716=CARTESIAN_POINT('Ctrl Pts',(-0.000199999999999999,0.572632873170479,
0.0521208606936486));
#8717=CARTESIAN_POINT('Ctrl Pts',(0.000999999999999995,0.572335667541733,
0.0519957657851056));
#8718=CARTESIAN_POINT('Ctrl Pts',(-0.000199999999999999,0.572335667541733,
0.0519957657851056));
#8719=CARTESIAN_POINT('Ctrl Pts',(0.000999999999999995,0.571741256284242,
0.0517455759680197));
#8720=CARTESIAN_POINT('Ctrl Pts',(-0.000199999999999999,0.571741256284242,
0.0517455759680197));
#8721=CARTESIAN_POINT('Ctrl Pts',(0.000999999999999995,0.570685668879639,
0.0510037838022084));
#8722=CARTESIAN_POINT('Ctrl Pts',(-0.000199999999999999,0.570685668879639,
0.0510037838022084));
#8723=CARTESIAN_POINT('Ctrl Pts',(0.000999999999999995,0.568671382537863,
0.0499989777822386));
#8724=CARTESIAN_POINT('Ctrl Pts',(-0.000199999999999999,0.568671382537863,
0.0499989777822386));
#8725=CARTESIAN_POINT('Ctrl Pts',(0.000999999999999995,0.564681487961529,
0.0479351242064175));
#8726=CARTESIAN_POINT('Ctrl Pts',(-0.000199999999999999,0.564681487961529,
0.0479351242064175));
#8727=CARTESIAN_POINT('Ctrl Pts',(0.000999999999999995,0.558974483206196,
0.0449878529120299));
#8728=CARTESIAN_POINT('Ctrl Pts',(-0.000199999999999999,0.558974483206196,
0.0449878529120299));
#8729=CARTESIAN_POINT('Ctrl Pts',(0.000999999999999995,0.552107226464977,
0.0414899681045496));
#8730=CARTESIAN_POINT('Ctrl Pts',(-0.000199999999999999,0.552107226464977,
0.0414899681045496));
#8731=CARTESIAN_POINT('Ctrl Pts',(0.000999999999999995,0.547481119559573,
0.0392528158341136));
#8732=CARTESIAN_POINT('Ctrl Pts',(-0.000199999999999999,0.547481119559573,
0.0392528158341136));
#8733=CARTESIAN_POINT('Ctrl Pts',(0.000999999999999995,0.545168066106871,
0.0381342396988956));
#8734=CARTESIAN_POINT('Ctrl Pts',(-0.000199999999999999,0.545168066106871,
0.0381342396988956));
#8735=CARTESIAN_POINT('',(0.000999999999999995,0.572632873170479,0.0521208606936486));
#8736=CARTESIAN_POINT('Ctrl Pts',(0.000999999999999995,0.572632873170479,
0.0521208606936486));
#8737=CARTESIAN_POINT('Ctrl Pts',(0.000999999999999995,0.572335667541733,
0.0519957657851056));
#8738=CARTESIAN_POINT('Ctrl Pts',(0.000999999999999995,0.571741256284242,
0.0517455759680197));
#8739=CARTESIAN_POINT('Ctrl Pts',(0.000999999999999995,0.570685668879639,
0.0510037838022084));
#8740=CARTESIAN_POINT('Ctrl Pts',(0.000999999999999995,0.568671382537863,
0.0499989777822386));
#8741=CARTESIAN_POINT('Ctrl Pts',(0.000999999999999995,0.564681487961529,
0.0479351242064175));
#8742=CARTESIAN_POINT('Ctrl Pts',(0.000999999999999995,0.558974483206196,
0.0449878529120299));
#8743=CARTESIAN_POINT('Ctrl Pts',(0.000999999999999995,0.552107226464977,
0.0414899681045496));
#8744=CARTESIAN_POINT('Ctrl Pts',(0.000999999999999995,0.547481119559573,
0.0392528158341136));
#8745=CARTESIAN_POINT('Ctrl Pts',(0.000999999999999995,0.545168066106871,
0.0381342396988956));
#8746=CARTESIAN_POINT('',(0.000999999999999995,0.572632873170479,0.0521208606936486));
#8747=CARTESIAN_POINT('Ctrl Pts',(0.000999999999999995,0.571210533994379,
0.0659054257727459));
#8748=CARTESIAN_POINT('Ctrl Pts',(-0.000199999999999999,0.571210533994379,
0.0659054257727459));
#8749=CARTESIAN_POINT('Ctrl Pts',(0.000999999999999995,0.571468798335595,
0.0636075774175696));
#8750=CARTESIAN_POINT('Ctrl Pts',(-0.000199999999999999,0.571468798335595,
0.0636075774175696));
#8751=CARTESIAN_POINT('Ctrl Pts',(0.000999999999999995,0.571984747271155,
0.0590170388734143));
#8752=CARTESIAN_POINT('Ctrl Pts',(-0.000199999999999999,0.571984747271155,
0.0590170388734143));
#8753=CARTESIAN_POINT('Ctrl Pts',(0.000999999999999995,0.572416993101951,
0.054417864130145));
#8754=CARTESIAN_POINT('Ctrl Pts',(-0.000199999999999999,0.572416993101951,
0.054417864130145));
#8755=CARTESIAN_POINT('Ctrl Pts',(0.000999999999999995,0.572632873170479,
0.0521208606936486));
#8756=CARTESIAN_POINT('Ctrl Pts',(-0.000199999999999999,0.572632873170479,
0.0521208606936486));
#8757=CARTESIAN_POINT('',(0.000999999999999995,0.571210533994379,0.0659054257727459));
#8758=CARTESIAN_POINT('Ctrl Pts',(0.000999999999999995,0.571210533994379,
0.0659054257727459));
#8759=CARTESIAN_POINT('Ctrl Pts',(0.000999999999999995,0.571468798335595,
0.0636075774175696));
#8760=CARTESIAN_POINT('Ctrl Pts',(0.000999999999999995,0.571984747271155,
0.0590170388734143));
#8761=CARTESIAN_POINT('Ctrl Pts',(0.000999999999999995,0.572416993101951,
0.054417864130145));
#8762=CARTESIAN_POINT('Ctrl Pts',(0.000999999999999995,0.572632873170479,
0.0521208606936486));
#8763=CARTESIAN_POINT('',(0.000999999999999995,0.571210533994379,0.0659054257727459));
#8764=CARTESIAN_POINT('Ctrl Pts',(0.000999999999999995,0.5452386215,0.0728677825));
#8765=CARTESIAN_POINT('Ctrl Pts',(-0.000199999999999999,0.5452386215,0.0728677825));
#8766=CARTESIAN_POINT('Ctrl Pts',(0.000999999999999995,0.545914669843033,
0.0727033584303104));
#8767=CARTESIAN_POINT('Ctrl Pts',(-0.000199999999999999,0.545914669843033,
0.0727033584303104));
#8768=CARTESIAN_POINT('Ctrl Pts',(0.000999999999999995,0.548092621874012,
0.0721736511705548));
#8769=CARTESIAN_POINT('Ctrl Pts',(-0.000199999999999999,0.548092621874012,
0.0721736511705548));
#8770=CARTESIAN_POINT('Ctrl Pts',(0.000999999999999995,0.551624858600841,
0.0712170044900716));
#8771=CARTESIAN_POINT('Ctrl Pts',(-0.000199999999999999,0.551624858600841,
0.0712170044900716));
#8772=CARTESIAN_POINT('Ctrl Pts',(0.000999999999999995,0.555284107563424,
0.0702415666811909));
#8773=CARTESIAN_POINT('Ctrl Pts',(-0.000199999999999999,0.555284107563424,
0.0702415666811909));
#8774=CARTESIAN_POINT('Ctrl Pts',(0.000999999999999995,0.558544175215693,
0.0694219857467945));
#8775=CARTESIAN_POINT('Ctrl Pts',(-0.000199999999999999,0.558544175215693,
0.0694219857467945));
#8776=CARTESIAN_POINT('Ctrl Pts',(0.000999999999999995,0.561521192462151,
0.0686916371945041));
#8777=CARTESIAN_POINT('Ctrl Pts',(-0.000199999999999999,0.561521192462151,
0.0686916371945041));
#8778=CARTESIAN_POINT('Ctrl Pts',(0.000999999999999995,0.564683364954936,
0.0677088628385912));
#8779=CARTESIAN_POINT('Ctrl Pts',(-0.000199999999999999,0.564683364954936,
0.0677088628385912));
#8780=CARTESIAN_POINT('Ctrl Pts',(0.000999999999999995,0.567898459175085,
0.0667267638927156));
#8781=CARTESIAN_POINT('Ctrl Pts',(-0.000199999999999999,0.567898459175085,
0.0667267638927156));
#8782=CARTESIAN_POINT('Ctrl Pts',(0.000999999999999995,0.57007375519151,
0.0661873275460183));
#8783=CARTESIAN_POINT('Ctrl Pts',(-0.000199999999999999,0.57007375519151,
0.0661873275460183));
#8784=CARTESIAN_POINT('Ctrl Pts',(0.000999999999999995,0.571210533994379,
0.0659054257727459));
#8785=CARTESIAN_POINT('Ctrl Pts',(-0.000199999999999999,0.571210533994379,
0.0659054257727459));
#8786=CARTESIAN_POINT('',(0.000999999999999995,0.5452386215,0.0728677825));
#8787=CARTESIAN_POINT('Ctrl Pts',(0.000999999999999995,0.5452386215,0.0728677825));
#8788=CARTESIAN_POINT('Ctrl Pts',(0.000999999999999995,0.545914669843033,
0.0727033584303104));
#8789=CARTESIAN_POINT('Ctrl Pts',(0.000999999999999995,0.548092621874012,
0.0721736511705548));
#8790=CARTESIAN_POINT('Ctrl Pts',(0.000999999999999995,0.551624858600841,
0.0712170044900716));
#8791=CARTESIAN_POINT('Ctrl Pts',(0.000999999999999995,0.555284107563424,
0.0702415666811909));
#8792=CARTESIAN_POINT('Ctrl Pts',(0.000999999999999995,0.558544175215693,
0.0694219857467945));
#8793=CARTESIAN_POINT('Ctrl Pts',(0.000999999999999995,0.561521192462151,
0.0686916371945041));
#8794=CARTESIAN_POINT('Ctrl Pts',(0.000999999999999995,0.564683364954936,
0.0677088628385912));
#8795=CARTESIAN_POINT('Ctrl Pts',(0.000999999999999995,0.567898459175085,
0.0667267638927156));
#8796=CARTESIAN_POINT('Ctrl Pts',(0.000999999999999995,0.57007375519151,
0.0661873275460183));
#8797=CARTESIAN_POINT('Ctrl Pts',(0.000999999999999995,0.571210533994379,
0.0659054257727459));
#8798=CARTESIAN_POINT('',(0.000999999999999995,0.5452386215,0.0728677825));
#8799=CARTESIAN_POINT('Origin',(0.000999999999999995,-4.66669028481199E-5,
0.000350908335079817));
#8800=CARTESIAN_POINT('',(0.000999999999999995,0.5699349484,0.0761521191));
#8801=CARTESIAN_POINT('',(0.000999999999999995,-4.66669028481199E-5,0.000350908335079817));
#8802=CARTESIAN_POINT('',(0.000999999999999995,0.5699349484,0.0761521191));
#8803=CARTESIAN_POINT('Ctrl Pts',(0.000999999999999995,0.566974137068768,
0.0957357188124467));
#8804=CARTESIAN_POINT('Ctrl Pts',(-0.000200000000000104,0.566974137068768,
0.0957357188124467));
#8805=CARTESIAN_POINT('Ctrl Pts',(0.000999999999999995,0.567510511638714,
0.0924750140919734));
#8806=CARTESIAN_POINT('Ctrl Pts',(-0.000200000000000104,0.567510511638714,
0.0924750140919734));
#8807=CARTESIAN_POINT('Ctrl Pts',(0.000999999999999995,0.568582214945432,
0.0859599624341073));
#8808=CARTESIAN_POINT('Ctrl Pts',(-0.000200000000000104,0.568582214945432,
0.0859599624341073));
#8809=CARTESIAN_POINT('Ctrl Pts',(0.000999999999999995,0.569484330686369,
0.0794192725849247));
#8810=CARTESIAN_POINT('Ctrl Pts',(-0.000200000000000104,0.569484330686369,
0.0794192725849247));
#8811=CARTESIAN_POINT('Ctrl Pts',(0.000999999999999995,0.5699349484,0.0761521191));
#8812=CARTESIAN_POINT('Ctrl Pts',(-0.000200000000000104,0.5699349484,0.0761521191));
#8813=CARTESIAN_POINT('',(0.000999999999999951,0.566974137068768,0.0957357188124467));
#8814=CARTESIAN_POINT('Ctrl Pts',(0.000999999999999951,0.566974137068768,
0.0957357188124467));
#8815=CARTESIAN_POINT('Ctrl Pts',(0.000999999999999951,0.567510511638714,
0.0924750140919734));
#8816=CARTESIAN_POINT('Ctrl Pts',(0.000999999999999951,0.568582214945432,
0.0859599624341073));
#8817=CARTESIAN_POINT('Ctrl Pts',(0.000999999999999951,0.569484330686369,
0.0794192725849247));
#8818=CARTESIAN_POINT('Ctrl Pts',(0.000999999999999995,0.5699349484,0.0761521191));
#8819=CARTESIAN_POINT('',(0.000999999999999951,0.566974137068768,0.0957357188124467));
#8820=CARTESIAN_POINT('Ctrl Pts',(0.000999999999999995,0.556734167337736,
0.111413405930783));
#8821=CARTESIAN_POINT('Ctrl Pts',(-0.000200000000000104,0.556734167337736,
0.111413405930783));
#8822=CARTESIAN_POINT('Ctrl Pts',(0.000999999999999995,0.557386146505298,
0.111239702179973));
#8823=CARTESIAN_POINT('Ctrl Pts',(-0.000200000000000104,0.557386146505298,
0.111239702179973));
#8824=CARTESIAN_POINT('Ctrl Pts',(0.000999999999999995,0.558663937106637,
0.110899266424897));
#8825=CARTESIAN_POINT('Ctrl Pts',(-0.000200000000000104,0.558663937106637,
0.110899266424897));
#8826=CARTESIAN_POINT('Ctrl Pts',(0.000999999999999995,0.560408266447162,
0.109964644281753));
#8827=CARTESIAN_POINT('Ctrl Pts',(-0.000200000000000104,0.560408266447162,
0.109964644281753));
#8828=CARTESIAN_POINT('Ctrl Pts',(0.000999999999999995,0.561933691918229,
0.108730320889518));
#8829=CARTESIAN_POINT('Ctrl Pts',(-0.000200000000000104,0.561933691918229,
0.108730320889518));
#8830=CARTESIAN_POINT('Ctrl Pts',(0.000999999999999995,0.563233506300351,
0.107176879926346));
#8831=CARTESIAN_POINT('Ctrl Pts',(-0.000200000000000104,0.563233506300351,
0.107176879926346));
#8832=CARTESIAN_POINT('Ctrl Pts',(0.000999999999999995,0.564650710478882,
0.104682568919054));
#8833=CARTESIAN_POINT('Ctrl Pts',(-0.000200000000000104,0.564650710478882,
0.104682568919054));
#8834=CARTESIAN_POINT('Ctrl Pts',(0.000999999999999995,0.565990111258833,
0.100835597491395));
#8835=CARTESIAN_POINT('Ctrl Pts',(-0.000200000000000104,0.565990111258833,
0.100835597491395));
#8836=CARTESIAN_POINT('Ctrl Pts',(0.000999999999999995,0.566623162344417,
0.0975547041434181));
#8837=CARTESIAN_POINT('Ctrl Pts',(-0.000200000000000104,0.566623162344417,
0.0975547041434181));
#8838=CARTESIAN_POINT('Ctrl Pts',(0.000999999999999995,0.566974137068768,
0.0957357188124467));
#8839=CARTESIAN_POINT('Ctrl Pts',(-0.000200000000000104,0.566974137068768,
0.0957357188124467));
#8840=CARTESIAN_POINT('',(0.000999999999999995,0.556734167337736,0.111413405930783));
#8841=CARTESIAN_POINT('Ctrl Pts',(0.000999999999999995,0.556734167337736,
0.111413405930783));
#8842=CARTESIAN_POINT('Ctrl Pts',(0.000999999999999995,0.557386146505298,
0.111239702179973));
#8843=CARTESIAN_POINT('Ctrl Pts',(0.000999999999999995,0.558663937106637,
0.110899266424897));
#8844=CARTESIAN_POINT('Ctrl Pts',(0.000999999999999995,0.560408266447162,
0.109964644281753));
#8845=CARTESIAN_POINT('Ctrl Pts',(0.000999999999999995,0.561933691918229,
0.108730320889518));
#8846=CARTESIAN_POINT('Ctrl Pts',(0.000999999999999995,0.563233506300351,
0.107176879926346));
#8847=CARTESIAN_POINT('Ctrl Pts',(0.000999999999999995,0.564650710478882,
0.104682568919054));
#8848=CARTESIAN_POINT('Ctrl Pts',(0.000999999999999995,0.565990111258833,
0.100835597491395));
#8849=CARTESIAN_POINT('Ctrl Pts',(0.000999999999999995,0.566623162344417,
0.0975547041434181));
#8850=CARTESIAN_POINT('Ctrl Pts',(0.000999999999999951,0.566974137068768,
0.0957357188124467));
#8851=CARTESIAN_POINT('',(0.000999999999999995,0.556734167337736,0.111413405930783));
#8852=CARTESIAN_POINT('Ctrl Pts',(0.000999999999999995,0.560576499159834,
0.129677869917714));
#8853=CARTESIAN_POINT('Ctrl Pts',(-0.000199999999999999,0.560576499159834,
0.129677869917714));
#8854=CARTESIAN_POINT('Ctrl Pts',(0.000999999999999995,0.560833103740297,
0.128426835334719));
#8855=CARTESIAN_POINT('Ctrl Pts',(-0.000199999999999999,0.560833103740297,
0.128426835334719));
#8856=CARTESIAN_POINT('Ctrl Pts',(0.000999999999999995,0.561323192733698,
0.126037484846959));
#8857=CARTESIAN_POINT('Ctrl Pts',(-0.000199999999999999,0.561323192733698,
0.126037484846959));
#8858=CARTESIAN_POINT('Ctrl Pts',(0.000999999999999995,0.5614702278161,
0.122518463550253));
#8859=CARTESIAN_POINT('Ctrl Pts',(-0.000199999999999999,0.5614702278161,
0.122518463550253));
#8860=CARTESIAN_POINT('Ctrl Pts',(0.000999999999999995,0.561111327144218,
0.119279258507619));
#8861=CARTESIAN_POINT('Ctrl Pts',(-0.000199999999999999,0.561111327144218,
0.119279258507619));
#8862=CARTESIAN_POINT('Ctrl Pts',(0.000999999999999995,0.560198225018449,
0.116328108597319));
#8863=CARTESIAN_POINT('Ctrl Pts',(-0.000199999999999999,0.560198225018449,
0.116328108597319));
#8864=CARTESIAN_POINT('Ctrl Pts',(0.000999999999999995,0.558768694954819,
0.11364324933422));
#8865=CARTESIAN_POINT('Ctrl Pts',(-0.000199999999999999,0.558768694954819,
0.11364324933422));
#8866=CARTESIAN_POINT('Ctrl Pts',(0.000999999999999995,0.557416451822718,
0.112161190106986));
#8867=CARTESIAN_POINT('Ctrl Pts',(-0.000199999999999999,0.557416451822718,
0.112161190106986));
#8868=CARTESIAN_POINT('Ctrl Pts',(0.000999999999999995,0.556734167337736,
0.111413405930783));
#8869=CARTESIAN_POINT('Ctrl Pts',(-0.000199999999999999,0.556734167337736,
0.111413405930783));
#8870=CARTESIAN_POINT('',(0.000999999999999995,0.560576499159834,0.129677869917714));
#8871=CARTESIAN_POINT('Ctrl Pts',(0.000999999999999995,0.560576499159834,
0.129677869917714));
#8872=CARTESIAN_POINT('Ctrl Pts',(0.000999999999999995,0.560833103740297,
0.128426835334719));
#8873=CARTESIAN_POINT('Ctrl Pts',(0.000999999999999995,0.561323192733698,
0.126037484846959));
#8874=CARTESIAN_POINT('Ctrl Pts',(0.000999999999999995,0.5614702278161,
0.122518463550253));
#8875=CARTESIAN_POINT('Ctrl Pts',(0.000999999999999995,0.561111327144218,
0.119279258507619));
#8876=CARTESIAN_POINT('Ctrl Pts',(0.000999999999999995,0.560198225018449,
0.116328108597319));
#8877=CARTESIAN_POINT('Ctrl Pts',(0.000999999999999995,0.558768694954819,
0.11364324933422));
#8878=CARTESIAN_POINT('Ctrl Pts',(0.000999999999999995,0.557416451822718,
0.112161190106986));
#8879=CARTESIAN_POINT('Ctrl Pts',(0.000999999999999995,0.556734167337736,
0.111413405930783));
#8880=CARTESIAN_POINT('',(0.000999999999999995,0.560576499159834,0.129677869917714));
#8881=CARTESIAN_POINT('Ctrl Pts',(0.000999999999999995,0.541445101596941,
0.143881453168553));
#8882=CARTESIAN_POINT('Ctrl Pts',(-0.000199999999999999,0.541445101596941,
0.143881453168553));
#8883=CARTESIAN_POINT('Ctrl Pts',(0.000999999999999995,0.542500656617402,
0.144120259680029));
#8884=CARTESIAN_POINT('Ctrl Pts',(-0.000199999999999999,0.542500656617402,
0.144120259680029));
#8885=CARTESIAN_POINT('Ctrl Pts',(0.000999999999999995,0.544507326373031,
0.144574244356088));
#8886=CARTESIAN_POINT('Ctrl Pts',(-0.000199999999999999,0.544507326373031,
0.144574244356088));
#8887=CARTESIAN_POINT('Ctrl Pts',(0.000999999999999995,0.547481292441717,
0.144640709632828));
#8888=CARTESIAN_POINT('Ctrl Pts',(-0.000199999999999999,0.547481292441717,
0.144640709632828));
#8889=CARTESIAN_POINT('Ctrl Pts',(0.000999999999999995,0.550200739330412,
0.144164922837321));
#8890=CARTESIAN_POINT('Ctrl Pts',(-0.000199999999999999,0.550200739330412,
0.144164922837321));
#8891=CARTESIAN_POINT('Ctrl Pts',(0.000999999999999995,0.552658066356167,
0.143105831464896));
#8892=CARTESIAN_POINT('Ctrl Pts',(-0.000199999999999999,0.552658066356167,
0.143105831464896));
#8893=CARTESIAN_POINT('Ctrl Pts',(0.000999999999999995,0.554829673542955,
0.141476590715159));
#8894=CARTESIAN_POINT('Ctrl Pts',(-0.000199999999999999,0.554829673542955,
0.141476590715159));
#8895=CARTESIAN_POINT('Ctrl Pts',(0.000999999999999995,0.55670976467338,
0.139295175579554));
#8896=CARTESIAN_POINT('Ctrl Pts',(-0.000199999999999999,0.55670976467338,
0.139295175579554));
#8897=CARTESIAN_POINT('Ctrl Pts',(0.000999999999999995,0.558300175933653,
0.136575702928699));
#8898=CARTESIAN_POINT('Ctrl Pts',(-0.000199999999999999,0.558300175933653,
0.136575702928699));
#8899=CARTESIAN_POINT('Ctrl Pts',(0.000999999999999995,0.559635022094712,
0.133327480778172));
#8900=CARTESIAN_POINT('Ctrl Pts',(-0.000199999999999999,0.559635022094712,
0.133327480778172));
#8901=CARTESIAN_POINT('Ctrl Pts',(0.000999999999999995,0.560250756662291,
0.130940602065727));
#8902=CARTESIAN_POINT('Ctrl Pts',(-0.000199999999999999,0.560250756662291,
0.130940602065727));
#8903=CARTESIAN_POINT('Ctrl Pts',(0.000999999999999995,0.560576499159834,
0.129677869917714));
#8904=CARTESIAN_POINT('Ctrl Pts',(-0.000199999999999999,0.560576499159834,
0.129677869917714));
#8905=CARTESIAN_POINT('',(0.000999999999999995,0.541445101596941,0.143881453168553));
#8906=CARTESIAN_POINT('Ctrl Pts',(0.000999999999999995,0.541445101596941,
0.143881453168553));
#8907=CARTESIAN_POINT('Ctrl Pts',(0.000999999999999995,0.542500656617402,
0.144120259680029));
#8908=CARTESIAN_POINT('Ctrl Pts',(0.000999999999999995,0.544507326373031,
0.144574244356088));
#8909=CARTESIAN_POINT('Ctrl Pts',(0.000999999999999995,0.547481292441717,
0.144640709632828));
#8910=CARTESIAN_POINT('Ctrl Pts',(0.000999999999999995,0.550200739330412,
0.144164922837321));
#8911=CARTESIAN_POINT('Ctrl Pts',(0.000999999999999995,0.552658066356167,
0.143105831464896));
#8912=CARTESIAN_POINT('Ctrl Pts',(0.000999999999999995,0.554829673542955,
0.141476590715159));
#8913=CARTESIAN_POINT('Ctrl Pts',(0.000999999999999995,0.55670976467338,
0.139295175579554));
#8914=CARTESIAN_POINT('Ctrl Pts',(0.000999999999999995,0.558300175933653,
0.136575702928699));
#8915=CARTESIAN_POINT('Ctrl Pts',(0.000999999999999995,0.559635022094712,
0.133327480778172));
#8916=CARTESIAN_POINT('Ctrl Pts',(0.000999999999999995,0.560250756662291,
0.130940602065727));
#8917=CARTESIAN_POINT('Ctrl Pts',(0.000999999999999995,0.560576499159834,
0.129677869917714));
#8918=CARTESIAN_POINT('',(0.000999999999999995,0.541445101596941,0.143881453168553));
#8919=CARTESIAN_POINT('Ctrl Pts',(0.000999999999999995,0.544368081024425,
0.132227845875774));
#8920=CARTESIAN_POINT('Ctrl Pts',(-0.000199999999999999,0.544368081024425,
0.132227845875774));
#8921=CARTESIAN_POINT('Ctrl Pts',(0.000999999999999995,0.543895494124745,
0.134176575805198));
#8922=CARTESIAN_POINT('Ctrl Pts',(-0.000199999999999999,0.543895494124745,
0.134176575805198));
#8923=CARTESIAN_POINT('Ctrl Pts',(0.000999999999999995,0.542951603195757,
0.138068745699616));
#8924=CARTESIAN_POINT('Ctrl Pts',(-0.000199999999999999,0.542951603195757,
0.138068745699616));
#8925=CARTESIAN_POINT('Ctrl Pts',(0.000999999999999995,0.541946813583349,
0.141945640413399));
#8926=CARTESIAN_POINT('Ctrl Pts',(-0.000199999999999999,0.541946813583349,
0.141945640413399));
#8927=CARTESIAN_POINT('Ctrl Pts',(0.000999999999999995,0.541445101596941,
0.143881453168553));
#8928=CARTESIAN_POINT('Ctrl Pts',(-0.000199999999999999,0.541445101596941,
0.143881453168553));
#8929=CARTESIAN_POINT('',(0.000999999999999995,0.544368081024425,0.132227845875774));
#8930=CARTESIAN_POINT('Ctrl Pts',(0.000999999999999995,0.544368081024425,
0.132227845875774));
#8931=CARTESIAN_POINT('Ctrl Pts',(0.000999999999999995,0.543895494124745,
0.134176575805198));
#8932=CARTESIAN_POINT('Ctrl Pts',(0.000999999999999995,0.542951603195757,
0.138068745699616));
#8933=CARTESIAN_POINT('Ctrl Pts',(0.000999999999999995,0.541946813583349,
0.141945640413399));
#8934=CARTESIAN_POINT('Ctrl Pts',(0.000999999999999995,0.541445101596941,
0.143881453168553));
#8935=CARTESIAN_POINT('',(0.000999999999999995,0.544368081024425,0.132227845875774));
#8936=CARTESIAN_POINT('Ctrl Pts',(0.000999999999999995,0.544230846696416,
0.132488892724453));
#8937=CARTESIAN_POINT('Ctrl Pts',(-0.000199999999999999,0.544230846696416,
0.132488892724453));
#8938=CARTESIAN_POINT('Ctrl Pts',(0.000999999999999995,0.54427710124003,
0.132402145098922));
#8939=CARTESIAN_POINT('Ctrl Pts',(-0.000199999999999999,0.54427710124003,
0.132402145098922));
#8940=CARTESIAN_POINT('Ctrl Pts',(0.000999999999999995,0.544322846016033,
0.132315129482696));
#8941=CARTESIAN_POINT('Ctrl Pts',(-0.000199999999999999,0.544322846016033,
0.132315129482696));
#8942=CARTESIAN_POINT('Ctrl Pts',(0.000999999999999995,0.544368081024425,
0.132227845875774));
#8943=CARTESIAN_POINT('Ctrl Pts',(-0.000199999999999999,0.544368081024425,
0.132227845875774));
#8944=CARTESIAN_POINT('',(0.000999999999999995,0.544230846696416,0.132488892724453));
#8945=CARTESIAN_POINT('Ctrl Pts',(0.000999999999999995,0.544230846696416,
0.132488892724453));
#8946=CARTESIAN_POINT('Ctrl Pts',(0.000999999999999995,0.54427710124003,
0.132402145098922));
#8947=CARTESIAN_POINT('Ctrl Pts',(0.000999999999999995,0.544322846016033,
0.132315129482696));
#8948=CARTESIAN_POINT('Ctrl Pts',(0.000999999999999995,0.544368081024425,
0.132227845875774));
#8949=CARTESIAN_POINT('',(0.000999999999999995,0.544230846696416,0.132488892724453));
#8950=CARTESIAN_POINT('Ctrl Pts',(0.000999999999999995,0.528873038507391,
0.1417111035667));
#8951=CARTESIAN_POINT('Ctrl Pts',(-0.000199999999999999,0.528873038507391,
0.1417111035667));
#8952=CARTESIAN_POINT('Ctrl Pts',(0.000999999999999995,0.529857626240151,
0.141890754319833));
#8953=CARTESIAN_POINT('Ctrl Pts',(-0.000199999999999999,0.529857626240151,
0.141890754319833));
#8954=CARTESIAN_POINT('Ctrl Pts',(0.000999999999999995,0.531479369622696,
0.14218666235359));
#8955=CARTESIAN_POINT('Ctrl Pts',(-0.000199999999999999,0.531479369622696,
0.14218666235359));
#8956=CARTESIAN_POINT('Ctrl Pts',(0.000999999999999995,0.534003021002203,
0.142255787767768));
#8957=CARTESIAN_POINT('Ctrl Pts',(-0.000199999999999999,0.534003021002203,
0.142255787767768));
#8958=CARTESIAN_POINT('Ctrl Pts',(0.000999999999999995,0.53624815606695,
0.141630462163714));
#8959=CARTESIAN_POINT('Ctrl Pts',(-0.000199999999999999,0.53624815606695,
0.141630462163714));
#8960=CARTESIAN_POINT('Ctrl Pts',(0.000999999999999995,0.538506443190846,
0.140370365478316));
#8961=CARTESIAN_POINT('Ctrl Pts',(-0.000199999999999999,0.538506443190846,
0.140370365478316));
#8962=CARTESIAN_POINT('Ctrl Pts',(0.000999999999999995,0.540487234770497,
0.138362645969846));
#8963=CARTESIAN_POINT('Ctrl Pts',(-0.000199999999999999,0.540487234770497,
0.138362645969846));
#8964=CARTESIAN_POINT('Ctrl Pts',(0.000999999999999995,0.542457320856421,
0.135710881271761));
#8965=CARTESIAN_POINT('Ctrl Pts',(-0.000199999999999999,0.542457320856421,
0.135710881271761));
#8966=CARTESIAN_POINT('Ctrl Pts',(0.000999999999999995,0.543607699878123,
0.133620972035932));
#8967=CARTESIAN_POINT('Ctrl Pts',(-0.000199999999999999,0.543607699878123,
0.133620972035932));
#8968=CARTESIAN_POINT('Ctrl Pts',(0.000999999999999995,0.544230846696416,
0.132488892724453));
#8969=CARTESIAN_POINT('Ctrl Pts',(-0.000199999999999999,0.544230846696416,
0.132488892724453));
#8970=CARTESIAN_POINT('',(0.000999999999999995,0.528873038507391,0.1417111035667));
#8971=CARTESIAN_POINT('Ctrl Pts',(0.000999999999999995,0.528873038507391,
0.1417111035667));
#8972=CARTESIAN_POINT('Ctrl Pts',(0.000999999999999995,0.529857626240151,
0.141890754319833));
#8973=CARTESIAN_POINT('Ctrl Pts',(0.000999999999999995,0.531479369622696,
0.14218666235359));
#8974=CARTESIAN_POINT('Ctrl Pts',(0.000999999999999995,0.534003021002203,
0.142255787767768));
#8975=CARTESIAN_POINT('Ctrl Pts',(0.000999999999999995,0.53624815606695,
0.141630462163714));
#8976=CARTESIAN_POINT('Ctrl Pts',(0.000999999999999995,0.538506443190846,
0.140370365478316));
#8977=CARTESIAN_POINT('Ctrl Pts',(0.000999999999999995,0.540487234770497,
0.138362645969846));
#8978=CARTESIAN_POINT('Ctrl Pts',(0.000999999999999995,0.542457320856421,
0.135710881271761));
#8979=CARTESIAN_POINT('Ctrl Pts',(0.000999999999999995,0.543607699878123,
0.133620972035932));
#8980=CARTESIAN_POINT('Ctrl Pts',(0.000999999999999995,0.544230846696416,
0.132488892724453));
#8981=CARTESIAN_POINT('',(0.000999999999999995,0.528873038507391,0.1417111035667));
#8982=CARTESIAN_POINT('Ctrl Pts',(0.000999999999999995,0.519355398901525,
0.128432743612515));
#8983=CARTESIAN_POINT('Ctrl Pts',(-0.000199999999999999,0.519355398901525,
0.128432743612515));
#8984=CARTESIAN_POINT('Ctrl Pts',(0.000999999999999995,0.519479425879436,
0.129514514243345));
#8985=CARTESIAN_POINT('Ctrl Pts',(-0.000199999999999999,0.519479425879436,
0.129514514243345));
#8986=CARTESIAN_POINT('Ctrl Pts',(0.000999999999999995,0.519716353382852,
0.13158100969742));
#8987=CARTESIAN_POINT('Ctrl Pts',(-0.000199999999999999,0.519716353382852,
0.13158100969742));
#8988=CARTESIAN_POINT('Ctrl Pts',(0.000999999999999995,0.520656296961293,
0.134453481362753));
#8989=CARTESIAN_POINT('Ctrl Pts',(-0.000199999999999999,0.520656296961293,
0.134453481362753));
#8990=CARTESIAN_POINT('Ctrl Pts',(0.000999999999999995,0.522033923432279,
0.136931743295989));
#8991=CARTESIAN_POINT('Ctrl Pts',(-0.000199999999999999,0.522033923432279,
0.136931743295989));
#8992=CARTESIAN_POINT('Ctrl Pts',(0.000999999999999995,0.523887786368438,
0.138986668164493));
#8993=CARTESIAN_POINT('Ctrl Pts',(-0.000199999999999999,0.523887786368438,
0.138986668164493));
#8994=CARTESIAN_POINT('Ctrl Pts',(0.000999999999999995,0.526185366218681,
0.140642387740107));
#8995=CARTESIAN_POINT('Ctrl Pts',(-0.000199999999999999,0.526185366218681,
0.140642387740107));
#8996=CARTESIAN_POINT('Ctrl Pts',(0.000999999999999995,0.527958320778077,
0.141347378674238));
#8997=CARTESIAN_POINT('Ctrl Pts',(-0.000199999999999999,0.527958320778077,
0.141347378674238));
#8998=CARTESIAN_POINT('Ctrl Pts',(0.000999999999999995,0.528873038507391,
0.1417111035667));
#8999=CARTESIAN_POINT('Ctrl Pts',(-0.000199999999999999,0.528873038507391,
0.1417111035667));
#9000=CARTESIAN_POINT('',(0.000999999999999995,0.519355398901525,0.128432743612515));
#9001=CARTESIAN_POINT('Ctrl Pts',(0.000999999999999995,0.519355398901525,
0.128432743612515));
#9002=CARTESIAN_POINT('Ctrl Pts',(0.000999999999999995,0.519479425879436,
0.129514514243345));
#9003=CARTESIAN_POINT('Ctrl Pts',(0.000999999999999995,0.519716353382852,
0.13158100969742));
#9004=CARTESIAN_POINT('Ctrl Pts',(0.000999999999999995,0.520656296961293,
0.134453481362753));
#9005=CARTESIAN_POINT('Ctrl Pts',(0.000999999999999995,0.522033923432279,
0.136931743295989));
#9006=CARTESIAN_POINT('Ctrl Pts',(0.000999999999999995,0.523887786368438,
0.138986668164493));
#9007=CARTESIAN_POINT('Ctrl Pts',(0.000999999999999995,0.526185366218681,
0.140642387740107));
#9008=CARTESIAN_POINT('Ctrl Pts',(0.000999999999999995,0.527958320778077,
0.141347378674238));
#9009=CARTESIAN_POINT('Ctrl Pts',(0.000999999999999995,0.528873038507391,
0.1417111035667));
#9010=CARTESIAN_POINT('',(0.000999999999999995,0.519355398901525,0.128432743612515));
#9011=CARTESIAN_POINT('Ctrl Pts',(0.000999999999999995,0.522926312222551,
0.113018015209656));
#9012=CARTESIAN_POINT('Ctrl Pts',(-0.000199999999999999,0.522926312222551,
0.113018015209656));
#9013=CARTESIAN_POINT('Ctrl Pts',(0.000999999999999995,0.520416184690788,
0.117850513107047));
#9014=CARTESIAN_POINT('Ctrl Pts',(-0.000199999999999999,0.520416184690788,
0.117850513107047));
#9015=CARTESIAN_POINT('Ctrl Pts',(0.000999999999999995,0.519225880179246,
0.122988755908));
#9016=CARTESIAN_POINT('Ctrl Pts',(-0.000199999999999999,0.519225880179246,
0.122988755908));
#9017=CARTESIAN_POINT('Ctrl Pts',(0.000999999999999995,0.519355398901525,
0.128432743612515));
#9018=CARTESIAN_POINT('Ctrl Pts',(-0.000199999999999999,0.519355398901525,
0.128432743612515));
#9019=CARTESIAN_POINT('',(0.000999999999999995,0.522926312222551,0.113018015209656));
#9020=CARTESIAN_POINT('Ctrl Pts',(0.000999999999999995,0.522926312222551,
0.113018015209656));
#9021=CARTESIAN_POINT('Ctrl Pts',(0.000999999999999995,0.520416184690788,
0.117850513107047));
#9022=CARTESIAN_POINT('Ctrl Pts',(0.000999999999999995,0.519225880179246,
0.122988755908));
#9023=CARTESIAN_POINT('Ctrl Pts',(0.000999999999999995,0.519355398901525,
0.128432743612515));
#9024=CARTESIAN_POINT('',(0.000999999999999995,0.522926312222551,0.113018015209656));
#9025=CARTESIAN_POINT('Ctrl Pts',(0.000999999999999995,0.523707370750843,
0.111712705062595));
#9026=CARTESIAN_POINT('Ctrl Pts',(-0.000199999999999999,0.523707370750843,
0.111712705062595));
#9027=CARTESIAN_POINT('Ctrl Pts',(0.000999999999999995,0.52343758431036,
0.11214166493104));
#9028=CARTESIAN_POINT('Ctrl Pts',(-0.000199999999999999,0.52343758431036,
0.11214166493104));
#9029=CARTESIAN_POINT('Ctrl Pts',(0.000999999999999995,0.523181948266455,
0.112579840070348));
#9030=CARTESIAN_POINT('Ctrl Pts',(-0.000199999999999999,0.523181948266455,
0.112579840070348));
#9031=CARTESIAN_POINT('Ctrl Pts',(0.000999999999999995,0.522926312222551,
0.113018015209656));
#9032=CARTESIAN_POINT('Ctrl Pts',(-0.000199999999999999,0.522926312222551,
0.113018015209656));
#9033=CARTESIAN_POINT('',(0.000999999999999951,0.523707370822097,0.111712705118262));
#9034=CARTESIAN_POINT('Ctrl Pts',(0.000999999999999995,0.523707370743163,
0.111712705074807));
#9035=CARTESIAN_POINT('Ctrl Pts',(0.000999999999999995,0.523437584305508,
0.112141664939356));
#9036=CARTESIAN_POINT('Ctrl Pts',(0.000999999999999995,0.523181948264029,
0.112579840074506));
#9037=CARTESIAN_POINT('Ctrl Pts',(0.000999999999999995,0.522926312222551,
0.113018015209656));
#9038=CARTESIAN_POINT('',(0.000999999999999995,0.523707370743163,0.111712705074807));
#9039=CARTESIAN_POINT('Ctrl Pts',(0.000999999999999995,0.549634384272056,
0.123595889463354));
#9040=CARTESIAN_POINT('Ctrl Pts',(-0.000199999999999999,0.549634384272056,
0.123595889463354));
#9041=CARTESIAN_POINT('Ctrl Pts',(0.000999999999999995,0.549719189391246,
0.123779932503616));
#9042=CARTESIAN_POINT('Ctrl Pts',(-0.000199999999999999,0.549719189391246,
0.123779932503616));
#9043=CARTESIAN_POINT('Ctrl Pts',(0.000999999999999995,0.549916313022549,
0.124207727815495));
#9044=CARTESIAN_POINT('Ctrl Pts',(-0.000199999999999999,0.549916313022549,
0.124207727815495));
#9045=CARTESIAN_POINT('Ctrl Pts',(0.000999999999999995,0.549932999261983,
0.125035960009814));
#9046=CARTESIAN_POINT('Ctrl Pts',(-0.000199999999999999,0.549932999261983,
0.125035960009814));
#9047=CARTESIAN_POINT('Ctrl Pts',(0.000999999999999995,0.549838966811639,
0.12606875748399));
#9048=CARTESIAN_POINT('Ctrl Pts',(-0.000199999999999999,0.549838966811639,
0.12606875748399));
#9049=CARTESIAN_POINT('Ctrl Pts',(0.000999999999999995,0.549673390410204,
0.126826461883666));
#9050=CARTESIAN_POINT('Ctrl Pts',(-0.000199999999999999,0.549673390410204,
0.126826461883666));
#9051=CARTESIAN_POINT('Ctrl Pts',(0.000999999999999995,0.54958154165834,
0.127246776631354));
#9052=CARTESIAN_POINT('Ctrl Pts',(-0.000199999999999999,0.54958154165834,
0.127246776631354));
#9053=CARTESIAN_POINT('',(0.,0.549634384272056,0.123595889463354));
#9054=CARTESIAN_POINT('',(4.37095678986282E-17,0.54958154165834,0.127246776631354));
#9055=CARTESIAN_POINT('Ctrl Pts',(0.,0.549634384272056,0.123595889463354));
#9056=CARTESIAN_POINT('Ctrl Pts',(0.,0.549719189391246,0.123779932503616));
#9057=CARTESIAN_POINT('Ctrl Pts',(0.,0.549916313022549,0.124207727815495));
#9058=CARTESIAN_POINT('Ctrl Pts',(0.,0.549932999261983,0.125035960009814));
#9059=CARTESIAN_POINT('Ctrl Pts',(0.,0.549838966811639,0.12606875748399));
#9060=CARTESIAN_POINT('Ctrl Pts',(0.,0.549673390410204,0.126826461883666));
#9061=CARTESIAN_POINT('Ctrl Pts',(4.37095678986282E-17,0.54958154165834,
0.127246776631354));
#9062=CARTESIAN_POINT('',(0.000999999999999995,0.54958154165834,0.127246776631354));
#9063=CARTESIAN_POINT('',(0.000999999999999995,0.54958154165834,0.127246776631354));
#9064=CARTESIAN_POINT('',(0.000999999999999995,0.549634384272056,0.123595889463354));
#9065=CARTESIAN_POINT('Ctrl Pts',(0.000999999999999995,0.549634384272056,
0.123595889463354));
#9066=CARTESIAN_POINT('Ctrl Pts',(0.000999999999999995,0.549719189391246,
0.123779932503616));
#9067=CARTESIAN_POINT('Ctrl Pts',(0.000999999999999995,0.549916313022549,
0.124207727815495));
#9068=CARTESIAN_POINT('Ctrl Pts',(0.000999999999999995,0.549932999261983,
0.125035960009814));
#9069=CARTESIAN_POINT('Ctrl Pts',(0.000999999999999995,0.549838966811639,
0.12606875748399));
#9070=CARTESIAN_POINT('Ctrl Pts',(0.000999999999999995,0.549673390410204,
0.126826461883666));
#9071=CARTESIAN_POINT('Ctrl Pts',(0.000999999999999995,0.54958154165834,
0.127246776631354));
#9072=CARTESIAN_POINT('',(0.000999999999999995,0.549634384272056,0.123595889463354));
#9073=CARTESIAN_POINT('Ctrl Pts',(0.000999999999999995,0.545577974629961,
0.129819119644343));
#9074=CARTESIAN_POINT('Ctrl Pts',(-0.000199999999999999,0.545577974629961,
0.129819119644343));
#9075=CARTESIAN_POINT('Ctrl Pts',(0.000999999999999995,0.545877314379065,
0.129253323663267));
#9076=CARTESIAN_POINT('Ctrl Pts',(-0.000199999999999999,0.545877314379065,
0.129253323663267));
#9077=CARTESIAN_POINT('Ctrl Pts',(0.000999999999999995,0.546475993877272,
0.128121731701115));
#9078=CARTESIAN_POINT('Ctrl Pts',(-0.000199999999999999,0.546475993877272,
0.128121731701115));
#9079=CARTESIAN_POINT('Ctrl Pts',(0.000999999999999995,0.547201637578983,
0.126531971865592));
#9080=CARTESIAN_POINT('Ctrl Pts',(-0.000199999999999999,0.547201637578983,
0.126531971865592));
#9081=CARTESIAN_POINT('Ctrl Pts',(0.000999999999999995,0.54783172380025,
0.125195415730628));
#9082=CARTESIAN_POINT('Ctrl Pts',(-0.000199999999999999,0.54783172380025,
0.125195415730628));
#9083=CARTESIAN_POINT('Ctrl Pts',(0.000999999999999995,0.548427539365852,
0.124306293873423));
#9084=CARTESIAN_POINT('Ctrl Pts',(-0.000199999999999999,0.548427539365852,
0.124306293873423));
#9085=CARTESIAN_POINT('Ctrl Pts',(0.000999999999999995,0.548997882431256,
0.123684357331162));
#9086=CARTESIAN_POINT('Ctrl Pts',(-0.000199999999999999,0.548997882431256,
0.123684357331162));
#9087=CARTESIAN_POINT('Ctrl Pts',(0.000999999999999995,0.549445653274231,
0.123622121326165));
#9088=CARTESIAN_POINT('Ctrl Pts',(-0.000199999999999999,0.549445653274231,
0.123622121326165));
#9089=CARTESIAN_POINT('Ctrl Pts',(0.000999999999999995,0.549634384272056,
0.123595889463354));
#9090=CARTESIAN_POINT('Ctrl Pts',(-0.000199999999999999,0.549634384272056,
0.123595889463354));
#9091=CARTESIAN_POINT('',(0.,0.545577974629961,0.129819119644343));
#9092=CARTESIAN_POINT('Ctrl Pts',(0.,0.545577974629961,0.129819119644343));
#9093=CARTESIAN_POINT('Ctrl Pts',(0.,0.545877314379065,0.129253323663267));
#9094=CARTESIAN_POINT('Ctrl Pts',(0.,0.546475993877272,0.128121731701115));
#9095=CARTESIAN_POINT('Ctrl Pts',(0.,0.547201637578983,0.126531971865592));
#9096=CARTESIAN_POINT('Ctrl Pts',(0.,0.54783172380025,0.125195415730628));
#9097=CARTESIAN_POINT('Ctrl Pts',(0.,0.548427539365852,0.124306293873423));
#9098=CARTESIAN_POINT('Ctrl Pts',(0.,0.548997882431256,0.123684357331162));
#9099=CARTESIAN_POINT('Ctrl Pts',(0.,0.549445653274231,0.123622121326165));
#9100=CARTESIAN_POINT('Ctrl Pts',(0.,0.549634384272056,0.123595889463354));
#9101=CARTESIAN_POINT('',(0.000999999999999995,0.545577974629961,0.129819119644343));
#9102=CARTESIAN_POINT('Ctrl Pts',(0.000999999999999995,0.545577974629961,
0.129819119644343));
#9103=CARTESIAN_POINT('Ctrl Pts',(0.000999999999999995,0.545877314379065,
0.129253323663267));
#9104=CARTESIAN_POINT('Ctrl Pts',(0.000999999999999995,0.546475993877272,
0.128121731701115));
#9105=CARTESIAN_POINT('Ctrl Pts',(0.000999999999999995,0.547201637578983,
0.126531971865592));
#9106=CARTESIAN_POINT('Ctrl Pts',(0.000999999999999995,0.54783172380025,
0.125195415730628));
#9107=CARTESIAN_POINT('Ctrl Pts',(0.000999999999999995,0.548427539365852,
0.124306293873423));
#9108=CARTESIAN_POINT('Ctrl Pts',(0.000999999999999995,0.548997882431256,
0.123684357331162));
#9109=CARTESIAN_POINT('Ctrl Pts',(0.000999999999999995,0.549445653274231,
0.123622121326165));
#9110=CARTESIAN_POINT('Ctrl Pts',(0.000999999999999995,0.549634384272056,
0.123595889463354));
#9111=CARTESIAN_POINT('',(0.000999999999999995,0.545577974629961,0.129819119644343));
#9112=CARTESIAN_POINT('Ctrl Pts',(0.000999999999999995,0.547063936622792,
0.130068587398866));
#9113=CARTESIAN_POINT('Ctrl Pts',(-0.000199999999999999,0.547063936622792,
0.130068587398866));
#9114=CARTESIAN_POINT('Ctrl Pts',(0.000999999999999995,0.546813317354848,
0.13004463333604));
#9115=CARTESIAN_POINT('Ctrl Pts',(-0.000199999999999999,0.546813317354848,
0.13004463333604));
#9116=CARTESIAN_POINT('Ctrl Pts',(0.000999999999999995,0.546312079178482,
0.129996725244751));
#9117=CARTESIAN_POINT('Ctrl Pts',(-0.000199999999999999,0.546312079178482,
0.129996725244751));
#9118=CARTESIAN_POINT('Ctrl Pts',(0.000999999999999995,0.545822676029124,
0.129878321482837));
#9119=CARTESIAN_POINT('Ctrl Pts',(-0.000199999999999999,0.545822676029124,
0.129878321482837));
#9120=CARTESIAN_POINT('Ctrl Pts',(0.000999999999999995,0.545577974629961,
0.129819119644343));
#9121=CARTESIAN_POINT('Ctrl Pts',(-0.000199999999999999,0.545577974629961,
0.129819119644343));
#9122=CARTESIAN_POINT('',(0.,0.547063936622792,0.130068587398866));
#9123=CARTESIAN_POINT('Ctrl Pts',(0.,0.547063936622792,0.130068587398866));
#9124=CARTESIAN_POINT('Ctrl Pts',(0.,0.546813317354848,0.13004463333604));
#9125=CARTESIAN_POINT('Ctrl Pts',(0.,0.546312079178482,0.129996725244751));
#9126=CARTESIAN_POINT('Ctrl Pts',(0.,0.545822676029124,0.129878321482837));
#9127=CARTESIAN_POINT('Ctrl Pts',(0.,0.545577974629961,0.129819119644343));
#9128=CARTESIAN_POINT('',(0.000999999999999995,0.547063936622792,0.130068587398866));
#9129=CARTESIAN_POINT('Ctrl Pts',(0.000999999999999995,0.547063936622792,
0.130068587398866));
#9130=CARTESIAN_POINT('Ctrl Pts',(0.000999999999999995,0.546813317354848,
0.13004463333604));
#9131=CARTESIAN_POINT('Ctrl Pts',(0.000999999999999995,0.546312079178482,
0.129996725244751));
#9132=CARTESIAN_POINT('Ctrl Pts',(0.000999999999999995,0.545822676029124,
0.129878321482837));
#9133=CARTESIAN_POINT('Ctrl Pts',(0.000999999999999995,0.545577974629961,
0.129819119644343));
#9134=CARTESIAN_POINT('',(0.000999999999999995,0.547063936622792,0.130068587398866));
#9135=CARTESIAN_POINT('Ctrl Pts',(0.000999999999999995,0.539809861420482,
0.109448612978237));
#9136=CARTESIAN_POINT('Ctrl Pts',(-0.000199999999999999,0.539809861420482,
0.109448612978237));
#9137=CARTESIAN_POINT('Ctrl Pts',(0.000999999999999995,0.540207688587385,
0.109498087550204));
#9138=CARTESIAN_POINT('Ctrl Pts',(-0.000199999999999999,0.540207688587385,
0.109498087550204));
#9139=CARTESIAN_POINT('Ctrl Pts',(0.000999999999999995,0.541023381447489,
0.109599528724835));
#9140=CARTESIAN_POINT('Ctrl Pts',(-0.000199999999999999,0.541023381447489,
0.109599528724835));
#9141=CARTESIAN_POINT('Ctrl Pts',(0.000999999999999995,0.542299512167882,
0.109364729439803));
#9142=CARTESIAN_POINT('Ctrl Pts',(-0.000199999999999999,0.542299512167882,
0.109364729439803));
#9143=CARTESIAN_POINT('Ctrl Pts',(0.000999999999999995,0.543756320395426,
0.108772256653048));
#9144=CARTESIAN_POINT('Ctrl Pts',(-0.000199999999999999,0.543756320395426,
0.108772256653048));
#9145=CARTESIAN_POINT('Ctrl Pts',(0.000999999999999995,0.545292051306657,
0.107907017317516));
#9146=CARTESIAN_POINT('Ctrl Pts',(-0.000199999999999999,0.545292051306657,
0.107907017317516));
#9147=CARTESIAN_POINT('Ctrl Pts',(0.000999999999999995,0.546186445216622,
0.106983454283591));
#9148=CARTESIAN_POINT('Ctrl Pts',(-0.000199999999999999,0.546186445216622,
0.106983454283591));
#9149=CARTESIAN_POINT('Ctrl Pts',(0.000999999999999995,0.546596682338887,
0.106559837980923));
#9150=CARTESIAN_POINT('Ctrl Pts',(-0.000199999999999999,0.546596682338887,
0.106559837980923));
#9151=CARTESIAN_POINT('',(0.,0.539809861420482,0.109448612978237));
#9152=CARTESIAN_POINT('',(0.,0.546596682338887,0.106559837980923));
#9153=CARTESIAN_POINT('Ctrl Pts',(0.,0.539809861420482,0.109448612978237));
#9154=CARTESIAN_POINT('Ctrl Pts',(0.,0.540207688587385,0.109498087550204));
#9155=CARTESIAN_POINT('Ctrl Pts',(0.,0.541023381447489,0.109599528724835));
#9156=CARTESIAN_POINT('Ctrl Pts',(0.,0.542299512167882,0.109364729439803));
#9157=CARTESIAN_POINT('Ctrl Pts',(0.,0.543756320395426,0.108772256653048));
#9158=CARTESIAN_POINT('Ctrl Pts',(0.,0.545292051306657,0.107907017317516));
#9159=CARTESIAN_POINT('Ctrl Pts',(0.,0.546186445216622,0.106983454283591));
#9160=CARTESIAN_POINT('Ctrl Pts',(0.,0.546596682338887,0.106559837980923));
#9161=CARTESIAN_POINT('',(0.000999999999999995,0.546596682338887,0.106559837980923));
#9162=CARTESIAN_POINT('',(0.000999999999999995,0.546596682338887,0.106559837980923));
#9163=CARTESIAN_POINT('',(0.000999999999999995,0.539809861420482,0.109448612978237));
#9164=CARTESIAN_POINT('Ctrl Pts',(0.000999999999999995,0.539809861420482,
0.109448612978237));
#9165=CARTESIAN_POINT('Ctrl Pts',(0.000999999999999995,0.540207688587385,
0.109498087550204));
#9166=CARTESIAN_POINT('Ctrl Pts',(0.000999999999999995,0.541023381447489,
0.109599528724835));
#9167=CARTESIAN_POINT('Ctrl Pts',(0.000999999999999995,0.542299512167882,
0.109364729439803));
#9168=CARTESIAN_POINT('Ctrl Pts',(0.000999999999999995,0.543756320395426,
0.108772256653048));
#9169=CARTESIAN_POINT('Ctrl Pts',(0.000999999999999995,0.545292051306657,
0.107907017317516));
#9170=CARTESIAN_POINT('Ctrl Pts',(0.000999999999999995,0.546186445216622,
0.106983454283591));
#9171=CARTESIAN_POINT('Ctrl Pts',(0.000999999999999995,0.546596682338887,
0.106559837980923));
#9172=CARTESIAN_POINT('',(0.000999999999999995,0.539809861420482,0.109448612978237));
#9173=CARTESIAN_POINT('Ctrl Pts',(0.000999999999999995,0.5377833134,0.1190075099));
#9174=CARTESIAN_POINT('Ctrl Pts',(-0.000199999999999999,0.5377833134,0.1190075099));
#9175=CARTESIAN_POINT('Ctrl Pts',(0.000999999999999995,0.53848723140444,
0.115827321087208));
#9176=CARTESIAN_POINT('Ctrl Pts',(-0.000199999999999999,0.53848723140444,
0.115827321087208));
#9177=CARTESIAN_POINT('Ctrl Pts',(0.000999999999999995,0.539162627432358,
0.112640820461975));
#9178=CARTESIAN_POINT('Ctrl Pts',(-0.000199999999999999,0.539162627432358,
0.112640820461975));
#9179=CARTESIAN_POINT('Ctrl Pts',(0.000999999999999995,0.539809861420482,
0.109448612978237));
#9180=CARTESIAN_POINT('Ctrl Pts',(-0.000199999999999999,0.539809861420482,
0.109448612978237));
#9181=CARTESIAN_POINT('',(0.,0.5377833134,0.1190075099));
#9182=CARTESIAN_POINT('Origin',(0.,0.00148885822771214,0.000315344953402183));
#9183=CARTESIAN_POINT('',(0.000999999999999995,0.5377833134,0.1190075099));
#9184=CARTESIAN_POINT('Origin',(0.000999999999999995,0.00148885822771214,
0.000315344953402183));
#9185=CARTESIAN_POINT('',(0.000999999999999995,0.5377833134,0.1190075099));
#9186=CARTESIAN_POINT('Origin',(0.000999999999999995,0.474848645648085,
0.242329186986843));
#9187=CARTESIAN_POINT('',(0.,0.5386773303,0.1172556668));
#9188=CARTESIAN_POINT('',(0.,0.474848645648085,0.242329186986843));
#9189=CARTESIAN_POINT('',(0.000999999999999995,0.5386773303,0.1172556668));
#9190=CARTESIAN_POINT('',(0.000999999999999995,0.474848645648085,0.242329186986843));
#9191=CARTESIAN_POINT('',(0.000999999999999995,0.5386773303,0.1172556668));
#9192=CARTESIAN_POINT('Ctrl Pts',(0.000999999999999995,0.549302027895983,
0.109552602748825));
#9193=CARTESIAN_POINT('Ctrl Pts',(-0.000199999999999999,0.549302027895983,
0.109552602748825));
#9194=CARTESIAN_POINT('Ctrl Pts',(0.000999999999999995,0.548913405121527,
0.109475677666247));
#9195=CARTESIAN_POINT('Ctrl Pts',(-0.000199999999999999,0.548913405121527,
0.109475677666247));
#9196=CARTESIAN_POINT('Ctrl Pts',(0.000999999999999995,0.548118510135016,
0.109318333921883));
#9197=CARTESIAN_POINT('Ctrl Pts',(-0.000199999999999999,0.548118510135016,
0.109318333921883));
#9198=CARTESIAN_POINT('Ctrl Pts',(0.000999999999999995,0.546851937529321,
0.109479527933285));
#9199=CARTESIAN_POINT('Ctrl Pts',(-0.000199999999999999,0.546851937529321,
0.109479527933285));
#9200=CARTESIAN_POINT('Ctrl Pts',(0.000999999999999995,0.54554537609498,
0.109920243864832));
#9201=CARTESIAN_POINT('Ctrl Pts',(-0.000199999999999999,0.54554537609498,
0.109920243864832));
#9202=CARTESIAN_POINT('Ctrl Pts',(0.000999999999999995,0.544192204805665,
0.110668501319374));
#9203=CARTESIAN_POINT('Ctrl Pts',(-0.000199999999999999,0.544192204805665,
0.110668501319374));
#9204=CARTESIAN_POINT('Ctrl Pts',(0.000999999999999995,0.542470732369158,
0.111901865728839));
#9205=CARTESIAN_POINT('Ctrl Pts',(-0.000199999999999999,0.542470732369158,
0.111901865728839));
#9206=CARTESIAN_POINT('Ctrl Pts',(0.000999999999999995,0.54048927677889,
0.114083661559116));
#9207=CARTESIAN_POINT('Ctrl Pts',(-0.000199999999999999,0.54048927677889,
0.114083661559116));
#9208=CARTESIAN_POINT('Ctrl Pts',(0.000999999999999995,0.53932881309983,
0.116115176808872));
#9209=CARTESIAN_POINT('Ctrl Pts',(-0.000199999999999999,0.53932881309983,
0.116115176808872));
#9210=CARTESIAN_POINT('Ctrl Pts',(0.000999999999999995,0.5386773303,0.1172556668));
#9211=CARTESIAN_POINT('Ctrl Pts',(-0.000199999999999999,0.5386773303,0.1172556668));
#9212=CARTESIAN_POINT('',(0.,0.549302027895983,0.109552602748825));
#9213=CARTESIAN_POINT('Ctrl Pts',(0.,0.549302027895983,0.109552602748825));
#9214=CARTESIAN_POINT('Ctrl Pts',(0.,0.548913405121527,0.109475677666247));
#9215=CARTESIAN_POINT('Ctrl Pts',(0.,0.548118510135016,0.109318333921883));
#9216=CARTESIAN_POINT('Ctrl Pts',(0.,0.546851937529321,0.109479527933285));
#9217=CARTESIAN_POINT('Ctrl Pts',(0.,0.54554537609498,0.109920243864832));
#9218=CARTESIAN_POINT('Ctrl Pts',(0.,0.544192204805665,0.110668501319374));
#9219=CARTESIAN_POINT('Ctrl Pts',(0.,0.542470732369158,0.111901865728839));
#9220=CARTESIAN_POINT('Ctrl Pts',(0.,0.54048927677889,0.114083661559116));
#9221=CARTESIAN_POINT('Ctrl Pts',(0.,0.53932881309983,0.116115176808872));
#9222=CARTESIAN_POINT('Ctrl Pts',(0.,0.5386773303,0.1172556668));
#9223=CARTESIAN_POINT('',(0.000999999999999995,0.549302027895983,0.109552602748825));
#9224=CARTESIAN_POINT('Ctrl Pts',(0.000999999999999995,0.549302027895983,
0.109552602748825));
#9225=CARTESIAN_POINT('Ctrl Pts',(0.000999999999999995,0.548913405121527,
0.109475677666247));
#9226=CARTESIAN_POINT('Ctrl Pts',(0.000999999999999995,0.548118510135016,
0.109318333921883));
#9227=CARTESIAN_POINT('Ctrl Pts',(0.000999999999999995,0.546851937529321,
0.109479527933285));
#9228=CARTESIAN_POINT('Ctrl Pts',(0.000999999999999995,0.54554537609498,
0.109920243864832));
#9229=CARTESIAN_POINT('Ctrl Pts',(0.000999999999999995,0.544192204805665,
0.110668501319374));
#9230=CARTESIAN_POINT('Ctrl Pts',(0.000999999999999995,0.542470732369158,
0.111901865728839));
#9231=CARTESIAN_POINT('Ctrl Pts',(0.000999999999999995,0.54048927677889,
0.114083661559116));
#9232=CARTESIAN_POINT('Ctrl Pts',(0.000999999999999995,0.53932881309983,
0.116115176808872));
#9233=CARTESIAN_POINT('Ctrl Pts',(0.000999999999999995,0.5386773303,0.1172556668));
#9234=CARTESIAN_POINT('',(0.000999999999999995,0.549302027895983,0.109552602748825));
#9235=CARTESIAN_POINT('Ctrl Pts',(0.000999999999999995,0.562371451594463,
-0.0029741628398678));
#9236=CARTESIAN_POINT('Ctrl Pts',(-0.000199999999999999,0.562371451594463,
-0.0029741628398678));
#9237=CARTESIAN_POINT('Ctrl Pts',(0.000999999999999995,0.56526529395886,
-0.00268040818558131));
#9238=CARTESIAN_POINT('Ctrl Pts',(-0.000199999999999999,0.56526529395886,
-0.00268040818558131));
#9239=CARTESIAN_POINT('Ctrl Pts',(0.000999999999999995,0.566623296260029,
-0.0062054862084373));
#9240=CARTESIAN_POINT('Ctrl Pts',(-0.000199999999999999,0.566623296260029,
-0.0062054862084373));
#9241=CARTESIAN_POINT('Ctrl Pts',(0.000999999999999995,0.566624436266448,
-0.0088444829301982));
#9242=CARTESIAN_POINT('Ctrl Pts',(-0.000199999999999999,0.566624436266448,
-0.0088444829301982));
#9243=CARTESIAN_POINT('',(0.,0.562371451594463,-0.0029741628398678));
#9244=CARTESIAN_POINT('',(0.,0.566624436266448,-0.0088444829301982));
#9245=CARTESIAN_POINT('Ctrl Pts',(0.,0.562371451594463,-0.0029741628398678));
#9246=CARTESIAN_POINT('Ctrl Pts',(0.,0.56526529395886,-0.00268040818558131));
#9247=CARTESIAN_POINT('Ctrl Pts',(0.,0.566623296260029,-0.0062054862084373));
#9248=CARTESIAN_POINT('Ctrl Pts',(0.,0.566624436266448,-0.0088444829301982));
#9249=CARTESIAN_POINT('',(0.000999999999999995,0.562371451594463,-0.0029741628398678));
#9250=CARTESIAN_POINT('',(0.000999999999999995,0.562371451594463,-0.0029741628398678));
#9251=CARTESIAN_POINT('',(0.000999999999999995,0.566624436266448,-0.0088444829301982));
#9252=CARTESIAN_POINT('Ctrl Pts',(0.000999999999999995,0.562371451594463,
-0.0029741628398678));
#9253=CARTESIAN_POINT('Ctrl Pts',(0.000999999999999995,0.56526529395886,
-0.00268040818558131));
#9254=CARTESIAN_POINT('Ctrl Pts',(0.000999999999999995,0.566623296260029,
-0.0062054862084373));
#9255=CARTESIAN_POINT('Ctrl Pts',(0.000999999999999995,0.566624436266448,
-0.0088444829301982));
#9256=CARTESIAN_POINT('',(0.000999999999999995,0.566624436266448,-0.0088444829301982));
#9257=CARTESIAN_POINT('Ctrl Pts',(0.000999999999999995,0.566624436266448,
-0.0088444829301982));
#9258=CARTESIAN_POINT('Ctrl Pts',(-0.000199999999999999,0.566624436266448,
-0.0088444829301982));
#9259=CARTESIAN_POINT('Ctrl Pts',(0.000999999999999995,0.566576172436466,
-0.0119034893068481));
#9260=CARTESIAN_POINT('Ctrl Pts',(-0.000199999999999999,0.566576172436466,
-0.0119034893068481));
#9261=CARTESIAN_POINT('Ctrl Pts',(0.000999999999999995,0.566504427265803,
-0.0149621340385902));
#9262=CARTESIAN_POINT('Ctrl Pts',(-0.000199999999999999,0.566504427265803,
-0.0149621340385902));
#9263=CARTESIAN_POINT('Ctrl Pts',(0.000999999999999995,0.5664068951,-0.0180199671));
#9264=CARTESIAN_POINT('Ctrl Pts',(-0.000199999999999999,0.5664068951,-0.0180199671));
#9265=CARTESIAN_POINT('',(0.,0.5664068951,-0.0180199671));
#9266=CARTESIAN_POINT('Ctrl Pts',(0.,0.566624436266448,-0.0088444829301982));
#9267=CARTESIAN_POINT('Ctrl Pts',(0.,0.566600304361492,-0.0103739854825334));
#9268=CARTESIAN_POINT('Ctrl Pts',(0.,0.566570302126498,-0.0119033976078039));
#9269=CARTESIAN_POINT('Ctrl Pts',(0.,0.566497980547433,-0.0149619300567654));
#9270=CARTESIAN_POINT('Ctrl Pts',(0.,0.566455661196244,-0.0164910501509783));
#9271=CARTESIAN_POINT('Ctrl Pts',(0.,0.5664068951,-0.0180199671));
#9272=CARTESIAN_POINT('',(0.000999999999999995,0.5664068951,-0.0180199671));
#9273=CARTESIAN_POINT('Ctrl Pts',(0.000999999999999995,0.566624436266448,
-0.0088444829301982));
#9274=CARTESIAN_POINT('Ctrl Pts',(0.000999999999999995,0.566600304361491,
-0.0103739854825475));
#9275=CARTESIAN_POINT('Ctrl Pts',(0.000999999999999995,0.566570302126498,
-0.0119033976078066));
#9276=CARTESIAN_POINT('Ctrl Pts',(0.000999999999999995,0.566497980547433,
-0.0149619300567575));
#9277=CARTESIAN_POINT('Ctrl Pts',(0.000999999999999995,0.566455661196244,
-0.0164910501509706));
#9278=CARTESIAN_POINT('Ctrl Pts',(0.000999999999999995,0.5664068951,-0.0180199671));
#9279=CARTESIAN_POINT('',(0.000999999999999995,0.5664068951,-0.0180199671));
#9280=CARTESIAN_POINT('Origin',(0.000999999999999995,1.08810105289042E-5,
0.000335751550253349));
#9281=CARTESIAN_POINT('',(0.,0.5573928032,-0.0177278391));
#9282=CARTESIAN_POINT('',(0.,1.08810105289042E-5,0.000335751550253349));
#9283=CARTESIAN_POINT('',(0.000999999999999995,0.5573928032,-0.0177278391));
#9284=CARTESIAN_POINT('',(0.000999999999999995,1.08810105289042E-5,0.000335751550253349));
#9285=CARTESIAN_POINT('',(0.000999999999999995,0.5573928032,-0.0177278391));
#9286=CARTESIAN_POINT('Ctrl Pts',(0.000999999999999995,0.5573928032,-0.0177278391));
#9287=CARTESIAN_POINT('Ctrl Pts',(-0.000199999999999999,0.5573928032,-0.0177278391));
#9288=CARTESIAN_POINT('Ctrl Pts',(0.000999999999999995,0.557494165170999,
-0.0145478688105006));
#9289=CARTESIAN_POINT('Ctrl Pts',(-0.000199999999999999,0.557494165170999,
-0.0145478688105006));
#9290=CARTESIAN_POINT('Ctrl Pts',(0.000999999999999995,0.557567996731121,
-0.0113670219337662));
#9291=CARTESIAN_POINT('Ctrl Pts',(-0.000199999999999999,0.557567996731121,
-0.0113670219337662));
#9292=CARTESIAN_POINT('Ctrl Pts',(0.000999999999999995,0.557614571752672,
-0.0081857776251588));
#9293=CARTESIAN_POINT('Ctrl Pts',(-0.000199999999999999,0.557614571752672,
-0.0081857776251588));
#9294=CARTESIAN_POINT('',(0.,0.557614571752672,-0.0081857776251588));
#9295=CARTESIAN_POINT('Origin',(0.,0.0035443814178375,-8.21529363626874E-5));
#9296=CARTESIAN_POINT('',(0.000999999999999995,0.557614571752672,-0.0081857776251588));
#9297=CARTESIAN_POINT('Origin',(0.000999999999999995,0.0035443814178375,
-8.21529363626874E-5));
#9298=CARTESIAN_POINT('',(0.000999999999999995,0.557614571752672,-0.0081857776251588));
#9299=CARTESIAN_POINT('Ctrl Pts',(0.000999999999999995,0.55019402876784,
0.121446218762893));
#9300=CARTESIAN_POINT('Ctrl Pts',(-0.000199999999999999,0.55019402876784,
0.121446218762893));
#9301=CARTESIAN_POINT('Ctrl Pts',(0.000999999999999995,0.549971888703517,
0.121431881436638));
#9302=CARTESIAN_POINT('Ctrl Pts',(-0.000199999999999999,0.549971888703517,
0.121431881436638));
#9303=CARTESIAN_POINT('Ctrl Pts',(0.000999999999999995,0.549498794130813,
0.121401347047179));
#9304=CARTESIAN_POINT('Ctrl Pts',(-0.000199999999999999,0.549498794130813,
0.121401347047179));
#9305=CARTESIAN_POINT('Ctrl Pts',(0.000999999999999995,0.548782310401525,
0.121753645232677));
#9306=CARTESIAN_POINT('Ctrl Pts',(-0.000199999999999999,0.548782310401525,
0.121753645232677));
#9307=CARTESIAN_POINT('Ctrl Pts',(0.000999999999999995,0.548071647374096,
0.122349861229217));
#9308=CARTESIAN_POINT('Ctrl Pts',(-0.000199999999999999,0.548071647374096,
0.122349861229217));
#9309=CARTESIAN_POINT('Ctrl Pts',(0.000999999999999995,0.547341007572668,
0.123225789841156));
#9310=CARTESIAN_POINT('Ctrl Pts',(-0.000199999999999999,0.547341007572668,
0.123225789841156));
#9311=CARTESIAN_POINT('Ctrl Pts',(0.000999999999999995,0.546584485754358,
0.124370360303939));
#9312=CARTESIAN_POINT('Ctrl Pts',(-0.000199999999999999,0.546584485754358,
0.124370360303939));
#9313=CARTESIAN_POINT('Ctrl Pts',(0.000999999999999995,0.545596344887069,
0.126200797050243));
#9314=CARTESIAN_POINT('Ctrl Pts',(-0.000199999999999999,0.545596344887069,
0.126200797050243));
#9315=CARTESIAN_POINT('Ctrl Pts',(0.000999999999999995,0.544392333679918,
0.128624656076102));
#9316=CARTESIAN_POINT('Ctrl Pts',(-0.000199999999999999,0.544392333679918,
0.128624656076102));
#9317=CARTESIAN_POINT('Ctrl Pts',(0.000999999999999995,0.543456248027832,
0.130578912917014));
#9318=CARTESIAN_POINT('Ctrl Pts',(-0.000199999999999999,0.543456248027832,
0.130578912917014));
#9319=CARTESIAN_POINT('Ctrl Pts',(0.000999999999999995,0.542988205201789,
0.131556041337469));
#9320=CARTESIAN_POINT('Ctrl Pts',(-0.000199999999999999,0.542988205201789,
0.131556041337469));
#9321=CARTESIAN_POINT('',(0.000999999999999995,0.542988205201789,0.131556041337469));
#9322=CARTESIAN_POINT('',(0.000999999999999995,0.542988205201789,0.131556041337469));
#9323=CARTESIAN_POINT('',(0.000999999999999995,0.55019402876784,0.121446218762893));
#9324=CARTESIAN_POINT('Ctrl Pts',(0.000999999999999995,0.55019402876784,
0.121446218762893));
#9325=CARTESIAN_POINT('Ctrl Pts',(0.000999999999999995,0.549971888703517,
0.121431881436638));
#9326=CARTESIAN_POINT('Ctrl Pts',(0.000999999999999995,0.549498794130813,
0.121401347047179));
#9327=CARTESIAN_POINT('Ctrl Pts',(0.000999999999999995,0.548782310401525,
0.121753645232677));
#9328=CARTESIAN_POINT('Ctrl Pts',(0.000999999999999995,0.548071647374096,
0.122349861229217));
#9329=CARTESIAN_POINT('Ctrl Pts',(0.000999999999999995,0.547341007572668,
0.123225789841156));
#9330=CARTESIAN_POINT('Ctrl Pts',(0.000999999999999995,0.546584485754358,
0.124370360303939));
#9331=CARTESIAN_POINT('Ctrl Pts',(0.000999999999999995,0.545596344887069,
0.126200797050243));
#9332=CARTESIAN_POINT('Ctrl Pts',(0.000999999999999995,0.544392333679918,
0.128624656076102));
#9333=CARTESIAN_POINT('Ctrl Pts',(0.000999999999999995,0.543456248027832,
0.130578912917014));
#9334=CARTESIAN_POINT('Ctrl Pts',(0.000999999999999995,0.542988205201789,
0.131556041337469));
#9335=CARTESIAN_POINT('',(0.000999999999999995,0.55019402876784,0.121446218762893));
#9336=CARTESIAN_POINT('Ctrl Pts',(0.000999999999999995,0.552093045113149,
0.127006542970291));
#9337=CARTESIAN_POINT('Ctrl Pts',(-0.000200000000000104,0.552093045113149,
0.127006542970291));
#9338=CARTESIAN_POINT('Ctrl Pts',(0.000999999999999995,0.552202717691157,
0.126436617713143));
#9339=CARTESIAN_POINT('Ctrl Pts',(-0.000200000000000104,0.552202717691157,
0.126436617713143));
#9340=CARTESIAN_POINT('Ctrl Pts',(0.000999999999999995,0.552410228837763,
0.125358263891807));
#9341=CARTESIAN_POINT('Ctrl Pts',(-0.000200000000000104,0.552410228837763,
0.125358263891807));
#9342=CARTESIAN_POINT('Ctrl Pts',(0.000999999999999995,0.552299120157932,
0.123715526018856));
#9343=CARTESIAN_POINT('Ctrl Pts',(-0.000200000000000104,0.552299120157932,
0.123715526018856));
#9344=CARTESIAN_POINT('Ctrl Pts',(0.000999999999999995,0.551714134608216,
0.122095557268249));
#9345=CARTESIAN_POINT('Ctrl Pts',(-0.000200000000000104,0.551714134608216,
0.122095557268249));
#9346=CARTESIAN_POINT('Ctrl Pts',(0.000999999999999995,0.55068559065958,
0.121656197604888));
#9347=CARTESIAN_POINT('Ctrl Pts',(-0.000200000000000104,0.55068559065958,
0.121656197604888));
#9348=CARTESIAN_POINT('Ctrl Pts',(0.000999999999999995,0.55019402876784,
0.121446218762893));
#9349=CARTESIAN_POINT('Ctrl Pts',(-0.000200000000000104,0.55019402876784,
0.121446218762893));
#9350=CARTESIAN_POINT('',(0.000999999999999995,0.552093045113149,0.127006542970291));
#9351=CARTESIAN_POINT('Ctrl Pts',(0.000999999999999995,0.552093045113149,
0.127006542970291));
#9352=CARTESIAN_POINT('Ctrl Pts',(0.000999999999999995,0.552202717691157,
0.126436617713143));
#9353=CARTESIAN_POINT('Ctrl Pts',(0.000999999999999995,0.552410228837763,
0.125358263891807));
#9354=CARTESIAN_POINT('Ctrl Pts',(0.000999999999999995,0.552299120157932,
0.123715526018856));
#9355=CARTESIAN_POINT('Ctrl Pts',(0.000999999999999995,0.551714134608216,
0.122095557268249));
#9356=CARTESIAN_POINT('Ctrl Pts',(0.000999999999999995,0.55068559065958,
0.121656197604888));
#9357=CARTESIAN_POINT('Ctrl Pts',(0.000999999999999995,0.55019402876784,
0.121446218762893));
#9358=CARTESIAN_POINT('',(0.000999999999999995,0.552093045113149,0.127006542970291));
#9359=CARTESIAN_POINT('Ctrl Pts',(0.000999999999999995,0.546395575873148,
0.132272074503261));
#9360=CARTESIAN_POINT('Ctrl Pts',(-0.000199999999999999,0.546395575873148,
0.132272074503261));
#9361=CARTESIAN_POINT('Ctrl Pts',(0.000999999999999995,0.546931670599903,
0.132361592715071));
#9362=CARTESIAN_POINT('Ctrl Pts',(-0.000199999999999999,0.546931670599903,
0.132361592715071));
#9363=CARTESIAN_POINT('Ctrl Pts',(0.000999999999999995,0.547950137859553,
0.132531658495092));
#9364=CARTESIAN_POINT('Ctrl Pts',(-0.000199999999999999,0.547950137859553,
0.132531658495092));
#9365=CARTESIAN_POINT('Ctrl Pts',(0.000999999999999995,0.549466516681503,
0.132010014687283));
#9366=CARTESIAN_POINT('Ctrl Pts',(-0.000199999999999999,0.549466516681503,
0.132010014687283));
#9367=CARTESIAN_POINT('Ctrl Pts',(0.000999999999999995,0.550652058475982,
0.130845693398382));
#9368=CARTESIAN_POINT('Ctrl Pts',(-0.000199999999999999,0.550652058475982,
0.130845693398382));
#9369=CARTESIAN_POINT('Ctrl Pts',(0.000999999999999995,0.551551261218879,
0.129122500750583));
#9370=CARTESIAN_POINT('Ctrl Pts',(-0.000199999999999999,0.551551261218879,
0.129122500750583));
#9371=CARTESIAN_POINT('Ctrl Pts',(0.000999999999999995,0.55189987800954,
0.127760964502752));
#9372=CARTESIAN_POINT('Ctrl Pts',(-0.000199999999999999,0.55189987800954,
0.127760964502752));
#9373=CARTESIAN_POINT('Ctrl Pts',(0.000999999999999995,0.552093045113149,
0.127006542970291));
#9374=CARTESIAN_POINT('Ctrl Pts',(-0.000199999999999999,0.552093045113149,
0.127006542970291));
#9375=CARTESIAN_POINT('',(0.000999999999999995,0.546395575873148,0.132272074503261));
#9376=CARTESIAN_POINT('Ctrl Pts',(0.000999999999999995,0.546395575873148,
0.132272074503261));
#9377=CARTESIAN_POINT('Ctrl Pts',(0.000999999999999995,0.546931670599903,
0.132361592715071));
#9378=CARTESIAN_POINT('Ctrl Pts',(0.000999999999999995,0.547950137859553,
0.132531658495092));
#9379=CARTESIAN_POINT('Ctrl Pts',(0.000999999999999995,0.549466516681503,
0.132010014687283));
#9380=CARTESIAN_POINT('Ctrl Pts',(0.000999999999999995,0.550652058475982,
0.130845693398382));
#9381=CARTESIAN_POINT('Ctrl Pts',(0.000999999999999995,0.551551261218879,
0.129122500750583));
#9382=CARTESIAN_POINT('Ctrl Pts',(0.000999999999999995,0.55189987800954,
0.127760964502752));
#9383=CARTESIAN_POINT('Ctrl Pts',(0.000999999999999995,0.552093045113149,
0.127006542970291));
#9384=CARTESIAN_POINT('',(0.000999999999999995,0.546395575873148,0.132272074503261));
#9385=CARTESIAN_POINT('Ctrl Pts',(0.000999999999999995,0.543882455045458,
0.142252894805416));
#9386=CARTESIAN_POINT('Ctrl Pts',(-0.000199999999999999,0.543882455045458,
0.142252894805416));
#9387=CARTESIAN_POINT('Ctrl Pts',(0.000999999999999995,0.544750097809358,
0.138933586968597));
#9388=CARTESIAN_POINT('Ctrl Pts',(-0.000199999999999999,0.544750097809358,
0.138933586968597));
#9389=CARTESIAN_POINT('Ctrl Pts',(0.000999999999999995,0.545588034988036,
0.135606514230129));
#9390=CARTESIAN_POINT('Ctrl Pts',(-0.000199999999999999,0.545588034988036,
0.135606514230129));
#9391=CARTESIAN_POINT('Ctrl Pts',(0.000999999999999995,0.546395575873148,
0.132272074503261));
#9392=CARTESIAN_POINT('Ctrl Pts',(-0.000199999999999999,0.546395575873148,
0.132272074503261));
#9393=CARTESIAN_POINT('',(0.000999999999999995,0.543882455045458,0.142252894805416));
#9394=CARTESIAN_POINT('Origin',(0.000999999999999995,-0.00734130877429798,
-0.00184930853369768));
#9395=CARTESIAN_POINT('',(0.000999999999999995,0.543882455045458,0.142252894805416));
#9396=CARTESIAN_POINT('Ctrl Pts',(0.000999999999999995,0.558976791357619,
0.129464409034854));
#9397=CARTESIAN_POINT('Ctrl Pts',(-0.000199999999999999,0.558976791357619,
0.129464409034854));
#9398=CARTESIAN_POINT('Ctrl Pts',(0.000999999999999995,0.558730185118359,
0.130418074666263));
#9399=CARTESIAN_POINT('Ctrl Pts',(-0.000199999999999999,0.558730185118359,
0.130418074666263));
#9400=CARTESIAN_POINT('Ctrl Pts',(0.000999999999999995,0.558249443164907,
0.132277180421089));
#9401=CARTESIAN_POINT('Ctrl Pts',(-0.000199999999999999,0.558249443164907,
0.132277180421089));
#9402=CARTESIAN_POINT('Ctrl Pts',(0.000999999999999995,0.557133290456823,
0.134875408564152));
#9403=CARTESIAN_POINT('Ctrl Pts',(-0.000199999999999999,0.557133290456823,
0.134875408564152));
#9404=CARTESIAN_POINT('Ctrl Pts',(0.000999999999999995,0.555732324216998,
0.137220936462593));
#9405=CARTESIAN_POINT('Ctrl Pts',(-0.000199999999999999,0.555732324216998,
0.137220936462593));
#9406=CARTESIAN_POINT('Ctrl Pts',(0.000999999999999995,0.553474888912816,
0.140035301785002));
#9407=CARTESIAN_POINT('Ctrl Pts',(-0.000199999999999999,0.553474888912816,
0.140035301785002));
#9408=CARTESIAN_POINT('Ctrl Pts',(0.000999999999999995,0.549513407013871,
0.142942618089339));
#9409=CARTESIAN_POINT('Ctrl Pts',(-0.000199999999999999,0.549513407013871,
0.142942618089339));
#9410=CARTESIAN_POINT('Ctrl Pts',(0.000999999999999995,0.545752625681749,
0.14248196801364));
#9411=CARTESIAN_POINT('Ctrl Pts',(-0.000199999999999999,0.545752625681749,
0.14248196801364));
#9412=CARTESIAN_POINT('Ctrl Pts',(0.000999999999999995,0.543882455045458,
0.142252894805416));
#9413=CARTESIAN_POINT('Ctrl Pts',(-0.000199999999999999,0.543882455045458,
0.142252894805416));
#9414=CARTESIAN_POINT('',(0.000999999999999995,0.558976791357619,0.129464409034854));
#9415=CARTESIAN_POINT('Ctrl Pts',(0.000999999999999995,0.558976791357619,
0.129464409034854));
#9416=CARTESIAN_POINT('Ctrl Pts',(0.000999999999999995,0.558730185118359,
0.130418074666263));
#9417=CARTESIAN_POINT('Ctrl Pts',(0.000999999999999995,0.558249443164907,
0.132277180421089));
#9418=CARTESIAN_POINT('Ctrl Pts',(0.000999999999999995,0.557133290456823,
0.134875408564152));
#9419=CARTESIAN_POINT('Ctrl Pts',(0.000999999999999995,0.555732324216998,
0.137220936462593));
#9420=CARTESIAN_POINT('Ctrl Pts',(0.000999999999999995,0.553474888912816,
0.140035301785002));
#9421=CARTESIAN_POINT('Ctrl Pts',(0.000999999999999995,0.549513407013871,
0.142942618089339));
#9422=CARTESIAN_POINT('Ctrl Pts',(0.000999999999999995,0.545752625681749,
0.14248196801364));
#9423=CARTESIAN_POINT('Ctrl Pts',(0.000999999999999995,0.543882455045458,
0.142252894805416));
#9424=CARTESIAN_POINT('',(0.000999999999999995,0.558976791357619,0.129464409034854));
#9425=CARTESIAN_POINT('Ctrl Pts',(0.000999999999999995,0.551732010808412,
0.111233514715812));
#9426=CARTESIAN_POINT('Ctrl Pts',(-0.000199999999999999,0.551732010808412,
0.111233514715812));
#9427=CARTESIAN_POINT('Ctrl Pts',(0.000999999999999995,0.552435241801703,
0.111417029507586));
#9428=CARTESIAN_POINT('Ctrl Pts',(-0.000199999999999999,0.552435241801703,
0.111417029507586));
#9429=CARTESIAN_POINT('Ctrl Pts',(0.000999999999999995,0.553806193521549,
0.111774792350522));
#9430=CARTESIAN_POINT('Ctrl Pts',(-0.000199999999999999,0.553806193521549,
0.111774792350522));
#9431=CARTESIAN_POINT('Ctrl Pts',(0.000999999999999995,0.555626583114336,
0.112885330318431));
#9432=CARTESIAN_POINT('Ctrl Pts',(-0.000199999999999999,0.555626583114336,
0.112885330318431));
#9433=CARTESIAN_POINT('Ctrl Pts',(0.000999999999999995,0.557127392883809,
0.11440053118514));
#9434=CARTESIAN_POINT('Ctrl Pts',(-0.000199999999999999,0.557127392883809,
0.11440053118514));
#9435=CARTESIAN_POINT('Ctrl Pts',(0.000999999999999995,0.558295757807459,
0.116336922870783));
#9436=CARTESIAN_POINT('Ctrl Pts',(-0.000199999999999999,0.558295757807459,
0.116336922870783));
#9437=CARTESIAN_POINT('Ctrl Pts',(0.000999999999999995,0.55941539944491,
0.119427201998216));
#9438=CARTESIAN_POINT('Ctrl Pts',(-0.000199999999999999,0.55941539944491,
0.119427201998216));
#9439=CARTESIAN_POINT('Ctrl Pts',(0.000999999999999995,0.559992031304048,
0.123944691894108));
#9440=CARTESIAN_POINT('Ctrl Pts',(-0.000199999999999999,0.559992031304048,
0.123944691894108));
#9441=CARTESIAN_POINT('Ctrl Pts',(0.000999999999999995,0.559327659045137,
0.127556790647951));
#9442=CARTESIAN_POINT('Ctrl Pts',(-0.000199999999999999,0.559327659045137,
0.127556790647951));
#9443=CARTESIAN_POINT('Ctrl Pts',(0.000999999999999995,0.558976791357619,
0.129464409034854));
#9444=CARTESIAN_POINT('Ctrl Pts',(-0.000199999999999999,0.558976791357619,
0.129464409034854));
#9445=CARTESIAN_POINT('',(0.000999999999999995,0.551732010808412,0.111233514715812));
#9446=CARTESIAN_POINT('Ctrl Pts',(0.000999999999999995,0.551732010808412,
0.111233514715812));
#9447=CARTESIAN_POINT('Ctrl Pts',(0.000999999999999995,0.552435241801703,
0.111417029507586));
#9448=CARTESIAN_POINT('Ctrl Pts',(0.000999999999999995,0.553806193521549,
0.111774792350522));
#9449=CARTESIAN_POINT('Ctrl Pts',(0.000999999999999995,0.555626583114336,
0.112885330318431));
#9450=CARTESIAN_POINT('Ctrl Pts',(0.000999999999999995,0.557127392883809,
0.11440053118514));
#9451=CARTESIAN_POINT('Ctrl Pts',(0.000999999999999995,0.558295757807459,
0.116336922870783));
#9452=CARTESIAN_POINT('Ctrl Pts',(0.000999999999999995,0.55941539944491,
0.119427201998216));
#9453=CARTESIAN_POINT('Ctrl Pts',(0.000999999999999995,0.559992031304048,
0.123944691894108));
#9454=CARTESIAN_POINT('Ctrl Pts',(0.000999999999999995,0.559327659045137,
0.127556790647951));
#9455=CARTESIAN_POINT('Ctrl Pts',(0.000999999999999995,0.558976791357619,
0.129464409034854));
#9456=CARTESIAN_POINT('',(0.000999999999999995,0.551732010808412,0.111233514715812));
#9457=CARTESIAN_POINT('Ctrl Pts',(0.000999999999999995,0.539188156233071,
0.120300282828072));
#9458=CARTESIAN_POINT('Ctrl Pts',(-0.000199999999999999,0.539188156233071,
0.120300282828072));
#9459=CARTESIAN_POINT('Ctrl Pts',(0.000999999999999995,0.539978291901218,
0.118905098634446));
#9460=CARTESIAN_POINT('Ctrl Pts',(-0.000199999999999999,0.539978291901218,
0.118905098634446));
#9461=CARTESIAN_POINT('Ctrl Pts',(0.000999999999999995,0.541359554649795,
0.116466130199342));
#9462=CARTESIAN_POINT('Ctrl Pts',(-0.000199999999999999,0.541359554649795,
0.116466130199342));
#9463=CARTESIAN_POINT('Ctrl Pts',(0.000999999999999995,0.543930640311984,
0.113167201604331));
#9464=CARTESIAN_POINT('Ctrl Pts',(-0.000199999999999999,0.543930640311984,
0.113167201604331));
#9465=CARTESIAN_POINT('Ctrl Pts',(0.000999999999999995,0.547469324210953,
0.110866966110518));
#9466=CARTESIAN_POINT('Ctrl Pts',(-0.000199999999999999,0.547469324210953,
0.110866966110518));
#9467=CARTESIAN_POINT('Ctrl Pts',(0.000999999999999995,0.550307805578241,
0.111111047246333));
#9468=CARTESIAN_POINT('Ctrl Pts',(-0.000199999999999999,0.550307805578241,
0.111111047246333));
#9469=CARTESIAN_POINT('Ctrl Pts',(0.000999999999999995,0.551732010808412,
0.111233514715812));
#9470=CARTESIAN_POINT('Ctrl Pts',(-0.000199999999999999,0.551732010808412,
0.111233514715812));
#9471=CARTESIAN_POINT('',(0.000999999999999995,0.539188156233071,0.120300282828072));
#9472=CARTESIAN_POINT('Ctrl Pts',(0.000999999999999995,0.539188156233071,
0.120300282828072));
#9473=CARTESIAN_POINT('Ctrl Pts',(0.000999999999999995,0.539978291901218,
0.118905098634446));
#9474=CARTESIAN_POINT('Ctrl Pts',(0.000999999999999995,0.541359554649795,
0.116466130199342));
#9475=CARTESIAN_POINT('Ctrl Pts',(0.000999999999999995,0.543930640311984,
0.113167201604331));
#9476=CARTESIAN_POINT('Ctrl Pts',(0.000999999999999995,0.547469324210953,
0.110866966110518));
#9477=CARTESIAN_POINT('Ctrl Pts',(0.000999999999999995,0.550307805578241,
0.111111047246333));
#9478=CARTESIAN_POINT('Ctrl Pts',(0.000999999999999995,0.551732010808412,
0.111233514715812));
#9479=CARTESIAN_POINT('',(0.000999999999999995,0.539188156233071,0.120300282828072));
#9480=CARTESIAN_POINT('Ctrl Pts',(0.000999999999999995,0.531548209227323,
0.12995163830516));
#9481=CARTESIAN_POINT('Ctrl Pts',(-0.000199999999999999,0.531548209227323,
0.12995163830516));
#9482=CARTESIAN_POINT('Ctrl Pts',(0.000999999999999995,0.53187423501696,
0.129985334019485));
#9483=CARTESIAN_POINT('Ctrl Pts',(-0.000199999999999999,0.53187423501696,
0.129985334019485));
#9484=CARTESIAN_POINT('Ctrl Pts',(0.000999999999999995,0.532547946191351,
0.130054964030334));
#9485=CARTESIAN_POINT('Ctrl Pts',(-0.000199999999999999,0.532547946191351,
0.130054964030334));
#9486=CARTESIAN_POINT('Ctrl Pts',(0.000999999999999995,0.533565966394543,
0.129596787992585));
#9487=CARTESIAN_POINT('Ctrl Pts',(-0.000199999999999999,0.533565966394543,
0.129596787992585));
#9488=CARTESIAN_POINT('Ctrl Pts',(0.000999999999999995,0.534489477335593,
0.12881819908281));
#9489=CARTESIAN_POINT('Ctrl Pts',(-0.000199999999999999,0.534489477335593,
0.12881819908281));
#9490=CARTESIAN_POINT('Ctrl Pts',(0.000999999999999995,0.535387051768262,
0.127611395914052));
#9491=CARTESIAN_POINT('Ctrl Pts',(-0.000199999999999999,0.535387051768262,
0.127611395914052));
#9492=CARTESIAN_POINT('Ctrl Pts',(0.000999999999999995,0.536510803961441,
0.125751980680088));
#9493=CARTESIAN_POINT('Ctrl Pts',(-0.000199999999999999,0.536510803961441,
0.125751980680088));
#9494=CARTESIAN_POINT('Ctrl Pts',(0.000999999999999995,0.537743178297453,
0.123221428665582));
#9495=CARTESIAN_POINT('Ctrl Pts',(-0.000199999999999999,0.537743178297453,
0.123221428665582));
#9496=CARTESIAN_POINT('Ctrl Pts',(0.000999999999999995,0.538706485349382,
0.121274021500652));
#9497=CARTESIAN_POINT('Ctrl Pts',(-0.000199999999999999,0.538706485349382,
0.121274021500652));
#9498=CARTESIAN_POINT('Ctrl Pts',(0.000999999999999995,0.539188156233071,
0.120300282828072));
#9499=CARTESIAN_POINT('Ctrl Pts',(-0.000199999999999999,0.539188156233071,
0.120300282828072));
#9500=CARTESIAN_POINT('',(0.000999999999999995,0.531548209227323,0.12995163830516));
#9501=CARTESIAN_POINT('Ctrl Pts',(0.000999999999999995,0.531548209227323,
0.12995163830516));
#9502=CARTESIAN_POINT('Ctrl Pts',(0.000999999999999995,0.53187423501696,
0.129985334019485));
#9503=CARTESIAN_POINT('Ctrl Pts',(0.000999999999999995,0.532547946191351,
0.130054964030334));
#9504=CARTESIAN_POINT('Ctrl Pts',(0.000999999999999995,0.533565966394543,
0.129596787992585));
#9505=CARTESIAN_POINT('Ctrl Pts',(0.000999999999999995,0.534489477335593,
0.12881819908281));
#9506=CARTESIAN_POINT('Ctrl Pts',(0.000999999999999995,0.535387051768262,
0.127611395914052));
#9507=CARTESIAN_POINT('Ctrl Pts',(0.000999999999999995,0.536510803961441,
0.125751980680088));
#9508=CARTESIAN_POINT('Ctrl Pts',(0.000999999999999995,0.537743178297453,
0.123221428665582));
#9509=CARTESIAN_POINT('Ctrl Pts',(0.000999999999999995,0.538706485349382,
0.121274021500652));
#9510=CARTESIAN_POINT('Ctrl Pts',(0.000999999999999995,0.539188156233071,
0.120300282828072));
#9511=CARTESIAN_POINT('',(0.000999999999999995,0.531548209227323,0.12995163830516));
#9512=CARTESIAN_POINT('Ctrl Pts',(0.000999999999999995,0.52938794324275,
0.123139802229837));
#9513=CARTESIAN_POINT('Ctrl Pts',(-0.000199999999999999,0.52938794324275,
0.123139802229837));
#9514=CARTESIAN_POINT('Ctrl Pts',(0.000999999999999995,0.529258510906905,
0.123833393688713));
#9515=CARTESIAN_POINT('Ctrl Pts',(-0.000199999999999999,0.529258510906905,
0.123833393688713));
#9516=CARTESIAN_POINT('Ctrl Pts',(0.000999999999999995,0.529014995287818,
0.125138325353579));
#9517=CARTESIAN_POINT('Ctrl Pts',(-0.000199999999999999,0.529014995287818,
0.125138325353579));
#9518=CARTESIAN_POINT('Ctrl Pts',(0.000999999999999995,0.529095686241406,
0.127128990413215));
#9519=CARTESIAN_POINT('Ctrl Pts',(-0.000199999999999999,0.529095686241406,
0.127128990413215));
#9520=CARTESIAN_POINT('Ctrl Pts',(0.000999999999999995,0.529717165379106,
0.129129617833117));
#9521=CARTESIAN_POINT('Ctrl Pts',(-0.000199999999999999,0.529717165379106,
0.129129617833117));
#9522=CARTESIAN_POINT('Ctrl Pts',(0.000999999999999995,0.530959864964149,
0.129687509715663));
#9523=CARTESIAN_POINT('Ctrl Pts',(-0.000199999999999999,0.530959864964149,
0.129687509715663));
#9524=CARTESIAN_POINT('Ctrl Pts',(0.000999999999999995,0.531548209227323,
0.12995163830516));
#9525=CARTESIAN_POINT('Ctrl Pts',(-0.000199999999999999,0.531548209227323,
0.12995163830516));
#9526=CARTESIAN_POINT('',(0.000999999999999995,0.52938794324275,0.123139802229837));
#9527=CARTESIAN_POINT('Ctrl Pts',(0.000999999999999995,0.52938794324275,
0.123139802229837));
#9528=CARTESIAN_POINT('Ctrl Pts',(0.000999999999999995,0.529258510906905,
0.123833393688713));
#9529=CARTESIAN_POINT('Ctrl Pts',(0.000999999999999995,0.529014995287818,
0.125138325353579));
#9530=CARTESIAN_POINT('Ctrl Pts',(0.000999999999999995,0.529095686241406,
0.127128990413215));
#9531=CARTESIAN_POINT('Ctrl Pts',(0.000999999999999995,0.529717165379106,
0.129129617833117));
#9532=CARTESIAN_POINT('Ctrl Pts',(0.000999999999999995,0.530959864964149,
0.129687509715663));
#9533=CARTESIAN_POINT('Ctrl Pts',(0.000999999999999995,0.531548209227323,
0.12995163830516));
#9534=CARTESIAN_POINT('',(0.000999999999999995,0.52938794324275,0.123139802229837));
#9535=CARTESIAN_POINT('Ctrl Pts',(0.000999999999999995,0.536450616668451,
0.117265984646996));
#9536=CARTESIAN_POINT('Ctrl Pts',(-0.000200000000000104,0.536450616668451,
0.117265984646996));
#9537=CARTESIAN_POINT('Ctrl Pts',(0.000999999999999995,0.53582156742044,
0.117198095266416));
#9538=CARTESIAN_POINT('Ctrl Pts',(-0.000200000000000104,0.53582156742044,
0.117198095266416));
#9539=CARTESIAN_POINT('Ctrl Pts',(0.000999999999999995,0.534636203900055,
0.117070166339682));
#9540=CARTESIAN_POINT('Ctrl Pts',(-0.000200000000000104,0.534636203900055,
0.117070166339682));
#9541=CARTESIAN_POINT('Ctrl Pts',(0.000999999999999995,0.532922479241786,
0.117497290447408));
#9542=CARTESIAN_POINT('Ctrl Pts',(-0.000200000000000104,0.532922479241786,
0.117497290447408));
#9543=CARTESIAN_POINT('Ctrl Pts',(0.000999999999999995,0.531357991295518,
0.118546715180965));
#9544=CARTESIAN_POINT('Ctrl Pts',(-0.000200000000000104,0.531357991295518,
0.118546715180965));
#9545=CARTESIAN_POINT('Ctrl Pts',(0.000999999999999995,0.530100638238783,
0.120513769405421));
#9546=CARTESIAN_POINT('Ctrl Pts',(-0.000200000000000104,0.530100638238783,
0.120513769405421));
#9547=CARTESIAN_POINT('Ctrl Pts',(0.000999999999999995,0.529646129896043,
0.122188474340421));
#9548=CARTESIAN_POINT('Ctrl Pts',(-0.000200000000000104,0.529646129896043,
0.122188474340421));
#9549=CARTESIAN_POINT('Ctrl Pts',(0.000999999999999995,0.52938794324275,
0.123139802229837));
#9550=CARTESIAN_POINT('Ctrl Pts',(-0.000200000000000104,0.52938794324275,
0.123139802229837));
#9551=CARTESIAN_POINT('',(0.000999999999999951,0.536450616668451,0.117265984646996));
#9552=CARTESIAN_POINT('Ctrl Pts',(0.000999999999999951,0.536450616668451,
0.117265984646996));
#9553=CARTESIAN_POINT('Ctrl Pts',(0.000999999999999951,0.53582156742044,
0.117198095266416));
#9554=CARTESIAN_POINT('Ctrl Pts',(0.000999999999999951,0.534636203900055,
0.117070166339682));
#9555=CARTESIAN_POINT('Ctrl Pts',(0.000999999999999951,0.532922479241786,
0.117497290447408));
#9556=CARTESIAN_POINT('Ctrl Pts',(0.000999999999999951,0.531357991295518,
0.118546715180965));
#9557=CARTESIAN_POINT('Ctrl Pts',(0.000999999999999951,0.530100638238783,
0.120513769405421));
#9558=CARTESIAN_POINT('Ctrl Pts',(0.000999999999999951,0.529646129896043,
0.122188474340421));
#9559=CARTESIAN_POINT('Ctrl Pts',(0.000999999999999995,0.52938794324275,
0.123139802229837));
#9560=CARTESIAN_POINT('',(0.000999999999999951,0.536450616668451,0.117265984646996));
#9561=CARTESIAN_POINT('Ctrl Pts',(0.000999999999999995,0.538424756327575,
0.107839498101201));
#9562=CARTESIAN_POINT('Ctrl Pts',(-0.000200000000000104,0.538424756327575,
0.107839498101201));
#9563=CARTESIAN_POINT('Ctrl Pts',(0.000999999999999995,0.537794413691156,
0.110987377117324));
#9564=CARTESIAN_POINT('Ctrl Pts',(-0.000200000000000104,0.537794413691156,
0.110987377117324));
#9565=CARTESIAN_POINT('Ctrl Pts',(0.000999999999999995,0.537136041299531,
0.114129638896591));
#9566=CARTESIAN_POINT('Ctrl Pts',(-0.000200000000000104,0.537136041299531,
0.114129638896591));
#9567=CARTESIAN_POINT('Ctrl Pts',(0.000999999999999995,0.536450616668451,
0.117265984646996));
#9568=CARTESIAN_POINT('Ctrl Pts',(-0.000200000000000104,0.536450616668451,
0.117265984646996));
#9569=CARTESIAN_POINT('',(0.000999999999999995,0.538424756327575,0.107839498101201));
#9570=CARTESIAN_POINT('Origin',(0.000999999999431027,-0.000292028712345087,
-6.117384543625E-5));
#9571=CARTESIAN_POINT('',(0.000999999999999995,0.538424756327575,0.107839498101201));
#9572=CARTESIAN_POINT('Ctrl Pts',(0.000999999999999995,0.547170018842091,
0.102741134391921));
#9573=CARTESIAN_POINT('Ctrl Pts',(-0.000199999999999999,0.547170018842091,
0.102741134391921));
#9574=CARTESIAN_POINT('Ctrl Pts',(0.000999999999999995,0.546910470034998,
0.103257185746133));
#9575=CARTESIAN_POINT('Ctrl Pts',(-0.000199999999999999,0.546910470034998,
0.103257185746133));
#9576=CARTESIAN_POINT('Ctrl Pts',(0.000999999999999995,0.546383442710782,
0.104305054805576));
#9577=CARTESIAN_POINT('Ctrl Pts',(-0.000199999999999999,0.546383442710782,
0.104305054805576));
#9578=CARTESIAN_POINT('Ctrl Pts',(0.000999999999999995,0.545144332742803,
0.105644727336329));
#9579=CARTESIAN_POINT('Ctrl Pts',(-0.000199999999999999,0.545144332742803,
0.105644727336329));
#9580=CARTESIAN_POINT('Ctrl Pts',(0.000999999999999995,0.543474395432537,
0.106930142662527));
#9581=CARTESIAN_POINT('Ctrl Pts',(-0.000199999999999999,0.543474395432537,
0.106930142662527));
#9582=CARTESIAN_POINT('Ctrl Pts',(0.000999999999999995,0.541175703587024,
0.10793897856005));
#9583=CARTESIAN_POINT('Ctrl Pts',(-0.000199999999999999,0.541175703587024,
0.10793897856005));
#9584=CARTESIAN_POINT('Ctrl Pts',(0.000999999999999995,0.539356553346973,
0.107873193983493));
#9585=CARTESIAN_POINT('Ctrl Pts',(-0.000199999999999999,0.539356553346973,
0.107873193983493));
#9586=CARTESIAN_POINT('Ctrl Pts',(0.000999999999999995,0.538424756327575,
0.107839498101201));
#9587=CARTESIAN_POINT('Ctrl Pts',(-0.000199999999999999,0.538424756327575,
0.107839498101201));
#9588=CARTESIAN_POINT('',(0.000999999999999995,0.547170018842091,0.102741134391921));
#9589=CARTESIAN_POINT('Ctrl Pts',(0.000999999999999995,0.547170018842091,
0.102741134391921));
#9590=CARTESIAN_POINT('Ctrl Pts',(0.000999999999999995,0.546910470034998,
0.103257185746133));
#9591=CARTESIAN_POINT('Ctrl Pts',(0.000999999999999995,0.546383442710782,
0.104305054805576));
#9592=CARTESIAN_POINT('Ctrl Pts',(0.000999999999999995,0.545144332742803,
0.105644727336329));
#9593=CARTESIAN_POINT('Ctrl Pts',(0.000999999999999995,0.543474395432537,
0.106930142662527));
#9594=CARTESIAN_POINT('Ctrl Pts',(0.000999999999999995,0.541175703587024,
0.10793897856005));
#9595=CARTESIAN_POINT('Ctrl Pts',(0.000999999999999995,0.539356553346973,
0.107873193983493));
#9596=CARTESIAN_POINT('Ctrl Pts',(0.000999999999999995,0.538424756327575,
0.107839498101201));
#9597=CARTESIAN_POINT('',(0.000999999999999995,0.547170018842091,0.102741134391921));
#9598=CARTESIAN_POINT('Ctrl Pts',(0.000999999999999995,0.553320556488823,
0.109196027102746));
#9599=CARTESIAN_POINT('Ctrl Pts',(-0.000199999999999999,0.553320556488823,
0.109196027102746));
#9600=CARTESIAN_POINT('Ctrl Pts',(0.000999999999999995,0.552820622208202,
0.109066847596104));
#9601=CARTESIAN_POINT('Ctrl Pts',(-0.000199999999999999,0.552820622208202,
0.109066847596104));
#9602=CARTESIAN_POINT('Ctrl Pts',(0.000999999999999995,0.551820029064174,
0.108808301355717));
#9603=CARTESIAN_POINT('Ctrl Pts',(-0.000199999999999999,0.551820029064174,
0.108808301355717));
#9604=CARTESIAN_POINT('Ctrl Pts',(0.000999999999999995,0.550448718707257,
0.108005131199604));
#9605=CARTESIAN_POINT('Ctrl Pts',(-0.000199999999999999,0.550448718707257,
0.108005131199604));
#9606=CARTESIAN_POINT('Ctrl Pts',(0.000999999999999995,0.549070815821973,
0.106772227161757));
#9607=CARTESIAN_POINT('Ctrl Pts',(-0.000199999999999999,0.549070815821973,
0.106772227161757));
#9608=CARTESIAN_POINT('Ctrl Pts',(0.000999999999999995,0.547786715736758,
0.105034534745515));
#9609=CARTESIAN_POINT('Ctrl Pts',(-0.000199999999999999,0.547786715736758,
0.105034534745515));
#9610=CARTESIAN_POINT('Ctrl Pts',(0.000999999999999995,0.547374864806333,
0.103502924845038));
#9611=CARTESIAN_POINT('Ctrl Pts',(-0.000199999999999999,0.547374864806333,
0.103502924845038));
#9612=CARTESIAN_POINT('Ctrl Pts',(0.000999999999999995,0.547170018842091,
0.102741134391921));
#9613=CARTESIAN_POINT('Ctrl Pts',(-0.000199999999999999,0.547170018842091,
0.102741134391921));
#9614=CARTESIAN_POINT('',(0.000999999999999995,0.553320556488823,0.109196027102746));
#9615=CARTESIAN_POINT('Ctrl Pts',(0.000999999999999995,0.553320556488823,
0.109196027102746));
#9616=CARTESIAN_POINT('Ctrl Pts',(0.000999999999999995,0.552820622208202,
0.109066847596104));
#9617=CARTESIAN_POINT('Ctrl Pts',(0.000999999999999995,0.551820029064174,
0.108808301355717));
#9618=CARTESIAN_POINT('Ctrl Pts',(0.000999999999999995,0.550448718707257,
0.108005131199604));
#9619=CARTESIAN_POINT('Ctrl Pts',(0.000999999999999995,0.549070815821973,
0.106772227161757));
#9620=CARTESIAN_POINT('Ctrl Pts',(0.000999999999999995,0.547786715736758,
0.105034534745515));
#9621=CARTESIAN_POINT('Ctrl Pts',(0.000999999999999995,0.547374864806333,
0.103502924845038));
#9622=CARTESIAN_POINT('Ctrl Pts',(0.000999999999999995,0.547170018842091,
0.102741134391921));
#9623=CARTESIAN_POINT('',(0.000999999999999995,0.553320556488823,0.109196027102746));
#9624=CARTESIAN_POINT('Ctrl Pts',(0.000999999999999995,0.564812743505555,
0.096624040519399));
#9625=CARTESIAN_POINT('Ctrl Pts',(-0.000199999999999999,0.564812743505555,
0.096624040519399));
#9626=CARTESIAN_POINT('Ctrl Pts',(0.000999999999999995,0.564546211408498,
0.0980837829431008));
#9627=CARTESIAN_POINT('Ctrl Pts',(-0.000199999999999999,0.564546211408498,
0.0980837829431008));
#9628=CARTESIAN_POINT('Ctrl Pts',(0.000999999999999995,0.564058273025387,
0.10075612284454));
#9629=CARTESIAN_POINT('Ctrl Pts',(-0.000199999999999999,0.564058273025387,
0.10075612284454));
#9630=CARTESIAN_POINT('Ctrl Pts',(0.000999999999999995,0.562749930786934,
0.104279813960382));
#9631=CARTESIAN_POINT('Ctrl Pts',(-0.000199999999999999,0.562749930786934,
0.104279813960382));
#9632=CARTESIAN_POINT('Ctrl Pts',(0.000999999999999995,0.561035668821228,
0.10696394660924));
#9633=CARTESIAN_POINT('Ctrl Pts',(-0.000199999999999999,0.561035668821228,
0.10696394660924));
#9634=CARTESIAN_POINT('Ctrl Pts',(0.000999999999999995,0.558820681205083,
0.108746345991608));
#9635=CARTESIAN_POINT('Ctrl Pts',(-0.000199999999999999,0.558820681205083,
0.108746345991608));
#9636=CARTESIAN_POINT('Ctrl Pts',(0.000999999999999995,0.556124662268695,
0.109553385258537));
#9637=CARTESIAN_POINT('Ctrl Pts',(-0.000199999999999999,0.556124662268695,
0.109553385258537));
#9638=CARTESIAN_POINT('Ctrl Pts',(0.000999999999999995,0.55428712996859,
0.109319208231877));
#9639=CARTESIAN_POINT('Ctrl Pts',(-0.000199999999999999,0.55428712996859,
0.109319208231877));
#9640=CARTESIAN_POINT('Ctrl Pts',(0.000999999999999995,0.553320556488823,
0.109196027102746));
#9641=CARTESIAN_POINT('Ctrl Pts',(-0.000199999999999999,0.553320556488823,
0.109196027102746));
#9642=CARTESIAN_POINT('',(0.000999999999999995,0.564812743505555,0.096624040519399));
#9643=CARTESIAN_POINT('Ctrl Pts',(0.000999999999999995,0.564812743505555,
0.096624040519399));
#9644=CARTESIAN_POINT('Ctrl Pts',(0.000999999999999995,0.564546211408498,
0.0980837829431008));
#9645=CARTESIAN_POINT('Ctrl Pts',(0.000999999999999995,0.564058273025387,
0.10075612284454));
#9646=CARTESIAN_POINT('Ctrl Pts',(0.000999999999999995,0.562749930786934,
0.104279813960382));
#9647=CARTESIAN_POINT('Ctrl Pts',(0.000999999999999995,0.561035668821228,
0.10696394660924));
#9648=CARTESIAN_POINT('Ctrl Pts',(0.000999999999999995,0.558820681205083,
0.108746345991608));
#9649=CARTESIAN_POINT('Ctrl Pts',(0.000999999999999995,0.556124662268695,
0.109553385258537));
#9650=CARTESIAN_POINT('Ctrl Pts',(0.000999999999999995,0.55428712996859,
0.109319208231877));
#9651=CARTESIAN_POINT('Ctrl Pts',(0.000999999999999995,0.553320556488823,
0.109196027102746));
#9652=CARTESIAN_POINT('',(0.000999999999999995,0.564812743505555,0.096624040519399));
#9653=CARTESIAN_POINT('Ctrl Pts',(0.000999999999999995,0.5676907668,0.0779539942));
#9654=CARTESIAN_POINT('Ctrl Pts',(-0.000199999999999999,0.5676907668,0.0779539942));
#9655=CARTESIAN_POINT('Ctrl Pts',(0.000999999999999995,0.567250095858419,
0.0810696801134451));
#9656=CARTESIAN_POINT('Ctrl Pts',(-0.000199999999999999,0.567250095858419,
0.0810696801134451));
#9657=CARTESIAN_POINT('Ctrl Pts',(0.000999999999999995,0.566368200186533,
0.0873049668252491));
#9658=CARTESIAN_POINT('Ctrl Pts',(-0.000199999999999999,0.566368200186533,
0.0873049668252491));
#9659=CARTESIAN_POINT('Ctrl Pts',(0.000999999999999995,0.565331446048175,
0.0935163826340129));
#9660=CARTESIAN_POINT('Ctrl Pts',(-0.000199999999999999,0.565331446048175,
0.0935163826340129));
#9661=CARTESIAN_POINT('Ctrl Pts',(0.000999999999999995,0.564812743505555,
0.096624040519399));
#9662=CARTESIAN_POINT('Ctrl Pts',(-0.000199999999999999,0.564812743505555,
0.096624040519399));
#9663=CARTESIAN_POINT('',(0.000999999999999995,0.5676907668,0.0779539942));
#9664=CARTESIAN_POINT('Ctrl Pts',(0.000999999999999995,0.5676907668,0.0779539942));
#9665=CARTESIAN_POINT('Ctrl Pts',(0.000999999999999995,0.567250095858419,
0.0810696801134451));
#9666=CARTESIAN_POINT('Ctrl Pts',(0.000999999999999995,0.566368200186533,
0.0873049668252491));
#9667=CARTESIAN_POINT('Ctrl Pts',(0.000999999999999995,0.565331446048175,
0.0935163826340129));
#9668=CARTESIAN_POINT('Ctrl Pts',(0.000999999999999995,0.564812743505555,
0.096624040519399));
#9669=CARTESIAN_POINT('',(0.000999999999999995,0.5676907668,0.0779539942));
#9670=CARTESIAN_POINT('Origin',(0.000999999999999995,-5.80572438808863E-5,
0.000425157053216157));
#9671=CARTESIAN_POINT('',(0.000999999999999995,0.5343461688,0.0734006287));
#9672=CARTESIAN_POINT('',(0.000999999999999995,-5.80572438808863E-5,0.000425157053216157));
#9673=CARTESIAN_POINT('',(0.000999999999999995,0.5343461688,0.0734006287));
#9674=CARTESIAN_POINT('Ctrl Pts',(0.000999999999999995,0.569450687840673,
0.0638400704311058));
#9675=CARTESIAN_POINT('Ctrl Pts',(-0.000200000000000104,0.569450687840673,
0.0638400704311058));
#9676=CARTESIAN_POINT('Ctrl Pts',(0.000999999999999995,0.568578749715913,
0.0640596638732314));
#9677=CARTESIAN_POINT('Ctrl Pts',(-0.000200000000000104,0.568578749715913,
0.0640596638732314));
#9678=CARTESIAN_POINT('Ctrl Pts',(0.000999999999999995,0.567107755317798,
0.0644301267696882));
#9679=CARTESIAN_POINT('Ctrl Pts',(-0.000200000000000104,0.567107755317798,
0.0644301267696882));
#9680=CARTESIAN_POINT('Ctrl Pts',(0.000999999999999995,0.565143274617221,
0.0651114305677038));
#9681=CARTESIAN_POINT('Ctrl Pts',(-0.000200000000000104,0.565143274617221,
0.0651114305677038));
#9682=CARTESIAN_POINT('Ctrl Pts',(0.000999999999999995,0.563110762114205,
0.0657627545911645));
#9683=CARTESIAN_POINT('Ctrl Pts',(-0.000200000000000104,0.563110762114205,
0.0657627545911645));
#9684=CARTESIAN_POINT('Ctrl Pts',(0.000999999999999995,0.560898830475259,
0.0662966526023127));
#9685=CARTESIAN_POINT('Ctrl Pts',(-0.000200000000000104,0.560898830475259,
0.0662966526023127));
#9686=CARTESIAN_POINT('Ctrl Pts',(0.000999999999999995,0.558508702452073,
0.066920558155126));
#9687=CARTESIAN_POINT('Ctrl Pts',(-0.000200000000000104,0.558508702452073,
0.066920558155126));
#9688=CARTESIAN_POINT('Ctrl Pts',(0.000999999999999995,0.556398322239334,
0.067587303890466));
#9689=CARTESIAN_POINT('Ctrl Pts',(-0.000200000000000104,0.556398322239334,
0.067587303890466));
#9690=CARTESIAN_POINT('Ctrl Pts',(0.000999999999999995,0.554223061530791,
0.0682523565078321));
#9691=CARTESIAN_POINT('Ctrl Pts',(-0.000200000000000104,0.554223061530791,
0.0682523565078321));
#9692=CARTESIAN_POINT('Ctrl Pts',(0.000999999999999995,0.551213743917737,
0.0690070840063386));
#9693=CARTESIAN_POINT('Ctrl Pts',(-0.000200000000000104,0.551213743917737,
0.0690070840063386));
#9694=CARTESIAN_POINT('Ctrl Pts',(0.000999999999999995,0.547475111839501,
0.0699361353624651));
#9695=CARTESIAN_POINT('Ctrl Pts',(-0.000200000000000104,0.547475111839501,
0.0699361353624651));
#9696=CARTESIAN_POINT('Ctrl Pts',(0.000999999999999995,0.543098573965149,
0.0711796167627322));
#9697=CARTESIAN_POINT('Ctrl Pts',(-0.000200000000000104,0.543098573965149,
0.0711796167627322));
#9698=CARTESIAN_POINT('Ctrl Pts',(0.000999999999999995,0.538784236191664,
0.0723930760586815));
#9699=CARTESIAN_POINT('Ctrl Pts',(-0.000200000000000104,0.538784236191664,
0.0723930760586815));
#9700=CARTESIAN_POINT('Ctrl Pts',(0.000999999999999995,0.535825524617449,
0.0730647778101621));
#9701=CARTESIAN_POINT('Ctrl Pts',(-0.000200000000000104,0.535825524617449,
0.0730647778101621));
#9702=CARTESIAN_POINT('Ctrl Pts',(0.000999999999999995,0.5343461688,0.0734006287));
#9703=CARTESIAN_POINT('Ctrl Pts',(-0.000200000000000104,0.5343461688,0.0734006287));
#9704=CARTESIAN_POINT('',(0.000999999999999951,0.569450687840673,0.0638400704311058));
#9705=CARTESIAN_POINT('Ctrl Pts',(0.000999999999999951,0.569450687840673,
0.0638400704311058));
#9706=CARTESIAN_POINT('Ctrl Pts',(0.000999999999999951,0.568578749715913,
0.0640596638732314));
#9707=CARTESIAN_POINT('Ctrl Pts',(0.000999999999999951,0.567107755317798,
0.0644301267696882));
#9708=CARTESIAN_POINT('Ctrl Pts',(0.000999999999999951,0.565143274617221,
0.0651114305677038));
#9709=CARTESIAN_POINT('Ctrl Pts',(0.000999999999999951,0.563110762114205,
0.0657627545911645));
#9710=CARTESIAN_POINT('Ctrl Pts',(0.000999999999999951,0.560898830475259,
0.0662966526023127));
#9711=CARTESIAN_POINT('Ctrl Pts',(0.000999999999999951,0.558508702452073,
0.066920558155126));
#9712=CARTESIAN_POINT('Ctrl Pts',(0.000999999999999951,0.556398322239334,
0.067587303890466));
#9713=CARTESIAN_POINT('Ctrl Pts',(0.000999999999999951,0.554223061530791,
0.0682523565078321));
#9714=CARTESIAN_POINT('Ctrl Pts',(0.000999999999999951,0.551213743917737,
0.0690070840063386));
#9715=CARTESIAN_POINT('Ctrl Pts',(0.000999999999999951,0.547475111839501,
0.0699361353624651));
#9716=CARTESIAN_POINT('Ctrl Pts',(0.000999999999999951,0.543098573965149,
0.0711796167627322));
#9717=CARTESIAN_POINT('Ctrl Pts',(0.000999999999999951,0.538784236191664,
0.0723930760586815));
#9718=CARTESIAN_POINT('Ctrl Pts',(0.000999999999999951,0.535825524617449,
0.0730647778101621));
#9719=CARTESIAN_POINT('Ctrl Pts',(0.000999999999999995,0.5343461688,0.0734006287));
#9720=CARTESIAN_POINT('',(0.000999999999999951,0.569450687840673,0.0638400704311058));
#9721=CARTESIAN_POINT('Ctrl Pts',(0.000999999999999995,0.570544068197193,
0.0531891624461131));
#9722=CARTESIAN_POINT('Ctrl Pts',(-0.000200000000000104,0.570544068197193,
0.0531891624461131));
#9723=CARTESIAN_POINT('Ctrl Pts',(0.000999999999999995,0.570213410486558,
0.0567428258314168));
#9724=CARTESIAN_POINT('Ctrl Pts',(-0.000200000000000104,0.570213410486558,
0.0567428258314168));
#9725=CARTESIAN_POINT('Ctrl Pts',(0.000999999999999995,0.569848558741606,
0.060293303594776));
#9726=CARTESIAN_POINT('Ctrl Pts',(-0.000200000000000104,0.569848558741606,
0.060293303594776));
#9727=CARTESIAN_POINT('Ctrl Pts',(0.000999999999999995,0.569450687840673,
0.0638400704311058));
#9728=CARTESIAN_POINT('Ctrl Pts',(-0.000200000000000104,0.569450687840673,
0.0638400704311058));
#9729=CARTESIAN_POINT('',(0.000999999999999995,0.570544068197193,0.0531891624461131));
#9730=CARTESIAN_POINT('Origin',(0.000999999999512152,0.00741006511780065,
0.000761613819497972));
#9731=CARTESIAN_POINT('',(0.000999999999999995,0.570544068197193,0.0531891624461131));
#9732=CARTESIAN_POINT('Ctrl Pts',(0.000999999999999995,0.543651703729443,
0.0394933346230567));
#9733=CARTESIAN_POINT('Ctrl Pts',(-0.000199999999999999,0.543651703729443,
0.0394933346230567));
#9734=CARTESIAN_POINT('Ctrl Pts',(0.000999999999999995,0.544317820959344,
0.0398276325372086));
#9735=CARTESIAN_POINT('Ctrl Pts',(-0.000199999999999999,0.544317820959344,
0.0398276325372086));
#9736=CARTESIAN_POINT('Ctrl Pts',(0.000999999999999995,0.546566415825463,
0.0409561134408302));
#9737=CARTESIAN_POINT('Ctrl Pts',(-0.000199999999999999,0.546566415825463,
0.0409561134408302));
#9738=CARTESIAN_POINT('Ctrl Pts',(0.000999999999999995,0.5511077244557,
0.0431226170452775));
#9739=CARTESIAN_POINT('Ctrl Pts',(-0.000199999999999999,0.5511077244557,
0.0431226170452775));
#9740=CARTESIAN_POINT('Ctrl Pts',(0.000999999999999995,0.559417977574698,
0.0473323099687587));
#9741=CARTESIAN_POINT('Ctrl Pts',(-0.000199999999999999,0.559417977574698,
0.0473323099687587));
#9742=CARTESIAN_POINT('Ctrl Pts',(0.000999999999999995,0.566093970108437,
0.0508465994651046));
#9743=CARTESIAN_POINT('Ctrl Pts',(-0.000199999999999999,0.566093970108437,
0.0508465994651046));
#9744=CARTESIAN_POINT('Ctrl Pts',(0.000999999999999995,0.570544068197193,
0.0531891624461131));
#9745=CARTESIAN_POINT('Ctrl Pts',(-0.000199999999999999,0.570544068197193,
0.0531891624461131));
#9746=CARTESIAN_POINT('',(0.000999999999999995,0.543651703729443,0.0394933346230567));
#9747=CARTESIAN_POINT('Ctrl Pts',(0.000999999999999995,0.543651703729443,
0.0394933346230567));
#9748=CARTESIAN_POINT('Ctrl Pts',(0.000999999999999995,0.544317820959344,
0.0398276325372086));
#9749=CARTESIAN_POINT('Ctrl Pts',(0.000999999999999995,0.546566415825463,
0.0409561134408302));
#9750=CARTESIAN_POINT('Ctrl Pts',(0.000999999999999995,0.5511077244557,
0.0431226170452775));
#9751=CARTESIAN_POINT('Ctrl Pts',(0.000999999999999995,0.559417977574698,
0.0473323099687587));
#9752=CARTESIAN_POINT('Ctrl Pts',(0.000999999999999995,0.566093970108437,
0.0508465994651046));
#9753=CARTESIAN_POINT('Ctrl Pts',(0.000999999999999995,0.570544068197193,
0.0531891624461131));
#9754=CARTESIAN_POINT('',(0.000999999999999995,0.543651703729443,0.0394933346230567));
#9755=CARTESIAN_POINT('Ctrl Pts',(0.000999999999999995,0.5446746866,0.0211279771));
#9756=CARTESIAN_POINT('Ctrl Pts',(-0.000199999999999999,0.5446746866,0.0211279771));
#9757=CARTESIAN_POINT('Ctrl Pts',(0.000999999999999995,0.544437340837868,
0.027254948676878));
#9758=CARTESIAN_POINT('Ctrl Pts',(-0.000199999999999999,0.544437340837868,
0.027254948676878));
#9759=CARTESIAN_POINT('Ctrl Pts',(0.000999999999999995,0.544096171551461,
0.0333778988118305));
#9760=CARTESIAN_POINT('Ctrl Pts',(-0.000199999999999999,0.544096171551461,
0.0333778988118305));
#9761=CARTESIAN_POINT('Ctrl Pts',(0.000999999999999995,0.543651703729443,
0.0394933346230567));
#9762=CARTESIAN_POINT('Ctrl Pts',(-0.000199999999999999,0.543651703729443,
0.0394933346230567));
#9763=CARTESIAN_POINT('',(0.000999999999999995,0.5446746866,0.0211279771));
#9764=CARTESIAN_POINT('Origin',(0.000999999999999995,0.00138768777842234,
7.71008699357694E-5));
#9765=CARTESIAN_POINT('',(0.000999999999999995,0.5446746866,0.0211279771));
#9766=CARTESIAN_POINT('Origin',(0.000999999999999995,-2.29913506902037E-5,
0.000610370175226576));
#9767=CARTESIAN_POINT('',(0.000999999999999995,0.5725885881,0.0221794346));
#9768=CARTESIAN_POINT('',(0.000999999999999995,-2.29913506902037E-5,0.000610370175226576));
#9769=CARTESIAN_POINT('',(0.000999999999999995,0.5725885881,0.0221794346));
#9770=CARTESIAN_POINT('Ctrl Pts',(0.000999999999999995,0.572898544,0.0117004925));
#9771=CARTESIAN_POINT('Ctrl Pts',(-0.000199999999999999,0.572898544,0.0117004925));
#9772=CARTESIAN_POINT('Ctrl Pts',(0.000999999999999995,0.572858749373348,
0.0134423126114707));
#9773=CARTESIAN_POINT('Ctrl Pts',(-0.000199999999999999,0.572858749373348,
0.0134423126114707));
#9774=CARTESIAN_POINT('Ctrl Pts',(0.000999999999999995,0.572778930928654,
0.0169359881075915));
#9775=CARTESIAN_POINT('Ctrl Pts',(-0.000199999999999999,0.572778930928654,
0.0169359881075915));
#9776=CARTESIAN_POINT('Ctrl Pts',(0.000999999999999995,0.572652157092154,
0.0204282753185156));
#9777=CARTESIAN_POINT('Ctrl Pts',(-0.000199999999999999,0.572652157092154,
0.0204282753185156));
#9778=CARTESIAN_POINT('Ctrl Pts',(0.000999999999999995,0.5725885881,0.0221794346));
#9779=CARTESIAN_POINT('Ctrl Pts',(-0.000199999999999999,0.5725885881,0.0221794346));
#9780=CARTESIAN_POINT('',(0.000999999999999995,0.572898544,0.0117004925));
#9781=CARTESIAN_POINT('Ctrl Pts',(0.000999999999999995,0.572898544,0.0117004925));
#9782=CARTESIAN_POINT('Ctrl Pts',(0.000999999999999995,0.572858749373348,
0.0134423126114707));
#9783=CARTESIAN_POINT('Ctrl Pts',(0.000999999999999995,0.572778930928654,
0.0169359881075915));
#9784=CARTESIAN_POINT('Ctrl Pts',(0.000999999999999995,0.572652157092154,
0.0204282753185156));
#9785=CARTESIAN_POINT('Ctrl Pts',(0.000999999999999995,0.5725885881,0.0221794346));
#9786=CARTESIAN_POINT('',(0.000999999999999995,0.572898544,0.0117004925));
#9787=CARTESIAN_POINT('Origin',(0.000999999999999995,-3.25478869233984E-6,
0.00016159905676324));
#9788=CARTESIAN_POINT('',(0.000999999999999995,0.5368066833,0.0109735614));
#9789=CARTESIAN_POINT('',(0.000999999999999995,-3.25478869233984E-6,0.00016159905676324));
#9790=CARTESIAN_POINT('',(0.000999999999999995,0.5368066833,0.0109735614));
#9791=CARTESIAN_POINT('Ctrl Pts',(0.000999999999999995,0.5349561794,0.04586633));
#9792=CARTESIAN_POINT('Ctrl Pts',(-0.000199999999999999,0.5349561794,0.04586633));
#9793=CARTESIAN_POINT('Ctrl Pts',(0.000999999999999995,0.535951246555842,
0.0342595821157767));
#9794=CARTESIAN_POINT('Ctrl Pts',(-0.000199999999999999,0.535951246555842,
0.0342595821157767));
#9795=CARTESIAN_POINT('Ctrl Pts',(0.000999999999999995,0.536568502649784,
0.0226204504939843));
#9796=CARTESIAN_POINT('Ctrl Pts',(-0.000199999999999999,0.536568502649784,
0.0226204504939843));
#9797=CARTESIAN_POINT('Ctrl Pts',(0.000999999999999995,0.5368066833,0.0109735614));
#9798=CARTESIAN_POINT('Ctrl Pts',(-0.000199999999999999,0.5368066833,0.0109735614));
#9799=CARTESIAN_POINT('',(0.000999999999999995,0.5349561794,0.04586633));
#9800=CARTESIAN_POINT('Origin',(0.000999999999999995,-0.000166799501457121,
-8.848619840504E-6));
#9801=CARTESIAN_POINT('',(0.000999999999999995,0.5349561794,0.04586633));
#9802=CARTESIAN_POINT('Origin',(0.000999999999999995,0.116931520887687,
-0.19934186541349));
#9803=CARTESIAN_POINT('',(0.000999999999999995,0.5407655668,0.0492740462));
#9804=CARTESIAN_POINT('',(0.000999999999999995,0.116931520887687,-0.19934186541349));
#9805=CARTESIAN_POINT('',(0.000999999999999995,0.5407655668,0.0492740462));
#9806=CARTESIAN_POINT('Ctrl Pts',(0.000999999999999995,0.5395046702,0.0615633076));
#9807=CARTESIAN_POINT('Ctrl Pts',(-0.000199999999999999,0.5395046702,0.0615633076));
#9808=CARTESIAN_POINT('Ctrl Pts',(0.000999999999999995,0.539971424104817,
0.0574718307083942));
#9809=CARTESIAN_POINT('Ctrl Pts',(-0.000199999999999999,0.539971424104817,
0.0574718307083942));
#9810=CARTESIAN_POINT('Ctrl Pts',(0.000999999999999995,0.54039200134845,
0.0533750819008031));
#9811=CARTESIAN_POINT('Ctrl Pts',(-0.000199999999999999,0.54039200134845,
0.0533750819008031));
#9812=CARTESIAN_POINT('Ctrl Pts',(0.000999999999999995,0.5407655668,0.0492740462));
#9813=CARTESIAN_POINT('Ctrl Pts',(-0.000199999999999999,0.5407655668,0.0492740462));
#9814=CARTESIAN_POINT('',(0.000999999999999995,0.5395046702,0.0615633076));
#9815=CARTESIAN_POINT('Origin',(0.000999999999999995,-6.58090122880562E-5,
-6.74621101328881E-6));
#9816=CARTESIAN_POINT('',(0.000999999999999995,0.5395046702,0.0615633076));
#9817=CARTESIAN_POINT('Origin',(0.000999999999999995,0.0705027896246006,
0.215209013837529));
#9818=CARTESIAN_POINT('',(0.000999999999999995,0.5330805446,0.0636678606));
#9819=CARTESIAN_POINT('',(0.000999999999999995,0.0705027896246006,0.215209013837529));
#9820=CARTESIAN_POINT('',(0.000999999999999995,0.5330805446,0.0636678606));
#9821=CARTESIAN_POINT('Ctrl Pts',(0.000999999999999995,0.529098334555747,
0.0910132655983122));
#9822=CARTESIAN_POINT('Ctrl Pts',(-0.000199999999999999,0.529098334555747,
0.0910132655983122));
#9823=CARTESIAN_POINT('Ctrl Pts',(0.000999999999999995,0.530660101375362,
0.081934316916996));
#9824=CARTESIAN_POINT('Ctrl Pts',(-0.000199999999999999,0.530660101375362,
0.081934316916996));
#9825=CARTESIAN_POINT('Ctrl Pts',(0.000999999999999995,0.531988108187014,
0.0728151558682978));
#9826=CARTESIAN_POINT('Ctrl Pts',(-0.000199999999999999,0.531988108187014,
0.0728151558682978));
#9827=CARTESIAN_POINT('Ctrl Pts',(0.000999999999999995,0.5330805446,0.0636678606));
#9828=CARTESIAN_POINT('Ctrl Pts',(-0.000199999999999999,0.5330805446,0.0636678606));
#9829=CARTESIAN_POINT('',(0.000999999999999995,0.529098334555747,0.0910132655983122));
#9830=CARTESIAN_POINT('Origin',(0.000999999999999995,8.66030621023719E-5,
1.25868182895533E-5));
#9831=CARTESIAN_POINT('',(0.000999999999999995,0.529098334555747,0.0910132655983122));
#9832=CARTESIAN_POINT('Ctrl Pts',(0.000999999999999995,0.535541314393247,
0.107149382803571));
#9833=CARTESIAN_POINT('Ctrl Pts',(-0.000199999999999999,0.535541314393247,
0.107149382803571));
#9834=CARTESIAN_POINT('Ctrl Pts',(0.000999999999999995,0.53486135630976,
0.106855649814319));
#9835=CARTESIAN_POINT('Ctrl Pts',(-0.000199999999999999,0.53486135630976,
0.106855649814319));
#9836=CARTESIAN_POINT('Ctrl Pts',(0.000999999999999995,0.533542044281802,
0.106285724292233));
#9837=CARTESIAN_POINT('Ctrl Pts',(-0.000199999999999999,0.533542044281802,
0.106285724292233));
#9838=CARTESIAN_POINT('Ctrl Pts',(0.000999999999999995,0.531850017690419,
0.104980977044039));
#9839=CARTESIAN_POINT('Ctrl Pts',(-0.000199999999999999,0.531850017690419,
0.104980977044039));
#9840=CARTESIAN_POINT('Ctrl Pts',(0.000999999999999995,0.530501911853361,
0.103379826612196));
#9841=CARTESIAN_POINT('Ctrl Pts',(-0.000199999999999999,0.530501911853361,
0.103379826612196));
#9842=CARTESIAN_POINT('Ctrl Pts',(0.000999999999999995,0.529516690082637,
0.101465116421537));
#9843=CARTESIAN_POINT('Ctrl Pts',(-0.000199999999999999,0.529516690082637,
0.101465116421537));
#9844=CARTESIAN_POINT('Ctrl Pts',(0.000999999999999995,0.528887414583677,
0.0992570271577232));
#9845=CARTESIAN_POINT('Ctrl Pts',(-0.000199999999999999,0.528887414583677,
0.0992570271577232));
#9846=CARTESIAN_POINT('Ctrl Pts',(0.000999999999999995,0.528610576593356,
0.096759333653241));
#9847=CARTESIAN_POINT('Ctrl Pts',(-0.000199999999999999,0.528610576593356,
0.096759333653241));
#9848=CARTESIAN_POINT('Ctrl Pts',(0.000999999999999995,0.528661123097255,
0.0939686746888738));
#9849=CARTESIAN_POINT('Ctrl Pts',(-0.000199999999999999,0.528661123097255,
0.0939686746888738));
#9850=CARTESIAN_POINT('Ctrl Pts',(0.000999999999999995,0.528947322120307,
0.0920340611786123));
#9851=CARTESIAN_POINT('Ctrl Pts',(-0.000199999999999999,0.528947322120307,
0.0920340611786123));
#9852=CARTESIAN_POINT('Ctrl Pts',(0.000999999999999995,0.529098334555747,
0.0910132655983122));
#9853=CARTESIAN_POINT('Ctrl Pts',(-0.000199999999999999,0.529098334555747,
0.0910132655983122));
#9854=CARTESIAN_POINT('',(0.000999999999999995,0.535541314393247,0.107149382803571));
#9855=CARTESIAN_POINT('Ctrl Pts',(0.000999999999999995,0.535541314393247,
0.107149382803571));
#9856=CARTESIAN_POINT('Ctrl Pts',(0.000999999999999995,0.53486135630976,
0.106855649814319));
#9857=CARTESIAN_POINT('Ctrl Pts',(0.000999999999999995,0.533542044281802,
0.106285724292233));
#9858=CARTESIAN_POINT('Ctrl Pts',(0.000999999999999995,0.531850017690419,
0.104980977044039));
#9859=CARTESIAN_POINT('Ctrl Pts',(0.000999999999999995,0.530501911853361,
0.103379826612196));
#9860=CARTESIAN_POINT('Ctrl Pts',(0.000999999999999995,0.529516690082637,
0.101465116421537));
#9861=CARTESIAN_POINT('Ctrl Pts',(0.000999999999999995,0.528887414583677,
0.0992570271577232));
#9862=CARTESIAN_POINT('Ctrl Pts',(0.000999999999999995,0.528610576593356,
0.096759333653241));
#9863=CARTESIAN_POINT('Ctrl Pts',(0.000999999999999995,0.528661123097255,
0.0939686746888738));
#9864=CARTESIAN_POINT('Ctrl Pts',(0.000999999999999995,0.528947322120307,
0.0920340611786123));
#9865=CARTESIAN_POINT('Ctrl Pts',(0.000999999999999995,0.529098334555747,
0.0910132655983122));
#9866=CARTESIAN_POINT('',(0.000999999999999995,0.535541314393247,0.107149382803571));
#9867=CARTESIAN_POINT('Ctrl Pts',(0.000999999999999995,0.521995263878864,
0.120821982876278));
#9868=CARTESIAN_POINT('Ctrl Pts',(-0.000199999999999999,0.521995263878864,
0.120821982876278));
#9869=CARTESIAN_POINT('Ctrl Pts',(0.000999999999999995,0.522230248323932,
0.119918696076465));
#9870=CARTESIAN_POINT('Ctrl Pts',(-0.000199999999999999,0.522230248323932,
0.119918696076465));
#9871=CARTESIAN_POINT('Ctrl Pts',(0.000999999999999995,0.522687045474179,
0.118162755014526));
#9872=CARTESIAN_POINT('Ctrl Pts',(-0.000199999999999999,0.522687045474179,
0.118162755014526));
#9873=CARTESIAN_POINT('Ctrl Pts',(0.000999999999999995,0.523698127086231,
0.115702840316481));
#9874=CARTESIAN_POINT('Ctrl Pts',(-0.000199999999999999,0.523698127086231,
0.115702840316481));
#9875=CARTESIAN_POINT('Ctrl Pts',(0.000999999999999995,0.524933029918342,
0.113479401874906));
#9876=CARTESIAN_POINT('Ctrl Pts',(-0.000199999999999999,0.524933029918342,
0.113479401874906));
#9877=CARTESIAN_POINT('Ctrl Pts',(0.000999999999999995,0.526969608703987,
0.110755274251298));
#9878=CARTESIAN_POINT('Ctrl Pts',(-0.000199999999999999,0.526969608703987,
0.110755274251298));
#9879=CARTESIAN_POINT('Ctrl Pts',(0.000999999999999995,0.530349830883372,
0.10782281167247));
#9880=CARTESIAN_POINT('Ctrl Pts',(-0.000199999999999999,0.530349830883372,
0.10782281167247));
#9881=CARTESIAN_POINT('Ctrl Pts',(0.000999999999999995,0.533833342433784,
0.107370937513816));
#9882=CARTESIAN_POINT('Ctrl Pts',(-0.000199999999999999,0.533833342433784,
0.107370937513816));
#9883=CARTESIAN_POINT('Ctrl Pts',(0.000999999999999995,0.535541314393247,
0.107149382803571));
#9884=CARTESIAN_POINT('Ctrl Pts',(-0.000199999999999999,0.535541314393247,
0.107149382803571));
#9885=CARTESIAN_POINT('',(0.000999999999999995,0.521995263878864,0.120821982876278));
#9886=CARTESIAN_POINT('Ctrl Pts',(0.000999999999999995,0.521995263878864,
0.120821982876278));
#9887=CARTESIAN_POINT('Ctrl Pts',(0.000999999999999995,0.522230248323932,
0.119918696076465));
#9888=CARTESIAN_POINT('Ctrl Pts',(0.000999999999999995,0.522687045474179,
0.118162755014526));
#9889=CARTESIAN_POINT('Ctrl Pts',(0.000999999999999995,0.523698127086231,
0.115702840316481));
#9890=CARTESIAN_POINT('Ctrl Pts',(0.000999999999999995,0.524933029918342,
0.113479401874906));
#9891=CARTESIAN_POINT('Ctrl Pts',(0.000999999999999995,0.526969608703987,
0.110755274251298));
#9892=CARTESIAN_POINT('Ctrl Pts',(0.000999999999999995,0.530349830883372,
0.10782281167247));
#9893=CARTESIAN_POINT('Ctrl Pts',(0.000999999999999995,0.533833342433784,
0.107370937513816));
#9894=CARTESIAN_POINT('Ctrl Pts',(0.000999999999999995,0.535541314393247,
0.107149382803571));
#9895=CARTESIAN_POINT('',(0.000999999999999995,0.521995263878864,0.120821982876278));
#9896=CARTESIAN_POINT('Ctrl Pts',(0.000999999999999995,0.530149677951903,
0.1399539555715));
#9897=CARTESIAN_POINT('Ctrl Pts',(-0.000199999999999999,0.530149677951903,
0.1399539555715));
#9898=CARTESIAN_POINT('Ctrl Pts',(0.000999999999999995,0.529371340933894,
0.139711271234187));
#9899=CARTESIAN_POINT('Ctrl Pts',(-0.000199999999999999,0.529371340933894,
0.139711271234187));
#9900=CARTESIAN_POINT('Ctrl Pts',(0.000999999999999995,0.527863873617218,
0.139241245142273));
#9901=CARTESIAN_POINT('Ctrl Pts',(-0.000199999999999999,0.527863873617218,
0.139241245142273));
#9902=CARTESIAN_POINT('Ctrl Pts',(0.000999999999999995,0.525858643816993,
0.138035847316825));
#9903=CARTESIAN_POINT('Ctrl Pts',(-0.000199999999999999,0.525858643816993,
0.138035847316825));
#9904=CARTESIAN_POINT('Ctrl Pts',(0.000999999999999995,0.52419080551731,
0.136484836530947));
#9905=CARTESIAN_POINT('Ctrl Pts',(-0.000199999999999999,0.52419080551731,
0.136484836530947));
#9906=CARTESIAN_POINT('Ctrl Pts',(0.000999999999999995,0.522879281072177,
0.134565440538633));
#9907=CARTESIAN_POINT('Ctrl Pts',(-0.000199999999999999,0.522879281072177,
0.134565440538633));
#9908=CARTESIAN_POINT('Ctrl Pts',(0.000999999999999995,0.521568934287258,
0.131474576523183));
#9909=CARTESIAN_POINT('Ctrl Pts',(-0.000199999999999999,0.521568934287258,
0.131474576523183));
#9910=CARTESIAN_POINT('Ctrl Pts',(0.000999999999999995,0.520911305429156,
0.126729505207777));
#9911=CARTESIAN_POINT('Ctrl Pts',(-0.000199999999999999,0.520911305429156,
0.126729505207777));
#9912=CARTESIAN_POINT('Ctrl Pts',(0.000999999999999995,0.521614444287959,
0.122897431652155));
#9913=CARTESIAN_POINT('Ctrl Pts',(-0.000199999999999999,0.521614444287959,
0.122897431652155));
#9914=CARTESIAN_POINT('Ctrl Pts',(0.000999999999999995,0.521995263878864,
0.120821982876278));
#9915=CARTESIAN_POINT('Ctrl Pts',(-0.000199999999999999,0.521995263878864,
0.120821982876278));
#9916=CARTESIAN_POINT('',(0.000999999999999995,0.530149677951903,0.1399539555715));
#9917=CARTESIAN_POINT('Ctrl Pts',(0.000999999999999995,0.530149677951903,
0.1399539555715));
#9918=CARTESIAN_POINT('Ctrl Pts',(0.000999999999999995,0.529371340933894,
0.139711271234187));
#9919=CARTESIAN_POINT('Ctrl Pts',(0.000999999999999995,0.527863873617218,
0.139241245142273));
#9920=CARTESIAN_POINT('Ctrl Pts',(0.000999999999999995,0.525858643816993,
0.138035847316825));
#9921=CARTESIAN_POINT('Ctrl Pts',(0.000999999999999995,0.52419080551731,
0.136484836530947));
#9922=CARTESIAN_POINT('Ctrl Pts',(0.000999999999999995,0.522879281072177,
0.134565440538633));
#9923=CARTESIAN_POINT('Ctrl Pts',(0.000999999999999995,0.521568934287258,
0.131474576523183));
#9924=CARTESIAN_POINT('Ctrl Pts',(0.000999999999999995,0.520911305429156,
0.126729505207777));
#9925=CARTESIAN_POINT('Ctrl Pts',(0.000999999999999995,0.521614444287959,
0.122897431652155));
#9926=CARTESIAN_POINT('Ctrl Pts',(0.000999999999999995,0.521995263878864,
0.120821982876278));
#9927=CARTESIAN_POINT('',(0.000999999999999995,0.530149677951903,0.1399539555715));
#9928=CARTESIAN_POINT('Ctrl Pts',(0.000999999999999995,0.537651788917106,
0.119269988122454));
#9929=CARTESIAN_POINT('Ctrl Pts',(-0.000199999999999999,0.537651788917106,
0.119269988122454));
#9930=CARTESIAN_POINT('Ctrl Pts',(0.000999999999999995,0.537241852725728,
0.12002529077373));
#9931=CARTESIAN_POINT('Ctrl Pts',(-0.000199999999999999,0.537241852725728,
0.12002529077373));
#9932=CARTESIAN_POINT('Ctrl Pts',(0.000999999999999995,0.536595946000062,
0.121215366382159));
#9933=CARTESIAN_POINT('Ctrl Pts',(-0.000199999999999999,0.536595946000062,
0.121215366382159));
#9934=CARTESIAN_POINT('Ctrl Pts',(0.000999999999999995,0.53562629666713,
0.122972982385735));
#9935=CARTESIAN_POINT('Ctrl Pts',(-0.000199999999999999,0.53562629666713,
0.122972982385735));
#9936=CARTESIAN_POINT('Ctrl Pts',(0.000999999999999995,0.534766665988313,
0.124403009079852));
#9937=CARTESIAN_POINT('Ctrl Pts',(-0.000199999999999999,0.534766665988313,
0.124403009079852));
#9938=CARTESIAN_POINT('Ctrl Pts',(0.000999999999999995,0.533898402189403,
0.125723007076637));
#9939=CARTESIAN_POINT('Ctrl Pts',(-0.000199999999999999,0.533898402189403,
0.125723007076637));
#9940=CARTESIAN_POINT('Ctrl Pts',(0.000999999999999995,0.533149929776065,
0.126638144004429));
#9941=CARTESIAN_POINT('Ctrl Pts',(-0.000199999999999999,0.533149929776065,
0.126638144004429));
#9942=CARTESIAN_POINT('Ctrl Pts',(0.000999999999999995,0.532552390371652,
0.127282405240867));
#9943=CARTESIAN_POINT('Ctrl Pts',(-0.000199999999999999,0.532552390371652,
0.127282405240867));
#9944=CARTESIAN_POINT('Ctrl Pts',(0.000999999999999995,0.532111307159381,
0.127398017230127));
#9945=CARTESIAN_POINT('Ctrl Pts',(-0.000199999999999999,0.532111307159381,
0.127398017230127));
#9946=CARTESIAN_POINT('Ctrl Pts',(0.000999999999999995,0.531940926177803,
0.127442675661154));
#9947=CARTESIAN_POINT('Ctrl Pts',(-0.000199999999999999,0.531940926177803,
0.127442675661154));
#9948=CARTESIAN_POINT('',(0.,0.537651788917106,0.119269988122454));
#9949=CARTESIAN_POINT('',(0.,0.531940926177803,0.127442675661154));
#9950=CARTESIAN_POINT('Ctrl Pts',(0.,0.537651788917106,0.119269988122454));
#9951=CARTESIAN_POINT('Ctrl Pts',(0.,0.537241852725728,0.12002529077373));
#9952=CARTESIAN_POINT('Ctrl Pts',(0.,0.536595946000062,0.121215366382159));
#9953=CARTESIAN_POINT('Ctrl Pts',(0.,0.53562629666713,0.122972982385735));
#9954=CARTESIAN_POINT('Ctrl Pts',(0.,0.534766665988313,0.124403009079852));
#9955=CARTESIAN_POINT('Ctrl Pts',(0.,0.533898402189403,0.125723007076637));
#9956=CARTESIAN_POINT('Ctrl Pts',(0.,0.533149929776065,0.126638144004429));
#9957=CARTESIAN_POINT('Ctrl Pts',(0.,0.532552390371652,0.127282405240867));
#9958=CARTESIAN_POINT('Ctrl Pts',(0.,0.532111307159381,0.127398017230127));
#9959=CARTESIAN_POINT('Ctrl Pts',(0.,0.531940926177803,0.127442675661154));
#9960=CARTESIAN_POINT('',(0.000999999999999995,0.531940926177803,0.127442675661154));
#9961=CARTESIAN_POINT('',(0.000999999999999995,0.531940926177803,0.127442675661154));
#9962=CARTESIAN_POINT('',(0.000999999999999995,0.537651788917106,0.119269988122454));
#9963=CARTESIAN_POINT('Ctrl Pts',(0.000999999999999995,0.537651788917106,
0.119269988122454));
#9964=CARTESIAN_POINT('Ctrl Pts',(0.000999999999999995,0.537241852725728,
0.12002529077373));
#9965=CARTESIAN_POINT('Ctrl Pts',(0.000999999999999995,0.536595946000062,
0.121215366382159));
#9966=CARTESIAN_POINT('Ctrl Pts',(0.000999999999999995,0.53562629666713,
0.122972982385735));
#9967=CARTESIAN_POINT('Ctrl Pts',(0.000999999999999995,0.534766665988313,
0.124403009079852));
#9968=CARTESIAN_POINT('Ctrl Pts',(0.000999999999999995,0.533898402189403,
0.125723007076637));
#9969=CARTESIAN_POINT('Ctrl Pts',(0.000999999999999995,0.533149929776065,
0.126638144004429));
#9970=CARTESIAN_POINT('Ctrl Pts',(0.000999999999999995,0.532552390371652,
0.127282405240867));
#9971=CARTESIAN_POINT('Ctrl Pts',(0.000999999999999995,0.532111307159381,
0.127398017230127));
#9972=CARTESIAN_POINT('Ctrl Pts',(0.000999999999999995,0.531940926177803,
0.127442675661154));
#9973=CARTESIAN_POINT('',(0.000999999999999995,0.537651788917106,0.119269988122454));
#9974=CARTESIAN_POINT('Ctrl Pts',(0.000999999999999995,0.531868996399574,
0.12187397992295));
#9975=CARTESIAN_POINT('Ctrl Pts',(-0.000199999999999999,0.531868996399574,
0.12187397992295));
#9976=CARTESIAN_POINT('Ctrl Pts',(0.000999999999999995,0.532154483993884,
0.121346452537345));
#9977=CARTESIAN_POINT('Ctrl Pts',(-0.000199999999999999,0.532154483993884,
0.121346452537345));
#9978=CARTESIAN_POINT('Ctrl Pts',(0.000999999999999995,0.532694740308945,
0.120348160467489));
#9979=CARTESIAN_POINT('Ctrl Pts',(-0.000199999999999999,0.532694740308945,
0.120348160467489));
#9980=CARTESIAN_POINT('Ctrl Pts',(0.000999999999999995,0.534097876629367,
0.119336230772532));
#9981=CARTESIAN_POINT('Ctrl Pts',(-0.000199999999999999,0.534097876629367,
0.119336230772532));
#9982=CARTESIAN_POINT('Ctrl Pts',(0.000999999999999995,0.535827435796159,
0.118959702211806));
#9983=CARTESIAN_POINT('Ctrl Pts',(-0.000199999999999999,0.535827435796159,
0.118959702211806));
#9984=CARTESIAN_POINT('Ctrl Pts',(0.000999999999999995,0.53701218521206,
0.119161204348197));
#9985=CARTESIAN_POINT('Ctrl Pts',(-0.000199999999999999,0.53701218521206,
0.119161204348197));
#9986=CARTESIAN_POINT('Ctrl Pts',(0.000999999999999995,0.537651788917106,
0.119269988122454));
#9987=CARTESIAN_POINT('Ctrl Pts',(-0.000199999999999999,0.537651788917106,
0.119269988122454));
#9988=CARTESIAN_POINT('',(0.,0.531868996399574,0.12187397992295));
#9989=CARTESIAN_POINT('Ctrl Pts',(0.,0.531868996399574,0.12187397992295));
#9990=CARTESIAN_POINT('Ctrl Pts',(0.,0.532154483993884,0.121346452537345));
#9991=CARTESIAN_POINT('Ctrl Pts',(0.,0.532694740308945,0.120348160467489));
#9992=CARTESIAN_POINT('Ctrl Pts',(0.,0.534097876629367,0.119336230772532));
#9993=CARTESIAN_POINT('Ctrl Pts',(0.,0.535827435796159,0.118959702211806));
#9994=CARTESIAN_POINT('Ctrl Pts',(0.,0.53701218521206,0.119161204348197));
#9995=CARTESIAN_POINT('Ctrl Pts',(0.,0.537651788917106,0.119269988122454));
#9996=CARTESIAN_POINT('',(0.000999999999999995,0.531868996399574,0.12187397992295));
#9997=CARTESIAN_POINT('Ctrl Pts',(0.000999999999999995,0.531868996399574,
0.12187397992295));
#9998=CARTESIAN_POINT('Ctrl Pts',(0.000999999999999995,0.532154483993884,
0.121346452537345));
#9999=CARTESIAN_POINT('Ctrl Pts',(0.000999999999999995,0.532694740308945,
0.120348160467489));
#10000=CARTESIAN_POINT('Ctrl Pts',(0.000999999999999995,0.534097876629367,
0.119336230772532));
#10001=CARTESIAN_POINT('Ctrl Pts',(0.000999999999999995,0.535827435796159,
0.118959702211806));
#10002=CARTESIAN_POINT('Ctrl Pts',(0.000999999999999995,0.53701218521206,
0.119161204348197));
#10003=CARTESIAN_POINT('Ctrl Pts',(0.000999999999999995,0.537651788917106,
0.119269988122454));
#10004=CARTESIAN_POINT('',(0.000999999999999995,0.531868996399574,0.12187397992295));
#10005=CARTESIAN_POINT('Ctrl Pts',(0.000999999999999995,0.54958154165834,
0.127246776631354));
#10006=CARTESIAN_POINT('Ctrl Pts',(-0.000199999999999999,0.54958154165834,
0.127246776631354));
#10007=CARTESIAN_POINT('Ctrl Pts',(0.000999999999999995,0.549418092110644,
0.127803653961807));
#10008=CARTESIAN_POINT('Ctrl Pts',(-0.000199999999999999,0.549418092110644,
0.127803653961807));
#10009=CARTESIAN_POINT('Ctrl Pts',(0.000999999999999995,0.549137304574619,
0.128760305207957));
#10010=CARTESIAN_POINT('Ctrl Pts',(-0.000199999999999999,0.549137304574619,
0.128760305207957));
#10011=CARTESIAN_POINT('Ctrl Pts',(0.000999999999999995,0.548251211281528,
0.129956826330336));
#10012=CARTESIAN_POINT('Ctrl Pts',(-0.000199999999999999,0.548251211281528,
0.129956826330336));
#10013=CARTESIAN_POINT('Ctrl Pts',(0.000999999999999995,0.547439904377317,
0.130033196634253));
#10014=CARTESIAN_POINT('Ctrl Pts',(-0.000199999999999999,0.547439904377317,
0.130033196634253));
#10015=CARTESIAN_POINT('Ctrl Pts',(0.000999999999999995,0.547063936622792,
0.130068587398866));
#10016=CARTESIAN_POINT('Ctrl Pts',(-0.000199999999999999,0.547063936622792,
0.130068587398866));
#10017=CARTESIAN_POINT('Ctrl Pts',(4.37095678986282E-17,0.54958154165834,
0.127246776631354));
#10018=CARTESIAN_POINT('Ctrl Pts',(0.,0.549418092110644,0.127803653961807));
#10019=CARTESIAN_POINT('Ctrl Pts',(0.,0.549137304574619,0.128760305207957));
#10020=CARTESIAN_POINT('Ctrl Pts',(0.,0.548251211281528,0.129956826330336));
#10021=CARTESIAN_POINT('Ctrl Pts',(0.,0.547439904377317,0.130033196634253));
#10022=CARTESIAN_POINT('Ctrl Pts',(0.,0.547063936622792,0.130068587398866));
#10023=CARTESIAN_POINT('Ctrl Pts',(0.000999999999999995,0.54958154165834,
0.127246776631354));
#10024=CARTESIAN_POINT('Ctrl Pts',(0.000999999999999995,0.549418092110644,
0.127803653961807));
#10025=CARTESIAN_POINT('Ctrl Pts',(0.000999999999999995,0.549137304574619,
0.128760305207957));
#10026=CARTESIAN_POINT('Ctrl Pts',(0.000999999999999995,0.548251211281528,
0.129956826330336));
#10027=CARTESIAN_POINT('Ctrl Pts',(0.000999999999999995,0.547439904377317,
0.130033196634253));
#10028=CARTESIAN_POINT('Ctrl Pts',(0.000999999999999995,0.547063936622792,
0.130068587398866));
#10029=CARTESIAN_POINT('Ctrl Pts',(0.000999999999999995,0.546596682338887,
0.106559837980923));
#10030=CARTESIAN_POINT('Ctrl Pts',(-0.000199999999999999,0.546596682338887,
0.106559837980923));
#10031=CARTESIAN_POINT('Ctrl Pts',(0.000999999999999995,0.546787189349619,
0.106842346940539));
#10032=CARTESIAN_POINT('Ctrl Pts',(-0.000199999999999999,0.546787189349619,
0.106842346940539));
#10033=CARTESIAN_POINT('Ctrl Pts',(0.000999999999999995,0.547168083501103,
0.10740718710073));
#10034=CARTESIAN_POINT('Ctrl Pts',(-0.000199999999999999,0.547168083501103,
0.10740718710073));
#10035=CARTESIAN_POINT('Ctrl Pts',(0.000999999999999995,0.547751856597953,
0.108258055315201));
#10036=CARTESIAN_POINT('Ctrl Pts',(-0.000199999999999999,0.547751856597953,
0.108258055315201));
#10037=CARTESIAN_POINT('Ctrl Pts',(0.000999999999999995,0.548439763346532,
0.109026343868256));
#10038=CARTESIAN_POINT('Ctrl Pts',(-0.000199999999999999,0.548439763346532,
0.109026343868256));
#10039=CARTESIAN_POINT('Ctrl Pts',(0.000999999999999995,0.549021826950864,
0.109381589994321));
#10040=CARTESIAN_POINT('Ctrl Pts',(-0.000199999999999999,0.549021826950864,
0.109381589994321));
#10041=CARTESIAN_POINT('Ctrl Pts',(0.000999999999999995,0.549302027895983,
0.109552602748825));
#10042=CARTESIAN_POINT('Ctrl Pts',(-0.000199999999999999,0.549302027895983,
0.109552602748825));
#10043=CARTESIAN_POINT('Ctrl Pts',(0.,0.546596682338887,0.106559837980923));
#10044=CARTESIAN_POINT('Ctrl Pts',(0.,0.546787189349619,0.106842346940539));
#10045=CARTESIAN_POINT('Ctrl Pts',(0.,0.547168083501103,0.10740718710073));
#10046=CARTESIAN_POINT('Ctrl Pts',(0.,0.547751856597953,0.108258055315201));
#10047=CARTESIAN_POINT('Ctrl Pts',(0.,0.548439763346532,0.109026343868256));
#10048=CARTESIAN_POINT('Ctrl Pts',(0.,0.549021826950864,0.109381589994321));
#10049=CARTESIAN_POINT('Ctrl Pts',(0.,0.549302027895983,0.109552602748825));
#10050=CARTESIAN_POINT('Ctrl Pts',(0.000999999999999995,0.546596682338887,
0.106559837980923));
#10051=CARTESIAN_POINT('Ctrl Pts',(0.000999999999999995,0.546787189349619,
0.106842346940539));
#10052=CARTESIAN_POINT('Ctrl Pts',(0.000999999999999995,0.547168083501103,
0.10740718710073));
#10053=CARTESIAN_POINT('Ctrl Pts',(0.000999999999999995,0.547751856597953,
0.108258055315201));
#10054=CARTESIAN_POINT('Ctrl Pts',(0.000999999999999995,0.548439763346532,
0.109026343868256));
#10055=CARTESIAN_POINT('Ctrl Pts',(0.000999999999999995,0.549021826950864,
0.109381589994321));
#10056=CARTESIAN_POINT('Ctrl Pts',(0.000999999999999995,0.549302027895983,
0.109552602748825));
#10057=CARTESIAN_POINT('Ctrl Pts',(0.000999999999999995,0.557614571752672,
-0.0081857776251588));
#10058=CARTESIAN_POINT('Ctrl Pts',(-0.000199999999999999,0.557614571752672,
-0.0081857776251588));
#10059=CARTESIAN_POINT('Ctrl Pts',(0.000999999999999995,0.55762973189398,
-0.0056639750052083));
#10060=CARTESIAN_POINT('Ctrl Pts',(-0.000199999999999999,0.55762973189398,
-0.0056639750052083));
#10061=CARTESIAN_POINT('Ctrl Pts',(0.000999999999999995,0.5597561757484,
-0.00276873305028311));
#10062=CARTESIAN_POINT('Ctrl Pts',(-0.000199999999999999,0.5597561757484,
-0.00276873305028311));
#10063=CARTESIAN_POINT('Ctrl Pts',(0.000999999999999995,0.562371451594463,
-0.0029741628398678));
#10064=CARTESIAN_POINT('Ctrl Pts',(-0.000199999999999999,0.562371451594463,
-0.0029741628398678));
#10065=CARTESIAN_POINT('Ctrl Pts',(0.,0.557614571752672,-0.0081857776251588));
#10066=CARTESIAN_POINT('Ctrl Pts',(0.,0.55762973189398,-0.0056639750052083));
#10067=CARTESIAN_POINT('Ctrl Pts',(0.,0.5597561757484,-0.00276873305028311));
#10068=CARTESIAN_POINT('Ctrl Pts',(0.,0.562371451594463,-0.0029741628398678));
#10069=CARTESIAN_POINT('Ctrl Pts',(0.000999999999999995,0.557614571752672,
-0.0081857776251588));
#10070=CARTESIAN_POINT('Ctrl Pts',(0.000999999999999995,0.55762973189398,
-0.0056639750052083));
#10071=CARTESIAN_POINT('Ctrl Pts',(0.000999999999999995,0.5597561757484,
-0.00276873305028311));
#10072=CARTESIAN_POINT('Ctrl Pts',(0.000999999999999995,0.562371451594463,
-0.0029741628398678));
#10073=CARTESIAN_POINT('Ctrl Pts',(0.000999999999999995,0.542988205201789,
0.131556041337469));
#10074=CARTESIAN_POINT('Ctrl Pts',(-0.000199999999999999,0.542988205201789,
0.131556041337469));
#10075=CARTESIAN_POINT('Ctrl Pts',(0.000999999999999995,0.542160139013963,
0.132963516895258));
#10076=CARTESIAN_POINT('Ctrl Pts',(-0.000199999999999999,0.542160139013963,
0.132963516895258));
#10077=CARTESIAN_POINT('Ctrl Pts',(0.000999999999999995,0.540742901401842,
0.135372415275563));
#10078=CARTESIAN_POINT('Ctrl Pts',(-0.000199999999999999,0.540742901401842,
0.135372415275563));
#10079=CARTESIAN_POINT('Ctrl Pts',(0.000999999999999995,0.538008101428369,
0.138552035878376));
#10080=CARTESIAN_POINT('Ctrl Pts',(-0.000199999999999999,0.538008101428369,
0.138552035878376));
#10081=CARTESIAN_POINT('Ctrl Pts',(0.000999999999999995,0.534342822107041,
0.140535992910576));
#10082=CARTESIAN_POINT('Ctrl Pts',(-0.000199999999999999,0.534342822107041,
0.140535992910576));
#10083=CARTESIAN_POINT('Ctrl Pts',(0.000999999999999995,0.53154244797534,
0.140147281660085));
#10084=CARTESIAN_POINT('Ctrl Pts',(-0.000199999999999999,0.53154244797534,
0.140147281660085));
#10085=CARTESIAN_POINT('Ctrl Pts',(0.000999999999999995,0.530149677951903,
0.1399539555715));
#10086=CARTESIAN_POINT('Ctrl Pts',(-0.000199999999999999,0.530149677951903,
0.1399539555715));
#10087=CARTESIAN_POINT('Ctrl Pts',(0.000999999999999995,0.542988205201789,
0.131556041337469));
#10088=CARTESIAN_POINT('Ctrl Pts',(0.000999999999999995,0.542160139013963,
0.132963516895258));
#10089=CARTESIAN_POINT('Ctrl Pts',(0.000999999999999995,0.540742901401842,
0.135372415275563));
#10090=CARTESIAN_POINT('Ctrl Pts',(0.000999999999999995,0.538008101428369,
0.138552035878376));
#10091=CARTESIAN_POINT('Ctrl Pts',(0.000999999999999995,0.534342822107041,
0.140535992910576));
#10092=CARTESIAN_POINT('Ctrl Pts',(0.000999999999999995,0.53154244797534,
0.140147281660085));
#10093=CARTESIAN_POINT('Ctrl Pts',(0.000999999999999995,0.530149677951903,
0.1399539555715));
#10094=CARTESIAN_POINT('Ctrl Pts',(0.000999999999999995,0.531940926177803,
0.127442675661154));
#10095=CARTESIAN_POINT('Ctrl Pts',(-0.000199999999999999,0.531940926177803,
0.127442675661154));
#10096=CARTESIAN_POINT('Ctrl Pts',(0.000999999999999995,0.53166469660377,
0.127255944688757));
#10097=CARTESIAN_POINT('Ctrl Pts',(-0.000199999999999999,0.53166469660377,
0.127255944688757));
#10098=CARTESIAN_POINT('Ctrl Pts',(0.000999999999999995,0.531120473660921,
0.126888050412141));
#10099=CARTESIAN_POINT('Ctrl Pts',(-0.000199999999999999,0.531120473660921,
0.126888050412141));
#10100=CARTESIAN_POINT('Ctrl Pts',(0.000999999999999995,0.530720118294157,
0.125897580016088));
#10101=CARTESIAN_POINT('Ctrl Pts',(-0.000199999999999999,0.530720118294157,
0.125897580016088));
#10102=CARTESIAN_POINT('Ctrl Pts',(0.000999999999999995,0.530750176066239,
0.124726579254603));
#10103=CARTESIAN_POINT('Ctrl Pts',(-0.000199999999999999,0.530750176066239,
0.124726579254603));
#10104=CARTESIAN_POINT('Ctrl Pts',(0.000999999999999995,0.531140971553774,
0.123344530161677));
#10105=CARTESIAN_POINT('Ctrl Pts',(-0.000199999999999999,0.531140971553774,
0.123344530161677));
#10106=CARTESIAN_POINT('Ctrl Pts',(0.000999999999999995,0.531608842901589,
0.122399468566332));
#10107=CARTESIAN_POINT('Ctrl Pts',(-0.000199999999999999,0.531608842901589,
0.122399468566332));
#10108=CARTESIAN_POINT('Ctrl Pts',(0.000999999999999995,0.531868996399574,
0.12187397992295));
#10109=CARTESIAN_POINT('Ctrl Pts',(-0.000199999999999999,0.531868996399574,
0.12187397992295));
#10110=CARTESIAN_POINT('Ctrl Pts',(0.,0.531940926177803,0.127442675661154));
#10111=CARTESIAN_POINT('Ctrl Pts',(0.,0.53166469660377,0.127255944688757));
#10112=CARTESIAN_POINT('Ctrl Pts',(0.,0.531120473660921,0.126888050412141));
#10113=CARTESIAN_POINT('Ctrl Pts',(0.,0.530720118294157,0.125897580016088));
#10114=CARTESIAN_POINT('Ctrl Pts',(0.,0.530750176066239,0.124726579254603));
#10115=CARTESIAN_POINT('Ctrl Pts',(0.,0.531140971553774,0.123344530161677));
#10116=CARTESIAN_POINT('Ctrl Pts',(0.,0.531608842901589,0.122399468566332));
#10117=CARTESIAN_POINT('Ctrl Pts',(0.,0.531868996399574,0.12187397992295));
#10118=CARTESIAN_POINT('Ctrl Pts',(0.000999999999999995,0.531940926177803,
0.127442675661154));
#10119=CARTESIAN_POINT('Ctrl Pts',(0.000999999999999995,0.53166469660377,
0.127255944688757));
#10120=CARTESIAN_POINT('Ctrl Pts',(0.000999999999999995,0.531120473660921,
0.126888050412141));
#10121=CARTESIAN_POINT('Ctrl Pts',(0.000999999999999995,0.530720118294157,
0.125897580016088));
#10122=CARTESIAN_POINT('Ctrl Pts',(0.000999999999999995,0.530750176066239,
0.124726579254603));
#10123=CARTESIAN_POINT('Ctrl Pts',(0.000999999999999995,0.531140971553774,
0.123344530161677));
#10124=CARTESIAN_POINT('Ctrl Pts',(0.000999999999999995,0.531608842901589,
0.122399468566332));
#10125=CARTESIAN_POINT('Ctrl Pts',(0.000999999999999995,0.531868996399574,
0.12187397992295));
#10126=CARTESIAN_POINT('Ctrl Pts',(0.000999999999999995,0.529515938751041,
0.106542017064492));
#10127=CARTESIAN_POINT('Ctrl Pts',(-0.000199999999999999,0.529515938751041,
0.106542017064492));
#10128=CARTESIAN_POINT('Ctrl Pts',(0.000999999999999995,0.527066367865219,
0.107461255568822));
#10129=CARTESIAN_POINT('Ctrl Pts',(-0.000199999999999999,0.527066367865219,
0.107461255568822));
#10130=CARTESIAN_POINT('Ctrl Pts',(0.000999999999999995,0.525133434376904,
0.109498152169959));
#10131=CARTESIAN_POINT('Ctrl Pts',(-0.000199999999999999,0.525133434376904,
0.109498152169959));
#10132=CARTESIAN_POINT('Ctrl Pts',(0.000999999999999995,0.523681337744421,
0.111753027412476));
#10133=CARTESIAN_POINT('Ctrl Pts',(-0.000199999999999999,0.523681337744421,
0.111753027412476));
#10134=CARTESIAN_POINT('Ctrl Pts',(0.000999999999999995,0.529515934913792,
0.106542018504479));
#10135=CARTESIAN_POINT('Ctrl Pts',(0.000999999999999995,0.527080975612038,
0.107455775152517));
#10136=CARTESIAN_POINT('Ctrl Pts',(0.000999999999999995,0.525156508857197,
0.109473896122602));
#10137=CARTESIAN_POINT('Ctrl Pts',(0.000999999999999995,0.523707370916567,
0.111712705179411));
#10138=CARTESIAN_POINT('Origin',(0.000999999999999995,0.,0.));
#10139=CARTESIAN_POINT('Origin',(0.,0.6,0.));
#10140=CARTESIAN_POINT('Origin',(0.,0.6,0.));
#10141=CARTESIAN_POINT('Origin',(0.,0.6,0.));
#10142=CARTESIAN_POINT('Origin',(0.,0.6,0.));
#10143=CARTESIAN_POINT('Ctrl Pts',(0.000999999999999995,0.545571319355965,
0.0617898707358569));
#10144=CARTESIAN_POINT('Ctrl Pts',(-0.000199999999999999,0.545571319355965,
0.0617898707358569));
#10145=CARTESIAN_POINT('Ctrl Pts',(0.000999999999999995,0.546003168072397,
0.0579781497088217));
#10146=CARTESIAN_POINT('Ctrl Pts',(-0.000199999999999999,0.546003168072397,
0.0579781497088217));
#10147=CARTESIAN_POINT('Ctrl Pts',(0.000999999999999995,0.546395472600928,
0.0541619357126145));
#10148=CARTESIAN_POINT('Ctrl Pts',(-0.000199999999999999,0.546395472600928,
0.0541619357126145));
#10149=CARTESIAN_POINT('Ctrl Pts',(0.000999999999999995,0.5467465061,0.0503419243));
#10150=CARTESIAN_POINT('Ctrl Pts',(-0.000199999999999999,0.5467465061,0.0503419243));
#10151=CARTESIAN_POINT('',(0.000999999999999995,0.545571319355965,0.0617898707358569));
#10152=CARTESIAN_POINT('',(0.000999999999999995,0.545571319355965,0.0617898707358569));
#10153=CARTESIAN_POINT('',(0.000999999999999995,0.5467465061,0.0503419243));
#10154=CARTESIAN_POINT('Origin',(0.000999999999999995,0.00561409662289628,
0.000576373173726773));
#10155=CARTESIAN_POINT('',(0.000999999999999995,0.5467465061,0.0503419243));
#10156=CARTESIAN_POINT('Origin',(0.000999999999999995,0.0788927401805285,
-0.168591374057849));
#10157=CARTESIAN_POINT('',(0.000999999999999995,0.5606329803,0.0568401333999999));
#10158=CARTESIAN_POINT('',(0.000999999999999995,0.0788927401805285,-0.168591374057849));
#10159=CARTESIAN_POINT('',(0.000999999999999995,0.5606329803,0.0568401333999999));
#10160=CARTESIAN_POINT('Ctrl Pts',(0.000999999999999995,0.5606329803,0.0568401334));
#10161=CARTESIAN_POINT('Ctrl Pts',(-0.000199999999999999,0.5606329803,0.0568401334));
#10162=CARTESIAN_POINT('Ctrl Pts',(0.000999999999999995,0.560579736826701,
0.0573650512971975));
#10163=CARTESIAN_POINT('Ctrl Pts',(-0.000199999999999999,0.560579736826701,
0.0573650512971975));
#10164=CARTESIAN_POINT('Ctrl Pts',(0.000999999999999995,0.560525813170611,
0.0578899002974917));
#10165=CARTESIAN_POINT('Ctrl Pts',(-0.000199999999999999,0.560525813170611,
0.0578899002974917));
#10166=CARTESIAN_POINT('Ctrl Pts',(0.000999999999999995,0.560471082957462,
0.0584146652488305));
#10167=CARTESIAN_POINT('Ctrl Pts',(-0.000199999999999999,0.560471082957462,
0.0584146652488305));
#10168=CARTESIAN_POINT('',(0.000999999999999995,0.560471082957462,0.0584146652488305));
#10169=CARTESIAN_POINT('Ctrl Pts',(0.000999999999999995,0.5606329803,0.0568401333999999));
#10170=CARTESIAN_POINT('Ctrl Pts',(0.000999999999999995,0.560579736826701,
0.0573650512971975));
#10171=CARTESIAN_POINT('Ctrl Pts',(0.000999999999999995,0.560525813170611,
0.0578899002974917));
#10172=CARTESIAN_POINT('Ctrl Pts',(0.000999999999999995,0.560471082957462,
0.0584146652488305));
#10173=CARTESIAN_POINT('',(0.000999999999999995,0.560471082957462,0.0584146652488305));
#10174=CARTESIAN_POINT('Ctrl Pts',(0.000999999999999995,0.556779336885179,
0.0571183389656628));
#10175=CARTESIAN_POINT('Ctrl Pts',(-0.000199999999999999,0.556779336885179,
0.0571183389656628));
#10176=CARTESIAN_POINT('Ctrl Pts',(0.000999999999999995,0.553968428344258,
0.0558649246617824));
#10177=CARTESIAN_POINT('Ctrl Pts',(-0.000199999999999999,0.553968428344258,
0.0558649246617824));
#10178=CARTESIAN_POINT('Ctrl Pts',(0.000999999999999995,0.551127168053681,
0.0546775838643011));
#10179=CARTESIAN_POINT('Ctrl Pts',(-0.000199999999999999,0.551127168053681,
0.0546775838643011));
#10180=CARTESIAN_POINT('Ctrl Pts',(0.000999999999999995,0.548408145042463,
0.0532298255704942));
#10181=CARTESIAN_POINT('Ctrl Pts',(-0.000199999999999999,0.548408145042463,
0.0532298255704942));
#10182=CARTESIAN_POINT('',(0.,0.556779336885179,0.0571183389656628));
#10183=CARTESIAN_POINT('',(0.,0.548408145042463,0.0532298255704942));
#10184=CARTESIAN_POINT('Ctrl Pts',(0.,0.556779336885179,0.0571183389656628));
#10185=CARTESIAN_POINT('Ctrl Pts',(0.,0.553968428344258,0.0558649246617824));
#10186=CARTESIAN_POINT('Ctrl Pts',(0.,0.551127168053681,0.0546775838643011));
#10187=CARTESIAN_POINT('Ctrl Pts',(0.,0.548408145042463,0.0532298255704942));
#10188=CARTESIAN_POINT('',(0.000999999999999995,0.556779336885179,0.0571183389656628));
#10189=CARTESIAN_POINT('',(0.000999999999999995,0.556779336885179,0.0571183389656628));
#10190=CARTESIAN_POINT('',(0.000999999999999995,0.548408145042463,0.0532298255704942));
#10191=CARTESIAN_POINT('Ctrl Pts',(0.000999999999999995,0.556779336885179,
0.0571183389656628));
#10192=CARTESIAN_POINT('Ctrl Pts',(0.000999999999999995,0.553968428344258,
0.0558649246617824));
#10193=CARTESIAN_POINT('Ctrl Pts',(0.000999999999999995,0.551127168053681,
0.0546775838643011));
#10194=CARTESIAN_POINT('Ctrl Pts',(0.000999999999999995,0.548408145042463,
0.0532298255704942));
#10195=CARTESIAN_POINT('',(0.000999999999999995,0.548408145042463,0.0532298255704942));
#10196=CARTESIAN_POINT('Ctrl Pts',(0.000999999999999995,0.548408145042463,
0.0532298255704942));
#10197=CARTESIAN_POINT('Ctrl Pts',(-0.000199999999999999,0.548408145042463,
0.0532298255704942));
#10198=CARTESIAN_POINT('Ctrl Pts',(0.000999999999999995,0.548215854251024,
0.0552061914299971));
#10199=CARTESIAN_POINT('Ctrl Pts',(-0.000199999999999999,0.548215854251024,
0.0552061914299971));
#10200=CARTESIAN_POINT('Ctrl Pts',(0.000999999999999995,0.5480138692071,
0.0571816175235501));
#10201=CARTESIAN_POINT('Ctrl Pts',(-0.000199999999999999,0.5480138692071,
0.0571816175235501));
#10202=CARTESIAN_POINT('Ctrl Pts',(0.000999999999999995,0.547800591127772,
0.059155828925319));
#10203=CARTESIAN_POINT('Ctrl Pts',(-0.000199999999999999,0.547800591127772,
0.059155828925319));
#10204=CARTESIAN_POINT('',(0.,0.547800591127772,0.059155828925319));
#10205=CARTESIAN_POINT('Ctrl Pts',(0.,0.548408145042463,0.0532298255704942));
#10206=CARTESIAN_POINT('Ctrl Pts',(0.,0.548215854251024,0.0552061914299971));
#10207=CARTESIAN_POINT('Ctrl Pts',(0.,0.5480138692071,0.0571816175235501));
#10208=CARTESIAN_POINT('Ctrl Pts',(0.,0.547800591127772,0.059155828925319));
#10209=CARTESIAN_POINT('',(0.000999999999999995,0.547800591127772,0.059155828925319));
#10210=CARTESIAN_POINT('Ctrl Pts',(0.000999999999999995,0.548408145042463,
0.0532298255704942));
#10211=CARTESIAN_POINT('Ctrl Pts',(0.000999999999999995,0.548215854251024,
0.0552061914299971));
#10212=CARTESIAN_POINT('Ctrl Pts',(0.000999999999999995,0.5480138692071,
0.0571816175235501));
#10213=CARTESIAN_POINT('Ctrl Pts',(0.000999999999999995,0.547800591127772,
0.059155828925319));
#10214=CARTESIAN_POINT('',(0.000999999999999995,0.547800591127772,0.059155828925319));
#10215=CARTESIAN_POINT('Ctrl Pts',(0.000999999999999995,0.547800591127772,
0.059155828925319));
#10216=CARTESIAN_POINT('Ctrl Pts',(-0.000199999999999999,0.547800591127772,
0.059155828925319));
#10217=CARTESIAN_POINT('Ctrl Pts',(0.000999999999999995,0.550807339442762,
0.058536018079045));
#10218=CARTESIAN_POINT('Ctrl Pts',(-0.000199999999999999,0.550807339442762,
0.058536018079045));
#10219=CARTESIAN_POINT('Ctrl Pts',(0.000999999999999995,0.55385403769819,
0.0580738443666691));
#10220=CARTESIAN_POINT('Ctrl Pts',(-0.000199999999999999,0.55385403769819,
0.0580738443666691));
#10221=CARTESIAN_POINT('Ctrl Pts',(0.000999999999999995,0.556779336885179,
0.0571183389656628));
#10222=CARTESIAN_POINT('Ctrl Pts',(-0.000199999999999999,0.556779336885179,
0.0571183389656628));
#10223=CARTESIAN_POINT('Ctrl Pts',(0.,0.547800591127772,0.059155828925319));
#10224=CARTESIAN_POINT('Ctrl Pts',(0.,0.550807339442762,0.058536018079045));
#10225=CARTESIAN_POINT('Ctrl Pts',(0.,0.55385403769819,0.0580738443666691));
#10226=CARTESIAN_POINT('Ctrl Pts',(0.,0.556779336885179,0.0571183389656628));
#10227=CARTESIAN_POINT('Ctrl Pts',(0.000999999999999995,0.547800591127772,
0.059155828925319));
#10228=CARTESIAN_POINT('Ctrl Pts',(0.000999999999999995,0.550807339442762,
0.058536018079045));
#10229=CARTESIAN_POINT('Ctrl Pts',(0.000999999999999995,0.55385403769819,
0.0580738443666691));
#10230=CARTESIAN_POINT('Ctrl Pts',(0.000999999999999995,0.556779336885179,
0.0571183389656628));
#10231=CARTESIAN_POINT('Ctrl Pts',(0.000999999999999995,0.560471082957462,
0.0584146652488305));
#10232=CARTESIAN_POINT('Ctrl Pts',(-0.000199999999999999,0.560471082957462,
0.0584146652488305));
#10233=CARTESIAN_POINT('Ctrl Pts',(0.000999999999999995,0.559422005675094,
0.0587768039099019));
#10234=CARTESIAN_POINT('Ctrl Pts',(-0.000199999999999999,0.559422005675094,
0.0587768039099019));
#10235=CARTESIAN_POINT('Ctrl Pts',(0.000999999999999995,0.554342314200998,
0.0594353492212226));
#10236=CARTESIAN_POINT('Ctrl Pts',(-0.000199999999999999,0.554342314200998,
0.0594353492212226));
#10237=CARTESIAN_POINT('Ctrl Pts',(0.000999999999999995,0.549478493507939,
0.060992847924767));
#10238=CARTESIAN_POINT('Ctrl Pts',(-0.000199999999999999,0.549478493507939,
0.060992847924767));
#10239=CARTESIAN_POINT('Ctrl Pts',(0.000999999999999995,0.545571319355965,
0.0617898707358569));
#10240=CARTESIAN_POINT('Ctrl Pts',(-0.000199999999999999,0.545571319355965,
0.0617898707358569));
#10241=CARTESIAN_POINT('Ctrl Pts',(0.000999999999999995,0.560471082957462,
0.0584146652488305));
#10242=CARTESIAN_POINT('Ctrl Pts',(0.000999999999999995,0.559422005675094,
0.0587768039099019));
#10243=CARTESIAN_POINT('Ctrl Pts',(0.000999999999999995,0.554342314200998,
0.0594353492212226));
#10244=CARTESIAN_POINT('Ctrl Pts',(0.000999999999999995,0.549478493507939,
0.060992847924767));
#10245=CARTESIAN_POINT('Ctrl Pts',(0.000999999999999995,0.545571319355965,
0.0617898707358569));
#10246=CARTESIAN_POINT('Origin',(0.000999999999999995,0.,0.));
#10247=CARTESIAN_POINT('Origin',(0.,0.6,0.));
#10248=CARTESIAN_POINT('Ctrl Pts',(0.000999999999999995,0.553253167788241,
0.0973340574422289));
#10249=CARTESIAN_POINT('Ctrl Pts',(-0.000199999999999999,0.553253167788241,
0.0973340574422289));
#10250=CARTESIAN_POINT('Ctrl Pts',(0.000999999999999995,0.554797239941645,
0.0976463507371897));
#10251=CARTESIAN_POINT('Ctrl Pts',(-0.000199999999999999,0.554797239941645,
0.0976463507371897));
#10252=CARTESIAN_POINT('Ctrl Pts',(0.000999999999999995,0.556045259186449,
0.0960111927582323));
#10253=CARTESIAN_POINT('Ctrl Pts',(-0.000199999999999999,0.556045259186449,
0.0960111927582323));
#10254=CARTESIAN_POINT('Ctrl Pts',(0.000999999999999995,0.55633149819015,
0.0944471134142732));
#10255=CARTESIAN_POINT('Ctrl Pts',(-0.000199999999999999,0.55633149819015,
0.0944471134142732));
#10256=CARTESIAN_POINT('',(0.,0.553253167788241,0.0973340574422289));
#10257=CARTESIAN_POINT('',(0.,0.55633149819015,0.0944471134142732));
#10258=CARTESIAN_POINT('Ctrl Pts',(0.,0.553253167788241,0.0973340574422289));
#10259=CARTESIAN_POINT('Ctrl Pts',(0.,0.554797239941645,0.0976463507371897));
#10260=CARTESIAN_POINT('Ctrl Pts',(0.,0.556045259186449,0.0960111927582323));
#10261=CARTESIAN_POINT('Ctrl Pts',(0.,0.55633149819015,0.0944471134142732));
#10262=CARTESIAN_POINT('',(0.000999999999999995,0.553253167788241,0.0973340574422289));
#10263=CARTESIAN_POINT('',(0.000999999999999995,0.553253167788241,0.0973340574422289));
#10264=CARTESIAN_POINT('',(0.000999999999999995,0.55633149819015,0.0944471134142732));
#10265=CARTESIAN_POINT('Ctrl Pts',(0.000999999999999995,0.553253167788241,
0.0973340574422289));
#10266=CARTESIAN_POINT('Ctrl Pts',(0.000999999999999995,0.554797239941645,
0.0976463507371897));
#10267=CARTESIAN_POINT('Ctrl Pts',(0.000999999999999995,0.556045259186449,
0.0960111927582323));
#10268=CARTESIAN_POINT('Ctrl Pts',(0.000999999999999995,0.55633149819015,
0.0944471134142732));
#10269=CARTESIAN_POINT('',(0.000999999999999995,0.55633149819015,0.0944471134142732));
#10270=CARTESIAN_POINT('Ctrl Pts',(0.000999999999999995,0.55633149819015,
0.0944471134142732));
#10271=CARTESIAN_POINT('Ctrl Pts',(-0.000199999999999999,0.55633149819015,
0.0944471134142732));
#10272=CARTESIAN_POINT('Ctrl Pts',(0.000999999999999995,0.556688837230558,
0.0923415136087389));
#10273=CARTESIAN_POINT('Ctrl Pts',(-0.000199999999999999,0.556688837230558,
0.0923415136087389));
#10274=CARTESIAN_POINT('Ctrl Pts',(0.000999999999999995,0.557034483175264,
0.0902339280520942));
#10275=CARTESIAN_POINT('Ctrl Pts',(-0.000199999999999999,0.557034483175264,
0.0902339280520942));
#10276=CARTESIAN_POINT('Ctrl Pts',(0.000999999999999995,0.5573680057,0.0881244244));
#10277=CARTESIAN_POINT('Ctrl Pts',(-0.000199999999999999,0.5573680057,0.0881244244));
#10278=CARTESIAN_POINT('',(0.,0.5573680057,0.0881244244));
#10279=CARTESIAN_POINT('Ctrl Pts',(0.,0.55633149819015,0.0944471134142732));
#10280=CARTESIAN_POINT('Ctrl Pts',(0.,0.556688837230558,0.0923415136087389));
#10281=CARTESIAN_POINT('Ctrl Pts',(0.,0.557034483175264,0.0902339280520942));
#10282=CARTESIAN_POINT('Ctrl Pts',(0.,0.5573680057,0.0881244244));
#10283=CARTESIAN_POINT('',(0.000999999999999995,0.5573680057,0.0881244244));
#10284=CARTESIAN_POINT('Ctrl Pts',(0.000999999999999995,0.55633149819015,
0.0944471134142732));
#10285=CARTESIAN_POINT('Ctrl Pts',(0.000999999999999995,0.556688837230558,
0.0923415136087389));
#10286=CARTESIAN_POINT('Ctrl Pts',(0.000999999999999995,0.557034483175264,
0.0902339280520942));
#10287=CARTESIAN_POINT('Ctrl Pts',(0.000999999999999995,0.5573680057,0.0881244244));
#10288=CARTESIAN_POINT('',(0.000999999999999995,0.5573680057,0.0881244244));
#10289=CARTESIAN_POINT('Origin',(0.000999999999999995,-7.10846894397758E-6,
4.49830701625229E-5));
#10290=CARTESIAN_POINT('',(0.,0.5523833978,0.0873367296));
#10291=CARTESIAN_POINT('',(0.,-7.10846894397758E-6,4.49830701625229E-5));
#10292=CARTESIAN_POINT('',(0.000999999999999995,0.5523833978,0.0873367296));
#10293=CARTESIAN_POINT('',(0.000999999999999995,-7.10846894397758E-6,4.49830701625229E-5));
#10294=CARTESIAN_POINT('',(0.000999999999999995,0.5523833978,0.0873367296));
#10295=CARTESIAN_POINT('Ctrl Pts',(0.000999999999999995,0.5523833978,0.0873367296));
#10296=CARTESIAN_POINT('Ctrl Pts',(-0.000199999999999999,0.5523833978,0.0873367296));
#10297=CARTESIAN_POINT('Ctrl Pts',(0.000999999999999995,0.552052633453614,
0.0894287753435036));
#10298=CARTESIAN_POINT('Ctrl Pts',(-0.000199999999999999,0.552052633453614,
0.0894287753435036));
#10299=CARTESIAN_POINT('Ctrl Pts',(0.000999999999999995,0.551709848647964,
0.0915189194065191));
#10300=CARTESIAN_POINT('Ctrl Pts',(-0.000199999999999999,0.551709848647964,
0.0915189194065191));
#10301=CARTESIAN_POINT('Ctrl Pts',(0.000999999999999995,0.551355441526267,
0.0936070897152245));
#10302=CARTESIAN_POINT('Ctrl Pts',(-0.000199999999999999,0.551355441526267,
0.0936070897152245));
#10303=CARTESIAN_POINT('',(0.,0.551355441526267,0.0936070897152245));
#10304=CARTESIAN_POINT('Ctrl Pts',(0.,0.5523833978,0.0873367296));
#10305=CARTESIAN_POINT('Ctrl Pts',(0.,0.552052633453614,0.0894287753435036));
#10306=CARTESIAN_POINT('Ctrl Pts',(0.,0.551709848647964,0.0915189194065191));
#10307=CARTESIAN_POINT('Ctrl Pts',(0.,0.551355441526267,0.0936070897152245));
#10308=CARTESIAN_POINT('',(0.000999999999999995,0.551355441526267,0.0936070897152245));
#10309=CARTESIAN_POINT('Ctrl Pts',(0.000999999999999995,0.5523833978,0.0873367296));
#10310=CARTESIAN_POINT('Ctrl Pts',(0.000999999999999995,0.552052633453614,
0.0894287753435036));
#10311=CARTESIAN_POINT('Ctrl Pts',(0.000999999999999995,0.551709848647964,
0.0915189194065191));
#10312=CARTESIAN_POINT('Ctrl Pts',(0.000999999999999995,0.551355441526267,
0.0936070897152245));
#10313=CARTESIAN_POINT('',(0.000999999999999995,0.551355441526267,0.0936070897152245));
#10314=CARTESIAN_POINT('Ctrl Pts',(0.000999999999999995,0.559574744,0.0864263141));
#10315=CARTESIAN_POINT('Ctrl Pts',(-0.000199999999999999,0.559574744,0.0864263141));
#10316=CARTESIAN_POINT('Ctrl Pts',(0.000999999999999995,0.559104888293718,
0.0894665817808411));
#10317=CARTESIAN_POINT('Ctrl Pts',(-0.000199999999999999,0.559104888293718,
0.0894665817808411));
#10318=CARTESIAN_POINT('Ctrl Pts',(0.000999999999999995,0.558610801471792,
0.0925031082820282));
#10319=CARTESIAN_POINT('Ctrl Pts',(-0.000199999999999999,0.558610801471792,
0.0925031082820282));
#10320=CARTESIAN_POINT('Ctrl Pts',(0.000999999999999995,0.558091740272937,
0.0955353631147476));
#10321=CARTESIAN_POINT('Ctrl Pts',(-0.000199999999999999,0.558091740272937,
0.0955353631147476));
#10322=CARTESIAN_POINT('',(0.000999999999999995,0.559574744,0.0864263141));
#10323=CARTESIAN_POINT('',(0.000999999999999995,0.559574744,0.0864263141));
#10324=CARTESIAN_POINT('',(0.000999999999999995,0.558091740272937,0.0955353631147476));
#10325=CARTESIAN_POINT('Origin',(0.000999999999999995,-0.00325101552631812,
-0.000529597628916934));
#10326=CARTESIAN_POINT('',(0.000999999999999995,0.558091740272937,0.0955353631147476));
#10327=CARTESIAN_POINT('Ctrl Pts',(0.000999999999999995,0.558091740272937,
0.0955353631147476));
#10328=CARTESIAN_POINT('Ctrl Pts',(-0.000199999999999999,0.558091740272937,
0.0955353631147476));
#10329=CARTESIAN_POINT('Ctrl Pts',(0.000999999999999995,0.55771314485942,
0.0979973445013381));
#10330=CARTESIAN_POINT('Ctrl Pts',(-0.000199999999999999,0.55771314485942,
0.0979973445013381));
#10331=CARTESIAN_POINT('Ctrl Pts',(0.000999999999999995,0.555370081264879,
0.100240159027016));
#10332=CARTESIAN_POINT('Ctrl Pts',(-0.000199999999999999,0.555370081264879,
0.100240159027016));
#10333=CARTESIAN_POINT('Ctrl Pts',(0.000999999999999995,0.552912052676226,
0.0995691858708081));
#10334=CARTESIAN_POINT('Ctrl Pts',(-0.000199999999999999,0.552912052676226,
0.0995691858708081));
#10335=CARTESIAN_POINT('',(0.000999999999999995,0.552912052676226,0.0995691858708081));
#10336=CARTESIAN_POINT('Ctrl Pts',(0.000999999999999995,0.558091740272937,
0.0955353631147476));
#10337=CARTESIAN_POINT('Ctrl Pts',(0.000999999999999995,0.55771314485942,
0.0979973445013381));
#10338=CARTESIAN_POINT('Ctrl Pts',(0.000999999999999995,0.555370081264879,
0.100240159027016));
#10339=CARTESIAN_POINT('Ctrl Pts',(0.000999999999999995,0.552912052676226,
0.0995691858708081));
#10340=CARTESIAN_POINT('',(0.000999999999999995,0.552912052676226,0.0995691858708081));
#10341=CARTESIAN_POINT('Ctrl Pts',(0.000999999999999995,0.552912052676226,
0.0995691858708081));
#10342=CARTESIAN_POINT('Ctrl Pts',(-0.000199999999999999,0.552912052676226,
0.0995691858708081));
#10343=CARTESIAN_POINT('Ctrl Pts',(0.000999999999999995,0.550444157833888,
0.0993263516555248));
#10344=CARTESIAN_POINT('Ctrl Pts',(-0.000199999999999999,0.550444157833888,
0.0993263516555248));
#10345=CARTESIAN_POINT('Ctrl Pts',(0.000999999999999995,0.549075297836875,
0.096457033199403));
#10346=CARTESIAN_POINT('Ctrl Pts',(-0.000199999999999999,0.549075297836875,
0.096457033199403));
#10347=CARTESIAN_POINT('Ctrl Pts',(0.000999999999999995,0.549473083430583,
0.0940648932603631));
#10348=CARTESIAN_POINT('Ctrl Pts',(-0.000199999999999999,0.549473083430583,
0.0940648932603631));
#10349=CARTESIAN_POINT('',(0.000999999999999995,0.549473083430583,0.0940648932603631));
#10350=CARTESIAN_POINT('Ctrl Pts',(0.000999999999999995,0.552912052676226,
0.0995691858708081));
#10351=CARTESIAN_POINT('Ctrl Pts',(0.000999999999999995,0.550444157833888,
0.0993263516555248));
#10352=CARTESIAN_POINT('Ctrl Pts',(0.000999999999999995,0.549075297836875,
0.096457033199403));
#10353=CARTESIAN_POINT('Ctrl Pts',(0.000999999999999995,0.549473083430583,
0.0940648932603631));
#10354=CARTESIAN_POINT('',(0.000999999999999995,0.549473083430583,0.0940648932603631));
#10355=CARTESIAN_POINT('Ctrl Pts',(0.000999999999999995,0.549473083430583,
0.0940648932603631));
#10356=CARTESIAN_POINT('Ctrl Pts',(-0.000199999999999999,0.549473083430583,
0.0940648932603631));
#10357=CARTESIAN_POINT('Ctrl Pts',(0.000999999999999995,0.5499851421166,
0.0910780396123953));
#10358=CARTESIAN_POINT('Ctrl Pts',(-0.000199999999999999,0.5499851421166,
0.0910780396123953));
#10359=CARTESIAN_POINT('Ctrl Pts',(0.000999999999999995,0.550471409378337,
0.0880867714706705));
#10360=CARTESIAN_POINT('Ctrl Pts',(-0.000199999999999999,0.550471409378337,
0.0880867714706705));
#10361=CARTESIAN_POINT('Ctrl Pts',(0.000999999999999995,0.5509339831,0.0850918556));
#10362=CARTESIAN_POINT('Ctrl Pts',(-0.000199999999999999,0.5509339831,0.0850918556));
#10363=CARTESIAN_POINT('',(0.000999999999999995,0.5509339831,0.0850918556));
#10364=CARTESIAN_POINT('Ctrl Pts',(0.000999999999999995,0.549473083430583,
0.0940648932603631));
#10365=CARTESIAN_POINT('Ctrl Pts',(0.000999999999999995,0.549729112929287,
0.0925714655282015));
#10366=CARTESIAN_POINT('Ctrl Pts',(0.000999999999999995,0.549978694525547,
0.0910769343960115));
#10367=CARTESIAN_POINT('Ctrl Pts',(0.000999999999999995,0.550465486149829,
0.0880858585413106));
#10368=CARTESIAN_POINT('Ctrl Pts',(0.000999999999999995,0.55070269628689,
0.0865893132263632));
#10369=CARTESIAN_POINT('Ctrl Pts',(0.000999999999999995,0.5509339831,0.0850918556));
#10370=CARTESIAN_POINT('',(0.000999999999999995,0.5509339831,0.0850918556));
#10371=CARTESIAN_POINT('Origin',(0.000999999999999995,-1.0446507072974E-6,
6.76422457931273E-6));
#10372=CARTESIAN_POINT('',(0.000999999999999995,-1.0446507072974E-6,6.76422457931273E-6));
#10373=CARTESIAN_POINT('Ctrl Pts',(0.000999999999999995,0.551355441526267,
0.0936070897152245));
#10374=CARTESIAN_POINT('Ctrl Pts',(-0.000199999999999999,0.551355441526267,
0.0936070897152245));
#10375=CARTESIAN_POINT('Ctrl Pts',(0.000999999999999995,0.551109757393939,
0.0951460010920417));
#10376=CARTESIAN_POINT('Ctrl Pts',(-0.000199999999999999,0.551109757393939,
0.0951460010920417));
#10377=CARTESIAN_POINT('Ctrl Pts',(0.000999999999999995,0.551694510564692,
0.097118699007579));
#10378=CARTESIAN_POINT('Ctrl Pts',(-0.000199999999999999,0.551694510564692,
0.097118699007579));
#10379=CARTESIAN_POINT('Ctrl Pts',(0.000999999999999995,0.553253167788241,
0.0973340574422289));
#10380=CARTESIAN_POINT('Ctrl Pts',(-0.000199999999999999,0.553253167788241,
0.0973340574422289));
#10381=CARTESIAN_POINT('Ctrl Pts',(0.,0.551355441526267,0.0936070897152245));
#10382=CARTESIAN_POINT('Ctrl Pts',(0.,0.551109757393939,0.0951460010920417));
#10383=CARTESIAN_POINT('Ctrl Pts',(0.,0.551694510564692,0.097118699007579));
#10384=CARTESIAN_POINT('Ctrl Pts',(0.,0.553253167788241,0.0973340574422289));
#10385=CARTESIAN_POINT('Ctrl Pts',(0.000999999999999995,0.551355441526267,
0.0936070897152245));
#10386=CARTESIAN_POINT('Ctrl Pts',(0.000999999999999995,0.551109757393939,
0.0951460010920417));
#10387=CARTESIAN_POINT('Ctrl Pts',(0.000999999999999995,0.551694510564692,
0.097118699007579));
#10388=CARTESIAN_POINT('Ctrl Pts',(0.000999999999999995,0.553253167788241,
0.0973340574422289));
#10389=CARTESIAN_POINT('Origin',(0.000999999999999995,0.,0.));
#10390=CARTESIAN_POINT('Origin',(0.,0.6,0.));
#10391=CARTESIAN_POINT('Ctrl Pts',(0.000999999999999995,0.539531715269569,
0.0967811793848745));
#10392=CARTESIAN_POINT('Ctrl Pts',(-0.000199999999999999,0.539531715269569,
0.0967811793848745));
#10393=CARTESIAN_POINT('Ctrl Pts',(0.000999999999999995,0.541399928543897,
0.0971485824194019));
#10394=CARTESIAN_POINT('Ctrl Pts',(-0.000199999999999999,0.541399928543897,
0.0971485824194019));
#10395=CARTESIAN_POINT('Ctrl Pts',(0.000999999999999995,0.543090029005921,
0.0953558917415247));
#10396=CARTESIAN_POINT('Ctrl Pts',(-0.000199999999999999,0.543090029005921,
0.0953558917415247));
#10397=CARTESIAN_POINT('Ctrl Pts',(0.000999999999999995,0.543432088489967,
0.0934519887897388));
#10398=CARTESIAN_POINT('Ctrl Pts',(-0.000199999999999999,0.543432088489967,
0.0934519887897388));
#10399=CARTESIAN_POINT('',(0.,0.539531715269569,0.0967811793848745));
#10400=CARTESIAN_POINT('',(0.,0.543432088489967,0.0934519887897388));
#10401=CARTESIAN_POINT('Ctrl Pts',(0.,0.539531715269569,0.0967811793848745));
#10402=CARTESIAN_POINT('Ctrl Pts',(0.,0.541399928543897,0.0971485824194019));
#10403=CARTESIAN_POINT('Ctrl Pts',(0.,0.543090029005921,0.0953558917415247));
#10404=CARTESIAN_POINT('Ctrl Pts',(0.,0.543432088489967,0.0934519887897388));
#10405=CARTESIAN_POINT('',(0.000999999999999995,0.539531715269569,0.0967811793848745));
#10406=CARTESIAN_POINT('',(0.000999999999999995,0.539531715269569,0.0967811793848745));
#10407=CARTESIAN_POINT('',(0.000999999999999995,0.543432088489967,0.0934519887897388));
#10408=CARTESIAN_POINT('Ctrl Pts',(0.000999999999999995,0.539531715269569,
0.0967811793848745));
#10409=CARTESIAN_POINT('Ctrl Pts',(0.000999999999999995,0.541399928543897,
0.0971485824194019));
#10410=CARTESIAN_POINT('Ctrl Pts',(0.000999999999999995,0.543090029005921,
0.0953558917415247));
#10411=CARTESIAN_POINT('Ctrl Pts',(0.000999999999999995,0.543432088489967,
0.0934519887897388));
#10412=CARTESIAN_POINT('',(0.000999999999999995,0.543432088489967,0.0934519887897388));
#10413=CARTESIAN_POINT('Ctrl Pts',(0.000999999999999995,0.543432088489967,
0.0934519887897388));
#10414=CARTESIAN_POINT('Ctrl Pts',(-0.000199999999999999,0.543432088489967,
0.0934519887897388));
#10415=CARTESIAN_POINT('Ctrl Pts',(0.000999999999999995,0.543856888929322,
0.0909826160072156));
#10416=CARTESIAN_POINT('Ctrl Pts',(-0.000199999999999999,0.543856888929322,
0.0909826160072156));
#10417=CARTESIAN_POINT('Ctrl Pts',(0.000999999999999995,0.544265104946048,
0.0885103839482229));
#10418=CARTESIAN_POINT('Ctrl Pts',(-0.000199999999999999,0.544265104946048,
0.0885103839482229));
#10419=CARTESIAN_POINT('Ctrl Pts',(0.000999999999999995,0.5446555047,0.0860353394));
#10420=CARTESIAN_POINT('Ctrl Pts',(-0.000199999999999999,0.5446555047,0.0860353394));
#10421=CARTESIAN_POINT('',(0.,0.5446555047,0.0860353394));
#10422=CARTESIAN_POINT('Ctrl Pts',(0.,0.543432088489967,0.0934519887897388));
#10423=CARTESIAN_POINT('Ctrl Pts',(0.,0.543856888929322,0.0909826160072156));
#10424=CARTESIAN_POINT('Ctrl Pts',(0.,0.544265104946048,0.0885103839482229));
#10425=CARTESIAN_POINT('Ctrl Pts',(0.,0.5446555047,0.0860353394));
#10426=CARTESIAN_POINT('',(0.000999999999999995,0.5446555047,0.0860353394));
#10427=CARTESIAN_POINT('Ctrl Pts',(0.000999999999999995,0.543432088489967,
0.0934519887897388));
#10428=CARTESIAN_POINT('Ctrl Pts',(0.000999999999999995,0.543856888929322,
0.0909826160072156));
#10429=CARTESIAN_POINT('Ctrl Pts',(0.000999999999999995,0.544265104946048,
0.0885103839482229));
#10430=CARTESIAN_POINT('Ctrl Pts',(0.000999999999999995,0.5446555047,0.0860353394));
#10431=CARTESIAN_POINT('',(0.000999999999999995,0.5446555047,0.0860353394));
#10432=CARTESIAN_POINT('Origin',(0.000999999999999995,-0.000143851878856253,
0.000920763692850832));
#10433=CARTESIAN_POINT('',(0.,0.5382498792,0.0850345818));
#10434=CARTESIAN_POINT('',(0.,-0.000143851878856253,0.000920763692850832));
#10435=CARTESIAN_POINT('',(0.000999999999999995,0.5382498792,0.0850345818));
#10436=CARTESIAN_POINT('',(0.000999999999999995,-0.000143851878856253,0.000920763692850832));
#10437=CARTESIAN_POINT('',(0.000999999999999995,0.5382498792,0.0850345818));
#10438=CARTESIAN_POINT('Ctrl Pts',(0.000999999999999995,0.5382498792,0.0850345818));
#10439=CARTESIAN_POINT('Ctrl Pts',(-0.000199999999999999,0.5382498792,0.0850345818));
#10440=CARTESIAN_POINT('Ctrl Pts',(0.000999999999999995,0.537863949154662,
0.0874796813665177));
#10441=CARTESIAN_POINT('Ctrl Pts',(-0.000199999999999999,0.537863949154662,
0.0874796813665177));
#10442=CARTESIAN_POINT('Ctrl Pts',(0.000999999999999995,0.537460763046882,
0.0899220558338883));
#10443=CARTESIAN_POINT('Ctrl Pts',(-0.000199999999999999,0.537460763046882,
0.0899220558338883));
#10444=CARTESIAN_POINT('Ctrl Pts',(0.000999999999999995,0.537041111057364,
0.0923615938678165));
#10445=CARTESIAN_POINT('Ctrl Pts',(-0.000199999999999999,0.537041111057364,
0.0923615938678165));
#10446=CARTESIAN_POINT('',(0.,0.537041111057364,0.0923615938678165));
#10447=CARTESIAN_POINT('Ctrl Pts',(0.,0.5382498792,0.0850345818));
#10448=CARTESIAN_POINT('Ctrl Pts',(0.,0.537863949154662,0.0874796813665177));
#10449=CARTESIAN_POINT('Ctrl Pts',(0.,0.537460763046882,0.0899220558338883));
#10450=CARTESIAN_POINT('Ctrl Pts',(0.,0.537041111057364,0.0923615938678165));
#10451=CARTESIAN_POINT('',(0.000999999999999995,0.537041111057364,0.0923615938678165));
#10452=CARTESIAN_POINT('Ctrl Pts',(0.000999999999999995,0.5382498792,0.0850345818));
#10453=CARTESIAN_POINT('Ctrl Pts',(0.000999999999999995,0.537863949154662,
0.0874796813665177));
#10454=CARTESIAN_POINT('Ctrl Pts',(0.000999999999999995,0.537460763046882,
0.0899220558338883));
#10455=CARTESIAN_POINT('Ctrl Pts',(0.000999999999999995,0.537041111057364,
0.0923615938678165));
#10456=CARTESIAN_POINT('',(0.000999999999999995,0.537041111057364,0.0923615938678165));
#10457=CARTESIAN_POINT('Ctrl Pts',(0.000999999999999995,0.539263705531298,
0.0986409309668272));
#10458=CARTESIAN_POINT('Ctrl Pts',(-0.000199999999999999,0.539263705531298,
0.0986409309668272));
#10459=CARTESIAN_POINT('Ctrl Pts',(0.000999999999999995,0.536603859104036,
0.0981697072138874));
#10460=CARTESIAN_POINT('Ctrl Pts',(-0.000199999999999999,0.536603859104036,
0.0981697072138874));
#10461=CARTESIAN_POINT('Ctrl Pts',(0.000999999999999995,0.534797564290312,
0.0952976787512498));
#10462=CARTESIAN_POINT('Ctrl Pts',(-0.000199999999999999,0.534797564290312,
0.0952976787512498));
#10463=CARTESIAN_POINT('Ctrl Pts',(0.000999999999999995,0.535252256126027,
0.0926348356035382));
#10464=CARTESIAN_POINT('Ctrl Pts',(-0.000199999999999999,0.535252256126027,
0.0926348356035382));
#10465=CARTESIAN_POINT('',(0.000999999999999995,0.539263705531298,0.0986409309668272));
#10466=CARTESIAN_POINT('',(0.000999999999999995,0.539263705531298,0.0986409309668272));
#10467=CARTESIAN_POINT('',(0.000999999999999995,0.535252256126027,0.0926348356035382));
#10468=CARTESIAN_POINT('Ctrl Pts',(0.000999999999999995,0.539263705531298,
0.0986409309668272));
#10469=CARTESIAN_POINT('Ctrl Pts',(0.000999999999999995,0.536603859104036,
0.0981697072138874));
#10470=CARTESIAN_POINT('Ctrl Pts',(0.000999999999999995,0.534797564290312,
0.0952976787512498));
#10471=CARTESIAN_POINT('Ctrl Pts',(0.000999999999999995,0.535252256126027,
0.0926348356035382));
#10472=CARTESIAN_POINT('',(0.000999999999999995,0.535252256126027,0.0926348356035382));
#10473=CARTESIAN_POINT('Ctrl Pts',(0.000999999999999995,0.535252256126027,
0.0926348356035382));
#10474=CARTESIAN_POINT('Ctrl Pts',(-0.000199999999999999,0.535252256126027,
0.0926348356035382));
#10475=CARTESIAN_POINT('Ctrl Pts',(0.000999999999999995,0.535812433797315,
0.0894001090946955));
#10476=CARTESIAN_POINT('Ctrl Pts',(-0.000199999999999999,0.535812433797315,
0.0894001090946955));
#10477=CARTESIAN_POINT('Ctrl Pts',(0.000999999999999995,0.536342614241379,
0.086160191188047));
#10478=CARTESIAN_POINT('Ctrl Pts',(-0.000199999999999999,0.536342614241379,
0.086160191188047));
#10479=CARTESIAN_POINT('Ctrl Pts',(0.000999999999999995,0.5368437059,0.0829157867));
#10480=CARTESIAN_POINT('Ctrl Pts',(-0.000199999999999999,0.5368437059,0.0829157867));
#10481=CARTESIAN_POINT('',(0.000999999999999995,0.5368437059,0.0829157867));
#10482=CARTESIAN_POINT('Origin',(0.000999999999999995,0.00316831192363576,
0.000518704322889782));
#10483=CARTESIAN_POINT('',(0.000999999999999995,0.5368437059,0.0829157867));
#10484=CARTESIAN_POINT('Origin',(0.000999999999999995,-1.04432031208073E-6,
6.7620850648385E-6));
#10485=CARTESIAN_POINT('',(0.000999999999999995,0.546801792,0.0844536898));
#10486=CARTESIAN_POINT('',(0.000999999999999995,-1.04432031208073E-6,6.7620850648385E-6));
#10487=CARTESIAN_POINT('',(0.000999999999999995,0.546801792,0.0844536898));
#10488=CARTESIAN_POINT('Ctrl Pts',(0.000999999999999995,0.546801792,0.0844536898));
#10489=CARTESIAN_POINT('Ctrl Pts',(-0.000199999999999999,0.546801792,0.0844536898));
#10490=CARTESIAN_POINT('Ctrl Pts',(0.000999999999999995,0.546291730984237,
0.087756223023602));
#10491=CARTESIAN_POINT('Ctrl Pts',(-0.000199999999999999,0.546291730984237,
0.087756223023602));
#10492=CARTESIAN_POINT('Ctrl Pts',(0.000999999999999995,0.54575240802798,
0.0910542493033379));
#10493=CARTESIAN_POINT('Ctrl Pts',(-0.000199999999999999,0.54575240802798,
0.0910542493033379));
#10494=CARTESIAN_POINT('Ctrl Pts',(0.000999999999999995,0.545181885561936,
0.0943468766669359));
#10495=CARTESIAN_POINT('Ctrl Pts',(-0.000199999999999999,0.545181885561936,
0.0943468766669359));
#10496=CARTESIAN_POINT('',(0.000999999999999995,0.545181885561936,0.0943468766669359));
#10497=CARTESIAN_POINT('Ctrl Pts',(0.000999999999999995,0.546801792,0.0844536898));
#10498=CARTESIAN_POINT('Ctrl Pts',(0.000999999999999995,0.546546761542893,
0.0861049560830498));
#10499=CARTESIAN_POINT('Ctrl Pts',(0.000999999999999995,0.546284415665427,
0.0877550952301027));
#10500=CARTESIAN_POINT('Ctrl Pts',(0.000999999999999995,0.545744608439965,
0.0910528978475854));
#10501=CARTESIAN_POINT('Ctrl Pts',(0.000999999999999995,0.54546714696824,
0.0927005619850846));
#10502=CARTESIAN_POINT('Ctrl Pts',(0.000999999999999995,0.545181885561936,
0.0943468766669359));
#10503=CARTESIAN_POINT('',(0.000999999999999995,0.545181885561936,0.0943468766669359));
#10504=CARTESIAN_POINT('Ctrl Pts',(0.000999999999999995,0.545181885561936,
0.0943468766669359));
#10505=CARTESIAN_POINT('Ctrl Pts',(-0.000199999999999999,0.545181885561936,
0.0943468766669359));
#10506=CARTESIAN_POINT('Ctrl Pts',(0.000999999999999995,0.544732986358447,
0.0970904947405002));
#10507=CARTESIAN_POINT('Ctrl Pts',(-0.000199999999999999,0.544732986358447,
0.0970904947405002));
#10508=CARTESIAN_POINT('Ctrl Pts',(0.000999999999999995,0.541992398277504,
0.0991329847298797));
#10509=CARTESIAN_POINT('Ctrl Pts',(-0.000199999999999999,0.541992398277504,
0.0991329847298797));
#10510=CARTESIAN_POINT('Ctrl Pts',(0.000999999999999995,0.539263705531298,
0.0986409309668272));
#10511=CARTESIAN_POINT('Ctrl Pts',(-0.000199999999999999,0.539263705531298,
0.0986409309668272));
#10512=CARTESIAN_POINT('Ctrl Pts',(0.000999999999999995,0.545181885561936,
0.0943468766669359));
#10513=CARTESIAN_POINT('Ctrl Pts',(0.000999999999999995,0.544732986358447,
0.0970904947405002));
#10514=CARTESIAN_POINT('Ctrl Pts',(0.000999999999999995,0.541992398277504,
0.0991329847298797));
#10515=CARTESIAN_POINT('Ctrl Pts',(0.000999999999999995,0.539263705531298,
0.0986409309668272));
#10516=CARTESIAN_POINT('Ctrl Pts',(0.000999999999999995,0.537041111057364,
0.0923615938678165));
#10517=CARTESIAN_POINT('Ctrl Pts',(-0.000199999999999999,0.537041111057364,
0.0923615938678165));
#10518=CARTESIAN_POINT('Ctrl Pts',(0.000999999999999995,0.536733768586274,
0.0942293196925835));
#10519=CARTESIAN_POINT('Ctrl Pts',(-0.000199999999999999,0.536733768586274,
0.0942293196925835));
#10520=CARTESIAN_POINT('Ctrl Pts',(0.000999999999999995,0.537657186007747,
0.0965056268519393));
#10521=CARTESIAN_POINT('Ctrl Pts',(-0.000199999999999999,0.537657186007747,
0.0965056268519393));
#10522=CARTESIAN_POINT('Ctrl Pts',(0.000999999999999995,0.539531715269569,
0.0967811793848745));
#10523=CARTESIAN_POINT('Ctrl Pts',(-0.000199999999999999,0.539531715269569,
0.0967811793848745));
#10524=CARTESIAN_POINT('Ctrl Pts',(0.,0.537041111057364,0.0923615938678165));
#10525=CARTESIAN_POINT('Ctrl Pts',(0.,0.536733768586274,0.0942293196925835));
#10526=CARTESIAN_POINT('Ctrl Pts',(0.,0.537657186007747,0.0965056268519393));
#10527=CARTESIAN_POINT('Ctrl Pts',(0.,0.539531715269569,0.0967811793848745));
#10528=CARTESIAN_POINT('Ctrl Pts',(0.000999999999999995,0.537041111057364,
0.0923615938678165));
#10529=CARTESIAN_POINT('Ctrl Pts',(0.000999999999999995,0.536733768586274,
0.0942293196925835));
#10530=CARTESIAN_POINT('Ctrl Pts',(0.000999999999999995,0.537657186007747,
0.0965056268519393));
#10531=CARTESIAN_POINT('Ctrl Pts',(0.000999999999999995,0.539531715269569,
0.0967811793848745));
#10532=CARTESIAN_POINT('Origin',(0.000999999999999995,0.,0.));
#10533=CARTESIAN_POINT('Origin',(0.,0.6,0.));
#10534=CARTESIAN_POINT('Ctrl Pts',(0.000999999999999995,-0.548047070424341,
-0.0995348371211656));
#10535=CARTESIAN_POINT('Ctrl Pts',(-0.000200000000000104,-0.548047070424341,
-0.0995348371211656));
#10536=CARTESIAN_POINT('Ctrl Pts',(0.000999999999999995,-0.547967988420126,
-0.0997469037409148));
#10537=CARTESIAN_POINT('Ctrl Pts',(-0.000200000000000104,-0.547967988420126,
-0.0997469037409148));
#10538=CARTESIAN_POINT('Ctrl Pts',(0.000999999999999995,-0.547802705080283,
-0.100190128208092));
#10539=CARTESIAN_POINT('Ctrl Pts',(-0.000200000000000104,-0.547802705080283,
-0.100190128208092));
#10540=CARTESIAN_POINT('Ctrl Pts',(0.00100000000000017,-0.547489052693974,
-0.100861818779733));
#10541=CARTESIAN_POINT('Ctrl Pts',(-0.000199999999999929,-0.547489052693974,
-0.100861818779733));
#10542=CARTESIAN_POINT('Ctrl Pts',(0.00100000000000004,-0.547117532200505,
-0.101572262779825));
#10543=CARTESIAN_POINT('Ctrl Pts',(-0.00020000000000006,-0.547117532200505,
-0.101572262779825));
#10544=CARTESIAN_POINT('Ctrl Pts',(0.00100000000000004,-0.5466912016832,
-0.102305166252188));
#10545=CARTESIAN_POINT('Ctrl Pts',(-0.00020000000000006,-0.5466912016832,
-0.102305166252188));
#10546=CARTESIAN_POINT('Ctrl Pts',(0.00100000000000004,-0.546215115554968,
-0.103017382620014));
#10547=CARTESIAN_POINT('Ctrl Pts',(-0.00020000000000006,-0.546215115554968,
-0.103017382620014));
#10548=CARTESIAN_POINT('Ctrl Pts',(0.00100000000000013,-0.545692224280763,
-0.103674171872736));
#10549=CARTESIAN_POINT('Ctrl Pts',(-0.000199999999999973,-0.545692224280763,
-0.103674171872736));
#10550=CARTESIAN_POINT('Ctrl Pts',(0.00100000000000004,-0.54514756346728,
-0.104271125547634));
#10551=CARTESIAN_POINT('Ctrl Pts',(-0.00020000000000006,-0.54514756346728,
-0.104271125547634));
#10552=CARTESIAN_POINT('Ctrl Pts',(0.00100000000000004,-0.544741310637039,
-0.104612755986617));
#10553=CARTESIAN_POINT('Ctrl Pts',(-0.00020000000000006,-0.544741310637039,
-0.104612755986617));
#10554=CARTESIAN_POINT('Ctrl Pts',(0.00100000000000004,-0.544542323588898,
-0.104780090285723));
#10555=CARTESIAN_POINT('Ctrl Pts',(-0.00020000000000006,-0.544542323588898,
-0.104780090285723));
#10556=CARTESIAN_POINT('',(0.000999999999999995,-0.548047070424341,-0.0995348371211656));
#10557=CARTESIAN_POINT('',(0.000999999999999995,-0.548047070424341,-0.0995348371211656));
#10558=CARTESIAN_POINT('',(0.000999999999999995,-0.544542323588898,-0.104780090285723));
#10559=CARTESIAN_POINT('Ctrl Pts',(0.000999999999999995,-0.548047070424341,
-0.0995348371211656));
#10560=CARTESIAN_POINT('Ctrl Pts',(0.000999999999999951,-0.547967988420126,
-0.0997469037409148));
#10561=CARTESIAN_POINT('Ctrl Pts',(0.000999999999999951,-0.547802705080283,
-0.100190128208092));
#10562=CARTESIAN_POINT('Ctrl Pts',(0.00100000000000013,-0.547489052693974,
-0.100861818779733));
#10563=CARTESIAN_POINT('Ctrl Pts',(0.000999999999999995,-0.547117532200505,
-0.101572262779825));
#10564=CARTESIAN_POINT('Ctrl Pts',(0.000999999999999995,-0.5466912016832,
-0.102305166252188));
#10565=CARTESIAN_POINT('Ctrl Pts',(0.000999999999999995,-0.546215115554968,
-0.103017382620014));
#10566=CARTESIAN_POINT('Ctrl Pts',(0.00100000000000004,-0.545692224280763,
-0.103674171872736));
#10567=CARTESIAN_POINT('Ctrl Pts',(0.000999999999999995,-0.54514756346728,
-0.104271125547634));
#10568=CARTESIAN_POINT('Ctrl Pts',(0.000999999999999995,-0.544741310637039,
-0.104612755986617));
#10569=CARTESIAN_POINT('Ctrl Pts',(0.000999999999999995,-0.544542323588898,
-0.104780090285723));
#10570=CARTESIAN_POINT('',(0.000999999999999995,-0.544542323588898,-0.104780090285723));
#10571=CARTESIAN_POINT('Ctrl Pts',(0.000999999999999995,-0.544542323588898,
-0.104780090285723));
#10572=CARTESIAN_POINT('Ctrl Pts',(-0.000200000000000209,-0.544542323588898,
-0.104780090285723));
#10573=CARTESIAN_POINT('Ctrl Pts',(0.00100000000000004,-0.5443083057999,
-0.104953805631195));
#10574=CARTESIAN_POINT('Ctrl Pts',(-0.000200000000000165,-0.5443083057999,
-0.104953805631195));
#10575=CARTESIAN_POINT('Ctrl Pts',(0.00100000000000004,-0.543835108001862,
-0.105305068325005));
#10576=CARTESIAN_POINT('Ctrl Pts',(-0.000200000000000165,-0.543835108001862,
-0.105305068325005));
#10577=CARTESIAN_POINT('Ctrl Pts',(0.000999999999999951,-0.543054257739788,
-0.105746684994523));
#10578=CARTESIAN_POINT('Ctrl Pts',(-0.000200000000000252,-0.543054257739788,
-0.105746684994523));
#10579=CARTESIAN_POINT('Ctrl Pts',(0.00100000000000004,-0.542211099172365,
-0.106118120516705));
#10580=CARTESIAN_POINT('Ctrl Pts',(-0.000200000000000165,-0.542211099172365,
-0.106118120516705));
#10581=CARTESIAN_POINT('Ctrl Pts',(0.00100000000000004,-0.541298381546119,
-0.106427285399437));
#10582=CARTESIAN_POINT('Ctrl Pts',(-0.000200000000000165,-0.541298381546119,
-0.106427285399437));
#10583=CARTESIAN_POINT('Ctrl Pts',(0.00099999999999982,-0.540289909092495,
-0.106635354070494));
#10584=CARTESIAN_POINT('Ctrl Pts',(-0.000200000000000384,-0.540289909092495,
-0.106635354070494));
#10585=CARTESIAN_POINT('Ctrl Pts',(0.000999999999999995,-0.539177154477484,
-0.106713885495749));
#10586=CARTESIAN_POINT('Ctrl Pts',(-0.000200000000000209,-0.539177154477484,
-0.106713885495749));
#10587=CARTESIAN_POINT('Ctrl Pts',(0.000999999999999995,-0.537954957593874,
-0.106683660894806));
#10588=CARTESIAN_POINT('Ctrl Pts',(-0.000200000000000209,-0.537954957593874,
-0.106683660894806));
#10589=CARTESIAN_POINT('Ctrl Pts',(0.00100000000000004,-0.537112701468704,
-0.106566360536859));
#10590=CARTESIAN_POINT('Ctrl Pts',(-0.000200000000000165,-0.537112701468704,
-0.106566360536859));
#10591=CARTESIAN_POINT('Ctrl Pts',(0.000999999999999995,-0.53667048814586,
-0.106504773830026));
#10592=CARTESIAN_POINT('Ctrl Pts',(-0.000200000000000209,-0.53667048814586,
-0.106504773830026));
#10593=CARTESIAN_POINT('',(0.000999999999999995,-0.53667048814586,-0.106504773830026));
#10594=CARTESIAN_POINT('Ctrl Pts',(0.000999999999999995,-0.544542323588898,
-0.104780090285723));
#10595=CARTESIAN_POINT('Ctrl Pts',(0.00100000000000004,-0.5443083057999,
-0.104953805631195));
#10596=CARTESIAN_POINT('Ctrl Pts',(0.00100000000000004,-0.543835108001862,
-0.105305068325005));
#10597=CARTESIAN_POINT('Ctrl Pts',(0.000999999999999951,-0.543054257739788,
-0.105746684994523));
#10598=CARTESIAN_POINT('Ctrl Pts',(0.00100000000000004,-0.542211099172365,
-0.106118120516705));
#10599=CARTESIAN_POINT('Ctrl Pts',(0.00100000000000004,-0.541298381546119,
-0.106427285399437));
#10600=CARTESIAN_POINT('Ctrl Pts',(0.00099999999999982,-0.540289909092495,
-0.106635354070494));
#10601=CARTESIAN_POINT('Ctrl Pts',(0.000999999999999995,-0.539177154477484,
-0.106713885495749));
#10602=CARTESIAN_POINT('Ctrl Pts',(0.000999999999999995,-0.537954957593874,
-0.106683660894806));
#10603=CARTESIAN_POINT('Ctrl Pts',(0.00100000000000004,-0.537112701468704,
-0.106566360536859));
#10604=CARTESIAN_POINT('Ctrl Pts',(0.000999999999999995,-0.53667048814586,
-0.106504773830026));
#10605=CARTESIAN_POINT('',(0.000999999999999995,-0.53667048814586,-0.106504773830026));
#10606=CARTESIAN_POINT('Ctrl Pts',(0.000999999999999995,-0.53667048814586,
-0.106504773830026));
#10607=CARTESIAN_POINT('Ctrl Pts',(-0.000199999999999999,-0.53667048814586,
-0.106504773830026));
#10608=CARTESIAN_POINT('Ctrl Pts',(0.000999999999999995,-0.536222732524247,
-0.10642135437597));
#10609=CARTESIAN_POINT('Ctrl Pts',(-0.000199999999999999,-0.536222732524247,
-0.10642135437597));
#10610=CARTESIAN_POINT('Ctrl Pts',(0.000999999999999995,-0.535343324972965,
-0.106257515678519));
#10611=CARTESIAN_POINT('Ctrl Pts',(-0.000199999999999999,-0.535343324972965,
-0.106257515678519));
#10612=CARTESIAN_POINT('Ctrl Pts',(0.00100000000000004,-0.534079786307249,
-0.10586367749102));
#10613=CARTESIAN_POINT('Ctrl Pts',(-0.000199999999999955,-0.534079786307249,
-0.10586367749102));
#10614=CARTESIAN_POINT('Ctrl Pts',(0.000999999999999995,-0.532893454772179,
-0.105366071642081));
#10615=CARTESIAN_POINT('Ctrl Pts',(-0.000199999999999999,-0.532893454772179,
-0.105366071642081));
#10616=CARTESIAN_POINT('Ctrl Pts',(0.000999999999999995,-0.531789504962656,
-0.104752757678635));
#10617=CARTESIAN_POINT('Ctrl Pts',(-0.000199999999999999,-0.531789504962656,
-0.104752757678635));
#10618=CARTESIAN_POINT('Ctrl Pts',(0.00100000000000004,-0.530768719866102,
-0.10404216659866));
#10619=CARTESIAN_POINT('Ctrl Pts',(-0.000199999999999955,-0.530768719866102,
-0.10404216659866));
#10620=CARTESIAN_POINT('Ctrl Pts',(0.000999999999999995,-0.529838586523192,
-0.103236143599354));
#10621=CARTESIAN_POINT('Ctrl Pts',(-0.000199999999999999,-0.529838586523192,
-0.103236143599354));
#10622=CARTESIAN_POINT('Ctrl Pts',(0.000999999999999995,-0.528990146868258,
-0.102349485083351));
#10623=CARTESIAN_POINT('Ctrl Pts',(-0.000199999999999999,-0.528990146868258,
-0.102349485083351));
#10624=CARTESIAN_POINT('Ctrl Pts',(0.000999999999999995,-0.528504465891019,
-0.101692262204028));
#10625=CARTESIAN_POINT('Ctrl Pts',(-0.000199999999999999,-0.528504465891019,
-0.101692262204028));
#10626=CARTESIAN_POINT('Ctrl Pts',(0.000999999999999995,-0.528260678019278,
-0.101362368766735));
#10627=CARTESIAN_POINT('Ctrl Pts',(-0.000199999999999999,-0.528260678019278,
-0.101362368766735));
#10628=CARTESIAN_POINT('',(0.000999999999999995,-0.528260678019278,-0.101362368766735));
#10629=CARTESIAN_POINT('Ctrl Pts',(0.000999999999999995,-0.53667048814586,
-0.106504773830026));
#10630=CARTESIAN_POINT('Ctrl Pts',(0.000999999999999995,-0.536222732524247,
-0.10642135437597));
#10631=CARTESIAN_POINT('Ctrl Pts',(0.000999999999999995,-0.535343324972965,
-0.106257515678519));
#10632=CARTESIAN_POINT('Ctrl Pts',(0.00100000000000004,-0.534079786307249,
-0.10586367749102));
#10633=CARTESIAN_POINT('Ctrl Pts',(0.000999999999999995,-0.532893454772179,
-0.105366071642081));
#10634=CARTESIAN_POINT('Ctrl Pts',(0.000999999999999995,-0.531789504962656,
-0.104752757678635));
#10635=CARTESIAN_POINT('Ctrl Pts',(0.00100000000000004,-0.530768719866102,
-0.10404216659866));
#10636=CARTESIAN_POINT('Ctrl Pts',(0.000999999999999995,-0.529838586523192,
-0.103236143599354));
#10637=CARTESIAN_POINT('Ctrl Pts',(0.000999999999999995,-0.528990146868258,
-0.102349485083351));
#10638=CARTESIAN_POINT('Ctrl Pts',(0.000999999999999995,-0.528504465891019,
-0.101692262204028));
#10639=CARTESIAN_POINT('Ctrl Pts',(0.000999999999999995,-0.528260678019278,
-0.101362368766735));
#10640=CARTESIAN_POINT('',(0.000999999999999995,-0.528260678019278,-0.101362368766735));
#10641=CARTESIAN_POINT('Ctrl Pts',(0.000999999999999995,-0.528260678019278,
-0.101362368766735));
#10642=CARTESIAN_POINT('Ctrl Pts',(-0.000200000000000209,-0.528260678019278,
-0.101362368766735));
#10643=CARTESIAN_POINT('Ctrl Pts',(0.000999999999999995,-0.528011052248518,
-0.10097757303767));
#10644=CARTESIAN_POINT('Ctrl Pts',(-0.000200000000000209,-0.528011052248518,
-0.10097757303767));
#10645=CARTESIAN_POINT('Ctrl Pts',(0.000999999999999995,-0.527513960211906,
-0.100211310435621));
#10646=CARTESIAN_POINT('Ctrl Pts',(-0.000200000000000209,-0.527513960211906,
-0.100211310435621));
#10647=CARTESIAN_POINT('Ctrl Pts',(0.00100000000000004,-0.526939077449672,
-0.0989607553634419));
#10648=CARTESIAN_POINT('Ctrl Pts',(-0.000200000000000165,-0.526939077449672,
-0.0989607553634419));
#10649=CARTESIAN_POINT('Ctrl Pts',(0.000999999999999951,-0.52649427463443,
-0.0976508881488216));
#10650=CARTESIAN_POINT('Ctrl Pts',(-0.000200000000000252,-0.52649427463443,
-0.0976508881488216));
#10651=CARTESIAN_POINT('Ctrl Pts',(0.00100000000000004,-0.526184754035281,
-0.0962742996161836));
#10652=CARTESIAN_POINT('Ctrl Pts',(-0.000200000000000165,-0.526184754035281,
-0.0962742996161836));
#10653=CARTESIAN_POINT('Ctrl Pts',(0.00100000000000004,-0.52601772180256,
-0.0948400214292499));
#10654=CARTESIAN_POINT('Ctrl Pts',(-0.000200000000000165,-0.52601772180256,
-0.0948400214292499));
#10655=CARTESIAN_POINT('Ctrl Pts',(0.00100000000000013,-0.525960933234078,
-0.0933585255163839));
#10656=CARTESIAN_POINT('Ctrl Pts',(-0.000200000000000078,-0.525960933234078,
-0.0933585255163839));
#10657=CARTESIAN_POINT('Ctrl Pts',(0.000999999999999995,-0.526032638450679,
-0.0918288732420964));
#10658=CARTESIAN_POINT('Ctrl Pts',(-0.000200000000000209,-0.526032638450679,
-0.0918288732420964));
#10659=CARTESIAN_POINT('Ctrl Pts',(0.00100000000000013,-0.526172087033005,
-0.0908024685997406));
#10660=CARTESIAN_POINT('Ctrl Pts',(-0.000200000000000078,-0.526172087033005,
-0.0908024685997406));
#10661=CARTESIAN_POINT('Ctrl Pts',(0.00100000000000004,-0.526243272955987,
-0.0902785080072416));
#10662=CARTESIAN_POINT('Ctrl Pts',(-0.000200000000000165,-0.526243272955987,
-0.0902785080072416));
#10663=CARTESIAN_POINT('',(0.000999999999999995,-0.526243272955987,-0.0902785080072416));
#10664=CARTESIAN_POINT('Ctrl Pts',(0.000999999999999995,-0.528260678019278,
-0.101362368766735));
#10665=CARTESIAN_POINT('Ctrl Pts',(0.000999999999999951,-0.528011052248518,
-0.10097757303767));
#10666=CARTESIAN_POINT('Ctrl Pts',(0.000999999999999951,-0.527513960211906,
-0.100211310435621));
#10667=CARTESIAN_POINT('Ctrl Pts',(0.000999999999999995,-0.526939077449672,
-0.0989607553634419));
#10668=CARTESIAN_POINT('Ctrl Pts',(0.00099999999999982,-0.52649427463443,
-0.0976508881488216));
#10669=CARTESIAN_POINT('Ctrl Pts',(0.000999999999999995,-0.526184754035281,
-0.0962742996161836));
#10670=CARTESIAN_POINT('Ctrl Pts',(0.000999999999999995,-0.52601772180256,
-0.0948400214292499));
#10671=CARTESIAN_POINT('Ctrl Pts',(0.00100000000000004,-0.525960933234078,
-0.0933585255163839));
#10672=CARTESIAN_POINT('Ctrl Pts',(0.000999999999999951,-0.526032638450679,
-0.0918288732420964));
#10673=CARTESIAN_POINT('Ctrl Pts',(0.00100000000000004,-0.526172087033005,
-0.0908024685997406));
#10674=CARTESIAN_POINT('Ctrl Pts',(0.000999999999999995,-0.526243272955987,
-0.0902785080072416));
#10675=CARTESIAN_POINT('',(0.000999999999999995,-0.526243272955987,-0.0902785080072416));
#10676=CARTESIAN_POINT('Ctrl Pts',(0.000999999999999995,-0.526243272955987,
-0.0902785080072416));
#10677=CARTESIAN_POINT('Ctrl Pts',(-0.000199999999999999,-0.526243272955987,
-0.0902785080072416));
#10678=CARTESIAN_POINT('Ctrl Pts',(0.00100000000000004,-0.526340461152859,
-0.0897394118633393));
#10679=CARTESIAN_POINT('Ctrl Pts',(-0.000199999999999955,-0.526340461152859,
-0.0897394118633393));
#10680=CARTESIAN_POINT('Ctrl Pts',(0.000999999999999995,-0.526534571326521,
-0.0886626962797567));
#10681=CARTESIAN_POINT('Ctrl Pts',(-0.000199999999999999,-0.526534571326521,
-0.0886626962797567));
#10682=CARTESIAN_POINT('Ctrl Pts',(0.000999999999999995,-0.526927162527297,
-0.0870684583326276));
#10683=CARTESIAN_POINT('Ctrl Pts',(-0.000199999999999999,-0.526927162527297,
-0.0870684583326276));
#10684=CARTESIAN_POINT('Ctrl Pts',(0.000999999999999995,-0.527441498834827,
-0.0855089726383757));
#10685=CARTESIAN_POINT('Ctrl Pts',(-0.000199999999999999,-0.527441498834827,
-0.0855089726383757));
#10686=CARTESIAN_POINT('Ctrl Pts',(0.000999999999999995,-0.528026995695667,
-0.0839951765514118));
#10687=CARTESIAN_POINT('Ctrl Pts',(-0.000199999999999999,-0.528026995695667,
-0.0839951765514118));
#10688=CARTESIAN_POINT('Ctrl Pts',(0.000999999999999995,-0.528659624954889,
-0.0825700922551812));
#10689=CARTESIAN_POINT('Ctrl Pts',(-0.000199999999999999,-0.528659624954889,
-0.0825700922551812));
#10690=CARTESIAN_POINT('Ctrl Pts',(0.000999999999999995,-0.529300121122598,
-0.081268474334249));
#10691=CARTESIAN_POINT('Ctrl Pts',(-0.000199999999999999,-0.529300121122598,
-0.081268474334249));
#10692=CARTESIAN_POINT('Ctrl Pts',(0.000999999999999995,-0.529935834097513,
-0.0801097239962494));
#10693=CARTESIAN_POINT('Ctrl Pts',(-0.000199999999999999,-0.529935834097513,
-0.0801097239962494));
#10694=CARTESIAN_POINT('Ctrl Pts',(0.000999999999999995,-0.53038783743546,
-0.0794034203594184));
#10695=CARTESIAN_POINT('Ctrl Pts',(-0.000199999999999999,-0.53038783743546,
-0.0794034203594184));
#10696=CARTESIAN_POINT('Ctrl Pts',(0.000999999999999995,-0.530602450171177,
-0.0790680649692669));
#10697=CARTESIAN_POINT('Ctrl Pts',(-0.000199999999999999,-0.530602450171177,
-0.0790680649692669));
#10698=CARTESIAN_POINT('',(0.000999999999999995,-0.530602450171177,-0.0790680649692669));
#10699=CARTESIAN_POINT('Ctrl Pts',(0.000999999999999995,-0.526243272955987,
-0.0902785080072416));
#10700=CARTESIAN_POINT('Ctrl Pts',(0.00100000000000004,-0.526340461152859,
-0.0897394118633393));
#10701=CARTESIAN_POINT('Ctrl Pts',(0.000999999999999995,-0.526534571326521,
-0.0886626962797567));
#10702=CARTESIAN_POINT('Ctrl Pts',(0.000999999999999995,-0.526927162527297,
-0.0870684583326276));
#10703=CARTESIAN_POINT('Ctrl Pts',(0.000999999999999995,-0.527441498834827,
-0.0855089726383757));
#10704=CARTESIAN_POINT('Ctrl Pts',(0.000999999999999995,-0.528026995695667,
-0.0839951765514118));
#10705=CARTESIAN_POINT('Ctrl Pts',(0.000999999999999995,-0.528659624954889,
-0.0825700922551812));
#10706=CARTESIAN_POINT('Ctrl Pts',(0.000999999999999995,-0.529300121122598,
-0.081268474334249));
#10707=CARTESIAN_POINT('Ctrl Pts',(0.000999999999999995,-0.529935834097513,
-0.0801097239962494));
#10708=CARTESIAN_POINT('Ctrl Pts',(0.000999999999999995,-0.53038783743546,
-0.0794034203594184));
#10709=CARTESIAN_POINT('Ctrl Pts',(0.000999999999999995,-0.530602450171177,
-0.0790680649692669));
#10710=CARTESIAN_POINT('',(0.000999999999999995,-0.530602450171177,-0.0790680649692669));
#10711=CARTESIAN_POINT('Origin',(0.000999999999999995,-0.530602450171177,
-0.0790680649692669));
#10712=CARTESIAN_POINT('',(0.000999999999999995,-0.536187893209151,-0.0799541409186339));
#10713=CARTESIAN_POINT('',(0.000999999999999995,-0.530602450171177,-0.0790680649692669));
#10714=CARTESIAN_POINT('',(0.000999999999999995,-0.536187893209151,-0.0799541409186339));
#10715=CARTESIAN_POINT('Origin',(0.000999999999999995,-0.536187893209151,
-0.0799541409186339));
#10716=CARTESIAN_POINT('',(0.000999999999999995,-0.536124602069911,-0.080341799146482));
#10717=CARTESIAN_POINT('',(0.000999999999999995,-0.536187893209151,-0.0799541409186339));
#10718=CARTESIAN_POINT('',(0.000999999999999995,-0.536124602069911,-0.080341799146482));
#10719=CARTESIAN_POINT('Ctrl Pts',(0.000999999999999995,-0.536124602069911,
-0.080341799146482));
#10720=CARTESIAN_POINT('Ctrl Pts',(-0.000200000000000209,-0.536124602069911,
-0.080341799146482));
#10721=CARTESIAN_POINT('Ctrl Pts',(0.000999999999999995,-0.535816220068121,
-0.0806829414003661));
#10722=CARTESIAN_POINT('Ctrl Pts',(-0.000200000000000209,-0.535816220068121,
-0.0806829414003661));
#10723=CARTESIAN_POINT('Ctrl Pts',(0.00100000000000004,-0.53518585709963,
-0.0813802695277793));
#10724=CARTESIAN_POINT('Ctrl Pts',(-0.000200000000000165,-0.53518585709963,
-0.0813802695277793));
#10725=CARTESIAN_POINT('Ctrl Pts',(0.00099999999999982,-0.534318491837444,
-0.0825313296816985));
#10726=CARTESIAN_POINT('Ctrl Pts',(-0.000200000000000384,-0.534318491837444,
-0.0825313296816985));
#10727=CARTESIAN_POINT('Ctrl Pts',(0.00100000000000013,-0.533503784542565,
-0.0837951165851694));
#10728=CARTESIAN_POINT('Ctrl Pts',(-0.000200000000000078,-0.533503784542565,
-0.0837951165851694));
#10729=CARTESIAN_POINT('Ctrl Pts',(0.000999999999999951,-0.532748786959703,
-0.0851454843857452));
#10730=CARTESIAN_POINT('Ctrl Pts',(-0.000200000000000252,-0.532748786959703,
-0.0851454843857452));
#10731=CARTESIAN_POINT('Ctrl Pts',(0.000999999999999995,-0.532069920142548,
-0.0865408249165191));
#10732=CARTESIAN_POINT('Ctrl Pts',(-0.000200000000000209,-0.532069920142548,
-0.0865408249165191));
#10733=CARTESIAN_POINT('Ctrl Pts',(0.000999999999999995,-0.531523968479377,
-0.0879573826248223));
#10734=CARTESIAN_POINT('Ctrl Pts',(-0.000200000000000209,-0.531523968479377,
-0.0879573826248223));
#10735=CARTESIAN_POINT('Ctrl Pts',(0.000999999999999995,-0.531092649156686,
-0.0893650994645745));
#10736=CARTESIAN_POINT('Ctrl Pts',(-0.000200000000000209,-0.531092649156686,
-0.0893650994645745));
#10737=CARTESIAN_POINT('Ctrl Pts',(0.000999999999999951,-0.530917993103572,
-0.0903160029478854));
#10738=CARTESIAN_POINT('Ctrl Pts',(-0.000200000000000252,-0.530917993103572,
-0.0903160029478854));
#10739=CARTESIAN_POINT('Ctrl Pts',(0.000999999999999995,-0.530831880550923,
-0.0907848371211656));
#10740=CARTESIAN_POINT('Ctrl Pts',(-0.000200000000000209,-0.530831880550923,
-0.0907848371211656));
#10741=CARTESIAN_POINT('',(0.000999999999999995,-0.530831880550923,-0.0907848371211656));
#10742=CARTESIAN_POINT('Ctrl Pts',(0.000999999999999995,-0.536124602069911,
-0.080341799146482));
#10743=CARTESIAN_POINT('Ctrl Pts',(0.000999999999999995,-0.535816220068121,
-0.0806829414003661));
#10744=CARTESIAN_POINT('Ctrl Pts',(0.00100000000000004,-0.53518585709963,
-0.0813802695277793));
#10745=CARTESIAN_POINT('Ctrl Pts',(0.00099999999999982,-0.534318491837444,
-0.0825313296816985));
#10746=CARTESIAN_POINT('Ctrl Pts',(0.00100000000000013,-0.533503784542565,
-0.0837951165851694));
#10747=CARTESIAN_POINT('Ctrl Pts',(0.000999999999999951,-0.532748786959703,
-0.0851454843857452));
#10748=CARTESIAN_POINT('Ctrl Pts',(0.000999999999999995,-0.532069920142548,
-0.0865408249165191));
#10749=CARTESIAN_POINT('Ctrl Pts',(0.000999999999999995,-0.531523968479377,
-0.0879573826248223));
#10750=CARTESIAN_POINT('Ctrl Pts',(0.000999999999999995,-0.531092649156686,
-0.0893650994645745));
#10751=CARTESIAN_POINT('Ctrl Pts',(0.000999999999999951,-0.530917993103572,
-0.0903160029478854));
#10752=CARTESIAN_POINT('Ctrl Pts',(0.000999999999999995,-0.530831880550923,
-0.0907848371211656));
#10753=CARTESIAN_POINT('',(0.000999999999999995,-0.530831880550923,-0.0907848371211656));
#10754=CARTESIAN_POINT('Ctrl Pts',(0.000999999999999995,-0.530831880550923,
-0.0907848371211656));
#10755=CARTESIAN_POINT('Ctrl Pts',(-0.000200000000000209,-0.530831880550923,
-0.0907848371211656));
#10756=CARTESIAN_POINT('Ctrl Pts',(0.000999999999999995,-0.530795881969685,
-0.0910639620809007));
#10757=CARTESIAN_POINT('Ctrl Pts',(-0.000200000000000209,-0.530795881969685,
-0.0910639620809007));
#10758=CARTESIAN_POINT('Ctrl Pts',(0.000999999999999995,-0.530722401709512,
-0.0916337116086976));
#10759=CARTESIAN_POINT('Ctrl Pts',(-0.000200000000000209,-0.530722401709512,
-0.0916337116086976));
#10760=CARTESIAN_POINT('Ctrl Pts',(0.000999999999999951,-0.530693250910759,
-0.0925124988184253));
#10761=CARTESIAN_POINT('Ctrl Pts',(-0.000200000000000252,-0.530693250910759,
-0.0925124988184253));
#10762=CARTESIAN_POINT('Ctrl Pts',(0.000999999999999951,-0.53073736592762,
-0.0934294565010974));
#10763=CARTESIAN_POINT('Ctrl Pts',(-0.000200000000000252,-0.53073736592762,
-0.0934294565010974));
#10764=CARTESIAN_POINT('Ctrl Pts',(0.00100000000000004,-0.530835707669534,
-0.0943657441776927));
#10765=CARTESIAN_POINT('Ctrl Pts',(-0.000200000000000165,-0.530835707669534,
-0.0943657441776927));
#10766=CARTESIAN_POINT('Ctrl Pts',(0.000999999999999951,-0.530999657459255,
-0.0952849101823904));
#10767=CARTESIAN_POINT('Ctrl Pts',(-0.000200000000000252,-0.530999657459255,
-0.0952849101823904));
#10768=CARTESIAN_POINT('Ctrl Pts',(0.00100000000000004,-0.531256762639585,
-0.0961443226913211));
#10769=CARTESIAN_POINT('Ctrl Pts',(-0.000200000000000165,-0.531256762639585,
-0.0961443226913211));
#10770=CARTESIAN_POINT('Ctrl Pts',(0.00099999999999982,-0.531587715050434,
-0.0969313217871031));
#10771=CARTESIAN_POINT('Ctrl Pts',(-0.000200000000000384,-0.531587715050434,
-0.0969313217871031));
#10772=CARTESIAN_POINT('Ctrl Pts',(0.000999999999999951,-0.531887987287302,
-0.0973997614107301));
#10773=CARTESIAN_POINT('Ctrl Pts',(-0.000200000000000252,-0.531887987287302,
-0.0973997614107301));
#10774=CARTESIAN_POINT('Ctrl Pts',(0.000999999999999995,-0.532034412196493,
-0.0976281915515454));
#10775=CARTESIAN_POINT('Ctrl Pts',(-0.000200000000000209,-0.532034412196493,
-0.0976281915515454));
#10776=CARTESIAN_POINT('',(0.000999999999999995,-0.532034412196493,-0.0976281915515454));
#10777=CARTESIAN_POINT('Ctrl Pts',(0.000999999999999995,-0.530831880550923,
-0.0907848371211656));
#10778=CARTESIAN_POINT('Ctrl Pts',(0.000999999999999995,-0.530795881969685,
-0.0910639620809007));
#10779=CARTESIAN_POINT('Ctrl Pts',(0.000999999999999995,-0.530722401709512,
-0.0916337116086976));
#10780=CARTESIAN_POINT('Ctrl Pts',(0.000999999999999951,-0.530693250910759,
-0.0925124988184253));
#10781=CARTESIAN_POINT('Ctrl Pts',(0.000999999999999951,-0.53073736592762,
-0.0934294565010974));
#10782=CARTESIAN_POINT('Ctrl Pts',(0.00100000000000004,-0.530835707669534,
-0.0943657441776927));
#10783=CARTESIAN_POINT('Ctrl Pts',(0.000999999999999951,-0.530999657459255,
-0.0952849101823904));
#10784=CARTESIAN_POINT('Ctrl Pts',(0.00100000000000004,-0.531256762639585,
-0.0961443226913211));
#10785=CARTESIAN_POINT('Ctrl Pts',(0.00099999999999982,-0.531587715050434,
-0.0969313217871031));
#10786=CARTESIAN_POINT('Ctrl Pts',(0.000999999999999951,-0.531887987287302,
-0.0973997614107301));
#10787=CARTESIAN_POINT('Ctrl Pts',(0.000999999999999995,-0.532034412196493,
-0.0976281915515454));
#10788=CARTESIAN_POINT('',(0.000999999999999995,-0.532034412196493,-0.0976281915515454));
#10789=CARTESIAN_POINT('Ctrl Pts',(0.000999999999999995,-0.532034412196493,
-0.0976281915515454));
#10790=CARTESIAN_POINT('Ctrl Pts',(-0.000200000000000314,-0.532034412196493,
-0.0976281915515454));
#10791=CARTESIAN_POINT('Ctrl Pts',(0.00100000000000004,-0.532204237261403,
-0.0978506194650688));
#10792=CARTESIAN_POINT('Ctrl Pts',(-0.00020000000000027,-0.532204237261403,
-0.0978506194650688));
#10793=CARTESIAN_POINT('Ctrl Pts',(0.00100000000000013,-0.532538298189101,
-0.098288154849949));
#10794=CARTESIAN_POINT('Ctrl Pts',(-0.000200000000000182,-0.532538298189101,
-0.098288154849949));
#10795=CARTESIAN_POINT('Ctrl Pts',(0.000999999999999776,-0.533105083506632,
-0.0988745558492464));
#10796=CARTESIAN_POINT('Ctrl Pts',(-0.000200000000000532,-0.533105083506632,
-0.0988745558492464));
#10797=CARTESIAN_POINT('Ctrl Pts',(0.00100000000000013,-0.533708960104753,
-0.099395140474811));
#10798=CARTESIAN_POINT('Ctrl Pts',(-0.000200000000000182,-0.533708960104753,
-0.099395140474811));
#10799=CARTESIAN_POINT('Ctrl Pts',(0.000999999999999951,-0.534368680952028,
-0.0998449954752749));
#10800=CARTESIAN_POINT('Ctrl Pts',(-0.000200000000000357,-0.534368680952028,
-0.0998449954752749));
#10801=CARTESIAN_POINT('Ctrl Pts',(0.00100000000000013,-0.535103237891577,
-0.100235211597932));
#10802=CARTESIAN_POINT('Ctrl Pts',(-0.000200000000000182,-0.535103237891577,
-0.100235211597932));
#10803=CARTESIAN_POINT('Ctrl Pts',(0.000999999999999951,-0.535940845524797,
-0.100543330812095));
#10804=CARTESIAN_POINT('Ctrl Pts',(-0.000200000000000357,-0.535940845524797,
-0.100543330812095));
#10805=CARTESIAN_POINT('Ctrl Pts',(0.000999999999999995,-0.536876452205022,
-0.100808715856391));
#10806=CARTESIAN_POINT('Ctrl Pts',(-0.000200000000000314,-0.536876452205022,
-0.100808715856391));
#10807=CARTESIAN_POINT('Ctrl Pts',(0.000999999999999995,-0.537541984369172,
-0.100923039431247));
#10808=CARTESIAN_POINT('Ctrl Pts',(-0.000200000000000314,-0.537541984369172,
-0.100923039431247));
#10809=CARTESIAN_POINT('Ctrl Pts',(0.000999999999999995,-0.53788884257624,
-0.100982621931292));
#10810=CARTESIAN_POINT('Ctrl Pts',(-0.000200000000000314,-0.53788884257624,
-0.100982621931292));
#10811=CARTESIAN_POINT('',(0.000999999999999995,-0.53788884257624,-0.100982621931292));
#10812=CARTESIAN_POINT('Ctrl Pts',(0.000999999999999995,-0.532034412196493,
-0.0976281915515454));
#10813=CARTESIAN_POINT('Ctrl Pts',(0.00100000000000004,-0.532204237261403,
-0.0978506194650688));
#10814=CARTESIAN_POINT('Ctrl Pts',(0.00100000000000013,-0.532538298189101,
-0.098288154849949));
#10815=CARTESIAN_POINT('Ctrl Pts',(0.000999999999999776,-0.533105083506632,
-0.0988745558492464));
#10816=CARTESIAN_POINT('Ctrl Pts',(0.00100000000000013,-0.533708960104753,
-0.099395140474811));
#10817=CARTESIAN_POINT('Ctrl Pts',(0.000999999999999951,-0.534368680952028,
-0.0998449954752749));
#10818=CARTESIAN_POINT('Ctrl Pts',(0.00100000000000013,-0.535103237891577,
-0.100235211597932));
#10819=CARTESIAN_POINT('Ctrl Pts',(0.000999999999999951,-0.535940845524797,
-0.100543330812095));
#10820=CARTESIAN_POINT('Ctrl Pts',(0.000999999999999995,-0.536876452205022,
-0.100808715856391));
#10821=CARTESIAN_POINT('Ctrl Pts',(0.000999999999999995,-0.537541984369172,
-0.100923039431247));
#10822=CARTESIAN_POINT('Ctrl Pts',(0.000999999999999995,-0.53788884257624,
-0.100982621931292));
#10823=CARTESIAN_POINT('',(0.000999999999999995,-0.53788884257624,-0.100982621931292));
#10824=CARTESIAN_POINT('Ctrl Pts',(0.000999999999999995,-0.53788884257624,
-0.100982621931292));
#10825=CARTESIAN_POINT('Ctrl Pts',(-0.000200000000000261,-0.53788884257624,
-0.100982621931292));
#10826=CARTESIAN_POINT('Ctrl Pts',(0.000999999999999995,-0.538233619778251,
-0.101032045111778));
#10827=CARTESIAN_POINT('Ctrl Pts',(-0.000200000000000261,-0.538233619778251,
-0.101032045111778));
#10828=CARTESIAN_POINT('Ctrl Pts',(0.000999999999999951,-0.538894603395941,
-0.101126795902854));
#10829=CARTESIAN_POINT('Ctrl Pts',(-0.000200000000000305,-0.538894603395941,
-0.101126795902854));
#10830=CARTESIAN_POINT('Ctrl Pts',(0.000999999999999995,-0.539857431303724,
-0.101148457986758));
#10831=CARTESIAN_POINT('Ctrl Pts',(-0.000200000000000261,-0.539857431303724,
-0.101148457986758));
#10832=CARTESIAN_POINT('Ctrl Pts',(0.000999999999999995,-0.540741579721648,
-0.101082731933758));
#10833=CARTESIAN_POINT('Ctrl Pts',(-0.000200000000000261,-0.540741579721648,
-0.101082731933758));
#10834=CARTESIAN_POINT('Ctrl Pts',(0.000999999999999776,-0.54154743057294,
-0.100917519118614));
#10835=CARTESIAN_POINT('Ctrl Pts',(-0.00020000000000048,-0.54154743057294,
-0.100917519118614));
#10836=CARTESIAN_POINT('Ctrl Pts',(0.00100000000000004,-0.542277988627482,
-0.10066124142829));
#10837=CARTESIAN_POINT('Ctrl Pts',(-0.000200000000000217,-0.542277988627482,
-0.10066124142829));
#10838=CARTESIAN_POINT('Ctrl Pts',(0.00099999999999982,-0.542937991111688,
-0.100325753186394));
#10839=CARTESIAN_POINT('Ctrl Pts',(-0.000200000000000436,-0.542937991111688,
-0.100325753186394));
#10840=CARTESIAN_POINT('Ctrl Pts',(0.00100000000000004,-0.543541053402769,
-0.0999236085573334));
#10841=CARTESIAN_POINT('Ctrl Pts',(-0.000200000000000217,-0.543541053402769,
-0.0999236085573334));
#10842=CARTESIAN_POINT('Ctrl Pts',(0.000999999999999995,-0.543887321523578,
-0.0995954028571955));
#10843=CARTESIAN_POINT('Ctrl Pts',(-0.000200000000000261,-0.543887321523578,
-0.0995954028571955));
#10844=CARTESIAN_POINT('Ctrl Pts',(0.000999999999999995,-0.544059728652189,
-0.0994319890198998));
#10845=CARTESIAN_POINT('Ctrl Pts',(-0.000200000000000261,-0.544059728652189,
-0.0994319890198998));
#10846=CARTESIAN_POINT('',(0.000999999999999995,-0.544059728652189,-0.0994319890198998));
#10847=CARTESIAN_POINT('Ctrl Pts',(0.000999999999999995,-0.53788884257624,
-0.100982621931292));
#10848=CARTESIAN_POINT('Ctrl Pts',(0.000999999999999995,-0.538233619778251,
-0.101032045111778));
#10849=CARTESIAN_POINT('Ctrl Pts',(0.000999999999999951,-0.538894603395941,
-0.101126795902854));
#10850=CARTESIAN_POINT('Ctrl Pts',(0.000999999999999995,-0.539857431303724,
-0.101148457986758));
#10851=CARTESIAN_POINT('Ctrl Pts',(0.000999999999999995,-0.540741579721648,
-0.101082731933758));
#10852=CARTESIAN_POINT('Ctrl Pts',(0.000999999999999776,-0.54154743057294,
-0.100917519118614));
#10853=CARTESIAN_POINT('Ctrl Pts',(0.00100000000000004,-0.542277988627482,
-0.10066124142829));
#10854=CARTESIAN_POINT('Ctrl Pts',(0.00099999999999982,-0.542937991111688,
-0.100325753186394));
#10855=CARTESIAN_POINT('Ctrl Pts',(0.00100000000000004,-0.543541053402769,
-0.0999236085573334));
#10856=CARTESIAN_POINT('Ctrl Pts',(0.000999999999999995,-0.543887321523578,
-0.0995954028571955));
#10857=CARTESIAN_POINT('Ctrl Pts',(0.000999999999999995,-0.544059728652189,
-0.0994319890198998));
#10858=CARTESIAN_POINT('',(0.000999999999999995,-0.544059728652189,-0.0994319890198998));
#10859=CARTESIAN_POINT('Ctrl Pts',(0.000999999999999995,-0.544059728652189,
-0.0994319890198998));
#10860=CARTESIAN_POINT('Ctrl Pts',(-0.000200000000000209,-0.544059728652189,
-0.0994319890198998));
#10861=CARTESIAN_POINT('Ctrl Pts',(0.00099999999999982,-0.544225231427849,
-0.0992538547978411));
#10862=CARTESIAN_POINT('Ctrl Pts',(-0.000200000000000384,-0.544225231427849,
-0.0992538547978411));
#10863=CARTESIAN_POINT('Ctrl Pts',(0.000999999999999951,-0.544561215760233,
-0.0988922275838273));
#10864=CARTESIAN_POINT('Ctrl Pts',(-0.000200000000000252,-0.544561215760233,
-0.0988922275838273));
#10865=CARTESIAN_POINT('Ctrl Pts',(0.00100000000000004,-0.544988543567164,
-0.0982650580296257));
#10866=CARTESIAN_POINT('Ctrl Pts',(-0.000200000000000165,-0.544988543567164,
-0.0982650580296257));
#10867=CARTESIAN_POINT('Ctrl Pts',(0.000999999999999995,-0.545358000506161,
-0.0975682382660033));
#10868=CARTESIAN_POINT('Ctrl Pts',(-0.000200000000000209,-0.545358000506161,
-0.0975682382660033));
#10869=CARTESIAN_POINT('Ctrl Pts',(0.00100000000000004,-0.545784647538614,
-0.0965305430277413));
#10870=CARTESIAN_POINT('Ctrl Pts',(-0.000200000000000165,-0.545784647538614,
-0.0965305430277413));
#10871=CARTESIAN_POINT('Ctrl Pts',(0.00099999999999982,-0.546193005653595,
-0.0951044418197702));
#10872=CARTESIAN_POINT('Ctrl Pts',(-0.000200000000000384,-0.546193005653595,
-0.0951044418197702));
#10873=CARTESIAN_POINT('Ctrl Pts',(0.000999999999999995,-0.546414041054957,
-0.0939197873871949));
#10874=CARTESIAN_POINT('Ctrl Pts',(-0.000200000000000209,-0.546414041054957,
-0.0939197873871949));
#10875=CARTESIAN_POINT('Ctrl Pts',(0.000999999999999995,-0.546528083082569,
-0.0933085712983808));
#10876=CARTESIAN_POINT('Ctrl Pts',(-0.000200000000000209,-0.546528083082569,
-0.0933085712983808));
#10877=CARTESIAN_POINT('',(0.000999999999999995,-0.546528083082569,-0.0933085712983808));
#10878=CARTESIAN_POINT('Ctrl Pts',(0.000999999999999995,-0.544059728652189,
-0.0994319890198998));
#10879=CARTESIAN_POINT('Ctrl Pts',(0.00099999999999982,-0.544225231427849,
-0.0992538547978411));
#10880=CARTESIAN_POINT('Ctrl Pts',(0.000999999999999951,-0.544561215760233,
-0.0988922275838273));
#10881=CARTESIAN_POINT('Ctrl Pts',(0.00100000000000004,-0.544988543567164,
-0.0982650580296257));
#10882=CARTESIAN_POINT('Ctrl Pts',(0.000999999999999995,-0.545358000506161,
-0.0975682382660033));
#10883=CARTESIAN_POINT('Ctrl Pts',(0.00100000000000004,-0.545784647538614,
-0.0965305430277413));
#10884=CARTESIAN_POINT('Ctrl Pts',(0.00099999999999982,-0.546193005653595,
-0.0951044418197702));
#10885=CARTESIAN_POINT('Ctrl Pts',(0.000999999999999995,-0.546414041054957,
-0.0939197873871949));
#10886=CARTESIAN_POINT('Ctrl Pts',(0.000999999999999995,-0.546528083082569,
-0.0933085712983808));
#10887=CARTESIAN_POINT('',(0.000999999999999995,-0.546528083082569,-0.0933085712983808));
#10888=CARTESIAN_POINT('Origin',(0.000999999999999995,-0.546528083082569,
-0.0933085712983808));
#10889=CARTESIAN_POINT('',(0.000999999999999995,-0.546892007133202,-0.0909905333236972));
#10890=CARTESIAN_POINT('',(0.000999999999999995,-0.546528083082569,-0.0933085712983808));
#10891=CARTESIAN_POINT('',(0.000999999999999995,-0.546892007133202,-0.0909905333236972));
#10892=CARTESIAN_POINT('Origin',(0.000999999999999995,-0.546892007133202,
-0.0909905333236972));
#10893=CARTESIAN_POINT('',(0.000999999999999995,-0.551448969158518,-0.0917183814249631));
#10894=CARTESIAN_POINT('',(0.000999999999999995,-0.546892007133202,-0.0909905333236972));
#10895=CARTESIAN_POINT('',(0.000999999999999995,-0.551448969158518,-0.0917183814249631));
#10896=CARTESIAN_POINT('Origin',(0.000999999999999995,-0.551448969158518,
-0.0917183814249631));
#10897=CARTESIAN_POINT('',(0.000999999999999995,-0.551172070424341,-0.0934747105388871));
#10898=CARTESIAN_POINT('',(0.000999999999999995,-0.551448969158518,-0.0917183814249631));
#10899=CARTESIAN_POINT('',(0.000999999999999995,-0.551172070424341,-0.0934747105388871));
#10900=CARTESIAN_POINT('Ctrl Pts',(0.000999999999999995,-0.551172070424341,
-0.0934747105388871));
#10901=CARTESIAN_POINT('Ctrl Pts',(-0.000200000000000209,-0.551172070424341,
-0.0934747105388871));
#10902=CARTESIAN_POINT('Ctrl Pts',(0.00100000000000004,-0.551129096829456,
-0.0937854793578164));
#10903=CARTESIAN_POINT('Ctrl Pts',(-0.000200000000000165,-0.551129096829456,
-0.0937854793578164));
#10904=CARTESIAN_POINT('Ctrl Pts',(0.000999999999999995,-0.551045196894445,
-0.0943922120219517));
#10905=CARTESIAN_POINT('Ctrl Pts',(-0.000200000000000209,-0.551045196894445,
-0.0943922120219517));
#10906=CARTESIAN_POINT('Ctrl Pts',(0.00100000000000004,-0.55097932517279,
-0.0952906520522586));
#10907=CARTESIAN_POINT('Ctrl Pts',(-0.000200000000000165,-0.55097932517279,
-0.0952906520522586));
#10908=CARTESIAN_POINT('Ctrl Pts',(0.000999999999999995,-0.550981948264205,
-0.0961494926251074));
#10909=CARTESIAN_POINT('Ctrl Pts',(-0.000200000000000209,-0.550981948264205,
-0.0961494926251074));
#10910=CARTESIAN_POINT('Ctrl Pts',(0.00099999999999982,-0.551029612563203,
-0.0969708116845277));
#10911=CARTESIAN_POINT('Ctrl Pts',(-0.000200000000000384,-0.551029612563203,
-0.0969708116845277));
#10912=CARTESIAN_POINT('Ctrl Pts',(0.00100000000000004,-0.551161843900023,
-0.0977474613238387));
#10913=CARTESIAN_POINT('Ctrl Pts',(-0.000200000000000165,-0.551161843900023,
-0.0977474613238387));
#10914=CARTESIAN_POINT('Ctrl Pts',(0.00099999999999982,-0.551339187560141,
-0.0984880412963872));
#10915=CARTESIAN_POINT('Ctrl Pts',(-0.000200000000000384,-0.551339187560141,
-0.0984880412963872));
#10916=CARTESIAN_POINT('Ctrl Pts',(0.00100000000000004,-0.551588478650043,
-0.0991853368737074));
#10917=CARTESIAN_POINT('Ctrl Pts',(-0.000200000000000165,-0.551588478650043,
-0.0991853368737074));
#10918=CARTESIAN_POINT('Ctrl Pts',(0.000999999999999951,-0.551883845432455,
-0.0998443643013472));
#10919=CARTESIAN_POINT('Ctrl Pts',(-0.000200000000000252,-0.551883845432455,
-0.0998443643013472));
#10920=CARTESIAN_POINT('Ctrl Pts',(0.000999999999999995,-0.552248864500784,
-0.100446681335043));
#10921=CARTESIAN_POINT('Ctrl Pts',(-0.000200000000000209,-0.552248864500784,
-0.100446681335043));
#10922=CARTESIAN_POINT('Ctrl Pts',(0.000999999999999951,-0.552672993695772,
-0.100991488722478));
#10923=CARTESIAN_POINT('Ctrl Pts',(-0.000200000000000252,-0.552672993695772,
-0.100991488722478));
#10924=CARTESIAN_POINT('Ctrl Pts',(0.000999999999999995,-0.553154667271978,
-0.101478603774832));
#10925=CARTESIAN_POINT('Ctrl Pts',(-0.000200000000000209,-0.553154667271978,
-0.101478603774832));
#10926=CARTESIAN_POINT('Ctrl Pts',(0.000999999999999995,-0.553707749762804,
-0.101889343550791));
#10927=CARTESIAN_POINT('Ctrl Pts',(-0.000200000000000209,-0.553707749762804,
-0.101889343550791));
#10928=CARTESIAN_POINT('Ctrl Pts',(0.000999999999999995,-0.554314404742626,
-0.102243081316984));
#10929=CARTESIAN_POINT('Ctrl Pts',(-0.000200000000000209,-0.554314404742626,
-0.102243081316984));
#10930=CARTESIAN_POINT('Ctrl Pts',(0.00100000000000004,-0.554984286953264,
-0.102522039250281));
#10931=CARTESIAN_POINT('Ctrl Pts',(-0.000200000000000165,-0.554984286953264,
-0.102522039250281));
#10932=CARTESIAN_POINT('Ctrl Pts',(0.00099999999999982,-0.555706989060616,
-0.10276068388158));
#10933=CARTESIAN_POINT('Ctrl Pts',(-0.000200000000000384,-0.555706989060616,
-0.10276068388158));
#10934=CARTESIAN_POINT('Ctrl Pts',(0.000999999999999951,-0.556217980152685,
-0.102850840837376));
#10935=CARTESIAN_POINT('Ctrl Pts',(-0.000200000000000252,-0.556217980152685,
-0.102850840837376));
#10936=CARTESIAN_POINT('Ctrl Pts',(0.000999999999999995,-0.556480614728139,
-0.102897178893317));
#10937=CARTESIAN_POINT('Ctrl Pts',(-0.000200000000000209,-0.556480614728139,
-0.102897178893317));
#10938=CARTESIAN_POINT('',(0.000999999999999995,-0.556480614728139,-0.102897178893317));
#10939=CARTESIAN_POINT('Ctrl Pts',(0.000999999999999995,-0.551172070424341,
-0.0934747105388871));
#10940=CARTESIAN_POINT('Ctrl Pts',(0.00100000000000004,-0.551129096829456,
-0.0937854793578164));
#10941=CARTESIAN_POINT('Ctrl Pts',(0.000999999999999995,-0.551045196894445,
-0.0943922120219517));
#10942=CARTESIAN_POINT('Ctrl Pts',(0.00100000000000004,-0.55097932517279,
-0.0952906520522586));
#10943=CARTESIAN_POINT('Ctrl Pts',(0.000999999999999995,-0.550981948264205,
-0.0961494926251074));
#10944=CARTESIAN_POINT('Ctrl Pts',(0.00099999999999982,-0.551029612563203,
-0.0969708116845277));
#10945=CARTESIAN_POINT('Ctrl Pts',(0.00100000000000004,-0.551161843900023,
-0.0977474613238387));
#10946=CARTESIAN_POINT('Ctrl Pts',(0.00099999999999982,-0.551339187560141,
-0.0984880412963872));
#10947=CARTESIAN_POINT('Ctrl Pts',(0.00100000000000004,-0.551588478650043,
-0.0991853368737074));
#10948=CARTESIAN_POINT('Ctrl Pts',(0.000999999999999951,-0.551883845432455,
-0.0998443643013472));
#10949=CARTESIAN_POINT('Ctrl Pts',(0.000999999999999995,-0.552248864500784,
-0.100446681335043));
#10950=CARTESIAN_POINT('Ctrl Pts',(0.000999999999999951,-0.552672993695772,
-0.100991488722478));
#10951=CARTESIAN_POINT('Ctrl Pts',(0.000999999999999995,-0.553154667271978,
-0.101478603774832));
#10952=CARTESIAN_POINT('Ctrl Pts',(0.000999999999999995,-0.553707749762804,
-0.101889343550791));
#10953=CARTESIAN_POINT('Ctrl Pts',(0.000999999999999995,-0.554314404742626,
-0.102243081316984));
#10954=CARTESIAN_POINT('Ctrl Pts',(0.00100000000000004,-0.554984286953264,
-0.102522039250281));
#10955=CARTESIAN_POINT('Ctrl Pts',(0.00099999999999982,-0.555706989060616,
-0.10276068388158));
#10956=CARTESIAN_POINT('Ctrl Pts',(0.000999999999999951,-0.556217980152685,
-0.102850840837376));
#10957=CARTESIAN_POINT('Ctrl Pts',(0.000999999999999995,-0.556480614728139,
-0.102897178893317));
#10958=CARTESIAN_POINT('',(0.000999999999999995,-0.556480614728139,-0.102897178893317));
#10959=CARTESIAN_POINT('Ctrl Pts',(0.000999999999999995,-0.556480614728139,
-0.102897178893317));
#10960=CARTESIAN_POINT('Ctrl Pts',(-0.000200000000000209,-0.556480614728139,
-0.102897178893317));
#10961=CARTESIAN_POINT('Ctrl Pts',(0.000999999999999995,-0.556714944098095,
-0.102926645052725));
#10962=CARTESIAN_POINT('Ctrl Pts',(-0.000200000000000209,-0.556714944098095,
-0.102926645052725));
#10963=CARTESIAN_POINT('Ctrl Pts',(0.000999999999999951,-0.557169331644628,
-0.102983782815189));
#10964=CARTESIAN_POINT('Ctrl Pts',(-0.000200000000000252,-0.557169331644628,
-0.102983782815189));
#10965=CARTESIAN_POINT('Ctrl Pts',(0.00100000000000013,-0.557844078824501,
-0.102972717938712));
#10966=CARTESIAN_POINT('Ctrl Pts',(-0.000200000000000078,-0.557844078824501,
-0.102972717938712));
#10967=CARTESIAN_POINT('Ctrl Pts',(0.000999999999999951,-0.558487046546136,
-0.102892223745332));
#10968=CARTESIAN_POINT('Ctrl Pts',(-0.000200000000000252,-0.558487046546136,
-0.102892223745332));
#10969=CARTESIAN_POINT('Ctrl Pts',(0.00100000000000004,-0.559093228872744,
-0.102710378486509));
#10970=CARTESIAN_POINT('Ctrl Pts',(-0.000200000000000165,-0.559093228872744,
-0.102710378486509));
#10971=CARTESIAN_POINT('Ctrl Pts',(0.00099999999999982,-0.559665961558951,
-0.10247041928493));
#10972=CARTESIAN_POINT('Ctrl Pts',(-0.000200000000000384,-0.559665961558951,
-0.10247041928493));
#10973=CARTESIAN_POINT('Ctrl Pts',(0.00100000000000004,-0.560188613914087,
-0.102142977808052));
#10974=CARTESIAN_POINT('Ctrl Pts',(-0.000200000000000165,-0.560188613914087,
-0.102142977808052));
#10975=CARTESIAN_POINT('Ctrl Pts',(0.000999999999999951,-0.560689813275906,
-0.101775695016888));
#10976=CARTESIAN_POINT('Ctrl Pts',(-0.000200000000000252,-0.560689813275906,
-0.101775695016888));
#10977=CARTESIAN_POINT('Ctrl Pts',(0.000999999999999995,-0.560978388449439,
-0.101475110334517));
#10978=CARTESIAN_POINT('Ctrl Pts',(-0.000200000000000209,-0.560978388449439,
-0.101475110334517));
#10979=CARTESIAN_POINT('Ctrl Pts',(0.000999999999999951,-0.561124602069911,
-0.10132281180471));
#10980=CARTESIAN_POINT('Ctrl Pts',(-0.000200000000000252,-0.561124602069911,
-0.10132281180471));
#10981=CARTESIAN_POINT('',(0.000999999999999951,-0.561124602069911,-0.10132281180471));
#10982=CARTESIAN_POINT('Ctrl Pts',(0.000999999999999995,-0.556480614728139,
-0.102897178893317));
#10983=CARTESIAN_POINT('Ctrl Pts',(0.000999999999999995,-0.556714944098095,
-0.102926645052725));
#10984=CARTESIAN_POINT('Ctrl Pts',(0.000999999999999951,-0.557169331644628,
-0.102983782815189));
#10985=CARTESIAN_POINT('Ctrl Pts',(0.00100000000000013,-0.557844078824501,
-0.102972717938712));
#10986=CARTESIAN_POINT('Ctrl Pts',(0.000999999999999951,-0.558487046546136,
-0.102892223745332));
#10987=CARTESIAN_POINT('Ctrl Pts',(0.00100000000000004,-0.559093228872744,
-0.102710378486509));
#10988=CARTESIAN_POINT('Ctrl Pts',(0.00099999999999982,-0.559665961558951,
-0.10247041928493));
#10989=CARTESIAN_POINT('Ctrl Pts',(0.00100000000000004,-0.560188613914087,
-0.102142977808052));
#10990=CARTESIAN_POINT('Ctrl Pts',(0.000999999999999951,-0.560689813275906,
-0.101775695016888));
#10991=CARTESIAN_POINT('Ctrl Pts',(0.000999999999999995,-0.560978388449439,
-0.101475110334517));
#10992=CARTESIAN_POINT('Ctrl Pts',(0.000999999999999951,-0.561124602069911,
-0.10132281180471));
#10993=CARTESIAN_POINT('',(0.000999999999999951,-0.561124602069911,-0.10132281180471));
#10994=CARTESIAN_POINT('Ctrl Pts',(0.000999999999999995,-0.561124602069911,
-0.10132281180471));
#10995=CARTESIAN_POINT('Ctrl Pts',(-0.000200000000000261,-0.561124602069911,
-0.10132281180471));
#10996=CARTESIAN_POINT('Ctrl Pts',(0.00100000000000004,-0.561264476475483,
-0.101153529898801));
#10997=CARTESIAN_POINT('Ctrl Pts',(-0.000200000000000217,-0.561264476475483,
-0.101153529898801));
#10998=CARTESIAN_POINT('Ctrl Pts',(0.00100000000000004,-0.561542304443989,
-0.100817290771768));
#10999=CARTESIAN_POINT('Ctrl Pts',(-0.000200000000000217,-0.561542304443989,
-0.100817290771768));
#11000=CARTESIAN_POINT('Ctrl Pts',(0.000999999999999951,-0.561909172481042,
-0.100276804627976));
#11001=CARTESIAN_POINT('Ctrl Pts',(-0.000200000000000305,-0.561909172481042,
-0.100276804627976));
#11002=CARTESIAN_POINT('Ctrl Pts',(0.000999999999999995,-0.562217992471769,
-0.099702681309983));
#11003=CARTESIAN_POINT('Ctrl Pts',(-0.000200000000000261,-0.562217992471769,
-0.099702681309983));
#11004=CARTESIAN_POINT('Ctrl Pts',(0.000999999999999951,-0.562574544107576,
-0.0988772930714043));
#11005=CARTESIAN_POINT('Ctrl Pts',(-0.000200000000000305,-0.562574544107576,
-0.0988772930714043));
#11006=CARTESIAN_POINT('Ctrl Pts',(0.00099999999999982,-0.562918792930913,
-0.0977271386884702));
#11007=CARTESIAN_POINT('Ctrl Pts',(-0.000200000000000436,-0.562918792930913,
-0.0977271386884702));
#11008=CARTESIAN_POINT('Ctrl Pts',(0.00100000000000004,-0.563096205418478,
-0.0967652231243061));
#11009=CARTESIAN_POINT('Ctrl Pts',(-0.000200000000000217,-0.563096205418478,
-0.0967652231243061));
#11010=CARTESIAN_POINT('Ctrl Pts',(0.000999999999999995,-0.563189475487632,
-0.0962595206654694));
#11011=CARTESIAN_POINT('Ctrl Pts',(-0.000200000000000261,-0.563189475487632,
-0.0962595206654694));
#11012=CARTESIAN_POINT('',(0.000999999999999995,-0.563189475487632,-0.0962595206654694));
#11013=CARTESIAN_POINT('Ctrl Pts',(0.000999999999999951,-0.561124602069911,
-0.10132281180471));
#11014=CARTESIAN_POINT('Ctrl Pts',(0.00100000000000004,-0.561264476475483,
-0.101153529898801));
#11015=CARTESIAN_POINT('Ctrl Pts',(0.00100000000000004,-0.561542304443989,
-0.100817290771768));
#11016=CARTESIAN_POINT('Ctrl Pts',(0.000999999999999951,-0.561909172481042,
-0.100276804627976));
#11017=CARTESIAN_POINT('Ctrl Pts',(0.000999999999999995,-0.562217992471769,
-0.099702681309983));
#11018=CARTESIAN_POINT('Ctrl Pts',(0.000999999999999951,-0.562574544107576,
-0.0988772930714043));
#11019=CARTESIAN_POINT('Ctrl Pts',(0.00099999999999982,-0.562918792930913,
-0.0977271386884702));
#11020=CARTESIAN_POINT('Ctrl Pts',(0.00100000000000004,-0.563096205418478,
-0.0967652231243061));
#11021=CARTESIAN_POINT('Ctrl Pts',(0.000999999999999995,-0.563189475487632,
-0.0962595206654694));
#11022=CARTESIAN_POINT('',(0.000999999999999995,-0.563189475487632,-0.0962595206654694));
#11023=CARTESIAN_POINT('Ctrl Pts',(0.000999999999999995,-0.563189475487632,
-0.0962595206654694));
#11024=CARTESIAN_POINT('Ctrl Pts',(-0.000200000000000104,-0.563189475487632,
-0.0962595206654694));
#11025=CARTESIAN_POINT('Ctrl Pts',(0.000999999999999995,-0.563245909224439,
-0.0958408947439094));
#11026=CARTESIAN_POINT('Ctrl Pts',(-0.000200000000000104,-0.563245909224439,
-0.0958408947439094));
#11027=CARTESIAN_POINT('Ctrl Pts',(0.000999999999999995,-0.563360896805971,
-0.0949879159228939));
#11028=CARTESIAN_POINT('Ctrl Pts',(-0.000200000000000104,-0.563360896805971,
-0.0949879159228939));
#11029=CARTESIAN_POINT('Ctrl Pts',(0.00100000000000004,-0.563365996007127,
-0.0936661625507211));
#11030=CARTESIAN_POINT('Ctrl Pts',(-0.00020000000000006,-0.563365996007127,
-0.0936661625507211));
#11031=CARTESIAN_POINT('Ctrl Pts',(0.00100000000000004,-0.563304980830057,
-0.0922904685221923));
#11032=CARTESIAN_POINT('Ctrl Pts',(-0.00020000000000006,-0.563304980830057,
-0.0922904685221923));
#11033=CARTESIAN_POINT('Ctrl Pts',(0.000999999999999995,-0.563105276114474,
-0.090872123976159));
#11034=CARTESIAN_POINT('Ctrl Pts',(-0.000200000000000104,-0.563105276114474,
-0.090872123976159));
#11035=CARTESIAN_POINT('Ctrl Pts',(0.000999999999999995,-0.562822570771422,
-0.0894338363647132));
#11036=CARTESIAN_POINT('Ctrl Pts',(-0.000200000000000104,-0.562822570771422,
-0.0894338363647132));
#11037=CARTESIAN_POINT('Ctrl Pts',(0.00100000000000004,-0.562410498271659,
-0.0880098288468734));
#11038=CARTESIAN_POINT('Ctrl Pts',(-0.00020000000000006,-0.562410498271659,
-0.0880098288468734));
#11039=CARTESIAN_POINT('Ctrl Pts',(0.000999999999999951,-0.561918990121531,
-0.0866020640529616));
#11040=CARTESIAN_POINT('Ctrl Pts',(-0.000200000000000148,-0.561918990121531,
-0.0866020640529616));
#11041=CARTESIAN_POINT('Ctrl Pts',(0.000999999999999995,-0.561506158970117,
-0.0856949198189951));
#11042=CARTESIAN_POINT('Ctrl Pts',(-0.000200000000000104,-0.561506158970117,
-0.0856949198189951));
#11043=CARTESIAN_POINT('Ctrl Pts',(0.000999999999999995,-0.561298652702822,
-0.0852389510452162));
#11044=CARTESIAN_POINT('Ctrl Pts',(-0.000200000000000104,-0.561298652702822,
-0.0852389510452162));
#11045=CARTESIAN_POINT('',(0.000999999999999995,-0.561298652702822,-0.0852389510452162));
#11046=CARTESIAN_POINT('Ctrl Pts',(0.000999999999999995,-0.563189475487632,
-0.0962595206654694));
#11047=CARTESIAN_POINT('Ctrl Pts',(0.000999999999999995,-0.563245909224439,
-0.0958408947439094));
#11048=CARTESIAN_POINT('Ctrl Pts',(0.000999999999999995,-0.563360896805971,
-0.0949879159228939));
#11049=CARTESIAN_POINT('Ctrl Pts',(0.00100000000000004,-0.563365996007127,
-0.0936661625507211));
#11050=CARTESIAN_POINT('Ctrl Pts',(0.00100000000000004,-0.563304980830057,
-0.0922904685221923));
#11051=CARTESIAN_POINT('Ctrl Pts',(0.000999999999999995,-0.563105276114474,
-0.090872123976159));
#11052=CARTESIAN_POINT('Ctrl Pts',(0.000999999999999995,-0.562822570771422,
-0.0894338363647132));
#11053=CARTESIAN_POINT('Ctrl Pts',(0.00100000000000004,-0.562410498271659,
-0.0880098288468734));
#11054=CARTESIAN_POINT('Ctrl Pts',(0.000999999999999951,-0.561918990121531,
-0.0866020640529616));
#11055=CARTESIAN_POINT('Ctrl Pts',(0.000999999999999995,-0.561506158970117,
-0.0856949198189951));
#11056=CARTESIAN_POINT('Ctrl Pts',(0.000999999999999995,-0.561298652702822,
-0.0852389510452162));
#11057=CARTESIAN_POINT('',(0.000999999999999995,-0.561298652702822,-0.0852389510452162));
#11058=CARTESIAN_POINT('Origin',(0.000999999999999995,-0.561298652702822,
-0.0852389510452162));
#11059=CARTESIAN_POINT('',(0.000999999999999995,-0.561338209664847,-0.0849778750958491));
#11060=CARTESIAN_POINT('',(0.000999999999999995,-0.561298652702822,-0.0852389510452162));
#11061=CARTESIAN_POINT('',(0.000999999999999995,-0.561338209664847,-0.0849778750958491));
#11062=CARTESIAN_POINT('Origin',(0.000999999999999995,-0.561338209664847,
-0.0849778750958491));
#11063=CARTESIAN_POINT('',(0.000999999999999995,-0.566923652702822,-0.0858639510452162));
#11064=CARTESIAN_POINT('',(0.000999999999999995,-0.561338209664847,-0.0849778750958491));
#11065=CARTESIAN_POINT('',(0.000999999999999995,-0.566923652702822,-0.0858639510452162));
#11066=CARTESIAN_POINT('Ctrl Pts',(0.000999999999999995,-0.566923652702822,
-0.0858639510452162));
#11067=CARTESIAN_POINT('Ctrl Pts',(-0.000200000000000104,-0.566923652702822,
-0.0858639510452162));
#11068=CARTESIAN_POINT('Ctrl Pts',(0.00100000000000004,-0.567028446617285,
-0.086224055618287));
#11069=CARTESIAN_POINT('Ctrl Pts',(-0.00020000000000006,-0.567028446617285,
-0.086224055618287));
#11070=CARTESIAN_POINT('Ctrl Pts',(0.000999999999999951,-0.56725077118663,
-0.0869880321768302));
#11071=CARTESIAN_POINT('Ctrl Pts',(-0.000200000000000148,-0.56725077118663,
-0.0869880321768302));
#11072=CARTESIAN_POINT('Ctrl Pts',(0.00100000000000004,-0.567505401601393,
-0.0882258432765906));
#11073=CARTESIAN_POINT('Ctrl Pts',(-0.00020000000000006,-0.567505401601393,
-0.0882258432765906));
#11074=CARTESIAN_POINT('Ctrl Pts',(0.000999999999999995,-0.567713561985199,
-0.0896154671756203));
#11075=CARTESIAN_POINT('Ctrl Pts',(-0.000200000000000104,-0.567713561985199,
-0.0896154671756203));
#11076=CARTESIAN_POINT('Ctrl Pts',(0.000999999999999951,-0.567889794605546,
-0.0911239112591322));
#11077=CARTESIAN_POINT('Ctrl Pts',(-0.000200000000000148,-0.567889794605546,
-0.0911239112591322));
#11078=CARTESIAN_POINT('Ctrl Pts',(0.00100000000000004,-0.567980264021167,
-0.0926927645486313));
#11079=CARTESIAN_POINT('Ctrl Pts',(-0.00020000000000006,-0.567980264021167,
-0.0926927645486313));
#11080=CARTESIAN_POINT('Ctrl Pts',(0.000999999999999951,-0.567994426154513,
-0.0942539778366402));
#11081=CARTESIAN_POINT('Ctrl Pts',(-0.000200000000000148,-0.567994426154513,
-0.0942539778366402));
#11082=CARTESIAN_POINT('Ctrl Pts',(0.00100000000000004,-0.567900032461012,
-0.0957764332832767));
#11083=CARTESIAN_POINT('Ctrl Pts',(-0.00020000000000006,-0.567900032461012,
-0.0957764332832767));
#11084=CARTESIAN_POINT('Ctrl Pts',(0.000999999999999951,-0.567765523330602,
-0.0967717779549613));
#11085=CARTESIAN_POINT('Ctrl Pts',(-0.000200000000000148,-0.567765523330602,
-0.0967717779549613));
#11086=CARTESIAN_POINT('Ctrl Pts',(0.000999999999999995,-0.567698969158518,
-0.0972642675009125));
#11087=CARTESIAN_POINT('Ctrl Pts',(-0.000200000000000104,-0.567698969158518,
-0.0972642675009125));
#11088=CARTESIAN_POINT('',(0.000999999999999995,-0.567698969158518,-0.0972642675009125));
#11089=CARTESIAN_POINT('Ctrl Pts',(0.000999999999999995,-0.566923652702822,
-0.0858639510452162));
#11090=CARTESIAN_POINT('Ctrl Pts',(0.00100000000000004,-0.567028446617285,
-0.086224055618287));
#11091=CARTESIAN_POINT('Ctrl Pts',(0.000999999999999951,-0.56725077118663,
-0.0869880321768302));
#11092=CARTESIAN_POINT('Ctrl Pts',(0.00100000000000004,-0.567505401601393,
-0.0882258432765906));
#11093=CARTESIAN_POINT('Ctrl Pts',(0.000999999999999995,-0.567713561985199,
-0.0896154671756203));
#11094=CARTESIAN_POINT('Ctrl Pts',(0.000999999999999951,-0.567889794605546,
-0.0911239112591322));
#11095=CARTESIAN_POINT('Ctrl Pts',(0.00100000000000004,-0.567980264021167,
-0.0926927645486313));
#11096=CARTESIAN_POINT('Ctrl Pts',(0.000999999999999951,-0.567994426154513,
-0.0942539778366402));
#11097=CARTESIAN_POINT('Ctrl Pts',(0.00100000000000004,-0.567900032461012,
-0.0957764332832767));
#11098=CARTESIAN_POINT('Ctrl Pts',(0.000999999999999951,-0.567765523330602,
-0.0967717779549613));
#11099=CARTESIAN_POINT('Ctrl Pts',(0.000999999999999995,-0.567698969158518,
-0.0972642675009125));
#11100=CARTESIAN_POINT('',(0.000999999999999995,-0.567698969158518,-0.0972642675009125));
#11101=CARTESIAN_POINT('Ctrl Pts',(0.000999999999999995,-0.567698969158518,
-0.0972642675009125));
#11102=CARTESIAN_POINT('Ctrl Pts',(-0.000200000000000104,-0.567698969158518,
-0.0972642675009125));
#11103=CARTESIAN_POINT('Ctrl Pts',(0.000999999999999951,-0.567619752430239,
-0.097724156150439));
#11104=CARTESIAN_POINT('Ctrl Pts',(-0.000200000000000148,-0.567619752430239,
-0.097724156150439));
#11105=CARTESIAN_POINT('Ctrl Pts',(0.000999999999999951,-0.567465490902304,
-0.0986197135320295));
#11106=CARTESIAN_POINT('Ctrl Pts',(-0.000200000000000148,-0.567465490902304,
-0.0986197135320295));
#11107=CARTESIAN_POINT('Ctrl Pts',(0.00100000000000004,-0.56715553308895,
-0.0999053467561941));
#11108=CARTESIAN_POINT('Ctrl Pts',(-0.00020000000000006,-0.56715553308895,
-0.0999053467561941));
#11109=CARTESIAN_POINT('Ctrl Pts',(0.000999999999999951,-0.566800635740386,
-0.101100652288637));
#11110=CARTESIAN_POINT('Ctrl Pts',(-0.000200000000000148,-0.566800635740386,
-0.101100652288637));
#11111=CARTESIAN_POINT('Ctrl Pts',(0.00100000000000013,-0.566391975117225,
-0.10220591812191));
#11112=CARTESIAN_POINT('Ctrl Pts',(-0.000199999999999973,-0.566391975117225,
-0.10220591812191));
#11113=CARTESIAN_POINT('Ctrl Pts',(0.000999999999999951,-0.565911672409223,
-0.103229214332649));
#11114=CARTESIAN_POINT('Ctrl Pts',(-0.000200000000000148,-0.565911672409223,
-0.103229214332649));
#11115=CARTESIAN_POINT('Ctrl Pts',(0.000999999999999951,-0.565368122850487,
-0.104183907566744));
#11116=CARTESIAN_POINT('Ctrl Pts',(-0.000200000000000148,-0.565368122850487,
-0.104183907566744));
#11117=CARTESIAN_POINT('Ctrl Pts',(0.00100000000000004,-0.564738093234983,
-0.105066028004071));
#11118=CARTESIAN_POINT('Ctrl Pts',(-0.00020000000000006,-0.564738093234983,
-0.105066028004071));
#11119=CARTESIAN_POINT('Ctrl Pts',(0.000999999999999995,-0.564269653371233,
-0.105608958722013));
#11120=CARTESIAN_POINT('Ctrl Pts',(-0.000200000000000104,-0.564269653371233,
-0.105608958722013));
#11121=CARTESIAN_POINT('Ctrl Pts',(0.000999999999999995,-0.564035994474974,
-0.105879773830026));
#11122=CARTESIAN_POINT('Ctrl Pts',(-0.000200000000000104,-0.564035994474974,
-0.105879773830026));
#11123=CARTESIAN_POINT('',(0.000999999999999995,-0.564035994474974,-0.105879773830026));
#11124=CARTESIAN_POINT('Ctrl Pts',(0.000999999999999995,-0.567698969158518,
-0.0972642675009125));
#11125=CARTESIAN_POINT('Ctrl Pts',(0.000999999999999951,-0.567619752430239,
-0.097724156150439));
#11126=CARTESIAN_POINT('Ctrl Pts',(0.000999999999999951,-0.567465490902304,
-0.0986197135320295));
#11127=CARTESIAN_POINT('Ctrl Pts',(0.00100000000000004,-0.56715553308895,
-0.0999053467561941));
#11128=CARTESIAN_POINT('Ctrl Pts',(0.000999999999999951,-0.566800635740386,
-0.101100652288637));
#11129=CARTESIAN_POINT('Ctrl Pts',(0.00100000000000013,-0.566391975117225,
-0.10220591812191));
#11130=CARTESIAN_POINT('Ctrl Pts',(0.000999999999999951,-0.565911672409223,
-0.103229214332649));
#11131=CARTESIAN_POINT('Ctrl Pts',(0.000999999999999951,-0.565368122850487,
-0.104183907566744));
#11132=CARTESIAN_POINT('Ctrl Pts',(0.00100000000000004,-0.564738093234983,
-0.105066028004071));
#11133=CARTESIAN_POINT('Ctrl Pts',(0.000999999999999995,-0.564269653371233,
-0.105608958722013));
#11134=CARTESIAN_POINT('Ctrl Pts',(0.000999999999999995,-0.564035994474974,
-0.105879773830026));
#11135=CARTESIAN_POINT('',(0.000999999999999995,-0.564035994474974,-0.105879773830026));
#11136=CARTESIAN_POINT('Ctrl Pts',(0.000999999999999995,-0.564035994474974,
-0.105879773830026));
#11137=CARTESIAN_POINT('Ctrl Pts',(-0.000200000000000104,-0.564035994474974,
-0.105879773830026));
#11138=CARTESIAN_POINT('Ctrl Pts',(0.000999999999999995,-0.56377097853,
-0.106148267037972));
#11139=CARTESIAN_POINT('Ctrl Pts',(-0.000200000000000104,-0.56377097853,
-0.106148267037972));
#11140=CARTESIAN_POINT('Ctrl Pts',(0.000999999999999995,-0.563252936474674,
-0.106673106301131));
#11141=CARTESIAN_POINT('Ctrl Pts',(-0.000200000000000104,-0.563252936474674,
-0.106673106301131));
#11142=CARTESIAN_POINT('Ctrl Pts',(0.000999999999999995,-0.562376142234322,
-0.107322529929201));
#11143=CARTESIAN_POINT('Ctrl Pts',(-0.000200000000000104,-0.562376142234322,
-0.107322529929201));
#11144=CARTESIAN_POINT('Ctrl Pts',(0.000999999999999951,-0.561463927123096,
-0.10786085971046));
#11145=CARTESIAN_POINT('Ctrl Pts',(-0.000200000000000148,-0.561463927123096,
-0.10786085971046));
#11146=CARTESIAN_POINT('Ctrl Pts',(0.000999999999999995,-0.560495558828355,
-0.108267030448746));
#11147=CARTESIAN_POINT('Ctrl Pts',(-0.000200000000000104,-0.560495558828355,
-0.108267030448746));
#11148=CARTESIAN_POINT('Ctrl Pts',(0.000999999999999951,-0.559475480449692,
-0.1085517115587));
#11149=CARTESIAN_POINT('Ctrl Pts',(-0.000200000000000148,-0.559475480449692,
-0.1085517115587));
#11150=CARTESIAN_POINT('Ctrl Pts',(0.00100000000000004,-0.558396547575823,
-0.108673871844045));
#11151=CARTESIAN_POINT('Ctrl Pts',(-0.00020000000000006,-0.558396547575823,
-0.108673871844045));
#11152=CARTESIAN_POINT('Ctrl Pts',(0.000999999999999995,-0.557264992626711,
-0.108701953701609));
#11153=CARTESIAN_POINT('Ctrl Pts',(-0.000200000000000104,-0.557264992626711,
-0.108701953701609));
#11154=CARTESIAN_POINT('Ctrl Pts',(0.00100000000000004,-0.556501026279797,
-0.108598850073063));
#11155=CARTESIAN_POINT('Ctrl Pts',(-0.00020000000000006,-0.556501026279797,
-0.108598850073063));
#11156=CARTESIAN_POINT('Ctrl Pts',(0.000999999999999995,-0.556108779285101,
-0.108545913070533));
#11157=CARTESIAN_POINT('Ctrl Pts',(-0.000200000000000104,-0.556108779285101,
-0.108545913070533));
#11158=CARTESIAN_POINT('',(0.000999999999999995,-0.556108779285101,-0.108545913070533));
#11159=CARTESIAN_POINT('Ctrl Pts',(0.000999999999999995,-0.564035994474974,
-0.105879773830026));
#11160=CARTESIAN_POINT('Ctrl Pts',(0.000999999999999995,-0.56377097853,
-0.106148267037972));
#11161=CARTESIAN_POINT('Ctrl Pts',(0.000999999999999995,-0.563252936474674,
-0.106673106301131));
#11162=CARTESIAN_POINT('Ctrl Pts',(0.000999999999999995,-0.562376142234322,
-0.107322529929201));
#11163=CARTESIAN_POINT('Ctrl Pts',(0.000999999999999951,-0.561463927123096,
-0.10786085971046));
#11164=CARTESIAN_POINT('Ctrl Pts',(0.000999999999999995,-0.560495558828355,
-0.108267030448746));
#11165=CARTESIAN_POINT('Ctrl Pts',(0.000999999999999951,-0.559475480449692,
-0.1085517115587));
#11166=CARTESIAN_POINT('Ctrl Pts',(0.00100000000000004,-0.558396547575823,
-0.108673871844045));
#11167=CARTESIAN_POINT('Ctrl Pts',(0.000999999999999995,-0.557264992626711,
-0.108701953701609));
#11168=CARTESIAN_POINT('Ctrl Pts',(0.00100000000000004,-0.556501026279797,
-0.108598850073063));
#11169=CARTESIAN_POINT('Ctrl Pts',(0.000999999999999995,-0.556108779285101,
-0.108545913070533));
#11170=CARTESIAN_POINT('',(0.000999999999999995,-0.556108779285101,-0.108545913070533));
#11171=CARTESIAN_POINT('Ctrl Pts',(0.000999999999999995,-0.556108779285101,
-0.108545913070533));
#11172=CARTESIAN_POINT('Ctrl Pts',(-0.000200000000000209,-0.556108779285101,
-0.108545913070533));
#11173=CARTESIAN_POINT('Ctrl Pts',(0.000999999999999951,-0.555838715179945,
-0.108495230400576));
#11174=CARTESIAN_POINT('Ctrl Pts',(-0.000200000000000252,-0.555838715179945,
-0.108495230400576));
#11175=CARTESIAN_POINT('Ctrl Pts',(0.000999999999999995,-0.555303614195698,
-0.108394808515327));
#11176=CARTESIAN_POINT('Ctrl Pts',(-0.000200000000000209,-0.555303614195698,
-0.108394808515327));
#11177=CARTESIAN_POINT('Ctrl Pts',(0.000999999999999951,-0.554530134393952,
-0.108164220434161));
#11178=CARTESIAN_POINT('Ctrl Pts',(-0.000200000000000252,-0.554530134393952,
-0.108164220434161));
#11179=CARTESIAN_POINT('Ctrl Pts',(0.000999999999999995,-0.553792454081244,
-0.107870149424119));
#11180=CARTESIAN_POINT('Ctrl Pts',(-0.000200000000000209,-0.553792454081244,
-0.107870149424119));
#11181=CARTESIAN_POINT('Ctrl Pts',(0.000999999999999995,-0.55309582905608,
-0.107502139298722));
#11182=CARTESIAN_POINT('Ctrl Pts',(-0.000200000000000209,-0.55309582905608,
-0.107502139298722));
#11183=CARTESIAN_POINT('Ctrl Pts',(0.00100000000000004,-0.552430122586566,
-0.107078406640501));
#11184=CARTESIAN_POINT('Ctrl Pts',(-0.000200000000000165,-0.552430122586566,
-0.107078406640501));
#11185=CARTESIAN_POINT('Ctrl Pts',(0.000999999999999995,-0.551807090222867,
-0.106579893766388));
#11186=CARTESIAN_POINT('Ctrl Pts',(-0.000200000000000209,-0.551807090222867,
-0.106579893766388));
#11187=CARTESIAN_POINT('Ctrl Pts',(0.000999999999999951,-0.551221872661502,
-0.106018511137427));
#11188=CARTESIAN_POINT('Ctrl Pts',(-0.000200000000000252,-0.551221872661502,
-0.106018511137427));
#11189=CARTESIAN_POINT('Ctrl Pts',(0.00100000000000004,-0.550682109447045,
-0.10539483542943));
#11190=CARTESIAN_POINT('Ctrl Pts',(-0.000200000000000165,-0.550682109447045,
-0.10539483542943));
#11191=CARTESIAN_POINT('Ctrl Pts',(0.000999999999999995,-0.550184527956011,
-0.104735878210287));
#11192=CARTESIAN_POINT('Ctrl Pts',(-0.000200000000000209,-0.550184527956011,
-0.104735878210287));
#11193=CARTESIAN_POINT('Ctrl Pts',(0.000999999999999995,-0.549752124977771,
-0.104048251463419));
#11194=CARTESIAN_POINT('Ctrl Pts',(-0.000200000000000209,-0.549752124977771,
-0.104048251463419));
#11195=CARTESIAN_POINT('Ctrl Pts',(0.000999999999999951,-0.549375273756979,
-0.103345592962467));
#11196=CARTESIAN_POINT('Ctrl Pts',(-0.000200000000000252,-0.549375273756979,
-0.103345592962467));
#11197=CARTESIAN_POINT('Ctrl Pts',(0.00100000000000004,-0.549060341670433,
-0.102628860175594));
#11198=CARTESIAN_POINT('Ctrl Pts',(-0.000200000000000165,-0.549060341670433,
-0.102628860175594));
#11199=CARTESIAN_POINT('Ctrl Pts',(0.000999999999999995,-0.548802604422744,
-0.101894385586369));
#11200=CARTESIAN_POINT('Ctrl Pts',(-0.000200000000000209,-0.548802604422744,
-0.101894385586369));
#11201=CARTESIAN_POINT('Ctrl Pts',(0.000999999999999995,-0.548615196034906,
-0.101144629166645));
#11202=CARTESIAN_POINT('Ctrl Pts',(-0.000200000000000209,-0.548615196034906,
-0.101144629166645));
#11203=CARTESIAN_POINT('Ctrl Pts',(0.00100000000000004,-0.54848543322238,
-0.100377229287615));
#11204=CARTESIAN_POINT('Ctrl Pts',(-0.000200000000000165,-0.54848543322238,
-0.100377229287615));
#11205=CARTESIAN_POINT('Ctrl Pts',(0.000999999999999995,-0.548446493414524,
-0.0998596562075773));
#11206=CARTESIAN_POINT('Ctrl Pts',(-0.000200000000000209,-0.548446493414524,
-0.0998596562075773));
#11207=CARTESIAN_POINT('Ctrl Pts',(0.000999999999999951,-0.548426817259784,
-0.0995981282604061));
#11208=CARTESIAN_POINT('Ctrl Pts',(-0.000200000000000252,-0.548426817259784,
-0.0995981282604061));
#11209=CARTESIAN_POINT('',(0.000999999999999951,-0.548426817259784,-0.0995981282604061));
#11210=CARTESIAN_POINT('Ctrl Pts',(0.000999999999999995,-0.556108779285101,
-0.108545913070533));
#11211=CARTESIAN_POINT('Ctrl Pts',(0.000999999999999951,-0.555838715179945,
-0.108495230400576));
#11212=CARTESIAN_POINT('Ctrl Pts',(0.000999999999999995,-0.555303614195698,
-0.108394808515327));
#11213=CARTESIAN_POINT('Ctrl Pts',(0.000999999999999951,-0.554530134393952,
-0.108164220434161));
#11214=CARTESIAN_POINT('Ctrl Pts',(0.000999999999999995,-0.553792454081244,
-0.107870149424119));
#11215=CARTESIAN_POINT('Ctrl Pts',(0.000999999999999995,-0.55309582905608,
-0.107502139298722));
#11216=CARTESIAN_POINT('Ctrl Pts',(0.00100000000000004,-0.552430122586566,
-0.107078406640501));
#11217=CARTESIAN_POINT('Ctrl Pts',(0.000999999999999995,-0.551807090222867,
-0.106579893766388));
#11218=CARTESIAN_POINT('Ctrl Pts',(0.000999999999999951,-0.551221872661502,
-0.106018511137427));
#11219=CARTESIAN_POINT('Ctrl Pts',(0.00100000000000004,-0.550682109447045,
-0.10539483542943));
#11220=CARTESIAN_POINT('Ctrl Pts',(0.000999999999999995,-0.550184527956011,
-0.104735878210287));
#11221=CARTESIAN_POINT('Ctrl Pts',(0.000999999999999995,-0.549752124977771,
-0.104048251463419));
#11222=CARTESIAN_POINT('Ctrl Pts',(0.000999999999999951,-0.549375273756979,
-0.103345592962467));
#11223=CARTESIAN_POINT('Ctrl Pts',(0.00100000000000004,-0.549060341670433,
-0.102628860175594));
#11224=CARTESIAN_POINT('Ctrl Pts',(0.000999999999999995,-0.548802604422744,
-0.101894385586369));
#11225=CARTESIAN_POINT('Ctrl Pts',(0.000999999999999995,-0.548615196034906,
-0.101144629166645));
#11226=CARTESIAN_POINT('Ctrl Pts',(0.00100000000000004,-0.54848543322238,
-0.100377229287615));
#11227=CARTESIAN_POINT('Ctrl Pts',(0.000999999999999995,-0.548446493414524,
-0.0998596562075773));
#11228=CARTESIAN_POINT('Ctrl Pts',(0.000999999999999951,-0.548426817259784,
-0.0995981282604061));
#11229=CARTESIAN_POINT('',(0.000999999999999951,-0.548426817259784,-0.0995981282604061));
#11230=CARTESIAN_POINT('Origin',(0.000999999999999995,-0.548426817259784,
-0.0995981282604061));
#11231=CARTESIAN_POINT('',(0.000999999999999995,-0.548426817259784,-0.0995981282604061));
#11232=CARTESIAN_POINT('Origin',(0.000999999999999995,-0.546629609140361,
-0.102386024250786));
#11233=CARTESIAN_POINT('Ctrl Pts',(0.000999999999999951,-0.572216021254047,
-0.0609709939820287));
#11234=CARTESIAN_POINT('Ctrl Pts',(-0.0002000000000002,-0.572216021254047,
-0.0609709939820287));
#11235=CARTESIAN_POINT('Ctrl Pts',(0.000999999999999951,-0.572142527332402,
-0.0615431745615438));
#11236=CARTESIAN_POINT('Ctrl Pts',(-0.0002000000000002,-0.572142527332402,
-0.0615431745615438));
#11237=CARTESIAN_POINT('Ctrl Pts',(0.000999999999999995,-0.571999767171386,
-0.062654621465365));
#11238=CARTESIAN_POINT('Ctrl Pts',(-0.000200000000000156,-0.571999767171386,
-0.062654621465365));
#11239=CARTESIAN_POINT('Ctrl Pts',(0.000999999999999951,-0.571568530784697,
-0.0642320123355305));
#11240=CARTESIAN_POINT('Ctrl Pts',(-0.0002000000000002,-0.571568530784697,
-0.0642320123355305));
#11241=CARTESIAN_POINT('Ctrl Pts',(0.00100000000000004,-0.571022933288223,
-0.0656845567400812));
#11242=CARTESIAN_POINT('Ctrl Pts',(-0.000200000000000113,-0.571022933288223,
-0.0656845567400812));
#11243=CARTESIAN_POINT('Ctrl Pts',(0.000999999999999951,-0.570301922559595,
-0.0669895007641729));
#11244=CARTESIAN_POINT('Ctrl Pts',(-0.0002000000000002,-0.570301922559595,
-0.0669895007641729));
#11245=CARTESIAN_POINT('Ctrl Pts',(0.00100000000000004,-0.569443480469262,
-0.0681705226540734));
#11246=CARTESIAN_POINT('Ctrl Pts',(-0.000200000000000113,-0.569443480469262,
-0.0681705226540734));
#11247=CARTESIAN_POINT('Ctrl Pts',(0.000999999999999951,-0.568421925197303,
-0.0692000794495929));
#11248=CARTESIAN_POINT('Ctrl Pts',(-0.0002000000000002,-0.568421925197303,
-0.0692000794495929));
#11249=CARTESIAN_POINT('Ctrl Pts',(0.000999999999999995,-0.567259352489232,
-0.0701010357500624));
#11250=CARTESIAN_POINT('Ctrl Pts',(-0.000200000000000156,-0.567259352489232,
-0.0701010357500624));
#11251=CARTESIAN_POINT('Ctrl Pts',(0.00100000000000004,-0.565939629525675,
-0.0708505699108517));
#11252=CARTESIAN_POINT('Ctrl Pts',(-0.000200000000000113,-0.565939629525675,
-0.0708505699108517));
#11253=CARTESIAN_POINT('Ctrl Pts',(0.00099999999999982,-0.564473934084587,
-0.0714762992711146));
#11254=CARTESIAN_POINT('Ctrl Pts',(-0.000200000000000331,-0.564473934084587,
-0.0714762992711146));
#11255=CARTESIAN_POINT('Ctrl Pts',(0.000999999999999995,-0.562854965799062,
-0.071971158191737));
#11256=CARTESIAN_POINT('Ctrl Pts',(-0.000200000000000156,-0.562854965799062,
-0.071971158191737));
#11257=CARTESIAN_POINT('Ctrl Pts',(0.00100000000000004,-0.561086293744938,
-0.0723465879335089));
#11258=CARTESIAN_POINT('Ctrl Pts',(-0.000200000000000113,-0.561086293744938,
-0.0723465879335089));
#11259=CARTESIAN_POINT('Ctrl Pts',(0.000999999999999951,-0.559166226424297,
-0.0726035698390667));
#11260=CARTESIAN_POINT('Ctrl Pts',(-0.0002000000000002,-0.559166226424297,
-0.0726035698390667));
#11261=CARTESIAN_POINT('Ctrl Pts',(0.000999999999999995,-0.557094394613428,
-0.0727424330827542));
#11262=CARTESIAN_POINT('Ctrl Pts',(-0.000200000000000156,-0.557094394613428,
-0.0727424330827542));
#11263=CARTESIAN_POINT('Ctrl Pts',(0.000999999999999951,-0.554870801919959,
-0.0727602146826168));
#11264=CARTESIAN_POINT('Ctrl Pts',(-0.0002000000000002,-0.554870801919959,
-0.0727602146826168));
#11265=CARTESIAN_POINT('Ctrl Pts',(0.000999999999999995,-0.552491306021652,
-0.0726685653575965));
#11266=CARTESIAN_POINT('Ctrl Pts',(-0.000200000000000156,-0.552491306021652,
-0.0726685653575965));
#11267=CARTESIAN_POINT('Ctrl Pts',(0.000999999999999995,-0.550859898797729,
-0.0725091098351609));
#11268=CARTESIAN_POINT('Ctrl Pts',(-0.000200000000000156,-0.550859898797729,
-0.0725091098351609));
#11269=CARTESIAN_POINT('Ctrl Pts',(0.000999999999999995,-0.550016654165439,
-0.0724266901845604));
#11270=CARTESIAN_POINT('Ctrl Pts',(-0.000200000000000156,-0.550016654165439,
-0.0724266901845604));
#11271=CARTESIAN_POINT('',(0.000999999999999951,-0.572216021254047,-0.0609709939820287));
#11272=CARTESIAN_POINT('',(0.000999999999999951,-0.572216021254047,-0.0609709939820287));
#11273=CARTESIAN_POINT('',(0.000999999999999995,-0.550016654165439,-0.0724266901845604));
#11274=CARTESIAN_POINT('Ctrl Pts',(0.000999999999999951,-0.572216021254047,
-0.0609709939820287));
#11275=CARTESIAN_POINT('Ctrl Pts',(0.000999999999999951,-0.572142527332402,
-0.0615431745615438));
#11276=CARTESIAN_POINT('Ctrl Pts',(0.000999999999999995,-0.571999767171386,
-0.062654621465365));
#11277=CARTESIAN_POINT('Ctrl Pts',(0.000999999999999951,-0.571568530784697,
-0.0642320123355305));
#11278=CARTESIAN_POINT('Ctrl Pts',(0.00100000000000004,-0.571022933288223,
-0.0656845567400812));
#11279=CARTESIAN_POINT('Ctrl Pts',(0.000999999999999951,-0.570301922559595,
-0.0669895007641729));
#11280=CARTESIAN_POINT('Ctrl Pts',(0.00100000000000004,-0.569443480469262,
-0.0681705226540734));
#11281=CARTESIAN_POINT('Ctrl Pts',(0.000999999999999951,-0.568421925197303,
-0.0692000794495929));
#11282=CARTESIAN_POINT('Ctrl Pts',(0.000999999999999995,-0.567259352489232,
-0.0701010357500624));
#11283=CARTESIAN_POINT('Ctrl Pts',(0.00100000000000004,-0.565939629525675,
-0.0708505699108517));
#11284=CARTESIAN_POINT('Ctrl Pts',(0.00099999999999982,-0.564473934084587,
-0.0714762992711146));
#11285=CARTESIAN_POINT('Ctrl Pts',(0.000999999999999995,-0.562854965799062,
-0.071971158191737));
#11286=CARTESIAN_POINT('Ctrl Pts',(0.00100000000000004,-0.561086293744938,
-0.0723465879335089));
#11287=CARTESIAN_POINT('Ctrl Pts',(0.000999999999999951,-0.559166226424297,
-0.0726035698390667));
#11288=CARTESIAN_POINT('Ctrl Pts',(0.000999999999999995,-0.557094394613428,
-0.0727424330827542));
#11289=CARTESIAN_POINT('Ctrl Pts',(0.000999999999999951,-0.554870801919959,
-0.0727602146826168));
#11290=CARTESIAN_POINT('Ctrl Pts',(0.000999999999999995,-0.552491306021652,
-0.0726685653575965));
#11291=CARTESIAN_POINT('Ctrl Pts',(0.000999999999999995,-0.550859898797729,
-0.0725091098351609));
#11292=CARTESIAN_POINT('Ctrl Pts',(0.000999999999999995,-0.550016654165439,
-0.0724266901845604));
#11293=CARTESIAN_POINT('',(0.000999999999999995,-0.550016654165439,-0.0724266901845604));
#11294=CARTESIAN_POINT('Ctrl Pts',(0.000999999999999995,-0.550016654165439,
-0.0724266901845604));
#11295=CARTESIAN_POINT('Ctrl Pts',(-0.000200000000000104,-0.550016654165439,
-0.0724266901845604));
#11296=CARTESIAN_POINT('Ctrl Pts',(0.00100000000000004,-0.549153311728413,
-0.0723232256690985));
#11297=CARTESIAN_POINT('Ctrl Pts',(-0.00020000000000006,-0.549153311728413,
-0.0723232256690985));
#11298=CARTESIAN_POINT('Ctrl Pts',(0.00100000000000004,-0.547482328544334,
-0.072122972029209));
#11299=CARTESIAN_POINT('Ctrl Pts',(-0.00020000000000006,-0.547482328544334,
-0.072122972029209));
#11300=CARTESIAN_POINT('Ctrl Pts',(0.000999999999999995,-0.545078625571725,
-0.0717142249760398));
#11301=CARTESIAN_POINT('Ctrl Pts',(-0.000200000000000104,-0.545078625571725,
-0.0717142249760398));
#11302=CARTESIAN_POINT('Ctrl Pts',(0.000999999999999995,-0.542864284828333,
-0.0712193772776785));
#11303=CARTESIAN_POINT('Ctrl Pts',(-0.000200000000000104,-0.542864284828333,
-0.0712193772776785));
#11304=CARTESIAN_POINT('Ctrl Pts',(0.00100000000000004,-0.540839100338454,
-0.0706361118994332));
#11305=CARTESIAN_POINT('Ctrl Pts',(-0.00020000000000006,-0.540839100338454,
-0.0706361118994332));
#11306=CARTESIAN_POINT('Ctrl Pts',(0.000999999999999951,-0.53900226032731,
-0.0699689716361029));
#11307=CARTESIAN_POINT('Ctrl Pts',(-0.000200000000000148,-0.53900226032731,
-0.0699689716361029));
#11308=CARTESIAN_POINT('Ctrl Pts',(0.00100000000000004,-0.537351416853666,
-0.069216814931777));
#11309=CARTESIAN_POINT('Ctrl Pts',(-0.00020000000000006,-0.537351416853666,
-0.069216814931777));
#11310=CARTESIAN_POINT('Ctrl Pts',(0.000999999999999951,-0.535886881517149,
-0.0683846714706463));
#11311=CARTESIAN_POINT('Ctrl Pts',(-0.000200000000000148,-0.535886881517149,
-0.0683846714706463));
#11312=CARTESIAN_POINT('Ctrl Pts',(0.000999999999999995,-0.534615392296946,
-0.0674494920020561));
#11313=CARTESIAN_POINT('Ctrl Pts',(-0.000200000000000104,-0.534615392296946,
-0.0674494920020561));
#11314=CARTESIAN_POINT('Ctrl Pts',(0.000999999999999995,-0.533514394034853,
-0.0664325999910199));
#11315=CARTESIAN_POINT('Ctrl Pts',(-0.000200000000000104,-0.533514394034853,
-0.0664325999910199));
#11316=CARTESIAN_POINT('Ctrl Pts',(0.000999999999999995,-0.532594790371837,
-0.0653048828178903));
#11317=CARTESIAN_POINT('Ctrl Pts',(-0.000200000000000104,-0.532594790371837,
-0.0653048828178903));
#11318=CARTESIAN_POINT('Ctrl Pts',(0.00100000000000004,-0.531849014753394,
-0.0640785024993536));
#11319=CARTESIAN_POINT('Ctrl Pts',(-0.00020000000000006,-0.531849014753394,
-0.0640785024993536));
#11320=CARTESIAN_POINT('Ctrl Pts',(0.000999999999999995,-0.531261093611908,
-0.0627591198673239));
#11321=CARTESIAN_POINT('Ctrl Pts',(-0.000200000000000104,-0.531261093611908,
-0.0627591198673239));
#11322=CARTESIAN_POINT('Ctrl Pts',(0.000999999999999951,-0.530860799769131,
-0.0613357525421999));
#11323=CARTESIAN_POINT('Ctrl Pts',(-0.000200000000000148,-0.530860799769131,
-0.0613357525421999));
#11324=CARTESIAN_POINT('Ctrl Pts',(0.00100000000000004,-0.530625062270066,
-0.0598169877939934));
#11325=CARTESIAN_POINT('Ctrl Pts',(-0.00020000000000006,-0.530625062270066,
-0.0598169877939934));
#11326=CARTESIAN_POINT('Ctrl Pts',(0.000999999999999951,-0.530561634566328,
-0.0582001223041239));
#11327=CARTESIAN_POINT('Ctrl Pts',(-0.000200000000000148,-0.530561634566328,
-0.0582001223041239));
#11328=CARTESIAN_POINT('Ctrl Pts',(0.000999999999999995,-0.530651029728379,
-0.0570992363883789));
#11329=CARTESIAN_POINT('Ctrl Pts',(-0.000200000000000104,-0.530651029728379,
-0.0570992363883789));
#11330=CARTESIAN_POINT('Ctrl Pts',(0.000999999999999995,-0.530697033912274,
-0.0565327028427882));
#11331=CARTESIAN_POINT('Ctrl Pts',(-0.000200000000000104,-0.530697033912274,
-0.0565327028427882));
#11332=CARTESIAN_POINT('',(0.000999999999999995,-0.530697033912274,-0.0565327028427882));
#11333=CARTESIAN_POINT('Ctrl Pts',(0.000999999999999995,-0.550016654165439,
-0.0724266901845604));
#11334=CARTESIAN_POINT('Ctrl Pts',(0.00100000000000004,-0.549153311728413,
-0.0723232256690985));
#11335=CARTESIAN_POINT('Ctrl Pts',(0.00100000000000004,-0.547482328544334,
-0.072122972029209));
#11336=CARTESIAN_POINT('Ctrl Pts',(0.000999999999999995,-0.545078625571725,
-0.0717142249760398));
#11337=CARTESIAN_POINT('Ctrl Pts',(0.000999999999999995,-0.542864284828333,
-0.0712193772776785));
#11338=CARTESIAN_POINT('Ctrl Pts',(0.00100000000000004,-0.540839100338454,
-0.0706361118994332));
#11339=CARTESIAN_POINT('Ctrl Pts',(0.000999999999999951,-0.53900226032731,
-0.0699689716361029));
#11340=CARTESIAN_POINT('Ctrl Pts',(0.00100000000000004,-0.537351416853666,
-0.069216814931777));
#11341=CARTESIAN_POINT('Ctrl Pts',(0.000999999999999951,-0.535886881517149,
-0.0683846714706463));
#11342=CARTESIAN_POINT('Ctrl Pts',(0.000999999999999995,-0.534615392296946,
-0.0674494920020561));
#11343=CARTESIAN_POINT('Ctrl Pts',(0.000999999999999995,-0.533514394034853,
-0.0664325999910199));
#11344=CARTESIAN_POINT('Ctrl Pts',(0.000999999999999995,-0.532594790371837,
-0.0653048828178903));
#11345=CARTESIAN_POINT('Ctrl Pts',(0.00100000000000004,-0.531849014753394,
-0.0640785024993536));
#11346=CARTESIAN_POINT('Ctrl Pts',(0.000999999999999995,-0.531261093611908,
-0.0627591198673239));
#11347=CARTESIAN_POINT('Ctrl Pts',(0.000999999999999951,-0.530860799769131,
-0.0613357525421999));
#11348=CARTESIAN_POINT('Ctrl Pts',(0.00100000000000004,-0.530625062270066,
-0.0598169877939934));
#11349=CARTESIAN_POINT('Ctrl Pts',(0.000999999999999951,-0.530561634566328,
-0.0582001223041239));
#11350=CARTESIAN_POINT('Ctrl Pts',(0.000999999999999995,-0.530651029728379,
-0.0570992363883789));
#11351=CARTESIAN_POINT('Ctrl Pts',(0.000999999999999995,-0.530697033912274,
-0.0565327028427882));
#11352=CARTESIAN_POINT('',(0.000999999999999995,-0.530697033912274,-0.0565327028427882));
#11353=CARTESIAN_POINT('Ctrl Pts',(0.000999999999999995,-0.530697033912274,
-0.0565327028427882));
#11354=CARTESIAN_POINT('Ctrl Pts',(-0.000200000000000209,-0.530697033912274,
-0.0565327028427882));
#11355=CARTESIAN_POINT('Ctrl Pts',(0.000999999999999995,-0.530771540855213,
-0.0559608198164526));
#11356=CARTESIAN_POINT('Ctrl Pts',(-0.000200000000000209,-0.530771540855213,
-0.0559608198164526));
#11357=CARTESIAN_POINT('Ctrl Pts',(0.000999999999999995,-0.530916181804006,
-0.0548506185349919));
#11358=CARTESIAN_POINT('Ctrl Pts',(-0.000200000000000209,-0.530916181804006,
-0.0548506185349919));
#11359=CARTESIAN_POINT('Ctrl Pts',(0.000999999999999951,-0.531333279466251,
-0.0532697915361258));
#11360=CARTESIAN_POINT('Ctrl Pts',(-0.000200000000000252,-0.531333279466251,
-0.0532697915361258));
#11361=CARTESIAN_POINT('Ctrl Pts',(0.00100000000000004,-0.531886942429519,
-0.0518204079607135));
#11362=CARTESIAN_POINT('Ctrl Pts',(-0.000200000000000165,-0.531886942429519,
-0.0518204079607135));
#11363=CARTESIAN_POINT('Ctrl Pts',(0.000999999999999951,-0.53258912732659,
-0.050508141710032));
#11364=CARTESIAN_POINT('Ctrl Pts',(-0.000200000000000252,-0.53258912732659,
-0.050508141710032));
#11365=CARTESIAN_POINT('Ctrl Pts',(0.000999999999999995,-0.533449171551354,
-0.0493360939310367));
#11366=CARTESIAN_POINT('Ctrl Pts',(-0.000200000000000209,-0.533449171551354,
-0.0493360939310367));
#11367=CARTESIAN_POINT('Ctrl Pts',(0.000999999999999995,-0.534450581787829,
-0.0483006176332283));
#11368=CARTESIAN_POINT('Ctrl Pts',(-0.000200000000000209,-0.534450581787829,
-0.0483006176332283));
#11369=CARTESIAN_POINT('Ctrl Pts',(0.000999999999999995,-0.535605280409377,
-0.0474057061836788));
#11370=CARTESIAN_POINT('Ctrl Pts',(-0.000200000000000209,-0.535605280409377,
-0.0474057061836788));
#11371=CARTESIAN_POINT('Ctrl Pts',(0.00099999999999982,-0.536909132394493,
-0.0466522002291837));
#11372=CARTESIAN_POINT('Ctrl Pts',(-0.000200000000000384,-0.536909132394493,
-0.0466522002291837));
#11373=CARTESIAN_POINT('Ctrl Pts',(0.00100000000000004,-0.538363421427028,
-0.0460280151170071));
#11374=CARTESIAN_POINT('Ctrl Pts',(-0.000200000000000165,-0.538363421427028,
-0.0460280151170071));
#11375=CARTESIAN_POINT('Ctrl Pts',(0.000999999999999951,-0.53996938315895,
-0.0455222529972071));
#11376=CARTESIAN_POINT('Ctrl Pts',(-0.000200000000000252,-0.53996938315895,
-0.0455222529972071));
#11377=CARTESIAN_POINT('Ctrl Pts',(0.000999999999999951,-0.541737053292311,
-0.0451483531186722));
#11378=CARTESIAN_POINT('Ctrl Pts',(-0.000200000000000252,-0.541737053292311,
-0.0451483531186722));
#11379=CARTESIAN_POINT('Ctrl Pts',(0.00100000000000013,-0.543659820477789,
-0.0448921733304469));
#11380=CARTESIAN_POINT('Ctrl Pts',(-0.000200000000000078,-0.543659820477789,
-0.0448921733304469));
#11381=CARTESIAN_POINT('Ctrl Pts',(0.000999999999999995,-0.54574217016943,
-0.0447537272381845));
#11382=CARTESIAN_POINT('Ctrl Pts',(-0.000200000000000209,-0.54574217016943,
-0.0447537272381845));
#11383=CARTESIAN_POINT('Ctrl Pts',(0.000999999999999951,-0.547984437864626,
-0.0447332088339324));
#11384=CARTESIAN_POINT('Ctrl Pts',(-0.000200000000000252,-0.547984437864626,
-0.0447332088339324));
#11385=CARTESIAN_POINT('Ctrl Pts',(0.00100000000000004,-0.550387217743469,
-0.04483763474498));
#11386=CARTESIAN_POINT('Ctrl Pts',(-0.000200000000000165,-0.550387217743469,
-0.04483763474498));
#11387=CARTESIAN_POINT('Ctrl Pts',(0.000999999999999995,-0.552037287472912,
-0.0449955465353779));
#11388=CARTESIAN_POINT('Ctrl Pts',(-0.000200000000000209,-0.552037287472912,
-0.0449955465353779));
#11389=CARTESIAN_POINT('Ctrl Pts',(0.000999999999999995,-0.552888489608477,
-0.0450770066402566));
#11390=CARTESIAN_POINT('Ctrl Pts',(-0.000200000000000209,-0.552888489608477,
-0.0450770066402566));
#11391=CARTESIAN_POINT('',(0.000999999999999995,-0.552888489608477,-0.0450770066402566));
#11392=CARTESIAN_POINT('Ctrl Pts',(0.000999999999999995,-0.530697033912274,
-0.0565327028427882));
#11393=CARTESIAN_POINT('Ctrl Pts',(0.000999999999999995,-0.530771540855213,
-0.0559608198164526));
#11394=CARTESIAN_POINT('Ctrl Pts',(0.000999999999999995,-0.530916181804006,
-0.0548506185349919));
#11395=CARTESIAN_POINT('Ctrl Pts',(0.000999999999999951,-0.531333279466251,
-0.0532697915361258));
#11396=CARTESIAN_POINT('Ctrl Pts',(0.00100000000000004,-0.531886942429519,
-0.0518204079607135));
#11397=CARTESIAN_POINT('Ctrl Pts',(0.000999999999999951,-0.53258912732659,
-0.050508141710032));
#11398=CARTESIAN_POINT('Ctrl Pts',(0.000999999999999995,-0.533449171551354,
-0.0493360939310367));
#11399=CARTESIAN_POINT('Ctrl Pts',(0.000999999999999995,-0.534450581787829,
-0.0483006176332283));
#11400=CARTESIAN_POINT('Ctrl Pts',(0.000999999999999995,-0.535605280409377,
-0.0474057061836788));
#11401=CARTESIAN_POINT('Ctrl Pts',(0.00099999999999982,-0.536909132394493,
-0.0466522002291837));
#11402=CARTESIAN_POINT('Ctrl Pts',(0.00100000000000004,-0.538363421427028,
-0.0460280151170071));
#11403=CARTESIAN_POINT('Ctrl Pts',(0.000999999999999951,-0.53996938315895,
-0.0455222529972071));
#11404=CARTESIAN_POINT('Ctrl Pts',(0.000999999999999951,-0.541737053292311,
-0.0451483531186722));
#11405=CARTESIAN_POINT('Ctrl Pts',(0.00100000000000013,-0.543659820477789,
-0.0448921733304469));
#11406=CARTESIAN_POINT('Ctrl Pts',(0.000999999999999995,-0.54574217016943,
-0.0447537272381845));
#11407=CARTESIAN_POINT('Ctrl Pts',(0.000999999999999951,-0.547984437864626,
-0.0447332088339324));
#11408=CARTESIAN_POINT('Ctrl Pts',(0.00100000000000004,-0.550387217743469,
-0.04483763474498));
#11409=CARTESIAN_POINT('Ctrl Pts',(0.000999999999999995,-0.552037287472912,
-0.0449955465353779));
#11410=CARTESIAN_POINT('Ctrl Pts',(0.000999999999999995,-0.552888489608477,
-0.0450770066402566));
#11411=CARTESIAN_POINT('',(0.000999999999999995,-0.552888489608477,-0.0450770066402566));
#11412=CARTESIAN_POINT('Ctrl Pts',(0.000999999999999995,-0.552888489608477,
-0.0450770066402566));
#11413=CARTESIAN_POINT('Ctrl Pts',(-0.000200000000000209,-0.552888489608477,
-0.0450770066402566));
#11414=CARTESIAN_POINT('Ctrl Pts',(0.000999999999999995,-0.553744050119393,
-0.0451769867458194));
#11415=CARTESIAN_POINT('Ctrl Pts',(-0.000200000000000209,-0.553744050119393,
-0.0451769867458194));
#11416=CARTESIAN_POINT('Ctrl Pts',(0.00099999999999982,-0.555399828983529,
-0.0453704797174011));
#11417=CARTESIAN_POINT('Ctrl Pts',(-0.000200000000000384,-0.555399828983529,
-0.0453704797174011));
#11418=CARTESIAN_POINT('Ctrl Pts',(0.000999999999999995,-0.557783933222291,
-0.0457839877567191));
#11419=CARTESIAN_POINT('Ctrl Pts',(-0.000200000000000209,-0.557783933222291,
-0.0457839877567191));
#11420=CARTESIAN_POINT('Ctrl Pts',(0.000999999999999995,-0.559985797176528,
-0.0462754657003028));
#11421=CARTESIAN_POINT('Ctrl Pts',(-0.000200000000000209,-0.559985797176528,
-0.0462754657003028));
#11422=CARTESIAN_POINT('Ctrl Pts',(0.00099999999999982,-0.562001313590662,
-0.0468614633078659));
#11423=CARTESIAN_POINT('Ctrl Pts',(-0.000200000000000384,-0.562001313590662,
-0.0468614633078659));
#11424=CARTESIAN_POINT('Ctrl Pts',(0.000999999999999995,-0.56383687242733,
-0.0475209279234954));
#11425=CARTESIAN_POINT('Ctrl Pts',(-0.000200000000000209,-0.56383687242733,
-0.0475209279234954));
#11426=CARTESIAN_POINT('Ctrl Pts',(0.000999999999999951,-0.565489252154497,
-0.0482684794953844));
#11427=CARTESIAN_POINT('Ctrl Pts',(-0.000200000000000252,-0.565489252154497,
-0.0482684794953844));
#11428=CARTESIAN_POINT('Ctrl Pts',(0.000999999999999995,-0.566956533806605,
-0.0491083032706318));
#11429=CARTESIAN_POINT('Ctrl Pts',(-0.000200000000000209,-0.566956533806605,
-0.0491083032706318));
#11430=CARTESIAN_POINT('Ctrl Pts',(0.000999999999999951,-0.568241848483028,
-0.0500350073602767));
#11431=CARTESIAN_POINT('Ctrl Pts',(-0.000200000000000252,-0.568241848483028,
-0.0500350073602767));
#11432=CARTESIAN_POINT('Ctrl Pts',(0.000999999999999951,-0.569350414191329,
-0.0510578418041449));
#11433=CARTESIAN_POINT('Ctrl Pts',(-0.000200000000000252,-0.569350414191329,
-0.0510578418041449));
#11434=CARTESIAN_POINT('Ctrl Pts',(0.000999999999999995,-0.570284223788941,
-0.0521788964846722));
#11435=CARTESIAN_POINT('Ctrl Pts',(-0.000200000000000209,-0.570284223788941,
-0.0521788964846722));
#11436=CARTESIAN_POINT('Ctrl Pts',(0.000999999999999995,-0.571044194708449,
-0.0534042917382315));
#11437=CARTESIAN_POINT('Ctrl Pts',(-0.000200000000000209,-0.571044194708449,
-0.0534042917382315));
#11438=CARTESIAN_POINT('Ctrl Pts',(0.000999999999999995,-0.571634889526537,
-0.0547288106568019));
#11439=CARTESIAN_POINT('Ctrl Pts',(-0.000200000000000209,-0.571634889526537,
-0.0547288106568019));
#11440=CARTESIAN_POINT('Ctrl Pts',(0.000999999999999951,-0.572046216194969,
-0.0561562745478862));
#11441=CARTESIAN_POINT('Ctrl Pts',(-0.000200000000000252,-0.572046216194969,
-0.0561562745478862));
#11442=CARTESIAN_POINT('Ctrl Pts',(0.00100000000000004,-0.572276987054602,
-0.0576791633527849));
#11443=CARTESIAN_POINT('Ctrl Pts',(-0.000200000000000165,-0.572276987054602,
-0.0576791633527849));
#11444=CARTESIAN_POINT('Ctrl Pts',(0.000999999999999951,-0.572354362857573,
-0.0592980199012952));
#11445=CARTESIAN_POINT('Ctrl Pts',(-0.000200000000000252,-0.572354362857573,
-0.0592980199012952));
#11446=CARTESIAN_POINT('Ctrl Pts',(0.000999999999999951,-0.572263091609968,
-0.0604017690820676));
#11447=CARTESIAN_POINT('Ctrl Pts',(-0.000200000000000252,-0.572263091609968,
-0.0604017690820676));
#11448=CARTESIAN_POINT('Ctrl Pts',(0.000999999999999951,-0.572216021254047,
-0.0609709939820287));
#11449=CARTESIAN_POINT('Ctrl Pts',(-0.000200000000000252,-0.572216021254047,
-0.0609709939820287));
#11450=CARTESIAN_POINT('Ctrl Pts',(0.000999999999999995,-0.552888489608477,
-0.0450770066402566));
#11451=CARTESIAN_POINT('Ctrl Pts',(0.000999999999999995,-0.553744050119393,
-0.0451769867458194));
#11452=CARTESIAN_POINT('Ctrl Pts',(0.00099999999999982,-0.555399828983529,
-0.0453704797174011));
#11453=CARTESIAN_POINT('Ctrl Pts',(0.000999999999999995,-0.557783933222291,
-0.0457839877567191));
#11454=CARTESIAN_POINT('Ctrl Pts',(0.000999999999999995,-0.559985797176528,
-0.0462754657003028));
#11455=CARTESIAN_POINT('Ctrl Pts',(0.00099999999999982,-0.562001313590662,
-0.0468614633078659));
#11456=CARTESIAN_POINT('Ctrl Pts',(0.000999999999999995,-0.56383687242733,
-0.0475209279234954));
#11457=CARTESIAN_POINT('Ctrl Pts',(0.000999999999999951,-0.565489252154497,
-0.0482684794953844));
#11458=CARTESIAN_POINT('Ctrl Pts',(0.000999999999999995,-0.566956533806605,
-0.0491083032706318));
#11459=CARTESIAN_POINT('Ctrl Pts',(0.000999999999999951,-0.568241848483028,
-0.0500350073602767));
#11460=CARTESIAN_POINT('Ctrl Pts',(0.000999999999999951,-0.569350414191329,
-0.0510578418041449));
#11461=CARTESIAN_POINT('Ctrl Pts',(0.000999999999999995,-0.570284223788941,
-0.0521788964846722));
#11462=CARTESIAN_POINT('Ctrl Pts',(0.000999999999999995,-0.571044194708449,
-0.0534042917382315));
#11463=CARTESIAN_POINT('Ctrl Pts',(0.000999999999999995,-0.571634889526537,
-0.0547288106568019));
#11464=CARTESIAN_POINT('Ctrl Pts',(0.000999999999999951,-0.572046216194969,
-0.0561562745478862));
#11465=CARTESIAN_POINT('Ctrl Pts',(0.00100000000000004,-0.572276987054602,
-0.0576791633527849));
#11466=CARTESIAN_POINT('Ctrl Pts',(0.000999999999999951,-0.572354362857573,
-0.0592980199012952));
#11467=CARTESIAN_POINT('Ctrl Pts',(0.000999999999999951,-0.572263091609968,
-0.0604017690820676));
#11468=CARTESIAN_POINT('Ctrl Pts',(0.000999999999999951,-0.572216021254047,
-0.0609709939820287));
#11469=CARTESIAN_POINT('Origin',(0.000999999999999951,-0.564103661098116,
-0.071575303746122));
#11470=CARTESIAN_POINT('',(0.000999999999999951,-0.54020652758316,-0.050876057273168));
#11471=CARTESIAN_POINT('',(0.000999999999999995,-0.535253995937591,-0.0570232091719022));
#11472=CARTESIAN_POINT('Ctrl Pts',(0.000999999999999951,-0.54020652758316,
-0.050876057273168));
#11473=CARTESIAN_POINT('Ctrl Pts',(0.000999999999999995,-0.539859658018398,
-0.0509901369640615));
#11474=CARTESIAN_POINT('Ctrl Pts',(0.00100000000000004,-0.539187308120657,
-0.051211261779549));
#11475=CARTESIAN_POINT('Ctrl Pts',(0.00100000000000004,-0.538270376236437,
-0.0516974215024044));
#11476=CARTESIAN_POINT('Ctrl Pts',(0.00100000000000004,-0.537455343223087,
-0.0522655367772911));
#11477=CARTESIAN_POINT('Ctrl Pts',(0.000999999999999951,-0.536765285594372,
-0.0529608710806964));
#11478=CARTESIAN_POINT('Ctrl Pts',(0.000999999999999995,-0.536180370691208,
-0.0537720378631514));
#11479=CARTESIAN_POINT('Ctrl Pts',(0.000999999999999995,-0.535742453869312,
-0.0547329906564339));
#11480=CARTESIAN_POINT('Ctrl Pts',(0.00099999999999982,-0.535412647202092,
-0.0558267410314146));
#11481=CARTESIAN_POINT('Ctrl Pts',(0.000999999999999995,-0.535308499692637,
-0.056612169230592));
#11482=CARTESIAN_POINT('Ctrl Pts',(0.000999999999999995,-0.535253995937591,
-0.0570232091719022));
#11483=CARTESIAN_POINT('',(0.000999999999999995,-0.552295135178097,-0.0506466268934211));
#11484=CARTESIAN_POINT('Ctrl Pts',(0.000999999999999995,-0.552295135178097,
-0.0506466268934211));
#11485=CARTESIAN_POINT('Ctrl Pts',(0.000999999999999951,-0.551630928636178,
-0.0505768372964979));
#11486=CARTESIAN_POINT('Ctrl Pts',(0.000999999999999995,-0.550361817577291,
-0.0504434890927979));
#11487=CARTESIAN_POINT('Ctrl Pts',(0.000999999999999995,-0.548535643804282,
-0.0503128587465637));
#11488=CARTESIAN_POINT('Ctrl Pts',(0.000999999999999951,-0.546879468081797,
-0.0502222204865527));
#11489=CARTESIAN_POINT('Ctrl Pts',(0.000999999999999995,-0.545369946954031,
-0.050182570593819));
#11490=CARTESIAN_POINT('Ctrl Pts',(0.00100000000000004,-0.543972843202026,
-0.0502222338792858));
#11491=CARTESIAN_POINT('Ctrl Pts',(0.00100000000000004,-0.542654238200743,
-0.0503305417528394));
#11492=CARTESIAN_POINT('Ctrl Pts',(0.000999999999999995,-0.541401333587049,
-0.0505557535802835));
#11493=CARTESIAN_POINT('Ctrl Pts',(0.000999999999999951,-0.540600771746787,
-0.050770368264997));
#11494=CARTESIAN_POINT('Ctrl Pts',(0.000999999999999951,-0.54020652758316,
-0.050876057273168));
#11495=CARTESIAN_POINT('',(0.000999999999999995,-0.564185957962907,-0.0534709939820287));
#11496=CARTESIAN_POINT('Ctrl Pts',(0.000999999999999995,-0.564185957962907,
-0.0534709939820287));
#11497=CARTESIAN_POINT('Ctrl Pts',(0.000999999999999995,-0.563851834295991,
-0.0532896563057969));
#11498=CARTESIAN_POINT('Ctrl Pts',(0.000999999999999951,-0.5631459038672,
-0.0529065293494829));
#11499=CARTESIAN_POINT('Ctrl Pts',(0.000999999999999995,-0.561961853787293,
-0.0524568441590416));
#11500=CARTESIAN_POINT('Ctrl Pts',(0.000999999999999995,-0.560631453276429,
-0.0520400392279709));
#11501=CARTESIAN_POINT('Ctrl Pts',(0.00100000000000004,-0.559152613023798,
-0.0516980623898872));
#11502=CARTESIAN_POINT('Ctrl Pts',(0.000999999999999951,-0.557560007177789,
-0.051388365849297));
#11503=CARTESIAN_POINT('Ctrl Pts',(0.00100000000000004,-0.555877913555444,
-0.0510993189048054));
#11504=CARTESIAN_POINT('Ctrl Pts',(0.000999999999999951,-0.554114224131509,
-0.0508593094197791));
#11505=CARTESIAN_POINT('Ctrl Pts',(0.000999999999999995,-0.552909820495835,
-0.0507184940915846));
#11506=CARTESIAN_POINT('Ctrl Pts',(0.000999999999999995,-0.552295135178097,
-0.0506466268934211));
#11507=CARTESIAN_POINT('',(0.000999999999999995,-0.56765905922873,-0.0604804876529148));
#11508=CARTESIAN_POINT('Ctrl Pts',(0.000999999999999995,-0.56765905922873,
-0.0604804876529148));
#11509=CARTESIAN_POINT('Ctrl Pts',(0.000999999999999995,-0.567691947977845,
-0.0600876441860308));
#11510=CARTESIAN_POINT('Ctrl Pts',(0.000999999999999995,-0.567755130403585,
-0.0593329543957089));
#11511=CARTESIAN_POINT('Ctrl Pts',(0.00099999999999982,-0.567657700642632,
-0.0582401570286753));
#11512=CARTESIAN_POINT('Ctrl Pts',(0.00100000000000004,-0.567457157811051,
-0.0572347016594941));
#11513=CARTESIAN_POINT('Ctrl Pts',(0.000999999999999951,-0.567080403602245,
-0.0563228258283631));
#11514=CARTESIAN_POINT('Ctrl Pts',(0.000999999999999995,-0.566568330461196,
-0.0554884598985846));
#11515=CARTESIAN_POINT('Ctrl Pts',(0.00099999999999982,-0.565908080148963,
-0.0547343683564517));
#11516=CARTESIAN_POINT('Ctrl Pts',(0.00100000000000004,-0.565116708485262,
-0.0540397089211199));
#11517=CARTESIAN_POINT('Ctrl Pts',(0.000999999999999995,-0.564503543556503,
-0.0536650477775196));
#11518=CARTESIAN_POINT('Ctrl Pts',(0.000999999999999995,-0.564185957962907,
-0.0534709939820287));
#11519=CARTESIAN_POINT('',(0.000999999999999995,-0.562848932646452,-0.0665643484124085));
#11520=CARTESIAN_POINT('Ctrl Pts',(0.000999999999999995,-0.562848932646452,
-0.0665643484124085));
#11521=CARTESIAN_POINT('Ctrl Pts',(0.000999999999999995,-0.563190752254988,
-0.066442191574641));
#11522=CARTESIAN_POINT('Ctrl Pts',(0.000999999999999951,-0.563851001113735,
-0.0662062369637591));
#11523=CARTESIAN_POINT('Ctrl Pts',(0.00100000000000004,-0.564748698604391,
-0.065701287047219));
#11524=CARTESIAN_POINT('Ctrl Pts',(0.00100000000000013,-0.565541156308591,
-0.0651210830163916));
#11525=CARTESIAN_POINT('Ctrl Pts',(0.000999999999999951,-0.566209593781676,
-0.0644241439982382));
#11526=CARTESIAN_POINT('Ctrl Pts',(0.00100000000000004,-0.566772011597921,
-0.0636215173296853));
#11527=CARTESIAN_POINT('Ctrl Pts',(0.00099999999999982,-0.567178521028393,
-0.0626783876502482));
#11528=CARTESIAN_POINT('Ctrl Pts',(0.000999999999999995,-0.567508284819094,
-0.0616273326427445));
#11529=CARTESIAN_POINT('Ctrl Pts',(0.000999999999999995,-0.567607422843535,
-0.0608732527766295));
#11530=CARTESIAN_POINT('Ctrl Pts',(0.000999999999999995,-0.56765905922873,
-0.0604804876529148));
#11531=CARTESIAN_POINT('',(0.000999999999999995,-0.550610008595819,-0.0668570699313958));
#11532=CARTESIAN_POINT('Ctrl Pts',(0.000999999999999995,-0.550610008595819,
-0.0668570699313958));
#11533=CARTESIAN_POINT('Ctrl Pts',(0.000999999999999995,-0.551261087711862,
-0.0669235397851998));
#11534=CARTESIAN_POINT('Ctrl Pts',(0.000999999999999995,-0.552519855520563,
-0.0670520496853884));
#11535=CARTESIAN_POINT('Ctrl Pts',(0.000999999999999951,-0.55434805177861,
-0.0671865739448895));
#11536=CARTESIAN_POINT('Ctrl Pts',(0.000999999999999995,-0.556049590276705,
-0.0672668837816714));
#11537=CARTESIAN_POINT('Ctrl Pts',(0.000999999999999995,-0.557624940540988,
-0.0672965647073923));
#11538=CARTESIAN_POINT('Ctrl Pts',(0.000999999999999951,-0.559086046704881,
-0.0672542374801633));
#11539=CARTESIAN_POINT('Ctrl Pts',(0.000999999999999995,-0.560437993519089,
-0.0671246916743396));
#11540=CARTESIAN_POINT('Ctrl Pts',(0.000999999999999951,-0.561687858056949,
-0.0668995345812078));
#11541=CARTESIAN_POINT('Ctrl Pts',(0.000999999999999995,-0.562470753041602,
-0.0666735236316524));
#11542=CARTESIAN_POINT('Ctrl Pts',(0.000999999999999995,-0.562848932646452,
-0.0665643484124085));
#11543=CARTESIAN_POINT('',(0.000999999999999995,-0.538719185811008,-0.0640089686655731));
#11544=CARTESIAN_POINT('Ctrl Pts',(0.000999999999999995,-0.538719185811008,
-0.0640089686655731));
#11545=CARTESIAN_POINT('Ctrl Pts',(0.000999999999999995,-0.539074765016593,
-0.064194947164339));
#11546=CARTESIAN_POINT('Ctrl Pts',(0.000999999999999995,-0.539808144866379,
-0.0645785266350915));
#11547=CARTESIAN_POINT('Ctrl Pts',(0.000999999999999995,-0.541000608861415,
-0.0650395250878912));
#11548=CARTESIAN_POINT('Ctrl Pts',(0.000999999999999995,-0.542283531775121,
-0.0654661111869557));
#11549=CARTESIAN_POINT('Ctrl Pts',(0.00099999999999982,-0.543682400585397,
-0.0658092262510422));
#11550=CARTESIAN_POINT('Ctrl Pts',(0.000999999999999995,-0.545205673401175,
-0.0661031943418581));
#11551=CARTESIAN_POINT('Ctrl Pts',(0.00100000000000004,-0.546868678611272,
-0.0663929273146157));
#11552=CARTESIAN_POINT('Ctrl Pts',(0.000999999999999951,-0.548687526235477,
-0.0666412043020064));
#11553=CARTESIAN_POINT('Ctrl Pts',(0.000999999999999951,-0.549953048543542,
-0.0667833032752778));
#11554=CARTESIAN_POINT('Ctrl Pts',(0.000999999999999995,-0.550610008595819,
-0.0668570699313958));
#11555=CARTESIAN_POINT('Ctrl Pts',(0.000999999999999995,-0.535253995937591,
-0.0570232091719022));
#11556=CARTESIAN_POINT('Ctrl Pts',(0.000999999999999951,-0.535222343736727,
-0.0574159262955587));
#11557=CARTESIAN_POINT('Ctrl Pts',(0.000999999999999995,-0.53516155304832,
-0.0581701722451025));
#11558=CARTESIAN_POINT('Ctrl Pts',(0.000999999999999995,-0.535242792269477,
-0.0592675829710647));
#11559=CARTESIAN_POINT('Ctrl Pts',(0.000999999999999995,-0.535458577871999,
-0.0602757776409732));
#11560=CARTESIAN_POINT('Ctrl Pts',(0.000999999999999995,-0.535831516499615,
-0.061192387865403));
#11561=CARTESIAN_POINT('Ctrl Pts',(0.000999999999999995,-0.536334030507091,
-0.0620322380676776));
#11562=CARTESIAN_POINT('Ctrl Pts',(0.000999999999999951,-0.536995919440549,
-0.0627768821145215));
#11563=CARTESIAN_POINT('Ctrl Pts',(0.00099999999999982,-0.537789623721416,
-0.0634560418582491));
#11564=CARTESIAN_POINT('Ctrl Pts',(0.000999999999999995,-0.538401777274917,
-0.0638201661203281));
#11565=CARTESIAN_POINT('Ctrl Pts',(0.000999999999999995,-0.538719185811008,
-0.0640089686655731));
#11566=CARTESIAN_POINT('Ctrl Pts',(0.000999999999999995,-0.535253995937591,
-0.0570232091719022));
#11567=CARTESIAN_POINT('Ctrl Pts',(-0.000200000000000209,-0.535253995937591,
-0.0570232091719022));
#11568=CARTESIAN_POINT('Ctrl Pts',(0.000999999999999995,-0.535222343736727,
-0.0574159262955587));
#11569=CARTESIAN_POINT('Ctrl Pts',(-0.000200000000000209,-0.535222343736727,
-0.0574159262955587));
#11570=CARTESIAN_POINT('Ctrl Pts',(0.00100000000000004,-0.53516155304832,
-0.0581701722451025));
#11571=CARTESIAN_POINT('Ctrl Pts',(-0.000200000000000165,-0.53516155304832,
-0.0581701722451025));
#11572=CARTESIAN_POINT('Ctrl Pts',(0.00100000000000004,-0.535242792269477,
-0.0592675829710647));
#11573=CARTESIAN_POINT('Ctrl Pts',(-0.000200000000000165,-0.535242792269477,
-0.0592675829710647));
#11574=CARTESIAN_POINT('Ctrl Pts',(0.00100000000000004,-0.535458577871999,
-0.0602757776409732));
#11575=CARTESIAN_POINT('Ctrl Pts',(-0.000200000000000165,-0.535458577871999,
-0.0602757776409732));
#11576=CARTESIAN_POINT('Ctrl Pts',(0.00100000000000004,-0.535831516499615,
-0.061192387865403));
#11577=CARTESIAN_POINT('Ctrl Pts',(-0.000200000000000165,-0.535831516499615,
-0.061192387865403));
#11578=CARTESIAN_POINT('Ctrl Pts',(0.00100000000000004,-0.536334030507091,
-0.0620322380676776));
#11579=CARTESIAN_POINT('Ctrl Pts',(-0.000200000000000165,-0.536334030507091,
-0.0620322380676776));
#11580=CARTESIAN_POINT('Ctrl Pts',(0.000999999999999995,-0.536995919440549,
-0.0627768821145215));
#11581=CARTESIAN_POINT('Ctrl Pts',(-0.000200000000000209,-0.536995919440549,
-0.0627768821145215));
#11582=CARTESIAN_POINT('Ctrl Pts',(0.000999999999999951,-0.537789623721416,
-0.0634560418582491));
#11583=CARTESIAN_POINT('Ctrl Pts',(-0.000200000000000252,-0.537789623721416,
-0.0634560418582491));
#11584=CARTESIAN_POINT('Ctrl Pts',(0.00100000000000004,-0.538401777274917,
-0.0638201661203281));
#11585=CARTESIAN_POINT('Ctrl Pts',(-0.000200000000000165,-0.538401777274917,
-0.0638201661203281));
#11586=CARTESIAN_POINT('Ctrl Pts',(0.00100000000000004,-0.538719185811008,
-0.0640089686655731));
#11587=CARTESIAN_POINT('Ctrl Pts',(-0.000200000000000165,-0.538719185811008,
-0.0640089686655731));
#11588=CARTESIAN_POINT('',(0.,-0.535253995937591,-0.0570232091719022));
#11589=CARTESIAN_POINT('',(0.,-0.538719185811008,-0.0640089686655731));
#11590=CARTESIAN_POINT('Ctrl Pts',(0.,-0.535253995937591,-0.0570232091719022));
#11591=CARTESIAN_POINT('Ctrl Pts',(-8.74191357972564E-17,-0.535222343736727,
-0.0574159262955587));
#11592=CARTESIAN_POINT('Ctrl Pts',(0.,-0.53516155304832,-0.0581701722451025));
#11593=CARTESIAN_POINT('Ctrl Pts',(0.,-0.535242792269477,-0.0592675829710647));
#11594=CARTESIAN_POINT('Ctrl Pts',(0.,-0.535458577871999,-0.0602757776409732));
#11595=CARTESIAN_POINT('Ctrl Pts',(0.,-0.535831516499615,-0.061192387865403));
#11596=CARTESIAN_POINT('Ctrl Pts',(0.,-0.536334030507091,-0.0620322380676776));
#11597=CARTESIAN_POINT('Ctrl Pts',(-8.74191357972564E-17,-0.536995919440549,
-0.0627768821145215));
#11598=CARTESIAN_POINT('Ctrl Pts',(-1.74838271594513E-16,-0.537789623721416,
-0.0634560418582491));
#11599=CARTESIAN_POINT('Ctrl Pts',(0.,-0.538401777274917,-0.0638201661203281));
#11600=CARTESIAN_POINT('Ctrl Pts',(0.,-0.538719185811008,-0.0640089686655731));
#11601=CARTESIAN_POINT('',(0.000999999999999995,-0.535253995937591,-0.0570232091719022));
#11602=CARTESIAN_POINT('',(0.000999999999999995,-0.538719185811008,-0.0640089686655731));
#11603=CARTESIAN_POINT('Ctrl Pts',(0.000999999999999995,-0.54020652758316,
-0.050876057273168));
#11604=CARTESIAN_POINT('Ctrl Pts',(-0.000200000000000261,-0.54020652758316,
-0.050876057273168));
#11605=CARTESIAN_POINT('Ctrl Pts',(0.000999999999999995,-0.539859658018398,
-0.0509901369640615));
#11606=CARTESIAN_POINT('Ctrl Pts',(-0.000200000000000261,-0.539859658018398,
-0.0509901369640615));
#11607=CARTESIAN_POINT('Ctrl Pts',(0.00100000000000004,-0.539187308120657,
-0.051211261779549));
#11608=CARTESIAN_POINT('Ctrl Pts',(-0.000200000000000217,-0.539187308120657,
-0.051211261779549));
#11609=CARTESIAN_POINT('Ctrl Pts',(0.00100000000000004,-0.538270376236437,
-0.0516974215024044));
#11610=CARTESIAN_POINT('Ctrl Pts',(-0.000200000000000217,-0.538270376236437,
-0.0516974215024044));
#11611=CARTESIAN_POINT('Ctrl Pts',(0.00100000000000004,-0.537455343223087,
-0.0522655367772911));
#11612=CARTESIAN_POINT('Ctrl Pts',(-0.000200000000000217,-0.537455343223087,
-0.0522655367772911));
#11613=CARTESIAN_POINT('Ctrl Pts',(0.000999999999999951,-0.536765285594372,
-0.0529608710806964));
#11614=CARTESIAN_POINT('Ctrl Pts',(-0.000200000000000305,-0.536765285594372,
-0.0529608710806964));
#11615=CARTESIAN_POINT('Ctrl Pts',(0.000999999999999995,-0.536180370691208,
-0.0537720378631514));
#11616=CARTESIAN_POINT('Ctrl Pts',(-0.000200000000000261,-0.536180370691208,
-0.0537720378631514));
#11617=CARTESIAN_POINT('Ctrl Pts',(0.000999999999999995,-0.535742453869312,
-0.0547329906564339));
#11618=CARTESIAN_POINT('Ctrl Pts',(-0.000200000000000261,-0.535742453869312,
-0.0547329906564339));
#11619=CARTESIAN_POINT('Ctrl Pts',(0.00099999999999982,-0.535412647202092,
-0.0558267410314146));
#11620=CARTESIAN_POINT('Ctrl Pts',(-0.000200000000000436,-0.535412647202092,
-0.0558267410314146));
#11621=CARTESIAN_POINT('Ctrl Pts',(0.000999999999999995,-0.535308499692637,
-0.056612169230592));
#11622=CARTESIAN_POINT('Ctrl Pts',(-0.000200000000000261,-0.535308499692637,
-0.056612169230592));
#11623=CARTESIAN_POINT('Ctrl Pts',(0.000999999999999995,-0.535253995937591,
-0.0570232091719022));
#11624=CARTESIAN_POINT('Ctrl Pts',(-0.000200000000000261,-0.535253995937591,
-0.0570232091719022));
#11625=CARTESIAN_POINT('',(-8.74191357972564E-17,-0.54020652758316,-0.050876057273168));
#11626=CARTESIAN_POINT('Ctrl Pts',(-8.74191357972564E-17,-0.54020652758316,
-0.050876057273168));
#11627=CARTESIAN_POINT('Ctrl Pts',(0.,-0.539859658018398,-0.0509901369640615));
#11628=CARTESIAN_POINT('Ctrl Pts',(4.37095678986282E-17,-0.539187308120657,
-0.051211261779549));
#11629=CARTESIAN_POINT('Ctrl Pts',(4.37095678986282E-17,-0.538270376236437,
-0.0516974215024044));
#11630=CARTESIAN_POINT('Ctrl Pts',(4.37095678986282E-17,-0.537455343223087,
-0.0522655367772911));
#11631=CARTESIAN_POINT('Ctrl Pts',(-8.74191357972564E-17,-0.536765285594372,
-0.0529608710806964));
#11632=CARTESIAN_POINT('Ctrl Pts',(0.,-0.536180370691208,-0.0537720378631514));
#11633=CARTESIAN_POINT('Ctrl Pts',(0.,-0.535742453869312,-0.0547329906564339));
#11634=CARTESIAN_POINT('Ctrl Pts',(-1.74838271594513E-16,-0.535412647202092,
-0.0558267410314146));
#11635=CARTESIAN_POINT('Ctrl Pts',(0.,-0.535308499692637,-0.056612169230592));
#11636=CARTESIAN_POINT('Ctrl Pts',(0.,-0.535253995937591,-0.0570232091719022));
#11637=CARTESIAN_POINT('',(0.000999999999999951,-0.54020652758316,-0.050876057273168));
#11638=CARTESIAN_POINT('Ctrl Pts',(0.000999999999999995,-0.552295135178097,
-0.0506466268934211));
#11639=CARTESIAN_POINT('Ctrl Pts',(-0.000200000000000104,-0.552295135178097,
-0.0506466268934211));
#11640=CARTESIAN_POINT('Ctrl Pts',(0.000999999999999951,-0.551630928636178,
-0.0505768372964979));
#11641=CARTESIAN_POINT('Ctrl Pts',(-0.000200000000000148,-0.551630928636178,
-0.0505768372964979));
#11642=CARTESIAN_POINT('Ctrl Pts',(0.000999999999999995,-0.550361817577291,
-0.0504434890927979));
#11643=CARTESIAN_POINT('Ctrl Pts',(-0.000200000000000104,-0.550361817577291,
-0.0504434890927979));
#11644=CARTESIAN_POINT('Ctrl Pts',(0.000999999999999995,-0.548535643804282,
-0.0503128587465637));
#11645=CARTESIAN_POINT('Ctrl Pts',(-0.000200000000000104,-0.548535643804282,
-0.0503128587465637));
#11646=CARTESIAN_POINT('Ctrl Pts',(0.000999999999999951,-0.546879468081797,
-0.0502222204865527));
#11647=CARTESIAN_POINT('Ctrl Pts',(-0.000200000000000148,-0.546879468081797,
-0.0502222204865527));
#11648=CARTESIAN_POINT('Ctrl Pts',(0.000999999999999995,-0.545369946954031,
-0.050182570593819));
#11649=CARTESIAN_POINT('Ctrl Pts',(-0.000200000000000104,-0.545369946954031,
-0.050182570593819));
#11650=CARTESIAN_POINT('Ctrl Pts',(0.00100000000000004,-0.543972843202026,
-0.0502222338792858));
#11651=CARTESIAN_POINT('Ctrl Pts',(-0.00020000000000006,-0.543972843202026,
-0.0502222338792858));
#11652=CARTESIAN_POINT('Ctrl Pts',(0.00100000000000004,-0.542654238200743,
-0.0503305417528394));
#11653=CARTESIAN_POINT('Ctrl Pts',(-0.00020000000000006,-0.542654238200743,
-0.0503305417528394));
#11654=CARTESIAN_POINT('Ctrl Pts',(0.000999999999999995,-0.541401333587049,
-0.0505557535802835));
#11655=CARTESIAN_POINT('Ctrl Pts',(-0.000200000000000104,-0.541401333587049,
-0.0505557535802835));
#11656=CARTESIAN_POINT('Ctrl Pts',(0.000999999999999951,-0.540600771746787,
-0.050770368264997));
#11657=CARTESIAN_POINT('Ctrl Pts',(-0.000200000000000148,-0.540600771746787,
-0.050770368264997));
#11658=CARTESIAN_POINT('Ctrl Pts',(0.000999999999999951,-0.54020652758316,
-0.050876057273168));
#11659=CARTESIAN_POINT('Ctrl Pts',(-0.000200000000000148,-0.54020652758316,
-0.050876057273168));
#11660=CARTESIAN_POINT('',(0.,-0.552295135178097,-0.0506466268934211));
#11661=CARTESIAN_POINT('Ctrl Pts',(0.,-0.552295135178097,-0.0506466268934211));
#11662=CARTESIAN_POINT('Ctrl Pts',(-8.74191357972564E-17,-0.551630928636178,
-0.0505768372964979));
#11663=CARTESIAN_POINT('Ctrl Pts',(0.,-0.550361817577291,-0.0504434890927979));
#11664=CARTESIAN_POINT('Ctrl Pts',(0.,-0.548535643804282,-0.0503128587465637));
#11665=CARTESIAN_POINT('Ctrl Pts',(-8.74191357972564E-17,-0.546879468081797,
-0.0502222204865527));
#11666=CARTESIAN_POINT('Ctrl Pts',(0.,-0.545369946954031,-0.050182570593819));
#11667=CARTESIAN_POINT('Ctrl Pts',(4.37095678986282E-17,-0.543972843202026,
-0.0502222338792858));
#11668=CARTESIAN_POINT('Ctrl Pts',(4.37095678986282E-17,-0.542654238200743,
-0.0503305417528394));
#11669=CARTESIAN_POINT('Ctrl Pts',(0.,-0.541401333587049,-0.0505557535802835));
#11670=CARTESIAN_POINT('Ctrl Pts',(-8.74191357972564E-17,-0.540600771746787,
-0.050770368264997));
#11671=CARTESIAN_POINT('Ctrl Pts',(-8.74191357972564E-17,-0.54020652758316,
-0.050876057273168));
#11672=CARTESIAN_POINT('',(0.000999999999999995,-0.552295135178097,-0.0506466268934211));
#11673=CARTESIAN_POINT('Ctrl Pts',(0.000999999999999995,-0.564185957962907,
-0.0534709939820287));
#11674=CARTESIAN_POINT('Ctrl Pts',(-0.000200000000000104,-0.564185957962907,
-0.0534709939820287));
#11675=CARTESIAN_POINT('Ctrl Pts',(0.000999999999999995,-0.563851834295991,
-0.0532896563057969));
#11676=CARTESIAN_POINT('Ctrl Pts',(-0.000200000000000104,-0.563851834295991,
-0.0532896563057969));
#11677=CARTESIAN_POINT('Ctrl Pts',(0.000999999999999951,-0.5631459038672,
-0.0529065293494829));
#11678=CARTESIAN_POINT('Ctrl Pts',(-0.000200000000000148,-0.5631459038672,
-0.0529065293494829));
#11679=CARTESIAN_POINT('Ctrl Pts',(0.000999999999999995,-0.561961853787293,
-0.0524568441590416));
#11680=CARTESIAN_POINT('Ctrl Pts',(-0.000200000000000104,-0.561961853787293,
-0.0524568441590416));
#11681=CARTESIAN_POINT('Ctrl Pts',(0.000999999999999995,-0.560631453276429,
-0.0520400392279709));
#11682=CARTESIAN_POINT('Ctrl Pts',(-0.000200000000000104,-0.560631453276429,
-0.0520400392279709));
#11683=CARTESIAN_POINT('Ctrl Pts',(0.00100000000000004,-0.559152613023798,
-0.0516980623898872));
#11684=CARTESIAN_POINT('Ctrl Pts',(-0.00020000000000006,-0.559152613023798,
-0.0516980623898872));
#11685=CARTESIAN_POINT('Ctrl Pts',(0.000999999999999951,-0.557560007177789,
-0.051388365849297));
#11686=CARTESIAN_POINT('Ctrl Pts',(-0.000200000000000148,-0.557560007177789,
-0.051388365849297));
#11687=CARTESIAN_POINT('Ctrl Pts',(0.00100000000000004,-0.555877913555444,
-0.0510993189048054));
#11688=CARTESIAN_POINT('Ctrl Pts',(-0.00020000000000006,-0.555877913555444,
-0.0510993189048054));
#11689=CARTESIAN_POINT('Ctrl Pts',(0.000999999999999951,-0.554114224131509,
-0.0508593094197791));
#11690=CARTESIAN_POINT('Ctrl Pts',(-0.000200000000000148,-0.554114224131509,
-0.0508593094197791));
#11691=CARTESIAN_POINT('Ctrl Pts',(0.000999999999999995,-0.552909820495835,
-0.0507184940915846));
#11692=CARTESIAN_POINT('Ctrl Pts',(-0.000200000000000104,-0.552909820495835,
-0.0507184940915846));
#11693=CARTESIAN_POINT('Ctrl Pts',(0.000999999999999995,-0.552295135178097,
-0.0506466268934211));
#11694=CARTESIAN_POINT('Ctrl Pts',(-0.000200000000000104,-0.552295135178097,
-0.0506466268934211));
#11695=CARTESIAN_POINT('',(0.,-0.564185957962907,-0.0534709939820287));
#11696=CARTESIAN_POINT('Ctrl Pts',(0.,-0.564185957962907,-0.0534709939820287));
#11697=CARTESIAN_POINT('Ctrl Pts',(0.,-0.563851834295991,-0.0532896563057969));
#11698=CARTESIAN_POINT('Ctrl Pts',(-8.74191357972564E-17,-0.5631459038672,
-0.0529065293494829));
#11699=CARTESIAN_POINT('Ctrl Pts',(0.,-0.561961853787293,-0.0524568441590416));
#11700=CARTESIAN_POINT('Ctrl Pts',(0.,-0.560631453276429,-0.0520400392279709));
#11701=CARTESIAN_POINT('Ctrl Pts',(4.37095678986282E-17,-0.559152613023798,
-0.0516980623898872));
#11702=CARTESIAN_POINT('Ctrl Pts',(-8.74191357972564E-17,-0.557560007177789,
-0.051388365849297));
#11703=CARTESIAN_POINT('Ctrl Pts',(4.37095678986282E-17,-0.555877913555444,
-0.0510993189048054));
#11704=CARTESIAN_POINT('Ctrl Pts',(-8.74191357972564E-17,-0.554114224131509,
-0.0508593094197791));
#11705=CARTESIAN_POINT('Ctrl Pts',(0.,-0.552909820495835,-0.0507184940915846));
#11706=CARTESIAN_POINT('Ctrl Pts',(0.,-0.552295135178097,-0.0506466268934211));
#11707=CARTESIAN_POINT('',(0.000999999999999995,-0.564185957962907,-0.0534709939820287));
#11708=CARTESIAN_POINT('Ctrl Pts',(0.000999999999999995,-0.56765905922873,
-0.0604804876529148));
#11709=CARTESIAN_POINT('Ctrl Pts',(-0.000200000000000209,-0.56765905922873,
-0.0604804876529148));
#11710=CARTESIAN_POINT('Ctrl Pts',(0.000999999999999995,-0.567691947977845,
-0.0600876441860308));
#11711=CARTESIAN_POINT('Ctrl Pts',(-0.000200000000000209,-0.567691947977845,
-0.0600876441860308));
#11712=CARTESIAN_POINT('Ctrl Pts',(0.000999999999999995,-0.567755130403585,
-0.0593329543957089));
#11713=CARTESIAN_POINT('Ctrl Pts',(-0.000200000000000209,-0.567755130403585,
-0.0593329543957089));
#11714=CARTESIAN_POINT('Ctrl Pts',(0.00099999999999982,-0.567657700642632,
-0.0582401570286753));
#11715=CARTESIAN_POINT('Ctrl Pts',(-0.000200000000000384,-0.567657700642632,
-0.0582401570286753));
#11716=CARTESIAN_POINT('Ctrl Pts',(0.00100000000000004,-0.567457157811051,
-0.0572347016594941));
#11717=CARTESIAN_POINT('Ctrl Pts',(-0.000200000000000165,-0.567457157811051,
-0.0572347016594941));
#11718=CARTESIAN_POINT('Ctrl Pts',(0.000999999999999951,-0.567080403602245,
-0.0563228258283631));
#11719=CARTESIAN_POINT('Ctrl Pts',(-0.000200000000000252,-0.567080403602245,
-0.0563228258283631));
#11720=CARTESIAN_POINT('Ctrl Pts',(0.000999999999999995,-0.566568330461196,
-0.0554884598985846));
#11721=CARTESIAN_POINT('Ctrl Pts',(-0.000200000000000209,-0.566568330461196,
-0.0554884598985846));
#11722=CARTESIAN_POINT('Ctrl Pts',(0.00099999999999982,-0.565908080148963,
-0.0547343683564517));
#11723=CARTESIAN_POINT('Ctrl Pts',(-0.000200000000000384,-0.565908080148963,
-0.0547343683564517));
#11724=CARTESIAN_POINT('Ctrl Pts',(0.00100000000000004,-0.565116708485262,
-0.0540397089211199));
#11725=CARTESIAN_POINT('Ctrl Pts',(-0.000200000000000165,-0.565116708485262,
-0.0540397089211199));
#11726=CARTESIAN_POINT('Ctrl Pts',(0.000999999999999995,-0.564503543556503,
-0.0536650477775196));
#11727=CARTESIAN_POINT('Ctrl Pts',(-0.000200000000000209,-0.564503543556503,
-0.0536650477775196));
#11728=CARTESIAN_POINT('Ctrl Pts',(0.000999999999999995,-0.564185957962907,
-0.0534709939820287));
#11729=CARTESIAN_POINT('Ctrl Pts',(-0.000200000000000209,-0.564185957962907,
-0.0534709939820287));
#11730=CARTESIAN_POINT('',(0.,-0.56765905922873,-0.0604804876529148));
#11731=CARTESIAN_POINT('Ctrl Pts',(0.,-0.56765905922873,-0.0604804876529148));
#11732=CARTESIAN_POINT('Ctrl Pts',(0.,-0.567691947977845,-0.0600876441860308));
#11733=CARTESIAN_POINT('Ctrl Pts',(0.,-0.567755130403585,-0.0593329543957089));
#11734=CARTESIAN_POINT('Ctrl Pts',(-1.74838271594513E-16,-0.567657700642632,
-0.0582401570286753));
#11735=CARTESIAN_POINT('Ctrl Pts',(4.37095678986282E-17,-0.567457157811051,
-0.0572347016594941));
#11736=CARTESIAN_POINT('Ctrl Pts',(-8.74191357972564E-17,-0.567080403602245,
-0.0563228258283631));
#11737=CARTESIAN_POINT('Ctrl Pts',(0.,-0.566568330461196,-0.0554884598985846));
#11738=CARTESIAN_POINT('Ctrl Pts',(-1.74838271594513E-16,-0.565908080148963,
-0.0547343683564517));
#11739=CARTESIAN_POINT('Ctrl Pts',(4.37095678986282E-17,-0.565116708485262,
-0.0540397089211199));
#11740=CARTESIAN_POINT('Ctrl Pts',(0.,-0.564503543556503,-0.0536650477775196));
#11741=CARTESIAN_POINT('Ctrl Pts',(0.,-0.564185957962907,-0.0534709939820287));
#11742=CARTESIAN_POINT('',(0.000999999999999995,-0.56765905922873,-0.0604804876529148));
#11743=CARTESIAN_POINT('Ctrl Pts',(0.000999999999999995,-0.562848932646452,
-0.0665643484124085));
#11744=CARTESIAN_POINT('Ctrl Pts',(-0.000200000000000209,-0.562848932646452,
-0.0665643484124085));
#11745=CARTESIAN_POINT('Ctrl Pts',(0.000999999999999995,-0.563190752254988,
-0.066442191574641));
#11746=CARTESIAN_POINT('Ctrl Pts',(-0.000200000000000209,-0.563190752254988,
-0.066442191574641));
#11747=CARTESIAN_POINT('Ctrl Pts',(0.000999999999999951,-0.563851001113735,
-0.0662062369637591));
#11748=CARTESIAN_POINT('Ctrl Pts',(-0.000200000000000252,-0.563851001113735,
-0.0662062369637591));
#11749=CARTESIAN_POINT('Ctrl Pts',(0.00100000000000004,-0.564748698604391,
-0.065701287047219));
#11750=CARTESIAN_POINT('Ctrl Pts',(-0.000200000000000165,-0.564748698604391,
-0.065701287047219));
#11751=CARTESIAN_POINT('Ctrl Pts',(0.00100000000000013,-0.565541156308591,
-0.0651210830163916));
#11752=CARTESIAN_POINT('Ctrl Pts',(-0.000200000000000078,-0.565541156308591,
-0.0651210830163916));
#11753=CARTESIAN_POINT('Ctrl Pts',(0.000999999999999951,-0.566209593781676,
-0.0644241439982382));
#11754=CARTESIAN_POINT('Ctrl Pts',(-0.000200000000000252,-0.566209593781676,
-0.0644241439982382));
#11755=CARTESIAN_POINT('Ctrl Pts',(0.00100000000000004,-0.566772011597921,
-0.0636215173296853));
#11756=CARTESIAN_POINT('Ctrl Pts',(-0.000200000000000165,-0.566772011597921,
-0.0636215173296853));
#11757=CARTESIAN_POINT('Ctrl Pts',(0.00099999999999982,-0.567178521028393,
-0.0626783876502482));
#11758=CARTESIAN_POINT('Ctrl Pts',(-0.000200000000000384,-0.567178521028393,
-0.0626783876502482));
#11759=CARTESIAN_POINT('Ctrl Pts',(0.000999999999999995,-0.567508284819094,
-0.0616273326427445));
#11760=CARTESIAN_POINT('Ctrl Pts',(-0.000200000000000209,-0.567508284819094,
-0.0616273326427445));
#11761=CARTESIAN_POINT('Ctrl Pts',(0.000999999999999995,-0.567607422843535,
-0.0608732527766295));
#11762=CARTESIAN_POINT('Ctrl Pts',(-0.000200000000000209,-0.567607422843535,
-0.0608732527766295));
#11763=CARTESIAN_POINT('Ctrl Pts',(0.000999999999999995,-0.56765905922873,
-0.0604804876529148));
#11764=CARTESIAN_POINT('Ctrl Pts',(-0.000200000000000209,-0.56765905922873,
-0.0604804876529148));
#11765=CARTESIAN_POINT('',(0.,-0.562848932646452,-0.0665643484124085));
#11766=CARTESIAN_POINT('Ctrl Pts',(0.,-0.562848932646452,-0.0665643484124085));
#11767=CARTESIAN_POINT('Ctrl Pts',(0.,-0.563190752254988,-0.066442191574641));
#11768=CARTESIAN_POINT('Ctrl Pts',(-8.74191357972564E-17,-0.563851001113735,
-0.0662062369637591));
#11769=CARTESIAN_POINT('Ctrl Pts',(4.37095678986282E-17,-0.564748698604391,
-0.065701287047219));
#11770=CARTESIAN_POINT('Ctrl Pts',(1.31128703695885E-16,-0.565541156308591,
-0.0651210830163916));
#11771=CARTESIAN_POINT('Ctrl Pts',(-8.74191357972564E-17,-0.566209593781676,
-0.0644241439982382));
#11772=CARTESIAN_POINT('Ctrl Pts',(4.37095678986282E-17,-0.566772011597921,
-0.0636215173296853));
#11773=CARTESIAN_POINT('Ctrl Pts',(-1.74838271594513E-16,-0.567178521028393,
-0.0626783876502482));
#11774=CARTESIAN_POINT('Ctrl Pts',(0.,-0.567508284819094,-0.0616273326427445));
#11775=CARTESIAN_POINT('Ctrl Pts',(0.,-0.567607422843535,-0.0608732527766295));
#11776=CARTESIAN_POINT('Ctrl Pts',(0.,-0.56765905922873,-0.0604804876529148));
#11777=CARTESIAN_POINT('',(0.000999999999999995,-0.562848932646452,-0.0665643484124085));
#11778=CARTESIAN_POINT('Ctrl Pts',(0.000999999999999995,-0.550610008595819,
-0.0668570699313958));
#11779=CARTESIAN_POINT('Ctrl Pts',(-0.000200000000000104,-0.550610008595819,
-0.0668570699313958));
#11780=CARTESIAN_POINT('Ctrl Pts',(0.000999999999999995,-0.551261087711862,
-0.0669235397851998));
#11781=CARTESIAN_POINT('Ctrl Pts',(-0.000200000000000104,-0.551261087711862,
-0.0669235397851998));
#11782=CARTESIAN_POINT('Ctrl Pts',(0.000999999999999995,-0.552519855520563,
-0.0670520496853884));
#11783=CARTESIAN_POINT('Ctrl Pts',(-0.000200000000000104,-0.552519855520563,
-0.0670520496853884));
#11784=CARTESIAN_POINT('Ctrl Pts',(0.000999999999999951,-0.55434805177861,
-0.0671865739448895));
#11785=CARTESIAN_POINT('Ctrl Pts',(-0.000200000000000148,-0.55434805177861,
-0.0671865739448895));
#11786=CARTESIAN_POINT('Ctrl Pts',(0.000999999999999995,-0.556049590276705,
-0.0672668837816714));
#11787=CARTESIAN_POINT('Ctrl Pts',(-0.000200000000000104,-0.556049590276705,
-0.0672668837816714));
#11788=CARTESIAN_POINT('Ctrl Pts',(0.000999999999999995,-0.557624940540988,
-0.0672965647073923));
#11789=CARTESIAN_POINT('Ctrl Pts',(-0.000200000000000104,-0.557624940540988,
-0.0672965647073923));
#11790=CARTESIAN_POINT('Ctrl Pts',(0.000999999999999951,-0.559086046704881,
-0.0672542374801633));
#11791=CARTESIAN_POINT('Ctrl Pts',(-0.000200000000000148,-0.559086046704881,
-0.0672542374801633));
#11792=CARTESIAN_POINT('Ctrl Pts',(0.000999999999999995,-0.560437993519089,
-0.0671246916743396));
#11793=CARTESIAN_POINT('Ctrl Pts',(-0.000200000000000104,-0.560437993519089,
-0.0671246916743396));
#11794=CARTESIAN_POINT('Ctrl Pts',(0.000999999999999951,-0.561687858056949,
-0.0668995345812078));
#11795=CARTESIAN_POINT('Ctrl Pts',(-0.000200000000000148,-0.561687858056949,
-0.0668995345812078));
#11796=CARTESIAN_POINT('Ctrl Pts',(0.000999999999999995,-0.562470753041602,
-0.0666735236316524));
#11797=CARTESIAN_POINT('Ctrl Pts',(-0.000200000000000104,-0.562470753041602,
-0.0666735236316524));
#11798=CARTESIAN_POINT('Ctrl Pts',(0.000999999999999995,-0.562848932646452,
-0.0665643484124085));
#11799=CARTESIAN_POINT('Ctrl Pts',(-0.000200000000000104,-0.562848932646452,
-0.0665643484124085));
#11800=CARTESIAN_POINT('',(4.37095678986282E-17,-0.550610008595819,-0.0668570699313958));
#11801=CARTESIAN_POINT('Ctrl Pts',(4.37095678986282E-17,-0.550610008595819,
-0.0668570699313958));
#11802=CARTESIAN_POINT('Ctrl Pts',(0.,-0.551261087711862,-0.0669235397851998));
#11803=CARTESIAN_POINT('Ctrl Pts',(0.,-0.552519855520563,-0.0670520496853884));
#11804=CARTESIAN_POINT('Ctrl Pts',(-8.74191357972564E-17,-0.55434805177861,
-0.0671865739448895));
#11805=CARTESIAN_POINT('Ctrl Pts',(0.,-0.556049590276705,-0.0672668837816714));
#11806=CARTESIAN_POINT('Ctrl Pts',(0.,-0.557624940540988,-0.0672965647073923));
#11807=CARTESIAN_POINT('Ctrl Pts',(-8.74191357972564E-17,-0.559086046704881,
-0.0672542374801633));
#11808=CARTESIAN_POINT('Ctrl Pts',(0.,-0.560437993519089,-0.0671246916743396));
#11809=CARTESIAN_POINT('Ctrl Pts',(-8.74191357972564E-17,-0.561687858056949,
-0.0668995345812078));
#11810=CARTESIAN_POINT('Ctrl Pts',(0.,-0.562470753041602,-0.0666735236316524));
#11811=CARTESIAN_POINT('Ctrl Pts',(0.,-0.562848932646452,-0.0665643484124085));
#11812=CARTESIAN_POINT('',(0.000999999999999995,-0.550610008595819,-0.0668570699313958));
#11813=CARTESIAN_POINT('Ctrl Pts',(0.000999999999999995,-0.538719185811008,
-0.0640089686655731));
#11814=CARTESIAN_POINT('Ctrl Pts',(-0.000200000000000209,-0.538719185811008,
-0.0640089686655731));
#11815=CARTESIAN_POINT('Ctrl Pts',(0.000999999999999995,-0.539074765016593,
-0.064194947164339));
#11816=CARTESIAN_POINT('Ctrl Pts',(-0.000200000000000209,-0.539074765016593,
-0.064194947164339));
#11817=CARTESIAN_POINT('Ctrl Pts',(0.000999999999999995,-0.539808144866379,
-0.0645785266350915));
#11818=CARTESIAN_POINT('Ctrl Pts',(-0.000200000000000209,-0.539808144866379,
-0.0645785266350915));
#11819=CARTESIAN_POINT('Ctrl Pts',(0.000999999999999995,-0.541000608861415,
-0.0650395250878912));
#11820=CARTESIAN_POINT('Ctrl Pts',(-0.000200000000000209,-0.541000608861415,
-0.0650395250878912));
#11821=CARTESIAN_POINT('Ctrl Pts',(0.000999999999999995,-0.542283531775121,
-0.0654661111869557));
#11822=CARTESIAN_POINT('Ctrl Pts',(-0.000200000000000209,-0.542283531775121,
-0.0654661111869557));
#11823=CARTESIAN_POINT('Ctrl Pts',(0.00099999999999982,-0.543682400585397,
-0.0658092262510422));
#11824=CARTESIAN_POINT('Ctrl Pts',(-0.000200000000000384,-0.543682400585397,
-0.0658092262510422));
#11825=CARTESIAN_POINT('Ctrl Pts',(0.000999999999999995,-0.545205673401175,
-0.0661031943418581));
#11826=CARTESIAN_POINT('Ctrl Pts',(-0.000200000000000209,-0.545205673401175,
-0.0661031943418581));
#11827=CARTESIAN_POINT('Ctrl Pts',(0.00100000000000004,-0.546868678611272,
-0.0663929273146157));
#11828=CARTESIAN_POINT('Ctrl Pts',(-0.000200000000000165,-0.546868678611272,
-0.0663929273146157));
#11829=CARTESIAN_POINT('Ctrl Pts',(0.000999999999999951,-0.548687526235477,
-0.0666412043020064));
#11830=CARTESIAN_POINT('Ctrl Pts',(-0.000200000000000252,-0.548687526235477,
-0.0666412043020064));
#11831=CARTESIAN_POINT('Ctrl Pts',(0.000999999999999951,-0.549953048543542,
-0.0667833032752778));
#11832=CARTESIAN_POINT('Ctrl Pts',(-0.000200000000000252,-0.549953048543542,
-0.0667833032752778));
#11833=CARTESIAN_POINT('Ctrl Pts',(0.000999999999999995,-0.550610008595819,
-0.0668570699313958));
#11834=CARTESIAN_POINT('Ctrl Pts',(-0.000200000000000209,-0.550610008595819,
-0.0668570699313958));
#11835=CARTESIAN_POINT('Ctrl Pts',(0.,-0.538719185811008,-0.0640089686655731));
#11836=CARTESIAN_POINT('Ctrl Pts',(0.,-0.539074765016593,-0.064194947164339));
#11837=CARTESIAN_POINT('Ctrl Pts',(0.,-0.539808144866379,-0.0645785266350915));
#11838=CARTESIAN_POINT('Ctrl Pts',(0.,-0.541000608861415,-0.0650395250878912));
#11839=CARTESIAN_POINT('Ctrl Pts',(0.,-0.542283531775121,-0.0654661111869557));
#11840=CARTESIAN_POINT('Ctrl Pts',(-1.74838271594513E-16,-0.543682400585397,
-0.0658092262510422));
#11841=CARTESIAN_POINT('Ctrl Pts',(0.,-0.545205673401175,-0.0661031943418581));
#11842=CARTESIAN_POINT('Ctrl Pts',(4.37095678986282E-17,-0.546868678611272,
-0.0663929273146157));
#11843=CARTESIAN_POINT('Ctrl Pts',(-8.74191357972564E-17,-0.548687526235477,
-0.0666412043020064));
#11844=CARTESIAN_POINT('Ctrl Pts',(-8.74191357972564E-17,-0.549953048543542,
-0.0667833032752778));
#11845=CARTESIAN_POINT('Ctrl Pts',(4.37095678986282E-17,-0.550610008595819,
-0.0668570699313958));
#11846=CARTESIAN_POINT('Origin',(0.,0.6,0.));
#11847=CARTESIAN_POINT('Origin',(0.000999999999999995,-0.53783449071528,
-0.0396957682051803));
#11848=CARTESIAN_POINT('',(0.000999999999999995,-0.53783449071528,-0.0396957682051803));
#11849=CARTESIAN_POINT('',(0.000999999999999995,-0.53783449071528,-0.0396957682051803));
#11850=CARTESIAN_POINT('',(0.000999999999999995,-0.533277528689963,-0.0394505150406233));
#11851=CARTESIAN_POINT('',(0.000999999999999995,-0.53783449071528,-0.0396957682051803));
#11852=CARTESIAN_POINT('',(0.000999999999999995,-0.533277528689963,-0.0394505150406233));
#11853=CARTESIAN_POINT('Origin',(0.000999999999999995,-0.533277528689963,
-0.0394505150406233));
#11854=CARTESIAN_POINT('',(0.000999999999999995,-0.534622465398824,-0.0146403884583448));
#11855=CARTESIAN_POINT('',(0.000999999999999995,-0.533277528689963,-0.0394505150406233));
#11856=CARTESIAN_POINT('',(0.000999999999999995,-0.534622465398824,-0.0146403884583448));
#11857=CARTESIAN_POINT('Origin',(0.000999999999999995,-0.534622465398824,
-0.0146403884583448));
#11858=CARTESIAN_POINT('',(0.000999999999999995,-0.574622465398824,-0.0168081099773322));
#11859=CARTESIAN_POINT('',(0.000999999999999995,-0.534622465398824,-0.0146403884583448));
#11860=CARTESIAN_POINT('',(0.000999999999999995,-0.574622465398824,-0.0168081099773322));
#11861=CARTESIAN_POINT('Origin',(0.000999999999999995,-0.574622465398824,
-0.0168081099773322));
#11862=CARTESIAN_POINT('',(0.000999999999999995,-0.574345566664647,-0.0218714011165727));
#11863=CARTESIAN_POINT('',(0.000999999999999995,-0.574622465398824,-0.0168081099773322));
#11864=CARTESIAN_POINT('',(0.000999999999999995,-0.574345566664647,-0.0218714011165727));
#11865=CARTESIAN_POINT('Origin',(0.000999999999999995,-0.574345566664647,
-0.0218714011165727));
#11866=CARTESIAN_POINT('',(0.000999999999999995,-0.538902528689963,-0.0199489327621423));
#11867=CARTESIAN_POINT('',(0.000999999999999995,-0.574345566664647,-0.0218714011165727));
#11868=CARTESIAN_POINT('',(0.000999999999999995,-0.538902528689963,-0.0199489327621423));
#11869=CARTESIAN_POINT('Origin',(0.000999999999999995,-0.538902528689963,
-0.0199489327621423));
#11870=CARTESIAN_POINT('',(0.000999999999999995,-0.538902528689963,-0.0199489327621423));
#11871=CARTESIAN_POINT('Origin',(0.000999999999999995,0.,0.));
#11872=CARTESIAN_POINT('Origin',(0.000999999999999995,-0.538881322906691,
-0.00304299791217428));
#11873=CARTESIAN_POINT('',(0.000999999999999995,-0.538881322906691,-0.00304299791217428));
#11874=CARTESIAN_POINT('',(0.000999999999999995,-0.538881322906691,-0.00304299791217428));
#11875=CARTESIAN_POINT('',(0.000999999999999995,-0.534830689995298,-0.00310628905141479));
#11876=CARTESIAN_POINT('',(0.000999999999999995,-0.538881322906691,-0.00304299791217428));
#11877=CARTESIAN_POINT('',(0.000999999999999995,-0.534830689995298,-0.00310628905141479));
#11878=CARTESIAN_POINT('Origin',(0.000999999999999995,-0.534830689995298,
-0.00310628905141479));
#11879=CARTESIAN_POINT('',(0.000999999999999995,-0.534498411514286,0.0181595337333953));
#11880=CARTESIAN_POINT('',(0.000999999999999995,-0.534830689995298,-0.00310628905141479));
#11881=CARTESIAN_POINT('',(0.000999999999999995,-0.534498411514286,0.0181595337333953));
#11882=CARTESIAN_POINT('Origin',(0.000999999999999995,-0.534498411514286,
0.0181595337333953));
#11883=CARTESIAN_POINT('',(0.000999999999999995,-0.538549044425678,0.0182228248726359));
#11884=CARTESIAN_POINT('',(0.000999999999999995,-0.534498411514286,0.0181595337333953));
#11885=CARTESIAN_POINT('',(0.000999999999999995,-0.538549044425678,0.0182228248726359));
#11886=CARTESIAN_POINT('Origin',(0.000999999999999995,-0.538549044425678,
0.0182228248726359));
#11887=CARTESIAN_POINT('',(0.000999999999999995,-0.538675626704159,0.010121559049851));
#11888=CARTESIAN_POINT('',(0.000999999999999995,-0.538549044425678,0.0182228248726359));
#11889=CARTESIAN_POINT('',(0.000999999999999995,-0.538675626704159,0.010121559049851));
#11890=CARTESIAN_POINT('Origin',(0.000999999999999995,-0.538675626704159,
0.010121559049851));
#11891=CARTESIAN_POINT('',(0.000999999999999995,-0.565511069742134,0.0105408628473194));
#11892=CARTESIAN_POINT('',(0.000999999999999995,-0.538675626704159,0.010121559049851));
#11893=CARTESIAN_POINT('',(0.000999999999999995,-0.565511069742134,0.0105408628473194));
#11894=CARTESIAN_POINT('Origin',(0.000999999999999995,-0.565511069742134,
0.0105408628473194));
#11895=CARTESIAN_POINT('',(0.000999999999999995,-0.565384487463653,0.0186421286701042));
#11896=CARTESIAN_POINT('',(0.000999999999999995,-0.565511069742134,0.0105408628473194));
#11897=CARTESIAN_POINT('',(0.000999999999999995,-0.565384487463653,0.0186421286701042));
#11898=CARTESIAN_POINT('Origin',(0.000999999999999995,-0.565384487463653,
0.0186421286701042));
#11899=CARTESIAN_POINT('',(0.000999999999999995,-0.568928791261121,0.0186975084169396));
#11900=CARTESIAN_POINT('',(0.000999999999999995,-0.565384487463653,0.0186421286701042));
#11901=CARTESIAN_POINT('',(0.000999999999999995,-0.568928791261121,0.0186975084169396));
#11902=CARTESIAN_POINT('Ctrl Pts',(0.000999999999999995,-0.568928791261121,
0.0186975084169396));
#11903=CARTESIAN_POINT('Ctrl Pts',(-0.000200000000000104,-0.568928791261121,
0.0186975084169396));
#11904=CARTESIAN_POINT('Ctrl Pts',(0.000999999999999995,-0.568950721248104,
0.0181296695638349));
#11905=CARTESIAN_POINT('Ctrl Pts',(-0.000200000000000104,-0.568950721248104,
0.0181296695638349));
#11906=CARTESIAN_POINT('Ctrl Pts',(0.000999999999999995,-0.568996387500227,
0.0169472214277975));
#11907=CARTESIAN_POINT('Ctrl Pts',(-0.000200000000000104,-0.568996387500227,
0.0169472214277975));
#11908=CARTESIAN_POINT('Ctrl Pts',(0.00100000000000004,-0.569211787605138,
0.0154808097327477));
#11909=CARTESIAN_POINT('Ctrl Pts',(-0.00020000000000006,-0.569211787605138,
0.0154808097327477));
#11910=CARTESIAN_POINT('Ctrl Pts',(0.000999999999999995,-0.56941469466052,
0.0143200975654654));
#11911=CARTESIAN_POINT('Ctrl Pts',(-0.000200000000000104,-0.56941469466052,
0.0143200975654654));
#11912=CARTESIAN_POINT('Ctrl Pts',(0.000999999999999951,-0.569625819443648,
0.013553772292352));
#11913=CARTESIAN_POINT('Ctrl Pts',(-0.000200000000000148,-0.569625819443648,
0.013553772292352));
#11914=CARTESIAN_POINT('Ctrl Pts',(0.000999999999999995,-0.569841487307483,
0.0128898506683258));
#11915=CARTESIAN_POINT('Ctrl Pts',(-0.000200000000000104,-0.569841487307483,
0.0128898506683258));
#11916=CARTESIAN_POINT('Ctrl Pts',(0.000999999999999995,-0.570039695819018,
0.01250619324587));
#11917=CARTESIAN_POINT('Ctrl Pts',(-0.000200000000000104,-0.570039695819018,
0.01250619324587));
#11918=CARTESIAN_POINT('Ctrl Pts',(0.000999999999999995,-0.570131322906691,
0.0123288375308637));
#11919=CARTESIAN_POINT('Ctrl Pts',(-0.000200000000000104,-0.570131322906691,
0.0123288375308637));
#11920=CARTESIAN_POINT('',(0.000999999999999995,-0.570131322906691,0.0123288375308637));
#11921=CARTESIAN_POINT('Ctrl Pts',(0.000999999999999995,-0.568928791261121,
0.0186975084169396));
#11922=CARTESIAN_POINT('Ctrl Pts',(0.000999999999999995,-0.568950721248104,
0.0181296695638349));
#11923=CARTESIAN_POINT('Ctrl Pts',(0.000999999999999995,-0.568996387500227,
0.0169472214277975));
#11924=CARTESIAN_POINT('Ctrl Pts',(0.00100000000000004,-0.569211787605138,
0.0154808097327477));
#11925=CARTESIAN_POINT('Ctrl Pts',(0.000999999999999995,-0.56941469466052,
0.0143200975654654));
#11926=CARTESIAN_POINT('Ctrl Pts',(0.000999999999999951,-0.569625819443648,
0.013553772292352));
#11927=CARTESIAN_POINT('Ctrl Pts',(0.000999999999999995,-0.569841487307483,
0.0128898506683258));
#11928=CARTESIAN_POINT('Ctrl Pts',(0.000999999999999995,-0.570039695819018,
0.01250619324587));
#11929=CARTESIAN_POINT('Ctrl Pts',(0.000999999999999995,-0.570131322906691,
0.0123288375308637));
#11930=CARTESIAN_POINT('',(0.000999999999999995,-0.570131322906691,0.0123288375308637));
#11931=CARTESIAN_POINT('Ctrl Pts',(0.000999999999999995,-0.570131322906691,
0.0123288375308637));
#11932=CARTESIAN_POINT('Ctrl Pts',(-0.000200000000000104,-0.570131322906691,
0.0123288375308637));
#11933=CARTESIAN_POINT('Ctrl Pts',(0.000999999999999995,-0.57024874483283,
0.0121389955190051));
#11934=CARTESIAN_POINT('Ctrl Pts',(-0.000200000000000104,-0.57024874483283,
0.0121389955190051));
#11935=CARTESIAN_POINT('Ctrl Pts',(0.000999999999999951,-0.570478670347728,
0.0117672632219712));
#11936=CARTESIAN_POINT('Ctrl Pts',(-0.000200000000000148,-0.570478670347728,
0.0117672632219712));
#11937=CARTESIAN_POINT('Ctrl Pts',(0.00100000000000004,-0.570885807845953,
0.0112605986660205));
#11938=CARTESIAN_POINT('Ctrl Pts',(-0.00020000000000006,-0.570885807845953,
0.0112605986660205));
#11939=CARTESIAN_POINT('Ctrl Pts',(0.000999999999999951,-0.571347907811416,
0.0108275521092268));
#11940=CARTESIAN_POINT('Ctrl Pts',(-0.000200000000000148,-0.571347907811416,
0.0108275521092268));
#11941=CARTESIAN_POINT('Ctrl Pts',(0.000999999999999995,-0.571851191509959,
0.0104455090737198));
#11942=CARTESIAN_POINT('Ctrl Pts',(-0.000200000000000104,-0.571851191509959,
0.0104455090737198));
#11943=CARTESIAN_POINT('Ctrl Pts',(0.000999999999999951,-0.57242702109142,
0.0101348288620012));
#11944=CARTESIAN_POINT('Ctrl Pts',(-0.000200000000000148,-0.57242702109142,
0.0101348288620012));
#11945=CARTESIAN_POINT('Ctrl Pts',(0.000999999999999995,-0.573089945732096,
0.00992218446565302));
#11946=CARTESIAN_POINT('Ctrl Pts',(-0.000200000000000104,-0.573089945732096,
0.00992218446565302));
#11947=CARTESIAN_POINT('Ctrl Pts',(0.000999999999999995,-0.573835442434962,
0.00976809108600182));
#11948=CARTESIAN_POINT('Ctrl Pts',(-0.000200000000000104,-0.573835442434962,
0.00976809108600182));
#11949=CARTESIAN_POINT('Ctrl Pts',(0.000999999999999995,-0.57436309537788,
0.00973014101999368));
#11950=CARTESIAN_POINT('Ctrl Pts',(-0.000200000000000104,-0.57436309537788,
0.00973014101999368));
#11951=CARTESIAN_POINT('Ctrl Pts',(0.000999999999999995,-0.574640816577577,
0.00971016664478775));
#11952=CARTESIAN_POINT('Ctrl Pts',(-0.000200000000000104,-0.574640816577577,
0.00971016664478775));
#11953=CARTESIAN_POINT('',(0.000999999999999995,-0.574640816577577,0.00971016664478775));
#11954=CARTESIAN_POINT('Ctrl Pts',(0.000999999999999995,-0.570131322906691,
0.0123288375308637));
#11955=CARTESIAN_POINT('Ctrl Pts',(0.000999999999999995,-0.57024874483283,
0.0121389955190051));
#11956=CARTESIAN_POINT('Ctrl Pts',(0.000999999999999951,-0.570478670347728,
0.0117672632219712));
#11957=CARTESIAN_POINT('Ctrl Pts',(0.00100000000000004,-0.570885807845953,
0.0112605986660205));
#11958=CARTESIAN_POINT('Ctrl Pts',(0.000999999999999951,-0.571347907811416,
0.0108275521092268));
#11959=CARTESIAN_POINT('Ctrl Pts',(0.000999999999999995,-0.571851191509959,
0.0104455090737198));
#11960=CARTESIAN_POINT('Ctrl Pts',(0.000999999999999951,-0.57242702109142,
0.0101348288620012));
#11961=CARTESIAN_POINT('Ctrl Pts',(0.000999999999999995,-0.573089945732096,
0.00992218446565302));
#11962=CARTESIAN_POINT('Ctrl Pts',(0.000999999999999995,-0.573835442434962,
0.00976809108600182));
#11963=CARTESIAN_POINT('Ctrl Pts',(0.000999999999999995,-0.57436309537788,
0.00973014101999368));
#11964=CARTESIAN_POINT('Ctrl Pts',(0.000999999999999995,-0.574640816577577,
0.00971016664478775));
#11965=CARTESIAN_POINT('',(0.000999999999999995,-0.574640816577577,0.00971016664478775));
#11966=CARTESIAN_POINT('Origin',(0.000999999999999995,-0.574640816577577,
0.00971016664478775));
#11967=CARTESIAN_POINT('',(0.000999999999999995,-0.574704107716817,0.00561997677137002));
#11968=CARTESIAN_POINT('',(0.000999999999999995,-0.574640816577577,0.00971016664478775));
#11969=CARTESIAN_POINT('',(0.000999999999999995,-0.574704107716817,0.00561997677137002));
#11970=CARTESIAN_POINT('Origin',(0.000999999999999995,-0.574704107716817,
0.00561997677137002));
#11971=CARTESIAN_POINT('',(0.000999999999999995,-0.538754740628209,0.00505826791061053));
#11972=CARTESIAN_POINT('',(0.000999999999999995,-0.574704107716817,0.00561997677137002));
#11973=CARTESIAN_POINT('',(0.000999999999999995,-0.538754740628209,0.00505826791061053));
#11974=CARTESIAN_POINT('Origin',(0.000999999999999995,-0.538754740628209,
0.00505826791061053));
#11975=CARTESIAN_POINT('',(0.000999999999999995,-0.538754740628209,0.00505826791061053));
#11976=CARTESIAN_POINT('Origin',(0.00100000000000013,-0.569223579305163,
0.0154484591292375));
#11977=CARTESIAN_POINT('Origin',(0.000999999999999995,-0.573852234800248,
0.0348930329568145));
#11978=CARTESIAN_POINT('',(0.000999999999999995,-0.573852234800248,0.0348930329568145));
#11979=CARTESIAN_POINT('',(0.000999999999999995,-0.573852234800248,0.0348930329568145));
#11980=CARTESIAN_POINT('',(0.000999999999999995,-0.533852234800248,0.0312537924504854));
#11981=CARTESIAN_POINT('',(0.000999999999999995,-0.573852234800248,0.0348930329568145));
#11982=CARTESIAN_POINT('',(0.000999999999999995,-0.533852234800248,0.0312537924504854));
#11983=CARTESIAN_POINT('Origin',(0.000999999999999995,-0.533852234800248,
0.0312537924504854));
#11984=CARTESIAN_POINT('',(0.000999999999999995,-0.533393374040755,0.0363170835897259));
#11985=CARTESIAN_POINT('',(0.000999999999999995,-0.533852234800248,0.0312537924504854));
#11986=CARTESIAN_POINT('',(0.000999999999999995,-0.533393374040755,0.0363170835897259));
#11987=CARTESIAN_POINT('Origin',(0.000999999999999995,-0.533393374040755,
0.0363170835897259));
#11988=CARTESIAN_POINT('',(0.000999999999999995,-0.567887044926831,0.039457906374536));
#11989=CARTESIAN_POINT('',(0.000999999999999995,-0.533393374040755,0.0363170835897259));
#11990=CARTESIAN_POINT('',(0.000999999999999995,-0.567887044926831,0.039457906374536));
#11991=CARTESIAN_POINT('Origin',(0.000999999999999995,-0.567887044926831,
0.039457906374536));
#11992=CARTESIAN_POINT('',(0.000999999999999995,-0.543535779104046,0.0482237291593462));
#11993=CARTESIAN_POINT('',(0.000999999999999995,-0.567887044926831,0.039457906374536));
#11994=CARTESIAN_POINT('',(0.000999999999999995,-0.543535779104046,0.0482237291593462));
#11995=CARTESIAN_POINT('Origin',(0.000999999999999995,-0.543535779104046,
0.0482237291593462));
#11996=CARTESIAN_POINT('',(0.000999999999999995,-0.543258880369869,0.051324994982131));
#11997=CARTESIAN_POINT('',(0.000999999999999995,-0.543535779104046,0.0482237291593462));
#11998=CARTESIAN_POINT('',(0.000999999999999995,-0.543258880369869,0.051324994982131));
#11999=CARTESIAN_POINT('Origin',(0.000999999999999995,-0.543258880369869,
0.051324994982131));
#12000=CARTESIAN_POINT('',(0.000999999999999995,-0.565624386698983,0.0642680329568145));
#12001=CARTESIAN_POINT('',(0.000999999999999995,-0.543258880369869,0.051324994982131));
#12002=CARTESIAN_POINT('',(0.000999999999999995,-0.565624386698983,0.0642680329568145));
#12003=CARTESIAN_POINT('Origin',(0.000999999999999995,-0.565624386698983,
0.0642680329568145));
#12004=CARTESIAN_POINT('',(0.000999999999999995,-0.531130715812907,0.0611272101720044));
#12005=CARTESIAN_POINT('',(0.000999999999999995,-0.565624386698983,0.0642680329568145));
#12006=CARTESIAN_POINT('',(0.000999999999999995,-0.531130715812907,0.0611272101720044));
#12007=CARTESIAN_POINT('Origin',(0.000999999999999995,-0.531130715812907,
0.0611272101720044));
#12008=CARTESIAN_POINT('',(0.000999999999999995,-0.530671855053413,0.0661905013112449));
#12009=CARTESIAN_POINT('',(0.000999999999999995,-0.531130715812907,0.0611272101720044));
#12010=CARTESIAN_POINT('',(0.000999999999999995,-0.530671855053413,0.0661905013112449));
#12011=CARTESIAN_POINT('Origin',(0.000999999999999995,-0.530671855053413,
0.0661905013112449));
#12012=CARTESIAN_POINT('',(0.000999999999999995,-0.570671855053413,0.069829741817574));
#12013=CARTESIAN_POINT('',(0.000999999999999995,-0.530671855053413,0.0661905013112449));
#12014=CARTESIAN_POINT('',(0.000999999999999995,-0.570671855053413,0.069829741817574));
#12015=CARTESIAN_POINT('Origin',(0.000999999999999995,-0.570671855053413,
0.069829741817574));
#12016=CARTESIAN_POINT('',(0.000999999999999995,-0.571336412015438,0.0625275266277006));
#12017=CARTESIAN_POINT('',(0.000999999999999995,-0.570671855053413,0.069829741817574));
#12018=CARTESIAN_POINT('',(0.000999999999999995,-0.571336412015438,0.0625275266277006));
#12019=CARTESIAN_POINT('Origin',(0.000999999999999995,-0.571336412015438,
0.0625275266277006));
#12020=CARTESIAN_POINT('',(0.000999999999999995,-0.550110146192653,0.0500670835897259));
#12021=CARTESIAN_POINT('',(0.000999999999999995,-0.571336412015438,0.0625275266277006));
#12022=CARTESIAN_POINT('',(0.000999999999999995,-0.550110146192653,0.0500670835897259));
#12023=CARTESIAN_POINT('Origin',(0.000999999999999995,-0.550110146192653,
0.0500670835897259));
#12024=CARTESIAN_POINT('',(0.000999999999999995,-0.573203500623033,0.0419816405517512));
#12025=CARTESIAN_POINT('',(0.000999999999999995,-0.550110146192653,0.0500670835897259));
#12026=CARTESIAN_POINT('',(0.000999999999999995,-0.573203500623033,0.0419816405517512));
#12027=CARTESIAN_POINT('Origin',(0.000999999999999995,-0.573203500623033,
0.0419816405517512));
#12028=CARTESIAN_POINT('',(0.000999999999999995,-0.573203500623033,0.0419816405517512));
#12029=CARTESIAN_POINT('Origin',(0.000999999999999995,0.,0.));
#12030=CARTESIAN_POINT('Ctrl Pts',(0.000999999999999995,-0.549259593692514,
0.0869811911230545));
#12031=CARTESIAN_POINT('Ctrl Pts',(-0.000200000000000261,-0.549259593692514,
0.0869811911230545));
#12032=CARTESIAN_POINT('Ctrl Pts',(0.00100000000000004,-0.549212507073247,
0.0866089367996642));
#12033=CARTESIAN_POINT('Ctrl Pts',(-0.000200000000000217,-0.549212507073247,
0.0866089367996642));
#12034=CARTESIAN_POINT('Ctrl Pts',(0.000999999999999995,-0.54912036660017,
0.0858804986574502));
#12035=CARTESIAN_POINT('Ctrl Pts',(-0.000200000000000261,-0.54912036660017,
0.0858804986574502));
#12036=CARTESIAN_POINT('Ctrl Pts',(0.00100000000000004,-0.54893443964952,
0.0848196107224588));
#12037=CARTESIAN_POINT('Ctrl Pts',(-0.000200000000000217,-0.54893443964952,
0.0848196107224588));
#12038=CARTESIAN_POINT('Ctrl Pts',(0.000999999999999951,-0.548689782516719,
0.0838236032668197));
#12039=CARTESIAN_POINT('Ctrl Pts',(-0.000200000000000305,-0.548689782516719,
0.0838236032668197));
#12040=CARTESIAN_POINT('Ctrl Pts',(0.00100000000000004,-0.548393520956938,
0.0828891242990019));
#12041=CARTESIAN_POINT('Ctrl Pts',(-0.000200000000000217,-0.548393520956938,
0.0828891242990019));
#12042=CARTESIAN_POINT('Ctrl Pts',(0.00099999999999982,-0.548058288727788,
0.0820146587369436));
#12043=CARTESIAN_POINT('Ctrl Pts',(-0.000200000000000436,-0.548058288727788,
0.0820146587369436));
#12044=CARTESIAN_POINT('Ctrl Pts',(0.00100000000000013,-0.547671256736768,
0.0811995452293547));
#12045=CARTESIAN_POINT('Ctrl Pts',(-0.00020000000000013,-0.547671256736768,
0.0811995452293547));
#12046=CARTESIAN_POINT('Ctrl Pts',(0.000999999999999995,-0.547221913876911,
0.080456932896307));
#12047=CARTESIAN_POINT('Ctrl Pts',(-0.000200000000000261,-0.547221913876911,
0.080456932896307));
#12048=CARTESIAN_POINT('Ctrl Pts',(0.000999999999999995,-0.546743159774602,
0.079758985970403));
#12049=CARTESIAN_POINT('Ctrl Pts',(-0.000200000000000261,-0.546743159774602,
0.079758985970403));
#12050=CARTESIAN_POINT('Ctrl Pts',(0.000999999999999995,-0.546192280441973,
0.0791287463075007));
#12051=CARTESIAN_POINT('Ctrl Pts',(-0.000200000000000261,-0.546192280441973,
0.0791287463075007));
#12052=CARTESIAN_POINT('Ctrl Pts',(0.00099999999999982,-0.545571111628901,
0.0785635877138607));
#12053=CARTESIAN_POINT('Ctrl Pts',(-0.000200000000000436,-0.545571111628901,
0.0785635877138607));
#12054=CARTESIAN_POINT('Ctrl Pts',(0.00100000000000004,-0.544876153027018,
0.0780633019503202));
#12055=CARTESIAN_POINT('Ctrl Pts',(-0.000200000000000217,-0.544876153027018,
0.0780633019503202));
#12056=CARTESIAN_POINT('Ctrl Pts',(0.000999999999999951,-0.544113719470502,
0.0776230524914056));
#12057=CARTESIAN_POINT('Ctrl Pts',(-0.000200000000000305,-0.544113719470502,
0.0776230524914056));
#12058=CARTESIAN_POINT('Ctrl Pts',(0.00100000000000004,-0.543287148847268,
0.0772269329652418));
#12059=CARTESIAN_POINT('Ctrl Pts',(-0.000200000000000217,-0.543287148847268,
0.0772269329652418));
#12060=CARTESIAN_POINT('Ctrl Pts',(0.000999999999999995,-0.542381097619015,
0.0769204425301543));
#12061=CARTESIAN_POINT('Ctrl Pts',(-0.000200000000000261,-0.542381097619015,
0.0769204425301543));
#12062=CARTESIAN_POINT('Ctrl Pts',(0.000999999999999951,-0.541409737255867,
0.0766527700912393));
#12063=CARTESIAN_POINT('Ctrl Pts',(-0.000200000000000305,-0.541409737255867,
0.0766527700912393));
#12064=CARTESIAN_POINT('Ctrl Pts',(0.000999999999999995,-0.540732308301507,
0.076530167262723));
#12065=CARTESIAN_POINT('Ctrl Pts',(-0.000200000000000261,-0.540732308301507,
0.076530167262723));
#12066=CARTESIAN_POINT('Ctrl Pts',(0.000999999999999995,-0.540383011414033,
0.0764669506167254));
#12067=CARTESIAN_POINT('Ctrl Pts',(-0.000200000000000261,-0.540383011414033,
0.0764669506167254));
#12068=CARTESIAN_POINT('',(0.000999999999999951,-0.549259593692514,0.0869811911230545));
#12069=CARTESIAN_POINT('',(0.000999999999999951,-0.549259593692514,0.0869811911230545));
#12070=CARTESIAN_POINT('',(0.000999999999999951,-0.540383011414033,0.0764669506167254));
#12071=CARTESIAN_POINT('Ctrl Pts',(0.000999999999999951,-0.549259593692514,
0.0869811911230545));
#12072=CARTESIAN_POINT('Ctrl Pts',(0.00100000000000004,-0.549212507073247,
0.0866089367996642));
#12073=CARTESIAN_POINT('Ctrl Pts',(0.000999999999999995,-0.54912036660017,
0.0858804986574502));
#12074=CARTESIAN_POINT('Ctrl Pts',(0.00100000000000004,-0.54893443964952,
0.0848196107224588));
#12075=CARTESIAN_POINT('Ctrl Pts',(0.000999999999999951,-0.548689782516719,
0.0838236032668197));
#12076=CARTESIAN_POINT('Ctrl Pts',(0.00100000000000004,-0.548393520956938,
0.0828891242990019));
#12077=CARTESIAN_POINT('Ctrl Pts',(0.00099999999999982,-0.548058288727788,
0.0820146587369436));
#12078=CARTESIAN_POINT('Ctrl Pts',(0.00100000000000013,-0.547671256736768,
0.0811995452293547));
#12079=CARTESIAN_POINT('Ctrl Pts',(0.000999999999999995,-0.547221913876911,
0.080456932896307));
#12080=CARTESIAN_POINT('Ctrl Pts',(0.000999999999999995,-0.546743159774602,
0.079758985970403));
#12081=CARTESIAN_POINT('Ctrl Pts',(0.000999999999999995,-0.546192280441973,
0.0791287463075007));
#12082=CARTESIAN_POINT('Ctrl Pts',(0.00099999999999982,-0.545571111628901,
0.0785635877138607));
#12083=CARTESIAN_POINT('Ctrl Pts',(0.00100000000000004,-0.544876153027018,
0.0780633019503202));
#12084=CARTESIAN_POINT('Ctrl Pts',(0.000999999999999951,-0.544113719470502,
0.0776230524914056));
#12085=CARTESIAN_POINT('Ctrl Pts',(0.00100000000000004,-0.543287148847268,
0.0772269329652418));
#12086=CARTESIAN_POINT('Ctrl Pts',(0.000999999999999995,-0.542381097619015,
0.0769204425301543));
#12087=CARTESIAN_POINT('Ctrl Pts',(0.000999999999999951,-0.541409737255867,
0.0766527700912393));
#12088=CARTESIAN_POINT('Ctrl Pts',(0.000999999999999995,-0.540732308301507,
0.076530167262723));
#12089=CARTESIAN_POINT('Ctrl Pts',(0.000999999999999951,-0.540383011414033,
0.0764669506167254));
#12090=CARTESIAN_POINT('',(0.000999999999999951,-0.540383011414033,0.0764669506167254));
#12091=CARTESIAN_POINT('Ctrl Pts',(0.000999999999999951,-0.540383011414033,
0.0764669506167254));
#12092=CARTESIAN_POINT('Ctrl Pts',(-0.0002000000000002,-0.540383011414033,
0.0764669506167254));
#12093=CARTESIAN_POINT('Ctrl Pts',(0.00099999999999982,-0.53999074777508,
0.0764181707766515));
#12094=CARTESIAN_POINT('Ctrl Pts',(-0.000200000000000331,-0.53999074777508,
0.0764181707766515));
#12095=CARTESIAN_POINT('Ctrl Pts',(0.000999999999999995,-0.539202919751423,
0.0763202006331471));
#12096=CARTESIAN_POINT('Ctrl Pts',(-0.000200000000000156,-0.539202919751423,
0.0763202006331471));
#12097=CARTESIAN_POINT('Ctrl Pts',(0.000999999999999995,-0.538001291246988,
0.0763407898029124));
#12098=CARTESIAN_POINT('Ctrl Pts',(-0.000200000000000156,-0.538001291246988,
0.0763407898029124));
#12099=CARTESIAN_POINT('Ctrl Pts',(0.000999999999999951,-0.536791163497991,
0.0765062779422977));
#12100=CARTESIAN_POINT('Ctrl Pts',(-0.0002000000000002,-0.536791163497991,
0.0765062779422977));
#12101=CARTESIAN_POINT('Ctrl Pts',(0.00100000000000004,-0.535577617657265,
0.0767861126357269));
#12102=CARTESIAN_POINT('Ctrl Pts',(-0.000200000000000113,-0.535577617657265,
0.0767861126357269));
#12103=CARTESIAN_POINT('Ctrl Pts',(0.000999999999999951,-0.534391268743348,
0.0772023783840665));
#12104=CARTESIAN_POINT('Ctrl Pts',(-0.0002000000000002,-0.534391268743348,
0.0772023783840665));
#12105=CARTESIAN_POINT('Ctrl Pts',(0.000999999999999995,-0.533260874958838,
0.0777465717262655));
#12106=CARTESIAN_POINT('Ctrl Pts',(-0.000200000000000156,-0.533260874958838,
0.0777465717262655));
#12107=CARTESIAN_POINT('Ctrl Pts',(0.000999999999999995,-0.532191505302908,
0.0783970666291783));
#12108=CARTESIAN_POINT('Ctrl Pts',(-0.000200000000000156,-0.532191505302908,
0.0783970666291783));
#12109=CARTESIAN_POINT('Ctrl Pts',(0.00100000000000004,-0.531550478177787,
0.0789297023456794));
#12110=CARTESIAN_POINT('Ctrl Pts',(-0.000200000000000113,-0.531550478177787,
0.0789297023456794));
#12111=CARTESIAN_POINT('Ctrl Pts',(0.000999999999999995,-0.531229530401375,
0.0791963809964723));
#12112=CARTESIAN_POINT('Ctrl Pts',(-0.000200000000000156,-0.531229530401375,
0.0791963809964723));
#12113=CARTESIAN_POINT('',(0.000999999999999995,-0.531229530401375,0.0791963809964723));
#12114=CARTESIAN_POINT('Ctrl Pts',(0.000999999999999951,-0.540383011414033,
0.0764669506167254));
#12115=CARTESIAN_POINT('Ctrl Pts',(0.00099999999999982,-0.53999074777508,
0.0764181707766515));
#12116=CARTESIAN_POINT('Ctrl Pts',(0.000999999999999995,-0.539202919751423,
0.0763202006331471));
#12117=CARTESIAN_POINT('Ctrl Pts',(0.000999999999999995,-0.538001291246988,
0.0763407898029124));
#12118=CARTESIAN_POINT('Ctrl Pts',(0.000999999999999951,-0.536791163497991,
0.0765062779422977));
#12119=CARTESIAN_POINT('Ctrl Pts',(0.00100000000000004,-0.535577617657265,
0.0767861126357269));
#12120=CARTESIAN_POINT('Ctrl Pts',(0.000999999999999951,-0.534391268743348,
0.0772023783840665));
#12121=CARTESIAN_POINT('Ctrl Pts',(0.000999999999999995,-0.533260874958838,
0.0777465717262655));
#12122=CARTESIAN_POINT('Ctrl Pts',(0.000999999999999995,-0.532191505302908,
0.0783970666291783));
#12123=CARTESIAN_POINT('Ctrl Pts',(0.00100000000000004,-0.531550478177787,
0.0789297023456794));
#12124=CARTESIAN_POINT('Ctrl Pts',(0.000999999999999995,-0.531229530401375,
0.0791963809964723));
#12125=CARTESIAN_POINT('',(0.000999999999999995,-0.531229530401375,0.0791963809964723));
#12126=CARTESIAN_POINT('Ctrl Pts',(0.000999999999999995,-0.531229530401375,
0.0791963809964723));
#12127=CARTESIAN_POINT('Ctrl Pts',(-0.000200000000000209,-0.531229530401375,
0.0791963809964723));
#12128=CARTESIAN_POINT('Ctrl Pts',(0.00100000000000004,-0.530892370269339,
0.0795136604349068));
#12129=CARTESIAN_POINT('Ctrl Pts',(-0.000200000000000165,-0.530892370269339,
0.0795136604349068));
#12130=CARTESIAN_POINT('Ctrl Pts',(0.000999999999999995,-0.530212552954421,
0.0801533922282634));
#12131=CARTESIAN_POINT('Ctrl Pts',(-0.000200000000000209,-0.530212552954421,
0.0801533922282634));
#12132=CARTESIAN_POINT('Ctrl Pts',(0.000999999999999995,-0.529322620391478,
0.0812522380517237));
#12133=CARTESIAN_POINT('Ctrl Pts',(-0.000200000000000209,-0.529322620391478,
0.0812522380517237));
#12134=CARTESIAN_POINT('Ctrl Pts',(0.00099999999999982,-0.528479151492739,
0.0824235889368642));
#12135=CARTESIAN_POINT('Ctrl Pts',(-0.000200000000000384,-0.528479151492739,
0.0824235889368642));
#12136=CARTESIAN_POINT('Ctrl Pts',(0.000999999999999995,-0.527732190540736,
0.0837190401823002));
#12137=CARTESIAN_POINT('Ctrl Pts',(-0.000200000000000209,-0.527732190540736,
0.0837190401823002));
#12138=CARTESIAN_POINT('Ctrl Pts',(0.000999999999999995,-0.527069618120979,
0.0851463952296312));
#12139=CARTESIAN_POINT('Ctrl Pts',(-0.000200000000000209,-0.527069618120979,
0.0851463952296312));
#12140=CARTESIAN_POINT('Ctrl Pts',(0.00099999999999982,-0.526512536347553,
0.0867315176520565));
#12141=CARTESIAN_POINT('Ctrl Pts',(-0.000200000000000384,-0.526512536347553,
0.0867315176520565));
#12142=CARTESIAN_POINT('Ctrl Pts',(0.00100000000000004,-0.526041401748517,
0.0884762412986436));
#12143=CARTESIAN_POINT('Ctrl Pts',(-0.000200000000000165,-0.526041401748517,
0.0884762412986436));
#12144=CARTESIAN_POINT('Ctrl Pts',(0.000999999999999995,-0.525826653175527,
0.0897058752461665));
#12145=CARTESIAN_POINT('Ctrl Pts',(-0.000200000000000209,-0.525826653175527,
0.0897058752461665));
#12146=CARTESIAN_POINT('Ctrl Pts',(0.000999999999999995,-0.525715289895046,
0.0903435328952064));
#12147=CARTESIAN_POINT('Ctrl Pts',(-0.000200000000000209,-0.525715289895046,
0.0903435328952064));
#12148=CARTESIAN_POINT('',(0.000999999999999995,-0.525715289895046,0.0903435328952064));
#12149=CARTESIAN_POINT('Ctrl Pts',(0.000999999999999995,-0.531229530401375,
0.0791963809964723));
#12150=CARTESIAN_POINT('Ctrl Pts',(0.00100000000000004,-0.530892370269339,
0.0795136604349068));
#12151=CARTESIAN_POINT('Ctrl Pts',(0.000999999999999995,-0.530212552954421,
0.0801533922282634));
#12152=CARTESIAN_POINT('Ctrl Pts',(0.000999999999999995,-0.529322620391478,
0.0812522380517237));
#12153=CARTESIAN_POINT('Ctrl Pts',(0.00099999999999982,-0.528479151492739,
0.0824235889368642));
#12154=CARTESIAN_POINT('Ctrl Pts',(0.000999999999999995,-0.527732190540736,
0.0837190401823002));
#12155=CARTESIAN_POINT('Ctrl Pts',(0.000999999999999995,-0.527069618120979,
0.0851463952296312));
#12156=CARTESIAN_POINT('Ctrl Pts',(0.00099999999999982,-0.526512536347553,
0.0867315176520565));
#12157=CARTESIAN_POINT('Ctrl Pts',(0.00100000000000004,-0.526041401748517,
0.0884762412986436));
#12158=CARTESIAN_POINT('Ctrl Pts',(0.000999999999999995,-0.525826653175527,
0.0897058752461665));
#12159=CARTESIAN_POINT('Ctrl Pts',(0.000999999999999995,-0.525715289895046,
0.0903435328952064));
#12160=CARTESIAN_POINT('',(0.000999999999999995,-0.525715289895046,0.0903435328952064));
#12161=CARTESIAN_POINT('Ctrl Pts',(0.000999999999999995,-0.525715289895046,
0.0903435328952064));
#12162=CARTESIAN_POINT('Ctrl Pts',(-0.000200000000000104,-0.525715289895046,
0.0903435328952064));
#12163=CARTESIAN_POINT('Ctrl Pts',(0.000999999999999951,-0.525615905170121,
0.0910362467918233));
#12164=CARTESIAN_POINT('Ctrl Pts',(-0.000200000000000148,-0.525615905170121,
0.0910362467918233));
#12165=CARTESIAN_POINT('Ctrl Pts',(0.000999999999999951,-0.525421797517238,
0.0923891817493174));
#12166=CARTESIAN_POINT('Ctrl Pts',(-0.000200000000000148,-0.525421797517238,
0.0923891817493174));
#12167=CARTESIAN_POINT('Ctrl Pts',(0.000999999999999951,-0.525256405561097,
0.094383181372542));
#12168=CARTESIAN_POINT('Ctrl Pts',(-0.000200000000000148,-0.525256405561097,
0.094383181372542));
#12169=CARTESIAN_POINT('Ctrl Pts',(0.000999999999999995,-0.525202725356188,
0.0962854192404957));
#12170=CARTESIAN_POINT('Ctrl Pts',(-0.000200000000000104,-0.525202725356188,
0.0962854192404957));
#12171=CARTESIAN_POINT('Ctrl Pts',(0.000999999999999951,-0.525280453778907,
0.0981157569777885));
#12172=CARTESIAN_POINT('Ctrl Pts',(-0.000200000000000148,-0.525280453778907,
0.0981157569777885));
#12173=CARTESIAN_POINT('Ctrl Pts',(0.00100000000000004,-0.525448612952806,
0.0999164060932067));
#12174=CARTESIAN_POINT('Ctrl Pts',(-0.00020000000000006,-0.525448612952806,
0.0999164060932067));
#12175=CARTESIAN_POINT('Ctrl Pts',(0.000999999999999951,-0.525710925561446,
0.101727522165416));
#12176=CARTESIAN_POINT('Ctrl Pts',(-0.000200000000000148,-0.525710925561446,
0.101727522165416));
#12177=CARTESIAN_POINT('Ctrl Pts',(0.000999999999999995,-0.526067316757567,
0.10356719392696));
#12178=CARTESIAN_POINT('Ctrl Pts',(-0.000200000000000104,-0.526067316757567,
0.10356719392696));
#12179=CARTESIAN_POINT('Ctrl Pts',(0.000999999999999951,-0.526369297493496,
0.104793570754745));
#12180=CARTESIAN_POINT('Ctrl Pts',(-0.000200000000000148,-0.526369297493496,
0.104793570754745));
#12181=CARTESIAN_POINT('Ctrl Pts',(0.000999999999999995,-0.526522251920362,
0.105414735426852));
#12182=CARTESIAN_POINT('Ctrl Pts',(-0.000200000000000104,-0.526522251920362,
0.105414735426852));
#12183=CARTESIAN_POINT('',(0.000999999999999995,-0.526522251920362,0.105414735426852));
#12184=CARTESIAN_POINT('Ctrl Pts',(0.000999999999999995,-0.525715289895046,
0.0903435328952064));
#12185=CARTESIAN_POINT('Ctrl Pts',(0.000999999999999951,-0.525615905170121,
0.0910362467918233));
#12186=CARTESIAN_POINT('Ctrl Pts',(0.000999999999999951,-0.525421797517238,
0.0923891817493174));
#12187=CARTESIAN_POINT('Ctrl Pts',(0.000999999999999951,-0.525256405561097,
0.094383181372542));
#12188=CARTESIAN_POINT('Ctrl Pts',(0.000999999999999995,-0.525202725356188,
0.0962854192404957));
#12189=CARTESIAN_POINT('Ctrl Pts',(0.000999999999999951,-0.525280453778907,
0.0981157569777885));
#12190=CARTESIAN_POINT('Ctrl Pts',(0.00100000000000004,-0.525448612952806,
0.0999164060932067));
#12191=CARTESIAN_POINT('Ctrl Pts',(0.000999999999999951,-0.525710925561446,
0.101727522165416));
#12192=CARTESIAN_POINT('Ctrl Pts',(0.000999999999999995,-0.526067316757567,
0.10356719392696));
#12193=CARTESIAN_POINT('Ctrl Pts',(0.000999999999999951,-0.526369297493496,
0.104793570754745));
#12194=CARTESIAN_POINT('Ctrl Pts',(0.000999999999999995,-0.526522251920362,
0.105414735426852));
#12195=CARTESIAN_POINT('',(0.000999999999999995,-0.526522251920362,0.105414735426852));
#12196=CARTESIAN_POINT('Origin',(0.000999999999999995,-0.526522251920362,
0.105414735426852));
#12197=CARTESIAN_POINT('',(0.000999999999999995,-0.533025416477324,0.10644321643951));
#12198=CARTESIAN_POINT('',(0.000999999999999995,-0.526522251920362,0.105414735426852));
#12199=CARTESIAN_POINT('',(0.000999999999999995,-0.533025416477324,0.10644321643951));
#12200=CARTESIAN_POINT('Origin',(0.000999999999999995,-0.533025416477324,
0.10644321643951));
#12201=CARTESIAN_POINT('',(0.000999999999999995,-0.53308079622416,0.106071380996472));
#12202=CARTESIAN_POINT('',(0.000999999999999995,-0.533025416477324,0.10644321643951));
#12203=CARTESIAN_POINT('',(0.000999999999999995,-0.53308079622416,0.106071380996472));
#12204=CARTESIAN_POINT('Ctrl Pts',(0.000999999999999995,-0.53308079622416,
0.106071380996472));
#12205=CARTESIAN_POINT('Ctrl Pts',(-0.000200000000000209,-0.53308079622416,
0.106071380996472));
#12206=CARTESIAN_POINT('Ctrl Pts',(0.000999999999999995,-0.532767723208253,
0.105502476727514));
#12207=CARTESIAN_POINT('Ctrl Pts',(-0.000200000000000209,-0.532767723208253,
0.105502476727514));
#12208=CARTESIAN_POINT('Ctrl Pts',(0.00100000000000004,-0.532138926860073,
0.104359852136415));
#12209=CARTESIAN_POINT('Ctrl Pts',(-0.000200000000000165,-0.532138926860073,
0.104359852136415));
#12210=CARTESIAN_POINT('Ctrl Pts',(0.00099999999999982,-0.531416660303981,
0.10252474278534));
#12211=CARTESIAN_POINT('Ctrl Pts',(-0.000200000000000384,-0.531416660303981,
0.10252474278534));
#12212=CARTESIAN_POINT('Ctrl Pts',(0.00100000000000013,-0.530820676847695,
0.100609468557996));
#12213=CARTESIAN_POINT('Ctrl Pts',(-0.000200000000000078,-0.530820676847695,
0.100609468557996));
#12214=CARTESIAN_POINT('Ctrl Pts',(0.000999999999999951,-0.53041042359172,
0.0986230150790577));
#12215=CARTESIAN_POINT('Ctrl Pts',(-0.000200000000000252,-0.53041042359172,
0.0986230150790577));
#12216=CARTESIAN_POINT('Ctrl Pts',(0.000999999999999995,-0.530131544290234,
0.0966379607236194));
#12217=CARTESIAN_POINT('Ctrl Pts',(-0.000200000000000209,-0.530131544290234,
0.0966379607236194));
#12218=CARTESIAN_POINT('Ctrl Pts',(0.000999999999999995,-0.530011717186753,
0.0947074161314991));
#12219=CARTESIAN_POINT('Ctrl Pts',(-0.000200000000000209,-0.530011717186753,
0.0947074161314991));
#12220=CARTESIAN_POINT('Ctrl Pts',(0.000999999999999995,-0.530037362600886,
0.0928580332788341));
#12221=CARTESIAN_POINT('Ctrl Pts',(-0.000200000000000209,-0.530037362600886,
0.0928580332788341));
#12222=CARTESIAN_POINT('Ctrl Pts',(0.000999999999999995,-0.530195066876049,
0.0916637897798999));
#12223=CARTESIAN_POINT('Ctrl Pts',(-0.000200000000000209,-0.530195066876049,
0.0916637897798999));
#12224=CARTESIAN_POINT('Ctrl Pts',(0.000999999999999995,-0.530272251920362,
0.0910792923888773));
#12225=CARTESIAN_POINT('Ctrl Pts',(-0.000200000000000209,-0.530272251920362,
0.0910792923888773));
#12226=CARTESIAN_POINT('',(0.000999999999999995,-0.530272251920362,0.0910792923888773));
#12227=CARTESIAN_POINT('Ctrl Pts',(0.000999999999999995,-0.53308079622416,
0.106071380996472));
#12228=CARTESIAN_POINT('Ctrl Pts',(0.000999999999999995,-0.532767723208253,
0.105502476727514));
#12229=CARTESIAN_POINT('Ctrl Pts',(0.00100000000000004,-0.532138926860073,
0.104359852136415));
#12230=CARTESIAN_POINT('Ctrl Pts',(0.00099999999999982,-0.531416660303981,
0.10252474278534));
#12231=CARTESIAN_POINT('Ctrl Pts',(0.00100000000000013,-0.530820676847695,
0.100609468557996));
#12232=CARTESIAN_POINT('Ctrl Pts',(0.000999999999999951,-0.53041042359172,
0.0986230150790577));
#12233=CARTESIAN_POINT('Ctrl Pts',(0.000999999999999995,-0.530131544290234,
0.0966379607236194));
#12234=CARTESIAN_POINT('Ctrl Pts',(0.000999999999999995,-0.530011717186753,
0.0947074161314991));
#12235=CARTESIAN_POINT('Ctrl Pts',(0.000999999999999995,-0.530037362600886,
0.0928580332788341));
#12236=CARTESIAN_POINT('Ctrl Pts',(0.000999999999999995,-0.530195066876049,
0.0916637897798999));
#12237=CARTESIAN_POINT('Ctrl Pts',(0.000999999999999995,-0.530272251920362,
0.0910792923888773));
#12238=CARTESIAN_POINT('',(0.000999999999999995,-0.530272251920362,0.0910792923888773));
#12239=CARTESIAN_POINT('Ctrl Pts',(0.000999999999999995,-0.530272251920362,
0.0910792923888773));
#12240=CARTESIAN_POINT('Ctrl Pts',(-0.000200000000000209,-0.530272251920362,
0.0910792923888773));
#12241=CARTESIAN_POINT('Ctrl Pts',(0.000999999999999951,-0.530338308790523,
0.0906879571465005));
#12242=CARTESIAN_POINT('Ctrl Pts',(-0.000200000000000252,-0.530338308790523,
0.0906879571465005));
#12243=CARTESIAN_POINT('Ctrl Pts',(0.000999999999999951,-0.530467197546686,
0.0899243921681702));
#12244=CARTESIAN_POINT('Ctrl Pts',(-0.000200000000000252,-0.530467197546686,
0.0899243921681702));
#12245=CARTESIAN_POINT('Ctrl Pts',(0.00100000000000004,-0.530741011884643,
0.0888275988557119));
#12246=CARTESIAN_POINT('Ctrl Pts',(-0.000200000000000165,-0.530741011884643,
0.0888275988557119));
#12247=CARTESIAN_POINT('Ctrl Pts',(0.00100000000000004,-0.531047460719821,
0.087801412359676));
#12248=CARTESIAN_POINT('Ctrl Pts',(-0.000200000000000165,-0.531047460719821,
0.087801412359676));
#12249=CARTESIAN_POINT('Ctrl Pts',(0.000999999999999995,-0.531398672496735,
0.0868485193302273));
#12250=CARTESIAN_POINT('Ctrl Pts',(-0.000200000000000209,-0.531398672496735,
0.0868485193302273));
#12251=CARTESIAN_POINT('Ctrl Pts',(0.00100000000000004,-0.531814115867039,
0.0859795482447799));
#12252=CARTESIAN_POINT('Ctrl Pts',(-0.000200000000000165,-0.531814115867039,
0.0859795482447799));
#12253=CARTESIAN_POINT('Ctrl Pts',(0.000999999999999995,-0.532260494563873,
0.085178453231396));
#12254=CARTESIAN_POINT('Ctrl Pts',(-0.000200000000000209,-0.532260494563873,
0.085178453231396));
#12255=CARTESIAN_POINT('Ctrl Pts',(0.00100000000000004,-0.532773413039248,
0.0844674644339233));
#12256=CARTESIAN_POINT('Ctrl Pts',(-0.000200000000000165,-0.532773413039248,
0.0844674644339233));
#12257=CARTESIAN_POINT('Ctrl Pts',(0.000999999999999951,-0.533313658906231,
0.0838218793818181));
#12258=CARTESIAN_POINT('Ctrl Pts',(-0.000200000000000252,-0.533313658906231,
0.0838218793818181));
#12259=CARTESIAN_POINT('Ctrl Pts',(0.00100000000000004,-0.533901905554614,
0.0832701396920012));
#12260=CARTESIAN_POINT('Ctrl Pts',(-0.000200000000000165,-0.533901905554614,
0.0832701396920012));
#12261=CARTESIAN_POINT('Ctrl Pts',(0.000999999999999995,-0.534511196179766,
0.0827940869467104));
#12262=CARTESIAN_POINT('Ctrl Pts',(-0.000200000000000209,-0.534511196179766,
0.0827940869467104));
#12263=CARTESIAN_POINT('Ctrl Pts',(0.00100000000000004,-0.535158059521181,
0.0824228069244243));
#12264=CARTESIAN_POINT('Ctrl Pts',(-0.000200000000000165,-0.535158059521181,
0.0824228069244243));
#12265=CARTESIAN_POINT('Ctrl Pts',(0.00099999999999982,-0.535825227187054,
0.0821319039000955));
#12266=CARTESIAN_POINT('Ctrl Pts',(-0.000200000000000384,-0.535825227187054,
0.0821319039000955));
#12267=CARTESIAN_POINT('Ctrl Pts',(0.000999999999999995,-0.536521216356535,
0.0819424544840049));
#12268=CARTESIAN_POINT('Ctrl Pts',(-0.000200000000000209,-0.536521216356535,
0.0819424544840049));
#12269=CARTESIAN_POINT('Ctrl Pts',(0.000999999999999995,-0.537240963767554,
0.0818401068441152));
#12270=CARTESIAN_POINT('Ctrl Pts',(-0.000200000000000209,-0.537240963767554,
0.0818401068441152));
#12271=CARTESIAN_POINT('Ctrl Pts',(0.00100000000000004,-0.537988476650118,
0.0818194284376839));
#12272=CARTESIAN_POINT('Ctrl Pts',(-0.000200000000000165,-0.537988476650118,
0.0818194284376839));
#12273=CARTESIAN_POINT('Ctrl Pts',(0.00100000000000004,-0.538490012349419,
0.0818846794969997));
#12274=CARTESIAN_POINT('Ctrl Pts',(-0.000200000000000165,-0.538490012349419,
0.0818846794969997));
#12275=CARTESIAN_POINT('Ctrl Pts',(0.000999999999999995,-0.538745353186185,
0.081917899983814));
#12276=CARTESIAN_POINT('Ctrl Pts',(-0.000200000000000209,-0.538745353186185,
0.081917899983814));
#12277=CARTESIAN_POINT('',(0.000999999999999995,-0.538745353186185,0.081917899983814));
#12278=CARTESIAN_POINT('Ctrl Pts',(0.000999999999999995,-0.530272251920362,
0.0910792923888773));
#12279=CARTESIAN_POINT('Ctrl Pts',(0.000999999999999951,-0.530338308790523,
0.0906879571465005));
#12280=CARTESIAN_POINT('Ctrl Pts',(0.000999999999999951,-0.530467197546686,
0.0899243921681702));
#12281=CARTESIAN_POINT('Ctrl Pts',(0.00100000000000004,-0.530741011884643,
0.0888275988557119));
#12282=CARTESIAN_POINT('Ctrl Pts',(0.00100000000000004,-0.531047460719821,
0.087801412359676));
#12283=CARTESIAN_POINT('Ctrl Pts',(0.000999999999999995,-0.531398672496735,
0.0868485193302273));
#12284=CARTESIAN_POINT('Ctrl Pts',(0.00100000000000004,-0.531814115867039,
0.0859795482447799));
#12285=CARTESIAN_POINT('Ctrl Pts',(0.000999999999999995,-0.532260494563873,
0.085178453231396));
#12286=CARTESIAN_POINT('Ctrl Pts',(0.00100000000000004,-0.532773413039248,
0.0844674644339233));
#12287=CARTESIAN_POINT('Ctrl Pts',(0.000999999999999951,-0.533313658906231,
0.0838218793818181));
#12288=CARTESIAN_POINT('Ctrl Pts',(0.00100000000000004,-0.533901905554614,
0.0832701396920012));
#12289=CARTESIAN_POINT('Ctrl Pts',(0.000999999999999995,-0.534511196179766,
0.0827940869467104));
#12290=CARTESIAN_POINT('Ctrl Pts',(0.00100000000000004,-0.535158059521181,
0.0824228069244243));
#12291=CARTESIAN_POINT('Ctrl Pts',(0.00099999999999982,-0.535825227187054,
0.0821319039000955));
#12292=CARTESIAN_POINT('Ctrl Pts',(0.000999999999999995,-0.536521216356535,
0.0819424544840049));
#12293=CARTESIAN_POINT('Ctrl Pts',(0.000999999999999995,-0.537240963767554,
0.0818401068441152));
#12294=CARTESIAN_POINT('Ctrl Pts',(0.00100000000000004,-0.537988476650118,
0.0818194284376839));
#12295=CARTESIAN_POINT('Ctrl Pts',(0.00100000000000004,-0.538490012349419,
0.0818846794969997));
#12296=CARTESIAN_POINT('Ctrl Pts',(0.000999999999999995,-0.538745353186185,
0.081917899983814));
#12297=CARTESIAN_POINT('',(0.000999999999999995,-0.538745353186185,0.081917899983814));
#12298=CARTESIAN_POINT('Ctrl Pts',(0.000999999999999995,-0.538745353186185,
0.081917899983814));
#12299=CARTESIAN_POINT('Ctrl Pts',(-0.000200000000000104,-0.538745353186185,
0.081917899983814));
#12300=CARTESIAN_POINT('Ctrl Pts',(0.00100000000000004,-0.538959361838797,
0.081958079650503));
#12301=CARTESIAN_POINT('Ctrl Pts',(-0.00020000000000006,-0.538959361838797,
0.081958079650503));
#12302=CARTESIAN_POINT('Ctrl Pts',(0.000999999999999951,-0.539373911429416,
0.0820359104492761));
#12303=CARTESIAN_POINT('Ctrl Pts',(-0.000200000000000148,-0.539373911429416,
0.0820359104492761));
#12304=CARTESIAN_POINT('Ctrl Pts',(0.000999999999999951,-0.539968822539628,
0.0821817333708259));
#12305=CARTESIAN_POINT('Ctrl Pts',(-0.000200000000000148,-0.539968822539628,
0.0821817333708259));
#12306=CARTESIAN_POINT('Ctrl Pts',(0.000999999999999995,-0.540512447469572,
0.0823718033187513));
#12307=CARTESIAN_POINT('Ctrl Pts',(-0.000200000000000104,-0.540512447469572,
0.0823718033187513));
#12308=CARTESIAN_POINT('Ctrl Pts',(0.000999999999999951,-0.541001338122081,
0.0826042635835732));
#12309=CARTESIAN_POINT('Ctrl Pts',(-0.000200000000000148,-0.541001338122081,
0.0826042635835732));
#12310=CARTESIAN_POINT('Ctrl Pts',(0.000999999999999951,-0.541448193906929,
0.0828533855210196));
#12311=CARTESIAN_POINT('Ctrl Pts',(-0.000200000000000148,-0.541448193906929,
0.0828533855210196));
#12312=CARTESIAN_POINT('Ctrl Pts',(0.00100000000000004,-0.541842687235059,
0.083141691069303));
#12313=CARTESIAN_POINT('Ctrl Pts',(-0.00020000000000006,-0.541842687235059,
0.083141691069303));
#12314=CARTESIAN_POINT('Ctrl Pts',(0.000999999999999951,-0.542183540017732,
0.0834679500471598));
#12315=CARTESIAN_POINT('Ctrl Pts',(-0.000200000000000148,-0.542183540017732,
0.0834679500471598));
#12316=CARTESIAN_POINT('Ctrl Pts',(0.000999999999999995,-0.54258329067568,
0.0839531183265487));
#12317=CARTESIAN_POINT('Ctrl Pts',(-0.000200000000000104,-0.54258329067568,
0.0839531183265487));
#12318=CARTESIAN_POINT('Ctrl Pts',(0.000999999999999995,-0.542980553268939,
0.0846787914310618));
#12319=CARTESIAN_POINT('Ctrl Pts',(-0.000200000000000104,-0.542980553268939,
0.0846787914310618));
#12320=CARTESIAN_POINT('Ctrl Pts',(0.00100000000000004,-0.543369318377546,
0.0856638495003984));
#12321=CARTESIAN_POINT('Ctrl Pts',(-0.00020000000000006,-0.543369318377546,
0.0856638495003984));
#12322=CARTESIAN_POINT('Ctrl Pts',(0.00100000000000004,-0.543649758869241,
0.0868118371343618));
#12323=CARTESIAN_POINT('Ctrl Pts',(-0.00020000000000006,-0.543649758869241,
0.0868118371343618));
#12324=CARTESIAN_POINT('Ctrl Pts',(0.000999999999999951,-0.543758818352208,
0.0876312468152979));
#12325=CARTESIAN_POINT('Ctrl Pts',(-0.000200000000000148,-0.543758818352208,
0.0876312468152979));
#12326=CARTESIAN_POINT('Ctrl Pts',(0.000999999999999995,-0.54381655571783,
0.0880650518825482));
#12327=CARTESIAN_POINT('Ctrl Pts',(-0.000200000000000104,-0.54381655571783,
0.0880650518825482));
#12328=CARTESIAN_POINT('',(0.000999999999999995,-0.54381655571783,0.0880650518825482));
#12329=CARTESIAN_POINT('Ctrl Pts',(0.000999999999999995,-0.538745353186185,
0.081917899983814));
#12330=CARTESIAN_POINT('Ctrl Pts',(0.00100000000000004,-0.538959361838797,
0.081958079650503));
#12331=CARTESIAN_POINT('Ctrl Pts',(0.000999999999999951,-0.539373911429416,
0.0820359104492761));
#12332=CARTESIAN_POINT('Ctrl Pts',(0.000999999999999951,-0.539968822539628,
0.0821817333708259));
#12333=CARTESIAN_POINT('Ctrl Pts',(0.000999999999999995,-0.540512447469572,
0.0823718033187513));
#12334=CARTESIAN_POINT('Ctrl Pts',(0.000999999999999951,-0.541001338122081,
0.0826042635835732));
#12335=CARTESIAN_POINT('Ctrl Pts',(0.000999999999999951,-0.541448193906929,
0.0828533855210196));
#12336=CARTESIAN_POINT('Ctrl Pts',(0.00100000000000004,-0.541842687235059,
0.083141691069303));
#12337=CARTESIAN_POINT('Ctrl Pts',(0.000999999999999951,-0.542183540017732,
0.0834679500471598));
#12338=CARTESIAN_POINT('Ctrl Pts',(0.000999999999999995,-0.54258329067568,
0.0839531183265487));
#12339=CARTESIAN_POINT('Ctrl Pts',(0.000999999999999995,-0.542980553268939,
0.0846787914310618));
#12340=CARTESIAN_POINT('Ctrl Pts',(0.00100000000000004,-0.543369318377546,
0.0856638495003984));
#12341=CARTESIAN_POINT('Ctrl Pts',(0.00100000000000004,-0.543649758869241,
0.0868118371343618));
#12342=CARTESIAN_POINT('Ctrl Pts',(0.000999999999999951,-0.543758818352208,
0.0876312468152979));
#12343=CARTESIAN_POINT('Ctrl Pts',(0.000999999999999995,-0.54381655571783,
0.0880650518825482));
#12344=CARTESIAN_POINT('',(0.000999999999999995,-0.54381655571783,0.0880650518825482));
#12345=CARTESIAN_POINT('Ctrl Pts',(0.000999999999999995,-0.54381655571783,
0.0880650518825482));
#12346=CARTESIAN_POINT('Ctrl Pts',(-0.000199999999999999,-0.54381655571783,
0.0880650518825482));
#12347=CARTESIAN_POINT('Ctrl Pts',(0.000999999999999995,-0.543878935862158,
0.088784527803847));
#12348=CARTESIAN_POINT('Ctrl Pts',(-0.000199999999999999,-0.543878935862158,
0.088784527803847));
#12349=CARTESIAN_POINT('Ctrl Pts',(0.000999999999999995,-0.544007641195133,
0.0902689807338082));
#12350=CARTESIAN_POINT('Ctrl Pts',(-0.000199999999999999,-0.544007641195133,
0.0902689807338082));
#12351=CARTESIAN_POINT('Ctrl Pts',(0.000999999999999995,-0.544016364352384,
0.0925800078669684));
#12352=CARTESIAN_POINT('Ctrl Pts',(-0.000199999999999999,-0.544016364352384,
0.0925800078669684));
#12353=CARTESIAN_POINT('Ctrl Pts',(0.000999999999999995,-0.544013557733482,
0.0950383397822856));
#12354=CARTESIAN_POINT('Ctrl Pts',(-0.000199999999999999,-0.544013557733482,
0.0950383397822856));
#12355=CARTESIAN_POINT('Ctrl Pts',(0.00100000000000004,-0.544081963036716,
0.0967281202978115));
#12356=CARTESIAN_POINT('Ctrl Pts',(-0.000199999999999955,-0.544081963036716,
0.0967281202978115));
#12357=CARTESIAN_POINT('Ctrl Pts',(0.000999999999999995,-0.544117188629223,
0.0975982797306495));
#12358=CARTESIAN_POINT('Ctrl Pts',(-0.000199999999999999,-0.544117188629223,
0.0975982797306495));
#12359=CARTESIAN_POINT('',(0.000999999999999995,-0.544117188629223,0.0975982797306495));
#12360=CARTESIAN_POINT('Ctrl Pts',(0.000999999999999995,-0.54381655571783,
0.0880650518825482));
#12361=CARTESIAN_POINT('Ctrl Pts',(0.000999999999999995,-0.543878935862158,
0.088784527803847));
#12362=CARTESIAN_POINT('Ctrl Pts',(0.000999999999999995,-0.544007641195133,
0.0902689807338082));
#12363=CARTESIAN_POINT('Ctrl Pts',(0.000999999999999995,-0.544016364352384,
0.0925800078669684));
#12364=CARTESIAN_POINT('Ctrl Pts',(0.000999999999999995,-0.544013557733482,
0.0950383397822856));
#12365=CARTESIAN_POINT('Ctrl Pts',(0.00100000000000004,-0.544081963036716,
0.0967281202978115));
#12366=CARTESIAN_POINT('Ctrl Pts',(0.000999999999999995,-0.544117188629223,
0.0975982797306495));
#12367=CARTESIAN_POINT('',(0.000999999999999995,-0.544117188629223,0.0975982797306495));
#12368=CARTESIAN_POINT('Ctrl Pts',(0.000999999999999995,-0.544117188629223,
0.0975982797306495));
#12369=CARTESIAN_POINT('Ctrl Pts',(-0.000200000000000209,-0.544117188629223,
0.0975982797306495));
#12370=CARTESIAN_POINT('Ctrl Pts',(0.000999999999999995,-0.544150092882376,
0.0980390244787787));
#12371=CARTESIAN_POINT('Ctrl Pts',(-0.000200000000000209,-0.544150092882376,
0.0980390244787787));
#12372=CARTESIAN_POINT('Ctrl Pts',(0.000999999999999951,-0.544214292097153,
0.0988989578927197));
#12373=CARTESIAN_POINT('Ctrl Pts',(-0.000200000000000252,-0.544214292097153,
0.0988989578927197));
#12374=CARTESIAN_POINT('Ctrl Pts',(0.000999999999999951,-0.544375179506296,
0.100150300766713));
#12375=CARTESIAN_POINT('Ctrl Pts',(-0.000200000000000252,-0.544375179506296,
0.100150300766713));
#12376=CARTESIAN_POINT('Ctrl Pts',(0.00100000000000013,-0.544616842667756,
0.101321688034834));
#12377=CARTESIAN_POINT('Ctrl Pts',(-0.000200000000000078,-0.544616842667756,
0.101321688034834));
#12378=CARTESIAN_POINT('Ctrl Pts',(0.00100000000000004,-0.544902824831376,
0.102419675946694));
#12379=CARTESIAN_POINT('Ctrl Pts',(-0.000200000000000165,-0.544902824831376,
0.102419675946694));
#12380=CARTESIAN_POINT('Ctrl Pts',(0.000999999999999995,-0.545268266874517,
0.103435191810462));
#12381=CARTESIAN_POINT('Ctrl Pts',(-0.000200000000000209,-0.545268266874517,
0.103435191810462));
#12382=CARTESIAN_POINT('Ctrl Pts',(0.00099999999999982,-0.545696516002081,
0.104370776922822));
#12383=CARTESIAN_POINT('Ctrl Pts',(-0.000200000000000384,-0.545696516002081,
0.104370776922822));
#12384=CARTESIAN_POINT('Ctrl Pts',(0.00100000000000004,-0.546179064723123,
0.105235915264788));
#12385=CARTESIAN_POINT('Ctrl Pts',(-0.000200000000000165,-0.546179064723123,
0.105235915264788));
#12386=CARTESIAN_POINT('Ctrl Pts',(0.000999999999999951,-0.546736371468526,
0.106020814672186));
#12387=CARTESIAN_POINT('Ctrl Pts',(-0.000200000000000252,-0.546736371468526,
0.106020814672186));
#12388=CARTESIAN_POINT('Ctrl Pts',(0.000999999999999995,-0.547352671526935,
0.106734819050865));
#12389=CARTESIAN_POINT('Ctrl Pts',(-0.000200000000000209,-0.547352671526935,
0.106734819050865));
#12390=CARTESIAN_POINT('Ctrl Pts',(0.00100000000000004,-0.548034787220534,
0.107375222257941));
#12391=CARTESIAN_POINT('Ctrl Pts',(-0.000200000000000165,-0.548034787220534,
0.107375222257941));
#12392=CARTESIAN_POINT('Ctrl Pts',(0.000999999999999951,-0.548776681499807,
0.107947303424679));
#12393=CARTESIAN_POINT('Ctrl Pts',(-0.000200000000000252,-0.548776681499807,
0.107947303424679));
#12394=CARTESIAN_POINT('Ctrl Pts',(0.000999999999999995,-0.549593287953746,
0.108435898172702));
#12395=CARTESIAN_POINT('Ctrl Pts',(-0.000200000000000209,-0.549593287953746,
0.108435898172702));
#12396=CARTESIAN_POINT('Ctrl Pts',(0.00100000000000004,-0.550463056274763,
0.108868951253234));
#12397=CARTESIAN_POINT('Ctrl Pts',(-0.000200000000000165,-0.550463056274763,
0.108868951253234));
#12398=CARTESIAN_POINT('Ctrl Pts',(0.00100000000000004,-0.551407414695012,
0.109211913319224));
#12399=CARTESIAN_POINT('Ctrl Pts',(-0.000200000000000165,-0.551407414695012,
0.109211913319224));
#12400=CARTESIAN_POINT('Ctrl Pts',(0.000999999999999951,-0.552407680172797,
0.109502902158958));
#12401=CARTESIAN_POINT('Ctrl Pts',(-0.000200000000000252,-0.552407680172797,
0.109502902158958));
#12402=CARTESIAN_POINT('Ctrl Pts',(0.000999999999999995,-0.553105693366548,
0.109624878225709));
#12403=CARTESIAN_POINT('Ctrl Pts',(-0.000200000000000209,-0.553105693366548,
0.109624878225709));
#12404=CARTESIAN_POINT('Ctrl Pts',(0.000999999999999995,-0.553460543059603,
0.109686887325586));
#12405=CARTESIAN_POINT('Ctrl Pts',(-0.000200000000000209,-0.553460543059603,
0.109686887325586));
#12406=CARTESIAN_POINT('',(0.000999999999999995,-0.553460543059603,0.109686887325586));
#12407=CARTESIAN_POINT('Ctrl Pts',(0.000999999999999995,-0.544117188629223,
0.0975982797306495));
#12408=CARTESIAN_POINT('Ctrl Pts',(0.000999999999999995,-0.544150092882376,
0.0980390244787787));
#12409=CARTESIAN_POINT('Ctrl Pts',(0.000999999999999951,-0.544214292097153,
0.0988989578927197));
#12410=CARTESIAN_POINT('Ctrl Pts',(0.000999999999999951,-0.544375179506296,
0.100150300766713));
#12411=CARTESIAN_POINT('Ctrl Pts',(0.00100000000000013,-0.544616842667756,
0.101321688034834));
#12412=CARTESIAN_POINT('Ctrl Pts',(0.00100000000000004,-0.544902824831376,
0.102419675946694));
#12413=CARTESIAN_POINT('Ctrl Pts',(0.000999999999999995,-0.545268266874517,
0.103435191810462));
#12414=CARTESIAN_POINT('Ctrl Pts',(0.00099999999999982,-0.545696516002081,
0.104370776922822));
#12415=CARTESIAN_POINT('Ctrl Pts',(0.00100000000000004,-0.546179064723123,
0.105235915264788));
#12416=CARTESIAN_POINT('Ctrl Pts',(0.000999999999999951,-0.546736371468526,
0.106020814672186));
#12417=CARTESIAN_POINT('Ctrl Pts',(0.000999999999999995,-0.547352671526935,
0.106734819050865));
#12418=CARTESIAN_POINT('Ctrl Pts',(0.00100000000000004,-0.548034787220534,
0.107375222257941));
#12419=CARTESIAN_POINT('Ctrl Pts',(0.000999999999999951,-0.548776681499807,
0.107947303424679));
#12420=CARTESIAN_POINT('Ctrl Pts',(0.000999999999999995,-0.549593287953746,
0.108435898172702));
#12421=CARTESIAN_POINT('Ctrl Pts',(0.00100000000000004,-0.550463056274763,
0.108868951253234));
#12422=CARTESIAN_POINT('Ctrl Pts',(0.00100000000000004,-0.551407414695012,
0.109211913319224));
#12423=CARTESIAN_POINT('Ctrl Pts',(0.000999999999999951,-0.552407680172797,
0.109502902158958));
#12424=CARTESIAN_POINT('Ctrl Pts',(0.000999999999999995,-0.553105693366548,
0.109624878225709));
#12425=CARTESIAN_POINT('Ctrl Pts',(0.000999999999999995,-0.553460543059603,
0.109686887325586));
#12426=CARTESIAN_POINT('',(0.000999999999999995,-0.553460543059603,0.109686887325586));
#12427=CARTESIAN_POINT('Ctrl Pts',(0.000999999999999995,-0.553460543059603,
0.109686887325586));
#12428=CARTESIAN_POINT('Ctrl Pts',(-0.000200000000000209,-0.553460543059603,
0.109686887325586));
#12429=CARTESIAN_POINT('Ctrl Pts',(0.000999999999999995,-0.553873840222379,
0.109738182065353));
#12430=CARTESIAN_POINT('Ctrl Pts',(-0.000200000000000209,-0.553873840222379,
0.109738182065353));
#12431=CARTESIAN_POINT('Ctrl Pts',(0.00100000000000004,-0.554685219015486,
0.109838883129366));
#12432=CARTESIAN_POINT('Ctrl Pts',(-0.000200000000000165,-0.554685219015486,
0.109838883129366));
#12433=CARTESIAN_POINT('Ctrl Pts',(0.00099999999999982,-0.555900268076124,
0.109832179517819));
#12434=CARTESIAN_POINT('Ctrl Pts',(-0.000200000000000384,-0.555900268076124,
0.109832179517819));
#12435=CARTESIAN_POINT('Ctrl Pts',(0.000999999999999951,-0.557076054148051,
0.109669933298251));
#12436=CARTESIAN_POINT('Ctrl Pts',(-0.000200000000000252,-0.557076054148051,
0.109669933298251));
#12437=CARTESIAN_POINT('Ctrl Pts',(0.00100000000000004,-0.558217363305451,
0.109378295853223));
#12438=CARTESIAN_POINT('Ctrl Pts',(-0.000200000000000165,-0.558217363305451,
0.109378295853223));
#12439=CARTESIAN_POINT('Ctrl Pts',(0.000999999999999995,-0.559319361695328,
0.108936779122143));
#12440=CARTESIAN_POINT('Ctrl Pts',(-0.000200000000000209,-0.559319361695328,
0.108936779122143));
#12441=CARTESIAN_POINT('Ctrl Pts',(0.000999999999999995,-0.560382368430832,
0.10835173595078));
#12442=CARTESIAN_POINT('Ctrl Pts',(-0.000200000000000209,-0.560382368430832,
0.10835173595078));
#12443=CARTESIAN_POINT('Ctrl Pts',(0.000999999999999951,-0.561419804496551,
0.107637726063439));
#12444=CARTESIAN_POINT('Ctrl Pts',(-0.000200000000000252,-0.561419804496551,
0.107637726063439));
#12445=CARTESIAN_POINT('Ctrl Pts',(0.00100000000000004,-0.562397315619436,
0.106773940526508));
#12446=CARTESIAN_POINT('Ctrl Pts',(-0.000200000000000165,-0.562397315619436,
0.106773940526508));
#12447=CARTESIAN_POINT('Ctrl Pts',(0.00099999999999982,-0.563320381558737,
0.105806313041661));
#12448=CARTESIAN_POINT('Ctrl Pts',(-0.000200000000000384,-0.563320381558737,
0.105806313041661));
#12449=CARTESIAN_POINT('Ctrl Pts',(0.00100000000000004,-0.564158159643324,
0.104741476636825));
#12450=CARTESIAN_POINT('Ctrl Pts',(-0.000200000000000165,-0.564158159643324,
0.104741476636825));
#12451=CARTESIAN_POINT('Ctrl Pts',(0.000999999999999995,-0.56491838680886,
0.103597625187821));
#12452=CARTESIAN_POINT('Ctrl Pts',(-0.000200000000000209,-0.56491838680886,
0.103597625187821));
#12453=CARTESIAN_POINT('Ctrl Pts',(0.000999999999999995,-0.56557159744893,
0.102356472972379));
#12454=CARTESIAN_POINT('Ctrl Pts',(-0.000200000000000209,-0.56557159744893,
0.102356472972379));
#12455=CARTESIAN_POINT('Ctrl Pts',(0.000999999999999951,-0.566142927104667,
0.101031162200526));
#12456=CARTESIAN_POINT('Ctrl Pts',(-0.000200000000000252,-0.566142927104667,
0.101031162200526));
#12457=CARTESIAN_POINT('Ctrl Pts',(0.00100000000000004,-0.566622729531524,
0.0996178710500663));
#12458=CARTESIAN_POINT('Ctrl Pts',(-0.000200000000000165,-0.566622729531524,
0.0996178710500663));
#12459=CARTESIAN_POINT('Ctrl Pts',(0.000999999999999995,-0.567024635381582,
0.0981203564651778));
#12460=CARTESIAN_POINT('Ctrl Pts',(-0.000200000000000209,-0.567024635381582,
0.0981203564651778));
#12461=CARTESIAN_POINT('Ctrl Pts',(0.000999999999999995,-0.567205371540967,
0.0970830996760854));
#12462=CARTESIAN_POINT('Ctrl Pts',(-0.000200000000000209,-0.567205371540967,
0.0970830996760854));
#12463=CARTESIAN_POINT('Ctrl Pts',(0.000999999999999995,-0.567297568376058,
0.0965539759331811));
#12464=CARTESIAN_POINT('Ctrl Pts',(-0.000200000000000209,-0.567297568376058,
0.0965539759331811));
#12465=CARTESIAN_POINT('',(0.000999999999999995,-0.567297568376058,0.0965539759331811));
#12466=CARTESIAN_POINT('Ctrl Pts',(0.000999999999999995,-0.553460543059603,
0.109686887325586));
#12467=CARTESIAN_POINT('Ctrl Pts',(0.000999999999999995,-0.553873840222379,
0.109738182065353));
#12468=CARTESIAN_POINT('Ctrl Pts',(0.00100000000000004,-0.554685219015486,
0.109838883129366));
#12469=CARTESIAN_POINT('Ctrl Pts',(0.00099999999999982,-0.555900268076124,
0.109832179517819));
#12470=CARTESIAN_POINT('Ctrl Pts',(0.000999999999999951,-0.557076054148051,
0.109669933298251));
#12471=CARTESIAN_POINT('Ctrl Pts',(0.00100000000000004,-0.558217363305451,
0.109378295853223));
#12472=CARTESIAN_POINT('Ctrl Pts',(0.000999999999999995,-0.559319361695328,
0.108936779122143));
#12473=CARTESIAN_POINT('Ctrl Pts',(0.000999999999999995,-0.560382368430832,
0.10835173595078));
#12474=CARTESIAN_POINT('Ctrl Pts',(0.000999999999999951,-0.561419804496551,
0.107637726063439));
#12475=CARTESIAN_POINT('Ctrl Pts',(0.00100000000000004,-0.562397315619436,
0.106773940526508));
#12476=CARTESIAN_POINT('Ctrl Pts',(0.00099999999999982,-0.563320381558737,
0.105806313041661));
#12477=CARTESIAN_POINT('Ctrl Pts',(0.00100000000000004,-0.564158159643324,
0.104741476636825));
#12478=CARTESIAN_POINT('Ctrl Pts',(0.000999999999999995,-0.56491838680886,
0.103597625187821));
#12479=CARTESIAN_POINT('Ctrl Pts',(0.000999999999999995,-0.56557159744893,
0.102356472972379));
#12480=CARTESIAN_POINT('Ctrl Pts',(0.000999999999999951,-0.566142927104667,
0.101031162200526));
#12481=CARTESIAN_POINT('Ctrl Pts',(0.00100000000000004,-0.566622729531524,
0.0996178710500663));
#12482=CARTESIAN_POINT('Ctrl Pts',(0.000999999999999995,-0.567024635381582,
0.0981203564651778));
#12483=CARTESIAN_POINT('Ctrl Pts',(0.000999999999999995,-0.567205371540967,
0.0970830996760854));
#12484=CARTESIAN_POINT('Ctrl Pts',(0.000999999999999995,-0.567297568376058,
0.0965539759331811));
#12485=CARTESIAN_POINT('',(0.000999999999999995,-0.567297568376058,0.0965539759331811));
#12486=CARTESIAN_POINT('Ctrl Pts',(0.000999999999999995,-0.567297568376058,
0.0965539759331811));
#12487=CARTESIAN_POINT('Ctrl Pts',(-0.000200000000000209,-0.567297568376058,
0.0965539759331811));
#12488=CARTESIAN_POINT('Ctrl Pts',(0.00100000000000004,-0.567397989749126,
0.0958666298039274));
#12489=CARTESIAN_POINT('Ctrl Pts',(-0.000200000000000165,-0.567397989749126,
0.0958666298039274));
#12490=CARTESIAN_POINT('Ctrl Pts',(0.00100000000000004,-0.567594811662751,
0.0945194586156593));
#12491=CARTESIAN_POINT('Ctrl Pts',(-0.000200000000000165,-0.567594811662751,
0.0945194586156593));
#12492=CARTESIAN_POINT('Ctrl Pts',(0.00099999999999982,-0.567746849052916,
0.0925191785984651));
#12493=CARTESIAN_POINT('Ctrl Pts',(-0.000200000000000384,-0.567746849052916,
0.0925191785984651));
#12494=CARTESIAN_POINT('Ctrl Pts',(0.000999999999999995,-0.567802691303324,
0.0905910526989315));
#12495=CARTESIAN_POINT('Ctrl Pts',(-0.000200000000000209,-0.567802691303324,
0.0905910526989315));
#12496=CARTESIAN_POINT('Ctrl Pts',(0.000999999999999951,-0.567724966575516,
0.0887371521760875));
#12497=CARTESIAN_POINT('Ctrl Pts',(-0.000200000000000252,-0.567724966575516,
0.0887371521760875));
#12498=CARTESIAN_POINT('Ctrl Pts',(0.00100000000000004,-0.567566433939669,
0.0869718024151973));
#12499=CARTESIAN_POINT('Ctrl Pts',(-0.000200000000000165,-0.567566433939669,
0.0869718024151973));
#12500=CARTESIAN_POINT('Ctrl Pts',(0.000999999999999995,-0.567343523030498,
0.085293365812474));
#12501=CARTESIAN_POINT('Ctrl Pts',(-0.000200000000000209,-0.567343523030498,
0.085293365812474));
#12502=CARTESIAN_POINT('Ctrl Pts',(0.00099999999999982,-0.567068164626606,
0.0837070019848057));
#12503=CARTESIAN_POINT('Ctrl Pts',(-0.000200000000000384,-0.567068164626606,
0.0837070019848057));
#12504=CARTESIAN_POINT('Ctrl Pts',(0.000999999999999951,-0.566817922171044,
0.0826893734447246));
#12505=CARTESIAN_POINT('Ctrl Pts',(-0.000200000000000252,-0.566817922171044,
0.0826893734447246));
#12506=CARTESIAN_POINT('Ctrl Pts',(0.000999999999999995,-0.566696302553274,
0.0821947987179912));
#12507=CARTESIAN_POINT('Ctrl Pts',(-0.000200000000000209,-0.566696302553274,
0.0821947987179912));
#12508=CARTESIAN_POINT('',(0.000999999999999995,-0.566696302553274,0.0821947987179912));
#12509=CARTESIAN_POINT('Ctrl Pts',(0.000999999999999995,-0.567297568376058,
0.0965539759331811));
#12510=CARTESIAN_POINT('Ctrl Pts',(0.00100000000000004,-0.567397989749126,
0.0958666298039274));
#12511=CARTESIAN_POINT('Ctrl Pts',(0.00100000000000004,-0.567594811662751,
0.0945194586156593));
#12512=CARTESIAN_POINT('Ctrl Pts',(0.00099999999999982,-0.567746849052916,
0.0925191785984651));
#12513=CARTESIAN_POINT('Ctrl Pts',(0.000999999999999995,-0.567802691303324,
0.0905910526989315));
#12514=CARTESIAN_POINT('Ctrl Pts',(0.000999999999999951,-0.567724966575516,
0.0887371521760875));
#12515=CARTESIAN_POINT('Ctrl Pts',(0.00100000000000004,-0.567566433939669,
0.0869718024151973));
#12516=CARTESIAN_POINT('Ctrl Pts',(0.000999999999999995,-0.567343523030498,
0.085293365812474));
#12517=CARTESIAN_POINT('Ctrl Pts',(0.00099999999999982,-0.567068164626606,
0.0837070019848057));
#12518=CARTESIAN_POINT('Ctrl Pts',(0.000999999999999951,-0.566817922171044,
0.0826893734447246));
#12519=CARTESIAN_POINT('Ctrl Pts',(0.000999999999999995,-0.566696302553274,
0.0821947987179912));
#12520=CARTESIAN_POINT('',(0.000999999999999995,-0.566696302553274,0.0821947987179912));
#12521=CARTESIAN_POINT('Origin',(0.000999999999999995,-0.566696302553274,
0.0821947987179912));
#12522=CARTESIAN_POINT('',(0.000999999999999995,-0.560383011414033,0.0811979632749533));
#12523=CARTESIAN_POINT('',(0.000999999999999995,-0.566696302553274,0.0821947987179912));
#12524=CARTESIAN_POINT('',(0.000999999999999995,-0.560383011414033,0.0811979632749533));
#12525=CARTESIAN_POINT('Origin',(0.000999999999999995,-0.560383011414033,
0.0811979632749533));
#12526=CARTESIAN_POINT('',(0.000999999999999995,-0.560327631667198,0.0815697987179913));
#12527=CARTESIAN_POINT('',(0.000999999999999995,-0.560383011414033,0.0811979632749533));
#12528=CARTESIAN_POINT('',(0.000999999999999995,-0.560327631667198,0.0815697987179913));
#12529=CARTESIAN_POINT('Ctrl Pts',(0.000999999999999995,-0.560327631667198,
0.0815697987179913));
#12530=CARTESIAN_POINT('Ctrl Pts',(-0.000200000000000104,-0.560327631667198,
0.0815697987179913));
#12531=CARTESIAN_POINT('Ctrl Pts',(0.00100000000000004,-0.560586250371071,
0.0820206878211798));
#12532=CARTESIAN_POINT('Ctrl Pts',(-0.00020000000000006,-0.560586250371071,
0.0820206878211798));
#12533=CARTESIAN_POINT('Ctrl Pts',(0.000999999999999995,-0.561121724956981,
0.0829542616586675));
#12534=CARTESIAN_POINT('Ctrl Pts',(-0.000200000000000104,-0.561121724956981,
0.0829542616586675));
#12535=CARTESIAN_POINT('Ctrl Pts',(0.000999999999999995,-0.561738514060132,
0.0845093369354469));
#12536=CARTESIAN_POINT('Ctrl Pts',(-0.000200000000000104,-0.561738514060132,
0.0845093369354469));
#12537=CARTESIAN_POINT('Ctrl Pts',(0.000999999999999995,-0.562262635416335,
0.0862182583222621));
#12538=CARTESIAN_POINT('Ctrl Pts',(-0.000200000000000104,-0.562262635416335,
0.0862182583222621));
#12539=CARTESIAN_POINT('Ctrl Pts',(0.000999999999999995,-0.562662244403362,
0.0880629681608622));
#12540=CARTESIAN_POINT('Ctrl Pts',(-0.000200000000000104,-0.562662244403362,
0.0880629681608622));
#12541=CARTESIAN_POINT('Ctrl Pts',(0.00100000000000004,-0.562946030667188,
0.0899867685401033));
#12542=CARTESIAN_POINT('Ctrl Pts',(-0.00020000000000006,-0.562946030667188,
0.0899867685401033));
#12543=CARTESIAN_POINT('Ctrl Pts',(0.000999999999999951,-0.563040217737175,
0.0919378671517257));
#12544=CARTESIAN_POINT('Ctrl Pts',(-0.000200000000000148,-0.563040217737175,
0.0919378671517257));
#12545=CARTESIAN_POINT('Ctrl Pts',(0.00100000000000004,-0.562997469656043,
0.093886921985536));
#12546=CARTESIAN_POINT('Ctrl Pts',(-0.00020000000000006,-0.562997469656043,
0.093886921985536));
#12547=CARTESIAN_POINT('Ctrl Pts',(0.000999999999999995,-0.562826400811271,
0.0951731481779837));
#12548=CARTESIAN_POINT('Ctrl Pts',(-0.000200000000000104,-0.562826400811271,
0.0951731481779837));
#12549=CARTESIAN_POINT('Ctrl Pts',(0.000999999999999995,-0.562740606350742,
0.0958182164395102));
#12550=CARTESIAN_POINT('Ctrl Pts',(-0.000200000000000104,-0.562740606350742,
0.0958182164395102));
#12551=CARTESIAN_POINT('',(0.000999999999999995,-0.562740606350742,0.0958182164395102));
#12552=CARTESIAN_POINT('Ctrl Pts',(0.000999999999999995,-0.560327631667198,
0.0815697987179913));
#12553=CARTESIAN_POINT('Ctrl Pts',(0.00100000000000004,-0.560586250371071,
0.0820206878211798));
#12554=CARTESIAN_POINT('Ctrl Pts',(0.000999999999999995,-0.561121724956981,
0.0829542616586675));
#12555=CARTESIAN_POINT('Ctrl Pts',(0.000999999999999995,-0.561738514060132,
0.0845093369354469));
#12556=CARTESIAN_POINT('Ctrl Pts',(0.000999999999999995,-0.562262635416335,
0.0862182583222621));
#12557=CARTESIAN_POINT('Ctrl Pts',(0.000999999999999995,-0.562662244403362,
0.0880629681608622));
#12558=CARTESIAN_POINT('Ctrl Pts',(0.00100000000000004,-0.562946030667188,
0.0899867685401033));
#12559=CARTESIAN_POINT('Ctrl Pts',(0.000999999999999951,-0.563040217737175,
0.0919378671517257));
#12560=CARTESIAN_POINT('Ctrl Pts',(0.00100000000000004,-0.562997469656043,
0.093886921985536));
#12561=CARTESIAN_POINT('Ctrl Pts',(0.000999999999999995,-0.562826400811271,
0.0951731481779837));
#12562=CARTESIAN_POINT('Ctrl Pts',(0.000999999999999995,-0.562740606350742,
0.0958182164395102));
#12563=CARTESIAN_POINT('',(0.000999999999999995,-0.562740606350742,0.0958182164395102));
#12564=CARTESIAN_POINT('Ctrl Pts',(0.000999999999999995,-0.562740606350742,
0.0958182164395102));
#12565=CARTESIAN_POINT('Ctrl Pts',(-0.000200000000000209,-0.562740606350742,
0.0958182164395102));
#12566=CARTESIAN_POINT('Ctrl Pts',(0.000999999999999995,-0.562682145366988,
0.0961620362888909));
#12567=CARTESIAN_POINT('Ctrl Pts',(-0.000200000000000209,-0.562682145366988,
0.0961620362888909));
#12568=CARTESIAN_POINT('Ctrl Pts',(0.000999999999999995,-0.562567589516161,
0.0968357604181778));
#12569=CARTESIAN_POINT('Ctrl Pts',(-0.000200000000000209,-0.562567589516161,
0.0968357604181778));
#12570=CARTESIAN_POINT('Ctrl Pts',(0.00100000000000013,-0.562318848263019,
0.0978036951751617));
#12571=CARTESIAN_POINT('Ctrl Pts',(-0.000200000000000078,-0.562318848263019,
0.0978036951751617));
#12572=CARTESIAN_POINT('Ctrl Pts',(0.000999999999999995,-0.562033261125123,
0.0987157479820443));
#12573=CARTESIAN_POINT('Ctrl Pts',(-0.000200000000000209,-0.562033261125123,
0.0987157479820443));
#12574=CARTESIAN_POINT('Ctrl Pts',(0.000999999999999951,-0.561705747126943,
0.0995667254779482));
#12575=CARTESIAN_POINT('Ctrl Pts',(-0.000200000000000252,-0.561705747126943,
0.0995667254779482));
#12576=CARTESIAN_POINT('Ctrl Pts',(0.000999999999999995,-0.561323811102636,
0.100359094361041));
#12577=CARTESIAN_POINT('Ctrl Pts',(-0.000200000000000209,-0.561323811102636,
0.100359094361041));
#12578=CARTESIAN_POINT('Ctrl Pts',(0.000999999999999995,-0.560887872683058,
0.10108407950504));
#12579=CARTESIAN_POINT('Ctrl Pts',(-0.000200000000000209,-0.560887872683058,
0.10108407950504));
#12580=CARTESIAN_POINT('Ctrl Pts',(0.00099999999999982,-0.560413576496065,
0.10175464788683));
#12581=CARTESIAN_POINT('Ctrl Pts',(-0.000200000000000384,-0.560413576496065,
0.10175464788683));
#12582=CARTESIAN_POINT('Ctrl Pts',(0.00100000000000013,-0.559891423823147,
0.102355980973621));
#12583=CARTESIAN_POINT('Ctrl Pts',(-0.000200000000000078,-0.559891423823147,
0.102355980973621));
#12584=CARTESIAN_POINT('Ctrl Pts',(0.000999999999999995,-0.5593348323913,
0.102883749637028));
#12585=CARTESIAN_POINT('Ctrl Pts',(-0.000200000000000209,-0.5593348323913,
0.102883749637028));
#12586=CARTESIAN_POINT('Ctrl Pts',(0.00100000000000004,-0.558752330121033,
0.103328425352896));
#12587=CARTESIAN_POINT('Ctrl Pts',(-0.000200000000000165,-0.558752330121033,
0.103328425352896));
#12588=CARTESIAN_POINT('Ctrl Pts',(0.000999999999999951,-0.558157732663978,
0.103705059392803));
#12589=CARTESIAN_POINT('Ctrl Pts',(-0.000200000000000252,-0.558157732663978,
0.103705059392803));
#12590=CARTESIAN_POINT('Ctrl Pts',(0.000999999999999951,-0.55752870083501,
0.103966616789511));
#12591=CARTESIAN_POINT('Ctrl Pts',(-0.000200000000000252,-0.55752870083501,
0.103966616789511));
#12592=CARTESIAN_POINT('Ctrl Pts',(0.000999999999999951,-0.556888756845949,
0.10416545232767));
#12593=CARTESIAN_POINT('Ctrl Pts',(-0.000200000000000252,-0.556888756845949,
0.10416545232767));
#12594=CARTESIAN_POINT('Ctrl Pts',(0.000999999999999995,-0.556228145051298,
0.104265526141761));
#12595=CARTESIAN_POINT('Ctrl Pts',(-0.000200000000000209,-0.556228145051298,
0.104265526141761));
#12596=CARTESIAN_POINT('Ctrl Pts',(0.000999999999999951,-0.555546845952222,
0.10428513872991));
#12597=CARTESIAN_POINT('Ctrl Pts',(-0.000200000000000252,-0.555546845952222,
0.10428513872991));
#12598=CARTESIAN_POINT('Ctrl Pts',(0.000999999999999951,-0.555092520687197,
0.104226354942656));
#12599=CARTESIAN_POINT('Ctrl Pts',(-0.000200000000000252,-0.555092520687197,
0.104226354942656));
#12600=CARTESIAN_POINT('Ctrl Pts',(0.000999999999999995,-0.554860859515299,
0.104196380996472));
#12601=CARTESIAN_POINT('Ctrl Pts',(-0.000200000000000209,-0.554860859515299,
0.104196380996472));
#12602=CARTESIAN_POINT('',(0.000999999999999995,-0.554860859515299,0.104196380996472));
#12603=CARTESIAN_POINT('Ctrl Pts',(0.000999999999999995,-0.562740606350742,
0.0958182164395102));
#12604=CARTESIAN_POINT('Ctrl Pts',(0.000999999999999995,-0.562682145366988,
0.0961620362888909));
#12605=CARTESIAN_POINT('Ctrl Pts',(0.000999999999999995,-0.562567589516161,
0.0968357604181778));
#12606=CARTESIAN_POINT('Ctrl Pts',(0.00100000000000013,-0.562318848263019,
0.0978036951751617));
#12607=CARTESIAN_POINT('Ctrl Pts',(0.000999999999999995,-0.562033261125123,
0.0987157479820443));
#12608=CARTESIAN_POINT('Ctrl Pts',(0.000999999999999951,-0.561705747126943,
0.0995667254779482));
#12609=CARTESIAN_POINT('Ctrl Pts',(0.000999999999999995,-0.561323811102636,
0.100359094361041));
#12610=CARTESIAN_POINT('Ctrl Pts',(0.000999999999999995,-0.560887872683058,
0.10108407950504));
#12611=CARTESIAN_POINT('Ctrl Pts',(0.00099999999999982,-0.560413576496065,
0.10175464788683));
#12612=CARTESIAN_POINT('Ctrl Pts',(0.00100000000000013,-0.559891423823147,
0.102355980973621));
#12613=CARTESIAN_POINT('Ctrl Pts',(0.000999999999999995,-0.5593348323913,
0.102883749637028));
#12614=CARTESIAN_POINT('Ctrl Pts',(0.00100000000000004,-0.558752330121033,
0.103328425352896));
#12615=CARTESIAN_POINT('Ctrl Pts',(0.000999999999999951,-0.558157732663978,
0.103705059392803));
#12616=CARTESIAN_POINT('Ctrl Pts',(0.000999999999999951,-0.55752870083501,
0.103966616789511));
#12617=CARTESIAN_POINT('Ctrl Pts',(0.000999999999999951,-0.556888756845949,
0.10416545232767));
#12618=CARTESIAN_POINT('Ctrl Pts',(0.000999999999999995,-0.556228145051298,
0.104265526141761));
#12619=CARTESIAN_POINT('Ctrl Pts',(0.000999999999999951,-0.555546845952222,
0.10428513872991));
#12620=CARTESIAN_POINT('Ctrl Pts',(0.000999999999999951,-0.555092520687197,
0.104226354942656));
#12621=CARTESIAN_POINT('Ctrl Pts',(0.000999999999999995,-0.554860859515299,
0.104196380996472));
#12622=CARTESIAN_POINT('',(0.000999999999999995,-0.554860859515299,0.104196380996472));
#12623=CARTESIAN_POINT('Ctrl Pts',(0.000999999999999995,-0.554860859515299,
0.104196380996472));
#12624=CARTESIAN_POINT('Ctrl Pts',(-0.000200000000000104,-0.554860859515299,
0.104196380996472));
#12625=CARTESIAN_POINT('Ctrl Pts',(0.000999999999999995,-0.55446744447524,
0.104118853163277));
#12626=CARTESIAN_POINT('Ctrl Pts',(-0.000200000000000104,-0.55446744447524,
0.104118853163277));
#12627=CARTESIAN_POINT('Ctrl Pts',(0.000999999999999995,-0.553717063636346,
0.10397098032013));
#12628=CARTESIAN_POINT('Ctrl Pts',(-0.000200000000000104,-0.553717063636346,
0.10397098032013));
#12629=CARTESIAN_POINT('Ctrl Pts',(0.000999999999999995,-0.552685850334919,
0.103567454063125));
#12630=CARTESIAN_POINT('Ctrl Pts',(-0.000200000000000104,-0.552685850334919,
0.103567454063125));
#12631=CARTESIAN_POINT('Ctrl Pts',(0.000999999999999951,-0.551819944772319,
0.103010719410576));
#12632=CARTESIAN_POINT('Ctrl Pts',(-0.000200000000000148,-0.551819944772319,
0.103010719410576));
#12633=CARTESIAN_POINT('Ctrl Pts',(0.000999999999999995,-0.551219525425589,
0.102432677025888));
#12634=CARTESIAN_POINT('Ctrl Pts',(-0.000200000000000104,-0.551219525425589,
0.102432677025888));
#12635=CARTESIAN_POINT('Ctrl Pts',(0.000999999999999951,-0.550828691221926,
0.101890949692028));
#12636=CARTESIAN_POINT('Ctrl Pts',(-0.000200000000000148,-0.550828691221926,
0.101890949692028));
#12637=CARTESIAN_POINT('Ctrl Pts',(0.000999999999999995,-0.550565611799397,
0.101427010344979));
#12638=CARTESIAN_POINT('Ctrl Pts',(-0.000200000000000104,-0.550565611799397,
0.101427010344979));
#12639=CARTESIAN_POINT('Ctrl Pts',(0.000999999999999995,-0.550339285231508,
0.100903434733102));
#12640=CARTESIAN_POINT('Ctrl Pts',(-0.000200000000000104,-0.550339285231508,
0.100903434733102));
#12641=CARTESIAN_POINT('Ctrl Pts',(0.000999999999999995,-0.550141285600376,
0.100323956791512));
#12642=CARTESIAN_POINT('Ctrl Pts',(-0.000200000000000104,-0.550141285600376,
0.100323956791512));
#12643=CARTESIAN_POINT('Ctrl Pts',(0.000999999999999951,-0.549979471884424,
0.0996879670159517));
#12644=CARTESIAN_POINT('Ctrl Pts',(-0.000200000000000148,-0.549979471884424,
0.0996879670159517));
#12645=CARTESIAN_POINT('Ctrl Pts',(0.00100000000000013,-0.5498327167539,
0.099000368484462));
#12646=CARTESIAN_POINT('Ctrl Pts',(-0.000199999999999973,-0.5498327167539,
0.099000368484462));
#12647=CARTESIAN_POINT('Ctrl Pts',(0.000999999999999951,-0.549734944581765,
0.0982512832859025));
#12648=CARTESIAN_POINT('Ctrl Pts',(-0.000200000000000148,-0.549734944581765,
0.0982512832859025));
#12649=CARTESIAN_POINT('Ctrl Pts',(0.000999999999999995,-0.549687638037722,
0.0977329329842381));
#12650=CARTESIAN_POINT('Ctrl Pts',(-0.000200000000000104,-0.549687638037722,
0.0977329329842381));
#12651=CARTESIAN_POINT('Ctrl Pts',(0.000999999999999995,-0.549663074705172,
0.0974637860597634));
#12652=CARTESIAN_POINT('Ctrl Pts',(-0.000200000000000104,-0.549663074705172,
0.0974637860597634));
#12653=CARTESIAN_POINT('',(0.000999999999999995,-0.549663074705172,0.0974637860597634));
#12654=CARTESIAN_POINT('Ctrl Pts',(0.000999999999999995,-0.554860859515299,
0.104196380996472));
#12655=CARTESIAN_POINT('Ctrl Pts',(0.000999999999999995,-0.55446744447524,
0.104118853163277));
#12656=CARTESIAN_POINT('Ctrl Pts',(0.000999999999999995,-0.553717063636346,
0.10397098032013));
#12657=CARTESIAN_POINT('Ctrl Pts',(0.000999999999999995,-0.552685850334919,
0.103567454063125));
#12658=CARTESIAN_POINT('Ctrl Pts',(0.000999999999999951,-0.551819944772319,
0.103010719410576));
#12659=CARTESIAN_POINT('Ctrl Pts',(0.000999999999999995,-0.551219525425589,
0.102432677025888));
#12660=CARTESIAN_POINT('Ctrl Pts',(0.000999999999999951,-0.550828691221926,
0.101890949692028));
#12661=CARTESIAN_POINT('Ctrl Pts',(0.000999999999999995,-0.550565611799397,
0.101427010344979));
#12662=CARTESIAN_POINT('Ctrl Pts',(0.000999999999999995,-0.550339285231508,
0.100903434733102));
#12663=CARTESIAN_POINT('Ctrl Pts',(0.000999999999999995,-0.550141285600376,
0.100323956791512));
#12664=CARTESIAN_POINT('Ctrl Pts',(0.000999999999999951,-0.549979471884424,
0.0996879670159517));
#12665=CARTESIAN_POINT('Ctrl Pts',(0.00100000000000013,-0.5498327167539,
0.099000368484462));
#12666=CARTESIAN_POINT('Ctrl Pts',(0.000999999999999951,-0.549734944581765,
0.0982512832859025));
#12667=CARTESIAN_POINT('Ctrl Pts',(0.000999999999999995,-0.549687638037722,
0.0977329329842381));
#12668=CARTESIAN_POINT('Ctrl Pts',(0.000999999999999995,-0.549663074705172,
0.0974637860597634));
#12669=CARTESIAN_POINT('',(0.000999999999999995,-0.549663074705172,0.0974637860597634));
#12670=CARTESIAN_POINT('Ctrl Pts',(0.000999999999999995,-0.549663074705172,
0.0974637860597634));
#12671=CARTESIAN_POINT('Ctrl Pts',(-0.000200000000000104,-0.549663074705172,
0.0974637860597634));
#12672=CARTESIAN_POINT('Ctrl Pts',(0.00100000000000004,-0.549646948226721,
0.097139435911344));
#12673=CARTESIAN_POINT('Ctrl Pts',(-0.00020000000000006,-0.549646948226721,
0.097139435911344));
#12674=CARTESIAN_POINT('Ctrl Pts',(0.000999999999999995,-0.549611686345243,
0.0964302174341031));
#12675=CARTESIAN_POINT('Ctrl Pts',(-0.000200000000000104,-0.549611686345243,
0.0964302174341031));
#12676=CARTESIAN_POINT('Ctrl Pts',(0.000999999999999951,-0.549561263028679,
0.095272722188623));
#12677=CARTESIAN_POINT('Ctrl Pts',(-0.000200000000000148,-0.549561263028679,
0.095272722188623));
#12678=CARTESIAN_POINT('Ctrl Pts',(0.000999999999999995,-0.549534005845662,
0.0939327413235871));
#12679=CARTESIAN_POINT('Ctrl Pts',(-0.000200000000000104,-0.549534005845662,
0.0939327413235871));
#12680=CARTESIAN_POINT('Ctrl Pts',(0.000999999999999951,-0.549513211178053,
0.0924611205786732));
#12681=CARTESIAN_POINT('Ctrl Pts',(-0.000200000000000148,-0.549513211178053,
0.0924611205786732));
#12682=CARTESIAN_POINT('Ctrl Pts',(0.00100000000000013,-0.54948839345399,
0.0909601660617124));
#12683=CARTESIAN_POINT('Ctrl Pts',(-0.000199999999999973,-0.54948839345399,
0.0909601660617124));
#12684=CARTESIAN_POINT('Ctrl Pts',(0.000999999999999995,-0.549429336043413,
0.0895282774091617));
#12685=CARTESIAN_POINT('Ctrl Pts',(-0.000200000000000104,-0.549429336043413,
0.0895282774091617));
#12686=CARTESIAN_POINT('Ctrl Pts',(0.000999999999999951,-0.549364639044818,
0.0882141509660693));
#12687=CARTESIAN_POINT('Ctrl Pts',(-0.000200000000000148,-0.549364639044818,
0.0882141509660693));
#12688=CARTESIAN_POINT('Ctrl Pts',(0.000999999999999951,-0.549293506725247,
0.0873792421229083));
#12689=CARTESIAN_POINT('Ctrl Pts',(-0.000200000000000148,-0.549293506725247,
0.0873792421229083));
#12690=CARTESIAN_POINT('Ctrl Pts',(0.000999999999999951,-0.549259593692514,
0.0869811911230545));
#12691=CARTESIAN_POINT('Ctrl Pts',(-0.000200000000000148,-0.549259593692514,
0.0869811911230545));
#12692=CARTESIAN_POINT('Ctrl Pts',(0.000999999999999995,-0.549663074705172,
0.0974637860597634));
#12693=CARTESIAN_POINT('Ctrl Pts',(0.00100000000000004,-0.549646948226721,
0.097139435911344));
#12694=CARTESIAN_POINT('Ctrl Pts',(0.000999999999999995,-0.549611686345243,
0.0964302174341031));
#12695=CARTESIAN_POINT('Ctrl Pts',(0.000999999999999951,-0.549561263028679,
0.095272722188623));
#12696=CARTESIAN_POINT('Ctrl Pts',(0.000999999999999995,-0.549534005845662,
0.0939327413235871));
#12697=CARTESIAN_POINT('Ctrl Pts',(0.000999999999999951,-0.549513211178053,
0.0924611205786732));
#12698=CARTESIAN_POINT('Ctrl Pts',(0.00100000000000013,-0.54948839345399,
0.0909601660617124));
#12699=CARTESIAN_POINT('Ctrl Pts',(0.000999999999999995,-0.549429336043413,
0.0895282774091617));
#12700=CARTESIAN_POINT('Ctrl Pts',(0.000999999999999951,-0.549364639044818,
0.0882141509660693));
#12701=CARTESIAN_POINT('Ctrl Pts',(0.000999999999999951,-0.549293506725247,
0.0873792421229083));
#12702=CARTESIAN_POINT('Ctrl Pts',(0.000999999999999951,-0.549259593692514,
0.0869811911230545));
#12703=CARTESIAN_POINT('Origin',(0.000999999999999995,-0.546854468887784,
0.0799337905960001));
#12704=UNCERTAINTY_MEASURE_WITH_UNIT(LENGTH_MEASURE(0.000393700787401575),
#12709,'DISTANCE_ACCURACY_VALUE',
'Maximum model space distance between geometric entities at asserted c
onnectivities');
#12705=UNCERTAINTY_MEASURE_WITH_UNIT(LENGTH_MEASURE(0.000393700787401575),
#12709,'DISTANCE_ACCURACY_VALUE',
'Maximum model space distance between geometric entities at asserted c
onnectivities');
#12706=(
GEOMETRIC_REPRESENTATION_CONTEXT(3)
GLOBAL_UNCERTAINTY_ASSIGNED_CONTEXT((#12704))
GLOBAL_UNIT_ASSIGNED_CONTEXT((#12709,#12713,#12714))
REPRESENTATION_CONTEXT('','3D')
);
#12707=(
GEOMETRIC_REPRESENTATION_CONTEXT(3)
GLOBAL_UNCERTAINTY_ASSIGNED_CONTEXT((#12705))
GLOBAL_UNIT_ASSIGNED_CONTEXT((#12709,#12713,#12714))
REPRESENTATION_CONTEXT('','3D')
);
#12708=DIMENSIONAL_EXPONENTS(1.,0.,0.,0.,0.,0.,0.);
#12709=(
CONVERSION_BASED_UNIT('inch',#12712)
LENGTH_UNIT()
NAMED_UNIT(#12708)
);
#12710=(
LENGTH_UNIT()
NAMED_UNIT(*)
SI_UNIT(.MILLI.,.METRE.)
);
#12711=(
LENGTH_UNIT()
NAMED_UNIT(*)
SI_UNIT($,.METRE.)
);
#12712=LENGTH_MEASURE_WITH_UNIT(LENGTH_MEASURE(25.4),#12710);
#12713=(
NAMED_UNIT(*)
PLANE_ANGLE_UNIT()
SI_UNIT($,.RADIAN.)
);
#12714=(
NAMED_UNIT(*)
SI_UNIT($,.STERADIAN.)
SOLID_ANGLE_UNIT()
);
#12715=SHAPE_DEFINITION_REPRESENTATION(#12716,#12717);
#12716=PRODUCT_DEFINITION_SHAPE('',$,#12719);
#12717=SHAPE_REPRESENTATION('',(#5628),#12706);
#12718=PRODUCT_DEFINITION_CONTEXT('part definition',#12723,'design');
#12719=PRODUCT_DEFINITION('0823-E0W','(Unsaved)',#12720,#12718);
#12720=PRODUCT_DEFINITION_FORMATION('',$,#12725);
#12721=PRODUCT_RELATED_PRODUCT_CATEGORY('(Unsaved)','(Unsaved)',(#12725));
#12722=APPLICATION_PROTOCOL_DEFINITION('international standard',
'automotive_design',2009,#12723);
#12723=APPLICATION_CONTEXT(
'Core Data for Automotive Mechanical Design Process');
#12724=PRODUCT_CONTEXT('part definition',#12723,'mechanical');
#12725=PRODUCT('0823-E0W','(Unsaved)','STEP AP214',(#12724));
#12726=PRESENTATION_STYLE_ASSIGNMENT((#12730));
#12727=PRESENTATION_STYLE_ASSIGNMENT((#12731));
#12728=PRESENTATION_STYLE_ASSIGNMENT((#12732));
#12729=PRESENTATION_STYLE_ASSIGNMENT((#12733));
#12730=SURFACE_STYLE_USAGE(.BOTH.,#12734);
#12731=SURFACE_STYLE_USAGE(.BOTH.,#12735);
#12732=SURFACE_STYLE_USAGE(.BOTH.,#12736);
#12733=SURFACE_STYLE_USAGE(.BOTH.,#12737);
#12734=SURFACE_SIDE_STYLE('',(#12738));
#12735=SURFACE_SIDE_STYLE('',(#12739));
#12736=SURFACE_SIDE_STYLE('',(#12740));
#12737=SURFACE_SIDE_STYLE('',(#12741));
#12738=SURFACE_STYLE_FILL_AREA(#12742);
#12739=SURFACE_STYLE_FILL_AREA(#12743);
#12740=SURFACE_STYLE_FILL_AREA(#12744);
#12741=SURFACE_STYLE_FILL_AREA(#12745);
#12742=FILL_AREA_STYLE('Steel - Satin',(#12746));
#12743=FILL_AREA_STYLE('Opaque(202,209,238)',(#12747));
#12744=FILL_AREA_STYLE('Opaque(64,64,64)',(#12748));
#12745=FILL_AREA_STYLE('Opaque(255,255,255)',(#12749));
#12746=FILL_AREA_STYLE_COLOUR('Steel - Satin',#12750);
#12747=FILL_AREA_STYLE_COLOUR('Opaque(202,209,238)',#12751);
#12748=FILL_AREA_STYLE_COLOUR('Opaque(64,64,64)',#12752);
#12749=FILL_AREA_STYLE_COLOUR('Opaque(255,255,255)',#12753);
#12750=COLOUR_RGB('Steel - Satin',0.627450980392157,0.627450980392157,0.627450980392157);
#12751=COLOUR_RGB('Opaque(202,209,238)',0.792156862745098,0.819607843137255,
0.933333333333333);
#12752=COLOUR_RGB('Opaque(64,64,64)',0.250980392156863,0.250980392156863,
0.250980392156863);
#12753=COLOUR_RGB('Opaque(255,255,255)',1.,1.,1.);
ENDSEC;
END-ISO-10303-21;
