ISO-10303-21;
HEADER;
/* Generated by software containing ST-Developer
 * from STEP Tools, Inc. (www.steptools.com) 
 */

FILE_DESCRIPTION(
/* description */ ('STEP AP203'),
/* implementation_level */ '2;1');

FILE_NAME(
/* name */ 'lens-mounted-ac254-040-c-ml.step',
/* time_stamp */ '2026-08-15T06:22:25-05:00',
/* author */ (''),
/* organization */ (''),
/* preprocessor_version */ 'ST-DEVELOPER v20.1',
/* originating_system */ 'Autodesk Translation Framework v15.8.0.0',
/* authorisation */ '');

FILE_SCHEMA (('AUTOMOTIVE_DESIGN { 1 0 10303 214 3 1 1 }'));
ENDSEC;

DATA;
#10=MECHANICAL_DESIGN_GEOMETRIC_PRESENTATION_REPRESENTATION('',(#47,#48,
#49,#50),#3304);
#11=SHAPE_REPRESENTATION_RELATIONSHIP('SRR','None',#3314,#12);
#12=ADVANCED_BREP_SHAPE_REPRESENTATION('',(#51,#52,#53,#54),#3303);
#13=(
BOUNDED_CURVE()
B_SPLINE_CURVE(2,(#2693,#2694,#2695,#2696,#2697,#2698,#2699,#2700,#2701),
 .UNSPECIFIED.,.F.,.F.)
B_SPLINE_CURVE_WITH_KNOTS((3,2,2,2,3),(0.156852754135334,0.166666666666667,
0.1875,0.208333333333333,0.218147245864666),.UNSPECIFIED.)
CURVE()
GEOMETRIC_REPRESENTATION_ITEM()
RATIONAL_B_SPLINE_CURVE((0.933236994688051,0.936888881503354,1.,0.866025403784439,
1.,0.866025403784439,1.,0.936888881503354,0.933236994688051))
REPRESENTATION_ITEM('')
);
#14=(
BOUNDED_CURVE()
B_SPLINE_CURVE(2,(#2896,#2897,#2898,#2899,#2900,#2901,#2902,#2903,#2904),
 .UNSPECIFIED.,.F.,.F.)
B_SPLINE_CURVE_WITH_KNOTS((3,2,2,2,3),(0.156852754135334,0.166666666666667,
0.1875,0.208333333333333,0.218147245864666),.UNSPECIFIED.)
CURVE()
GEOMETRIC_REPRESENTATION_ITEM()
RATIONAL_B_SPLINE_CURVE((0.933236994688051,0.936888881503354,1.,0.866025403784439,
1.,0.866025403784439,1.,0.936888881503354,0.933236994688051))
REPRESENTATION_ITEM('')
);
#15=(
BOUNDED_CURVE()
B_SPLINE_CURVE(2,(#2908,#2909,#2910,#2911,#2912),.UNSPECIFIED.,.F.,.F.)
B_SPLINE_CURVE_WITH_KNOTS((3,2,3),(0.132891094553859,0.145833333333333,
0.155647245864666),.UNSPECIFIED.)
CURVE()
GEOMETRIC_REPRESENTATION_ITEM()
RATIONAL_B_SPLINE_CURVE((0.936950509322726,0.916771301698937,1.,0.936888881503354,
0.933236994688051))
REPRESENTATION_ITEM('')
);
#16=(
BOUNDED_SURFACE()
B_SPLINE_SURFACE(1,2,((#2111,#2112,#2113,#2114,#2115,#2116,#2117,#2118,
#2119,#2120,#2121,#2122,#2123,#2124,#2125,#2126,#2127,#2128,#2129,#2130,
#2131,#2132,#2133,#2134,#2135,#2136,#2137,#2138,#2139,#2140,#2141,#2142,
#2143,#2144,#2145,#2146,#2147,#2148,#2149,#2150,#2151,#2152,#2153,#2154,
#2155,#2156,#2157,#2158,#2159,#2160,#2161,#2162,#2163,#2164,#2165,#2166,
#2167,#2168,#2169,#2170,#2171,#2172,#2173,#2174,#2175,#2176,#2177,#2178,
#2179,#2180,#2181,#2182,#2183,#2184,#2185,#2186,#2187,#2188,#2189,#2190,
#2191,#2192,#2193,#2194,#2195,#2196,#2197,#2198,#2199,#2200,#2201,#2202,
#2203,#2204,#2205,#2206,#2207),(#2208,#2209,#2210,#2211,#2212,#2213,#2214,
#2215,#2216,#2217,#2218,#2219,#2220,#2221,#2222,#2223,#2224,#2225,#2226,
#2227,#2228,#2229,#2230,#2231,#2232,#2233,#2234,#2235,#2236,#2237,#2238,
#2239,#2240,#2241,#2242,#2243,#2244,#2245,#2246,#2247,#2248,#2249,#2250,
#2251,#2252,#2253,#2254,#2255,#2256,#2257,#2258,#2259,#2260,#2261,#2262,
#2263,#2264,#2265,#2266,#2267,#2268,#2269,#2270,#2271,#2272,#2273,#2274,
#2275,#2276,#2277,#2278,#2279,#2280,#2281,#2282,#2283,#2284,#2285,#2286,
#2287,#2288,#2289,#2290,#2291,#2292,#2293,#2294,#2295,#2296,#2297,#2298,
#2299,#2300,#2301,#2302,#2303,#2304)),.UNSPECIFIED.,.F.,.F.,.F.)
B_SPLINE_SURFACE_WITH_KNOTS((2,2),(3,2,2,2,2,2,2,2,2,2,2,2,2,2,2,2,2,2,
2,2,2,2,2,2,2,2,2,2,2,2,2,2,2,2,2,2,2,2,2,2,2,2,2,2,2,2,2,2,3),(0.,1.00008276599304),
(0.,0.0208333333333333,0.0416666666666667,0.0625,0.0833333333333333,0.104166666666667,
0.125,0.145833333333333,0.166666666666667,0.1875,0.208333333333333,0.229166666666667,
0.25,0.270833333333333,0.291666666666667,0.3125,0.333333333333333,0.354166666666667,
0.375,0.395833333333333,0.416666666666667,0.4375,0.458333333333333,0.479166666666667,
0.5,0.520833333333333,0.541666666666667,0.5625,0.583333333333333,0.604166666666667,
0.625,0.645833333333333,0.666666666666667,0.6875,0.708333333333333,0.729166666666667,
0.75,0.770833333333333,0.791666666666667,0.8125,0.833333333333333,0.854166666666667,
0.875,0.895833333333333,0.916666666666667,0.9375,0.958333333333333,0.979166666666667,
1.),.UNSPECIFIED.)
GEOMETRIC_REPRESENTATION_ITEM()
RATIONAL_B_SPLINE_SURFACE(((1.,0.866025403784439,1.,0.866025403784439,1.,
0.866025403784439,1.,0.866025403784439,1.,0.866025403784439,1.,0.866025403784439,
1.,0.866025403784439,1.,0.866025403784439,1.,0.866025403784439,1.,0.866025403784439,
1.,0.866025403784439,1.,0.866025403784439,1.,0.866025403784439,1.,0.866025403784439,
1.,0.866025403784439,1.,0.866025403784439,1.,0.866025403784439,1.,0.866025403784439,
1.,0.866025403784439,1.,0.866025403784439,1.,0.866025403784439,1.,0.866025403784439,
1.,0.866025403784439,1.,0.866025403784439,1.,0.866025403784439,1.,0.866025403784439,
1.,0.866025403784439,1.,0.866025403784439,1.,0.866025403784439,1.,0.866025403784439,
1.,0.866025403784439,1.,0.866025403784439,1.,0.866025403784439,1.,0.866025403784439,
1.,0.866025403784439,1.,0.866025403784439,1.,0.866025403784439,1.,0.866025403784439,
1.,0.866025403784439,1.,0.866025403784439,1.,0.866025403784439,1.,0.866025403784439,
1.,0.866025403784439,1.,0.866025403784439,1.,0.866025403784439,1.,0.866025403784439,
1.,0.866025403784439,1.,0.866025403784439,1.),(1.,0.866025403784439,1.,
0.866025403784439,1.,0.866025403784439,1.,0.866025403784439,1.,0.866025403784439,
1.,0.866025403784439,1.,0.866025403784439,1.,0.866025403784439,1.,0.866025403784439,
1.,0.866025403784439,1.,0.866025403784439,1.,0.866025403784439,1.,0.866025403784439,
1.,0.866025403784439,1.,0.866025403784439,1.,0.866025403784439,1.,0.866025403784439,
1.,0.866025403784439,1.,0.866025403784439,1.,0.866025403784439,1.,0.866025403784439,
1.,0.866025403784439,1.,0.866025403784439,1.,0.866025403784439,1.,0.866025403784439,
1.,0.866025403784439,1.,0.866025403784439,1.,0.866025403784439,1.,0.866025403784439,
1.,0.866025403784439,1.,0.866025403784439,1.,0.866025403784439,1.,0.866025403784439,
1.,0.866025403784439,1.,0.866025403784439,1.,0.866025403784439,1.,0.866025403784439,
1.,0.866025403784439,1.,0.866025403784439,1.,0.866025403784439,1.,0.866025403784439,
1.,0.866025403784439,1.,0.866025403784439,1.,0.866025403784439,1.,0.866025403784439,
1.,0.866025403784439,1.,0.866025403784439,1.,0.866025403784439,1.)))
REPRESENTATION_ITEM('')
SURFACE()
);
#17=(
BOUNDED_SURFACE()
B_SPLINE_SURFACE(1,2,((#2305,#2306,#2307,#2308,#2309,#2310,#2311,#2312,
#2313,#2314,#2315,#2316,#2317,#2318,#2319,#2320,#2321,#2322,#2323,#2324,
#2325,#2326,#2327,#2328,#2329,#2330,#2331,#2332,#2333,#2334,#2335,#2336,
#2337,#2338,#2339,#2340,#2341,#2342,#2343,#2344,#2345,#2346,#2347,#2348,
#2349,#2350,#2351,#2352,#2353,#2354,#2355,#2356,#2357,#2358,#2359,#2360,
#2361,#2362,#2363,#2364,#2365,#2366,#2367,#2368,#2369,#2370,#2371,#2372,
#2373,#2374,#2375,#2376,#2377,#2378,#2379,#2380,#2381,#2382,#2383,#2384,
#2385,#2386,#2387,#2388,#2389,#2390,#2391,#2392,#2393,#2394,#2395,#2396,
#2397,#2398,#2399,#2400,#2401),(#2402,#2403,#2404,#2405,#2406,#2407,#2408,
#2409,#2410,#2411,#2412,#2413,#2414,#2415,#2416,#2417,#2418,#2419,#2420,
#2421,#2422,#2423,#2424,#2425,#2426,#2427,#2428,#2429,#2430,#2431,#2432,
#2433,#2434,#2435,#2436,#2437,#2438,#2439,#2440,#2441,#2442,#2443,#2444,
#2445,#2446,#2447,#2448,#2449,#2450,#2451,#2452,#2453,#2454,#2455,#2456,
#2457,#2458,#2459,#2460,#2461,#2462,#2463,#2464,#2465,#2466,#2467,#2468,
#2469,#2470,#2471,#2472,#2473,#2474,#2475,#2476,#2477,#2478,#2479,#2480,
#2481,#2482,#2483,#2484,#2485,#2486,#2487,#2488,#2489,#2490,#2491,#2492,
#2493,#2494,#2495,#2496,#2497,#2498)),.UNSPECIFIED.,.F.,.F.,.F.)
B_SPLINE_SURFACE_WITH_KNOTS((2,2),(3,2,2,2,2,2,2,2,2,2,2,2,2,2,2,2,2,2,
2,2,2,2,2,2,2,2,2,2,2,2,2,2,2,2,2,2,2,2,2,2,2,2,2,2,2,2,2,2,3),(-7.18844521103254E-5,
1.),(0.,0.0208333333333333,0.0416666666666667,0.0625,0.0833333333333333,
0.104166666666667,0.125,0.145833333333333,0.166666666666667,0.1875,0.208333333333333,
0.229166666666667,0.25,0.270833333333333,0.291666666666667,0.3125,0.333333333333333,
0.354166666666667,0.375,0.395833333333333,0.416666666666667,0.4375,0.458333333333333,
0.479166666666667,0.5,0.520833333333333,0.541666666666667,0.5625,0.583333333333333,
0.604166666666667,0.625,0.645833333333333,0.666666666666667,0.6875,0.708333333333333,
0.729166666666667,0.75,0.770833333333333,0.791666666666667,0.8125,0.833333333333333,
0.854166666666667,0.875,0.895833333333333,0.916666666666667,0.9375,0.958333333333333,
0.979166666666667,1.),.UNSPECIFIED.)
GEOMETRIC_REPRESENTATION_ITEM()
RATIONAL_B_SPLINE_SURFACE(((1.,0.866025403784439,1.,0.866025403784439,1.,
0.866025403784439,1.,0.866025403784439,1.,0.866025403784439,1.,0.866025403784439,
1.,0.866025403784439,1.,0.866025403784439,1.,0.866025403784439,1.,0.866025403784439,
1.,0.866025403784439,1.,0.866025403784439,1.,0.866025403784439,1.,0.866025403784439,
1.,0.866025403784439,1.,0.866025403784439,1.,0.866025403784439,1.,0.866025403784439,
1.,0.866025403784439,1.,0.866025403784439,1.,0.866025403784439,1.,0.866025403784439,
1.,0.866025403784439,1.,0.866025403784439,1.,0.866025403784439,1.,0.866025403784439,
1.,0.866025403784439,1.,0.866025403784439,1.,0.866025403784439,1.,0.866025403784439,
1.,0.866025403784439,1.,0.866025403784439,1.,0.866025403784439,1.,0.866025403784439,
1.,0.866025403784439,1.,0.866025403784439,1.,0.866025403784439,1.,0.866025403784439,
1.,0.866025403784439,1.,0.866025403784439,1.,0.866025403784439,1.,0.866025403784439,
1.,0.866025403784439,1.,0.866025403784439,1.,0.866025403784439,1.,0.866025403784439,
1.,0.866025403784439,1.,0.866025403784439,1.),(1.,0.866025403784439,1.,
0.866025403784439,1.,0.866025403784439,1.,0.866025403784439,1.,0.866025403784439,
1.,0.866025403784439,1.,0.866025403784439,1.,0.866025403784439,1.,0.866025403784439,
1.,0.866025403784439,1.,0.866025403784439,1.,0.866025403784439,1.,0.866025403784439,
1.,0.866025403784439,1.,0.866025403784439,1.,0.866025403784439,1.,0.866025403784439,
1.,0.866025403784439,1.,0.866025403784439,1.,0.866025403784439,1.,0.866025403784439,
1.,0.866025403784439,1.,0.866025403784439,1.,0.866025403784439,1.,0.866025403784439,
1.,0.866025403784439,1.,0.866025403784439,1.,0.866025403784439,1.,0.866025403784439,
1.,0.866025403784439,1.,0.866025403784439,1.,0.866025403784439,1.,0.866025403784439,
1.,0.866025403784439,1.,0.866025403784439,1.,0.866025403784439,1.,0.866025403784439,
1.,0.866025403784439,1.,0.866025403784439,1.,0.866025403784439,1.,0.866025403784439,
1.,0.866025403784439,1.,0.866025403784439,1.,0.866025403784439,1.,0.866025403784439,
1.,0.866025403784439,1.,0.866025403784439,1.,0.866025403784439,1.)))
REPRESENTATION_ITEM('')
SURFACE()
);
#18=(
BOUNDED_SURFACE()
B_SPLINE_SURFACE(1,2,((#2499,#2500,#2501,#2502,#2503,#2504,#2505,#2506,
#2507,#2508,#2509,#2510,#2511,#2512,#2513,#2514,#2515,#2516,#2517,#2518,
#2519,#2520,#2521,#2522,#2523,#2524,#2525,#2526,#2527,#2528,#2529,#2530,
#2531,#2532,#2533,#2534,#2535,#2536,#2537,#2538,#2539,#2540,#2541,#2542,
#2543,#2544,#2545,#2546,#2547,#2548,#2549,#2550,#2551,#2552,#2553,#2554,
#2555,#2556,#2557,#2558,#2559,#2560,#2561,#2562,#2563,#2564,#2565,#2566,
#2567,#2568,#2569,#2570,#2571,#2572,#2573,#2574,#2575,#2576,#2577,#2578,
#2579,#2580,#2581,#2582,#2583,#2584,#2585,#2586,#2587,#2588,#2589,#2590,
#2591,#2592,#2593,#2594,#2595),(#2596,#2597,#2598,#2599,#2600,#2601,#2602,
#2603,#2604,#2605,#2606,#2607,#2608,#2609,#2610,#2611,#2612,#2613,#2614,
#2615,#2616,#2617,#2618,#2619,#2620,#2621,#2622,#2623,#2624,#2625,#2626,
#2627,#2628,#2629,#2630,#2631,#2632,#2633,#2634,#2635,#2636,#2637,#2638,
#2639,#2640,#2641,#2642,#2643,#2644,#2645,#2646,#2647,#2648,#2649,#2650,
#2651,#2652,#2653,#2654,#2655,#2656,#2657,#2658,#2659,#2660,#2661,#2662,
#2663,#2664,#2665,#2666,#2667,#2668,#2669,#2670,#2671,#2672,#2673,#2674,
#2675,#2676,#2677,#2678,#2679,#2680,#2681,#2682,#2683,#2684,#2685,#2686,
#2687,#2688,#2689,#2690,#2691,#2692)),.UNSPECIFIED.,.F.,.F.,.F.)
B_SPLINE_SURFACE_WITH_KNOTS((2,2),(3,2,2,2,2,2,2,2,2,2,2,2,2,2,2,2,2,2,
2,2,2,2,2,2,2,2,2,2,2,2,2,2,2,2,2,2,2,2,2,2,2,2,2,2,2,2,2,2,3),(0.,1.00004819874358),
(0.,0.0208333333333333,0.0416666666666667,0.0625,0.0833333333333333,0.104166666666667,
0.125,0.145833333333333,0.166666666666667,0.1875,0.208333333333333,0.229166666666667,
0.25,0.270833333333333,0.291666666666667,0.3125,0.333333333333333,0.354166666666667,
0.375,0.395833333333333,0.416666666666667,0.4375,0.458333333333333,0.479166666666667,
0.5,0.520833333333333,0.541666666666667,0.5625,0.583333333333333,0.604166666666667,
0.625,0.645833333333333,0.666666666666667,0.6875,0.708333333333333,0.729166666666667,
0.75,0.770833333333333,0.791666666666667,0.8125,0.833333333333333,0.854166666666667,
0.875,0.895833333333333,0.916666666666667,0.9375,0.958333333333333,0.979166666666667,
1.),.UNSPECIFIED.)
GEOMETRIC_REPRESENTATION_ITEM()
RATIONAL_B_SPLINE_SURFACE(((1.,0.866025403784439,1.,0.866025403784439,1.,
0.866025403784439,1.,0.866025403784439,1.,0.866025403784439,1.,0.866025403784439,
1.,0.866025403784439,1.,0.866025403784439,1.,0.866025403784439,1.,0.866025403784439,
1.,0.866025403784439,1.,0.866025403784439,1.,0.866025403784439,1.,0.866025403784439,
1.,0.866025403784439,1.,0.866025403784439,1.,0.866025403784439,1.,0.866025403784439,
1.,0.866025403784439,1.,0.866025403784439,1.,0.866025403784439,1.,0.866025403784439,
1.,0.866025403784439,1.,0.866025403784439,1.,0.866025403784439,1.,0.866025403784439,
1.,0.866025403784439,1.,0.866025403784439,1.,0.866025403784439,1.,0.866025403784439,
1.,0.866025403784439,1.,0.866025403784439,1.,0.866025403784439,1.,0.866025403784439,
1.,0.866025403784439,1.,0.866025403784439,1.,0.866025403784439,1.,0.866025403784439,
1.,0.866025403784439,1.,0.866025403784439,1.,0.866025403784439,1.,0.866025403784439,
1.,0.866025403784439,1.,0.866025403784439,1.,0.866025403784439,1.,0.866025403784439,
1.,0.866025403784439,1.,0.866025403784439,1.),(1.,0.866025403784439,1.,
0.866025403784439,1.,0.866025403784439,1.,0.866025403784439,1.,0.866025403784439,
1.,0.866025403784439,1.,0.866025403784439,1.,0.866025403784439,1.,0.866025403784439,
1.,0.866025403784439,1.,0.866025403784439,1.,0.866025403784439,1.,0.866025403784439,
1.,0.866025403784439,1.,0.866025403784439,1.,0.866025403784439,1.,0.866025403784439,
1.,0.866025403784439,1.,0.866025403784439,1.,0.866025403784439,1.,0.866025403784439,
1.,0.866025403784439,1.,0.866025403784439,1.,0.866025403784439,1.,0.866025403784439,
1.,0.866025403784439,1.,0.866025403784439,1.,0.866025403784439,1.,0.866025403784439,
1.,0.866025403784439,1.,0.866025403784439,1.,0.866025403784439,1.,0.866025403784439,
1.,0.866025403784439,1.,0.866025403784439,1.,0.866025403784439,1.,0.866025403784439,
1.,0.866025403784439,1.,0.866025403784439,1.,0.866025403784439,1.,0.866025403784439,
1.,0.866025403784439,1.,0.866025403784439,1.,0.866025403784439,1.,0.866025403784439,
1.,0.866025403784439,1.,0.866025403784439,1.,0.866025403784439,1.)))
REPRESENTATION_ITEM('')
SURFACE()
);
#19=(
BOUNDED_SURFACE()
B_SPLINE_SURFACE(1,2,((#2702,#2703,#2704,#2705,#2706,#2707,#2708,#2709,
#2710,#2711,#2712,#2713,#2714,#2715,#2716,#2717,#2718,#2719,#2720,#2721,
#2722,#2723,#2724,#2725,#2726,#2727,#2728,#2729,#2730,#2731,#2732,#2733,
#2734,#2735,#2736,#2737,#2738,#2739,#2740,#2741,#2742,#2743,#2744,#2745,
#2746,#2747,#2748,#2749,#2750,#2751,#2752,#2753,#2754,#2755,#2756,#2757,
#2758,#2759,#2760,#2761,#2762,#2763,#2764,#2765,#2766,#2767,#2768,#2769,
#2770,#2771,#2772,#2773,#2774,#2775,#2776,#2777,#2778,#2779,#2780,#2781,
#2782,#2783,#2784,#2785,#2786,#2787,#2788,#2789,#2790,#2791,#2792,#2793,
#2794,#2795,#2796,#2797,#2798),(#2799,#2800,#2801,#2802,#2803,#2804,#2805,
#2806,#2807,#2808,#2809,#2810,#2811,#2812,#2813,#2814,#2815,#2816,#2817,
#2818,#2819,#2820,#2821,#2822,#2823,#2824,#2825,#2826,#2827,#2828,#2829,
#2830,#2831,#2832,#2833,#2834,#2835,#2836,#2837,#2838,#2839,#2840,#2841,
#2842,#2843,#2844,#2845,#2846,#2847,#2848,#2849,#2850,#2851,#2852,#2853,
#2854,#2855,#2856,#2857,#2858,#2859,#2860,#2861,#2862,#2863,#2864,#2865,
#2866,#2867,#2868,#2869,#2870,#2871,#2872,#2873,#2874,#2875,#2876,#2877,
#2878,#2879,#2880,#2881,#2882,#2883,#2884,#2885,#2886,#2887,#2888,#2889,
#2890,#2891,#2892,#2893,#2894,#2895)),.UNSPECIFIED.,.F.,.F.,.F.)
B_SPLINE_SURFACE_WITH_KNOTS((2,2),(3,2,2,2,2,2,2,2,2,2,2,2,2,2,2,2,2,2,
2,2,2,2,2,2,2,2,2,2,2,2,2,2,2,2,2,2,2,2,2,2,2,2,2,2,2,2,2,2,3),(0.,1.),
(0.,0.0208333333333333,0.0416666666666667,0.0625,0.0833333333333333,0.104166666666667,
0.125,0.145833333333333,0.166666666666667,0.1875,0.208333333333333,0.229166666666667,
0.25,0.270833333333333,0.291666666666667,0.3125,0.333333333333333,0.354166666666667,
0.375,0.395833333333333,0.416666666666667,0.4375,0.458333333333333,0.479166666666667,
0.5,0.520833333333333,0.541666666666667,0.5625,0.583333333333333,0.604166666666667,
0.625,0.645833333333333,0.666666666666667,0.6875,0.708333333333333,0.729166666666667,
0.75,0.770833333333333,0.791666666666667,0.8125,0.833333333333333,0.854166666666667,
0.875,0.895833333333333,0.916666666666667,0.9375,0.958333333333333,0.979166666666667,
1.),.UNSPECIFIED.)
GEOMETRIC_REPRESENTATION_ITEM()
RATIONAL_B_SPLINE_SURFACE(((1.,0.866025403784439,1.,0.866025403784439,1.,
0.866025403784439,1.,0.866025403784439,1.,0.866025403784439,1.,0.866025403784439,
1.,0.866025403784439,1.,0.866025403784439,1.,0.866025403784439,1.,0.866025403784439,
1.,0.866025403784439,1.,0.866025403784439,1.,0.866025403784439,1.,0.866025403784439,
1.,0.866025403784439,1.,0.866025403784439,1.,0.866025403784439,1.,0.866025403784439,
1.,0.866025403784439,1.,0.866025403784439,1.,0.866025403784439,1.,0.866025403784439,
1.,0.866025403784439,1.,0.866025403784439,1.,0.866025403784439,1.,0.866025403784439,
1.,0.866025403784439,1.,0.866025403784439,1.,0.866025403784439,1.,0.866025403784439,
1.,0.866025403784439,1.,0.866025403784439,1.,0.866025403784439,1.,0.866025403784439,
1.,0.866025403784439,1.,0.866025403784439,1.,0.866025403784439,1.,0.866025403784439,
1.,0.866025403784439,1.,0.866025403784439,1.,0.866025403784439,1.,0.866025403784439,
1.,0.866025403784439,1.,0.866025403784439,1.,0.866025403784439,1.,0.866025403784439,
1.,0.866025403784439,1.,0.866025403784439,1.),(1.,0.866025403784439,1.,
0.866025403784439,1.,0.866025403784439,1.,0.866025403784439,1.,0.866025403784439,
1.,0.866025403784439,1.,0.866025403784439,1.,0.866025403784439,1.,0.866025403784439,
1.,0.866025403784439,1.,0.866025403784439,1.,0.866025403784439,1.,0.866025403784439,
1.,0.866025403784439,1.,0.866025403784439,1.,0.866025403784439,1.,0.866025403784439,
1.,0.866025403784439,1.,0.866025403784439,1.,0.866025403784439,1.,0.866025403784439,
1.,0.866025403784439,1.,0.866025403784439,1.,0.866025403784439,1.,0.866025403784439,
1.,0.866025403784439,1.,0.866025403784439,1.,0.866025403784439,1.,0.866025403784439,
1.,0.866025403784439,1.,0.866025403784439,1.,0.866025403784439,1.,0.866025403784439,
1.,0.866025403784439,1.,0.866025403784439,1.,0.866025403784439,1.,0.866025403784439,
1.,0.866025403784439,1.,0.866025403784439,1.,0.866025403784439,1.,0.866025403784439,
1.,0.866025403784439,1.,0.866025403784439,1.,0.866025403784439,1.,0.866025403784439,
1.,0.866025403784439,1.,0.866025403784439,1.,0.866025403784439,1.)))
REPRESENTATION_ITEM('')
SURFACE()
);
#20=(
BOUNDED_SURFACE()
B_SPLINE_SURFACE(1,2,((#2913,#2914,#2915,#2916,#2917,#2918,#2919,#2920,
#2921,#2922,#2923,#2924,#2925,#2926,#2927,#2928,#2929,#2930,#2931,#2932,
#2933,#2934,#2935,#2936,#2937,#2938,#2939,#2940,#2941,#2942,#2943,#2944,
#2945,#2946,#2947,#2948,#2949,#2950,#2951,#2952,#2953,#2954,#2955,#2956,
#2957,#2958,#2959,#2960,#2961,#2962,#2963,#2964,#2965,#2966,#2967,#2968,
#2969,#2970,#2971,#2972,#2973,#2974,#2975,#2976,#2977,#2978,#2979,#2980,
#2981,#2982,#2983,#2984,#2985,#2986,#2987,#2988,#2989,#2990,#2991,#2992,
#2993,#2994,#2995,#2996,#2997,#2998,#2999,#3000,#3001,#3002,#3003,#3004,
#3005,#3006,#3007,#3008,#3009),(#3010,#3011,#3012,#3013,#3014,#3015,#3016,
#3017,#3018,#3019,#3020,#3021,#3022,#3023,#3024,#3025,#3026,#3027,#3028,
#3029,#3030,#3031,#3032,#3033,#3034,#3035,#3036,#3037,#3038,#3039,#3040,
#3041,#3042,#3043,#3044,#3045,#3046,#3047,#3048,#3049,#3050,#3051,#3052,
#3053,#3054,#3055,#3056,#3057,#3058,#3059,#3060,#3061,#3062,#3063,#3064,
#3065,#3066,#3067,#3068,#3069,#3070,#3071,#3072,#3073,#3074,#3075,#3076,
#3077,#3078,#3079,#3080,#3081,#3082,#3083,#3084,#3085,#3086,#3087,#3088,
#3089,#3090,#3091,#3092,#3093,#3094,#3095,#3096,#3097,#3098,#3099,#3100,
#3101,#3102,#3103,#3104,#3105,#3106)),.UNSPECIFIED.,.F.,.F.,.F.)
B_SPLINE_SURFACE_WITH_KNOTS((2,2),(3,2,2,2,2,2,2,2,2,2,2,2,2,2,2,2,2,2,
2,2,2,2,2,2,2,2,2,2,2,2,2,2,2,2,2,2,2,2,2,2,2,2,2,2,2,2,2,2,3),(0.,1.),
(0.,0.0208333333333333,0.0416666666666667,0.0625,0.0833333333333333,0.104166666666667,
0.125,0.145833333333333,0.166666666666667,0.1875,0.208333333333333,0.229166666666667,
0.25,0.270833333333333,0.291666666666667,0.3125,0.333333333333333,0.354166666666667,
0.375,0.395833333333333,0.416666666666667,0.4375,0.458333333333333,0.479166666666667,
0.5,0.520833333333333,0.541666666666667,0.5625,0.583333333333333,0.604166666666667,
0.625,0.645833333333333,0.666666666666667,0.6875,0.708333333333333,0.729166666666667,
0.75,0.770833333333333,0.791666666666667,0.8125,0.833333333333333,0.854166666666667,
0.875,0.895833333333333,0.916666666666667,0.9375,0.958333333333333,0.979166666666667,
1.),.UNSPECIFIED.)
GEOMETRIC_REPRESENTATION_ITEM()
RATIONAL_B_SPLINE_SURFACE(((1.,0.866025403784439,1.,0.866025403784439,1.,
0.866025403784439,1.,0.866025403784439,1.,0.866025403784439,1.,0.866025403784439,
1.,0.866025403784439,1.,0.866025403784439,1.,0.866025403784439,1.,0.866025403784439,
1.,0.866025403784439,1.,0.866025403784439,1.,0.866025403784439,1.,0.866025403784439,
1.,0.866025403784439,1.,0.866025403784439,1.,0.866025403784439,1.,0.866025403784439,
1.,0.866025403784439,1.,0.866025403784439,1.,0.866025403784439,1.,0.866025403784439,
1.,0.866025403784439,1.,0.866025403784439,1.,0.866025403784439,1.,0.866025403784439,
1.,0.866025403784439,1.,0.866025403784439,1.,0.866025403784439,1.,0.866025403784439,
1.,0.866025403784439,1.,0.866025403784439,1.,0.866025403784439,1.,0.866025403784439,
1.,0.866025403784439,1.,0.866025403784439,1.,0.866025403784439,1.,0.866025403784439,
1.,0.866025403784439,1.,0.866025403784439,1.,0.866025403784439,1.,0.866025403784439,
1.,0.866025403784439,1.,0.866025403784439,1.,0.866025403784439,1.,0.866025403784439,
1.,0.866025403784439,1.,0.866025403784439,1.),(1.,0.866025403784439,1.,
0.866025403784439,1.,0.866025403784439,1.,0.866025403784439,1.,0.866025403784439,
1.,0.866025403784439,1.,0.866025403784439,1.,0.866025403784439,1.,0.866025403784439,
1.,0.866025403784439,1.,0.866025403784439,1.,0.866025403784439,1.,0.866025403784439,
1.,0.866025403784439,1.,0.866025403784439,1.,0.866025403784439,1.,0.866025403784439,
1.,0.866025403784439,1.,0.866025403784439,1.,0.866025403784439,1.,0.866025403784439,
1.,0.866025403784439,1.,0.866025403784439,1.,0.866025403784439,1.,0.866025403784439,
1.,0.866025403784439,1.,0.866025403784439,1.,0.866025403784439,1.,0.866025403784439,
1.,0.866025403784439,1.,0.866025403784439,1.,0.866025403784439,1.,0.866025403784439,
1.,0.866025403784439,1.,0.866025403784439,1.,0.866025403784439,1.,0.866025403784439,
1.,0.866025403784439,1.,0.866025403784439,1.,0.866025403784439,1.,0.866025403784439,
1.,0.866025403784439,1.,0.866025403784439,1.,0.866025403784439,1.,0.866025403784439,
1.,0.866025403784439,1.,0.866025403784439,1.,0.866025403784439,1.)))
REPRESENTATION_ITEM('')
SURFACE()
);
#21=(
BOUNDED_SURFACE()
B_SPLINE_SURFACE(1,2,((#3107,#3108,#3109,#3110,#3111,#3112,#3113,#3114,
#3115,#3116,#3117,#3118,#3119,#3120,#3121,#3122,#3123,#3124,#3125,#3126,
#3127,#3128,#3129,#3130,#3131,#3132,#3133,#3134,#3135,#3136,#3137,#3138,
#3139,#3140,#3141,#3142,#3143,#3144,#3145,#3146,#3147,#3148,#3149,#3150,
#3151,#3152,#3153,#3154,#3155,#3156,#3157,#3158,#3159,#3160,#3161,#3162,
#3163,#3164,#3165,#3166,#3167,#3168,#3169,#3170,#3171,#3172,#3173,#3174,
#3175,#3176,#3177,#3178,#3179,#3180,#3181,#3182,#3183,#3184,#3185,#3186,
#3187,#3188,#3189,#3190,#3191,#3192,#3193,#3194,#3195,#3196,#3197,#3198,
#3199,#3200,#3201,#3202,#3203),(#3204,#3205,#3206,#3207,#3208,#3209,#3210,
#3211,#3212,#3213,#3214,#3215,#3216,#3217,#3218,#3219,#3220,#3221,#3222,
#3223,#3224,#3225,#3226,#3227,#3228,#3229,#3230,#3231,#3232,#3233,#3234,
#3235,#3236,#3237,#3238,#3239,#3240,#3241,#3242,#3243,#3244,#3245,#3246,
#3247,#3248,#3249,#3250,#3251,#3252,#3253,#3254,#3255,#3256,#3257,#3258,
#3259,#3260,#3261,#3262,#3263,#3264,#3265,#3266,#3267,#3268,#3269,#3270,
#3271,#3272,#3273,#3274,#3275,#3276,#3277,#3278,#3279,#3280,#3281,#3282,
#3283,#3284,#3285,#3286,#3287,#3288,#3289,#3290,#3291,#3292,#3293,#3294,
#3295,#3296,#3297,#3298,#3299,#3300)),.UNSPECIFIED.,.F.,.F.,.F.)
B_SPLINE_SURFACE_WITH_KNOTS((2,2),(3,2,2,2,2,2,2,2,2,2,2,2,2,2,2,2,2,2,
2,2,2,2,2,2,2,2,2,2,2,2,2,2,2,2,2,2,2,2,2,2,2,2,2,2,2,2,2,2,3),(0.,1.),
(0.,0.0208333333333333,0.0416666666666667,0.0625,0.0833333333333333,0.104166666666667,
0.125,0.145833333333333,0.166666666666667,0.1875,0.208333333333333,0.229166666666667,
0.25,0.270833333333333,0.291666666666667,0.3125,0.333333333333333,0.354166666666667,
0.375,0.395833333333333,0.416666666666667,0.4375,0.458333333333333,0.479166666666667,
0.5,0.520833333333333,0.541666666666667,0.5625,0.583333333333333,0.604166666666667,
0.625,0.645833333333333,0.666666666666667,0.6875,0.708333333333333,0.729166666666667,
0.75,0.770833333333333,0.791666666666667,0.8125,0.833333333333333,0.854166666666667,
0.875,0.895833333333333,0.916666666666667,0.9375,0.958333333333333,0.979166666666667,
1.),.UNSPECIFIED.)
GEOMETRIC_REPRESENTATION_ITEM()
RATIONAL_B_SPLINE_SURFACE(((1.,0.866025403784439,1.,0.866025403784439,1.,
0.866025403784439,1.,0.866025403784439,1.,0.866025403784439,1.,0.866025403784439,
1.,0.866025403784439,1.,0.866025403784439,1.,0.866025403784439,1.,0.866025403784439,
1.,0.866025403784439,1.,0.866025403784439,1.,0.866025403784439,1.,0.866025403784439,
1.,0.866025403784439,1.,0.866025403784439,1.,0.866025403784439,1.,0.866025403784439,
1.,0.866025403784439,1.,0.866025403784439,1.,0.866025403784439,1.,0.866025403784439,
1.,0.866025403784439,1.,0.866025403784439,1.,0.866025403784439,1.,0.866025403784439,
1.,0.866025403784439,1.,0.866025403784439,1.,0.866025403784439,1.,0.866025403784439,
1.,0.866025403784439,1.,0.866025403784439,1.,0.866025403784439,1.,0.866025403784439,
1.,0.866025403784439,1.,0.866025403784439,1.,0.866025403784439,1.,0.866025403784439,
1.,0.866025403784439,1.,0.866025403784439,1.,0.866025403784439,1.,0.866025403784439,
1.,0.866025403784439,1.,0.866025403784439,1.,0.866025403784439,1.,0.866025403784439,
1.,0.866025403784439,1.,0.866025403784439,1.),(1.,0.866025403784439,1.,
0.866025403784439,1.,0.866025403784439,1.,0.866025403784439,1.,0.866025403784439,
1.,0.866025403784439,1.,0.866025403784439,1.,0.866025403784439,1.,0.866025403784439,
1.,0.866025403784439,1.,0.866025403784439,1.,0.866025403784439,1.,0.866025403784439,
1.,0.866025403784439,1.,0.866025403784439,1.,0.866025403784439,1.,0.866025403784439,
1.,0.866025403784439,1.,0.866025403784439,1.,0.866025403784439,1.,0.866025403784439,
1.,0.866025403784439,1.,0.866025403784439,1.,0.866025403784439,1.,0.866025403784439,
1.,0.866025403784439,1.,0.866025403784439,1.,0.866025403784439,1.,0.866025403784439,
1.,0.866025403784439,1.,0.866025403784439,1.,0.866025403784439,1.,0.866025403784439,
1.,0.866025403784439,1.,0.866025403784439,1.,0.866025403784439,1.,0.866025403784439,
1.,0.866025403784439,1.,0.866025403784439,1.,0.866025403784439,1.,0.866025403784439,
1.,0.866025403784439,1.,0.866025403784439,1.,0.866025403784439,1.,0.866025403784439,
1.,0.866025403784439,1.,0.866025403784439,1.,0.866025403784439,1.)))
REPRESENTATION_ITEM('')
SURFACE()
);
#22=B_SPLINE_CURVE_WITH_KNOTS('',3,(#1488,#1489,#1490,#1491,#1492,#1493,
#1494,#1495,#1496,#1497,#1498,#1499,#1500,#1501,#1502,#1503,#1504,#1505,
#1506,#1507,#1508,#1509,#1510,#1511,#1512,#1513,#1514,#1515,#1516,#1517),
 .UNSPECIFIED.,.F.,.F.,(4,2,2,2,2,2,2,2,2,2,2,2,2,2,4),(-7.57956638519961,
-7.1716410414431,-6.79442418395129,-6.31174589969803,-6.0646527374494,-5.55115831968944,
-5.05949877432735,-4.54114637656456,-4.29245312389908,-3.79154737781808,
-3.54219050185989,-3.02811108427577,-2.52986206798357,-2.01211824992123,
-2.00009080032652),.UNSPECIFIED.);
#23=B_SPLINE_CURVE_WITH_KNOTS('',3,(#1524,#1525,#1526,#1527,#1528,#1529,
#1530,#1531,#1532,#1533,#1534,#1535,#1536,#1537,#1538,#1539,#1540,#1541,
#1542,#1543,#1544,#1545,#1546,#1547,#1548,#1549,#1550,#1551,#1552,#1553),
 .UNSPECIFIED.,.F.,.F.,(4,2,2,2,2,2,2,2,2,2,2,2,2,2,4),(-12.4885161079876,
-12.180360404961,-11.8787825095599,-11.379663759488,-10.8658341219474,-10.3438650232957,
-9.84321390424491,-9.32313532652033,-8.81183932043941,-8.30549206725486,
-7.77885448720618,-7.27848206095969,-6.76626396158595,-6.24426846714268,
-6.21265392301214),.UNSPECIFIED.);
#24=B_SPLINE_CURVE_WITH_KNOTS('',3,(#1556,#1557,#1558,#1559,#1560,#1561,
#1562,#1563,#1564,#1565,#1566,#1567,#1568,#1569,#1570,#1571,#1572,#1573,
#1574,#1575),.UNSPECIFIED.,.F.,.F.,(4,2,2,2,2,2,2,2,2,4),(1.00000001224121E-6,
0.28276340650192,0.575595897334324,1.09774801839134,1.60446076984059,2.11263508797212,
2.63477650761858,3.13382595027514,3.64776654872208,4.15533586253049),
 .UNSPECIFIED.);
#25=B_SPLINE_CURVE_WITH_KNOTS('',3,(#1581,#1582,#1583,#1584,#1585,#1586,
#1587,#1588,#1589,#1590,#1591,#1592),.UNSPECIFIED.,.F.,.F.,(4,2,2,2,2,4),
(0.488574023990474,0.805606761049898,1.31790427231874,1.81995681856816,
2.16246467639593,2.51845252919034),.UNSPECIFIED.);
#26=B_SPLINE_CURVE_WITH_KNOTS('',3,(#1597,#1598,#1599,#1600,#1601,#1602,
#1603,#1604,#1605,#1606,#1607,#1608,#1609,#1610,#1611,#1612,#1613,#1614,
#1615,#1616,#1617,#1618,#1619,#1620,#1621,#1622,#1623,#1624),
 .UNSPECIFIED.,.F.,.F.,(4,2,2,2,2,2,2,2,2,2,2,2,2,4),(-6.21265392301214,
-5.72221246657269,-5.20760971300261,-4.70882701885541,-4.18669488734288,
-3.67788844878136,-3.17246398067965,-2.64960264841746,-2.1465153966747,
-1.62448337573609,-1.10817128064664,-0.609587990987417,-0.308947201263889,
-1.00000001523881E-6),.UNSPECIFIED.);
#27=B_SPLINE_CURVE_WITH_KNOTS('',3,(#1625,#1626,#1627,#1628,#1629,#1630,
#1631,#1632,#1633,#1634,#1635,#1636,#1637,#1638,#1639,#1640,#1641,#1642,
#1643,#1644,#1645,#1646,#1647,#1648,#1649,#1650,#1651,#1652,#1653,#1654,
#1655,#1656,#1657,#1658,#1659,#1660,#1661,#1662),.UNSPECIFIED.,.F.,.F.,
(4,2,2,2,2,2,2,2,2,2,2,2,2,2,2,2,2,2,4),(4.15533586253049,4.16974074505009,
4.67050158642877,5.19070544873507,5.70167371049527,6.20813000760496,6.73489598427904,
7.23513971123837,7.75641730086965,8.2581213413636,8.78020469223119,9.29510206890774,
9.79378831481158,10.3159038794737,10.8249896319919,11.3298501990884,11.8530249050405,
12.3563840780459,12.4401176400436),.UNSPECIFIED.);
#28=B_SPLINE_CURVE_WITH_KNOTS('',3,(#1668,#1669,#1670,#1671,#1672,#1673,
#1674,#1675,#1676,#1677,#1678,#1679,#1680,#1681,#1682,#1683,#1684,#1685,
#1686,#1687,#1688,#1689,#1690,#1691,#1692,#1693,#1694,#1695,#1696,#1697,
#1698,#1699,#1700,#1701),.UNSPECIFIED.,.F.,.F.,(4,2,2,2,2,2,2,2,2,2,2,2,
2,2,2,2,4),(-7.12447990901573,-7.11905810638215,-6.61073556201433,-6.1109248075484,
-5.62442903154542,-5.11587482154781,-4.62165190301478,-4.1265180690178,
-3.61877329293174,-3.13009930755062,-2.61642130286171,-2.11509466996735,
-1.62937552465894,-1.12087274826049,-0.625198685401817,-0.316137456933414,
-9.999999992516E-7),.UNSPECIFIED.);
#29=B_SPLINE_CURVE_WITH_KNOTS('',3,(#1704,#1705,#1706,#1707,#1708,#1709,
#1710,#1711,#1712,#1713,#1714,#1715,#1716,#1717,#1718,#1719,#1720,#1721,
#1722,#1723,#1724,#1725,#1726,#1727,#1728,#1729,#1730,#1731,#1732,#1733),
 .UNSPECIFIED.,.F.,.F.,(4,2,2,2,2,2,2,2,2,2,2,2,2,2,4),(-20.2206137205026,
-19.8998262146573,-19.5860904282202,-19.1002142932663,-18.5993470472109,
-18.0909529647723,-17.6029257698529,-17.0959176395188,-16.5991610437985,
-16.105587455916,-15.5921781900095,-15.1053047863437,-14.6059817690389,
-14.097636201684,-14.07942195961),.UNSPECIFIED.);
#30=B_SPLINE_CURVE_WITH_KNOTS('',3,(#1738,#1739,#1740,#1741,#1742,#1743,
#1744,#1745,#1746,#1747,#1748,#1749,#1750,#1751,#1752,#1753,#1754,#1755,
#1756,#1757,#1758,#1759,#1760,#1761,#1762,#1763,#1764,#1765,#1766,#1767,
#1768,#1769,#1770,#1771,#1772,#1773),.UNSPECIFIED.,.F.,.F.,(4,2,2,2,2,2,
2,2,2,2,2,2,2,2,2,2,2,4),(-15.1930378593655,-15.0866229805422,-14.595461219891,
-14.084857200977,-13.5948757513177,-13.0981039527023,-12.5896498045484,
-12.1041029738751,-11.6016112869808,-11.0920687972957,-10.6024063861937,
-10.1042134308891,-9.61620620439794,-9.10403268216486,-8.61151812945127,
-8.11183032809878,-7.60603114551665,-7.12447990901573),.UNSPECIFIED.);
#31=B_SPLINE_CURVE_WITH_KNOTS('',3,(#1774,#1775,#1776,#1777,#1778,#1779,
#1780,#1781,#1782,#1783,#1784,#1785,#1786,#1787,#1788,#1789,#1790,#1791,
#1792,#1793,#1794,#1795,#1796,#1797,#1798,#1799,#1800,#1801,#1802,#1803,
#1804,#1805,#1806,#1807,#1808,#1809),.UNSPECIFIED.,.F.,.F.,(4,2,2,2,2,2,
2,2,2,2,2,2,2,2,2,2,2,4),(-14.07942195961,-13.6110772154599,-13.105817212907,
-12.6047026332548,-12.1126574231675,-11.6010296537597,-11.1124028743802,
-10.6147058377211,-10.1062900647544,-9.59593918572496,-9.09368650290245,
-8.60813711340397,-8.09967577723637,-7.60312810290147,-7.11278313174121,
-6.60242806104163,-6.11148188728383,-6.01073619797582),.UNSPECIFIED.);
#32=B_SPLINE_CURVE_WITH_KNOTS('',3,(#1812,#1813,#1814,#1815,#1816,#1817,
#1818,#1819,#1820,#1821,#1822,#1823,#1824,#1825,#1826,#1827,#1828,#1829,
#1830,#1831,#1832,#1833,#1834,#1835,#1836,#1837,#1838,#1839),
 .UNSPECIFIED.,.F.,.F.,(4,2,2,2,2,2,2,2,2,2,2,2,2,4),(-6.01073619797582,
-5.60673588102871,-5.10274612693969,-4.6168891221356,-4.10849330894739,
-3.61033107173817,-3.12228673811145,-2.61014698916272,-2.1176614066916,
-1.61788614724163,-1.11212023549022,-0.625174653882999,-0.317925956438102,
-9.999999992516E-7),.UNSPECIFIED.);
#33=B_SPLINE_CURVE_WITH_KNOTS('',3,(#1842,#1843,#1844,#1845,#1846,#1847,
#1848,#1849,#1850,#1851,#1852,#1853,#1854,#1855,#1856,#1857,#1858,#1859,
#1860,#1861,#1862,#1863,#1864,#1865,#1866,#1867,#1868,#1869),
 .UNSPECIFIED.,.F.,.F.,(4,2,2,2,2,2,2,2,2,2,2,2,2,4),(-21.2038071975073,
-20.8828237996416,-20.5728094712887,-20.0856524783273,-19.579638544575,
-19.0804911244376,-18.5877889160173,-18.0753971127527,-17.5876130328645,
-17.0892210571709,-16.5808335036007,-16.0948687273105,-15.5906291186978,
-15.1930378593655),.UNSPECIFIED.);
#34=B_SPLINE_CURVE_WITH_KNOTS('',3,(#1872,#1873,#1874,#1875,#1876,#1877,
#1878,#1879,#1880,#1881,#1882,#1883),.UNSPECIFIED.,.F.,.F.,(4,2,2,2,2,4),
(12.4401176400436,12.8773516426776,13.3939821478817,13.8926062307356,14.1775029177478,
14.4704454271535),.UNSPECIFIED.);
#35=B_SPLINE_CURVE_WITH_KNOTS('',3,(#1888,#1889,#1890,#1891,#1892,#1893),
 .UNSPECIFIED.,.F.,.F.,(4,2,4),(9.99999999214065E-7,0.406935586901333,0.488574023990474),
 .UNSPECIFIED.);
#36=B_SPLINE_CURVE_WITH_KNOTS('',3,(#1897,#1898,#1899,#1900,#1901,#1902,
#1903,#1904,#1905,#1906,#1907,#1908,#1909,#1910,#1911,#1912,#1913,#1914,
#1915,#1916),.UNSPECIFIED.,.F.,.F.,(4,2,2,2,2,2,2,2,2,4),(-3.76650524273108,
-3.4390318885363,-3.1331007727633,-2.6429726893688,-2.39917937568472,-1.88305493023511,
-1.37392430017468,-0.857900475077479,-0.424798344755905,-1.00000001479472E-6),
 .UNSPECIFIED.);
#37=B_SPLINE_CURVE_WITH_KNOTS('',3,(#1917,#1918,#1919,#1920,#1921,#1922,
#1923,#1924,#1925,#1926,#1927,#1928),.UNSPECIFIED.,.F.,.F.,(4,2,2,2,2,4),
(-2.00009080032652,-1.76694501258875,-1.27591720272826,-0.756346003040343,
-0.363757085009672,-9.99999998363421E-7),.UNSPECIFIED.);
#38=B_SPLINE_CURVE_WITH_KNOTS('',3,(#1969,#1970,#1971,#1972,#1973,#1974,
#1975,#1976,#1977,#1978,#1979,#1980,#1981,#1982,#1983,#1984,#1985,#1986,
#1987,#1988),.UNSPECIFIED.,.F.,.F.,(4,2,2,2,2,2,2,2,2,4),(1.00000001962419E-6,
0.48155107454911,0.991873185875592,1.49855506205082,1.97109843480138,2.21844077051164,
2.70168891947172,3.2152159245007,3.59269119115126,3.9420361446925),
 .UNSPECIFIED.);
#39=B_SPLINE_CURVE_WITH_KNOTS('',3,(#2012,#2013,#2014,#2015,#2016,#2017),
 .UNSPECIFIED.,.F.,.F.,(4,2,4),(-0.668198250275489,-0.334098285506244,-9.99999996587064E-7),
 .UNSPECIFIED.);
#40=B_SPLINE_CURVE_WITH_KNOTS('',3,(#2023,#2024,#2025,#2026,#2027,#2028,
#2029,#2030,#2031,#2032),.UNSPECIFIED.,.F.,.F.,(4,2,2,2,4),(-1.53518889450253,
-1.15874144045225,-0.767592672965978,-0.367697489090499,-1.00000001412859E-6),
 .UNSPECIFIED.);
#41=B_SPLINE_CURVE_WITH_KNOTS('',3,(#2036,#2037,#2038,#2039,#2040,#2041,
#2042,#2043,#2044,#2045,#2046,#2047,#2048,#2049,#2050,#2051,#2052,#2053),
 .UNSPECIFIED.,.F.,.F.,(4,2,2,2,2,2,2,2,4),(-3.5537045746165,-3.18383096982534,
-2.7831799955761,-2.26553124028473,-1.77685033829667,-1.25724884251415,
-0.762167599081479,-0.395886368915665,-1.00000000502476E-6),
 .UNSPECIFIED.);
#42=B_SPLINE_CURVE_WITH_KNOTS('',3,(#2056,#2057,#2058,#2059,#2060,#2061,
#2062,#2063,#2064,#2065,#2066,#2067,#2068,#2069),.UNSPECIFIED.,.F.,.F.,
(4,2,2,2,2,2,4),(-2.17278562405427,-1.76947736414495,-1.33445788265901,
-1.08639760886779,-0.585597869956922,-0.301410433822693,-1.00000001301837E-6),
 .UNSPECIFIED.);
#43=SPHERICAL_SURFACE('',#1030,0.961811023622047);
#44=SPHERICAL_SURFACE('',#1039,0.830314960629921);
#45=SPHERICAL_SURFACE('',#1040,0.830314960629921);
#46=SPHERICAL_SURFACE('',#1048,5.66614173228346);
#47=STYLED_ITEM('',(#3324),#51);
#48=STYLED_ITEM('',(#3324),#52);
#49=STYLED_ITEM('',(#3324),#53);
#50=STYLED_ITEM('',(#3324),#54);
#51=MANIFOLD_SOLID_BREP('Body1',#980);
#52=MANIFOLD_SOLID_BREP('Body2',#981);
#53=MANIFOLD_SOLID_BREP('Body3',#982);
#54=MANIFOLD_SOLID_BREP('Body4',#983);
#55=FACE_BOUND('',#159,.T.);
#56=FACE_BOUND('',#161,.T.);
#57=FACE_BOUND('',#163,.T.);
#58=FACE_BOUND('',#165,.T.);
#59=FACE_BOUND('',#195,.T.);
#60=PLANE('',#1026);
#61=PLANE('',#1027);
#62=PLANE('',#1028);
#63=PLANE('',#1029);
#64=PLANE('',#1081);
#65=PLANE('',#1084);
#66=PLANE('',#1091);
#67=PLANE('',#1094);
#68=PLANE('',#1095);
#69=PLANE('',#1096);
#70=PLANE('',#1098);
#71=PLANE('',#1099);
#72=PLANE('',#1100);
#73=CYLINDRICAL_SURFACE('',#1020,0.504);
#74=CYLINDRICAL_SURFACE('',#1022,0.4725);
#75=CYLINDRICAL_SURFACE('',#1024,0.5315);
#76=CYLINDRICAL_SURFACE('',#1025,0.6);
#77=CYLINDRICAL_SURFACE('',#1034,0.5);
#78=CYLINDRICAL_SURFACE('',#1049,0.5);
#79=CYLINDRICAL_SURFACE('',#1052,0.5175);
#80=CYLINDRICAL_SURFACE('',#1054,0.5175);
#81=CYLINDRICAL_SURFACE('',#1056,0.504000000000009);
#82=CYLINDRICAL_SURFACE('',#1058,0.504000000000009);
#83=CYLINDRICAL_SURFACE('',#1059,0.504000000000009);
#84=CYLINDRICAL_SURFACE('',#1060,0.5175);
#85=CYLINDRICAL_SURFACE('',#1071,0.451);
#86=CYLINDRICAL_SURFACE('',#1078,0.5175);
#87=CYLINDRICAL_SURFACE('',#1102,0.504000000000009);
#88=CYLINDRICAL_SURFACE('',#1103,0.504000000000009);
#89=FACE_OUTER_BOUND('',#147,.T.);
#90=FACE_OUTER_BOUND('',#148,.T.);
#91=FACE_OUTER_BOUND('',#149,.T.);
#92=FACE_OUTER_BOUND('',#150,.T.);
#93=FACE_OUTER_BOUND('',#151,.T.);
#94=FACE_OUTER_BOUND('',#152,.T.);
#95=FACE_OUTER_BOUND('',#153,.T.);
#96=FACE_OUTER_BOUND('',#154,.T.);
#97=FACE_OUTER_BOUND('',#155,.T.);
#98=FACE_OUTER_BOUND('',#156,.T.);
#99=FACE_OUTER_BOUND('',#157,.T.);
#100=FACE_OUTER_BOUND('',#158,.T.);
#101=FACE_OUTER_BOUND('',#160,.T.);
#102=FACE_OUTER_BOUND('',#162,.T.);
#103=FACE_OUTER_BOUND('',#164,.T.);
#104=FACE_OUTER_BOUND('',#166,.T.);
#105=FACE_OUTER_BOUND('',#167,.T.);
#106=FACE_OUTER_BOUND('',#168,.T.);
#107=FACE_OUTER_BOUND('',#169,.T.);
#108=FACE_OUTER_BOUND('',#170,.T.);
#109=FACE_OUTER_BOUND('',#171,.T.);
#110=FACE_OUTER_BOUND('',#172,.T.);
#111=FACE_OUTER_BOUND('',#173,.T.);
#112=FACE_OUTER_BOUND('',#174,.T.);
#113=FACE_OUTER_BOUND('',#175,.T.);
#114=FACE_OUTER_BOUND('',#176,.T.);
#115=FACE_OUTER_BOUND('',#177,.T.);
#116=FACE_OUTER_BOUND('',#178,.T.);
#117=FACE_OUTER_BOUND('',#179,.T.);
#118=FACE_OUTER_BOUND('',#180,.T.);
#119=FACE_OUTER_BOUND('',#181,.T.);
#120=FACE_OUTER_BOUND('',#182,.T.);
#121=FACE_OUTER_BOUND('',#183,.T.);
#122=FACE_OUTER_BOUND('',#184,.T.);
#123=FACE_OUTER_BOUND('',#185,.T.);
#124=FACE_OUTER_BOUND('',#186,.T.);
#125=FACE_OUTER_BOUND('',#187,.T.);
#126=FACE_OUTER_BOUND('',#188,.T.);
#127=FACE_OUTER_BOUND('',#189,.T.);
#128=FACE_OUTER_BOUND('',#190,.T.);
#129=FACE_OUTER_BOUND('',#191,.T.);
#130=FACE_OUTER_BOUND('',#192,.T.);
#131=FACE_OUTER_BOUND('',#193,.T.);
#132=FACE_OUTER_BOUND('',#194,.T.);
#133=FACE_OUTER_BOUND('',#196,.T.);
#134=FACE_OUTER_BOUND('',#197,.T.);
#135=FACE_OUTER_BOUND('',#198,.T.);
#136=FACE_OUTER_BOUND('',#199,.T.);
#137=FACE_OUTER_BOUND('',#200,.T.);
#138=FACE_OUTER_BOUND('',#201,.T.);
#139=FACE_OUTER_BOUND('',#202,.T.);
#140=FACE_OUTER_BOUND('',#203,.T.);
#141=FACE_OUTER_BOUND('',#204,.T.);
#142=FACE_OUTER_BOUND('',#205,.T.);
#143=FACE_OUTER_BOUND('',#206,.T.);
#144=FACE_OUTER_BOUND('',#207,.T.);
#145=FACE_OUTER_BOUND('',#208,.T.);
#146=FACE_OUTER_BOUND('',#209,.T.);
#147=EDGE_LOOP('',(#621,#622,#623,#624));
#148=EDGE_LOOP('',(#625,#626,#627,#628,#629));
#149=EDGE_LOOP('',(#630,#631,#632,#633,#634));
#150=EDGE_LOOP('',(#635,#636,#637,#638,#639));
#151=EDGE_LOOP('',(#640,#641,#642,#643));
#152=EDGE_LOOP('',(#644,#645,#646,#647,#648));
#153=EDGE_LOOP('',(#649,#650,#651,#652));
#154=EDGE_LOOP('',(#653,#654,#655,#656));
#155=EDGE_LOOP('',(#657,#658,#659,#660));
#156=EDGE_LOOP('',(#661,#662,#663,#664,#665));
#157=EDGE_LOOP('',(#666,#667,#668,#669,#670));
#158=EDGE_LOOP('',(#671));
#159=EDGE_LOOP('',(#672));
#160=EDGE_LOOP('',(#673));
#161=EDGE_LOOP('',(#674));
#162=EDGE_LOOP('',(#675));
#163=EDGE_LOOP('',(#676));
#164=EDGE_LOOP('',(#677));
#165=EDGE_LOOP('',(#678));
#166=EDGE_LOOP('',(#679));
#167=EDGE_LOOP('',(#680,#681,#682,#683));
#168=EDGE_LOOP('',(#684,#685,#686,#687,#688));
#169=EDGE_LOOP('',(#689,#690,#691,#692,#693));
#170=EDGE_LOOP('',(#694));
#171=EDGE_LOOP('',(#695));
#172=EDGE_LOOP('',(#696,#697,#698,#699,#700));
#173=EDGE_LOOP('',(#701,#702,#703,#704));
#174=EDGE_LOOP('',(#705));
#175=EDGE_LOOP('',(#706,#707,#708,#709,#710));
#176=EDGE_LOOP('',(#711,#712,#713));
#177=EDGE_LOOP('',(#714,#715,#716,#717));
#178=EDGE_LOOP('',(#718,#719,#720,#721,#722,#723,#724));
#179=EDGE_LOOP('',(#725,#726,#727,#728));
#180=EDGE_LOOP('',(#729,#730,#731,#732));
#181=EDGE_LOOP('',(#733,#734,#735,#736));
#182=EDGE_LOOP('',(#737,#738,#739,#740,#741));
#183=EDGE_LOOP('',(#742,#743,#744,#745,#746));
#184=EDGE_LOOP('',(#747,#748,#749,#750,#751));
#185=EDGE_LOOP('',(#752,#753,#754,#755));
#186=EDGE_LOOP('',(#756,#757,#758,#759,#760,#761,#762,#763,#764,#765,#766,
#767,#768));
#187=EDGE_LOOP('',(#769,#770,#771));
#188=EDGE_LOOP('',(#772,#773,#774));
#189=EDGE_LOOP('',(#775,#776,#777,#778,#779));
#190=EDGE_LOOP('',(#780,#781,#782,#783,#784,#785,#786));
#191=EDGE_LOOP('',(#787,#788,#789));
#192=EDGE_LOOP('',(#790,#791,#792,#793,#794,#795));
#193=EDGE_LOOP('',(#796,#797,#798,#799,#800));
#194=EDGE_LOOP('',(#801,#802,#803,#804,#805));
#195=EDGE_LOOP('',(#806));
#196=EDGE_LOOP('',(#807,#808,#809,#810,#811,#812,#813,#814,#815,#816));
#197=EDGE_LOOP('',(#817,#818,#819,#820,#821,#822,#823,#824,#825,#826));
#198=EDGE_LOOP('',(#827,#828,#829,#830));
#199=EDGE_LOOP('',(#831,#832,#833,#834,#835,#836,#837,#838,#839));
#200=EDGE_LOOP('',(#840,#841,#842,#843,#844,#845,#846,#847));
#201=EDGE_LOOP('',(#848,#849,#850,#851,#852));
#202=EDGE_LOOP('',(#853,#854,#855,#856,#857,#858,#859,#860,#861,#862));
#203=EDGE_LOOP('',(#863,#864,#865,#866,#867,#868,#869,#870,#871,#872,#873,
#874,#875,#876));
#204=EDGE_LOOP('',(#877,#878,#879,#880,#881,#882));
#205=EDGE_LOOP('',(#883,#884,#885,#886,#887));
#206=EDGE_LOOP('',(#888,#889,#890,#891));
#207=EDGE_LOOP('',(#892,#893,#894,#895));
#208=EDGE_LOOP('',(#896,#897,#898));
#209=EDGE_LOOP('',(#899,#900,#901,#902));
#210=LINE('',#1389,#271);
#211=LINE('',#1395,#272);
#212=LINE('',#1402,#273);
#213=LINE('',#1409,#274);
#214=LINE('',#1415,#275);
#215=LINE('',#1423,#276);
#216=LINE('',#1429,#277);
#217=LINE('',#1434,#278);
#218=LINE('',#1438,#279);
#219=LINE('',#1440,#280);
#220=LINE('',#1442,#281);
#221=LINE('',#1453,#282);
#222=LINE('',#1459,#283);
#223=LINE('',#1462,#284);
#224=LINE('',#1472,#285);
#225=LINE('',#1478,#286);
#226=LINE('',#1482,#287);
#227=LINE('',#1486,#288);
#228=LINE('',#1522,#289);
#229=LINE('',#1579,#290);
#230=LINE('',#1594,#291);
#231=LINE('',#1666,#292);
#232=LINE('',#1737,#293);
#233=LINE('',#1841,#294);
#234=LINE('',#1885,#295);
#235=LINE('',#1935,#296);
#236=LINE('',#1942,#297);
#237=LINE('',#1945,#298);
#238=LINE('',#1948,#299);
#239=LINE('',#1952,#300);
#240=LINE('',#1955,#301);
#241=LINE('',#1957,#302);
#242=LINE('',#1961,#303);
#243=LINE('',#1968,#304);
#244=LINE('',#1995,#305);
#245=LINE('',#2000,#306);
#246=LINE('',#2003,#307);
#247=LINE('',#2006,#308);
#248=LINE('',#2020,#309);
#249=LINE('',#2033,#310);
#250=LINE('',#2054,#311);
#251=LINE('',#2070,#312);
#252=LINE('',#2072,#313);
#253=LINE('',#2073,#314);
#254=LINE('',#2079,#315);
#255=LINE('',#2081,#316);
#256=LINE('',#2083,#317);
#257=LINE('',#2084,#318);
#258=LINE('',#2085,#319);
#259=LINE('',#2088,#320);
#260=LINE('',#2089,#321);
#261=LINE('',#2091,#322);
#262=LINE('',#2093,#323);
#263=LINE('',#2094,#324);
#264=LINE('',#2099,#325);
#265=LINE('',#2100,#326);
#266=LINE('',#2102,#327);
#267=LINE('',#2103,#328);
#268=LINE('',#2105,#329);
#269=LINE('',#2107,#330);
#270=LINE('',#2108,#331);
#271=VECTOR('',#1111,0.504);
#272=VECTOR('',#1118,0.5315);
#273=VECTOR('',#1127,0.5135);
#274=VECTOR('',#1134,0.5215);
#275=VECTOR('',#1141,0.6);
#276=VECTOR('',#1150,0.59);
#277=VECTOR('',#1157,0.4725);
#278=VECTOR('',#1164,0.504);
#279=VECTOR('',#1169,0.4725);
#280=VECTOR('',#1172,0.5315);
#281=VECTOR('',#1175,0.6);
#282=VECTOR('',#1192,0.494432230069397);
#283=VECTOR('',#1199,0.5);
#284=VECTOR('',#1202,0.5);
#285=VECTOR('',#1215,0.494432230069397);
#286=VECTOR('',#1222,0.5);
#287=VECTOR('',#1229,0.5);
#288=VECTOR('',#1232,0.5075);
#289=VECTOR('',#1237,0.5175);
#290=VECTOR('',#1242,0.5175);
#291=VECTOR('',#1243,39.3700787401575);
#292=VECTOR('',#1248,0.504000000000009);
#293=VECTOR('',#1253,0.504000000000009);
#294=VECTOR('',#1256,0.393700787401575);
#295=VECTOR('',#1259,39.3700787401575);
#296=VECTOR('',#1272,0.451);
#297=VECTOR('',#1279,0.393700787401575);
#298=VECTOR('',#1282,0.393700787401575);
#299=VECTOR('',#1285,0.451);
#300=VECTOR('',#1288,39.3700787401575);
#301=VECTOR('',#1291,39.3700787401575);
#302=VECTOR('',#1292,39.3700787401575);
#303=VECTOR('',#1295,39.3700787401575);
#304=VECTOR('',#1302,0.393700787401575);
#305=VECTOR('',#1309,39.3700787401575);
#306=VECTOR('',#1314,39.3700787401575);
#307=VECTOR('',#1317,39.3700787401575);
#308=VECTOR('',#1320,39.3700787401575);
#309=VECTOR('',#1327,39.3700787401575);
#310=VECTOR('',#1330,0.393700787401575);
#311=VECTOR('',#1333,0.393700787401575);
#312=VECTOR('',#1334,0.393700787401575);
#313=VECTOR('',#1337,0.393700787401575);
#314=VECTOR('',#1338,0.393700787401575);
#315=VECTOR('',#1347,0.393700787401575);
#316=VECTOR('',#1348,0.393700787401575);
#317=VECTOR('',#1349,0.393700787401575);
#318=VECTOR('',#1350,0.393700787401575);
#319=VECTOR('',#1351,39.3700787401575);
#320=VECTOR('',#1354,0.393700787401575);
#321=VECTOR('',#1355,39.3700787401575);
#322=VECTOR('',#1356,0.393700787401575);
#323=VECTOR('',#1357,0.393700787401575);
#324=VECTOR('',#1358,0.393700787401575);
#325=VECTOR('',#1365,0.393700787401575);
#326=VECTOR('',#1366,39.3700787401575);
#327=VECTOR('',#1367,0.393700787401575);
#328=VECTOR('',#1368,0.393700787401575);
#329=VECTOR('',#1371,0.393700787401575);
#330=VECTOR('',#1372,0.393700787401575);
#331=VECTOR('',#1373,39.3700787401575);
#332=CIRCLE('',#998,0.504);
#333=CIRCLE('',#999,0.514);
#334=CIRCLE('',#1001,0.5315);
#335=CIRCLE('',#1002,0.5135);
#336=CIRCLE('',#1003,0.5135);
#337=CIRCLE('',#1005,0.5315);
#338=CIRCLE('',#1007,0.5315);
#339=CIRCLE('',#1008,0.5315);
#340=CIRCLE('',#1009,0.5215);
#341=CIRCLE('',#1011,0.6);
#342=CIRCLE('',#1012,0.59);
#343=CIRCLE('',#1014,0.6);
#344=CIRCLE('',#1015,0.6);
#345=CIRCLE('',#1016,0.59);
#346=CIRCLE('',#1018,0.4725);
#347=CIRCLE('',#1019,0.482500000000001);
#348=CIRCLE('',#1021,0.504);
#349=CIRCLE('',#1023,0.4725);
#350=CIRCLE('',#1031,0.494432230069397);
#351=CIRCLE('',#1033,0.5);
#352=CIRCLE('',#1035,0.5);
#353=CIRCLE('',#1036,0.5);
#354=CIRCLE('',#1038,0.494432230069397);
#355=CIRCLE('',#1041,0.494432230069397);
#356=CIRCLE('',#1043,0.5);
#357=CIRCLE('',#1044,0.5);
#358=CIRCLE('',#1046,0.5);
#359=CIRCLE('',#1047,0.494432230069397);
#360=CIRCLE('',#1051,0.5075);
#361=CIRCLE('',#1053,0.5175);
#362=CIRCLE('',#1055,0.5175);
#363=CIRCLE('',#1057,0.504000000000009);
#364=CIRCLE('',#1061,0.5175);
#365=CIRCLE('',#1063,0.5075);
#366=CIRCLE('',#1065,0.451);
#367=CIRCLE('',#1066,0.451);
#368=CIRCLE('',#1067,0.461);
#369=CIRCLE('',#1069,0.451);
#370=CIRCLE('',#1070,0.461);
#371=CIRCLE('',#1072,0.451);
#372=CIRCLE('',#1073,0.451);
#373=CIRCLE('',#1074,0.451);
#374=CIRCLE('',#1075,0.451);
#375=CIRCLE('',#1077,0.5075);
#376=CIRCLE('',#1079,0.51753101688115);
#377=CIRCLE('',#1080,0.5175);
#378=CIRCLE('',#1082,0.506903904747714);
#379=CIRCLE('',#1083,0.461);
#380=CIRCLE('',#1085,0.506916021435678);
#381=CIRCLE('',#1086,0.504000000000009);
#382=CIRCLE('',#1087,0.5075);
#383=CIRCLE('',#1092,0.505461480512811);
#384=CIRCLE('',#1093,0.504465104993657);
#385=CIRCLE('',#1097,0.506903239968144);
#386=CIRCLE('',#1101,0.517449692448805);
#387=CIRCLE('',#1104,0.504031532425326);
#388=VERTEX_POINT('',#1386);
#389=VERTEX_POINT('',#1388);
#390=VERTEX_POINT('',#1392);
#391=VERTEX_POINT('',#1394);
#392=VERTEX_POINT('',#1396);
#393=VERTEX_POINT('',#1400);
#394=VERTEX_POINT('',#1404);
#395=VERTEX_POINT('',#1405);
#396=VERTEX_POINT('',#1408);
#397=VERTEX_POINT('',#1412);
#398=VERTEX_POINT('',#1414);
#399=VERTEX_POINT('',#1418);
#400=VERTEX_POINT('',#1419);
#401=VERTEX_POINT('',#1422);
#402=VERTEX_POINT('',#1426);
#403=VERTEX_POINT('',#1428);
#404=VERTEX_POINT('',#1432);
#405=VERTEX_POINT('',#1436);
#406=VERTEX_POINT('',#1448);
#407=VERTEX_POINT('',#1451);
#408=VERTEX_POINT('',#1455);
#409=VERTEX_POINT('',#1456);
#410=VERTEX_POINT('',#1461);
#411=VERTEX_POINT('',#1466);
#412=VERTEX_POINT('',#1469);
#413=VERTEX_POINT('',#1470);
#414=VERTEX_POINT('',#1475);
#415=VERTEX_POINT('',#1477);
#416=VERTEX_POINT('',#1484);
#417=VERTEX_POINT('',#1485);
#418=VERTEX_POINT('',#1487);
#419=VERTEX_POINT('',#1520);
#420=VERTEX_POINT('',#1521);
#421=VERTEX_POINT('',#1523);
#422=VERTEX_POINT('',#1554);
#423=VERTEX_POINT('',#1577);
#424=VERTEX_POINT('',#1578);
#425=VERTEX_POINT('',#1580);
#426=VERTEX_POINT('',#1593);
#427=VERTEX_POINT('',#1595);
#428=VERTEX_POINT('',#1664);
#429=VERTEX_POINT('',#1665);
#430=VERTEX_POINT('',#1667);
#431=VERTEX_POINT('',#1702);
#432=VERTEX_POINT('',#1735);
#433=VERTEX_POINT('',#1736);
#434=VERTEX_POINT('',#1811);
#435=VERTEX_POINT('',#1840);
#436=VERTEX_POINT('',#1871);
#437=VERTEX_POINT('',#1884);
#438=VERTEX_POINT('',#1886);
#439=VERTEX_POINT('',#1895);
#440=VERTEX_POINT('',#1930);
#441=VERTEX_POINT('',#1931);
#442=VERTEX_POINT('',#1934);
#443=VERTEX_POINT('',#1938);
#444=VERTEX_POINT('',#1939);
#445=VERTEX_POINT('',#1941);
#446=VERTEX_POINT('',#1943);
#447=VERTEX_POINT('',#1947);
#448=VERTEX_POINT('',#1949);
#449=VERTEX_POINT('',#1951);
#450=VERTEX_POINT('',#1953);
#451=VERTEX_POINT('',#1956);
#452=VERTEX_POINT('',#1958);
#453=VERTEX_POINT('',#1960);
#454=VERTEX_POINT('',#1964);
#455=VERTEX_POINT('',#1965);
#456=VERTEX_POINT('',#1967);
#457=VERTEX_POINT('',#1990);
#458=VERTEX_POINT('',#1991);
#459=VERTEX_POINT('',#1993);
#460=VERTEX_POINT('',#1997);
#461=VERTEX_POINT('',#1999);
#462=VERTEX_POINT('',#2001);
#463=VERTEX_POINT('',#2005);
#464=VERTEX_POINT('',#2007);
#465=VERTEX_POINT('',#2009);
#466=VERTEX_POINT('',#2011);
#467=VERTEX_POINT('',#2018);
#468=VERTEX_POINT('',#2022);
#469=VERTEX_POINT('',#2035);
#470=VERTEX_POINT('',#2055);
#471=VERTEX_POINT('',#2078);
#472=VERTEX_POINT('',#2080);
#473=VERTEX_POINT('',#2082);
#474=VERTEX_POINT('',#2087);
#475=VERTEX_POINT('',#2090);
#476=VERTEX_POINT('',#2092);
#477=VERTEX_POINT('',#2098);
#478=VERTEX_POINT('',#2101);
#479=VERTEX_POINT('',#2106);
#480=EDGE_CURVE('',#388,#388,#332,.T.);
#481=EDGE_CURVE('',#388,#389,#210,.T.);
#482=EDGE_CURVE('',#389,#389,#333,.T.);
#483=EDGE_CURVE('',#390,#390,#334,.T.);
#484=EDGE_CURVE('',#390,#391,#211,.T.);
#485=EDGE_CURVE('',#391,#392,#335,.T.);
#486=EDGE_CURVE('',#392,#391,#336,.T.);
#487=EDGE_CURVE('',#393,#393,#337,.T.);
#488=EDGE_CURVE('',#393,#392,#212,.T.);
#489=EDGE_CURVE('',#394,#395,#338,.T.);
#490=EDGE_CURVE('',#395,#394,#339,.T.);
#491=EDGE_CURVE('',#395,#396,#213,.T.);
#492=EDGE_CURVE('',#396,#396,#340,.T.);
#493=EDGE_CURVE('',#397,#397,#341,.T.);
#494=EDGE_CURVE('',#397,#398,#214,.T.);
#495=EDGE_CURVE('',#398,#398,#342,.T.);
#496=EDGE_CURVE('',#399,#400,#343,.T.);
#497=EDGE_CURVE('',#400,#399,#344,.T.);
#498=EDGE_CURVE('',#400,#401,#215,.T.);
#499=EDGE_CURVE('',#401,#401,#345,.T.);
#500=EDGE_CURVE('',#402,#402,#346,.T.);
#501=EDGE_CURVE('',#402,#403,#216,.T.);
#502=EDGE_CURVE('',#403,#403,#347,.T.);
#503=EDGE_CURVE('',#404,#404,#348,.T.);
#504=EDGE_CURVE('',#404,#388,#217,.T.);
#505=EDGE_CURVE('',#405,#405,#349,.T.);
#506=EDGE_CURVE('',#405,#402,#218,.T.);
#507=EDGE_CURVE('',#394,#390,#219,.T.);
#508=EDGE_CURVE('',#399,#397,#220,.T.);
#509=EDGE_CURVE('',#406,#406,#350,.T.);
#510=EDGE_CURVE('',#407,#407,#351,.T.);
#511=EDGE_CURVE('',#407,#406,#221,.T.);
#512=EDGE_CURVE('',#408,#409,#352,.T.);
#513=EDGE_CURVE('',#409,#408,#353,.T.);
#514=EDGE_CURVE('',#409,#407,#222,.T.);
#515=EDGE_CURVE('',#408,#410,#223,.T.);
#516=EDGE_CURVE('',#410,#410,#354,.T.);
#517=EDGE_CURVE('',#411,#411,#355,.T.);
#518=EDGE_CURVE('',#412,#413,#356,.T.);
#519=EDGE_CURVE('',#413,#411,#224,.T.);
#520=EDGE_CURVE('',#413,#412,#357,.T.);
#521=EDGE_CURVE('',#414,#414,#358,.T.);
#522=EDGE_CURVE('',#414,#415,#225,.T.);
#523=EDGE_CURVE('',#415,#415,#359,.T.);
#524=EDGE_CURVE('',#412,#414,#226,.T.);
#525=EDGE_CURVE('',#416,#417,#227,.T.);
#526=EDGE_CURVE('',#418,#416,#22,.T.);
#527=EDGE_CURVE('',#417,#418,#360,.T.);
#528=EDGE_CURVE('',#419,#420,#228,.T.);
#529=EDGE_CURVE('',#419,#421,#23,.F.);
#530=EDGE_CURVE('',#421,#422,#361,.T.);
#531=EDGE_CURVE('',#420,#422,#24,.F.);
#532=EDGE_CURVE('',#423,#424,#229,.T.);
#533=EDGE_CURVE('',#423,#425,#25,.T.);
#534=EDGE_CURVE('',#426,#425,#230,.T.);
#535=EDGE_CURVE('',#426,#427,#362,.T.);
#536=EDGE_CURVE('',#427,#419,#26,.F.);
#537=EDGE_CURVE('',#424,#420,#27,.F.);
#538=EDGE_CURVE('',#428,#429,#231,.T.);
#539=EDGE_CURVE('',#428,#430,#28,.T.);
#540=EDGE_CURVE('',#430,#431,#363,.T.);
#541=EDGE_CURVE('',#429,#431,#29,.F.);
#542=EDGE_CURVE('',#432,#433,#232,.T.);
#543=EDGE_CURVE('',#432,#428,#30,.T.);
#544=EDGE_CURVE('',#433,#429,#31,.F.);
#545=EDGE_CURVE('',#434,#433,#32,.F.);
#546=EDGE_CURVE('',#434,#435,#233,.T.);
#547=EDGE_CURVE('',#435,#432,#33,.T.);
#548=EDGE_CURVE('',#436,#424,#34,.F.);
#549=EDGE_CURVE('',#436,#437,#234,.T.);
#550=EDGE_CURVE('',#437,#438,#364,.T.);
#551=EDGE_CURVE('',#438,#423,#35,.T.);
#552=EDGE_CURVE('',#439,#417,#365,.T.);
#553=EDGE_CURVE('',#422,#439,#36,.T.);
#554=EDGE_CURVE('',#416,#421,#37,.T.);
#555=EDGE_CURVE('',#440,#441,#366,.T.);
#556=EDGE_CURVE('',#441,#440,#367,.T.);
#557=EDGE_CURVE('',#441,#442,#235,.T.);
#558=EDGE_CURVE('',#442,#442,#368,.T.);
#559=EDGE_CURVE('',#443,#444,#369,.T.);
#560=EDGE_CURVE('',#443,#445,#236,.T.);
#561=EDGE_CURVE('',#446,#445,#370,.T.);
#562=EDGE_CURVE('',#446,#444,#237,.T.);
#563=EDGE_CURVE('',#440,#447,#238,.T.);
#564=EDGE_CURVE('',#447,#448,#371,.T.);
#565=EDGE_CURVE('',#449,#448,#239,.T.);
#566=EDGE_CURVE('',#450,#449,#372,.T.);
#567=EDGE_CURVE('',#450,#443,#240,.T.);
#568=EDGE_CURVE('',#451,#444,#241,.T.);
#569=EDGE_CURVE('',#452,#451,#373,.T.);
#570=EDGE_CURVE('',#452,#453,#242,.T.);
#571=EDGE_CURVE('',#453,#447,#374,.T.);
#572=EDGE_CURVE('',#454,#455,#375,.T.);
#573=EDGE_CURVE('',#454,#456,#243,.T.);
#574=EDGE_CURVE('',#455,#456,#38,.F.);
#575=EDGE_CURVE('',#457,#458,#376,.T.);
#576=EDGE_CURVE('',#457,#459,#377,.T.);
#577=EDGE_CURVE('',#458,#459,#244,.T.);
#578=EDGE_CURVE('',#455,#460,#378,.T.);
#579=EDGE_CURVE('',#461,#460,#245,.T.);
#580=EDGE_CURVE('',#461,#462,#379,.T.);
#581=EDGE_CURVE('',#462,#454,#246,.T.);
#582=EDGE_CURVE('',#445,#463,#247,.T.);
#583=EDGE_CURVE('',#463,#464,#380,.T.);
#584=EDGE_CURVE('',#464,#465,#381,.T.);
#585=EDGE_CURVE('',#465,#466,#39,.T.);
#586=EDGE_CURVE('',#466,#467,#382,.T.);
#587=EDGE_CURVE('',#467,#446,#248,.T.);
#588=EDGE_CURVE('',#438,#468,#40,.T.);
#589=EDGE_CURVE('',#468,#437,#249,.T.);
#590=EDGE_CURVE('',#469,#457,#41,.T.);
#591=EDGE_CURVE('',#469,#467,#250,.T.);
#592=EDGE_CURVE('',#470,#466,#42,.T.);
#593=EDGE_CURVE('',#470,#459,#251,.T.);
#594=EDGE_CURVE('',#453,#462,#252,.T.);
#595=EDGE_CURVE('',#448,#461,#253,.T.);
#596=EDGE_CURVE('',#439,#430,#383,.T.);
#597=EDGE_CURVE('',#431,#418,#384,.T.);
#598=EDGE_CURVE('',#458,#471,#254,.T.);
#599=EDGE_CURVE('',#472,#470,#255,.T.);
#600=EDGE_CURVE('',#473,#472,#256,.T.);
#601=EDGE_CURVE('',#463,#473,#257,.T.);
#602=EDGE_CURVE('',#450,#471,#258,.T.);
#603=EDGE_CURVE('',#436,#474,#259,.T.);
#604=EDGE_CURVE('',#449,#474,#260,.T.);
#605=EDGE_CURVE('',#460,#475,#261,.T.);
#606=EDGE_CURVE('',#475,#476,#262,.T.);
#607=EDGE_CURVE('',#476,#468,#263,.T.);
#608=EDGE_CURVE('',#474,#471,#385,.T.);
#609=EDGE_CURVE('',#456,#477,#264,.T.);
#610=EDGE_CURVE('',#452,#426,#265,.T.);
#611=EDGE_CURVE('',#478,#425,#266,.T.);
#612=EDGE_CURVE('',#477,#478,#267,.T.);
#613=EDGE_CURVE('',#435,#469,#268,.T.);
#614=EDGE_CURVE('',#479,#434,#269,.T.);
#615=EDGE_CURVE('',#479,#451,#270,.T.);
#616=EDGE_CURVE('',#479,#427,#386,.T.);
#617=EDGE_CURVE('',#476,#478,#13,.T.);
#618=EDGE_CURVE('',#475,#477,#14,.T.);
#619=EDGE_CURVE('',#464,#473,#387,.T.);
#620=EDGE_CURVE('',#465,#472,#15,.T.);
#621=ORIENTED_EDGE('',*,*,#480,.F.);
#622=ORIENTED_EDGE('',*,*,#481,.T.);
#623=ORIENTED_EDGE('',*,*,#482,.F.);
#624=ORIENTED_EDGE('',*,*,#481,.F.);
#625=ORIENTED_EDGE('',*,*,#483,.F.);
#626=ORIENTED_EDGE('',*,*,#484,.T.);
#627=ORIENTED_EDGE('',*,*,#485,.T.);
#628=ORIENTED_EDGE('',*,*,#486,.T.);
#629=ORIENTED_EDGE('',*,*,#484,.F.);
#630=ORIENTED_EDGE('',*,*,#487,.T.);
#631=ORIENTED_EDGE('',*,*,#488,.T.);
#632=ORIENTED_EDGE('',*,*,#485,.F.);
#633=ORIENTED_EDGE('',*,*,#486,.F.);
#634=ORIENTED_EDGE('',*,*,#488,.F.);
#635=ORIENTED_EDGE('',*,*,#489,.F.);
#636=ORIENTED_EDGE('',*,*,#490,.F.);
#637=ORIENTED_EDGE('',*,*,#491,.T.);
#638=ORIENTED_EDGE('',*,*,#492,.F.);
#639=ORIENTED_EDGE('',*,*,#491,.F.);
#640=ORIENTED_EDGE('',*,*,#493,.F.);
#641=ORIENTED_EDGE('',*,*,#494,.T.);
#642=ORIENTED_EDGE('',*,*,#495,.F.);
#643=ORIENTED_EDGE('',*,*,#494,.F.);
#644=ORIENTED_EDGE('',*,*,#496,.F.);
#645=ORIENTED_EDGE('',*,*,#497,.F.);
#646=ORIENTED_EDGE('',*,*,#498,.T.);
#647=ORIENTED_EDGE('',*,*,#499,.F.);
#648=ORIENTED_EDGE('',*,*,#498,.F.);
#649=ORIENTED_EDGE('',*,*,#500,.F.);
#650=ORIENTED_EDGE('',*,*,#501,.T.);
#651=ORIENTED_EDGE('',*,*,#502,.F.);
#652=ORIENTED_EDGE('',*,*,#501,.F.);
#653=ORIENTED_EDGE('',*,*,#503,.F.);
#654=ORIENTED_EDGE('',*,*,#504,.T.);
#655=ORIENTED_EDGE('',*,*,#480,.T.);
#656=ORIENTED_EDGE('',*,*,#504,.F.);
#657=ORIENTED_EDGE('',*,*,#505,.F.);
#658=ORIENTED_EDGE('',*,*,#506,.T.);
#659=ORIENTED_EDGE('',*,*,#500,.T.);
#660=ORIENTED_EDGE('',*,*,#506,.F.);
#661=ORIENTED_EDGE('',*,*,#489,.T.);
#662=ORIENTED_EDGE('',*,*,#490,.T.);
#663=ORIENTED_EDGE('',*,*,#507,.T.);
#664=ORIENTED_EDGE('',*,*,#483,.T.);
#665=ORIENTED_EDGE('',*,*,#507,.F.);
#666=ORIENTED_EDGE('',*,*,#496,.T.);
#667=ORIENTED_EDGE('',*,*,#497,.T.);
#668=ORIENTED_EDGE('',*,*,#508,.T.);
#669=ORIENTED_EDGE('',*,*,#493,.T.);
#670=ORIENTED_EDGE('',*,*,#508,.F.);
#671=ORIENTED_EDGE('',*,*,#492,.T.);
#672=ORIENTED_EDGE('',*,*,#502,.T.);
#673=ORIENTED_EDGE('',*,*,#499,.T.);
#674=ORIENTED_EDGE('',*,*,#487,.F.);
#675=ORIENTED_EDGE('',*,*,#495,.T.);
#676=ORIENTED_EDGE('',*,*,#482,.T.);
#677=ORIENTED_EDGE('',*,*,#503,.T.);
#678=ORIENTED_EDGE('',*,*,#505,.T.);
#679=ORIENTED_EDGE('',*,*,#509,.F.);
#680=ORIENTED_EDGE('',*,*,#510,.F.);
#681=ORIENTED_EDGE('',*,*,#511,.T.);
#682=ORIENTED_EDGE('',*,*,#509,.T.);
#683=ORIENTED_EDGE('',*,*,#511,.F.);
#684=ORIENTED_EDGE('',*,*,#512,.F.);
#685=ORIENTED_EDGE('',*,*,#513,.F.);
#686=ORIENTED_EDGE('',*,*,#514,.T.);
#687=ORIENTED_EDGE('',*,*,#510,.T.);
#688=ORIENTED_EDGE('',*,*,#514,.F.);
#689=ORIENTED_EDGE('',*,*,#512,.T.);
#690=ORIENTED_EDGE('',*,*,#513,.T.);
#691=ORIENTED_EDGE('',*,*,#515,.T.);
#692=ORIENTED_EDGE('',*,*,#516,.F.);
#693=ORIENTED_EDGE('',*,*,#515,.F.);
#694=ORIENTED_EDGE('',*,*,#516,.T.);
#695=ORIENTED_EDGE('',*,*,#517,.T.);
#696=ORIENTED_EDGE('',*,*,#518,.T.);
#697=ORIENTED_EDGE('',*,*,#519,.T.);
#698=ORIENTED_EDGE('',*,*,#517,.F.);
#699=ORIENTED_EDGE('',*,*,#519,.F.);
#700=ORIENTED_EDGE('',*,*,#520,.T.);
#701=ORIENTED_EDGE('',*,*,#521,.F.);
#702=ORIENTED_EDGE('',*,*,#522,.T.);
#703=ORIENTED_EDGE('',*,*,#523,.T.);
#704=ORIENTED_EDGE('',*,*,#522,.F.);
#705=ORIENTED_EDGE('',*,*,#523,.F.);
#706=ORIENTED_EDGE('',*,*,#518,.F.);
#707=ORIENTED_EDGE('',*,*,#524,.T.);
#708=ORIENTED_EDGE('',*,*,#521,.T.);
#709=ORIENTED_EDGE('',*,*,#524,.F.);
#710=ORIENTED_EDGE('',*,*,#520,.F.);
#711=ORIENTED_EDGE('',*,*,#525,.F.);
#712=ORIENTED_EDGE('',*,*,#526,.F.);
#713=ORIENTED_EDGE('',*,*,#527,.F.);
#714=ORIENTED_EDGE('',*,*,#528,.F.);
#715=ORIENTED_EDGE('',*,*,#529,.T.);
#716=ORIENTED_EDGE('',*,*,#530,.T.);
#717=ORIENTED_EDGE('',*,*,#531,.F.);
#718=ORIENTED_EDGE('',*,*,#532,.F.);
#719=ORIENTED_EDGE('',*,*,#533,.T.);
#720=ORIENTED_EDGE('',*,*,#534,.F.);
#721=ORIENTED_EDGE('',*,*,#535,.T.);
#722=ORIENTED_EDGE('',*,*,#536,.T.);
#723=ORIENTED_EDGE('',*,*,#528,.T.);
#724=ORIENTED_EDGE('',*,*,#537,.F.);
#725=ORIENTED_EDGE('',*,*,#538,.F.);
#726=ORIENTED_EDGE('',*,*,#539,.T.);
#727=ORIENTED_EDGE('',*,*,#540,.T.);
#728=ORIENTED_EDGE('',*,*,#541,.F.);
#729=ORIENTED_EDGE('',*,*,#542,.F.);
#730=ORIENTED_EDGE('',*,*,#543,.T.);
#731=ORIENTED_EDGE('',*,*,#538,.T.);
#732=ORIENTED_EDGE('',*,*,#544,.F.);
#733=ORIENTED_EDGE('',*,*,#542,.T.);
#734=ORIENTED_EDGE('',*,*,#545,.F.);
#735=ORIENTED_EDGE('',*,*,#546,.T.);
#736=ORIENTED_EDGE('',*,*,#547,.T.);
#737=ORIENTED_EDGE('',*,*,#532,.T.);
#738=ORIENTED_EDGE('',*,*,#548,.F.);
#739=ORIENTED_EDGE('',*,*,#549,.T.);
#740=ORIENTED_EDGE('',*,*,#550,.T.);
#741=ORIENTED_EDGE('',*,*,#551,.T.);
#742=ORIENTED_EDGE('',*,*,#525,.T.);
#743=ORIENTED_EDGE('',*,*,#552,.F.);
#744=ORIENTED_EDGE('',*,*,#553,.F.);
#745=ORIENTED_EDGE('',*,*,#530,.F.);
#746=ORIENTED_EDGE('',*,*,#554,.F.);
#747=ORIENTED_EDGE('',*,*,#555,.F.);
#748=ORIENTED_EDGE('',*,*,#556,.F.);
#749=ORIENTED_EDGE('',*,*,#557,.T.);
#750=ORIENTED_EDGE('',*,*,#558,.F.);
#751=ORIENTED_EDGE('',*,*,#557,.F.);
#752=ORIENTED_EDGE('',*,*,#559,.F.);
#753=ORIENTED_EDGE('',*,*,#560,.T.);
#754=ORIENTED_EDGE('',*,*,#561,.F.);
#755=ORIENTED_EDGE('',*,*,#562,.T.);
#756=ORIENTED_EDGE('',*,*,#555,.T.);
#757=ORIENTED_EDGE('',*,*,#556,.T.);
#758=ORIENTED_EDGE('',*,*,#563,.T.);
#759=ORIENTED_EDGE('',*,*,#564,.T.);
#760=ORIENTED_EDGE('',*,*,#565,.F.);
#761=ORIENTED_EDGE('',*,*,#566,.F.);
#762=ORIENTED_EDGE('',*,*,#567,.T.);
#763=ORIENTED_EDGE('',*,*,#559,.T.);
#764=ORIENTED_EDGE('',*,*,#568,.F.);
#765=ORIENTED_EDGE('',*,*,#569,.F.);
#766=ORIENTED_EDGE('',*,*,#570,.T.);
#767=ORIENTED_EDGE('',*,*,#571,.T.);
#768=ORIENTED_EDGE('',*,*,#563,.F.);
#769=ORIENTED_EDGE('',*,*,#572,.F.);
#770=ORIENTED_EDGE('',*,*,#573,.T.);
#771=ORIENTED_EDGE('',*,*,#574,.F.);
#772=ORIENTED_EDGE('',*,*,#575,.F.);
#773=ORIENTED_EDGE('',*,*,#576,.T.);
#774=ORIENTED_EDGE('',*,*,#577,.F.);
#775=ORIENTED_EDGE('',*,*,#572,.T.);
#776=ORIENTED_EDGE('',*,*,#578,.T.);
#777=ORIENTED_EDGE('',*,*,#579,.F.);
#778=ORIENTED_EDGE('',*,*,#580,.T.);
#779=ORIENTED_EDGE('',*,*,#581,.T.);
#780=ORIENTED_EDGE('',*,*,#582,.T.);
#781=ORIENTED_EDGE('',*,*,#583,.T.);
#782=ORIENTED_EDGE('',*,*,#584,.T.);
#783=ORIENTED_EDGE('',*,*,#585,.T.);
#784=ORIENTED_EDGE('',*,*,#586,.T.);
#785=ORIENTED_EDGE('',*,*,#587,.T.);
#786=ORIENTED_EDGE('',*,*,#561,.T.);
#787=ORIENTED_EDGE('',*,*,#588,.F.);
#788=ORIENTED_EDGE('',*,*,#550,.F.);
#789=ORIENTED_EDGE('',*,*,#589,.F.);
#790=ORIENTED_EDGE('',*,*,#590,.F.);
#791=ORIENTED_EDGE('',*,*,#591,.T.);
#792=ORIENTED_EDGE('',*,*,#586,.F.);
#793=ORIENTED_EDGE('',*,*,#592,.F.);
#794=ORIENTED_EDGE('',*,*,#593,.T.);
#795=ORIENTED_EDGE('',*,*,#576,.F.);
#796=ORIENTED_EDGE('',*,*,#571,.F.);
#797=ORIENTED_EDGE('',*,*,#594,.T.);
#798=ORIENTED_EDGE('',*,*,#580,.F.);
#799=ORIENTED_EDGE('',*,*,#595,.F.);
#800=ORIENTED_EDGE('',*,*,#564,.F.);
#801=ORIENTED_EDGE('',*,*,#596,.F.);
#802=ORIENTED_EDGE('',*,*,#552,.T.);
#803=ORIENTED_EDGE('',*,*,#527,.T.);
#804=ORIENTED_EDGE('',*,*,#597,.F.);
#805=ORIENTED_EDGE('',*,*,#540,.F.);
#806=ORIENTED_EDGE('',*,*,#558,.T.);
#807=ORIENTED_EDGE('',*,*,#598,.F.);
#808=ORIENTED_EDGE('',*,*,#577,.T.);
#809=ORIENTED_EDGE('',*,*,#593,.F.);
#810=ORIENTED_EDGE('',*,*,#599,.F.);
#811=ORIENTED_EDGE('',*,*,#600,.F.);
#812=ORIENTED_EDGE('',*,*,#601,.F.);
#813=ORIENTED_EDGE('',*,*,#582,.F.);
#814=ORIENTED_EDGE('',*,*,#560,.F.);
#815=ORIENTED_EDGE('',*,*,#567,.F.);
#816=ORIENTED_EDGE('',*,*,#602,.T.);
#817=ORIENTED_EDGE('',*,*,#549,.F.);
#818=ORIENTED_EDGE('',*,*,#603,.T.);
#819=ORIENTED_EDGE('',*,*,#604,.F.);
#820=ORIENTED_EDGE('',*,*,#565,.T.);
#821=ORIENTED_EDGE('',*,*,#595,.T.);
#822=ORIENTED_EDGE('',*,*,#579,.T.);
#823=ORIENTED_EDGE('',*,*,#605,.T.);
#824=ORIENTED_EDGE('',*,*,#606,.T.);
#825=ORIENTED_EDGE('',*,*,#607,.T.);
#826=ORIENTED_EDGE('',*,*,#589,.T.);
#827=ORIENTED_EDGE('',*,*,#604,.T.);
#828=ORIENTED_EDGE('',*,*,#608,.T.);
#829=ORIENTED_EDGE('',*,*,#602,.F.);
#830=ORIENTED_EDGE('',*,*,#566,.T.);
#831=ORIENTED_EDGE('',*,*,#609,.F.);
#832=ORIENTED_EDGE('',*,*,#573,.F.);
#833=ORIENTED_EDGE('',*,*,#581,.F.);
#834=ORIENTED_EDGE('',*,*,#594,.F.);
#835=ORIENTED_EDGE('',*,*,#570,.F.);
#836=ORIENTED_EDGE('',*,*,#610,.T.);
#837=ORIENTED_EDGE('',*,*,#534,.T.);
#838=ORIENTED_EDGE('',*,*,#611,.F.);
#839=ORIENTED_EDGE('',*,*,#612,.F.);
#840=ORIENTED_EDGE('',*,*,#613,.F.);
#841=ORIENTED_EDGE('',*,*,#546,.F.);
#842=ORIENTED_EDGE('',*,*,#614,.F.);
#843=ORIENTED_EDGE('',*,*,#615,.T.);
#844=ORIENTED_EDGE('',*,*,#568,.T.);
#845=ORIENTED_EDGE('',*,*,#562,.F.);
#846=ORIENTED_EDGE('',*,*,#587,.F.);
#847=ORIENTED_EDGE('',*,*,#591,.F.);
#848=ORIENTED_EDGE('',*,*,#615,.F.);
#849=ORIENTED_EDGE('',*,*,#616,.T.);
#850=ORIENTED_EDGE('',*,*,#535,.F.);
#851=ORIENTED_EDGE('',*,*,#610,.F.);
#852=ORIENTED_EDGE('',*,*,#569,.T.);
#853=ORIENTED_EDGE('',*,*,#597,.T.);
#854=ORIENTED_EDGE('',*,*,#526,.T.);
#855=ORIENTED_EDGE('',*,*,#554,.T.);
#856=ORIENTED_EDGE('',*,*,#529,.F.);
#857=ORIENTED_EDGE('',*,*,#536,.F.);
#858=ORIENTED_EDGE('',*,*,#616,.F.);
#859=ORIENTED_EDGE('',*,*,#614,.T.);
#860=ORIENTED_EDGE('',*,*,#545,.T.);
#861=ORIENTED_EDGE('',*,*,#544,.T.);
#862=ORIENTED_EDGE('',*,*,#541,.T.);
#863=ORIENTED_EDGE('',*,*,#596,.T.);
#864=ORIENTED_EDGE('',*,*,#539,.F.);
#865=ORIENTED_EDGE('',*,*,#543,.F.);
#866=ORIENTED_EDGE('',*,*,#547,.F.);
#867=ORIENTED_EDGE('',*,*,#613,.T.);
#868=ORIENTED_EDGE('',*,*,#590,.T.);
#869=ORIENTED_EDGE('',*,*,#575,.T.);
#870=ORIENTED_EDGE('',*,*,#598,.T.);
#871=ORIENTED_EDGE('',*,*,#608,.F.);
#872=ORIENTED_EDGE('',*,*,#603,.F.);
#873=ORIENTED_EDGE('',*,*,#548,.T.);
#874=ORIENTED_EDGE('',*,*,#537,.T.);
#875=ORIENTED_EDGE('',*,*,#531,.T.);
#876=ORIENTED_EDGE('',*,*,#553,.T.);
#877=ORIENTED_EDGE('',*,*,#588,.T.);
#878=ORIENTED_EDGE('',*,*,#607,.F.);
#879=ORIENTED_EDGE('',*,*,#617,.T.);
#880=ORIENTED_EDGE('',*,*,#611,.T.);
#881=ORIENTED_EDGE('',*,*,#533,.F.);
#882=ORIENTED_EDGE('',*,*,#551,.F.);
#883=ORIENTED_EDGE('',*,*,#578,.F.);
#884=ORIENTED_EDGE('',*,*,#574,.T.);
#885=ORIENTED_EDGE('',*,*,#609,.T.);
#886=ORIENTED_EDGE('',*,*,#618,.F.);
#887=ORIENTED_EDGE('',*,*,#605,.F.);
#888=ORIENTED_EDGE('',*,*,#618,.T.);
#889=ORIENTED_EDGE('',*,*,#612,.T.);
#890=ORIENTED_EDGE('',*,*,#617,.F.);
#891=ORIENTED_EDGE('',*,*,#606,.F.);
#892=ORIENTED_EDGE('',*,*,#619,.T.);
#893=ORIENTED_EDGE('',*,*,#600,.T.);
#894=ORIENTED_EDGE('',*,*,#620,.F.);
#895=ORIENTED_EDGE('',*,*,#584,.F.);
#896=ORIENTED_EDGE('',*,*,#601,.T.);
#897=ORIENTED_EDGE('',*,*,#619,.F.);
#898=ORIENTED_EDGE('',*,*,#583,.F.);
#899=ORIENTED_EDGE('',*,*,#620,.T.);
#900=ORIENTED_EDGE('',*,*,#599,.T.);
#901=ORIENTED_EDGE('',*,*,#592,.T.);
#902=ORIENTED_EDGE('',*,*,#585,.F.);
#903=CONICAL_SURFACE('',#997,0.504,0.523598775598296);
#904=CONICAL_SURFACE('',#1000,0.5315,0.876058050598194);
#905=CONICAL_SURFACE('',#1004,0.5135,0.876058050598194);
#906=CONICAL_SURFACE('',#1006,0.5215,0.785398163397459);
#907=CONICAL_SURFACE('',#1010,0.6,0.785398163397465);
#908=CONICAL_SURFACE('',#1013,0.59,0.785398163397455);
#909=CONICAL_SURFACE('',#1017,0.4725,0.785398163397445);
#910=CONICAL_SURFACE('',#1032,0.494432230069397,0.785398163397436);
#911=CONICAL_SURFACE('',#1037,0.5,0.785398163397461);
#912=CONICAL_SURFACE('',#1042,0.494432230069397,0.785398163397436);
#913=CONICAL_SURFACE('',#1045,0.5,0.785398163397436);
#914=CONICAL_SURFACE('',#1050,0.5075,0.52411193314262);
#915=CONICAL_SURFACE('',#1062,0.5075,0.52411193314262);
#916=CONICAL_SURFACE('',#1064,0.451,0.785398163397448);
#917=CONICAL_SURFACE('',#1068,0.461,0.785398163397452);
#918=CONICAL_SURFACE('',#1076,0.5175,0.524111933142621);
#919=CONICAL_SURFACE('',#1088,0.5175,0.524111933142621);
#920=CONICAL_SURFACE('',#1089,0.5175,0.524111933142621);
#921=CONICAL_SURFACE('',#1090,0.461,0.785398163397452);
#922=ADVANCED_FACE('',(#89),#903,.F.);
#923=ADVANCED_FACE('',(#90),#904,.T.);
#924=ADVANCED_FACE('',(#91),#905,.T.);
#925=ADVANCED_FACE('',(#92),#906,.T.);
#926=ADVANCED_FACE('',(#93),#907,.T.);
#927=ADVANCED_FACE('',(#94),#908,.T.);
#928=ADVANCED_FACE('',(#95),#909,.F.);
#929=ADVANCED_FACE('',(#96),#73,.F.);
#930=ADVANCED_FACE('',(#97),#74,.F.);
#931=ADVANCED_FACE('',(#98),#75,.T.);
#932=ADVANCED_FACE('',(#99),#76,.T.);
#933=ADVANCED_FACE('',(#100,#55),#60,.F.);
#934=ADVANCED_FACE('',(#101,#56),#61,.F.);
#935=ADVANCED_FACE('',(#102,#57),#62,.F.);
#936=ADVANCED_FACE('',(#103,#58),#63,.T.);
#937=ADVANCED_FACE('',(#104),#43,.T.);
#938=ADVANCED_FACE('',(#105),#910,.T.);
#939=ADVANCED_FACE('',(#106),#77,.T.);
#940=ADVANCED_FACE('',(#107),#911,.T.);
#941=ADVANCED_FACE('',(#108),#44,.T.);
#942=ADVANCED_FACE('',(#109),#45,.F.);
#943=ADVANCED_FACE('',(#110),#912,.T.);
#944=ADVANCED_FACE('',(#111),#913,.T.);
#945=ADVANCED_FACE('',(#112),#46,.T.);
#946=ADVANCED_FACE('',(#113),#78,.T.);
#947=ADVANCED_FACE('',(#114),#914,.T.);
#948=ADVANCED_FACE('',(#115),#79,.T.);
#949=ADVANCED_FACE('',(#116),#80,.T.);
#950=ADVANCED_FACE('',(#117),#81,.T.);
#951=ADVANCED_FACE('',(#118),#82,.T.);
#952=ADVANCED_FACE('',(#119),#83,.T.);
#953=ADVANCED_FACE('',(#120),#84,.T.);
#954=ADVANCED_FACE('',(#121),#915,.T.);
#955=ADVANCED_FACE('',(#122),#916,.F.);
#956=ADVANCED_FACE('',(#123),#917,.F.);
#957=ADVANCED_FACE('',(#124),#85,.F.);
#958=ADVANCED_FACE('',(#125),#918,.T.);
#959=ADVANCED_FACE('',(#126),#86,.T.);
#960=ADVANCED_FACE('',(#127),#64,.F.);
#961=ADVANCED_FACE('',(#128),#65,.F.);
#962=ADVANCED_FACE('',(#129),#919,.T.);
#963=ADVANCED_FACE('',(#130),#920,.T.);
#964=ADVANCED_FACE('',(#131),#921,.F.);
#965=ADVANCED_FACE('',(#132,#59),#66,.T.);
#966=ADVANCED_FACE('',(#133),#67,.T.);
#967=ADVANCED_FACE('',(#134),#68,.F.);
#968=ADVANCED_FACE('',(#135),#69,.F.);
#969=ADVANCED_FACE('',(#136),#70,.T.);
#970=ADVANCED_FACE('',(#137),#71,.T.);
#971=ADVANCED_FACE('',(#138),#72,.F.);
#972=ADVANCED_FACE('',(#139),#16,.F.);
#973=ADVANCED_FACE('',(#140),#17,.F.);
#974=ADVANCED_FACE('',(#141),#18,.F.);
#975=ADVANCED_FACE('',(#142),#19,.F.);
#976=ADVANCED_FACE('',(#143),#87,.T.);
#977=ADVANCED_FACE('',(#144),#88,.T.);
#978=ADVANCED_FACE('',(#145),#20,.F.);
#979=ADVANCED_FACE('',(#146),#21,.F.);
#980=CLOSED_SHELL('',(#922,#923,#924,#925,#926,#927,#928,#929,#930,#931,
#932,#933,#934,#935,#936));
#981=CLOSED_SHELL('',(#937,#938,#939,#940,#941));
#982=CLOSED_SHELL('',(#942,#943,#944,#945,#946));
#983=CLOSED_SHELL('',(#947,#948,#949,#950,#951,#952,#953,#954,#955,#956,
#957,#958,#959,#960,#961,#962,#963,#964,#965,#966,#967,#968,#969,#970,#971,
#972,#973,#974,#975,#976,#977,#978,#979));
#984=DERIVED_UNIT_ELEMENT(#986,1.);
#985=DERIVED_UNIT_ELEMENT(#3308,-3.);
#986=(
MASS_UNIT()
NAMED_UNIT(*)
SI_UNIT(.KILO.,.GRAM.)
);
#987=DERIVED_UNIT((#984,#985));
#988=MEASURE_REPRESENTATION_ITEM('density measure',
POSITIVE_RATIO_MEASURE(7850.),#987);
#989=PROPERTY_DEFINITION_REPRESENTATION(#994,#991);
#990=PROPERTY_DEFINITION_REPRESENTATION(#995,#992);
#991=REPRESENTATION('material name',(#993),#3303);
#992=REPRESENTATION('density',(#988),#3303);
#993=DESCRIPTIVE_REPRESENTATION_ITEM('Steel','Steel');
#994=PROPERTY_DEFINITION('material property','material name',#3316);
#995=PROPERTY_DEFINITION('material property','density of part',#3316);
#996=AXIS2_PLACEMENT_3D('',#1384,#1105,#1106);
#997=AXIS2_PLACEMENT_3D('',#1385,#1107,#1108);
#998=AXIS2_PLACEMENT_3D('',#1387,#1109,#1110);
#999=AXIS2_PLACEMENT_3D('',#1390,#1112,#1113);
#1000=AXIS2_PLACEMENT_3D('',#1391,#1114,#1115);
#1001=AXIS2_PLACEMENT_3D('',#1393,#1116,#1117);
#1002=AXIS2_PLACEMENT_3D('',#1397,#1119,#1120);
#1003=AXIS2_PLACEMENT_3D('',#1398,#1121,#1122);
#1004=AXIS2_PLACEMENT_3D('',#1399,#1123,#1124);
#1005=AXIS2_PLACEMENT_3D('',#1401,#1125,#1126);
#1006=AXIS2_PLACEMENT_3D('',#1403,#1128,#1129);
#1007=AXIS2_PLACEMENT_3D('',#1406,#1130,#1131);
#1008=AXIS2_PLACEMENT_3D('',#1407,#1132,#1133);
#1009=AXIS2_PLACEMENT_3D('',#1410,#1135,#1136);
#1010=AXIS2_PLACEMENT_3D('',#1411,#1137,#1138);
#1011=AXIS2_PLACEMENT_3D('',#1413,#1139,#1140);
#1012=AXIS2_PLACEMENT_3D('',#1416,#1142,#1143);
#1013=AXIS2_PLACEMENT_3D('',#1417,#1144,#1145);
#1014=AXIS2_PLACEMENT_3D('',#1420,#1146,#1147);
#1015=AXIS2_PLACEMENT_3D('',#1421,#1148,#1149);
#1016=AXIS2_PLACEMENT_3D('',#1424,#1151,#1152);
#1017=AXIS2_PLACEMENT_3D('',#1425,#1153,#1154);
#1018=AXIS2_PLACEMENT_3D('',#1427,#1155,#1156);
#1019=AXIS2_PLACEMENT_3D('',#1430,#1158,#1159);
#1020=AXIS2_PLACEMENT_3D('',#1431,#1160,#1161);
#1021=AXIS2_PLACEMENT_3D('',#1433,#1162,#1163);
#1022=AXIS2_PLACEMENT_3D('',#1435,#1165,#1166);
#1023=AXIS2_PLACEMENT_3D('',#1437,#1167,#1168);
#1024=AXIS2_PLACEMENT_3D('',#1439,#1170,#1171);
#1025=AXIS2_PLACEMENT_3D('',#1441,#1173,#1174);
#1026=AXIS2_PLACEMENT_3D('',#1443,#1176,#1177);
#1027=AXIS2_PLACEMENT_3D('',#1444,#1178,#1179);
#1028=AXIS2_PLACEMENT_3D('',#1445,#1180,#1181);
#1029=AXIS2_PLACEMENT_3D('',#1446,#1182,#1183);
#1030=AXIS2_PLACEMENT_3D('',#1447,#1184,#1185);
#1031=AXIS2_PLACEMENT_3D('',#1449,#1186,#1187);
#1032=AXIS2_PLACEMENT_3D('',#1450,#1188,#1189);
#1033=AXIS2_PLACEMENT_3D('',#1452,#1190,#1191);
#1034=AXIS2_PLACEMENT_3D('',#1454,#1193,#1194);
#1035=AXIS2_PLACEMENT_3D('',#1457,#1195,#1196);
#1036=AXIS2_PLACEMENT_3D('',#1458,#1197,#1198);
#1037=AXIS2_PLACEMENT_3D('',#1460,#1200,#1201);
#1038=AXIS2_PLACEMENT_3D('',#1463,#1203,#1204);
#1039=AXIS2_PLACEMENT_3D('',#1464,#1205,#1206);
#1040=AXIS2_PLACEMENT_3D('',#1465,#1207,#1208);
#1041=AXIS2_PLACEMENT_3D('',#1467,#1209,#1210);
#1042=AXIS2_PLACEMENT_3D('',#1468,#1211,#1212);
#1043=AXIS2_PLACEMENT_3D('',#1471,#1213,#1214);
#1044=AXIS2_PLACEMENT_3D('',#1473,#1216,#1217);
#1045=AXIS2_PLACEMENT_3D('',#1474,#1218,#1219);
#1046=AXIS2_PLACEMENT_3D('',#1476,#1220,#1221);
#1047=AXIS2_PLACEMENT_3D('',#1479,#1223,#1224);
#1048=AXIS2_PLACEMENT_3D('',#1480,#1225,#1226);
#1049=AXIS2_PLACEMENT_3D('',#1481,#1227,#1228);
#1050=AXIS2_PLACEMENT_3D('',#1483,#1230,#1231);
#1051=AXIS2_PLACEMENT_3D('',#1518,#1233,#1234);
#1052=AXIS2_PLACEMENT_3D('',#1519,#1235,#1236);
#1053=AXIS2_PLACEMENT_3D('',#1555,#1238,#1239);
#1054=AXIS2_PLACEMENT_3D('',#1576,#1240,#1241);
#1055=AXIS2_PLACEMENT_3D('',#1596,#1244,#1245);
#1056=AXIS2_PLACEMENT_3D('',#1663,#1246,#1247);
#1057=AXIS2_PLACEMENT_3D('',#1703,#1249,#1250);
#1058=AXIS2_PLACEMENT_3D('',#1734,#1251,#1252);
#1059=AXIS2_PLACEMENT_3D('',#1810,#1254,#1255);
#1060=AXIS2_PLACEMENT_3D('',#1870,#1257,#1258);
#1061=AXIS2_PLACEMENT_3D('',#1887,#1260,#1261);
#1062=AXIS2_PLACEMENT_3D('',#1894,#1262,#1263);
#1063=AXIS2_PLACEMENT_3D('',#1896,#1264,#1265);
#1064=AXIS2_PLACEMENT_3D('',#1929,#1266,#1267);
#1065=AXIS2_PLACEMENT_3D('',#1932,#1268,#1269);
#1066=AXIS2_PLACEMENT_3D('',#1933,#1270,#1271);
#1067=AXIS2_PLACEMENT_3D('',#1936,#1273,#1274);
#1068=AXIS2_PLACEMENT_3D('',#1937,#1275,#1276);
#1069=AXIS2_PLACEMENT_3D('',#1940,#1277,#1278);
#1070=AXIS2_PLACEMENT_3D('',#1944,#1280,#1281);
#1071=AXIS2_PLACEMENT_3D('',#1946,#1283,#1284);
#1072=AXIS2_PLACEMENT_3D('',#1950,#1286,#1287);
#1073=AXIS2_PLACEMENT_3D('',#1954,#1289,#1290);
#1074=AXIS2_PLACEMENT_3D('',#1959,#1293,#1294);
#1075=AXIS2_PLACEMENT_3D('',#1962,#1296,#1297);
#1076=AXIS2_PLACEMENT_3D('',#1963,#1298,#1299);
#1077=AXIS2_PLACEMENT_3D('',#1966,#1300,#1301);
#1078=AXIS2_PLACEMENT_3D('',#1989,#1303,#1304);
#1079=AXIS2_PLACEMENT_3D('',#1992,#1305,#1306);
#1080=AXIS2_PLACEMENT_3D('',#1994,#1307,#1308);
#1081=AXIS2_PLACEMENT_3D('',#1996,#1310,#1311);
#1082=AXIS2_PLACEMENT_3D('',#1998,#1312,#1313);
#1083=AXIS2_PLACEMENT_3D('',#2002,#1315,#1316);
#1084=AXIS2_PLACEMENT_3D('',#2004,#1318,#1319);
#1085=AXIS2_PLACEMENT_3D('',#2008,#1321,#1322);
#1086=AXIS2_PLACEMENT_3D('',#2010,#1323,#1324);
#1087=AXIS2_PLACEMENT_3D('',#2019,#1325,#1326);
#1088=AXIS2_PLACEMENT_3D('',#2021,#1328,#1329);
#1089=AXIS2_PLACEMENT_3D('',#2034,#1331,#1332);
#1090=AXIS2_PLACEMENT_3D('',#2071,#1335,#1336);
#1091=AXIS2_PLACEMENT_3D('',#2074,#1339,#1340);
#1092=AXIS2_PLACEMENT_3D('',#2075,#1341,#1342);
#1093=AXIS2_PLACEMENT_3D('',#2076,#1343,#1344);
#1094=AXIS2_PLACEMENT_3D('',#2077,#1345,#1346);
#1095=AXIS2_PLACEMENT_3D('',#2086,#1352,#1353);
#1096=AXIS2_PLACEMENT_3D('',#2095,#1359,#1360);
#1097=AXIS2_PLACEMENT_3D('',#2096,#1361,#1362);
#1098=AXIS2_PLACEMENT_3D('',#2097,#1363,#1364);
#1099=AXIS2_PLACEMENT_3D('',#2104,#1369,#1370);
#1100=AXIS2_PLACEMENT_3D('',#2109,#1374,#1375);
#1101=AXIS2_PLACEMENT_3D('',#2110,#1376,#1377);
#1102=AXIS2_PLACEMENT_3D('',#2905,#1378,#1379);
#1103=AXIS2_PLACEMENT_3D('',#2906,#1380,#1381);
#1104=AXIS2_PLACEMENT_3D('',#2907,#1382,#1383);
#1105=DIRECTION('axis',(0.,0.,1.));
#1106=DIRECTION('refdir',(1.,0.,0.));
#1107=DIRECTION('center_axis',(1.,0.,0.));
#1108=DIRECTION('ref_axis',(0.,0.,-1.));
#1109=DIRECTION('center_axis',(1.,0.,0.));
#1110=DIRECTION('ref_axis',(0.,0.,1.));
#1111=DIRECTION('',(0.86602540378444,-6.12323399573674E-17,0.499999999999998));
#1112=DIRECTION('center_axis',(-1.,0.,0.));
#1113=DIRECTION('ref_axis',(0.,0.,1.));
#1114=DIRECTION('center_axis',(-1.,0.,0.));
#1115=DIRECTION('ref_axis',(0.,0.,1.));
#1116=DIRECTION('center_axis',(-1.,0.,0.));
#1117=DIRECTION('ref_axis',(0.,0.,1.));
#1118=DIRECTION('',(0.640184399664479,9.40799731095811E-17,0.768221279597376));
#1119=DIRECTION('center_axis',(-1.,0.,0.));
#1120=DIRECTION('ref_axis',(0.,0.,1.));
#1121=DIRECTION('center_axis',(-1.,0.,0.));
#1122=DIRECTION('ref_axis',(0.,0.,1.));
#1123=DIRECTION('center_axis',(1.,0.,0.));
#1124=DIRECTION('ref_axis',(0.,0.,-1.));
#1125=DIRECTION('center_axis',(-1.,0.,0.));
#1126=DIRECTION('ref_axis',(0.,0.,1.));
#1127=DIRECTION('',(-0.64018439966448,9.40799731095811E-17,-0.768221279597376));
#1128=DIRECTION('center_axis',(1.,0.,0.));
#1129=DIRECTION('ref_axis',(0.,0.,-1.));
#1130=DIRECTION('center_axis',(1.,0.,0.));
#1131=DIRECTION('ref_axis',(0.,0.,-1.));
#1132=DIRECTION('center_axis',(1.,0.,0.));
#1133=DIRECTION('ref_axis',(0.,0.,-1.));
#1134=DIRECTION('',(-0.70710678118654,8.65956056235502E-17,-0.707106781186555));
#1135=DIRECTION('center_axis',(-1.,0.,0.));
#1136=DIRECTION('ref_axis',(0.,0.,-1.));
#1137=DIRECTION('center_axis',(-1.,0.,0.));
#1138=DIRECTION('ref_axis',(0.,0.,1.));
#1139=DIRECTION('center_axis',(-1.,0.,0.));
#1140=DIRECTION('ref_axis',(0.,0.,1.));
#1141=DIRECTION('',(0.707106781186536,8.65956056235508E-17,0.707106781186559));
#1142=DIRECTION('center_axis',(1.,0.,0.));
#1143=DIRECTION('ref_axis',(0.,0.,1.));
#1144=DIRECTION('center_axis',(1.,0.,0.));
#1145=DIRECTION('ref_axis',(0.,0.,-1.));
#1146=DIRECTION('center_axis',(1.,0.,0.));
#1147=DIRECTION('ref_axis',(0.,0.,-1.));
#1148=DIRECTION('center_axis',(1.,0.,0.));
#1149=DIRECTION('ref_axis',(0.,0.,-1.));
#1150=DIRECTION('',(-0.707106781186543,8.65956056235499E-17,-0.707106781186552));
#1151=DIRECTION('center_axis',(-1.,0.,0.));
#1152=DIRECTION('ref_axis',(0.,0.,-1.));
#1153=DIRECTION('center_axis',(-1.,0.,0.));
#1154=DIRECTION('ref_axis',(0.,0.,1.));
#1155=DIRECTION('center_axis',(-1.,0.,0.));
#1156=DIRECTION('ref_axis',(0.,0.,-1.));
#1157=DIRECTION('',(-0.70710678118655,-8.6595605623549E-17,-0.707106781186545));
#1158=DIRECTION('center_axis',(1.,0.,0.));
#1159=DIRECTION('ref_axis',(0.,0.,-1.));
#1160=DIRECTION('center_axis',(1.,0.,0.));
#1161=DIRECTION('ref_axis',(0.,0.,-1.));
#1162=DIRECTION('center_axis',(1.,0.,0.));
#1163=DIRECTION('ref_axis',(0.,0.,-1.));
#1164=DIRECTION('',(1.,0.,0.));
#1165=DIRECTION('center_axis',(-1.,0.,0.));
#1166=DIRECTION('ref_axis',(0.,0.,1.));
#1167=DIRECTION('center_axis',(-1.,0.,0.));
#1168=DIRECTION('ref_axis',(0.,0.,-1.));
#1169=DIRECTION('',(-1.,0.,0.));
#1170=DIRECTION('center_axis',(-1.,0.,0.));
#1171=DIRECTION('ref_axis',(0.,0.,1.));
#1172=DIRECTION('',(1.,0.,0.));
#1173=DIRECTION('center_axis',(-1.,0.,0.));
#1174=DIRECTION('ref_axis',(0.,0.,1.));
#1175=DIRECTION('',(1.,0.,0.));
#1176=DIRECTION('center_axis',(1.,0.,0.));
#1177=DIRECTION('ref_axis',(0.,0.,-1.));
#1178=DIRECTION('center_axis',(1.,0.,0.));
#1179=DIRECTION('ref_axis',(0.,0.,-1.));
#1180=DIRECTION('center_axis',(-1.,0.,0.));
#1181=DIRECTION('ref_axis',(0.,0.,1.));
#1182=DIRECTION('center_axis',(1.,0.,0.));
#1183=DIRECTION('ref_axis',(0.,0.,-1.));
#1184=DIRECTION('center_axis',(0.,0.512051977885079,0.858954464418213));
#1185=DIRECTION('ref_axis',(-2.30860948223324E-16,-0.858954464418213,0.512051977885079));
#1186=DIRECTION('center_axis',(-1.,3.08062209889266E-17,-9.92578867050858E-17));
#1187=DIRECTION('ref_axis',(7.72863382583248E-17,0.858954464418213,-0.512051977885079));
#1188=DIRECTION('center_axis',(-1.,3.08062209889266E-17,-9.92578867050858E-17));
#1189=DIRECTION('ref_axis',(7.72863382583248E-17,0.858954464418213,-0.512051977885079));
#1190=DIRECTION('center_axis',(-1.,3.08062209889266E-17,-9.92578867050858E-17));
#1191=DIRECTION('ref_axis',(7.72863382583248E-17,0.858954464418213,-0.512051977885079));
#1192=DIRECTION('',(0.707106781186556,0.60737252652057,-0.362075425882519));
#1193=DIRECTION('center_axis',(-1.,3.08062209889266E-17,-9.92578867050858E-17));
#1194=DIRECTION('ref_axis',(7.72863382583248E-17,0.858954464418213,-0.512051977885079));
#1195=DIRECTION('center_axis',(-1.,3.08062209889266E-17,-9.92578867050858E-17));
#1196=DIRECTION('ref_axis',(7.72863382583248E-17,0.858954464418213,-0.512051977885079));
#1197=DIRECTION('center_axis',(-1.,3.08062209889266E-17,-9.92578867050858E-17));
#1198=DIRECTION('ref_axis',(7.72863382583248E-17,0.858954464418213,-0.512051977885079));
#1199=DIRECTION('',(1.,-3.08062209889266E-17,9.92578867050858E-17));
#1200=DIRECTION('center_axis',(1.,-3.08062209889266E-17,9.92578867050858E-17));
#1201=DIRECTION('ref_axis',(-7.72863382583248E-17,-0.858954464418213,0.512051977885079));
#1202=DIRECTION('',(-0.707106781186539,-0.607372526520585,0.362075425882528));
#1203=DIRECTION('center_axis',(-1.,3.08062209889266E-17,-9.92578867050858E-17));
#1204=DIRECTION('ref_axis',(7.72863382583248E-17,0.858954464418213,-0.512051977885079));
#1205=DIRECTION('center_axis',(0.,0.512051977885079,0.858954464418213));
#1206=DIRECTION('ref_axis',(0.,-0.858954464418213,0.512051977885079));
#1207=DIRECTION('center_axis',(0.,0.512051977885079,0.858954464418213));
#1208=DIRECTION('ref_axis',(0.,0.858954464418213,-0.512051977885079));
#1209=DIRECTION('center_axis',(1.,7.43818884881374E-17,3.65516761445474E-17));
#1210=DIRECTION('ref_axis',(6.94836185255058E-17,-0.512051977885079,-0.858954464418213));
#1211=DIRECTION('center_axis',(-1.,-7.43818884881374E-17,-3.65516761445474E-17));
#1212=DIRECTION('ref_axis',(-6.94836185255058E-17,0.512051977885079,0.858954464418213));
#1213=DIRECTION('center_axis',(1.,7.43818884881374E-17,3.65516761445474E-17));
#1214=DIRECTION('ref_axis',(6.94836185255058E-17,-0.512051977885079,-0.858954464418213));
#1215=DIRECTION('',(0.707106781186556,0.362075425882519,0.60737252652057));
#1216=DIRECTION('center_axis',(1.,7.43818884881374E-17,3.65516761445474E-17));
#1217=DIRECTION('ref_axis',(6.94836185255058E-17,-0.512051977885079,-0.858954464418213));
#1218=DIRECTION('center_axis',(1.,7.43818884881374E-17,3.65516761445474E-17));
#1219=DIRECTION('ref_axis',(6.94836185255058E-17,-0.512051977885079,-0.858954464418213));
#1220=DIRECTION('center_axis',(1.,7.43818884881374E-17,3.65516761445474E-17));
#1221=DIRECTION('ref_axis',(6.94836185255058E-17,-0.512051977885079,-0.858954464418213));
#1222=DIRECTION('',(-0.707106781186556,-0.362075425882519,-0.60737252652057));
#1223=DIRECTION('center_axis',(1.,7.43818884881374E-17,3.65516761445474E-17));
#1224=DIRECTION('ref_axis',(6.94836185255058E-17,-0.512051977885079,-0.858954464418213));
#1225=DIRECTION('center_axis',(0.,0.512051977885079,0.858954464418213));
#1226=DIRECTION('ref_axis',(0.,0.858954464418213,-0.512051977885079));
#1227=DIRECTION('center_axis',(1.,7.43818884881374E-17,3.65516761445474E-17));
#1228=DIRECTION('ref_axis',(6.94836185255058E-17,-0.512051977885079,-0.858954464418213));
#1229=DIRECTION('',(-1.,-7.43818884881374E-17,-3.65516761445474E-17));
#1230=DIRECTION('center_axis',(1.,-4.80916598830143E-19,1.13364582444363E-18));
#1231=DIRECTION('ref_axis',(4.80916598830143E-19,1.,-2.3550413738485E-16));
#1232=DIRECTION('',(-0.865768710998018,0.500444341617356,-5.75514319545716E-17));
#1233=DIRECTION('center_axis',(-1.,4.80916598830143E-19,-1.13364582444363E-18));
#1234=DIRECTION('ref_axis',(-4.80916598830143E-19,-1.,2.3550413738485E-16));
#1235=DIRECTION('center_axis',(1.,-4.80916598830143E-19,1.13364582444363E-18));
#1236=DIRECTION('ref_axis',(4.80916598830143E-19,1.,-2.30953332797703E-16));
#1237=DIRECTION('',(-1.,4.80916598830143E-19,-1.13364582444363E-18));
#1238=DIRECTION('center_axis',(1.,-4.80916598830143E-19,1.13364582444363E-18));
#1239=DIRECTION('ref_axis',(-4.80916598830143E-19,-1.,2.30953332797703E-16));
#1240=DIRECTION('center_axis',(1.,-4.80916598830143E-19,1.13364582444363E-18));
#1241=DIRECTION('ref_axis',(4.80916598830143E-19,1.,-2.30953332797703E-16));
#1242=DIRECTION('',(-1.,4.80916598830143E-19,-1.13364582444363E-18));
#1243=DIRECTION('',(1.,-4.80916598830144E-19,1.13364582444363E-18));
#1244=DIRECTION('center_axis',(-1.,4.80916598830143E-19,-1.13364582444363E-18));
#1245=DIRECTION('ref_axis',(-4.80916598830143E-19,-1.,2.30953332797703E-16));
#1246=DIRECTION('center_axis',(1.,-2.91397119324188E-14,-7.168919633541E-14));
#1247=DIRECTION('ref_axis',(2.91397119324188E-14,1.,-1.73450666264395E-16));
#1248=DIRECTION('',(-1.,2.91397119324188E-14,7.168919633541E-14));
#1249=DIRECTION('center_axis',(1.,-4.80916598830143E-19,1.13364582444363E-18));
#1250=DIRECTION('ref_axis',(4.80916598830143E-19,1.,-1.73450666264395E-16));
#1251=DIRECTION('center_axis',(1.,-2.91397119324188E-14,-7.168919633541E-14));
#1252=DIRECTION('ref_axis',(2.91397119324188E-14,1.,-1.73450666264395E-16));
#1253=DIRECTION('',(-1.,2.91397119324188E-14,7.168919633541E-14));
#1254=DIRECTION('center_axis',(1.,-2.91397119324188E-14,-7.168919633541E-14));
#1255=DIRECTION('ref_axis',(2.91397119324188E-14,1.,-1.73450666264395E-16));
#1256=DIRECTION('',(1.,0.,-2.9139711932419E-14));
#1257=DIRECTION('center_axis',(1.,-4.80916598830143E-19,1.13364582444363E-18));
#1258=DIRECTION('ref_axis',(4.80916598830143E-19,1.,-2.30953332797703E-16));
#1259=DIRECTION('',(1.,-4.80916598830144E-19,1.13364582444363E-18));
#1260=DIRECTION('center_axis',(-1.,4.80916598830143E-19,-1.13364582444363E-18));
#1261=DIRECTION('ref_axis',(-4.80916598830143E-19,-1.,2.30953332797703E-16));
#1262=DIRECTION('center_axis',(1.,-4.80916598830143E-19,1.13364582444363E-18));
#1263=DIRECTION('ref_axis',(4.80916598830143E-19,1.,-2.3550413738485E-16));
#1264=DIRECTION('center_axis',(-1.,4.80916598830143E-19,-1.13364582444363E-18));
#1265=DIRECTION('ref_axis',(-4.80916598830143E-19,-1.,2.3550413738485E-16));
#1266=DIRECTION('center_axis',(-1.,4.80916598830143E-19,-1.13364582444363E-18));
#1267=DIRECTION('ref_axis',(-4.80916598830143E-19,-1.,2.27149223419978E-16));
#1268=DIRECTION('center_axis',(-1.,4.80916598830143E-19,-1.13364582444363E-18));
#1269=DIRECTION('ref_axis',(-4.80916598830143E-19,-1.,2.27149223419978E-16));
#1270=DIRECTION('center_axis',(-1.,4.80916598830143E-19,-1.13364582444363E-18));
#1271=DIRECTION('ref_axis',(-4.80916598830143E-19,-1.,2.27149223419978E-16));
#1272=DIRECTION('',(-0.707106781186548,0.707106781186547,-2.48015970495002E-16));
#1273=DIRECTION('center_axis',(1.,-4.80916598830143E-19,1.13364582444363E-18));
#1274=DIRECTION('ref_axis',(-4.80916598830143E-19,-1.,2.2222190837833E-16));
#1275=DIRECTION('center_axis',(1.,-4.80916598830143E-19,1.13364582444363E-18));
#1276=DIRECTION('ref_axis',(4.80916598830143E-19,1.,-2.22221908378329E-16));
#1277=DIRECTION('center_axis',(1.,-4.80916598830143E-19,1.13364582444363E-18));
#1278=DIRECTION('ref_axis',(-4.80916598830142E-19,-1.,-6.81447670259933E-16));
#1279=DIRECTION('',(0.706899047697086,-1.54491259613956E-15,-0.707314453666086));
#1280=DIRECTION('center_axis',(-1.,4.80916598830143E-19,-1.13364582444363E-18));
#1281=DIRECTION('ref_axis',(-4.80916598830143E-19,-1.,2.22221908378329E-16));
#1282=DIRECTION('',(-0.706899047697086,1.54491259613958E-15,-0.707314453666086));
#1283=DIRECTION('center_axis',(1.,-4.80916598830143E-19,1.13364582444363E-18));
#1284=DIRECTION('ref_axis',(4.80916598830143E-19,1.,-2.27149223419978E-16));
#1285=DIRECTION('',(1.,-4.80916598830143E-19,1.13364582444363E-18));
#1286=DIRECTION('center_axis',(1.,-4.80916598830143E-19,1.13364582444363E-18));
#1287=DIRECTION('ref_axis',(-4.80916598830143E-19,-1.,2.27149223419978E-16));
#1288=DIRECTION('',(1.,-4.80916598830144E-19,1.13364582444363E-18));
#1289=DIRECTION('center_axis',(-1.,4.80916598830143E-19,-1.13364582444363E-18));
#1290=DIRECTION('ref_axis',(-4.80916598830143E-19,-1.,2.27149223419978E-16));
#1291=DIRECTION('',(1.,-4.80916598830144E-19,1.13364582444363E-18));
#1292=DIRECTION('',(1.,-4.80916598830144E-19,1.13364582444363E-18));
#1293=DIRECTION('center_axis',(-1.,4.80916598830143E-19,-1.13364582444363E-18));
#1294=DIRECTION('ref_axis',(-4.80916598830143E-19,-1.,2.27149223419978E-16));
#1295=DIRECTION('',(1.,-4.80916598830144E-19,1.13364582444363E-18));
#1296=DIRECTION('center_axis',(1.,-4.80916598830143E-19,1.13364582444363E-18));
#1297=DIRECTION('ref_axis',(-4.80916598830143E-19,-1.,2.27149223419978E-16));
#1298=DIRECTION('center_axis',(-1.,4.80916598830143E-19,-1.13364582444363E-18));
#1299=DIRECTION('ref_axis',(-4.80916598830143E-19,-1.,2.30953332797703E-16));
#1300=DIRECTION('center_axis',(1.,-4.80916598830143E-19,1.13364582444363E-18));
#1301=DIRECTION('ref_axis',(-4.80916598830143E-19,-1.,2.3550413738485E-16));
#1302=DIRECTION('',(-0.865666914402857,-1.46482263126047E-14,0.500620408401651));
#1303=DIRECTION('center_axis',(1.,-4.80916598830143E-19,1.13364582444363E-18));
#1304=DIRECTION('ref_axis',(4.80916598830143E-19,1.,-2.30953332797703E-16));
#1305=DIRECTION('center_axis',(-0.999967588009889,0.00805126882455728,-8.50610365153532E-16));
#1306=DIRECTION('ref_axis',(0.000243083086608839,0.0301909193567084,-0.999544120736553));
#1307=DIRECTION('center_axis',(-1.,4.80916598830143E-19,-1.13364582444363E-18));
#1308=DIRECTION('ref_axis',(-4.80916598830143E-19,-1.,2.30953332797703E-16));
#1309=DIRECTION('',(1.,-4.80916598830144E-19,1.13364582444363E-18));
#1310=DIRECTION('center_axis',(-1.,4.80916598830143E-19,-1.13364582444363E-18));
#1311=DIRECTION('ref_axis',(-4.80916598830143E-19,-1.,2.22044604925031E-16));
#1312=DIRECTION('center_axis',(0.999999999999996,-3.62966017046638E-9,-9.29331580298282E-8));
#1313=DIRECTION('ref_axis',(-9.29805845586146E-8,-0.0165901220981574,-0.999862374453984));
#1314=DIRECTION('',(1.13364582444363E-18,-1.60386441822177E-16,-1.));
#1315=DIRECTION('center_axis',(-1.,4.80916598830143E-19,-1.13364582444363E-18));
#1316=DIRECTION('ref_axis',(-4.80916598830143E-19,-1.,2.22221908378329E-16));
#1317=DIRECTION('',(-1.13364582444363E-18,-1.60386441822177E-16,1.));
#1318=DIRECTION('center_axis',(-1.,4.80916598830143E-19,-1.13364582444363E-18));
#1319=DIRECTION('ref_axis',(-4.80916598830143E-19,-1.,2.22044604925031E-16));
#1320=DIRECTION('',(1.13364582444363E-18,-1.28309153457741E-16,-1.));
#1321=DIRECTION('center_axis',(0.999999999982207,1.41775141883589E-6,-5.79443396147391E-6));
#1322=DIRECTION('ref_axis',(-5.85243461595019E-6,0.421268479764509,-0.906935977852157));
#1323=DIRECTION('center_axis',(1.,-4.80916598830143E-19,1.13364582444363E-18));
#1324=DIRECTION('ref_axis',(4.80916598830143E-19,1.,-1.73450666264395E-16));
#1325=DIRECTION('center_axis',(1.,-4.80916598830143E-19,1.13364582444363E-18));
#1326=DIRECTION('ref_axis',(-4.80916598830143E-19,-1.,2.3550413738485E-16));
#1327=DIRECTION('',(1.13364582444363E-18,1.28309153457741E-16,-1.));
#1328=DIRECTION('center_axis',(-1.,4.80916598830143E-19,-1.13364582444363E-18));
#1329=DIRECTION('ref_axis',(-4.80916598830143E-19,-1.,2.30953332797703E-16));
#1330=DIRECTION('',(-0.86566902300292,4.85520583686181E-14,-0.500616762217537));
#1331=DIRECTION('center_axis',(-1.,4.80916598830143E-19,-1.13364582444363E-18));
#1332=DIRECTION('ref_axis',(4.81072312012077E-19,0.999999990566099,-0.000137360113269541));
#1333=DIRECTION('',(0.865666936264086,-1.22966723831154E-14,-0.50062037059947));
#1334=DIRECTION('',(-0.865668980227234,2.30262139447574E-14,-0.500616836185461));
#1335=DIRECTION('center_axis',(1.,-4.80916598830143E-19,1.13364582444363E-18));
#1336=DIRECTION('ref_axis',(-4.80916598830143E-19,-1.,-9.9402621556998E-17));
#1337=DIRECTION('',(0.706899047697083,0.,0.707314453666089));
#1338=DIRECTION('',(0.706899047697084,0.,-0.707314453666087));
#1339=DIRECTION('center_axis',(-1.,4.80916598830143E-19,-1.13364582444363E-18));
#1340=DIRECTION('ref_axis',(-4.80916598830143E-19,-1.,2.22044604925031E-16));
#1341=DIRECTION('center_axis',(1.,1.52296169449501E-15,2.28660100842998E-16));
#1342=DIRECTION('ref_axis',(1.2714625808033E-15,-0.732679253533945,-0.680574104297938));
#1343=DIRECTION('center_axis',(1.,1.26236475178834E-15,-5.45696070117037E-15));
#1344=DIRECTION('ref_axis',(-5.5034563884114E-15,0.40254951787795,-0.91539821152121));
#1345=DIRECTION('center_axis',(-4.80916598830143E-19,-1.,1.28309153457741E-16));
#1346=DIRECTION('ref_axis',(-1.13364582444363E-18,1.28309153457741E-16,
1.));
#1347=DIRECTION('',(-0.499664103890007,-3.51451235810956E-14,0.866219246659756));
#1348=DIRECTION('',(-0.499986388651571,-3.48601289043722E-14,-0.8660332621575));
#1349=DIRECTION('',(-1.,0.,-2.91397119324194E-14));
#1350=DIRECTION('',(-0.499655104536172,9.00408651042332E-14,0.866224437724397));
#1351=DIRECTION('',(1.13364582444363E-18,-1.28309153457741E-16,-1.));
#1352=DIRECTION('center_axis',(-4.80916598830143E-19,-1.,1.60386441822177E-16));
#1353=DIRECTION('ref_axis',(-1.13364582444363E-18,1.60386441822177E-16,
1.));
#1354=DIRECTION('',(-0.499986587326946,-7.88013858935458E-14,0.866033147456351));
#1355=DIRECTION('',(1.13364582444363E-18,-1.60386441822177E-16,-1.));
#1356=DIRECTION('',(-0.499986224890719,-9.52798753733155E-14,0.866033356701419));
#1357=DIRECTION('',(-1.,0.,-2.91397119324198E-14));
#1358=DIRECTION('',(-0.499659615388479,-1.60260711219912E-14,-0.866221835761393));
#1359=DIRECTION('center_axis',(-1.,4.80916598830143E-19,-1.13364582444363E-18));
#1360=DIRECTION('ref_axis',(-4.80916598830143E-19,-1.,2.22044604925031E-16));
#1361=DIRECTION('center_axis',(0.999999999999997,1.1879678948348E-9,-8.34095341111461E-8));
#1362=DIRECTION('ref_axis',(-8.33783466670172E-8,0.0450587344710652,-0.998984339440744));
#1363=DIRECTION('center_axis',(4.80916598830143E-19,1.,1.60386441822177E-16));
#1364=DIRECTION('ref_axis',(1.13364582444363E-18,1.60386441822177E-16,-1.));
#1365=DIRECTION('',(-0.499659137455058,-1.51794648940964E-14,-0.866222111445827));
#1366=DIRECTION('',(-1.13364582444363E-18,-1.60386441822177E-16,1.));
#1367=DIRECTION('',(-0.499986502037695,1.40134133589988E-14,0.866033196696356));
#1368=DIRECTION('',(-1.,-7.28492798310432E-15,8.74191357972518E-14));
#1369=DIRECTION('center_axis',(-4.80916598830143E-19,-1.,-1.28309153457741E-16));
#1370=DIRECTION('ref_axis',(-1.13364582444363E-18,-1.28309153457741E-16,
1.));
#1371=DIRECTION('',(0.49998637822051,4.28204015805533E-15,0.866033268179657));
#1372=DIRECTION('',(0.499662140361661,-1.42464861335214E-15,-0.86622037928532));
#1373=DIRECTION('',(1.13364582444363E-18,1.28309153457741E-16,-1.));
#1374=DIRECTION('center_axis',(-1.,4.80916598830143E-19,-1.13364582444363E-18));
#1375=DIRECTION('ref_axis',(-4.80916598830143E-19,-1.,2.22044604925031E-16));
#1376=DIRECTION('center_axis',(1.,-3.56964002868219E-10,-1.2284646568354E-8));
#1377=DIRECTION('ref_axis',(1.22884297891388E-8,0.0139443029936205,0.999902773480513));
#1378=DIRECTION('center_axis',(1.,-2.91397119324188E-14,-7.168919633541E-14));
#1379=DIRECTION('ref_axis',(-2.91397119324188E-14,-1.,5.09859863496592E-17));
#1380=DIRECTION('center_axis',(1.,-2.91397119324188E-14,-7.168919633541E-14));
#1381=DIRECTION('ref_axis',(2.91397119324188E-14,1.,-1.73450666264395E-16));
#1382=DIRECTION('center_axis',(-0.999965828488692,0.00826691326462119,4.60308964785946E-15));
#1383=DIRECTION('ref_axis',(0.000256278194076076,0.0309994103560022,-0.999519369936905));
#1384=CARTESIAN_POINT('',(0.,0.,0.));
#1385=CARTESIAN_POINT('Origin',(0.224266656612646,0.,0.));
#1386=CARTESIAN_POINT('',(0.224266656612646,0.,0.504));
#1387=CARTESIAN_POINT('Origin',(0.224266656612646,0.,0.));
#1388=CARTESIAN_POINT('',(0.241587164688334,0.,0.514));
#1389=CARTESIAN_POINT('',(0.224266656612646,-6.17221986770266E-17,0.504));
#1390=CARTESIAN_POINT('Origin',(0.241587164688334,0.,0.));
#1391=CARTESIAN_POINT('Origin',(-0.397152992811666,0.,0.));
#1392=CARTESIAN_POINT('',(-0.397152992811666,0.,-0.5315));
#1393=CARTESIAN_POINT('Origin',(-0.397152992811666,0.,0.));
#1394=CARTESIAN_POINT('',(-0.382152992811666,-6.28856131362166E-17,-0.5135));
#1395=CARTESIAN_POINT('',(-0.397152992811666,-6.50899773746818E-17,-0.5315));
#1396=CARTESIAN_POINT('',(-0.382152992811666,0.,0.5135));
#1397=CARTESIAN_POINT('Origin',(-0.382152992811666,0.,0.));
#1398=CARTESIAN_POINT('Origin',(-0.382152992811666,0.,0.));
#1399=CARTESIAN_POINT('Origin',(-0.382152992811666,0.,0.));
#1400=CARTESIAN_POINT('',(-0.367152992811666,0.,0.5315));
#1401=CARTESIAN_POINT('Origin',(-0.367152992811666,0.,0.));
#1402=CARTESIAN_POINT('',(-0.382152992811666,-6.28856131362166E-17,0.5135));
#1403=CARTESIAN_POINT('Origin',(-0.487152992811666,0.,0.));
#1404=CARTESIAN_POINT('',(-0.477152992811666,0.,-0.5315));
#1405=CARTESIAN_POINT('',(-0.477152992811666,-6.50899773746818E-17,0.5315));
#1406=CARTESIAN_POINT('Origin',(-0.477152992811666,0.,0.));
#1407=CARTESIAN_POINT('Origin',(-0.477152992811666,0.,0.));
#1408=CARTESIAN_POINT('',(-0.487152992811666,0.,0.5215));
#1409=CARTESIAN_POINT('',(-0.487152992811666,-6.38653305755345E-17,0.5215));
#1410=CARTESIAN_POINT('Origin',(-0.487152992811666,0.,0.));
#1411=CARTESIAN_POINT('Origin',(0.231587164688334,0.,0.));
#1412=CARTESIAN_POINT('',(0.231587164688334,0.,-0.6));
#1413=CARTESIAN_POINT('Origin',(0.231587164688334,0.,0.));
#1414=CARTESIAN_POINT('',(0.241587164688334,0.,-0.59));
#1415=CARTESIAN_POINT('',(0.231587164688334,-7.34788079488412E-17,-0.6));
#1416=CARTESIAN_POINT('Origin',(0.241587164688334,0.,0.));
#1417=CARTESIAN_POINT('Origin',(-0.367152992811666,0.,0.));
#1418=CARTESIAN_POINT('',(-0.357152992811666,0.,-0.6));
#1419=CARTESIAN_POINT('',(-0.357152992811666,-7.34788079488412E-17,0.6));
#1420=CARTESIAN_POINT('Origin',(-0.357152992811666,0.,0.));
#1421=CARTESIAN_POINT('Origin',(-0.357152992811666,0.,0.));
#1422=CARTESIAN_POINT('',(-0.367152992811666,0.,0.59));
#1423=CARTESIAN_POINT('',(-0.367152992811666,-7.22541611496938E-17,0.59));
#1424=CARTESIAN_POINT('Origin',(-0.367152992811666,0.,0.));
#1425=CARTESIAN_POINT('Origin',(-0.477152992811664,0.,0.));
#1426=CARTESIAN_POINT('',(-0.477152992811664,0.,-0.4725));
#1427=CARTESIAN_POINT('Origin',(-0.477152992811664,0.,0.));
#1428=CARTESIAN_POINT('',(-0.487152992811666,0.,-0.482500000000002));
#1429=CARTESIAN_POINT('',(-0.477152992811664,-5.78645612597124E-17,-0.4725));
#1430=CARTESIAN_POINT('Origin',(-0.487152992811666,0.,0.));
#1431=CARTESIAN_POINT('Origin',(-0.337152992811666,0.,0.));
#1432=CARTESIAN_POINT('',(-0.337152992811666,0.,0.504));
#1433=CARTESIAN_POINT('Origin',(-0.337152992811666,0.,0.));
#1434=CARTESIAN_POINT('',(-0.337152992811666,-6.17221986770266E-17,0.504));
#1435=CARTESIAN_POINT('Origin',(0.241587164688334,0.,0.));
#1436=CARTESIAN_POINT('',(-0.337152992811666,0.,-0.4725));
#1437=CARTESIAN_POINT('Origin',(-0.337152992811666,0.,0.));
#1438=CARTESIAN_POINT('',(0.241587164688334,-5.78645612597124E-17,-0.4725));
#1439=CARTESIAN_POINT('Origin',(-0.856731786094109,0.,0.));
#1440=CARTESIAN_POINT('',(-0.856731786094109,-6.50899773746818E-17,-0.5315));
#1441=CARTESIAN_POINT('Origin',(-0.856731786094109,0.,0.));
#1442=CARTESIAN_POINT('',(-0.856731786094109,-7.34788079488412E-17,-0.6));
#1443=CARTESIAN_POINT('Origin',(-0.487152992811666,0.5315,0.));
#1444=CARTESIAN_POINT('Origin',(-0.367152992811666,0.6,0.));
#1445=CARTESIAN_POINT('Origin',(0.241587164688334,0.,0.));
#1446=CARTESIAN_POINT('Origin',(-0.337152992811666,0.,0.));
#1447=CARTESIAN_POINT('Origin',(-0.854132362346619,0.,0.));
#1448=CARTESIAN_POINT('',(-0.029137080524058,-0.424694771370362,0.253175001337165));
#1449=CARTESIAN_POINT('Origin',(-0.029137080524058,0.,0.));
#1450=CARTESIAN_POINT('Origin',(-0.029137080524058,0.,0.));
#1451=CARTESIAN_POINT('',(-0.034704850454661,-0.429477232209107,0.256025988942539));
#1452=CARTESIAN_POINT('Origin',(-0.034704850454661,0.,0.));
#1453=CARTESIAN_POINT('',(-0.029137080524058,-0.424694771370361,0.253175001337165));
#1454=CARTESIAN_POINT('Origin',(-0.286022126126151,0.,0.));
#1455=CARTESIAN_POINT('',(-0.117192394745205,0.429477232209106,-0.25602598894254));
#1456=CARTESIAN_POINT('',(-0.117192394745205,-0.429477232209106,0.256025988942539));
#1457=CARTESIAN_POINT('Origin',(-0.117192394745205,0.,0.));
#1458=CARTESIAN_POINT('Origin',(-0.117192394745205,0.,0.));
#1459=CARTESIAN_POINT('',(-0.286022126126151,-0.429477232209106,0.256025988942539));
#1460=CARTESIAN_POINT('Origin',(-0.117192394745205,0.,0.));
#1461=CARTESIAN_POINT('',(-0.122760164675808,0.424694771370361,-0.253175001337165));
#1462=CARTESIAN_POINT('',(-0.117192394745205,0.429477232209106,-0.256025988942539));
#1463=CARTESIAN_POINT('Origin',(-0.122760164675808,0.,0.));
#1464=CARTESIAN_POINT('Origin',(0.544292834503771,0.,0.));
#1465=CARTESIAN_POINT('Origin',(0.544292834503771,0.,0.));
#1466=CARTESIAN_POINT('',(-0.122760164675807,-0.253175001337166,-0.424694771370362));
#1467=CARTESIAN_POINT('Origin',(-0.122760164675808,0.,0.));
#1468=CARTESIAN_POINT('Origin',(-0.122760164675808,0.,0.));
#1469=CARTESIAN_POINT('',(-0.12832793460641,0.256025988942539,0.429477232209106));
#1470=CARTESIAN_POINT('',(-0.128327934606411,-0.256025988942539,-0.429477232209106));
#1471=CARTESIAN_POINT('Origin',(-0.12832793460641,0.,0.));
#1472=CARTESIAN_POINT('',(-0.122760164675808,-0.253175001337165,-0.424694771370361));
#1473=CARTESIAN_POINT('Origin',(-0.12832793460641,0.,0.));
#1474=CARTESIAN_POINT('Origin',(-0.329706992183132,0.,0.));
#1475=CARTESIAN_POINT('',(-0.329706992183132,0.256025988942539,0.429477232209106));
#1476=CARTESIAN_POINT('Origin',(-0.329706992183132,0.,0.));
#1477=CARTESIAN_POINT('',(-0.335274762113735,0.253175001337165,0.424694771370362));
#1478=CARTESIAN_POINT('',(-0.329706992183132,0.256025988942539,0.429477232209106));
#1479=CARTESIAN_POINT('Origin',(-0.335274762113735,0.,0.));
#1480=CARTESIAN_POINT('Origin',(5.30925346442503,0.,0.));
#1481=CARTESIAN_POINT('Origin',(-0.286022126126151,0.,0.));
#1482=CARTESIAN_POINT('',(-0.286022126126151,0.256025988942539,0.429477232209106));
#1483=CARTESIAN_POINT('Origin',(-0.01,0.,0.));
#1484=CARTESIAN_POINT('',(0.00276384433656916,-0.514877944703219,-3.66867773979599E-10));
#1485=CARTESIAN_POINT('',(-0.0100000000000002,-0.5075,5.73675246660832E-17));
#1486=CARTESIAN_POINT('',(-0.01,-0.5075,5.73675246660832E-17));
#1487=CARTESIAN_POINT('',(-0.01,0.210287372127027,-0.461882529572086));
#1488=CARTESIAN_POINT('Ctrl Pts',(-0.0100000000000002,0.210287372127022,
-0.461882529572088));
#1489=CARTESIAN_POINT('Ctrl Pts',(-0.00969991704762216,0.259107160310747,
-0.439846288323171));
#1490=CARTESIAN_POINT('Ctrl Pts',(-0.00942011520344627,0.304145470664295,
-0.410191775259019));
#1491=CARTESIAN_POINT('Ctrl Pts',(-0.00881563828268487,0.380251462387978,
-0.340749833831509));
#1492=CARTESIAN_POINT('Ctrl Pts',(-0.00851359785875871,0.411750120603309,
-0.302226619644861));
#1493=CARTESIAN_POINT('Ctrl Pts',(-0.00782048177021273,0.469730942438381,
-0.205428536712016));
#1494=CARTESIAN_POINT('Ctrl Pts',(-0.00743418636129922,0.49184181699867,
-0.145488652571538));
#1495=CARTESIAN_POINT('Ctrl Pts',(-0.00688428853083304,0.507770975221787,
-0.0510627006538254));
#1496=CARTESIAN_POINT('Ctrl Pts',(-0.00670966896338195,0.510092348820618,
-0.0186791552655346));
#1497=CARTESIAN_POINT('Ctrl Pts',(-0.00617124049189298,0.507706439731795,
0.081168588501994));
#1498=CARTESIAN_POINT('Ctrl Pts',(-0.00577245106598652,0.492752131782459,
0.147595741285814));
#1499=CARTESIAN_POINT('Ctrl Pts',(-0.00496834265272818,0.439055378364357,
0.268170394100904));
#1500=CARTESIAN_POINT('Ctrl Pts',(-0.0045712779243219,0.401835946268341,
0.321632117912745));
#1501=CARTESIAN_POINT('Ctrl Pts',(-0.00379116205351699,0.306938542251579,
0.414286964422965));
#1502=CARTESIAN_POINT('Ctrl Pts',(-0.00344488155642606,0.249220327825202,
0.451585839461822));
#1503=CARTESIAN_POINT('Ctrl Pts',(-0.00287236185336455,0.155600506738065,
0.488475085906604));
#1504=CARTESIAN_POINT('Ctrl Pts',(-0.00268029165502629,0.124173423094888,
0.497507787678631));
#1505=CARTESIAN_POINT('Ctrl Pts',(-0.00208988864153831,0.0275039657782399,
0.515538119401278));
#1506=CARTESIAN_POINT('Ctrl Pts',(-0.00168541021740545,-0.0388128219067046,
0.515042804007891));
#1507=CARTESIAN_POINT('Ctrl Pts',(-0.00109777883618556,-0.135287526459899,
0.495553284122031));
#1508=CARTESIAN_POINT('Ctrl Pts',(-0.000906832210808002,-0.166657640594392,
0.486018709924183));
#1509=CARTESIAN_POINT('Ctrl Pts',(-0.000343519105052493,-0.259258749156092,
0.447868185501478));
#1510=CARTESIAN_POINT('Ctrl Pts',(1.87469210186152E-6,-0.315948163160464,
0.410092502331347));
#1511=CARTESIAN_POINT('Ctrl Pts',(0.000782029916327992,-0.409952799910058,
0.316426237836523));
#1512=CARTESIAN_POINT('Ctrl Pts',(0.00118174769400003,-0.447011305790975,
0.261925932976361));
#1513=CARTESIAN_POINT('Ctrl Pts',(0.00198511168614596,-0.499746349513014,
0.139627341328313));
#1514=CARTESIAN_POINT('Ctrl Pts',(0.00238040436680093,-0.514011130454385,
0.0725944589326254));
#1515=CARTESIAN_POINT('Ctrl Pts',(0.00274725378059644,-0.514861114097716,
0.00315305606722959));
#1516=CARTESIAN_POINT('Ctrl Pts',(0.00275556025966753,-0.514873156221708,
0.0015765082351322));
#1517=CARTESIAN_POINT('Ctrl Pts',(0.00276384433656913,-0.514877944703219,
-7.33736115484874E-10));
#1518=CARTESIAN_POINT('Origin',(-0.01,0.,0.));
#1519=CARTESIAN_POINT('Origin',(-0.01,0.,0.));
#1520=CARTESIAN_POINT('',(0.0262500000000005,-0.5175,3.9019378238693E-17));
#1521=CARTESIAN_POINT('',(0.0198384572572527,-0.5175,7.79232792360521E-10));
#1522=CARTESIAN_POINT('',(-0.01,-0.5175,5.61428778669358E-17));
#1523=CARTESIAN_POINT('',(0.00729999999999994,-0.024839999999995,-0.516903496215687));
#1524=CARTESIAN_POINT('Ctrl Pts',(0.00730000000000005,-0.0248399999999948,
-0.516903496215686));
#1525=CARTESIAN_POINT('Ctrl Pts',(0.00762522271947685,0.0155526617590229,
-0.518844581399748));
#1526=CARTESIAN_POINT('Ctrl Pts',(0.00795115631323777,0.0560336141042228,
-0.516044399602294));
#1527=CARTESIAN_POINT('Ctrl Pts',(0.0085842736071649,0.13466678200997,-0.501235848926867));
#1528=CARTESIAN_POINT('Ctrl Pts',(0.00888962189137473,0.172591038908839,
-0.489474069358986));
#1529=CARTESIAN_POINT('Ctrl Pts',(0.00966372111904282,0.268734162985226,
-0.447077632308033));
#1530=CARTESIAN_POINT('Ctrl Pts',(0.0101119736138127,0.32310665468185,-0.409510163276421));
#1531=CARTESIAN_POINT('Ctrl Pts',(0.0111481148488736,0.416299785530093,
-0.314718283486631));
#1532=CARTESIAN_POINT('Ctrl Pts',(0.0116952688793763,0.453722386714449,
-0.257854789897354));
#1533=CARTESIAN_POINT('Ctrl Pts',(0.0127795416468722,0.505051427743827,
-0.131989940284437));
#1534=CARTESIAN_POINT('Ctrl Pts',(0.0133010696484742,0.51806869449232,-0.0640544748121099));
#1535=CARTESIAN_POINT('Ctrl Pts',(0.0142414058641943,0.516917207833148,
0.0701379104862894));
#1536=CARTESIAN_POINT('Ctrl Pts',(0.0147472055806011,0.503847531460712,
0.135130792156453));
#1537=CARTESIAN_POINT('Ctrl Pts',(0.0158158397012531,0.453131238873286,
0.259106614369158));
#1538=CARTESIAN_POINT('Ctrl Pts',(0.0163696483525942,0.415047852947232,
0.316542968217675));
#1539=CARTESIAN_POINT('Ctrl Pts',(0.0174230157448869,0.319604340411896,
0.412506058320971));
#1540=CARTESIAN_POINT('Ctrl Pts',(0.0178785377648838,0.263485609601394,
0.450425906777458));
#1541=CARTESIAN_POINT('Ctrl Pts',(0.0188687369263733,0.14050287374443,0.502474259589984));
#1542=CARTESIAN_POINT('Ctrl Pts',(0.0193970079037829,0.0748916183501704,
0.516345468604362));
#1543=CARTESIAN_POINT('Ctrl Pts',(0.0204882937929436,-0.0606460890835779,
0.518559915752974));
#1544=CARTESIAN_POINT('Ctrl Pts',(0.0210408812615959,-0.129277452690193,
0.505835660889099));
#1545=CARTESIAN_POINT('Ctrl Pts',(0.0220473948518712,-0.25428644060238,
0.455473664790834));
#1546=CARTESIAN_POINT('Ctrl Pts',(0.0224889579537027,-0.309969346041908,
0.419567478717421));
#1547=CARTESIAN_POINT('Ctrl Pts',(0.0235157788375794,-0.40605714068575,
0.327783500893869));
#1548=CARTESIAN_POINT('Ctrl Pts',(0.024059870162952,-0.445154780216591,
0.272326325346863));
#1549=CARTESIAN_POINT('Ctrl Pts',(0.0251467285721753,-0.50047691793912,
0.148396074461329));
#1550=CARTESIAN_POINT('Ctrl Pts',(0.0256785368304056,-0.515704122840924,
0.0809188584744177));
#1551=CARTESIAN_POINT('Ctrl Pts',(0.026191992392828,-0.517450221808056,
0.00829035231926919));
#1552=CARTESIAN_POINT('Ctrl Pts',(0.0262211039224291,-0.5175,0.00414409648802844));
#1553=CARTESIAN_POINT('Ctrl Pts',(0.0262500000000005,-0.5175,1.2156723571806E-16));
#1554=CARTESIAN_POINT('',(0.00729999999999994,0.517470788720149,-0.00549843808240899));
#1555=CARTESIAN_POINT('Origin',(0.00729999999999994,0.,0.));
#1556=CARTESIAN_POINT('Ctrl Pts',(0.00730000000000079,0.51747078872015,
-0.00549843808240863));
#1557=CARTESIAN_POINT('Ctrl Pts',(0.00756031354185346,0.517865050883696,
0.0316064905673718));
#1558=CARTESIAN_POINT('Ctrl Pts',(0.0078301300760085,0.514267353667926,
0.068646299882091));
#1559=CARTESIAN_POINT('Ctrl Pts',(0.00840757288166979,0.498943631948041,
0.142612416029818));
#1560=CARTESIAN_POINT('Ctrl Pts',(0.00871125234179278,0.486980368184384,
0.179257249918951));
#1561=CARTESIAN_POINT('Ctrl Pts',(0.00956835222577851,0.442703505747661,
0.276613948699655));
#1562=CARTESIAN_POINT('Ctrl Pts',(0.0101226461132448,0.402227343353308,
0.332738421970007));
#1563=CARTESIAN_POINT('Ctrl Pts',(0.011161476198278,0.303252222197087,0.424577686309675));
#1564=CARTESIAN_POINT('Ctrl Pts',(0.0116058214409954,0.246243369728817,
0.459991650183246));
#1565=CARTESIAN_POINT('Ctrl Pts',(0.0126080241616748,0.121769791820454,
0.507371440758104));
#1566=CARTESIAN_POINT('Ctrl Pts',(0.0131420707473147,0.0554412058839877,
0.518825499496909));
#1567=CARTESIAN_POINT('Ctrl Pts',(0.0142304635158255,-0.0797371759650565,
0.51589091839957));
#1568=CARTESIAN_POINT('Ctrl Pts',(0.0147742073083775,-0.147270155000017,
0.500812346230273));
#1569=CARTESIAN_POINT('Ctrl Pts',(0.0157604759698093,-0.269764722749873,
0.44645535308912));
#1570=CARTESIAN_POINT('Ctrl Pts',(0.0162093804528005,-0.324043773466376,
0.408767717030967));
#1571=CARTESIAN_POINT('Ctrl Pts',(0.0172461868187804,-0.417026005005651,
0.313758685511191));
#1572=CARTESIAN_POINT('Ctrl Pts',(0.0177935419729378,-0.454325265648839,
0.256795137318276));
#1573=CARTESIAN_POINT('Ctrl Pts',(0.0188625222214817,-0.504653159134295,
0.132545433260865));
#1574=CARTESIAN_POINT('Ctrl Pts',(0.0193742512284089,-0.517499999899751,
0.0665735552675425));
#1575=CARTESIAN_POINT('Ctrl Pts',(0.0198384572626859,-0.5175,7.79270971898209E-10));
#1576=CARTESIAN_POINT('Origin',(-0.01,0.,0.));
#1577=CARTESIAN_POINT('',(0.0512500000000001,-0.5175,5.54246367734841E-17));
#1578=CARTESIAN_POINT('',(0.0448384572681197,-0.5175,-6.61462331538987E-17));
#1579=CARTESIAN_POINT('',(-0.01,-0.5175,5.61428778669358E-17));
#1580=CARTESIAN_POINT('',(0.0451258051529789,-0.015625,0.517264061553671));
#1581=CARTESIAN_POINT('Ctrl Pts',(0.0512500000000001,-0.5175,-1.09273919746571E-17));
#1582=CARTESIAN_POINT('Ctrl Pts',(0.0509604399302596,-0.5175,0.0415269119180563));
#1583=CARTESIAN_POINT('Ctrl Pts',(0.0506515299246617,-0.5125013773916,0.0829429156925405));
#1584=CARTESIAN_POINT('Ctrl Pts',(0.0498100892858147,-0.486560342289721,
0.188640057362789));
#1585=CARTESIAN_POINT('Ctrl Pts',(0.0492658105329828,-0.457965194530212,
0.250187729046606));
#1586=CARTESIAN_POINT('Ctrl Pts',(0.0482000083094848,-0.379629103068523,
0.357811119792792));
#1587=CARTESIAN_POINT('Ctrl Pts',(0.0476879852798642,-0.331038197827517,
0.403188319453056));
#1588=CARTESIAN_POINT('Ctrl Pts',(0.0468990996401973,-0.237182180248536,
0.462137615205902));
#1589=CARTESIAN_POINT('Ctrl Pts',(0.0465794384254672,-0.19616625244301,
0.480983788149918));
#1590=CARTESIAN_POINT('Ctrl Pts',(0.0458744865322982,-0.108611227311422,
0.508126325673354));
#1591=CARTESIAN_POINT('Ctrl Pts',(0.0455017788245771,-0.0623209300124703,
0.515853517190211));
#1592=CARTESIAN_POINT('Ctrl Pts',(0.0451258051529791,-0.0156250000000002,
0.517264061553671));
#1593=CARTESIAN_POINT('',(0.045,-0.015625,0.517264061553671));
#1594=CARTESIAN_POINT('',(0.045,-0.015625,0.517264061553671));
#1595=CARTESIAN_POINT('',(0.045,-5.98821080211206E-15,0.5175));
#1596=CARTESIAN_POINT('Origin',(0.045,0.,0.));
#1597=CARTESIAN_POINT('Ctrl Pts',(0.0262500000000005,-0.5175,3.27821759239712E-17));
#1598=CARTESIAN_POINT('Ctrl Pts',(0.0266982694526287,-0.5175,-0.0642880287034714));
#1599=CARTESIAN_POINT('Ctrl Pts',(0.0271911401577453,-0.505519817174512,
-0.128055731038168));
#1600=CARTESIAN_POINT('Ctrl Pts',(0.0282408672360007,-0.457600687085328,
-0.250934964845548));
#1601=CARTESIAN_POINT('Ctrl Pts',(0.0287892790833018,-0.420985200271577,
-0.308444834429354));
#1602=CARTESIAN_POINT('Ctrl Pts',(0.02982972242002,-0.329167125933041,-0.404647584241414));
#1603=CARTESIAN_POINT('Ctrl Pts',(0.0302826162449911,-0.27539906237202,
-0.442996599978158));
#1604=CARTESIAN_POINT('Ctrl Pts',(0.0312629428470738,-0.153642498393365,
-0.498893907517851));
#1605=CARTESIAN_POINT('Ctrl Pts',(0.0318050733853114,-0.0863098855442606,
-0.514831721618863));
#1606=CARTESIAN_POINT('Ctrl Pts',(0.0328937115730747,0.0488989773759407,
-0.519493411968167));
#1607=CARTESIAN_POINT('Ctrl Pts',(0.0334295380049535,0.115448620215289,
-0.508857704732909));
#1608=CARTESIAN_POINT('Ctrl Pts',(0.0344356814843634,0.240411640358014,
-0.463041812663948));
#1609=CARTESIAN_POINT('Ctrl Pts',(0.0348777039061358,0.297718436593346,
-0.428449779340272));
#1610=CARTESIAN_POINT('Ctrl Pts',(0.0359115871113174,0.397844934903824,
-0.337984713782215));
#1611=CARTESIAN_POINT('Ctrl Pts',(0.0364658565192704,0.439103769240358,
-0.282315627068576));
#1612=CARTESIAN_POINT('Ctrl Pts',(0.0375460461654117,0.496397953683446,
-0.160480330588675));
#1613=CARTESIAN_POINT('Ctrl Pts',(0.0380623354629728,0.512802566831579,
-0.0959085247979061));
#1614=CARTESIAN_POINT('Ctrl Pts',(0.0390301834057527,0.520601035577266,
0.0383917851146689));
#1615=CARTESIAN_POINT('Ctrl Pts',(0.03952172373681,0.510952762499756,0.10689578961228));
#1616=CARTESIAN_POINT('Ctrl Pts',(0.0405999768845518,0.465787190885664,
0.235455823366456));
#1617=CARTESIAN_POINT('Ctrl Pts',(0.0411507383121461,0.43099117307764,0.294353126124932));
#1618=CARTESIAN_POINT('Ctrl Pts',(0.0422004605844152,0.342233868778176,
0.393653739813996));
#1619=CARTESIAN_POINT('Ctrl Pts',(0.0426668925223014,0.289771948729919,
0.433727386683008));
#1620=CARTESIAN_POINT('Ctrl Pts',(0.0434223624774125,0.195942580305156,
0.480592661560301));
#1621=CARTESIAN_POINT('Ctrl Pts',(0.0437218458998368,0.158746739240082,
0.494127776420659));
#1622=CARTESIAN_POINT('Ctrl Pts',(0.0443482674890436,0.0809451778606023,
0.51273565661927));
#1623=CARTESIAN_POINT('Ctrl Pts',(0.0446735683308296,0.0405428133109639,
0.5175));
#1624=CARTESIAN_POINT('Ctrl Pts',(0.0450000000000001,-5.74780817866961E-15,
0.5175));
#1625=CARTESIAN_POINT('Ctrl Pts',(0.0198384572626859,-0.5175,7.79271227703954E-10));
#1626=CARTESIAN_POINT('Ctrl Pts',(0.0198516314865523,-0.517500000002845,
-0.00188936481955951));
#1627=CARTESIAN_POINT('Ctrl Pts',(0.0198648507399118,-0.517489653050554,
-0.00377921445213328));
#1628=CARTESIAN_POINT('Ctrl Pts',(0.020339206472764,-0.516749000677359,
-0.0713807600624821));
#1629=CARTESIAN_POINT('Ctrl Pts',(0.0208455375498243,-0.503518992010386,
-0.136357278293383));
#1630=CARTESIAN_POINT('Ctrl Pts',(0.0219147882675365,-0.452484991239654,
-0.260238100132635));
#1631=CARTESIAN_POINT('Ctrl Pts',(0.0224686530252044,-0.414247424922966,
-0.317593484312983));
#1632=CARTESIAN_POINT('Ctrl Pts',(0.0235211099279587,-0.318575644651933,
-0.413294207206785));
#1633=CARTESIAN_POINT('Ctrl Pts',(0.0239757331569383,-0.262400334608646,
-0.451052757298079));
#1634=CARTESIAN_POINT('Ctrl Pts',(0.0249667041069138,-0.139321742621709,
-0.502805053517157));
#1635=CARTESIAN_POINT('Ctrl Pts',(0.0254953615920971,-0.0736624829619414,
-0.516524217436366));
#1636=CARTESIAN_POINT('Ctrl Pts',(0.0265869541036758,0.0619133069761364,
-0.51841252472619));
#1637=CARTESIAN_POINT('Ctrl Pts',(0.0271394333681647,0.130531231625651,
-0.505516016321305));
#1638=CARTESIAN_POINT('Ctrl Pts',(0.0281449396006358,0.255415105698562,
-0.454839406763855));
#1639=CARTESIAN_POINT('Ctrl Pts',(0.0285868639433867,0.310995562853827,
-0.418804888140412));
#1640=CARTESIAN_POINT('Ctrl Pts',(0.0296234872569451,0.407707833605083,
-0.325975648008425));
#1641=CARTESIAN_POINT('Ctrl Pts',(0.0301776789666149,0.447180653368014,
-0.269286548306545));
#1642=CARTESIAN_POINT('Ctrl Pts',(0.0312516678989192,0.500766132802422,
-0.146199297968216));
#1643=CARTESIAN_POINT('Ctrl Pts',(0.0317621759650331,0.515286468151047,
-0.081368712292938));
#1644=CARTESIAN_POINT('Ctrl Pts',(0.0327148296388283,0.519326009749373,
0.0529227472623456));
#1645=CARTESIAN_POINT('Ctrl Pts',(0.0332223169482009,0.507765792258349,
0.121137633996399));
#1646=CARTESIAN_POINT('Ctrl Pts',(0.0343044003679146,0.459085950516734,
0.248218016831271));
#1647=CARTESIAN_POINT('Ctrl Pts',(0.0348532705396477,0.422788431575491,
0.305977195303477));
#1648=CARTESIAN_POINT('Ctrl Pts',(0.0358953766010003,0.331508952279063,
0.402729360777638));
#1649=CARTESIAN_POINT('Ctrl Pts',(0.03635033659129,0.277974588062232,0.441383297026391));
#1650=CARTESIAN_POINT('Ctrl Pts',(0.0373279187571676,0.15655888306026,0.497986234121194));
#1651=CARTESIAN_POINT('Ctrl Pts',(0.0378692786982881,0.0893219783731029,
0.514317514680152));
#1652=CARTESIAN_POINT('Ctrl Pts',(0.0389579699274405,-0.0458934722876206,
0.5197723695481));
#1653=CARTESIAN_POINT('Ctrl Pts',(0.0394945866564529,-0.112541270030949,
0.509513513954141));
#1654=CARTESIAN_POINT('Ctrl Pts',(0.0405025248929243,-0.237727199000713,
0.464415285828774));
#1655=CARTESIAN_POINT('Ctrl Pts',(0.0409437178805404,-0.295170821580468,
0.430197591317206));
#1656=CARTESIAN_POINT('Ctrl Pts',(0.0419753196772527,-0.395820518213906,
0.340361779925299));
#1657=CARTESIAN_POINT('Ctrl Pts',(0.0425295472066916,-0.437435257619901,
0.284904181056433));
#1658=CARTESIAN_POINT('Ctrl Pts',(0.0436108781387451,-0.495471333555469,
0.163333539672024));
#1659=CARTESIAN_POINT('Ctrl Pts',(0.0441282820198972,-0.512254136639441,
0.0988202352666787));
#1660=CARTESIAN_POINT('Ctrl Pts',(0.0446841356329965,-0.517151849171303,
0.0219308482002078));
#1661=CARTESIAN_POINT('Ctrl Pts',(0.0447620374543028,-0.5175,0.0109596564195106));
#1662=CARTESIAN_POINT('Ctrl Pts',(0.0448384572681196,-0.5175,6.82961998416066E-17));
#1663=CARTESIAN_POINT('Origin',(0.098044228634045,-9.00417098711741E-15,
0.));
#1664=CARTESIAN_POINT('',(0.0120442286359002,-0.504000000000015,-1.27881642529721E-10));
#1665=CARTESIAN_POINT('',(0.00904422865258027,-0.504000000000015,-1.29400485713534E-9));
#1666=CARTESIAN_POINT('',(0.0980442286340303,-0.504000000000018,2.56969371202289E-17));
#1667=CARTESIAN_POINT('',(-0.01,-0.374036479878879,-0.337805730738567));
#1668=CARTESIAN_POINT('Ctrl Pts',(0.0120442286359001,-0.504000000000015,
-2.55769613471232E-10));
#1669=CARTESIAN_POINT('Ctrl Pts',(0.0120391355591391,-0.504000000000376,
0.000711362901116413));
#1670=CARTESIAN_POINT('Ctrl Pts',(0.0120340357561857,-0.503998493936801,
0.00142279599626622));
#1671=CARTESIAN_POINT('Ctrl Pts',(0.0115501680544062,-0.503712994715067,
0.0688410118376092));
#1672=CARTESIAN_POINT('Ctrl Pts',(0.0110217963001406,-0.490189776045728,
0.134832422495544));
#1673=CARTESIAN_POINT('Ctrl Pts',(0.00993641594596234,-0.438669397353615,
0.256684989215012));
#1674=CARTESIAN_POINT('Ctrl Pts',(0.00939039760345613,-0.401577728766312,
0.311533893425389));
#1675=CARTESIAN_POINT('Ctrl Pts',(0.00835787620201234,-0.309707314810258,
0.402707410270946));
#1676=CARTESIAN_POINT('Ctrl Pts',(0.00791275997268796,-0.256257550719204,
0.438661518964082));
#1677=CARTESIAN_POINT('Ctrl Pts',(0.00691959047345244,-0.136123768091704,
0.489836881681785));
#1678=CARTESIAN_POINT('Ctrl Pts',(0.00637406969545621,-0.0701375747853265,
0.503538009270794));
#1679=CARTESIAN_POINT('Ctrl Pts',(0.00528618930352309,0.0614524374227947,
0.504426328058254));
#1680=CARTESIAN_POINT('Ctrl Pts',(0.00475432889273635,0.125786272711482,
0.49234152137059));
#1681=CARTESIAN_POINT('Ctrl Pts',(0.00375679779498588,0.246447634295221,
0.444411345059009));
#1682=CARTESIAN_POINT('Ctrl Pts',(0.00330882215466651,0.30162911772963,
0.408971595485426));
#1683=CARTESIAN_POINT('Ctrl Pts',(0.00226423534238397,0.396687779190156,
0.317953607169114));
#1684=CARTESIAN_POINT('Ctrl Pts',(0.00171003031777104,0.435202185128816,
0.262782665763743));
#1685=CARTESIAN_POINT('Ctrl Pts',(0.000635770589127296,0.487537334576919,
0.142953753587426));
#1686=CARTESIAN_POINT('Ctrl Pts',(0.000125018883477622,0.501753615650144,
0.0798235202942936));
#1687=CARTESIAN_POINT('Ctrl Pts',(-0.000833252200483372,0.50585795512914,
-0.0516510300811961));
#1688=CARTESIAN_POINT('Ctrl Pts',(-0.00134571196836372,0.494422598495555,
-0.118770782089709));
#1689=CARTESIAN_POINT('Ctrl Pts',(-0.00243372527821214,0.446414671963851,
-0.243019015713224));
#1690=CARTESIAN_POINT('Ctrl Pts',(-0.0029823778125037,0.410914544553345,
-0.299154721005678));
#1691=CARTESIAN_POINT('Ctrl Pts',(-0.00402368545129811,0.321763157829449,
-0.393125265369601));
#1692=CARTESIAN_POINT('Ctrl Pts',(-0.00447763231559981,0.269515699529183,
-0.430627747201041));
#1693=CARTESIAN_POINT('Ctrl Pts',(-0.00545653940153635,0.151107098414253,
-0.485423234714148));
#1694=CARTESIAN_POINT('Ctrl Pts',(-0.00599827380717515,0.0855789047081458,
-0.501143963458142));
#1695=CARTESIAN_POINT('Ctrl Pts',(-0.00708694581308855,-0.0461068611272257,
-0.506084308583717));
#1696=CARTESIAN_POINT('Ctrl Pts',(-0.00762318478229305,-0.110970326842262,
-0.495916110388433));
#1697=CARTESIAN_POINT('Ctrl Pts',(-0.00844376850466941,-0.210228133901005,
-0.459853358103779));
#1698=CARTESIAN_POINT('Ctrl Pts',(-0.0087308999501095,-0.246537292467389,
-0.44145251515899));
#1699=CARTESIAN_POINT('Ctrl Pts',(-0.00933940195940512,-0.314728855706129,
-0.395831888728755));
#1700=CARTESIAN_POINT('Ctrl Pts',(-0.00966462668427574,-0.346230259679273,
-0.36859425732591));
#1701=CARTESIAN_POINT('Ctrl Pts',(-0.00999999999999562,-0.374036479878888,
-0.337805730738568));
#1702=CARTESIAN_POINT('',(-0.01,-0.0355898955758766,-0.502741841637334));
#1703=CARTESIAN_POINT('Origin',(-0.01,-5.98821080211206E-15,6.99353086378051E-15));
#1704=CARTESIAN_POINT('Ctrl Pts',(-0.0100000000000011,-0.0355898955758815,
-0.502741841637335));
#1705=CARTESIAN_POINT('Ctrl Pts',(-0.00965284029160437,0.00640254275174372,
-0.50571455321867));
#1706=CARTESIAN_POINT('Ctrl Pts',(-0.00930396828204431,0.0486021010281344,
-0.50341438285935));
#1707=CARTESIAN_POINT('Ctrl Pts',(-0.00862663161508118,0.130532744263953,
-0.488541041334374));
#1708=CARTESIAN_POINT('Ctrl Pts',(-0.00830043445762807,0.169989552429459,
-0.47625068412994));
#1709=CARTESIAN_POINT('Ctrl Pts',(-0.00750985789324882,0.265617693656754,
-0.433046106835007));
#1710=CARTESIAN_POINT('Ctrl Pts',(-0.00705894159115101,0.318218749008829,
-0.396003215895594));
#1711=CARTESIAN_POINT('Ctrl Pts',(-0.00602021772724719,0.408180599492977,
-0.302861475499453));
#1712=CARTESIAN_POINT('Ctrl Pts',(-0.00547229584739669,0.444158048535882,
-0.24710340436865));
#1713=CARTESIAN_POINT('Ctrl Pts',(-0.0043889038133568,0.493041370702286,
-0.124006046152046));
#1714=CARTESIAN_POINT('Ctrl Pts',(-0.00387362362410178,0.505109224369788,
-0.0577220907652111));
#1715=CARTESIAN_POINT('Ctrl Pts',(-0.00292793765893871,0.502778251010988,
0.0730185170415487));
#1716=CARTESIAN_POINT('Ctrl Pts',(-0.00242008370052989,0.489441567362042,
0.136251850319602));
#1717=CARTESIAN_POINT('Ctrl Pts',(-0.00134908196477513,0.438844356226603,
0.256629109385917));
#1718=CARTESIAN_POINT('Ctrl Pts',(-0.000795073245620965,0.401170589065772,
0.312257975326891));
#1719=CARTESIAN_POINT('Ctrl Pts',(0.000254735511140982,0.307353022252893,
0.404721872415547));
#1720=CARTESIAN_POINT('Ctrl Pts',(0.000706898634478696,0.252483436748392,
0.441041691370171));
#1721=CARTESIAN_POINT('Ctrl Pts',(0.00170010142022578,0.13234562778431,
0.490607795062131));
#1722=CARTESIAN_POINT('Ctrl Pts',(0.00222986549393593,0.0682653654282695,
0.503538651604199));
#1723=CARTESIAN_POINT('Ctrl Pts',(0.00332231456495869,-0.06387727420274,
0.504455158097249));
#1724=CARTESIAN_POINT('Ctrl Pts',(0.0038744617317735,-0.130664995500688,
0.491408195979468));
#1725=CARTESIAN_POINT('Ctrl Pts',(0.00487703373304062,-0.251936104774013,
0.441164870598631));
#1726=CARTESIAN_POINT('Ctrl Pts',(0.00532015707992238,-0.305777800798162,
0.405707031284347));
#1727=CARTESIAN_POINT('Ctrl Pts',(0.00634981608064635,-0.398512452618363,
0.315432281287596));
#1728=CARTESIAN_POINT('Ctrl Pts',(0.00689488755542293,-0.436103806568975,
0.26100412201229));
#1729=CARTESIAN_POINT('Ctrl Pts',(0.00798106832269046,-0.488817140148268,
0.139728512359281));
#1730=CARTESIAN_POINT('Ctrl Pts',(0.0085112005415216,-0.503000218372868,
0.0738721831705366));
#1731=CARTESIAN_POINT('Ctrl Pts',(0.0090099485251776,-0.503983017910331,
0.00477818653632913));
#1732=CARTESIAN_POINT('Ctrl Pts',(0.00902712634518793,-0.504000000006149,
0.00238872076375404));
#1733=CARTESIAN_POINT('Ctrl Pts',(0.00904422864331618,-0.504000000000015,
-1.29407147353333E-9));
#1734=CARTESIAN_POINT('Origin',(0.098044228634045,-9.00417098711741E-15,
0.));
#1735=CARTESIAN_POINT('',(0.0370442286340693,-0.504000000000016,4.36982218775498E-15));
#1736=CARTESIAN_POINT('',(0.0340442286340506,-0.504000000000016,4.68087865778675E-15));
#1737=CARTESIAN_POINT('',(0.0980442286340303,-0.504000000000018,2.56969371202289E-17));
#1738=CARTESIAN_POINT('Ctrl Pts',(0.0370442286340693,-0.504000000000016,
4.04586687861677E-15));
#1739=CARTESIAN_POINT('Ctrl Pts',(0.036944562924183,-0.504000000000016,
0.0139205665505523));
#1740=CARTESIAN_POINT('Ctrl Pts',(0.0368423979826878,-0.503423280606733,
0.0278572381237919));
#1741=CARTESIAN_POINT('Ctrl Pts',(0.0362559928719695,-0.496923248350555,
0.106009155802724));
#1742=CARTESIAN_POINT('Ctrl Pts',(0.0357348608359734,-0.479307511451808,
0.16862655985087));
#1743=CARTESIAN_POINT('Ctrl Pts',(0.0346498572865653,-0.420298767723271,
0.286103087707395));
#1744=CARTESIAN_POINT('Ctrl Pts',(0.0340959218480357,-0.378580140028692,
0.339386417036546));
#1745=CARTESIAN_POINT('Ctrl Pts',(0.0330723014889081,-0.27880827520571,
0.424754797577667));
#1746=CARTESIAN_POINT('Ctrl Pts',(0.0326328435724059,-0.222398862941203,
0.456825392715607));
#1747=CARTESIAN_POINT('Ctrl Pts',(0.0316187302465437,-0.0997317150449676,
0.498316840050623));
#1748=CARTESIAN_POINT('Ctrl Pts',(0.0310794953679608,-0.0345058641316106,
0.507026040593627));
#1749=CARTESIAN_POINT('Ctrl Pts',(0.0299909103466867,0.097169380041609,
0.49902546612613));
#1750=CARTESIAN_POINT('Ctrl Pts',(0.029452376573768,0.162310425213772,0.481792160215931));
#1751=CARTESIAN_POINT('Ctrl Pts',(0.0284844203569467,0.279394409200366,
0.424281720039409));
#1752=CARTESIAN_POINT('Ctrl Pts',(0.0280211124415586,0.330744413222086,
0.38559616208277));
#1753=CARTESIAN_POINT('Ctrl Pts',(0.0269732561882351,0.417797409409673,
0.28949944951018));
#1754=CARTESIAN_POINT('Ctrl Pts',(0.0264229251344361,0.452051228788512,
0.232409744794854));
#1755=CARTESIAN_POINT('Ctrl Pts',(0.025342440706167,0.496940663470823,0.107412627355717));
#1756=CARTESIAN_POINT('Ctrl Pts',(0.0248464927183247,0.506792453498505,
0.0406057798415116));
#1757=CARTESIAN_POINT('Ctrl Pts',(0.0238807843739542,0.499982965089717,
-0.0903457333992727));
#1758=CARTESIAN_POINT('Ctrl Pts',(0.0233657134441728,0.484403509594422,
-0.153292214738549));
#1759=CARTESIAN_POINT('Ctrl Pts',(0.0222983359031826,0.429972696223654,
-0.270949941899285));
#1760=CARTESIAN_POINT('Ctrl Pts',(0.021755661137286,0.391236923782941,-0.3243826163454));
#1761=CARTESIAN_POINT('Ctrl Pts',(0.0207327569780471,0.296501079546968,
-0.412558511243966));
#1762=CARTESIAN_POINT('Ctrl Pts',(0.0202926822771959,0.241732952673703,
-0.446858576333587));
#1763=CARTESIAN_POINT('Ctrl Pts',(0.0192807957166998,0.119335154316004,
-0.494259843345609));
#1764=CARTESIAN_POINT('Ctrl Pts',(0.0187276833471553,0.0524306820958527,
-0.505751576492954));
#1765=CARTESIAN_POINT('Ctrl Pts',(0.0176381470965062,-0.0793596227827656,
-0.501891955676373));
#1766=CARTESIAN_POINT('Ctrl Pts',(0.0171119984548377,-0.143002562479061,
-0.487589782378986));
#1767=CARTESIAN_POINT('Ctrl Pts',(0.0161259700555926,-0.262272557651862,
-0.435349523948797));
#1768=CARTESIAN_POINT('Ctrl Pts',(0.0156651740152327,-0.316630674085693,
-0.397569042252545));
#1769=CARTESIAN_POINT('Ctrl Pts',(0.0146069410328777,-0.408379662212469,
-0.302734217403818));
#1770=CARTESIAN_POINT('Ctrl Pts',(0.0140534929419043,-0.444657221542605,
-0.246377554878806));
#1771=CARTESIAN_POINT('Ctrl Pts',(0.0129940931046911,-0.492119205599962,
-0.125810638683842));
#1772=CARTESIAN_POINT('Ctrl Pts',(0.0124965831819331,-0.503999999967951,
-0.0631815254547696));
#1773=CARTESIAN_POINT('Ctrl Pts',(0.0120442286359002,-0.504000000000015,
-2.55769639938144E-10));
#1774=CARTESIAN_POINT('Ctrl Pts',(0.00904422864331614,-0.504000000000015,
-1.29407141170802E-9));
#1775=CARTESIAN_POINT('Ctrl Pts',(0.00948398178419469,-0.503999999842309,
-0.0614214556871265));
#1776=CARTESIAN_POINT('Ctrl Pts',(0.00996662296507765,-0.492771707687004,
-0.122350535747982));
#1777=CARTESIAN_POINT('Ctrl Pts',(0.0110096105860318,-0.447198206969886,
-0.241715431766285));
#1778=CARTESIAN_POINT('Ctrl Pts',(0.0115627099495476,-0.411553891122833,
-0.298388989923808));
#1779=CARTESIAN_POINT('Ctrl Pts',(0.012624662378875,-0.320746709437656,
-0.394287071718877));
#1780=CARTESIAN_POINT('Ctrl Pts',(0.0130900416777096,-0.266618454239541,
-0.43273007314156));
#1781=CARTESIAN_POINT('Ctrl Pts',(0.0140728206995347,-0.147741503759768,
-0.48616667936978));
#1782=CARTESIAN_POINT('Ctrl Pts',(0.0145972774027107,-0.0843032209436943,
-0.501077352774002));
#1783=CARTESIAN_POINT('Ctrl Pts',(0.0156853430695949,0.0473092021224846,
-0.506246848629563));
#1784=CARTESIAN_POINT('Ctrl Pts',(0.0162387941491306,0.11425464470308,-0.495449234984502));
#1785=CARTESIAN_POINT('Ctrl Pts',(0.0172547791189069,0.237148186647166,
-0.449320134392887));
#1786=CARTESIAN_POINT('Ctrl Pts',(0.0176942211647872,0.292333352986506,
-0.415534669541893));
#1787=CARTESIAN_POINT('Ctrl Pts',(0.0187140915935064,0.387951485616868,
-0.32829189304537));
#1788=CARTESIAN_POINT('Ctrl Pts',(0.0192556188957323,0.427185859382321,
-0.275307355416325));
#1789=CARTESIAN_POINT('Ctrl Pts',(0.0203436818624522,0.48385456854065,-0.156052491270311));
#1790=CARTESIAN_POINT('Ctrl Pts',(0.0208793249230004,0.500241358991889,
-0.0906987624640678));
#1791=CARTESIAN_POINT('Ctrl Pts',(0.0218618183847204,0.50662211400951,0.0428447007131692));
#1792=CARTESIAN_POINT('Ctrl Pts',(0.0223609413488348,0.496451865221519,
0.109714451994972));
#1793=CARTESIAN_POINT('Ctrl Pts',(0.0234429683893292,0.450932847371102,
0.23456354004791));
#1794=CARTESIAN_POINT('Ctrl Pts',(0.0239929839585974,0.416425267089434,
0.291462671300444));
#1795=CARTESIAN_POINT('Ctrl Pts',(0.0250395295095228,0.328946960587295,
0.387130761667076));
#1796=CARTESIAN_POINT('Ctrl Pts',(0.0255007670595555,0.277417112051488,
0.425577285971292));
#1797=CARTESIAN_POINT('Ctrl Pts',(0.0264709380364382,0.160065230687651,
0.482542882686493));
#1798=CARTESIAN_POINT('Ctrl Pts',(0.027010138957395,0.0948434872886366,
0.499472892172988));
#1799=CARTESIAN_POINT('Ctrl Pts',(0.0280987887510765,-0.0368395917551834,
0.50685806358412));
#1800=CARTESIAN_POINT('Ctrl Pts',(0.0286374426397748,-0.101995166132191,
0.497854664215233));
#1801=CARTESIAN_POINT('Ctrl Pts',(0.0296501522377135,-0.224492519098941,
0.455806939283843));
#1802=CARTESIAN_POINT('Ctrl Pts',(0.0300898507962021,-0.28079552261105,
0.423450978423126));
#1803=CARTESIAN_POINT('Ctrl Pts',(0.0311153048524808,-0.380170624245457,
0.33759740934142));
#1804=CARTESIAN_POINT('Ctrl Pts',(0.031669327310455,-0.421619181515193,
0.284146000549705));
#1805=CARTESIAN_POINT('Ctrl Pts',(0.0327535310194724,-0.48006233018979,
0.166454642005236));
#1806=CARTESIAN_POINT('Ctrl Pts',(0.0332738301102311,-0.497388591676141,
0.103786448857786));
#1807=CARTESIAN_POINT('Ctrl Pts',(0.0338532481514472,-0.503482963895927,
0.0263762252516452));
#1808=CARTESIAN_POINT('Ctrl Pts',(0.033949860872644,-0.504000000000016,
0.0131805884329171));
#1809=CARTESIAN_POINT('Ctrl Pts',(0.0340442286340506,-0.504000000000016,
5.32163989165798E-15));
#1810=CARTESIAN_POINT('Origin',(0.098044228634045,-9.00417098711741E-15,
0.));
#1811=CARTESIAN_POINT('',(0.052665053700197,0.015625,0.503757738774304));
#1812=CARTESIAN_POINT('Ctrl Pts',(0.0340442286340506,-0.504000000000016,
5.47462337930318E-15));
#1813=CARTESIAN_POINT('Ctrl Pts',(0.0344226528834895,-0.504000000000016,
-0.0528554901646817));
#1814=CARTESIAN_POINT('Ctrl Pts',(0.0348337129470507,-0.495684750928459,
-0.10546849730424));
#1815=CARTESIAN_POINT('Ctrl Pts',(0.0357973601672496,-0.458828743641967,
-0.218784762258023));
#1816=CARTESIAN_POINT('Ctrl Pts',(0.0363493961477878,-0.426188893086028,
-0.277044423819205));
#1817=CARTESIAN_POINT('Ctrl Pts',(0.0374053281726699,-0.341820723071669,
-0.375819185331549));
#1818=CARTESIAN_POINT('Ctrl Pts',(0.0378836545121574,-0.291583045784778,
-0.416005660052327));
#1819=CARTESIAN_POINT('Ctrl Pts',(0.0388376957209962,-0.176182221163832,
-0.476893216524682));
#1820=CARTESIAN_POINT('Ctrl Pts',(0.0393718164890274,-0.111574973062871,
-0.496002297732837));
#1821=CARTESIAN_POINT('Ctrl Pts',(0.0404594648866408,0.0199869771122892,
-0.50782908380936));
#1822=CARTESIAN_POINT('Ctrl Pts',(0.0410020693159065,0.0856204088761962,
-0.50095810716385));
#1823=CARTESIAN_POINT('Ctrl Pts',(0.0420247841886878,0.209327999887742,
-0.462925287861665));
#1824=CARTESIAN_POINT('Ctrl Pts',(0.0424648062504031,0.266401906736346,
-0.432606114391348));
#1825=CARTESIAN_POINT('Ctrl Pts',(0.0434769500523475,0.368598263369534,
-0.350240475167839));
#1826=CARTESIAN_POINT('Ctrl Pts',(0.0440300852584849,0.41196643894493,-0.298021283272277));
#1827=CARTESIAN_POINT('Ctrl Pts',(0.0451195326719991,0.474442724204088,
-0.181926055499823));
#1828=CARTESIAN_POINT('Ctrl Pts',(0.0456455769722239,0.493838842913282,
-0.119650446764844));
#1829=CARTESIAN_POINT('Ctrl Pts',(0.0466314031367041,0.508155506358071,
0.00977670472908431));
#1830=CARTESIAN_POINT('Ctrl Pts',(0.0470924723724608,0.502572847215626,
0.0757506487893208));
#1831=CARTESIAN_POINT('Ctrl Pts',(0.0481509386028642,0.466231235344184,
0.202607515590147));
#1832=CARTESIAN_POINT('Ctrl Pts',(0.0487043666986722,0.435526733870015,
0.262178991792236));
#1833=CARTESIAN_POINT('Ctrl Pts',(0.049769415573243,0.354340193439696,0.364064041892965));
#1834=CARTESIAN_POINT('Ctrl Pts',(0.0502696516100236,0.305372836826991,
0.406013414657094));
#1835=CARTESIAN_POINT('Ctrl Pts',(0.051017924784751,0.214861713611892,0.457685669094839));
#1836=CARTESIAN_POINT('Ctrl Pts',(0.0513261959680346,0.177573231281864,
0.473402003189323));
#1837=CARTESIAN_POINT('Ctrl Pts',(0.0519782142987579,0.098705093997509,
0.495997940019531));
#1838=CARTESIAN_POINT('Ctrl Pts',(0.0523203036713745,0.0573259634855815,
0.502464304442076));
#1839=CARTESIAN_POINT('Ctrl Pts',(0.0526650537001902,0.0156249999999955,
0.503757738774316));
#1840=CARTESIAN_POINT('',(0.055665053700197,0.015625,0.503757738774304));
#1841=CARTESIAN_POINT('',(0.052665053700197,0.015625,0.503757738774304));
#1842=CARTESIAN_POINT('Ctrl Pts',(0.0556650537002043,0.0156249999999958,
0.503757738774316));
#1843=CARTESIAN_POINT('Ctrl Pts',(0.0553169895631705,0.0577268380155582,
0.502451870559579));
#1844=CARTESIAN_POINT('Ctrl Pts',(0.0549716504758866,0.0994990540134086,
0.495873186792743));
#1845=CARTESIAN_POINT('Ctrl Pts',(0.0543140127201327,0.179046916949302,
0.472877665641522));
#1846=CARTESIAN_POINT('Ctrl Pts',(0.0540034033247963,0.216618229409126,
0.456889097072173));
#1847=CARTESIAN_POINT('Ctrl Pts',(0.0532542799602978,0.307232191578727,
0.404612572997437));
#1848=CARTESIAN_POINT('Ctrl Pts',(0.0527506694541442,0.356026917811597,
0.362419553896722));
#1849=CARTESIAN_POINT('Ctrl Pts',(0.051684394150356,0.436771580992696,0.260108087318075));
#1850=CARTESIAN_POINT('Ctrl Pts',(0.051130825415339,0.467205701203898,0.20036086298046));
#1851=CARTESIAN_POINT('Ctrl Pts',(0.0500740662315839,0.502914124083425,
0.0733768519496037));
#1852=CARTESIAN_POINT('Ctrl Pts',(0.0496149530352681,0.508184086629466,
0.00746257584022064));
#1853=CARTESIAN_POINT('Ctrl Pts',(0.0486276514239222,0.493305361012028,
-0.121846148372993));
#1854=CARTESIAN_POINT('Ctrl Pts',(0.0481008488639511,0.47362205630264,-0.184061858286266));
#1855=CARTESIAN_POINT('Ctrl Pts',(0.0470107616366039,0.410588229454325,
-0.299924553719068));
#1856=CARTESIAN_POINT('Ctrl Pts',(0.0464577984575796,0.366955832138882,
-0.351967169651738));
#1857=CARTESIAN_POINT('Ctrl Pts',(0.0454475380568091,0.264370707788804,
-0.433845294233747));
#1858=CARTESIAN_POINT('Ctrl Pts',(0.0450070908801878,0.20718781729151,-0.463882342433131));
#1859=CARTESIAN_POINT('Ctrl Pts',(0.0439829935973621,0.0833130099608203,
-0.501350897401303));
#1860=CARTESIAN_POINT('Ctrl Pts',(0.0434398793903903,0.0176179154854372,
-0.507920631604203));
#1861=CARTESIAN_POINT('Ctrl Pts',(0.0423524709864042,-0.113915005060844,
-0.495469916078717));
#1862=CARTESIAN_POINT('Ctrl Pts',(0.0418191131073884,-0.178429974106665,
-0.476056585282675));
#1863=CARTESIAN_POINT('Ctrl Pts',(0.0408673650859154,-0.293553414784173,
-0.414619752922407));
#1864=CARTESIAN_POINT('Ctrl Pts',(0.040386236045725,-0.343610499458204,
-0.37418586663547));
#1865=CARTESIAN_POINT('Ctrl Pts',(0.0393289996130084,-0.427533885053437,
-0.274972118714825));
#1866=CARTESIAN_POINT('Ctrl Pts',(0.038776728469633,-0.459904524236142,
-0.216524182095159));
#1867=CARTESIAN_POINT('Ctrl Pts',(0.0378206469632761,-0.49594849145225,
-0.103795808338012));
#1868=CARTESIAN_POINT('Ctrl Pts',(0.0374166034573709,-0.504000000000016,
-0.0520105512260559));
#1869=CARTESIAN_POINT('Ctrl Pts',(0.0370442286340693,-0.504000000000016,
3.98849807074982E-15));
#1870=CARTESIAN_POINT('Origin',(-0.01,0.,0.));
#1871=CARTESIAN_POINT('',(0.050962652115141,-0.015624999999999,-0.517264061553671));
#1872=CARTESIAN_POINT('Ctrl Pts',(0.0448384572681197,-0.5175,-5.46369598732853E-17));
#1873=CARTESIAN_POINT('Ctrl Pts',(0.0452375010533763,-0.5175,-0.0572283883501571));
#1874=CARTESIAN_POINT('Ctrl Pts',(0.0456725677449452,-0.50800621379704,
-0.11414171880908));
#1875=CARTESIAN_POINT('Ctrl Pts',(0.0466618935561347,-0.467272332249755,
-0.232506982146797));
#1876=CARTESIAN_POINT('Ctrl Pts',(0.0472130318015542,-0.432825086589778,
-0.291659689477607));
#1877=CARTESIAN_POINT('Ctrl Pts',(0.0482644692630905,-0.344649120924936,
-0.391541921006136));
#1878=CARTESIAN_POINT('Ctrl Pts',(0.0487339529296279,-0.292429438840651,
-0.431941025895414));
#1879=CARTESIAN_POINT('Ctrl Pts',(0.0494723072382241,-0.200725833713012,
-0.478448756972286));
#1880=CARTESIAN_POINT('Ctrl Pts',(0.049754746746906,-0.165646846734729,
-0.491696230243397));
#1881=CARTESIAN_POINT('Ctrl Pts',(0.0503458882489054,-0.0922270721864106,
-0.510664561480378));
#1882=CARTESIAN_POINT('Ctrl Pts',(0.0506532675284608,-0.0540505656656165,
-0.516103340157868));
#1883=CARTESIAN_POINT('Ctrl Pts',(0.0509626521151405,-0.0156249999999952,
-0.517264061553671));
#1884=CARTESIAN_POINT('',(0.0527,-0.015625,-0.517264061553671));
#1885=CARTESIAN_POINT('',(0.045,-0.015625,-0.517264061553671));
#1886=CARTESIAN_POINT('',(0.052699999999843,-0.482290653790308,-0.187621894422045));
#1887=CARTESIAN_POINT('Origin',(0.0527,0.,0.));
#1888=CARTESIAN_POINT('Ctrl Pts',(0.052699999999843,-0.482290653790306,
-0.18762189442205));
#1889=CARTESIAN_POINT('Ctrl Pts',(0.0522750289558611,-0.501651749530686,
-0.137853313033997));
#1890=CARTESIAN_POINT('Ctrl Pts',(0.0518627252273778,-0.513193103886828,
-0.0853866697912036));
#1891=CARTESIAN_POINT('Ctrl Pts',(0.0514005137421034,-0.51716854914826,
-0.0213943855023132));
#1892=CARTESIAN_POINT('Ctrl Pts',(0.0513245641238668,-0.5175,-0.0106935248594012));
#1893=CARTESIAN_POINT('Ctrl Pts',(0.0512500000000001,-0.5175,4.09777199049639E-17));
#1894=CARTESIAN_POINT('Origin',(-0.01,0.,0.));
#1895=CARTESIAN_POINT('',(-0.01,-0.492418916906508,-0.122800082543219));
#1896=CARTESIAN_POINT('Origin',(-0.01,0.,0.));
#1897=CARTESIAN_POINT('Ctrl Pts',(0.00730000000000131,0.517470788720151,
-0.00549843808241043));
#1898=CARTESIAN_POINT('Ctrl Pts',(0.00684647486806536,0.516750992378805,
-0.0485668999304904));
#1899=CARTESIAN_POINT('Ctrl Pts',(0.00636249178505109,0.510638318391595,
-0.0913753301948562));
#1900=CARTESIAN_POINT('Ctrl Pts',(0.00538886355330328,0.488660588938211,
-0.171738599183364));
#1901=CARTESIAN_POINT('Ctrl Pts',(0.00490502403109376,0.473538873658409,
-0.20917806334496));
#1902=CARTESIAN_POINT('Ctrl Pts',(0.00363618804488206,0.423268137677328,
-0.301029627568059));
#1903=CARTESIAN_POINT('Ctrl Pts',(0.00285638957668433,0.381985142385958,
-0.351280196231157));
#1904=CARTESIAN_POINT('Ctrl Pts',(0.00175197951044835,0.307907566512195,
-0.413180996587671));
#1905=CARTESIAN_POINT('Ctrl Pts',(0.00140134099650229,0.281476647456943,
-0.431369582039957));
#1906=CARTESIAN_POINT('Ctrl Pts',(0.000347723242319943,0.194595623752258,
-0.479965417047758));
#1907=CARTESIAN_POINT('Ctrl Pts',(-0.000441892821151499,0.129631561780477,
-0.500960264095962));
#1908=CARTESIAN_POINT('Ctrl Pts',(-0.00206830793469532,-0.00378344226663957,
-0.51639562682139));
#1909=CARTESIAN_POINT('Ctrl Pts',(-0.00288878768978048,-0.0708997040582713,
-0.511044547179548));
#1910=CARTESIAN_POINT('Ctrl Pts',(-0.00447331592562152,-0.200171303102345,
-0.474667950784731));
#1911=CARTESIAN_POINT('Ctrl Pts',(-0.0051679893418526,-0.261148931967184,
-0.443605023952714));
#1912=CARTESIAN_POINT('Ctrl Pts',(-0.00658485560696671,-0.358729351575404,
-0.366206273080024));
#1913=CARTESIAN_POINT('Ctrl Pts',(-0.00727116977454953,-0.397021897117882,
-0.32367148728047));
#1914=CARTESIAN_POINT('Ctrl Pts',(-0.00865349519532987,-0.457363418751453,
-0.228632332530449));
#1915=CARTESIAN_POINT('Ctrl Pts',(-0.00933970842312666,-0.479301201017791,
-0.176978463892965));
#1916=CARTESIAN_POINT('Ctrl Pts',(-0.00999999999999982,-0.492418916906508,
-0.122800082543219));
#1917=CARTESIAN_POINT('Ctrl Pts',(0.00276384433656916,-0.514877944703219,
-7.3373601595239E-10));
#1918=CARTESIAN_POINT('Ctrl Pts',(0.00292442686427459,-0.514970766930019,
-0.0305598081524578));
#1919=CARTESIAN_POINT('Ctrl Pts',(0.00309310134205901,-0.512346691861684,
-0.0611048998522345));
#1920=CARTESIAN_POINT('Ctrl Pts',(0.00363578211303645,-0.49580714339578,
-0.154766912907428));
#1921=CARTESIAN_POINT('Ctrl Pts',(0.00402513055500025,-0.472780279772254,
-0.215611541329621));
#1922=CARTESIAN_POINT('Ctrl Pts',(0.00482865221461996,-0.403539775588941,
-0.328849398336375));
#1923=CARTESIAN_POINT('Ctrl Pts',(0.00523502260036653,-0.356739377070371,
-0.379428298616145));
#1924=CARTESIAN_POINT('Ctrl Pts',(0.00589544084128197,-0.259681227077301,
-0.44965637014122));
#1925=CARTESIAN_POINT('Ctrl Pts',(0.00615899627898405,-0.213589781727816,
-0.473453008671711));
#1926=CARTESIAN_POINT('Ctrl Pts',(0.00672746587066294,-0.119617044353945,
-0.505405104847147));
#1927=CARTESIAN_POINT('Ctrl Pts',(0.0070121573962725,-0.0725128752815046,
-0.514445982505877));
#1928=CARTESIAN_POINT('Ctrl Pts',(0.0073,-0.0248399999999899,-0.516903496215687));
#1929=CARTESIAN_POINT('Origin',(0.,0.,0.));
#1930=CARTESIAN_POINT('',(0.,-0.451,0.));
#1931=CARTESIAN_POINT('',(2.16893386072419E-19,0.451,-1.57675870403956E-16));
#1932=CARTESIAN_POINT('Origin',(0.,0.,0.));
#1933=CARTESIAN_POINT('Origin',(0.,0.,0.));
#1934=CARTESIAN_POINT('',(-0.01,0.460999999999999,0.));
#1935=CARTESIAN_POINT('',(2.16893386072395E-19,0.451,-1.57675870403956E-16));
#1936=CARTESIAN_POINT('Origin',(-0.01,0.,0.));
#1937=CARTESIAN_POINT('Origin',(0.07,0.,0.));
#1938=CARTESIAN_POINT('',(0.06,0.015625,-0.450729252850312));
#1939=CARTESIAN_POINT('',(0.06,0.015625,0.450729252850311));
#1940=CARTESIAN_POINT('Origin',(0.06,0.,0.));
#1941=CARTESIAN_POINT('',(0.07,0.015625,-0.460735129304246));
#1942=CARTESIAN_POINT('',(0.06,0.015625,-0.450729252850312));
#1943=CARTESIAN_POINT('',(0.07,0.015625,0.460735129304246));
#1944=CARTESIAN_POINT('Origin',(0.07,0.,0.));
#1945=CARTESIAN_POINT('',(0.07,0.015625,0.460735129304246));
#1946=CARTESIAN_POINT('Origin',(-0.01,0.,0.));
#1947=CARTESIAN_POINT('',(0.06,-0.451,4.72920843285755E-17));
#1948=CARTESIAN_POINT('',(-0.01,-0.451,4.72127291208645E-17));
#1949=CARTESIAN_POINT('',(0.06,-0.015625,-0.450729252850312));
#1950=CARTESIAN_POINT('Origin',(0.06,0.,0.));
#1951=CARTESIAN_POINT('',(0.045,-0.015625,-0.450729252850312));
#1952=CARTESIAN_POINT('',(0.045,-0.015625,-0.450729252850312));
#1953=CARTESIAN_POINT('',(0.045,0.015625,-0.450729252850312));
#1954=CARTESIAN_POINT('Origin',(0.045,0.,0.));
#1955=CARTESIAN_POINT('',(0.045,0.015625,-0.450729252850312));
#1956=CARTESIAN_POINT('',(0.045,0.015625,0.450729252850311));
#1957=CARTESIAN_POINT('',(0.045,0.015625,0.450729252850311));
#1958=CARTESIAN_POINT('',(0.045,-0.015625,0.450729252850311));
#1959=CARTESIAN_POINT('Origin',(0.045,0.,0.));
#1960=CARTESIAN_POINT('',(0.06,-0.015625,0.450729252850311));
#1961=CARTESIAN_POINT('',(0.045,-0.015625,0.450729252850311));
#1962=CARTESIAN_POINT('Origin',(0.06,0.,0.));
#1963=CARTESIAN_POINT('Origin',(0.0527,0.,0.));
#1964=CARTESIAN_POINT('',(0.07,-0.015625,0.507259410336565));
#1965=CARTESIAN_POINT('',(0.07,-0.038361467384077,-0.506048068685318));
#1966=CARTESIAN_POINT('Origin',(0.07,0.,0.));
#1967=CARTESIAN_POINT('',(0.060959127686985,-0.015625,0.512487801435202));
#1968=CARTESIAN_POINT('',(0.07,-0.015625,0.507259410336565));
#1969=CARTESIAN_POINT('Ctrl Pts',(0.0609591276869843,-0.0156250000000005,
0.512487801435201));
#1970=CARTESIAN_POINT('Ctrl Pts',(0.0613439943090362,-0.0787828862866352,
0.510339640660201));
#1971=CARTESIAN_POINT('Ctrl Pts',(0.0617236608945992,-0.141002621999175,
0.496534672513232));
#1972=CARTESIAN_POINT('Ctrl Pts',(0.0624552544827213,-0.260756412023697,
0.445525407263681));
#1973=CARTESIAN_POINT('Ctrl Pts',(0.0627999998617928,-0.316651777686375,
0.407456323109842));
#1974=CARTESIAN_POINT('Ctrl Pts',(0.0635891597637478,-0.410245056979345,
0.312181933333599));
#1975=CARTESIAN_POINT('Ctrl Pts',(0.0639989589738691,-0.447156717671152,
0.256061115046689));
#1976=CARTESIAN_POINT('Ctrl Pts',(0.0647785875609882,-0.49569734479061,
0.136980790488525));
#1977=CARTESIAN_POINT('Ctrl Pts',(0.0651427630014593,-0.508458637317503,
0.0757268637060186));
#1978=CARTESIAN_POINT('Ctrl Pts',(0.06565175047369,-0.510701407121147,-0.0187835641498538));
#1979=CARTESIAN_POINT('Ctrl Pts',(0.0658263781101349,-0.508372607663617,
-0.0512009626501773));
#1980=CARTESIAN_POINT('Ctrl Pts',(0.0663762895244955,-0.492411677350048,
-0.145735375827043));
#1981=CARTESIAN_POINT('Ctrl Pts',(0.0667626062541714,-0.470264965843151,
-0.205745855460806));
#1982=CARTESIAN_POINT('Ctrl Pts',(0.0675651274949725,-0.403034598860583,
-0.317948047709748));
#1983=CARTESIAN_POINT('Ctrl Pts',(0.0679737653831786,-0.357264627730084,
-0.368306272420525));
#1984=CARTESIAN_POINT('Ctrl Pts',(0.0686329911892072,-0.263148240301134,
-0.437682022764502));
#1985=CARTESIAN_POINT('Ctrl Pts',(0.0688886139565551,-0.219165925767391,
-0.461122527672113));
#1986=CARTESIAN_POINT('Ctrl Pts',(0.0694409425174445,-0.129248525097768,
-0.493239602042458));
#1987=CARTESIAN_POINT('Ctrl Pts',(0.0697183028972698,-0.0841349428303388,
-0.5027414636193));
#1988=CARTESIAN_POINT('Ctrl Pts',(0.0699999999999994,-0.038361467384077,
-0.506048068685318));
#1989=CARTESIAN_POINT('Origin',(-0.01,0.,0.));
#1990=CARTESIAN_POINT('',(0.0527,0.200153607299528,-0.477226134536853));
#1991=CARTESIAN_POINT('',(0.051214262421099,0.015625,-0.517264061553671));
#1992=CARTESIAN_POINT('Origin',(0.051088459384099,2.62804745987913E-7,3.10236686920148E-5));
#1993=CARTESIAN_POINT('',(0.0527,0.015625,-0.517264061553671));
#1994=CARTESIAN_POINT('Origin',(0.0527,0.,0.));
#1995=CARTESIAN_POINT('',(0.045,0.015625,-0.517264061553671));
#1996=CARTESIAN_POINT('Origin',(0.07,0.,0.));
#1997=CARTESIAN_POINT('',(0.07,-0.015625,-0.506936075744952));
#1998=CARTESIAN_POINT('Origin',(0.070000047132221,-0.007215402328203,-0.000101933923906003));
#1999=CARTESIAN_POINT('',(0.07,-0.015625,-0.460735129304246));
#2000=CARTESIAN_POINT('',(0.07,-0.015625,0.));
#2001=CARTESIAN_POINT('',(0.07,-0.015625,0.460735129304246));
#2002=CARTESIAN_POINT('Origin',(0.07,0.,0.));
#2003=CARTESIAN_POINT('',(0.07,-0.015625,0.));
#2004=CARTESIAN_POINT('Origin',(0.07,0.,0.));
#2005=CARTESIAN_POINT('',(0.07,0.015625,-0.506490996866729));
#2006=CARTESIAN_POINT('',(0.07,0.015625,0.));
#2007=CARTESIAN_POINT('',(0.07,0.206330104424124,-0.459830281743526));
#2008=CARTESIAN_POINT('Origin',(0.070002966692871,-0.00721763729435801,
-8.99041538339878E-5));
#2009=CARTESIAN_POINT('',(0.07,0.465413013911874,-0.193408186180073));
#2010=CARTESIAN_POINT('Origin',(0.07,-7.99885092544896E-15,2.0106401233369E-15));
#2011=CARTESIAN_POINT('',(0.07,0.503367858739209,0.064630091971954));
#2012=CARTESIAN_POINT('Ctrl Pts',(0.07,0.465413013911874,-0.193408186180073));
#2013=CARTESIAN_POINT('Ctrl Pts',(0.07,0.482900650554034,-0.152956777774428));
#2014=CARTESIAN_POINT('Ctrl Pts',(0.0700000000255419,0.494996708369535,
-0.110382152003979));
#2015=CARTESIAN_POINT('Ctrl Pts',(0.0700000000255419,0.507784189165058,
-0.0231757459310162));
#2016=CARTESIAN_POINT('Ctrl Pts',(0.07,0.508380484734976,0.021072718541372));
#2017=CARTESIAN_POINT('Ctrl Pts',(0.07,0.503367858739209,0.064630091971954));
#2018=CARTESIAN_POINT('',(0.07,0.015625,0.507259410336565));
#2019=CARTESIAN_POINT('Origin',(0.07,0.,0.));
#2020=CARTESIAN_POINT('',(0.07,0.015625,0.));
#2021=CARTESIAN_POINT('Origin',(0.0527,0.,0.));
#2022=CARTESIAN_POINT('',(0.059713959487828,-0.015625000000001,-0.513207885814656));
#2023=CARTESIAN_POINT('Ctrl Pts',(0.0526999999997642,-0.482290653790435,
-0.187621894422096));
#2024=CARTESIAN_POINT('Ctrl Pts',(0.0532892354232035,-0.464087333148726,
-0.233474920854216));
#2025=CARTESIAN_POINT('Ctrl Pts',(0.0538890056387832,-0.439413633309258,
-0.276486491858653));
#2026=CARTESIAN_POINT('Ctrl Pts',(0.0550962460532668,-0.377441137889355,
-0.355725040558946));
#2027=CARTESIAN_POINT('Ctrl Pts',(0.0556964122904344,-0.340030219878441,
-0.391182395874512));
#2028=CARTESIAN_POINT('Ctrl Pts',(0.0568393055850305,-0.255065492719285,
-0.450581410941398));
#2029=CARTESIAN_POINT('Ctrl Pts',(0.0573797418547917,-0.207780977013727,
-0.473914058509207));
#2030=CARTESIAN_POINT('Ctrl Pts',(0.0585452103987838,-0.111700366811439,
-0.504154495104866));
#2031=CARTESIAN_POINT('Ctrl Pts',(0.0591265594745551,-0.0638624112789393,
-0.51207895646484));
#2032=CARTESIAN_POINT('Ctrl Pts',(0.0597139594878284,-0.0156250000000012,
-0.513207885814655));
#2033=CARTESIAN_POINT('',(0.059713959487828,-0.015625000000001,-0.513207885814656));
#2034=CARTESIAN_POINT('Origin',(0.0527,0.,0.));
#2035=CARTESIAN_POINT('',(0.060768739733152,0.015625,0.512597903401616));
#2036=CARTESIAN_POINT('Ctrl Pts',(0.0607687397331503,0.0156249999999996,
0.512597903401612));
#2037=CARTESIAN_POINT('Ctrl Pts',(0.0604722927007663,0.0642938247270008,
0.51128581742423));
#2038=CARTESIAN_POINT('Ctrl Pts',(0.0601787939670429,0.112528324254808,
0.503049068320312));
#2039=CARTESIAN_POINT('Ctrl Pts',(0.059591855962315,0.209077474365493,0.471981795264995));
#2040=CARTESIAN_POINT('Ctrl Pts',(0.0593204549366414,0.25645999450077,0.448180206915294));
#2041=CARTESIAN_POINT('Ctrl Pts',(0.0586514923103136,0.35485110247,0.378119156290653));
#2042=CARTESIAN_POINT('Ctrl Pts',(0.0582444378566518,0.401928406470959,
0.328007444071708));
#2043=CARTESIAN_POINT('Ctrl Pts',(0.0574411125449898,0.471829669186528,
0.215605196064866));
#2044=CARTESIAN_POINT('Ctrl Pts',(0.0570525777331565,0.495248559403416,
0.155141841739621));
#2045=CARTESIAN_POINT('Ctrl Pts',(0.05629554946555,0.519344739731535,0.0247272726465887));
#2046=CARTESIAN_POINT('Ctrl Pts',(0.0559531560673442,0.518229868212528,
-0.0442888602492605));
#2047=CARTESIAN_POINT('Ctrl Pts',(0.0551834866935913,0.489977810617891,
-0.174570854046312));
#2048=CARTESIAN_POINT('Ctrl Pts',(0.0547890709642143,0.464306181345195,
-0.234964580035212));
#2049=CARTESIAN_POINT('Ctrl Pts',(0.0541062936890352,0.401315136334121,
-0.328979430770326));
#2050=CARTESIAN_POINT('Ctrl Pts',(0.0538203725887563,0.369071764795643,
-0.365018033986176));
#2051=CARTESIAN_POINT('Ctrl Pts',(0.0532518070403729,0.29257287257307,-0.429630705702194));
#2052=CARTESIAN_POINT('Ctrl Pts',(0.0529892215106792,0.247998223353355,
-0.456978315993721));
#2053=CARTESIAN_POINT('Ctrl Pts',(0.0526999999999999,0.200153607299528,
-0.477226134536853));
#2054=CARTESIAN_POINT('',(0.060768739733152,0.015625,0.512597903401616));
#2055=CARTESIAN_POINT('',(0.060094662327854,0.015624999999999,-0.512987724358063));
#2056=CARTESIAN_POINT('Ctrl Pts',(0.06009466232786,0.0156249999999988,-0.512987724358052));
#2057=CARTESIAN_POINT('Ctrl Pts',(0.0607360965757251,0.0682545714635833,
-0.511013746600722));
#2058=CARTESIAN_POINT('Ctrl Pts',(0.0613714435632242,0.1202680299172,-0.500951927901338));
#2059=CARTESIAN_POINT('Ctrl Pts',(0.0626325683722896,0.223304002299303,
-0.463960378072164));
#2060=CARTESIAN_POINT('Ctrl Pts',(0.0632120313331615,0.273363393336909,
-0.435968968658598));
#2061=CARTESIAN_POINT('Ctrl Pts',(0.0642296109476779,0.343027758160764,
-0.379919882905504));
#2062=CARTESIAN_POINT('Ctrl Pts',(0.0646124481342311,0.366323539493121,
-0.357194853263214));
#2063=CARTESIAN_POINT('Ctrl Pts',(0.0657928265451829,0.429644863757804,
-0.28236984584028));
#2064=CARTESIAN_POINT('Ctrl Pts',(0.0666045449602906,0.461942904080951,
-0.224628338528356));
#2065=CARTESIAN_POINT('Ctrl Pts',(0.0678420229805584,0.494038354380613,
-0.127018469464179));
#2066=CARTESIAN_POINT('Ctrl Pts',(0.068279131259352,0.501754600464546,-0.0905147613718325));
#2067=CARTESIAN_POINT('Ctrl Pts',(0.0691410121499206,0.509327285046156,
-0.014237120854101));
#2068=CARTESIAN_POINT('Ctrl Pts',(0.0695503207661767,0.508662575147113,
0.0254335596654666));
#2069=CARTESIAN_POINT('Ctrl Pts',(0.07,0.503367858739209,0.0646300919719539));
#2070=CARTESIAN_POINT('',(0.060094662327854,0.015624999999999,-0.512987724358063));
#2071=CARTESIAN_POINT('Origin',(0.07,0.,0.));
#2072=CARTESIAN_POINT('',(0.06,-0.015625,0.450729252850311));
#2073=CARTESIAN_POINT('',(0.06,-0.015625,-0.450729252850312));
#2074=CARTESIAN_POINT('Origin',(-0.01,0.,0.));
#2075=CARTESIAN_POINT('Origin',(-0.010000000000001,-0.003695339646589,0.00619826361854901));
#2076=CARTESIAN_POINT('Origin',(-0.00999999999999702,0.00721518732558099,
-9.60746860329905E-5));
#2077=CARTESIAN_POINT('Origin',(0.045,0.015625,0.));
#2078=CARTESIAN_POINT('',(0.045,0.015625,-0.506490996866729));
#2079=CARTESIAN_POINT('',(0.051214262421099,0.015625,-0.517264061553671));
#2080=CARTESIAN_POINT('',(0.065423403567922,0.015625,-0.503757738774304));
#2081=CARTESIAN_POINT('',(0.065423403567922,0.015625,-0.503757738774304));
#2082=CARTESIAN_POINT('',(0.068423403567922,0.015625,-0.503757738774304));
#2083=CARTESIAN_POINT('',(0.068423403567922,0.015625,-0.503757738774304));
#2084=CARTESIAN_POINT('',(0.07,0.015625,-0.506490996866729));
#2085=CARTESIAN_POINT('',(0.045,0.015625,0.));
#2086=CARTESIAN_POINT('Origin',(0.045,-0.015625,0.));
#2087=CARTESIAN_POINT('',(0.045,-0.015625,-0.506936075744952));
#2088=CARTESIAN_POINT('',(0.050962652115141,-0.015624999999999,-0.517264061553671));
#2089=CARTESIAN_POINT('',(0.045,-0.015625,0.));
#2090=CARTESIAN_POINT('',(0.0681650537001969,-0.015625,-0.503757738774304));
#2091=CARTESIAN_POINT('',(0.07,-0.015625,-0.506936075744952));
#2092=CARTESIAN_POINT('',(0.065165053700197,-0.015625,-0.503757738774304));
#2093=CARTESIAN_POINT('',(0.0681650537001969,-0.015625,-0.503757738774304));
#2094=CARTESIAN_POINT('',(0.065165053700197,-0.015625,-0.503757738774304));
#2095=CARTESIAN_POINT('Origin',(0.045,0.,0.));
#2096=CARTESIAN_POINT('Origin',(0.045000042264754,-0.00721541849224701,
-0.000102598526779984));
#2097=CARTESIAN_POINT('Origin',(0.045,-0.015625,0.));
#2098=CARTESIAN_POINT('',(0.055923403567922,-0.015625,0.503757738774304));
#2099=CARTESIAN_POINT('',(0.060959127686985,-0.015625,0.512487801435202));
#2100=CARTESIAN_POINT('',(0.045,-0.015625,0.));
#2101=CARTESIAN_POINT('',(0.052923403567922,-0.015625000000001,0.503757738774304));
#2102=CARTESIAN_POINT('',(0.052923403567922,-0.015625000000001,0.503757738774304));
#2103=CARTESIAN_POINT('',(0.055923403567922,-0.015625,0.503757738774304));
#2104=CARTESIAN_POINT('Origin',(0.045,0.015625,0.));
#2105=CARTESIAN_POINT('',(0.055665053700197,0.015625,0.503757738774304));
#2106=CARTESIAN_POINT('',(0.045,0.015625,0.517045969334701));
#2107=CARTESIAN_POINT('',(0.045,0.015625,0.517045969334701));
#2108=CARTESIAN_POINT('',(0.045,0.015625,0.));
#2109=CARTESIAN_POINT('Origin',(0.045,0.,0.));
#2110=CARTESIAN_POINT('Origin',(0.044999993641356,-0.00721547529546701,
0.000100617383801007));
#2111=CARTESIAN_POINT('Ctrl Pts',(0.09654422863406,0.504,0.));
#2112=CARTESIAN_POINT('Ctrl Pts',(0.0944608953007259,0.504,-0.290984535671572));
#2113=CARTESIAN_POINT('Ctrl Pts',(0.092377561967393,0.252,-0.436476803507357));
#2114=CARTESIAN_POINT('Ctrl Pts',(0.09029422863406,0.,-0.581969071343143));
#2115=CARTESIAN_POINT('Ctrl Pts',(0.088210895300726,-0.252,-0.436476803507357));
#2116=CARTESIAN_POINT('Ctrl Pts',(0.086127561967393,-0.504,-0.290984535671571));
#2117=CARTESIAN_POINT('Ctrl Pts',(0.08404422863406,-0.504,0.));
#2118=CARTESIAN_POINT('Ctrl Pts',(0.081960895300726,-0.504,0.290984535671571));
#2119=CARTESIAN_POINT('Ctrl Pts',(0.079877561967393,-0.252,0.436476803507357));
#2120=CARTESIAN_POINT('Ctrl Pts',(0.07779422863406,0.,0.581969071343142));
#2121=CARTESIAN_POINT('Ctrl Pts',(0.075710895300726,0.251999999999999,0.436476803507357));
#2122=CARTESIAN_POINT('Ctrl Pts',(0.073627561967393,0.504,0.290984535671571));
#2123=CARTESIAN_POINT('Ctrl Pts',(0.07154422863406,0.504,0.));
#2124=CARTESIAN_POINT('Ctrl Pts',(0.069460895300726,0.504,-0.290984535671572));
#2125=CARTESIAN_POINT('Ctrl Pts',(0.067377561967393,0.252,-0.436476803507357));
#2126=CARTESIAN_POINT('Ctrl Pts',(0.06529422863406,0.,-0.581969071343143));
#2127=CARTESIAN_POINT('Ctrl Pts',(0.063210895300726,-0.252,-0.436476803507357));
#2128=CARTESIAN_POINT('Ctrl Pts',(0.061127561967393,-0.504,-0.290984535671571));
#2129=CARTESIAN_POINT('Ctrl Pts',(0.05904422863406,-0.504,0.));
#2130=CARTESIAN_POINT('Ctrl Pts',(0.056960895300726,-0.504,0.290984535671571));
#2131=CARTESIAN_POINT('Ctrl Pts',(0.054877561967393,-0.252,0.436476803507357));
#2132=CARTESIAN_POINT('Ctrl Pts',(0.0527942286340599,0.,0.581969071343142));
#2133=CARTESIAN_POINT('Ctrl Pts',(0.050710895300726,0.251999999999999,0.436476803507357));
#2134=CARTESIAN_POINT('Ctrl Pts',(0.048627561967393,0.504,0.290984535671571));
#2135=CARTESIAN_POINT('Ctrl Pts',(0.04654422863406,0.504,0.));
#2136=CARTESIAN_POINT('Ctrl Pts',(0.044460895300727,0.504,-0.290984535671572));
#2137=CARTESIAN_POINT('Ctrl Pts',(0.042377561967393,0.252,-0.436476803507357));
#2138=CARTESIAN_POINT('Ctrl Pts',(0.04029422863406,0.,-0.581969071343143));
#2139=CARTESIAN_POINT('Ctrl Pts',(0.038210895300726,-0.252,-0.436476803507357));
#2140=CARTESIAN_POINT('Ctrl Pts',(0.036127561967393,-0.504,-0.290984535671571));
#2141=CARTESIAN_POINT('Ctrl Pts',(0.03404422863406,-0.504,0.));
#2142=CARTESIAN_POINT('Ctrl Pts',(0.031960895300726,-0.504,0.290984535671571));
#2143=CARTESIAN_POINT('Ctrl Pts',(0.029877561967393,-0.252,0.436476803507357));
#2144=CARTESIAN_POINT('Ctrl Pts',(0.02779422863406,0.,0.581969071343142));
#2145=CARTESIAN_POINT('Ctrl Pts',(0.025710895300726,0.251999999999999,0.436476803507357));
#2146=CARTESIAN_POINT('Ctrl Pts',(0.023627561967393,0.504,0.290984535671571));
#2147=CARTESIAN_POINT('Ctrl Pts',(0.02154422863406,0.504,0.));
#2148=CARTESIAN_POINT('Ctrl Pts',(0.019460895300726,0.504,-0.290984535671572));
#2149=CARTESIAN_POINT('Ctrl Pts',(0.017377561967393,0.252,-0.436476803507357));
#2150=CARTESIAN_POINT('Ctrl Pts',(0.01529422863406,0.,-0.581969071343143));
#2151=CARTESIAN_POINT('Ctrl Pts',(0.013210895300726,-0.252,-0.436476803507357));
#2152=CARTESIAN_POINT('Ctrl Pts',(0.011127561967393,-0.504,-0.290984535671571));
#2153=CARTESIAN_POINT('Ctrl Pts',(0.00904422863405998,-0.504,0.));
#2154=CARTESIAN_POINT('Ctrl Pts',(0.00696089530072594,-0.504,0.290984535671571));
#2155=CARTESIAN_POINT('Ctrl Pts',(0.00487756196739294,-0.252,0.436476803507357));
#2156=CARTESIAN_POINT('Ctrl Pts',(0.00279422863405995,0.,0.581969071343142));
#2157=CARTESIAN_POINT('Ctrl Pts',(0.000710895300725992,0.251999999999999,
0.436476803507357));
#2158=CARTESIAN_POINT('Ctrl Pts',(-0.00137243803260705,0.504,0.290984535671571));
#2159=CARTESIAN_POINT('Ctrl Pts',(-0.00345577136594,0.504,0.));
#2160=CARTESIAN_POINT('Ctrl Pts',(-0.005539104699274,0.504,-0.290984535671572));
#2161=CARTESIAN_POINT('Ctrl Pts',(-0.00762243803260699,0.252,-0.436476803507357));
#2162=CARTESIAN_POINT('Ctrl Pts',(-0.00970577136594003,0.,-0.581969071343143));
#2163=CARTESIAN_POINT('Ctrl Pts',(-0.011789104699274,-0.252,-0.436476803507357));
#2164=CARTESIAN_POINT('Ctrl Pts',(-0.013872438032607,-0.504,-0.290984535671571));
#2165=CARTESIAN_POINT('Ctrl Pts',(-0.01595577136594,-0.504,0.));
#2166=CARTESIAN_POINT('Ctrl Pts',(-0.018039104699274,-0.504,0.290984535671571));
#2167=CARTESIAN_POINT('Ctrl Pts',(-0.020122438032607,-0.252,0.436476803507357));
#2168=CARTESIAN_POINT('Ctrl Pts',(-0.02220577136594,0.,0.581969071343142));
#2169=CARTESIAN_POINT('Ctrl Pts',(-0.0242891046992741,0.251999999999999,
0.436476803507357));
#2170=CARTESIAN_POINT('Ctrl Pts',(-0.026372438032607,0.504,0.290984535671571));
#2171=CARTESIAN_POINT('Ctrl Pts',(-0.02845577136594,0.504,0.));
#2172=CARTESIAN_POINT('Ctrl Pts',(-0.030539104699274,0.504,-0.290984535671572));
#2173=CARTESIAN_POINT('Ctrl Pts',(-0.032622438032607,0.252,-0.436476803507357));
#2174=CARTESIAN_POINT('Ctrl Pts',(-0.03470577136594,0.,-0.581969071343143));
#2175=CARTESIAN_POINT('Ctrl Pts',(-0.036789104699274,-0.252,-0.436476803507357));
#2176=CARTESIAN_POINT('Ctrl Pts',(-0.038872438032607,-0.504,-0.290984535671571));
#2177=CARTESIAN_POINT('Ctrl Pts',(-0.0409557713659401,-0.504,0.));
#2178=CARTESIAN_POINT('Ctrl Pts',(-0.043039104699274,-0.504,0.290984535671571));
#2179=CARTESIAN_POINT('Ctrl Pts',(-0.045122438032607,-0.252,0.436476803507357));
#2180=CARTESIAN_POINT('Ctrl Pts',(-0.04720577136594,0.,0.581969071343142));
#2181=CARTESIAN_POINT('Ctrl Pts',(-0.049289104699274,0.251999999999999,
0.436476803507357));
#2182=CARTESIAN_POINT('Ctrl Pts',(-0.051372438032607,0.504,0.290984535671571));
#2183=CARTESIAN_POINT('Ctrl Pts',(-0.05345577136594,0.504,0.));
#2184=CARTESIAN_POINT('Ctrl Pts',(-0.055539104699274,0.504,-0.290984535671572));
#2185=CARTESIAN_POINT('Ctrl Pts',(-0.057622438032607,0.252,-0.436476803507357));
#2186=CARTESIAN_POINT('Ctrl Pts',(-0.05970577136594,0.,-0.581969071343143));
#2187=CARTESIAN_POINT('Ctrl Pts',(-0.061789104699274,-0.252,-0.436476803507357));
#2188=CARTESIAN_POINT('Ctrl Pts',(-0.063872438032607,-0.504,-0.290984535671571));
#2189=CARTESIAN_POINT('Ctrl Pts',(-0.06595577136594,-0.504,0.));
#2190=CARTESIAN_POINT('Ctrl Pts',(-0.068039104699274,-0.504,0.290984535671571));
#2191=CARTESIAN_POINT('Ctrl Pts',(-0.070122438032607,-0.252,0.436476803507357));
#2192=CARTESIAN_POINT('Ctrl Pts',(-0.07220577136594,0.,0.581969071343142));
#2193=CARTESIAN_POINT('Ctrl Pts',(-0.074289104699273,0.251999999999999,
0.436476803507357));
#2194=CARTESIAN_POINT('Ctrl Pts',(-0.076372438032607,0.504,0.290984535671571));
#2195=CARTESIAN_POINT('Ctrl Pts',(-0.07845577136594,0.504,0.));
#2196=CARTESIAN_POINT('Ctrl Pts',(-0.080539104699274,0.504,-0.290984535671572));
#2197=CARTESIAN_POINT('Ctrl Pts',(-0.082622438032607,0.252,-0.436476803507357));
#2198=CARTESIAN_POINT('Ctrl Pts',(-0.08470577136594,0.,-0.581969071343143));
#2199=CARTESIAN_POINT('Ctrl Pts',(-0.086789104699274,-0.252,-0.436476803507357));
#2200=CARTESIAN_POINT('Ctrl Pts',(-0.088872438032607,-0.504,-0.290984535671571));
#2201=CARTESIAN_POINT('Ctrl Pts',(-0.09095577136594,-0.504,0.));
#2202=CARTESIAN_POINT('Ctrl Pts',(-0.093039104699274,-0.504,0.290984535671571));
#2203=CARTESIAN_POINT('Ctrl Pts',(-0.095122438032607,-0.252,0.436476803507357));
#2204=CARTESIAN_POINT('Ctrl Pts',(-0.09720577136594,0.,0.581969071343142));
#2205=CARTESIAN_POINT('Ctrl Pts',(-0.099289104699273,0.251999999999999,
0.436476803507357));
#2206=CARTESIAN_POINT('Ctrl Pts',(-0.101372438032607,0.504,0.290984535671571));
#2207=CARTESIAN_POINT('Ctrl Pts',(-0.10345577136594,0.504,0.));
#2208=CARTESIAN_POINT('Ctrl Pts',(0.0887493549029274,0.517501117340905,
0.));
#2209=CARTESIAN_POINT('Ctrl Pts',(0.0866660215695934,0.517501117340906,
-0.298779409402705));
#2210=CARTESIAN_POINT('Ctrl Pts',(0.0845826882362604,0.258750558670453,
-0.448169114104056));
#2211=CARTESIAN_POINT('Ctrl Pts',(0.0824993549029274,0.,-0.597558818805408));
#2212=CARTESIAN_POINT('Ctrl Pts',(0.0804160215695934,-0.258750558670454,
-0.448169114104056));
#2213=CARTESIAN_POINT('Ctrl Pts',(0.0783326882362604,-0.517501117340906,
-0.298779409402705));
#2214=CARTESIAN_POINT('Ctrl Pts',(0.0762493549029273,-0.517501117340906,
0.));
#2215=CARTESIAN_POINT('Ctrl Pts',(0.0741660215695934,-0.517501117340906,
0.298779409402704));
#2216=CARTESIAN_POINT('Ctrl Pts',(0.0720826882362604,-0.258750558670454,
0.448169114104056));
#2217=CARTESIAN_POINT('Ctrl Pts',(0.0699993549029274,0.,0.597558818805408));
#2218=CARTESIAN_POINT('Ctrl Pts',(0.0679160215695934,0.258750558670453,
0.448169114104056));
#2219=CARTESIAN_POINT('Ctrl Pts',(0.0658326882362604,0.517501117340906,
0.298779409402704));
#2220=CARTESIAN_POINT('Ctrl Pts',(0.0637493549029274,0.517501117340905,
0.));
#2221=CARTESIAN_POINT('Ctrl Pts',(0.0616660215695933,0.517501117340906,
-0.298779409402705));
#2222=CARTESIAN_POINT('Ctrl Pts',(0.0595826882362604,0.258750558670453,
-0.448169114104056));
#2223=CARTESIAN_POINT('Ctrl Pts',(0.0574993549029274,0.,-0.597558818805408));
#2224=CARTESIAN_POINT('Ctrl Pts',(0.0554160215695934,-0.258750558670454,
-0.448169114104056));
#2225=CARTESIAN_POINT('Ctrl Pts',(0.0533326882362604,-0.517501117340906,
-0.298779409402705));
#2226=CARTESIAN_POINT('Ctrl Pts',(0.0512493549029274,-0.517501117340906,
0.));
#2227=CARTESIAN_POINT('Ctrl Pts',(0.0491660215695934,-0.517501117340906,
0.298779409402704));
#2228=CARTESIAN_POINT('Ctrl Pts',(0.0470826882362604,-0.258750558670454,
0.448169114104056));
#2229=CARTESIAN_POINT('Ctrl Pts',(0.0449993549029275,0.,0.597558818805408));
#2230=CARTESIAN_POINT('Ctrl Pts',(0.0429160215695934,0.258750558670453,
0.448169114104056));
#2231=CARTESIAN_POINT('Ctrl Pts',(0.0408326882362604,0.517501117340906,
0.298779409402704));
#2232=CARTESIAN_POINT('Ctrl Pts',(0.0387493549029274,0.517501117340905,
0.));
#2233=CARTESIAN_POINT('Ctrl Pts',(0.0366660215695934,0.517501117340906,
-0.298779409402705));
#2234=CARTESIAN_POINT('Ctrl Pts',(0.0345826882362604,0.258750558670453,
-0.448169114104056));
#2235=CARTESIAN_POINT('Ctrl Pts',(0.0324993549029274,0.,-0.597558818805408));
#2236=CARTESIAN_POINT('Ctrl Pts',(0.0304160215695934,-0.258750558670454,
-0.448169114104056));
#2237=CARTESIAN_POINT('Ctrl Pts',(0.0283326882362604,-0.517501117340906,
-0.298779409402705));
#2238=CARTESIAN_POINT('Ctrl Pts',(0.0262493549029274,-0.517501117340906,
0.));
#2239=CARTESIAN_POINT('Ctrl Pts',(0.0241660215695934,-0.517501117340906,
0.298779409402704));
#2240=CARTESIAN_POINT('Ctrl Pts',(0.0220826882362604,-0.258750558670454,
0.448169114104056));
#2241=CARTESIAN_POINT('Ctrl Pts',(0.0199993549029273,0.,0.597558818805408));
#2242=CARTESIAN_POINT('Ctrl Pts',(0.0179160215695934,0.258750558670453,
0.448169114104056));
#2243=CARTESIAN_POINT('Ctrl Pts',(0.0158326882362604,0.517501117340906,
0.298779409402704));
#2244=CARTESIAN_POINT('Ctrl Pts',(0.0137493549029274,0.517501117340905,
0.));
#2245=CARTESIAN_POINT('Ctrl Pts',(0.0116660215695934,0.517501117340906,
-0.298779409402705));
#2246=CARTESIAN_POINT('Ctrl Pts',(0.00958268823626039,0.258750558670453,
-0.448169114104056));
#2247=CARTESIAN_POINT('Ctrl Pts',(0.00749935490292744,0.,-0.597558818805408));
#2248=CARTESIAN_POINT('Ctrl Pts',(0.00541602156959339,-0.258750558670454,
-0.448169114104056));
#2249=CARTESIAN_POINT('Ctrl Pts',(0.00333268823626044,-0.517501117340906,
-0.298779409402705));
#2250=CARTESIAN_POINT('Ctrl Pts',(0.00124935490292745,-0.517501117340906,
0.));
#2251=CARTESIAN_POINT('Ctrl Pts',(-0.000833978430406551,-0.517501117340906,
0.298779409402704));
#2252=CARTESIAN_POINT('Ctrl Pts',(-0.00291731176373955,-0.258750558670454,
0.448169114104056));
#2253=CARTESIAN_POINT('Ctrl Pts',(-0.00500064509707258,0.,0.597558818805408));
#2254=CARTESIAN_POINT('Ctrl Pts',(-0.00708397843040663,0.258750558670453,
0.448169114104056));
#2255=CARTESIAN_POINT('Ctrl Pts',(-0.00916731176373962,0.517501117340906,
0.298779409402704));
#2256=CARTESIAN_POINT('Ctrl Pts',(-0.0112506450970726,0.517501117340905,
0.));
#2257=CARTESIAN_POINT('Ctrl Pts',(-0.0133339784304066,0.517501117340906,
-0.298779409402705));
#2258=CARTESIAN_POINT('Ctrl Pts',(-0.0154173117637396,0.258750558670453,
-0.448169114104056));
#2259=CARTESIAN_POINT('Ctrl Pts',(-0.0175006450970726,0.,-0.597558818805408));
#2260=CARTESIAN_POINT('Ctrl Pts',(-0.0195839784304066,-0.258750558670454,
-0.448169114104056));
#2261=CARTESIAN_POINT('Ctrl Pts',(-0.0216673117637397,-0.517501117340906,
-0.298779409402705));
#2262=CARTESIAN_POINT('Ctrl Pts',(-0.0237506450970726,-0.517501117340906,
0.));
#2263=CARTESIAN_POINT('Ctrl Pts',(-0.0258339784304066,-0.517501117340906,
0.298779409402704));
#2264=CARTESIAN_POINT('Ctrl Pts',(-0.0279173117637395,-0.258750558670454,
0.448169114104056));
#2265=CARTESIAN_POINT('Ctrl Pts',(-0.0300006450970726,0.,0.597558818805408));
#2266=CARTESIAN_POINT('Ctrl Pts',(-0.0320839784304065,0.258750558670453,
0.448169114104056));
#2267=CARTESIAN_POINT('Ctrl Pts',(-0.0341673117637395,0.517501117340906,
0.298779409402704));
#2268=CARTESIAN_POINT('Ctrl Pts',(-0.0362506450970726,0.517501117340905,
0.));
#2269=CARTESIAN_POINT('Ctrl Pts',(-0.0383339784304066,0.517501117340906,
-0.298779409402705));
#2270=CARTESIAN_POINT('Ctrl Pts',(-0.0404173117637396,0.258750558670453,
-0.448169114104056));
#2271=CARTESIAN_POINT('Ctrl Pts',(-0.0425006450970736,0.,-0.597558818805408));
#2272=CARTESIAN_POINT('Ctrl Pts',(-0.0445839784304066,-0.258750558670454,
-0.448169114104056));
#2273=CARTESIAN_POINT('Ctrl Pts',(-0.0466673117637396,-0.517501117340906,
-0.298779409402705));
#2274=CARTESIAN_POINT('Ctrl Pts',(-0.0487506450970726,-0.517501117340906,
0.));
#2275=CARTESIAN_POINT('Ctrl Pts',(-0.0508339784304066,-0.517501117340906,
0.298779409402704));
#2276=CARTESIAN_POINT('Ctrl Pts',(-0.0529173117637396,-0.258750558670454,
0.448169114104056));
#2277=CARTESIAN_POINT('Ctrl Pts',(-0.0550006450970726,0.,0.597558818805408));
#2278=CARTESIAN_POINT('Ctrl Pts',(-0.0570839784304066,0.258750558670453,
0.448169114104056));
#2279=CARTESIAN_POINT('Ctrl Pts',(-0.0591673117637396,0.517501117340906,
0.298779409402704));
#2280=CARTESIAN_POINT('Ctrl Pts',(-0.0612506450970726,0.517501117340905,
0.));
#2281=CARTESIAN_POINT('Ctrl Pts',(-0.0633339784304066,0.517501117340906,
-0.298779409402705));
#2282=CARTESIAN_POINT('Ctrl Pts',(-0.0654173117637396,0.258750558670453,
-0.448169114104056));
#2283=CARTESIAN_POINT('Ctrl Pts',(-0.0675006450970726,0.,-0.597558818805408));
#2284=CARTESIAN_POINT('Ctrl Pts',(-0.0695839784304066,-0.258750558670454,
-0.448169114104056));
#2285=CARTESIAN_POINT('Ctrl Pts',(-0.0716673117637396,-0.517501117340906,
-0.298779409402705));
#2286=CARTESIAN_POINT('Ctrl Pts',(-0.0737506450970726,-0.517501117340906,
0.));
#2287=CARTESIAN_POINT('Ctrl Pts',(-0.0758339784304065,-0.517501117340906,
0.298779409402704));
#2288=CARTESIAN_POINT('Ctrl Pts',(-0.0779173117637396,-0.258750558670454,
0.448169114104056));
#2289=CARTESIAN_POINT('Ctrl Pts',(-0.0800006450970725,0.,0.597558818805408));
#2290=CARTESIAN_POINT('Ctrl Pts',(-0.0820839784304066,0.258750558670453,
0.448169114104056));
#2291=CARTESIAN_POINT('Ctrl Pts',(-0.0841673117637396,0.517501117340906,
0.298779409402704));
#2292=CARTESIAN_POINT('Ctrl Pts',(-0.0862506450970726,0.517501117340905,
0.));
#2293=CARTESIAN_POINT('Ctrl Pts',(-0.0883339784304066,0.517501117340906,
-0.298779409402705));
#2294=CARTESIAN_POINT('Ctrl Pts',(-0.0904173117637396,0.258750558670453,
-0.448169114104056));
#2295=CARTESIAN_POINT('Ctrl Pts',(-0.0925006450970726,0.,-0.597558818805408));
#2296=CARTESIAN_POINT('Ctrl Pts',(-0.0945839784304066,-0.258750558670454,
-0.448169114104056));
#2297=CARTESIAN_POINT('Ctrl Pts',(-0.0966673117637396,-0.517501117340906,
-0.298779409402705));
#2298=CARTESIAN_POINT('Ctrl Pts',(-0.0987506450970726,-0.517501117340906,
0.));
#2299=CARTESIAN_POINT('Ctrl Pts',(-0.100833978430407,-0.517501117340906,
0.298779409402704));
#2300=CARTESIAN_POINT('Ctrl Pts',(-0.10291731176374,-0.258750558670454,
0.448169114104056));
#2301=CARTESIAN_POINT('Ctrl Pts',(-0.105000645097073,0.,0.597558818805408));
#2302=CARTESIAN_POINT('Ctrl Pts',(-0.107083978430407,0.258750558670453,
0.448169114104056));
#2303=CARTESIAN_POINT('Ctrl Pts',(-0.10916731176374,0.517501117340906,0.298779409402704));
#2304=CARTESIAN_POINT('Ctrl Pts',(-0.111250645097073,0.517501117340905,
0.));
#2305=CARTESIAN_POINT('Ctrl Pts',(0.107339017551975,0.517500970440103,0.));
#2306=CARTESIAN_POINT('Ctrl Pts',(0.105255684218641,0.517500970440103,-0.298779324589487));
#2307=CARTESIAN_POINT('Ctrl Pts',(0.103172350885308,0.258750485220051,-0.44816898688423));
#2308=CARTESIAN_POINT('Ctrl Pts',(0.101089017551975,0.,-0.597558649178973));
#2309=CARTESIAN_POINT('Ctrl Pts',(0.099005684218641,-0.258750485220052,
-0.448168986884229));
#2310=CARTESIAN_POINT('Ctrl Pts',(0.096922350885308,-0.517500970440104,
-0.298779324589486));
#2311=CARTESIAN_POINT('Ctrl Pts',(0.094839017551975,-0.517500970440104,
0.));
#2312=CARTESIAN_POINT('Ctrl Pts',(0.092755684218641,-0.517500970440104,
0.298779324589486));
#2313=CARTESIAN_POINT('Ctrl Pts',(0.090672350885308,-0.258750485220052,
0.448168986884229));
#2314=CARTESIAN_POINT('Ctrl Pts',(0.0885890175519749,0.,0.597558649178972));
#2315=CARTESIAN_POINT('Ctrl Pts',(0.086505684218641,0.258750485220051,0.448168986884229));
#2316=CARTESIAN_POINT('Ctrl Pts',(0.084422350885308,0.517500970440103,0.298779324589486));
#2317=CARTESIAN_POINT('Ctrl Pts',(0.082339017551975,0.517500970440103,0.));
#2318=CARTESIAN_POINT('Ctrl Pts',(0.080255684218641,0.517500970440103,-0.298779324589487));
#2319=CARTESIAN_POINT('Ctrl Pts',(0.078172350885308,0.258750485220051,-0.44816898688423));
#2320=CARTESIAN_POINT('Ctrl Pts',(0.076089017551975,0.,-0.597558649178973));
#2321=CARTESIAN_POINT('Ctrl Pts',(0.074005684218641,-0.258750485220052,
-0.448168986884229));
#2322=CARTESIAN_POINT('Ctrl Pts',(0.071922350885308,-0.517500970440104,
-0.298779324589486));
#2323=CARTESIAN_POINT('Ctrl Pts',(0.069839017551975,-0.517500970440104,
0.));
#2324=CARTESIAN_POINT('Ctrl Pts',(0.067755684218641,-0.517500970440104,
0.298779324589486));
#2325=CARTESIAN_POINT('Ctrl Pts',(0.065672350885308,-0.258750485220052,
0.448168986884229));
#2326=CARTESIAN_POINT('Ctrl Pts',(0.063589017551975,0.,0.597558649178972));
#2327=CARTESIAN_POINT('Ctrl Pts',(0.061505684218641,0.258750485220051,0.448168986884229));
#2328=CARTESIAN_POINT('Ctrl Pts',(0.059422350885308,0.517500970440103,0.298779324589486));
#2329=CARTESIAN_POINT('Ctrl Pts',(0.057339017551975,0.517500970440103,0.));
#2330=CARTESIAN_POINT('Ctrl Pts',(0.055255684218641,0.517500970440103,-0.298779324589487));
#2331=CARTESIAN_POINT('Ctrl Pts',(0.053172350885308,0.258750485220051,-0.44816898688423));
#2332=CARTESIAN_POINT('Ctrl Pts',(0.051089017551975,0.,-0.597558649178973));
#2333=CARTESIAN_POINT('Ctrl Pts',(0.049005684218641,-0.258750485220052,
-0.448168986884229));
#2334=CARTESIAN_POINT('Ctrl Pts',(0.046922350885308,-0.517500970440104,
-0.298779324589486));
#2335=CARTESIAN_POINT('Ctrl Pts',(0.044839017551975,-0.517500970440104,
0.));
#2336=CARTESIAN_POINT('Ctrl Pts',(0.042755684218641,-0.517500970440104,
0.298779324589486));
#2337=CARTESIAN_POINT('Ctrl Pts',(0.040672350885308,-0.258750485220052,
0.448168986884229));
#2338=CARTESIAN_POINT('Ctrl Pts',(0.0385890175519749,0.,0.597558649178972));
#2339=CARTESIAN_POINT('Ctrl Pts',(0.0365056842186409,0.258750485220051,
0.448168986884229));
#2340=CARTESIAN_POINT('Ctrl Pts',(0.0344223508853079,0.517500970440103,
0.298779324589486));
#2341=CARTESIAN_POINT('Ctrl Pts',(0.032339017551975,0.517500970440103,0.));
#2342=CARTESIAN_POINT('Ctrl Pts',(0.030255684218641,0.517500970440103,-0.298779324589487));
#2343=CARTESIAN_POINT('Ctrl Pts',(0.028172350885308,0.258750485220051,-0.44816898688423));
#2344=CARTESIAN_POINT('Ctrl Pts',(0.026089017551975,0.,-0.597558649178973));
#2345=CARTESIAN_POINT('Ctrl Pts',(0.024005684218641,-0.258750485220052,
-0.448168986884229));
#2346=CARTESIAN_POINT('Ctrl Pts',(0.021922350885308,-0.517500970440104,
-0.298779324589486));
#2347=CARTESIAN_POINT('Ctrl Pts',(0.019839017551975,-0.517500970440104,
0.));
#2348=CARTESIAN_POINT('Ctrl Pts',(0.017755684218641,-0.517500970440104,
0.298779324589486));
#2349=CARTESIAN_POINT('Ctrl Pts',(0.015672350885308,-0.258750485220052,
0.448168986884229));
#2350=CARTESIAN_POINT('Ctrl Pts',(0.013589017551975,0.,0.597558649178972));
#2351=CARTESIAN_POINT('Ctrl Pts',(0.011505684218641,0.258750485220051,0.448168986884229));
#2352=CARTESIAN_POINT('Ctrl Pts',(0.009422350885308,0.517500970440103,0.298779324589486));
#2353=CARTESIAN_POINT('Ctrl Pts',(0.00733901755197496,0.517500970440103,
0.));
#2354=CARTESIAN_POINT('Ctrl Pts',(0.00525568421864096,0.517500970440103,
-0.298779324589487));
#2355=CARTESIAN_POINT('Ctrl Pts',(0.00317235088530797,0.258750485220051,
-0.44816898688423));
#2356=CARTESIAN_POINT('Ctrl Pts',(0.00108901755197497,0.,-0.597558649178973));
#2357=CARTESIAN_POINT('Ctrl Pts',(-0.000994315781359029,-0.258750485220052,
-0.448168986884229));
#2358=CARTESIAN_POINT('Ctrl Pts',(-0.00307764911469202,-0.517500970440104,
-0.298779324589486));
#2359=CARTESIAN_POINT('Ctrl Pts',(-0.00516098244802502,-0.517500970440104,
0.));
#2360=CARTESIAN_POINT('Ctrl Pts',(-0.00724431578135902,-0.517500970440104,
0.298779324589486));
#2361=CARTESIAN_POINT('Ctrl Pts',(-0.00932764911469205,-0.258750485220052,
0.448168986884229));
#2362=CARTESIAN_POINT('Ctrl Pts',(-0.011410982448025,0.,0.597558649178972));
#2363=CARTESIAN_POINT('Ctrl Pts',(-0.0134943157813591,0.258750485220051,
0.448168986884229));
#2364=CARTESIAN_POINT('Ctrl Pts',(-0.015577649114692,0.517500970440103,
0.298779324589486));
#2365=CARTESIAN_POINT('Ctrl Pts',(-0.017660982448025,0.517500970440103,
0.));
#2366=CARTESIAN_POINT('Ctrl Pts',(-0.019744315781359,0.517500970440103,
-0.298779324589487));
#2367=CARTESIAN_POINT('Ctrl Pts',(-0.021827649114692,0.258750485220051,
-0.44816898688423));
#2368=CARTESIAN_POINT('Ctrl Pts',(-0.023910982448025,0.,-0.597558649178973));
#2369=CARTESIAN_POINT('Ctrl Pts',(-0.025994315781359,-0.258750485220052,
-0.448168986884229));
#2370=CARTESIAN_POINT('Ctrl Pts',(-0.028077649114692,-0.517500970440104,
-0.298779324589486));
#2371=CARTESIAN_POINT('Ctrl Pts',(-0.030160982448025,-0.517500970440104,
0.));
#2372=CARTESIAN_POINT('Ctrl Pts',(-0.032244315781359,-0.517500970440104,
0.298779324589486));
#2373=CARTESIAN_POINT('Ctrl Pts',(-0.034327649114692,-0.258750485220052,
0.448168986884229));
#2374=CARTESIAN_POINT('Ctrl Pts',(-0.036410982448025,0.,0.597558649178972));
#2375=CARTESIAN_POINT('Ctrl Pts',(-0.038494315781359,0.258750485220051,
0.448168986884229));
#2376=CARTESIAN_POINT('Ctrl Pts',(-0.040577649114692,0.517500970440103,
0.298779324589486));
#2377=CARTESIAN_POINT('Ctrl Pts',(-0.042660982448025,0.517500970440103,
0.));
#2378=CARTESIAN_POINT('Ctrl Pts',(-0.044744315781359,0.517500970440103,
-0.298779324589487));
#2379=CARTESIAN_POINT('Ctrl Pts',(-0.046827649114692,0.258750485220051,
-0.44816898688423));
#2380=CARTESIAN_POINT('Ctrl Pts',(-0.048910982448025,0.,-0.597558649178973));
#2381=CARTESIAN_POINT('Ctrl Pts',(-0.050994315781359,-0.258750485220052,
-0.448168986884229));
#2382=CARTESIAN_POINT('Ctrl Pts',(-0.053077649114692,-0.517500970440104,
-0.298779324589486));
#2383=CARTESIAN_POINT('Ctrl Pts',(-0.0551609824480251,-0.517500970440104,
0.));
#2384=CARTESIAN_POINT('Ctrl Pts',(-0.0572443157813591,-0.517500970440104,
0.298779324589486));
#2385=CARTESIAN_POINT('Ctrl Pts',(-0.059327649114692,-0.258750485220052,
0.448168986884229));
#2386=CARTESIAN_POINT('Ctrl Pts',(-0.061410982448025,0.,0.597558649178972));
#2387=CARTESIAN_POINT('Ctrl Pts',(-0.063494315781359,0.258750485220051,
0.448168986884229));
#2388=CARTESIAN_POINT('Ctrl Pts',(-0.065577649114692,0.517500970440103,
0.298779324589486));
#2389=CARTESIAN_POINT('Ctrl Pts',(-0.067660982448025,0.517500970440103,
0.));
#2390=CARTESIAN_POINT('Ctrl Pts',(-0.069744315781359,0.517500970440103,
-0.298779324589487));
#2391=CARTESIAN_POINT('Ctrl Pts',(-0.071827649114692,0.258750485220051,
-0.44816898688423));
#2392=CARTESIAN_POINT('Ctrl Pts',(-0.073910982448025,0.,-0.597558649178973));
#2393=CARTESIAN_POINT('Ctrl Pts',(-0.075994315781359,-0.258750485220052,
-0.448168986884229));
#2394=CARTESIAN_POINT('Ctrl Pts',(-0.078077649114692,-0.517500970440104,
-0.298779324589486));
#2395=CARTESIAN_POINT('Ctrl Pts',(-0.080160982448025,-0.517500970440104,
0.));
#2396=CARTESIAN_POINT('Ctrl Pts',(-0.082244315781359,-0.517500970440104,
0.298779324589486));
#2397=CARTESIAN_POINT('Ctrl Pts',(-0.084327649114692,-0.258750485220052,
0.448168986884229));
#2398=CARTESIAN_POINT('Ctrl Pts',(-0.086410982448025,0.,0.597558649178972));
#2399=CARTESIAN_POINT('Ctrl Pts',(-0.0884943157813591,0.258750485220051,
0.448168986884229));
#2400=CARTESIAN_POINT('Ctrl Pts',(-0.090577649114692,0.517500970440103,
0.298779324589486));
#2401=CARTESIAN_POINT('Ctrl Pts',(-0.092660982448025,0.517500970440103,
0.));
#2402=CARTESIAN_POINT('Ctrl Pts',(0.09954422863406,0.504,0.));
#2403=CARTESIAN_POINT('Ctrl Pts',(0.097460895300726,0.504,-0.290984535671572));
#2404=CARTESIAN_POINT('Ctrl Pts',(0.095377561967393,0.252,-0.436476803507357));
#2405=CARTESIAN_POINT('Ctrl Pts',(0.09329422863406,0.,-0.581969071343143));
#2406=CARTESIAN_POINT('Ctrl Pts',(0.0912108953007259,-0.252,-0.436476803507357));
#2407=CARTESIAN_POINT('Ctrl Pts',(0.089127561967393,-0.504,-0.290984535671571));
#2408=CARTESIAN_POINT('Ctrl Pts',(0.08704422863406,-0.504,0.));
#2409=CARTESIAN_POINT('Ctrl Pts',(0.084960895300726,-0.504,0.290984535671571));
#2410=CARTESIAN_POINT('Ctrl Pts',(0.082877561967393,-0.252,0.436476803507357));
#2411=CARTESIAN_POINT('Ctrl Pts',(0.08079422863406,0.,0.581969071343142));
#2412=CARTESIAN_POINT('Ctrl Pts',(0.078710895300726,0.251999999999999,0.436476803507357));
#2413=CARTESIAN_POINT('Ctrl Pts',(0.076627561967393,0.504,0.290984535671571));
#2414=CARTESIAN_POINT('Ctrl Pts',(0.07454422863406,0.504,0.));
#2415=CARTESIAN_POINT('Ctrl Pts',(0.072460895300726,0.504,-0.290984535671572));
#2416=CARTESIAN_POINT('Ctrl Pts',(0.070377561967393,0.252,-0.436476803507357));
#2417=CARTESIAN_POINT('Ctrl Pts',(0.06829422863406,0.,-0.581969071343143));
#2418=CARTESIAN_POINT('Ctrl Pts',(0.0662108953007259,-0.252,-0.436476803507357));
#2419=CARTESIAN_POINT('Ctrl Pts',(0.064127561967393,-0.504,-0.290984535671571));
#2420=CARTESIAN_POINT('Ctrl Pts',(0.06204422863406,-0.504,0.));
#2421=CARTESIAN_POINT('Ctrl Pts',(0.059960895300726,-0.504,0.290984535671571));
#2422=CARTESIAN_POINT('Ctrl Pts',(0.057877561967393,-0.252,0.436476803507357));
#2423=CARTESIAN_POINT('Ctrl Pts',(0.05579422863406,0.,0.581969071343142));
#2424=CARTESIAN_POINT('Ctrl Pts',(0.053710895300726,0.251999999999999,0.436476803507357));
#2425=CARTESIAN_POINT('Ctrl Pts',(0.051627561967393,0.504,0.290984535671571));
#2426=CARTESIAN_POINT('Ctrl Pts',(0.04954422863406,0.504,0.));
#2427=CARTESIAN_POINT('Ctrl Pts',(0.047460895300726,0.504,-0.290984535671572));
#2428=CARTESIAN_POINT('Ctrl Pts',(0.045377561967393,0.252,-0.436476803507357));
#2429=CARTESIAN_POINT('Ctrl Pts',(0.04329422863406,0.,-0.581969071343143));
#2430=CARTESIAN_POINT('Ctrl Pts',(0.0412108953007259,-0.252,-0.436476803507357));
#2431=CARTESIAN_POINT('Ctrl Pts',(0.039127561967393,-0.504,-0.290984535671571));
#2432=CARTESIAN_POINT('Ctrl Pts',(0.03704422863406,-0.504,0.));
#2433=CARTESIAN_POINT('Ctrl Pts',(0.034960895300726,-0.504,0.290984535671571));
#2434=CARTESIAN_POINT('Ctrl Pts',(0.032877561967393,-0.252,0.436476803507357));
#2435=CARTESIAN_POINT('Ctrl Pts',(0.03079422863406,0.,0.581969071343142));
#2436=CARTESIAN_POINT('Ctrl Pts',(0.028710895300727,0.251999999999999,0.436476803507357));
#2437=CARTESIAN_POINT('Ctrl Pts',(0.026627561967393,0.504,0.290984535671571));
#2438=CARTESIAN_POINT('Ctrl Pts',(0.0245442286340599,0.504,0.));
#2439=CARTESIAN_POINT('Ctrl Pts',(0.0224608953007259,0.504,-0.290984535671572));
#2440=CARTESIAN_POINT('Ctrl Pts',(0.0203775619673929,0.252,-0.436476803507357));
#2441=CARTESIAN_POINT('Ctrl Pts',(0.01829422863406,0.,-0.581969071343143));
#2442=CARTESIAN_POINT('Ctrl Pts',(0.016210895300726,-0.252,-0.436476803507357));
#2443=CARTESIAN_POINT('Ctrl Pts',(0.014127561967393,-0.504,-0.290984535671571));
#2444=CARTESIAN_POINT('Ctrl Pts',(0.01204422863406,-0.504,0.));
#2445=CARTESIAN_POINT('Ctrl Pts',(0.00996089530072596,-0.504,0.290984535671571));
#2446=CARTESIAN_POINT('Ctrl Pts',(0.00787756196739297,-0.252,0.436476803507357));
#2447=CARTESIAN_POINT('Ctrl Pts',(0.00579422863405998,0.,0.581969071343142));
#2448=CARTESIAN_POINT('Ctrl Pts',(0.00371089530072598,0.251999999999999,
0.436476803507357));
#2449=CARTESIAN_POINT('Ctrl Pts',(0.00162756196739298,0.504,0.290984535671571));
#2450=CARTESIAN_POINT('Ctrl Pts',(-0.000455771365940013,0.504,0.));
#2451=CARTESIAN_POINT('Ctrl Pts',(-0.00253910469927401,0.504,-0.290984535671572));
#2452=CARTESIAN_POINT('Ctrl Pts',(-0.00462243803260701,0.252,-0.436476803507357));
#2453=CARTESIAN_POINT('Ctrl Pts',(-0.00670577136594004,0.,-0.581969071343143));
#2454=CARTESIAN_POINT('Ctrl Pts',(-0.00878910469927404,-0.252,-0.436476803507357));
#2455=CARTESIAN_POINT('Ctrl Pts',(-0.010872438032607,-0.504,-0.290984535671571));
#2456=CARTESIAN_POINT('Ctrl Pts',(-0.01295577136594,-0.504,0.));
#2457=CARTESIAN_POINT('Ctrl Pts',(-0.015039104699274,-0.504,0.290984535671571));
#2458=CARTESIAN_POINT('Ctrl Pts',(-0.017122438032607,-0.252,0.436476803507357));
#2459=CARTESIAN_POINT('Ctrl Pts',(-0.01920577136594,0.,0.581969071343142));
#2460=CARTESIAN_POINT('Ctrl Pts',(-0.0212891046992741,0.251999999999999,
0.436476803507357));
#2461=CARTESIAN_POINT('Ctrl Pts',(-0.0233724380326071,0.504,0.290984535671571));
#2462=CARTESIAN_POINT('Ctrl Pts',(-0.02545577136594,0.504,0.));
#2463=CARTESIAN_POINT('Ctrl Pts',(-0.027539104699274,0.504,-0.290984535671572));
#2464=CARTESIAN_POINT('Ctrl Pts',(-0.029622438032607,0.252,-0.436476803507357));
#2465=CARTESIAN_POINT('Ctrl Pts',(-0.03170577136594,0.,-0.581969071343143));
#2466=CARTESIAN_POINT('Ctrl Pts',(-0.033789104699274,-0.252,-0.436476803507357));
#2467=CARTESIAN_POINT('Ctrl Pts',(-0.035872438032607,-0.504,-0.290984535671571));
#2468=CARTESIAN_POINT('Ctrl Pts',(-0.03795577136594,-0.504,0.));
#2469=CARTESIAN_POINT('Ctrl Pts',(-0.040039104699274,-0.504,0.290984535671571));
#2470=CARTESIAN_POINT('Ctrl Pts',(-0.042122438032607,-0.252,0.436476803507357));
#2471=CARTESIAN_POINT('Ctrl Pts',(-0.04420577136594,0.,0.581969071343142));
#2472=CARTESIAN_POINT('Ctrl Pts',(-0.046289104699274,0.251999999999999,
0.436476803507357));
#2473=CARTESIAN_POINT('Ctrl Pts',(-0.048372438032607,0.504,0.290984535671571));
#2474=CARTESIAN_POINT('Ctrl Pts',(-0.05045577136594,0.504,0.));
#2475=CARTESIAN_POINT('Ctrl Pts',(-0.052539104699273,0.504,-0.290984535671572));
#2476=CARTESIAN_POINT('Ctrl Pts',(-0.054622438032607,0.252,-0.436476803507357));
#2477=CARTESIAN_POINT('Ctrl Pts',(-0.05670577136594,0.,-0.581969071343143));
#2478=CARTESIAN_POINT('Ctrl Pts',(-0.058789104699273,-0.252,-0.436476803507357));
#2479=CARTESIAN_POINT('Ctrl Pts',(-0.060872438032607,-0.504,-0.290984535671571));
#2480=CARTESIAN_POINT('Ctrl Pts',(-0.06295577136594,-0.504,0.));
#2481=CARTESIAN_POINT('Ctrl Pts',(-0.065039104699274,-0.504,0.290984535671571));
#2482=CARTESIAN_POINT('Ctrl Pts',(-0.067122438032607,-0.252,0.436476803507357));
#2483=CARTESIAN_POINT('Ctrl Pts',(-0.06920577136594,0.,0.581969071343142));
#2484=CARTESIAN_POINT('Ctrl Pts',(-0.071289104699274,0.251999999999999,
0.436476803507357));
#2485=CARTESIAN_POINT('Ctrl Pts',(-0.073372438032607,0.504,0.290984535671571));
#2486=CARTESIAN_POINT('Ctrl Pts',(-0.07545577136594,0.504,0.));
#2487=CARTESIAN_POINT('Ctrl Pts',(-0.077539104699274,0.504,-0.290984535671572));
#2488=CARTESIAN_POINT('Ctrl Pts',(-0.079622438032607,0.252,-0.436476803507357));
#2489=CARTESIAN_POINT('Ctrl Pts',(-0.08170577136594,0.,-0.581969071343143));
#2490=CARTESIAN_POINT('Ctrl Pts',(-0.083789104699274,-0.252,-0.436476803507357));
#2491=CARTESIAN_POINT('Ctrl Pts',(-0.085872438032607,-0.504,-0.290984535671571));
#2492=CARTESIAN_POINT('Ctrl Pts',(-0.08795577136594,-0.504,0.));
#2493=CARTESIAN_POINT('Ctrl Pts',(-0.090039104699274,-0.504,0.290984535671571));
#2494=CARTESIAN_POINT('Ctrl Pts',(-0.092122438032607,-0.252,0.436476803507357));
#2495=CARTESIAN_POINT('Ctrl Pts',(-0.09420577136594,0.,0.581969071343142));
#2496=CARTESIAN_POINT('Ctrl Pts',(-0.096289104699274,0.251999999999999,
0.436476803507357));
#2497=CARTESIAN_POINT('Ctrl Pts',(-0.098372438032607,0.504,0.290984535671571));
#2498=CARTESIAN_POINT('Ctrl Pts',(-0.10045577136594,0.504,0.));
#2499=CARTESIAN_POINT('Ctrl Pts',(0.09654422863406,0.504,0.));
#2500=CARTESIAN_POINT('Ctrl Pts',(0.0944608953007259,0.504,-0.290984535671572));
#2501=CARTESIAN_POINT('Ctrl Pts',(0.092377561967393,0.252,-0.436476803507357));
#2502=CARTESIAN_POINT('Ctrl Pts',(0.09029422863406,0.,-0.581969071343143));
#2503=CARTESIAN_POINT('Ctrl Pts',(0.088210895300726,-0.252,-0.436476803507357));
#2504=CARTESIAN_POINT('Ctrl Pts',(0.086127561967393,-0.504,-0.290984535671571));
#2505=CARTESIAN_POINT('Ctrl Pts',(0.08404422863406,-0.504,0.));
#2506=CARTESIAN_POINT('Ctrl Pts',(0.081960895300726,-0.504,0.290984535671571));
#2507=CARTESIAN_POINT('Ctrl Pts',(0.079877561967393,-0.252,0.436476803507357));
#2508=CARTESIAN_POINT('Ctrl Pts',(0.07779422863406,0.,0.581969071343142));
#2509=CARTESIAN_POINT('Ctrl Pts',(0.075710895300726,0.251999999999999,0.436476803507357));
#2510=CARTESIAN_POINT('Ctrl Pts',(0.073627561967393,0.504,0.290984535671571));
#2511=CARTESIAN_POINT('Ctrl Pts',(0.07154422863406,0.504,0.));
#2512=CARTESIAN_POINT('Ctrl Pts',(0.069460895300726,0.504,-0.290984535671572));
#2513=CARTESIAN_POINT('Ctrl Pts',(0.067377561967393,0.252,-0.436476803507357));
#2514=CARTESIAN_POINT('Ctrl Pts',(0.06529422863406,0.,-0.581969071343143));
#2515=CARTESIAN_POINT('Ctrl Pts',(0.063210895300726,-0.252,-0.436476803507357));
#2516=CARTESIAN_POINT('Ctrl Pts',(0.061127561967393,-0.504,-0.290984535671571));
#2517=CARTESIAN_POINT('Ctrl Pts',(0.05904422863406,-0.504,0.));
#2518=CARTESIAN_POINT('Ctrl Pts',(0.056960895300726,-0.504,0.290984535671571));
#2519=CARTESIAN_POINT('Ctrl Pts',(0.054877561967393,-0.252,0.436476803507357));
#2520=CARTESIAN_POINT('Ctrl Pts',(0.05279422863406,0.,0.581969071343142));
#2521=CARTESIAN_POINT('Ctrl Pts',(0.050710895300726,0.251999999999999,0.436476803507357));
#2522=CARTESIAN_POINT('Ctrl Pts',(0.048627561967393,0.504,0.290984535671571));
#2523=CARTESIAN_POINT('Ctrl Pts',(0.04654422863406,0.504,0.));
#2524=CARTESIAN_POINT('Ctrl Pts',(0.044460895300727,0.504,-0.290984535671572));
#2525=CARTESIAN_POINT('Ctrl Pts',(0.042377561967393,0.252,-0.436476803507357));
#2526=CARTESIAN_POINT('Ctrl Pts',(0.04029422863406,0.,-0.581969071343143));
#2527=CARTESIAN_POINT('Ctrl Pts',(0.038210895300726,-0.252,-0.436476803507357));
#2528=CARTESIAN_POINT('Ctrl Pts',(0.036127561967393,-0.504,-0.290984535671571));
#2529=CARTESIAN_POINT('Ctrl Pts',(0.03404422863406,-0.504,0.));
#2530=CARTESIAN_POINT('Ctrl Pts',(0.031960895300726,-0.504,0.290984535671571));
#2531=CARTESIAN_POINT('Ctrl Pts',(0.029877561967393,-0.252,0.436476803507357));
#2532=CARTESIAN_POINT('Ctrl Pts',(0.02779422863406,0.,0.581969071343142));
#2533=CARTESIAN_POINT('Ctrl Pts',(0.025710895300726,0.251999999999999,0.436476803507357));
#2534=CARTESIAN_POINT('Ctrl Pts',(0.023627561967393,0.504,0.290984535671571));
#2535=CARTESIAN_POINT('Ctrl Pts',(0.02154422863406,0.504,0.));
#2536=CARTESIAN_POINT('Ctrl Pts',(0.019460895300726,0.504,-0.290984535671572));
#2537=CARTESIAN_POINT('Ctrl Pts',(0.017377561967393,0.252,-0.436476803507357));
#2538=CARTESIAN_POINT('Ctrl Pts',(0.01529422863406,0.,-0.581969071343143));
#2539=CARTESIAN_POINT('Ctrl Pts',(0.013210895300726,-0.252,-0.436476803507357));
#2540=CARTESIAN_POINT('Ctrl Pts',(0.011127561967393,-0.504,-0.290984535671571));
#2541=CARTESIAN_POINT('Ctrl Pts',(0.00904422863405998,-0.504,0.));
#2542=CARTESIAN_POINT('Ctrl Pts',(0.00696089530072594,-0.504,0.290984535671571));
#2543=CARTESIAN_POINT('Ctrl Pts',(0.00487756196739294,-0.252,0.436476803507357));
#2544=CARTESIAN_POINT('Ctrl Pts',(0.00279422863405995,0.,0.581969071343142));
#2545=CARTESIAN_POINT('Ctrl Pts',(0.000710895300725992,0.251999999999999,
0.436476803507357));
#2546=CARTESIAN_POINT('Ctrl Pts',(-0.001372438032607,0.504,0.290984535671571));
#2547=CARTESIAN_POINT('Ctrl Pts',(-0.00345577136594,0.504,0.));
#2548=CARTESIAN_POINT('Ctrl Pts',(-0.005539104699274,0.504,-0.290984535671572));
#2549=CARTESIAN_POINT('Ctrl Pts',(-0.00762243803260699,0.252,-0.436476803507357));
#2550=CARTESIAN_POINT('Ctrl Pts',(-0.00970577136594003,0.,-0.581969071343143));
#2551=CARTESIAN_POINT('Ctrl Pts',(-0.011789104699274,-0.252,-0.436476803507357));
#2552=CARTESIAN_POINT('Ctrl Pts',(-0.013872438032607,-0.504,-0.290984535671571));
#2553=CARTESIAN_POINT('Ctrl Pts',(-0.01595577136594,-0.504,0.));
#2554=CARTESIAN_POINT('Ctrl Pts',(-0.018039104699274,-0.504,0.290984535671571));
#2555=CARTESIAN_POINT('Ctrl Pts',(-0.020122438032607,-0.252,0.436476803507357));
#2556=CARTESIAN_POINT('Ctrl Pts',(-0.02220577136594,0.,0.581969071343142));
#2557=CARTESIAN_POINT('Ctrl Pts',(-0.0242891046992741,0.251999999999999,
0.436476803507357));
#2558=CARTESIAN_POINT('Ctrl Pts',(-0.026372438032607,0.504,0.290984535671571));
#2559=CARTESIAN_POINT('Ctrl Pts',(-0.02845577136594,0.504,0.));
#2560=CARTESIAN_POINT('Ctrl Pts',(-0.030539104699274,0.504,-0.290984535671572));
#2561=CARTESIAN_POINT('Ctrl Pts',(-0.032622438032607,0.252,-0.436476803507357));
#2562=CARTESIAN_POINT('Ctrl Pts',(-0.03470577136594,0.,-0.581969071343143));
#2563=CARTESIAN_POINT('Ctrl Pts',(-0.036789104699274,-0.252,-0.436476803507357));
#2564=CARTESIAN_POINT('Ctrl Pts',(-0.038872438032607,-0.504,-0.290984535671571));
#2565=CARTESIAN_POINT('Ctrl Pts',(-0.0409557713659401,-0.504,0.));
#2566=CARTESIAN_POINT('Ctrl Pts',(-0.043039104699274,-0.504,0.290984535671571));
#2567=CARTESIAN_POINT('Ctrl Pts',(-0.045122438032607,-0.252,0.436476803507357));
#2568=CARTESIAN_POINT('Ctrl Pts',(-0.04720577136594,0.,0.581969071343142));
#2569=CARTESIAN_POINT('Ctrl Pts',(-0.049289104699274,0.251999999999999,
0.436476803507357));
#2570=CARTESIAN_POINT('Ctrl Pts',(-0.051372438032607,0.504,0.290984535671571));
#2571=CARTESIAN_POINT('Ctrl Pts',(-0.05345577136594,0.504,0.));
#2572=CARTESIAN_POINT('Ctrl Pts',(-0.055539104699274,0.504,-0.290984535671572));
#2573=CARTESIAN_POINT('Ctrl Pts',(-0.057622438032607,0.252,-0.436476803507357));
#2574=CARTESIAN_POINT('Ctrl Pts',(-0.05970577136594,0.,-0.581969071343143));
#2575=CARTESIAN_POINT('Ctrl Pts',(-0.061789104699274,-0.252,-0.436476803507357));
#2576=CARTESIAN_POINT('Ctrl Pts',(-0.063872438032607,-0.504,-0.290984535671571));
#2577=CARTESIAN_POINT('Ctrl Pts',(-0.06595577136594,-0.504,0.));
#2578=CARTESIAN_POINT('Ctrl Pts',(-0.068039104699274,-0.504,0.290984535671571));
#2579=CARTESIAN_POINT('Ctrl Pts',(-0.070122438032607,-0.252,0.436476803507357));
#2580=CARTESIAN_POINT('Ctrl Pts',(-0.07220577136594,0.,0.581969071343142));
#2581=CARTESIAN_POINT('Ctrl Pts',(-0.074289104699273,0.251999999999999,
0.436476803507357));
#2582=CARTESIAN_POINT('Ctrl Pts',(-0.076372438032607,0.504,0.290984535671571));
#2583=CARTESIAN_POINT('Ctrl Pts',(-0.07845577136594,0.504,0.));
#2584=CARTESIAN_POINT('Ctrl Pts',(-0.080539104699274,0.504,-0.290984535671572));
#2585=CARTESIAN_POINT('Ctrl Pts',(-0.082622438032607,0.252,-0.436476803507357));
#2586=CARTESIAN_POINT('Ctrl Pts',(-0.08470577136594,0.,-0.581969071343143));
#2587=CARTESIAN_POINT('Ctrl Pts',(-0.086789104699274,-0.252,-0.436476803507357));
#2588=CARTESIAN_POINT('Ctrl Pts',(-0.088872438032607,-0.504,-0.290984535671571));
#2589=CARTESIAN_POINT('Ctrl Pts',(-0.09095577136594,-0.504,0.));
#2590=CARTESIAN_POINT('Ctrl Pts',(-0.093039104699274,-0.504,0.290984535671571));
#2591=CARTESIAN_POINT('Ctrl Pts',(-0.095122438032607,-0.252,0.436476803507357));
#2592=CARTESIAN_POINT('Ctrl Pts',(-0.09720577136594,0.,0.581969071343142));
#2593=CARTESIAN_POINT('Ctrl Pts',(-0.099289104699273,0.251999999999999,
0.436476803507357));
#2594=CARTESIAN_POINT('Ctrl Pts',(-0.101372438032607,0.504,0.290984535671571));
#2595=CARTESIAN_POINT('Ctrl Pts',(-0.10345577136594,0.504,0.));
#2596=CARTESIAN_POINT('Ctrl Pts',(0.088749624327973,0.517500650683038,0.));
#2597=CARTESIAN_POINT('Ctrl Pts',(0.0866662909946389,0.517500650683038,
-0.298779139977659));
#2598=CARTESIAN_POINT('Ctrl Pts',(0.084582957661306,0.258750325341519,-0.448168709966488));
#2599=CARTESIAN_POINT('Ctrl Pts',(0.082499624327973,0.,-0.597558279955317));
#2600=CARTESIAN_POINT('Ctrl Pts',(0.080416290994639,-0.258750325341519,
-0.448168709966488));
#2601=CARTESIAN_POINT('Ctrl Pts',(0.078332957661306,-0.517500650683038,
-0.298779139977659));
#2602=CARTESIAN_POINT('Ctrl Pts',(0.076249624327973,-0.517500650683038,
0.));
#2603=CARTESIAN_POINT('Ctrl Pts',(0.074166290994639,-0.517500650683038,
0.298779139977658));
#2604=CARTESIAN_POINT('Ctrl Pts',(0.072082957661306,-0.25875032534152,0.448168709966488));
#2605=CARTESIAN_POINT('Ctrl Pts',(0.069999624327973,0.,0.597558279955317));
#2606=CARTESIAN_POINT('Ctrl Pts',(0.067916290994639,0.258750325341519,0.448168709966488));
#2607=CARTESIAN_POINT('Ctrl Pts',(0.065832957661306,0.517500650683038,0.298779139977658));
#2608=CARTESIAN_POINT('Ctrl Pts',(0.0637496243279729,0.517500650683038,
0.));
#2609=CARTESIAN_POINT('Ctrl Pts',(0.061666290994639,0.517500650683038,-0.298779139977659));
#2610=CARTESIAN_POINT('Ctrl Pts',(0.059582957661306,0.258750325341519,-0.448168709966488));
#2611=CARTESIAN_POINT('Ctrl Pts',(0.057499624327973,0.,-0.597558279955317));
#2612=CARTESIAN_POINT('Ctrl Pts',(0.055416290994639,-0.258750325341519,
-0.448168709966488));
#2613=CARTESIAN_POINT('Ctrl Pts',(0.053332957661306,-0.517500650683038,
-0.298779139977659));
#2614=CARTESIAN_POINT('Ctrl Pts',(0.051249624327973,-0.517500650683038,
0.));
#2615=CARTESIAN_POINT('Ctrl Pts',(0.049166290994639,-0.517500650683038,
0.298779139977658));
#2616=CARTESIAN_POINT('Ctrl Pts',(0.047082957661306,-0.25875032534152,0.448168709966488));
#2617=CARTESIAN_POINT('Ctrl Pts',(0.044999624327973,0.,0.597558279955317));
#2618=CARTESIAN_POINT('Ctrl Pts',(0.042916290994639,0.258750325341519,0.448168709966488));
#2619=CARTESIAN_POINT('Ctrl Pts',(0.040832957661306,0.517500650683038,0.298779139977658));
#2620=CARTESIAN_POINT('Ctrl Pts',(0.038749624327973,0.517500650683038,0.));
#2621=CARTESIAN_POINT('Ctrl Pts',(0.036666290994639,0.517500650683038,-0.298779139977659));
#2622=CARTESIAN_POINT('Ctrl Pts',(0.034582957661306,0.258750325341519,-0.448168709966488));
#2623=CARTESIAN_POINT('Ctrl Pts',(0.032499624327973,0.,-0.597558279955317));
#2624=CARTESIAN_POINT('Ctrl Pts',(0.030416290994639,-0.258750325341519,
-0.448168709966488));
#2625=CARTESIAN_POINT('Ctrl Pts',(0.028332957661306,-0.517500650683038,
-0.298779139977659));
#2626=CARTESIAN_POINT('Ctrl Pts',(0.026249624327973,-0.517500650683038,
0.));
#2627=CARTESIAN_POINT('Ctrl Pts',(0.024166290994639,-0.517500650683038,
0.298779139977658));
#2628=CARTESIAN_POINT('Ctrl Pts',(0.0220829576613059,-0.25875032534152,
0.448168709966488));
#2629=CARTESIAN_POINT('Ctrl Pts',(0.0199996243279729,0.,0.597558279955317));
#2630=CARTESIAN_POINT('Ctrl Pts',(0.017916290994639,0.258750325341519,0.448168709966488));
#2631=CARTESIAN_POINT('Ctrl Pts',(0.015832957661306,0.517500650683038,0.298779139977658));
#2632=CARTESIAN_POINT('Ctrl Pts',(0.013749624327973,0.517500650683038,0.));
#2633=CARTESIAN_POINT('Ctrl Pts',(0.011666290994639,0.517500650683038,-0.298779139977659));
#2634=CARTESIAN_POINT('Ctrl Pts',(0.009582957661306,0.258750325341519,-0.448168709966488));
#2635=CARTESIAN_POINT('Ctrl Pts',(0.00749962432797301,0.,-0.597558279955317));
#2636=CARTESIAN_POINT('Ctrl Pts',(0.00541629099463897,-0.258750325341519,
-0.448168709966488));
#2637=CARTESIAN_POINT('Ctrl Pts',(0.00333295766130597,-0.517500650683038,
-0.298779139977659));
#2638=CARTESIAN_POINT('Ctrl Pts',(0.00124962432797298,-0.517500650683038,
0.));
#2639=CARTESIAN_POINT('Ctrl Pts',(-0.000833709005361023,-0.517500650683038,
0.298779139977658));
#2640=CARTESIAN_POINT('Ctrl Pts',(-0.00291704233869402,-0.25875032534152,
0.448168709966488));
#2641=CARTESIAN_POINT('Ctrl Pts',(-0.00500037567202701,0.,0.597558279955317));
#2642=CARTESIAN_POINT('Ctrl Pts',(-0.00708370900536101,0.258750325341519,
0.448168709966488));
#2643=CARTESIAN_POINT('Ctrl Pts',(-0.00916704233869405,0.517500650683038,
0.298779139977658));
#2644=CARTESIAN_POINT('Ctrl Pts',(-0.011250375672027,0.517500650683038,
0.));
#2645=CARTESIAN_POINT('Ctrl Pts',(-0.013333709005361,0.517500650683038,
-0.298779139977659));
#2646=CARTESIAN_POINT('Ctrl Pts',(-0.015417042338694,0.258750325341519,
-0.448168709966488));
#2647=CARTESIAN_POINT('Ctrl Pts',(-0.017500375672027,0.,-0.597558279955317));
#2648=CARTESIAN_POINT('Ctrl Pts',(-0.019583709005361,-0.258750325341519,
-0.448168709966488));
#2649=CARTESIAN_POINT('Ctrl Pts',(-0.021667042338694,-0.517500650683038,
-0.298779139977659));
#2650=CARTESIAN_POINT('Ctrl Pts',(-0.023750375672027,-0.517500650683038,
0.));
#2651=CARTESIAN_POINT('Ctrl Pts',(-0.0258337090053611,-0.517500650683038,
0.298779139977658));
#2652=CARTESIAN_POINT('Ctrl Pts',(-0.027917042338694,-0.25875032534152,
0.448168709966488));
#2653=CARTESIAN_POINT('Ctrl Pts',(-0.030000375672027,0.,0.597558279955317));
#2654=CARTESIAN_POINT('Ctrl Pts',(-0.032083709005361,0.258750325341519,
0.448168709966488));
#2655=CARTESIAN_POINT('Ctrl Pts',(-0.034167042338694,0.517500650683038,
0.298779139977658));
#2656=CARTESIAN_POINT('Ctrl Pts',(-0.036250375672027,0.517500650683038,
0.));
#2657=CARTESIAN_POINT('Ctrl Pts',(-0.038333709005361,0.517500650683038,
-0.298779139977659));
#2658=CARTESIAN_POINT('Ctrl Pts',(-0.040417042338694,0.258750325341519,
-0.448168709966488));
#2659=CARTESIAN_POINT('Ctrl Pts',(-0.042500375672027,0.,-0.597558279955317));
#2660=CARTESIAN_POINT('Ctrl Pts',(-0.044583709005361,-0.258750325341519,
-0.448168709966488));
#2661=CARTESIAN_POINT('Ctrl Pts',(-0.046667042338694,-0.517500650683038,
-0.298779139977659));
#2662=CARTESIAN_POINT('Ctrl Pts',(-0.048750375672027,-0.517500650683038,
0.));
#2663=CARTESIAN_POINT('Ctrl Pts',(-0.050833709005361,-0.517500650683038,
0.298779139977658));
#2664=CARTESIAN_POINT('Ctrl Pts',(-0.052917042338694,-0.25875032534152,
0.448168709966488));
#2665=CARTESIAN_POINT('Ctrl Pts',(-0.055000375672027,0.,0.597558279955317));
#2666=CARTESIAN_POINT('Ctrl Pts',(-0.0570837090053611,0.258750325341519,
0.448168709966488));
#2667=CARTESIAN_POINT('Ctrl Pts',(-0.059167042338694,0.517500650683038,
0.298779139977658));
#2668=CARTESIAN_POINT('Ctrl Pts',(-0.061250375672027,0.517500650683038,
0.));
#2669=CARTESIAN_POINT('Ctrl Pts',(-0.063333709005361,0.517500650683038,
-0.298779139977659));
#2670=CARTESIAN_POINT('Ctrl Pts',(-0.065417042338694,0.258750325341519,
-0.448168709966488));
#2671=CARTESIAN_POINT('Ctrl Pts',(-0.067500375672027,0.,-0.597558279955317));
#2672=CARTESIAN_POINT('Ctrl Pts',(-0.069583709005361,-0.258750325341519,
-0.448168709966488));
#2673=CARTESIAN_POINT('Ctrl Pts',(-0.071667042338694,-0.517500650683038,
-0.298779139977659));
#2674=CARTESIAN_POINT('Ctrl Pts',(-0.073750375672027,-0.517500650683038,
0.));
#2675=CARTESIAN_POINT('Ctrl Pts',(-0.075833709005361,-0.517500650683038,
0.298779139977658));
#2676=CARTESIAN_POINT('Ctrl Pts',(-0.077917042338694,-0.25875032534152,
0.448168709966488));
#2677=CARTESIAN_POINT('Ctrl Pts',(-0.080000375672027,0.,0.597558279955317));
#2678=CARTESIAN_POINT('Ctrl Pts',(-0.082083709005361,0.258750325341519,
0.448168709966488));
#2679=CARTESIAN_POINT('Ctrl Pts',(-0.084167042338694,0.517500650683038,
0.298779139977658));
#2680=CARTESIAN_POINT('Ctrl Pts',(-0.086250375672027,0.517500650683038,
0.));
#2681=CARTESIAN_POINT('Ctrl Pts',(-0.088333709005361,0.517500650683038,
-0.298779139977659));
#2682=CARTESIAN_POINT('Ctrl Pts',(-0.090417042338694,0.258750325341519,
-0.448168709966488));
#2683=CARTESIAN_POINT('Ctrl Pts',(-0.092500375672027,0.,-0.597558279955317));
#2684=CARTESIAN_POINT('Ctrl Pts',(-0.094583709005361,-0.258750325341519,
-0.448168709966488));
#2685=CARTESIAN_POINT('Ctrl Pts',(-0.096667042338694,-0.517500650683038,
-0.298779139977659));
#2686=CARTESIAN_POINT('Ctrl Pts',(-0.098750375672027,-0.517500650683038,
0.));
#2687=CARTESIAN_POINT('Ctrl Pts',(-0.100833709005361,-0.517500650683038,
0.298779139977658));
#2688=CARTESIAN_POINT('Ctrl Pts',(-0.102917042338694,-0.25875032534152,
0.448168709966488));
#2689=CARTESIAN_POINT('Ctrl Pts',(-0.105000375672027,0.,0.597558279955317));
#2690=CARTESIAN_POINT('Ctrl Pts',(-0.107083709005361,0.258750325341519,
0.448168709966488));
#2691=CARTESIAN_POINT('Ctrl Pts',(-0.109167042338694,0.517500650683038,
0.298779139977658));
#2692=CARTESIAN_POINT('Ctrl Pts',(-0.111250375672027,0.517500650683038,
0.));
#2693=CARTESIAN_POINT('Ctrl Pts',(0.065165053700197,-0.015625,-0.503757738774304));
#2694=CARTESIAN_POINT('Ctrl Pts',(0.064118057049622,-0.142269714853611,
-0.499829613174879));
#2695=CARTESIAN_POINT('Ctrl Pts',(0.063210895300726,-0.252,-0.436476803507357));
#2696=CARTESIAN_POINT('Ctrl Pts',(0.061127561967393,-0.504,-0.290984535671571));
#2697=CARTESIAN_POINT('Ctrl Pts',(0.05904422863406,-0.504,0.));
#2698=CARTESIAN_POINT('Ctrl Pts',(0.056960895300726,-0.504,0.290984535671571));
#2699=CARTESIAN_POINT('Ctrl Pts',(0.054877561967393,-0.252,0.436476803507357));
#2700=CARTESIAN_POINT('Ctrl Pts',(0.053970400218498,-0.142269714853611,
0.499829613174879));
#2701=CARTESIAN_POINT('Ctrl Pts',(0.052923403567922,-0.015625,0.503757738774304));
#2702=CARTESIAN_POINT('Ctrl Pts',(0.10733845726812,0.5175,0.));
#2703=CARTESIAN_POINT('Ctrl Pts',(0.105255123934786,0.5175,-0.298778764305632));
#2704=CARTESIAN_POINT('Ctrl Pts',(0.103171790601453,0.25875,-0.448168146458447));
#2705=CARTESIAN_POINT('Ctrl Pts',(0.10108845726812,0.,-0.597557528611263));
#2706=CARTESIAN_POINT('Ctrl Pts',(0.099005123934786,-0.25875,-0.448168146458447));
#2707=CARTESIAN_POINT('Ctrl Pts',(0.096921790601453,-0.5175,-0.298778764305631));
#2708=CARTESIAN_POINT('Ctrl Pts',(0.09483845726812,-0.5175,0.));
#2709=CARTESIAN_POINT('Ctrl Pts',(0.092755123934786,-0.5175,0.298778764305631));
#2710=CARTESIAN_POINT('Ctrl Pts',(0.090671790601453,-0.25875,0.448168146458447));
#2711=CARTESIAN_POINT('Ctrl Pts',(0.08858845726812,0.,0.597557528611262));
#2712=CARTESIAN_POINT('Ctrl Pts',(0.086505123934786,0.258749999999999,0.448168146458447));
#2713=CARTESIAN_POINT('Ctrl Pts',(0.084421790601453,0.5175,0.298778764305631));
#2714=CARTESIAN_POINT('Ctrl Pts',(0.08233845726812,0.5175,0.));
#2715=CARTESIAN_POINT('Ctrl Pts',(0.080255123934786,0.5175,-0.298778764305632));
#2716=CARTESIAN_POINT('Ctrl Pts',(0.0781717906014529,0.25875,-0.448168146458447));
#2717=CARTESIAN_POINT('Ctrl Pts',(0.07608845726812,0.,-0.597557528611263));
#2718=CARTESIAN_POINT('Ctrl Pts',(0.074005123934786,-0.25875,-0.448168146458447));
#2719=CARTESIAN_POINT('Ctrl Pts',(0.071921790601453,-0.5175,-0.298778764305631));
#2720=CARTESIAN_POINT('Ctrl Pts',(0.06983845726812,-0.5175,0.));
#2721=CARTESIAN_POINT('Ctrl Pts',(0.067755123934786,-0.5175,0.298778764305631));
#2722=CARTESIAN_POINT('Ctrl Pts',(0.065671790601453,-0.25875,0.448168146458447));
#2723=CARTESIAN_POINT('Ctrl Pts',(0.06358845726812,0.,0.597557528611262));
#2724=CARTESIAN_POINT('Ctrl Pts',(0.061505123934786,0.258749999999999,0.448168146458447));
#2725=CARTESIAN_POINT('Ctrl Pts',(0.059421790601453,0.5175,0.298778764305631));
#2726=CARTESIAN_POINT('Ctrl Pts',(0.05733845726812,0.5175,0.));
#2727=CARTESIAN_POINT('Ctrl Pts',(0.0552551239347859,0.5175,-0.298778764305632));
#2728=CARTESIAN_POINT('Ctrl Pts',(0.053171790601453,0.25875,-0.448168146458447));
#2729=CARTESIAN_POINT('Ctrl Pts',(0.05108845726812,0.,-0.597557528611263));
#2730=CARTESIAN_POINT('Ctrl Pts',(0.049005123934786,-0.25875,-0.448168146458447));
#2731=CARTESIAN_POINT('Ctrl Pts',(0.046921790601453,-0.5175,-0.298778764305631));
#2732=CARTESIAN_POINT('Ctrl Pts',(0.0448384572681199,-0.5175,0.));
#2733=CARTESIAN_POINT('Ctrl Pts',(0.042755123934786,-0.5175,0.298778764305631));
#2734=CARTESIAN_POINT('Ctrl Pts',(0.040671790601453,-0.25875,0.448168146458447));
#2735=CARTESIAN_POINT('Ctrl Pts',(0.03858845726812,0.,0.597557528611262));
#2736=CARTESIAN_POINT('Ctrl Pts',(0.036505123934786,0.258749999999999,0.448168146458447));
#2737=CARTESIAN_POINT('Ctrl Pts',(0.034421790601453,0.5175,0.298778764305631));
#2738=CARTESIAN_POINT('Ctrl Pts',(0.03233845726812,0.5175,0.));
#2739=CARTESIAN_POINT('Ctrl Pts',(0.030255123934786,0.5175,-0.298778764305632));
#2740=CARTESIAN_POINT('Ctrl Pts',(0.028171790601453,0.25875,-0.448168146458447));
#2741=CARTESIAN_POINT('Ctrl Pts',(0.02608845726812,0.,-0.597557528611263));
#2742=CARTESIAN_POINT('Ctrl Pts',(0.024005123934786,-0.25875,-0.448168146458447));
#2743=CARTESIAN_POINT('Ctrl Pts',(0.021921790601453,-0.5175,-0.298778764305631));
#2744=CARTESIAN_POINT('Ctrl Pts',(0.01983845726812,-0.5175,0.));
#2745=CARTESIAN_POINT('Ctrl Pts',(0.017755123934786,-0.5175,0.298778764305631));
#2746=CARTESIAN_POINT('Ctrl Pts',(0.015671790601453,-0.25875,0.448168146458447));
#2747=CARTESIAN_POINT('Ctrl Pts',(0.0135884572681199,0.,0.597557528611262));
#2748=CARTESIAN_POINT('Ctrl Pts',(0.0115051239347859,0.258749999999999,
0.448168146458447));
#2749=CARTESIAN_POINT('Ctrl Pts',(0.00942179060145295,0.5175,0.298778764305631));
#2750=CARTESIAN_POINT('Ctrl Pts',(0.00733845726811995,0.5175,0.));
#2751=CARTESIAN_POINT('Ctrl Pts',(0.005255123934786,0.5175,-0.298778764305632));
#2752=CARTESIAN_POINT('Ctrl Pts',(0.003171790601453,0.25875,-0.448168146458447));
#2753=CARTESIAN_POINT('Ctrl Pts',(0.00108845726812001,0.,-0.597557528611263));
#2754=CARTESIAN_POINT('Ctrl Pts',(-0.000994876065213992,-0.25875,-0.448168146458447));
#2755=CARTESIAN_POINT('Ctrl Pts',(-0.00307820939854703,-0.5175,-0.298778764305631));
#2756=CARTESIAN_POINT('Ctrl Pts',(-0.00516154273188002,-0.5175,0.));
#2757=CARTESIAN_POINT('Ctrl Pts',(-0.00724487606521402,-0.5175,0.298778764305631));
#2758=CARTESIAN_POINT('Ctrl Pts',(-0.00932820939854702,-0.25875,0.448168146458447));
#2759=CARTESIAN_POINT('Ctrl Pts',(-0.01141154273188,0.,0.597557528611262));
#2760=CARTESIAN_POINT('Ctrl Pts',(-0.013494876065214,0.258749999999999,
0.448168146458447));
#2761=CARTESIAN_POINT('Ctrl Pts',(-0.015578209398547,0.5175,0.298778764305631));
#2762=CARTESIAN_POINT('Ctrl Pts',(-0.01766154273188,0.5175,0.));
#2763=CARTESIAN_POINT('Ctrl Pts',(-0.019744876065214,0.5175,-0.298778764305632));
#2764=CARTESIAN_POINT('Ctrl Pts',(-0.021828209398547,0.25875,-0.448168146458447));
#2765=CARTESIAN_POINT('Ctrl Pts',(-0.02391154273188,0.,-0.597557528611263));
#2766=CARTESIAN_POINT('Ctrl Pts',(-0.025994876065214,-0.25875,-0.448168146458447));
#2767=CARTESIAN_POINT('Ctrl Pts',(-0.028078209398547,-0.5175,-0.298778764305631));
#2768=CARTESIAN_POINT('Ctrl Pts',(-0.03016154273188,-0.5175,0.));
#2769=CARTESIAN_POINT('Ctrl Pts',(-0.032244876065214,-0.5175,0.298778764305631));
#2770=CARTESIAN_POINT('Ctrl Pts',(-0.0343282093985471,-0.25875,0.448168146458447));
#2771=CARTESIAN_POINT('Ctrl Pts',(-0.0364115427318801,0.,0.597557528611262));
#2772=CARTESIAN_POINT('Ctrl Pts',(-0.038494876065214,0.258749999999999,
0.448168146458447));
#2773=CARTESIAN_POINT('Ctrl Pts',(-0.040578209398547,0.5175,0.298778764305631));
#2774=CARTESIAN_POINT('Ctrl Pts',(-0.04266154273188,0.5175,0.));
#2775=CARTESIAN_POINT('Ctrl Pts',(-0.044744876065214,0.5175,-0.298778764305632));
#2776=CARTESIAN_POINT('Ctrl Pts',(-0.046828209398547,0.25875,-0.448168146458447));
#2777=CARTESIAN_POINT('Ctrl Pts',(-0.04891154273188,0.,-0.597557528611263));
#2778=CARTESIAN_POINT('Ctrl Pts',(-0.050994876065214,-0.25875,-0.448168146458447));
#2779=CARTESIAN_POINT('Ctrl Pts',(-0.053078209398547,-0.5175,-0.298778764305631));
#2780=CARTESIAN_POINT('Ctrl Pts',(-0.05516154273188,-0.5175,0.));
#2781=CARTESIAN_POINT('Ctrl Pts',(-0.057244876065214,-0.5175,0.298778764305631));
#2782=CARTESIAN_POINT('Ctrl Pts',(-0.059328209398547,-0.25875,0.448168146458447));
#2783=CARTESIAN_POINT('Ctrl Pts',(-0.06141154273188,0.,0.597557528611262));
#2784=CARTESIAN_POINT('Ctrl Pts',(-0.063494876065214,0.258749999999999,
0.448168146458447));
#2785=CARTESIAN_POINT('Ctrl Pts',(-0.065578209398547,0.5175,0.298778764305631));
#2786=CARTESIAN_POINT('Ctrl Pts',(-0.06766154273188,0.5175,0.));
#2787=CARTESIAN_POINT('Ctrl Pts',(-0.069744876065214,0.5175,-0.298778764305632));
#2788=CARTESIAN_POINT('Ctrl Pts',(-0.071828209398547,0.25875,-0.448168146458447));
#2789=CARTESIAN_POINT('Ctrl Pts',(-0.07391154273188,0.,-0.597557528611263));
#2790=CARTESIAN_POINT('Ctrl Pts',(-0.075994876065214,-0.25875,-0.448168146458447));
#2791=CARTESIAN_POINT('Ctrl Pts',(-0.078078209398547,-0.5175,-0.298778764305631));
#2792=CARTESIAN_POINT('Ctrl Pts',(-0.0801615427318801,-0.5175,0.));
#2793=CARTESIAN_POINT('Ctrl Pts',(-0.082244876065214,-0.5175,0.298778764305631));
#2794=CARTESIAN_POINT('Ctrl Pts',(-0.084328209398547,-0.25875,0.448168146458447));
#2795=CARTESIAN_POINT('Ctrl Pts',(-0.08641154273188,0.,0.597557528611262));
#2796=CARTESIAN_POINT('Ctrl Pts',(-0.088494876065214,0.258749999999999,
0.448168146458447));
#2797=CARTESIAN_POINT('Ctrl Pts',(-0.090578209398547,0.5175,0.298778764305631));
#2798=CARTESIAN_POINT('Ctrl Pts',(-0.09266154273188,0.5175,0.));
#2799=CARTESIAN_POINT('Ctrl Pts',(0.09954422863406,0.504,0.));
#2800=CARTESIAN_POINT('Ctrl Pts',(0.097460895300726,0.504,-0.290984535671572));
#2801=CARTESIAN_POINT('Ctrl Pts',(0.095377561967393,0.252,-0.436476803507357));
#2802=CARTESIAN_POINT('Ctrl Pts',(0.09329422863406,0.,-0.581969071343143));
#2803=CARTESIAN_POINT('Ctrl Pts',(0.0912108953007259,-0.252,-0.436476803507357));
#2804=CARTESIAN_POINT('Ctrl Pts',(0.089127561967393,-0.504,-0.290984535671571));
#2805=CARTESIAN_POINT('Ctrl Pts',(0.08704422863406,-0.504,0.));
#2806=CARTESIAN_POINT('Ctrl Pts',(0.084960895300726,-0.504,0.290984535671571));
#2807=CARTESIAN_POINT('Ctrl Pts',(0.082877561967393,-0.252,0.436476803507357));
#2808=CARTESIAN_POINT('Ctrl Pts',(0.08079422863406,0.,0.581969071343142));
#2809=CARTESIAN_POINT('Ctrl Pts',(0.078710895300726,0.251999999999999,0.436476803507357));
#2810=CARTESIAN_POINT('Ctrl Pts',(0.076627561967393,0.504,0.290984535671571));
#2811=CARTESIAN_POINT('Ctrl Pts',(0.07454422863406,0.504,0.));
#2812=CARTESIAN_POINT('Ctrl Pts',(0.072460895300726,0.504,-0.290984535671572));
#2813=CARTESIAN_POINT('Ctrl Pts',(0.070377561967393,0.252,-0.436476803507357));
#2814=CARTESIAN_POINT('Ctrl Pts',(0.06829422863406,0.,-0.581969071343143));
#2815=CARTESIAN_POINT('Ctrl Pts',(0.0662108953007259,-0.252,-0.436476803507357));
#2816=CARTESIAN_POINT('Ctrl Pts',(0.064127561967393,-0.504,-0.290984535671571));
#2817=CARTESIAN_POINT('Ctrl Pts',(0.06204422863406,-0.504,0.));
#2818=CARTESIAN_POINT('Ctrl Pts',(0.059960895300726,-0.504,0.290984535671571));
#2819=CARTESIAN_POINT('Ctrl Pts',(0.057877561967393,-0.252,0.436476803507357));
#2820=CARTESIAN_POINT('Ctrl Pts',(0.05579422863406,0.,0.581969071343142));
#2821=CARTESIAN_POINT('Ctrl Pts',(0.053710895300726,0.251999999999999,0.436476803507357));
#2822=CARTESIAN_POINT('Ctrl Pts',(0.051627561967393,0.504,0.290984535671571));
#2823=CARTESIAN_POINT('Ctrl Pts',(0.04954422863406,0.504,0.));
#2824=CARTESIAN_POINT('Ctrl Pts',(0.047460895300726,0.504,-0.290984535671572));
#2825=CARTESIAN_POINT('Ctrl Pts',(0.045377561967393,0.252,-0.436476803507357));
#2826=CARTESIAN_POINT('Ctrl Pts',(0.04329422863406,0.,-0.581969071343143));
#2827=CARTESIAN_POINT('Ctrl Pts',(0.0412108953007259,-0.252,-0.436476803507357));
#2828=CARTESIAN_POINT('Ctrl Pts',(0.039127561967393,-0.504,-0.290984535671571));
#2829=CARTESIAN_POINT('Ctrl Pts',(0.03704422863406,-0.504,0.));
#2830=CARTESIAN_POINT('Ctrl Pts',(0.034960895300726,-0.504,0.290984535671571));
#2831=CARTESIAN_POINT('Ctrl Pts',(0.032877561967393,-0.252,0.436476803507357));
#2832=CARTESIAN_POINT('Ctrl Pts',(0.03079422863406,0.,0.581969071343142));
#2833=CARTESIAN_POINT('Ctrl Pts',(0.028710895300727,0.251999999999999,0.436476803507357));
#2834=CARTESIAN_POINT('Ctrl Pts',(0.026627561967393,0.504,0.290984535671571));
#2835=CARTESIAN_POINT('Ctrl Pts',(0.0245442286340599,0.504,0.));
#2836=CARTESIAN_POINT('Ctrl Pts',(0.0224608953007259,0.504,-0.290984535671572));
#2837=CARTESIAN_POINT('Ctrl Pts',(0.0203775619673929,0.252,-0.436476803507357));
#2838=CARTESIAN_POINT('Ctrl Pts',(0.01829422863406,0.,-0.581969071343143));
#2839=CARTESIAN_POINT('Ctrl Pts',(0.016210895300726,-0.252,-0.436476803507357));
#2840=CARTESIAN_POINT('Ctrl Pts',(0.014127561967393,-0.504,-0.290984535671571));
#2841=CARTESIAN_POINT('Ctrl Pts',(0.01204422863406,-0.504,0.));
#2842=CARTESIAN_POINT('Ctrl Pts',(0.00996089530072596,-0.504,0.290984535671571));
#2843=CARTESIAN_POINT('Ctrl Pts',(0.00787756196739297,-0.252,0.436476803507357));
#2844=CARTESIAN_POINT('Ctrl Pts',(0.00579422863405998,0.,0.581969071343142));
#2845=CARTESIAN_POINT('Ctrl Pts',(0.00371089530072598,0.251999999999999,
0.436476803507357));
#2846=CARTESIAN_POINT('Ctrl Pts',(0.00162756196739298,0.504,0.290984535671571));
#2847=CARTESIAN_POINT('Ctrl Pts',(-0.000455771365940013,0.504,0.));
#2848=CARTESIAN_POINT('Ctrl Pts',(-0.00253910469927401,0.504,-0.290984535671572));
#2849=CARTESIAN_POINT('Ctrl Pts',(-0.00462243803260701,0.252,-0.436476803507357));
#2850=CARTESIAN_POINT('Ctrl Pts',(-0.00670577136594004,0.,-0.581969071343143));
#2851=CARTESIAN_POINT('Ctrl Pts',(-0.00878910469927404,-0.252,-0.436476803507357));
#2852=CARTESIAN_POINT('Ctrl Pts',(-0.010872438032607,-0.504,-0.290984535671571));
#2853=CARTESIAN_POINT('Ctrl Pts',(-0.01295577136594,-0.504,0.));
#2854=CARTESIAN_POINT('Ctrl Pts',(-0.015039104699274,-0.504,0.290984535671571));
#2855=CARTESIAN_POINT('Ctrl Pts',(-0.017122438032607,-0.252,0.436476803507357));
#2856=CARTESIAN_POINT('Ctrl Pts',(-0.01920577136594,0.,0.581969071343142));
#2857=CARTESIAN_POINT('Ctrl Pts',(-0.0212891046992741,0.251999999999999,
0.436476803507357));
#2858=CARTESIAN_POINT('Ctrl Pts',(-0.0233724380326071,0.504,0.290984535671571));
#2859=CARTESIAN_POINT('Ctrl Pts',(-0.02545577136594,0.504,0.));
#2860=CARTESIAN_POINT('Ctrl Pts',(-0.027539104699274,0.504,-0.290984535671572));
#2861=CARTESIAN_POINT('Ctrl Pts',(-0.029622438032607,0.252,-0.436476803507357));
#2862=CARTESIAN_POINT('Ctrl Pts',(-0.03170577136594,0.,-0.581969071343143));
#2863=CARTESIAN_POINT('Ctrl Pts',(-0.033789104699274,-0.252,-0.436476803507357));
#2864=CARTESIAN_POINT('Ctrl Pts',(-0.035872438032607,-0.504,-0.290984535671571));
#2865=CARTESIAN_POINT('Ctrl Pts',(-0.03795577136594,-0.504,0.));
#2866=CARTESIAN_POINT('Ctrl Pts',(-0.040039104699274,-0.504,0.290984535671571));
#2867=CARTESIAN_POINT('Ctrl Pts',(-0.042122438032607,-0.252,0.436476803507357));
#2868=CARTESIAN_POINT('Ctrl Pts',(-0.04420577136594,0.,0.581969071343142));
#2869=CARTESIAN_POINT('Ctrl Pts',(-0.046289104699274,0.251999999999999,
0.436476803507357));
#2870=CARTESIAN_POINT('Ctrl Pts',(-0.048372438032607,0.504,0.290984535671571));
#2871=CARTESIAN_POINT('Ctrl Pts',(-0.05045577136594,0.504,0.));
#2872=CARTESIAN_POINT('Ctrl Pts',(-0.052539104699273,0.504,-0.290984535671572));
#2873=CARTESIAN_POINT('Ctrl Pts',(-0.054622438032607,0.252,-0.436476803507357));
#2874=CARTESIAN_POINT('Ctrl Pts',(-0.05670577136594,0.,-0.581969071343143));
#2875=CARTESIAN_POINT('Ctrl Pts',(-0.058789104699273,-0.252,-0.436476803507357));
#2876=CARTESIAN_POINT('Ctrl Pts',(-0.060872438032607,-0.504,-0.290984535671571));
#2877=CARTESIAN_POINT('Ctrl Pts',(-0.06295577136594,-0.504,0.));
#2878=CARTESIAN_POINT('Ctrl Pts',(-0.065039104699274,-0.504,0.290984535671571));
#2879=CARTESIAN_POINT('Ctrl Pts',(-0.067122438032607,-0.252,0.436476803507357));
#2880=CARTESIAN_POINT('Ctrl Pts',(-0.06920577136594,0.,0.581969071343142));
#2881=CARTESIAN_POINT('Ctrl Pts',(-0.071289104699274,0.251999999999999,
0.436476803507357));
#2882=CARTESIAN_POINT('Ctrl Pts',(-0.073372438032607,0.504,0.290984535671571));
#2883=CARTESIAN_POINT('Ctrl Pts',(-0.07545577136594,0.504,0.));
#2884=CARTESIAN_POINT('Ctrl Pts',(-0.077539104699274,0.504,-0.290984535671572));
#2885=CARTESIAN_POINT('Ctrl Pts',(-0.079622438032607,0.252,-0.436476803507357));
#2886=CARTESIAN_POINT('Ctrl Pts',(-0.08170577136594,0.,-0.581969071343143));
#2887=CARTESIAN_POINT('Ctrl Pts',(-0.083789104699274,-0.252,-0.436476803507357));
#2888=CARTESIAN_POINT('Ctrl Pts',(-0.085872438032607,-0.504,-0.290984535671571));
#2889=CARTESIAN_POINT('Ctrl Pts',(-0.08795577136594,-0.504,0.));
#2890=CARTESIAN_POINT('Ctrl Pts',(-0.090039104699274,-0.504,0.290984535671571));
#2891=CARTESIAN_POINT('Ctrl Pts',(-0.092122438032607,-0.252,0.436476803507357));
#2892=CARTESIAN_POINT('Ctrl Pts',(-0.09420577136594,0.,0.581969071343142));
#2893=CARTESIAN_POINT('Ctrl Pts',(-0.096289104699274,0.251999999999999,
0.436476803507357));
#2894=CARTESIAN_POINT('Ctrl Pts',(-0.098372438032607,0.504,0.290984535671571));
#2895=CARTESIAN_POINT('Ctrl Pts',(-0.10045577136594,0.504,0.));
#2896=CARTESIAN_POINT('Ctrl Pts',(0.068165053700197,-0.015625,-0.503757738774304));
#2897=CARTESIAN_POINT('Ctrl Pts',(0.067118057049622,-0.142269714853611,
-0.499829613174879));
#2898=CARTESIAN_POINT('Ctrl Pts',(0.0662108953007259,-0.252,-0.436476803507357));
#2899=CARTESIAN_POINT('Ctrl Pts',(0.064127561967393,-0.504,-0.290984535671571));
#2900=CARTESIAN_POINT('Ctrl Pts',(0.06204422863406,-0.504,0.));
#2901=CARTESIAN_POINT('Ctrl Pts',(0.059960895300726,-0.504,0.290984535671571));
#2902=CARTESIAN_POINT('Ctrl Pts',(0.057877561967393,-0.252,0.436476803507357));
#2903=CARTESIAN_POINT('Ctrl Pts',(0.056970400218498,-0.142269714853611,
0.499829613174879));
#2904=CARTESIAN_POINT('Ctrl Pts',(0.055923403567922,-0.015625,0.503757738774304));
#2905=CARTESIAN_POINT('Origin',(0.098044228634045,-9.00417098711741E-15,
0.));
#2906=CARTESIAN_POINT('Origin',(0.098044228634045,-9.00417098711741E-15,
0.));
#2907=CARTESIAN_POINT('Origin',(0.068294231277035,3.19693983009884E-7,3.15409437910161E-5));
#2908=CARTESIAN_POINT('Ctrl Pts',(0.0699999999999999,0.465413013911874,
-0.193408186180073));
#2909=CARTESIAN_POINT('Ctrl Pts',(0.0686001468742389,0.399883870332121,
-0.351096011162303));
#2910=CARTESIAN_POINT('Ctrl Pts',(0.067377561967393,0.252,-0.436476803507357));
#2911=CARTESIAN_POINT('Ctrl Pts',(0.066470400218498,0.14226971485361,-0.499829613174879));
#2912=CARTESIAN_POINT('Ctrl Pts',(0.065423403567922,0.015625,-0.503757738774304));
#2913=CARTESIAN_POINT('Ctrl Pts',(0.10733845726812,0.5175,0.));
#2914=CARTESIAN_POINT('Ctrl Pts',(0.105255123934786,0.5175,-0.298778764305632));
#2915=CARTESIAN_POINT('Ctrl Pts',(0.103171790601453,0.25875,-0.448168146458447));
#2916=CARTESIAN_POINT('Ctrl Pts',(0.10108845726812,0.,-0.597557528611263));
#2917=CARTESIAN_POINT('Ctrl Pts',(0.099005123934786,-0.25875,-0.448168146458447));
#2918=CARTESIAN_POINT('Ctrl Pts',(0.096921790601453,-0.5175,-0.298778764305631));
#2919=CARTESIAN_POINT('Ctrl Pts',(0.09483845726812,-0.5175,0.));
#2920=CARTESIAN_POINT('Ctrl Pts',(0.092755123934786,-0.5175,0.298778764305631));
#2921=CARTESIAN_POINT('Ctrl Pts',(0.090671790601453,-0.25875,0.448168146458447));
#2922=CARTESIAN_POINT('Ctrl Pts',(0.08858845726812,0.,0.597557528611262));
#2923=CARTESIAN_POINT('Ctrl Pts',(0.086505123934786,0.258749999999999,0.448168146458447));
#2924=CARTESIAN_POINT('Ctrl Pts',(0.084421790601453,0.5175,0.298778764305631));
#2925=CARTESIAN_POINT('Ctrl Pts',(0.08233845726812,0.5175,0.));
#2926=CARTESIAN_POINT('Ctrl Pts',(0.080255123934786,0.5175,-0.298778764305632));
#2927=CARTESIAN_POINT('Ctrl Pts',(0.0781717906014529,0.25875,-0.448168146458447));
#2928=CARTESIAN_POINT('Ctrl Pts',(0.07608845726812,0.,-0.597557528611263));
#2929=CARTESIAN_POINT('Ctrl Pts',(0.074005123934786,-0.25875,-0.448168146458447));
#2930=CARTESIAN_POINT('Ctrl Pts',(0.071921790601453,-0.5175,-0.298778764305631));
#2931=CARTESIAN_POINT('Ctrl Pts',(0.06983845726812,-0.5175,0.));
#2932=CARTESIAN_POINT('Ctrl Pts',(0.067755123934786,-0.5175,0.298778764305631));
#2933=CARTESIAN_POINT('Ctrl Pts',(0.065671790601453,-0.25875,0.448168146458447));
#2934=CARTESIAN_POINT('Ctrl Pts',(0.06358845726812,0.,0.597557528611262));
#2935=CARTESIAN_POINT('Ctrl Pts',(0.061505123934786,0.258749999999999,0.448168146458447));
#2936=CARTESIAN_POINT('Ctrl Pts',(0.059421790601453,0.5175,0.298778764305631));
#2937=CARTESIAN_POINT('Ctrl Pts',(0.05733845726812,0.5175,0.));
#2938=CARTESIAN_POINT('Ctrl Pts',(0.0552551239347859,0.5175,-0.298778764305632));
#2939=CARTESIAN_POINT('Ctrl Pts',(0.053171790601453,0.25875,-0.448168146458447));
#2940=CARTESIAN_POINT('Ctrl Pts',(0.05108845726812,0.,-0.597557528611263));
#2941=CARTESIAN_POINT('Ctrl Pts',(0.049005123934786,-0.25875,-0.448168146458447));
#2942=CARTESIAN_POINT('Ctrl Pts',(0.046921790601453,-0.5175,-0.298778764305631));
#2943=CARTESIAN_POINT('Ctrl Pts',(0.0448384572681199,-0.5175,0.));
#2944=CARTESIAN_POINT('Ctrl Pts',(0.042755123934786,-0.5175,0.298778764305631));
#2945=CARTESIAN_POINT('Ctrl Pts',(0.040671790601453,-0.25875,0.448168146458447));
#2946=CARTESIAN_POINT('Ctrl Pts',(0.03858845726812,0.,0.597557528611262));
#2947=CARTESIAN_POINT('Ctrl Pts',(0.036505123934786,0.258749999999999,0.448168146458447));
#2948=CARTESIAN_POINT('Ctrl Pts',(0.034421790601453,0.5175,0.298778764305631));
#2949=CARTESIAN_POINT('Ctrl Pts',(0.03233845726812,0.5175,0.));
#2950=CARTESIAN_POINT('Ctrl Pts',(0.030255123934786,0.5175,-0.298778764305632));
#2951=CARTESIAN_POINT('Ctrl Pts',(0.028171790601453,0.25875,-0.448168146458447));
#2952=CARTESIAN_POINT('Ctrl Pts',(0.02608845726812,0.,-0.597557528611263));
#2953=CARTESIAN_POINT('Ctrl Pts',(0.024005123934786,-0.25875,-0.448168146458447));
#2954=CARTESIAN_POINT('Ctrl Pts',(0.021921790601453,-0.5175,-0.298778764305631));
#2955=CARTESIAN_POINT('Ctrl Pts',(0.01983845726812,-0.5175,0.));
#2956=CARTESIAN_POINT('Ctrl Pts',(0.017755123934786,-0.5175,0.298778764305631));
#2957=CARTESIAN_POINT('Ctrl Pts',(0.015671790601453,-0.25875,0.448168146458447));
#2958=CARTESIAN_POINT('Ctrl Pts',(0.0135884572681199,0.,0.597557528611262));
#2959=CARTESIAN_POINT('Ctrl Pts',(0.0115051239347859,0.258749999999999,
0.448168146458447));
#2960=CARTESIAN_POINT('Ctrl Pts',(0.00942179060145295,0.5175,0.298778764305631));
#2961=CARTESIAN_POINT('Ctrl Pts',(0.00733845726811995,0.5175,0.));
#2962=CARTESIAN_POINT('Ctrl Pts',(0.005255123934786,0.5175,-0.298778764305632));
#2963=CARTESIAN_POINT('Ctrl Pts',(0.003171790601453,0.25875,-0.448168146458447));
#2964=CARTESIAN_POINT('Ctrl Pts',(0.00108845726812001,0.,-0.597557528611263));
#2965=CARTESIAN_POINT('Ctrl Pts',(-0.000994876065213992,-0.25875,-0.448168146458447));
#2966=CARTESIAN_POINT('Ctrl Pts',(-0.00307820939854703,-0.5175,-0.298778764305631));
#2967=CARTESIAN_POINT('Ctrl Pts',(-0.00516154273188002,-0.5175,0.));
#2968=CARTESIAN_POINT('Ctrl Pts',(-0.00724487606521402,-0.5175,0.298778764305631));
#2969=CARTESIAN_POINT('Ctrl Pts',(-0.00932820939854702,-0.25875,0.448168146458447));
#2970=CARTESIAN_POINT('Ctrl Pts',(-0.01141154273188,0.,0.597557528611262));
#2971=CARTESIAN_POINT('Ctrl Pts',(-0.013494876065214,0.258749999999999,
0.448168146458447));
#2972=CARTESIAN_POINT('Ctrl Pts',(-0.015578209398547,0.5175,0.298778764305631));
#2973=CARTESIAN_POINT('Ctrl Pts',(-0.01766154273188,0.5175,0.));
#2974=CARTESIAN_POINT('Ctrl Pts',(-0.019744876065214,0.5175,-0.298778764305632));
#2975=CARTESIAN_POINT('Ctrl Pts',(-0.021828209398547,0.25875,-0.448168146458447));
#2976=CARTESIAN_POINT('Ctrl Pts',(-0.02391154273188,0.,-0.597557528611263));
#2977=CARTESIAN_POINT('Ctrl Pts',(-0.025994876065214,-0.25875,-0.448168146458447));
#2978=CARTESIAN_POINT('Ctrl Pts',(-0.028078209398547,-0.5175,-0.298778764305631));
#2979=CARTESIAN_POINT('Ctrl Pts',(-0.03016154273188,-0.5175,0.));
#2980=CARTESIAN_POINT('Ctrl Pts',(-0.032244876065214,-0.5175,0.298778764305631));
#2981=CARTESIAN_POINT('Ctrl Pts',(-0.0343282093985471,-0.25875,0.448168146458447));
#2982=CARTESIAN_POINT('Ctrl Pts',(-0.0364115427318801,0.,0.597557528611262));
#2983=CARTESIAN_POINT('Ctrl Pts',(-0.038494876065214,0.258749999999999,
0.448168146458447));
#2984=CARTESIAN_POINT('Ctrl Pts',(-0.040578209398547,0.5175,0.298778764305631));
#2985=CARTESIAN_POINT('Ctrl Pts',(-0.04266154273188,0.5175,0.));
#2986=CARTESIAN_POINT('Ctrl Pts',(-0.044744876065214,0.5175,-0.298778764305632));
#2987=CARTESIAN_POINT('Ctrl Pts',(-0.046828209398547,0.25875,-0.448168146458447));
#2988=CARTESIAN_POINT('Ctrl Pts',(-0.04891154273188,0.,-0.597557528611263));
#2989=CARTESIAN_POINT('Ctrl Pts',(-0.050994876065214,-0.25875,-0.448168146458447));
#2990=CARTESIAN_POINT('Ctrl Pts',(-0.053078209398547,-0.5175,-0.298778764305631));
#2991=CARTESIAN_POINT('Ctrl Pts',(-0.05516154273188,-0.5175,0.));
#2992=CARTESIAN_POINT('Ctrl Pts',(-0.057244876065214,-0.5175,0.298778764305631));
#2993=CARTESIAN_POINT('Ctrl Pts',(-0.059328209398547,-0.25875,0.448168146458447));
#2994=CARTESIAN_POINT('Ctrl Pts',(-0.06141154273188,0.,0.597557528611262));
#2995=CARTESIAN_POINT('Ctrl Pts',(-0.063494876065214,0.258749999999999,
0.448168146458447));
#2996=CARTESIAN_POINT('Ctrl Pts',(-0.065578209398547,0.5175,0.298778764305631));
#2997=CARTESIAN_POINT('Ctrl Pts',(-0.06766154273188,0.5175,0.));
#2998=CARTESIAN_POINT('Ctrl Pts',(-0.069744876065214,0.5175,-0.298778764305632));
#2999=CARTESIAN_POINT('Ctrl Pts',(-0.071828209398547,0.25875,-0.448168146458447));
#3000=CARTESIAN_POINT('Ctrl Pts',(-0.07391154273188,0.,-0.597557528611263));
#3001=CARTESIAN_POINT('Ctrl Pts',(-0.075994876065214,-0.25875,-0.448168146458447));
#3002=CARTESIAN_POINT('Ctrl Pts',(-0.078078209398547,-0.5175,-0.298778764305631));
#3003=CARTESIAN_POINT('Ctrl Pts',(-0.0801615427318801,-0.5175,0.));
#3004=CARTESIAN_POINT('Ctrl Pts',(-0.082244876065214,-0.5175,0.298778764305631));
#3005=CARTESIAN_POINT('Ctrl Pts',(-0.084328209398547,-0.25875,0.448168146458447));
#3006=CARTESIAN_POINT('Ctrl Pts',(-0.08641154273188,0.,0.597557528611262));
#3007=CARTESIAN_POINT('Ctrl Pts',(-0.088494876065214,0.258749999999999,
0.448168146458447));
#3008=CARTESIAN_POINT('Ctrl Pts',(-0.090578209398547,0.5175,0.298778764305631));
#3009=CARTESIAN_POINT('Ctrl Pts',(-0.09266154273188,0.5175,0.));
#3010=CARTESIAN_POINT('Ctrl Pts',(0.09954422863406,0.504,0.));
#3011=CARTESIAN_POINT('Ctrl Pts',(0.097460895300726,0.504,-0.290984535671572));
#3012=CARTESIAN_POINT('Ctrl Pts',(0.095377561967393,0.252,-0.436476803507357));
#3013=CARTESIAN_POINT('Ctrl Pts',(0.09329422863406,0.,-0.581969071343143));
#3014=CARTESIAN_POINT('Ctrl Pts',(0.0912108953007259,-0.252,-0.436476803507357));
#3015=CARTESIAN_POINT('Ctrl Pts',(0.089127561967393,-0.504,-0.290984535671571));
#3016=CARTESIAN_POINT('Ctrl Pts',(0.08704422863406,-0.504,0.));
#3017=CARTESIAN_POINT('Ctrl Pts',(0.084960895300726,-0.504,0.290984535671571));
#3018=CARTESIAN_POINT('Ctrl Pts',(0.082877561967393,-0.252,0.436476803507357));
#3019=CARTESIAN_POINT('Ctrl Pts',(0.08079422863406,0.,0.581969071343142));
#3020=CARTESIAN_POINT('Ctrl Pts',(0.078710895300726,0.251999999999999,0.436476803507357));
#3021=CARTESIAN_POINT('Ctrl Pts',(0.076627561967393,0.504,0.290984535671571));
#3022=CARTESIAN_POINT('Ctrl Pts',(0.07454422863406,0.504,0.));
#3023=CARTESIAN_POINT('Ctrl Pts',(0.072460895300726,0.504,-0.290984535671572));
#3024=CARTESIAN_POINT('Ctrl Pts',(0.070377561967393,0.252,-0.436476803507357));
#3025=CARTESIAN_POINT('Ctrl Pts',(0.06829422863406,0.,-0.581969071343143));
#3026=CARTESIAN_POINT('Ctrl Pts',(0.0662108953007259,-0.252,-0.436476803507357));
#3027=CARTESIAN_POINT('Ctrl Pts',(0.064127561967393,-0.504,-0.290984535671571));
#3028=CARTESIAN_POINT('Ctrl Pts',(0.06204422863406,-0.504,0.));
#3029=CARTESIAN_POINT('Ctrl Pts',(0.059960895300726,-0.504,0.290984535671571));
#3030=CARTESIAN_POINT('Ctrl Pts',(0.057877561967393,-0.252,0.436476803507357));
#3031=CARTESIAN_POINT('Ctrl Pts',(0.05579422863406,0.,0.581969071343142));
#3032=CARTESIAN_POINT('Ctrl Pts',(0.053710895300726,0.251999999999999,0.436476803507357));
#3033=CARTESIAN_POINT('Ctrl Pts',(0.051627561967393,0.504,0.290984535671571));
#3034=CARTESIAN_POINT('Ctrl Pts',(0.04954422863406,0.504,0.));
#3035=CARTESIAN_POINT('Ctrl Pts',(0.047460895300726,0.504,-0.290984535671572));
#3036=CARTESIAN_POINT('Ctrl Pts',(0.045377561967393,0.252,-0.436476803507357));
#3037=CARTESIAN_POINT('Ctrl Pts',(0.04329422863406,0.,-0.581969071343143));
#3038=CARTESIAN_POINT('Ctrl Pts',(0.0412108953007259,-0.252,-0.436476803507357));
#3039=CARTESIAN_POINT('Ctrl Pts',(0.039127561967393,-0.504,-0.290984535671571));
#3040=CARTESIAN_POINT('Ctrl Pts',(0.03704422863406,-0.504,0.));
#3041=CARTESIAN_POINT('Ctrl Pts',(0.034960895300726,-0.504,0.290984535671571));
#3042=CARTESIAN_POINT('Ctrl Pts',(0.032877561967393,-0.252,0.436476803507357));
#3043=CARTESIAN_POINT('Ctrl Pts',(0.03079422863406,0.,0.581969071343142));
#3044=CARTESIAN_POINT('Ctrl Pts',(0.028710895300727,0.251999999999999,0.436476803507357));
#3045=CARTESIAN_POINT('Ctrl Pts',(0.026627561967393,0.504,0.290984535671571));
#3046=CARTESIAN_POINT('Ctrl Pts',(0.0245442286340599,0.504,0.));
#3047=CARTESIAN_POINT('Ctrl Pts',(0.0224608953007259,0.504,-0.290984535671572));
#3048=CARTESIAN_POINT('Ctrl Pts',(0.0203775619673929,0.252,-0.436476803507357));
#3049=CARTESIAN_POINT('Ctrl Pts',(0.01829422863406,0.,-0.581969071343143));
#3050=CARTESIAN_POINT('Ctrl Pts',(0.016210895300726,-0.252,-0.436476803507357));
#3051=CARTESIAN_POINT('Ctrl Pts',(0.014127561967393,-0.504,-0.290984535671571));
#3052=CARTESIAN_POINT('Ctrl Pts',(0.01204422863406,-0.504,0.));
#3053=CARTESIAN_POINT('Ctrl Pts',(0.00996089530072596,-0.504,0.290984535671571));
#3054=CARTESIAN_POINT('Ctrl Pts',(0.00787756196739297,-0.252,0.436476803507357));
#3055=CARTESIAN_POINT('Ctrl Pts',(0.00579422863405998,0.,0.581969071343142));
#3056=CARTESIAN_POINT('Ctrl Pts',(0.00371089530072598,0.251999999999999,
0.436476803507357));
#3057=CARTESIAN_POINT('Ctrl Pts',(0.00162756196739298,0.504,0.290984535671571));
#3058=CARTESIAN_POINT('Ctrl Pts',(-0.000455771365940013,0.504,0.));
#3059=CARTESIAN_POINT('Ctrl Pts',(-0.00253910469927401,0.504,-0.290984535671572));
#3060=CARTESIAN_POINT('Ctrl Pts',(-0.00462243803260701,0.252,-0.436476803507357));
#3061=CARTESIAN_POINT('Ctrl Pts',(-0.00670577136594004,0.,-0.581969071343143));
#3062=CARTESIAN_POINT('Ctrl Pts',(-0.00878910469927404,-0.252,-0.436476803507357));
#3063=CARTESIAN_POINT('Ctrl Pts',(-0.010872438032607,-0.504,-0.290984535671571));
#3064=CARTESIAN_POINT('Ctrl Pts',(-0.01295577136594,-0.504,0.));
#3065=CARTESIAN_POINT('Ctrl Pts',(-0.015039104699274,-0.504,0.290984535671571));
#3066=CARTESIAN_POINT('Ctrl Pts',(-0.017122438032607,-0.252,0.436476803507357));
#3067=CARTESIAN_POINT('Ctrl Pts',(-0.01920577136594,0.,0.581969071343142));
#3068=CARTESIAN_POINT('Ctrl Pts',(-0.0212891046992741,0.251999999999999,
0.436476803507357));
#3069=CARTESIAN_POINT('Ctrl Pts',(-0.0233724380326071,0.504,0.290984535671571));
#3070=CARTESIAN_POINT('Ctrl Pts',(-0.02545577136594,0.504,0.));
#3071=CARTESIAN_POINT('Ctrl Pts',(-0.027539104699274,0.504,-0.290984535671572));
#3072=CARTESIAN_POINT('Ctrl Pts',(-0.029622438032607,0.252,-0.436476803507357));
#3073=CARTESIAN_POINT('Ctrl Pts',(-0.03170577136594,0.,-0.581969071343143));
#3074=CARTESIAN_POINT('Ctrl Pts',(-0.033789104699274,-0.252,-0.436476803507357));
#3075=CARTESIAN_POINT('Ctrl Pts',(-0.035872438032607,-0.504,-0.290984535671571));
#3076=CARTESIAN_POINT('Ctrl Pts',(-0.03795577136594,-0.504,0.));
#3077=CARTESIAN_POINT('Ctrl Pts',(-0.040039104699274,-0.504,0.290984535671571));
#3078=CARTESIAN_POINT('Ctrl Pts',(-0.042122438032607,-0.252,0.436476803507357));
#3079=CARTESIAN_POINT('Ctrl Pts',(-0.04420577136594,0.,0.581969071343142));
#3080=CARTESIAN_POINT('Ctrl Pts',(-0.046289104699274,0.251999999999999,
0.436476803507357));
#3081=CARTESIAN_POINT('Ctrl Pts',(-0.048372438032607,0.504,0.290984535671571));
#3082=CARTESIAN_POINT('Ctrl Pts',(-0.05045577136594,0.504,0.));
#3083=CARTESIAN_POINT('Ctrl Pts',(-0.052539104699273,0.504,-0.290984535671572));
#3084=CARTESIAN_POINT('Ctrl Pts',(-0.054622438032607,0.252,-0.436476803507357));
#3085=CARTESIAN_POINT('Ctrl Pts',(-0.05670577136594,0.,-0.581969071343143));
#3086=CARTESIAN_POINT('Ctrl Pts',(-0.058789104699273,-0.252,-0.436476803507357));
#3087=CARTESIAN_POINT('Ctrl Pts',(-0.060872438032607,-0.504,-0.290984535671571));
#3088=CARTESIAN_POINT('Ctrl Pts',(-0.06295577136594,-0.504,0.));
#3089=CARTESIAN_POINT('Ctrl Pts',(-0.065039104699274,-0.504,0.290984535671571));
#3090=CARTESIAN_POINT('Ctrl Pts',(-0.067122438032607,-0.252,0.436476803507357));
#3091=CARTESIAN_POINT('Ctrl Pts',(-0.06920577136594,0.,0.581969071343142));
#3092=CARTESIAN_POINT('Ctrl Pts',(-0.071289104699274,0.251999999999999,
0.436476803507357));
#3093=CARTESIAN_POINT('Ctrl Pts',(-0.073372438032607,0.504,0.290984535671571));
#3094=CARTESIAN_POINT('Ctrl Pts',(-0.07545577136594,0.504,0.));
#3095=CARTESIAN_POINT('Ctrl Pts',(-0.077539104699274,0.504,-0.290984535671572));
#3096=CARTESIAN_POINT('Ctrl Pts',(-0.079622438032607,0.252,-0.436476803507357));
#3097=CARTESIAN_POINT('Ctrl Pts',(-0.08170577136594,0.,-0.581969071343143));
#3098=CARTESIAN_POINT('Ctrl Pts',(-0.083789104699274,-0.252,-0.436476803507357));
#3099=CARTESIAN_POINT('Ctrl Pts',(-0.085872438032607,-0.504,-0.290984535671571));
#3100=CARTESIAN_POINT('Ctrl Pts',(-0.08795577136594,-0.504,0.));
#3101=CARTESIAN_POINT('Ctrl Pts',(-0.090039104699274,-0.504,0.290984535671571));
#3102=CARTESIAN_POINT('Ctrl Pts',(-0.092122438032607,-0.252,0.436476803507357));
#3103=CARTESIAN_POINT('Ctrl Pts',(-0.09420577136594,0.,0.581969071343142));
#3104=CARTESIAN_POINT('Ctrl Pts',(-0.096289104699274,0.251999999999999,
0.436476803507357));
#3105=CARTESIAN_POINT('Ctrl Pts',(-0.098372438032607,0.504,0.290984535671571));
#3106=CARTESIAN_POINT('Ctrl Pts',(-0.10045577136594,0.504,0.));
#3107=CARTESIAN_POINT('Ctrl Pts',(0.09654422863406,0.504,0.));
#3108=CARTESIAN_POINT('Ctrl Pts',(0.0944608953007259,0.504,-0.290984535671572));
#3109=CARTESIAN_POINT('Ctrl Pts',(0.092377561967393,0.252,-0.436476803507357));
#3110=CARTESIAN_POINT('Ctrl Pts',(0.09029422863406,0.,-0.581969071343143));
#3111=CARTESIAN_POINT('Ctrl Pts',(0.088210895300726,-0.252,-0.436476803507357));
#3112=CARTESIAN_POINT('Ctrl Pts',(0.086127561967393,-0.504,-0.290984535671571));
#3113=CARTESIAN_POINT('Ctrl Pts',(0.08404422863406,-0.504,0.));
#3114=CARTESIAN_POINT('Ctrl Pts',(0.081960895300726,-0.504,0.290984535671571));
#3115=CARTESIAN_POINT('Ctrl Pts',(0.079877561967393,-0.252,0.436476803507357));
#3116=CARTESIAN_POINT('Ctrl Pts',(0.07779422863406,0.,0.581969071343142));
#3117=CARTESIAN_POINT('Ctrl Pts',(0.075710895300726,0.251999999999999,0.436476803507357));
#3118=CARTESIAN_POINT('Ctrl Pts',(0.073627561967393,0.504,0.290984535671571));
#3119=CARTESIAN_POINT('Ctrl Pts',(0.07154422863406,0.504,0.));
#3120=CARTESIAN_POINT('Ctrl Pts',(0.069460895300726,0.504,-0.290984535671572));
#3121=CARTESIAN_POINT('Ctrl Pts',(0.067377561967393,0.252,-0.436476803507357));
#3122=CARTESIAN_POINT('Ctrl Pts',(0.06529422863406,0.,-0.581969071343143));
#3123=CARTESIAN_POINT('Ctrl Pts',(0.063210895300726,-0.252,-0.436476803507357));
#3124=CARTESIAN_POINT('Ctrl Pts',(0.061127561967393,-0.504,-0.290984535671571));
#3125=CARTESIAN_POINT('Ctrl Pts',(0.05904422863406,-0.504,0.));
#3126=CARTESIAN_POINT('Ctrl Pts',(0.056960895300726,-0.504,0.290984535671571));
#3127=CARTESIAN_POINT('Ctrl Pts',(0.054877561967393,-0.252,0.436476803507357));
#3128=CARTESIAN_POINT('Ctrl Pts',(0.05279422863406,0.,0.581969071343142));
#3129=CARTESIAN_POINT('Ctrl Pts',(0.050710895300726,0.251999999999999,0.436476803507357));
#3130=CARTESIAN_POINT('Ctrl Pts',(0.048627561967393,0.504,0.290984535671571));
#3131=CARTESIAN_POINT('Ctrl Pts',(0.04654422863406,0.504,0.));
#3132=CARTESIAN_POINT('Ctrl Pts',(0.044460895300727,0.504,-0.290984535671572));
#3133=CARTESIAN_POINT('Ctrl Pts',(0.042377561967393,0.252,-0.436476803507357));
#3134=CARTESIAN_POINT('Ctrl Pts',(0.04029422863406,0.,-0.581969071343143));
#3135=CARTESIAN_POINT('Ctrl Pts',(0.038210895300726,-0.252,-0.436476803507357));
#3136=CARTESIAN_POINT('Ctrl Pts',(0.036127561967393,-0.504,-0.290984535671571));
#3137=CARTESIAN_POINT('Ctrl Pts',(0.03404422863406,-0.504,0.));
#3138=CARTESIAN_POINT('Ctrl Pts',(0.031960895300726,-0.504,0.290984535671571));
#3139=CARTESIAN_POINT('Ctrl Pts',(0.029877561967393,-0.252,0.436476803507357));
#3140=CARTESIAN_POINT('Ctrl Pts',(0.02779422863406,0.,0.581969071343142));
#3141=CARTESIAN_POINT('Ctrl Pts',(0.025710895300726,0.251999999999999,0.436476803507357));
#3142=CARTESIAN_POINT('Ctrl Pts',(0.023627561967393,0.504,0.290984535671571));
#3143=CARTESIAN_POINT('Ctrl Pts',(0.02154422863406,0.504,0.));
#3144=CARTESIAN_POINT('Ctrl Pts',(0.019460895300726,0.504,-0.290984535671572));
#3145=CARTESIAN_POINT('Ctrl Pts',(0.017377561967393,0.252,-0.436476803507357));
#3146=CARTESIAN_POINT('Ctrl Pts',(0.01529422863406,0.,-0.581969071343143));
#3147=CARTESIAN_POINT('Ctrl Pts',(0.013210895300726,-0.252,-0.436476803507357));
#3148=CARTESIAN_POINT('Ctrl Pts',(0.011127561967393,-0.504,-0.290984535671571));
#3149=CARTESIAN_POINT('Ctrl Pts',(0.00904422863405998,-0.504,0.));
#3150=CARTESIAN_POINT('Ctrl Pts',(0.00696089530072594,-0.504,0.290984535671571));
#3151=CARTESIAN_POINT('Ctrl Pts',(0.00487756196739294,-0.252,0.436476803507357));
#3152=CARTESIAN_POINT('Ctrl Pts',(0.00279422863405995,0.,0.581969071343142));
#3153=CARTESIAN_POINT('Ctrl Pts',(0.000710895300725992,0.251999999999999,
0.436476803507357));
#3154=CARTESIAN_POINT('Ctrl Pts',(-0.001372438032607,0.504,0.290984535671571));
#3155=CARTESIAN_POINT('Ctrl Pts',(-0.00345577136594,0.504,0.));
#3156=CARTESIAN_POINT('Ctrl Pts',(-0.005539104699274,0.504,-0.290984535671572));
#3157=CARTESIAN_POINT('Ctrl Pts',(-0.00762243803260699,0.252,-0.436476803507357));
#3158=CARTESIAN_POINT('Ctrl Pts',(-0.00970577136594003,0.,-0.581969071343143));
#3159=CARTESIAN_POINT('Ctrl Pts',(-0.011789104699274,-0.252,-0.436476803507357));
#3160=CARTESIAN_POINT('Ctrl Pts',(-0.013872438032607,-0.504,-0.290984535671571));
#3161=CARTESIAN_POINT('Ctrl Pts',(-0.01595577136594,-0.504,0.));
#3162=CARTESIAN_POINT('Ctrl Pts',(-0.018039104699274,-0.504,0.290984535671571));
#3163=CARTESIAN_POINT('Ctrl Pts',(-0.020122438032607,-0.252,0.436476803507357));
#3164=CARTESIAN_POINT('Ctrl Pts',(-0.02220577136594,0.,0.581969071343142));
#3165=CARTESIAN_POINT('Ctrl Pts',(-0.0242891046992741,0.251999999999999,
0.436476803507357));
#3166=CARTESIAN_POINT('Ctrl Pts',(-0.026372438032607,0.504,0.290984535671571));
#3167=CARTESIAN_POINT('Ctrl Pts',(-0.02845577136594,0.504,0.));
#3168=CARTESIAN_POINT('Ctrl Pts',(-0.030539104699274,0.504,-0.290984535671572));
#3169=CARTESIAN_POINT('Ctrl Pts',(-0.032622438032607,0.252,-0.436476803507357));
#3170=CARTESIAN_POINT('Ctrl Pts',(-0.03470577136594,0.,-0.581969071343143));
#3171=CARTESIAN_POINT('Ctrl Pts',(-0.036789104699274,-0.252,-0.436476803507357));
#3172=CARTESIAN_POINT('Ctrl Pts',(-0.038872438032607,-0.504,-0.290984535671571));
#3173=CARTESIAN_POINT('Ctrl Pts',(-0.0409557713659401,-0.504,0.));
#3174=CARTESIAN_POINT('Ctrl Pts',(-0.043039104699274,-0.504,0.290984535671571));
#3175=CARTESIAN_POINT('Ctrl Pts',(-0.045122438032607,-0.252,0.436476803507357));
#3176=CARTESIAN_POINT('Ctrl Pts',(-0.04720577136594,0.,0.581969071343142));
#3177=CARTESIAN_POINT('Ctrl Pts',(-0.049289104699274,0.251999999999999,
0.436476803507357));
#3178=CARTESIAN_POINT('Ctrl Pts',(-0.051372438032607,0.504,0.290984535671571));
#3179=CARTESIAN_POINT('Ctrl Pts',(-0.05345577136594,0.504,0.));
#3180=CARTESIAN_POINT('Ctrl Pts',(-0.055539104699274,0.504,-0.290984535671572));
#3181=CARTESIAN_POINT('Ctrl Pts',(-0.057622438032607,0.252,-0.436476803507357));
#3182=CARTESIAN_POINT('Ctrl Pts',(-0.05970577136594,0.,-0.581969071343143));
#3183=CARTESIAN_POINT('Ctrl Pts',(-0.061789104699274,-0.252,-0.436476803507357));
#3184=CARTESIAN_POINT('Ctrl Pts',(-0.063872438032607,-0.504,-0.290984535671571));
#3185=CARTESIAN_POINT('Ctrl Pts',(-0.06595577136594,-0.504,0.));
#3186=CARTESIAN_POINT('Ctrl Pts',(-0.068039104699274,-0.504,0.290984535671571));
#3187=CARTESIAN_POINT('Ctrl Pts',(-0.070122438032607,-0.252,0.436476803507357));
#3188=CARTESIAN_POINT('Ctrl Pts',(-0.07220577136594,0.,0.581969071343142));
#3189=CARTESIAN_POINT('Ctrl Pts',(-0.074289104699273,0.251999999999999,
0.436476803507357));
#3190=CARTESIAN_POINT('Ctrl Pts',(-0.076372438032607,0.504,0.290984535671571));
#3191=CARTESIAN_POINT('Ctrl Pts',(-0.07845577136594,0.504,0.));
#3192=CARTESIAN_POINT('Ctrl Pts',(-0.080539104699274,0.504,-0.290984535671572));
#3193=CARTESIAN_POINT('Ctrl Pts',(-0.082622438032607,0.252,-0.436476803507357));
#3194=CARTESIAN_POINT('Ctrl Pts',(-0.08470577136594,0.,-0.581969071343143));
#3195=CARTESIAN_POINT('Ctrl Pts',(-0.086789104699274,-0.252,-0.436476803507357));
#3196=CARTESIAN_POINT('Ctrl Pts',(-0.088872438032607,-0.504,-0.290984535671571));
#3197=CARTESIAN_POINT('Ctrl Pts',(-0.09095577136594,-0.504,0.));
#3198=CARTESIAN_POINT('Ctrl Pts',(-0.093039104699274,-0.504,0.290984535671571));
#3199=CARTESIAN_POINT('Ctrl Pts',(-0.095122438032607,-0.252,0.436476803507357));
#3200=CARTESIAN_POINT('Ctrl Pts',(-0.09720577136594,0.,0.581969071343142));
#3201=CARTESIAN_POINT('Ctrl Pts',(-0.099289104699273,0.251999999999999,
0.436476803507357));
#3202=CARTESIAN_POINT('Ctrl Pts',(-0.101372438032607,0.504,0.290984535671571));
#3203=CARTESIAN_POINT('Ctrl Pts',(-0.10345577136594,0.504,0.));
#3204=CARTESIAN_POINT('Ctrl Pts',(0.08875,0.5175,0.));
#3205=CARTESIAN_POINT('Ctrl Pts',(0.086666666666667,0.5175,-0.298778764305632));
#3206=CARTESIAN_POINT('Ctrl Pts',(0.084583333333333,0.25875,-0.448168146458447));
#3207=CARTESIAN_POINT('Ctrl Pts',(0.0824999999999999,0.,-0.597557528611263));
#3208=CARTESIAN_POINT('Ctrl Pts',(0.080416666666667,-0.25875,-0.448168146458447));
#3209=CARTESIAN_POINT('Ctrl Pts',(0.078333333333333,-0.5175,-0.298778764305631));
#3210=CARTESIAN_POINT('Ctrl Pts',(0.07625,-0.5175,0.));
#3211=CARTESIAN_POINT('Ctrl Pts',(0.074166666666667,-0.5175,0.298778764305631));
#3212=CARTESIAN_POINT('Ctrl Pts',(0.072083333333333,-0.25875,0.448168146458447));
#3213=CARTESIAN_POINT('Ctrl Pts',(0.07,0.,0.597557528611262));
#3214=CARTESIAN_POINT('Ctrl Pts',(0.067916666666667,0.258749999999999,0.448168146458447));
#3215=CARTESIAN_POINT('Ctrl Pts',(0.065833333333333,0.5175,0.298778764305631));
#3216=CARTESIAN_POINT('Ctrl Pts',(0.06375,0.5175,0.));
#3217=CARTESIAN_POINT('Ctrl Pts',(0.061666666666667,0.5175,-0.298778764305632));
#3218=CARTESIAN_POINT('Ctrl Pts',(0.059583333333333,0.25875,-0.448168146458447));
#3219=CARTESIAN_POINT('Ctrl Pts',(0.0575,0.,-0.597557528611263));
#3220=CARTESIAN_POINT('Ctrl Pts',(0.055416666666667,-0.25875,-0.448168146458447));
#3221=CARTESIAN_POINT('Ctrl Pts',(0.053333333333333,-0.5175,-0.298778764305631));
#3222=CARTESIAN_POINT('Ctrl Pts',(0.05125,-0.5175,0.));
#3223=CARTESIAN_POINT('Ctrl Pts',(0.049166666666667,-0.5175,0.298778764305631));
#3224=CARTESIAN_POINT('Ctrl Pts',(0.047083333333333,-0.25875,0.448168146458447));
#3225=CARTESIAN_POINT('Ctrl Pts',(0.045,0.,0.597557528611262));
#3226=CARTESIAN_POINT('Ctrl Pts',(0.042916666666667,0.258749999999999,0.448168146458447));
#3227=CARTESIAN_POINT('Ctrl Pts',(0.040833333333333,0.5175,0.298778764305631));
#3228=CARTESIAN_POINT('Ctrl Pts',(0.03875,0.5175,0.));
#3229=CARTESIAN_POINT('Ctrl Pts',(0.036666666666667,0.5175,-0.298778764305632));
#3230=CARTESIAN_POINT('Ctrl Pts',(0.034583333333333,0.25875,-0.448168146458447));
#3231=CARTESIAN_POINT('Ctrl Pts',(0.0325,0.,-0.597557528611263));
#3232=CARTESIAN_POINT('Ctrl Pts',(0.030416666666667,-0.25875,-0.448168146458447));
#3233=CARTESIAN_POINT('Ctrl Pts',(0.028333333333333,-0.5175,-0.298778764305631));
#3234=CARTESIAN_POINT('Ctrl Pts',(0.02625,-0.5175,0.));
#3235=CARTESIAN_POINT('Ctrl Pts',(0.024166666666667,-0.5175,0.298778764305631));
#3236=CARTESIAN_POINT('Ctrl Pts',(0.022083333333333,-0.25875,0.448168146458447));
#3237=CARTESIAN_POINT('Ctrl Pts',(0.02,0.,0.597557528611262));
#3238=CARTESIAN_POINT('Ctrl Pts',(0.0179166666666669,0.258749999999999,
0.448168146458447));
#3239=CARTESIAN_POINT('Ctrl Pts',(0.0158333333333329,0.5175,0.298778764305631));
#3240=CARTESIAN_POINT('Ctrl Pts',(0.0137499999999999,0.5175,0.));
#3241=CARTESIAN_POINT('Ctrl Pts',(0.011666666666667,0.5175,-0.298778764305632));
#3242=CARTESIAN_POINT('Ctrl Pts',(0.009583333333333,0.25875,-0.448168146458447));
#3243=CARTESIAN_POINT('Ctrl Pts',(0.0075,0.,-0.597557528611263));
#3244=CARTESIAN_POINT('Ctrl Pts',(0.00541666666666701,-0.25875,-0.448168146458447));
#3245=CARTESIAN_POINT('Ctrl Pts',(0.00333333333333301,-0.5175,-0.298778764305631));
#3246=CARTESIAN_POINT('Ctrl Pts',(0.00124999999999997,-0.5175,0.));
#3247=CARTESIAN_POINT('Ctrl Pts',(-0.000833333333333023,-0.5175,0.298778764305631));
#3248=CARTESIAN_POINT('Ctrl Pts',(-0.00291666666666702,-0.25875,0.448168146458447));
#3249=CARTESIAN_POINT('Ctrl Pts',(-0.00500000000000002,0.,0.597557528611262));
#3250=CARTESIAN_POINT('Ctrl Pts',(-0.00708333333333301,0.258749999999999,
0.448168146458447));
#3251=CARTESIAN_POINT('Ctrl Pts',(-0.00916666666666701,0.5175,0.298778764305631));
#3252=CARTESIAN_POINT('Ctrl Pts',(-0.01125,0.5175,0.));
#3253=CARTESIAN_POINT('Ctrl Pts',(-0.013333333333333,0.5175,-0.298778764305632));
#3254=CARTESIAN_POINT('Ctrl Pts',(-0.015416666666667,0.25875,-0.448168146458447));
#3255=CARTESIAN_POINT('Ctrl Pts',(-0.0175,0.,-0.597557528611263));
#3256=CARTESIAN_POINT('Ctrl Pts',(-0.019583333333333,-0.25875,-0.448168146458447));
#3257=CARTESIAN_POINT('Ctrl Pts',(-0.021666666666667,-0.5175,-0.298778764305631));
#3258=CARTESIAN_POINT('Ctrl Pts',(-0.02375,-0.5175,0.));
#3259=CARTESIAN_POINT('Ctrl Pts',(-0.025833333333333,-0.5175,0.298778764305631));
#3260=CARTESIAN_POINT('Ctrl Pts',(-0.027916666666667,-0.25875,0.448168146458447));
#3261=CARTESIAN_POINT('Ctrl Pts',(-0.0300000000000001,0.,0.597557528611262));
#3262=CARTESIAN_POINT('Ctrl Pts',(-0.0320833333333331,0.258749999999999,
0.448168146458447));
#3263=CARTESIAN_POINT('Ctrl Pts',(-0.034166666666667,0.5175,0.298778764305631));
#3264=CARTESIAN_POINT('Ctrl Pts',(-0.03625,0.5175,0.));
#3265=CARTESIAN_POINT('Ctrl Pts',(-0.038333333333333,0.5175,-0.298778764305632));
#3266=CARTESIAN_POINT('Ctrl Pts',(-0.040416666666667,0.25875,-0.448168146458447));
#3267=CARTESIAN_POINT('Ctrl Pts',(-0.0425,0.,-0.597557528611263));
#3268=CARTESIAN_POINT('Ctrl Pts',(-0.044583333333333,-0.25875,-0.448168146458447));
#3269=CARTESIAN_POINT('Ctrl Pts',(-0.046666666666667,-0.5175,-0.298778764305631));
#3270=CARTESIAN_POINT('Ctrl Pts',(-0.04875,-0.5175,0.));
#3271=CARTESIAN_POINT('Ctrl Pts',(-0.050833333333333,-0.5175,0.298778764305631));
#3272=CARTESIAN_POINT('Ctrl Pts',(-0.052916666666667,-0.25875,0.448168146458447));
#3273=CARTESIAN_POINT('Ctrl Pts',(-0.055,0.,0.597557528611262));
#3274=CARTESIAN_POINT('Ctrl Pts',(-0.057083333333333,0.258749999999999,
0.448168146458447));
#3275=CARTESIAN_POINT('Ctrl Pts',(-0.059166666666667,0.5175,0.298778764305631));
#3276=CARTESIAN_POINT('Ctrl Pts',(-0.06125,0.5175,0.));
#3277=CARTESIAN_POINT('Ctrl Pts',(-0.063333333333333,0.5175,-0.298778764305632));
#3278=CARTESIAN_POINT('Ctrl Pts',(-0.065416666666667,0.25875,-0.448168146458447));
#3279=CARTESIAN_POINT('Ctrl Pts',(-0.0675,0.,-0.597557528611263));
#3280=CARTESIAN_POINT('Ctrl Pts',(-0.069583333333333,-0.25875,-0.448168146458447));
#3281=CARTESIAN_POINT('Ctrl Pts',(-0.071666666666667,-0.5175,-0.298778764305631));
#3282=CARTESIAN_POINT('Ctrl Pts',(-0.07375,-0.5175,0.));
#3283=CARTESIAN_POINT('Ctrl Pts',(-0.0758333333333331,-0.5175,0.298778764305631));
#3284=CARTESIAN_POINT('Ctrl Pts',(-0.077916666666667,-0.25875,0.448168146458447));
#3285=CARTESIAN_POINT('Ctrl Pts',(-0.08,0.,0.597557528611262));
#3286=CARTESIAN_POINT('Ctrl Pts',(-0.082083333333333,0.258749999999999,
0.448168146458447));
#3287=CARTESIAN_POINT('Ctrl Pts',(-0.084166666666667,0.5175,0.298778764305631));
#3288=CARTESIAN_POINT('Ctrl Pts',(-0.08625,0.5175,0.));
#3289=CARTESIAN_POINT('Ctrl Pts',(-0.088333333333333,0.5175,-0.298778764305632));
#3290=CARTESIAN_POINT('Ctrl Pts',(-0.090416666666667,0.25875,-0.448168146458447));
#3291=CARTESIAN_POINT('Ctrl Pts',(-0.0925,0.,-0.597557528611263));
#3292=CARTESIAN_POINT('Ctrl Pts',(-0.094583333333333,-0.25875,-0.448168146458447));
#3293=CARTESIAN_POINT('Ctrl Pts',(-0.096666666666667,-0.5175,-0.298778764305631));
#3294=CARTESIAN_POINT('Ctrl Pts',(-0.09875,-0.5175,0.));
#3295=CARTESIAN_POINT('Ctrl Pts',(-0.100833333333333,-0.5175,0.298778764305631));
#3296=CARTESIAN_POINT('Ctrl Pts',(-0.102916666666667,-0.25875,0.448168146458447));
#3297=CARTESIAN_POINT('Ctrl Pts',(-0.105,0.,0.597557528611262));
#3298=CARTESIAN_POINT('Ctrl Pts',(-0.107083333333333,0.258749999999999,
0.448168146458447));
#3299=CARTESIAN_POINT('Ctrl Pts',(-0.109166666666667,0.5175,0.298778764305631));
#3300=CARTESIAN_POINT('Ctrl Pts',(-0.11125,0.5175,0.));
#3301=UNCERTAINTY_MEASURE_WITH_UNIT(LENGTH_MEASURE(0.000393700787401575),
#3306,'DISTANCE_ACCURACY_VALUE',
'Maximum model space distance between geometric entities at asserted c
onnectivities');
#3302=UNCERTAINTY_MEASURE_WITH_UNIT(LENGTH_MEASURE(0.000393700787401575),
#3306,'DISTANCE_ACCURACY_VALUE',
'Maximum model space distance between geometric entities at asserted c
onnectivities');
#3303=(
GEOMETRIC_REPRESENTATION_CONTEXT(3)
GLOBAL_UNCERTAINTY_ASSIGNED_CONTEXT((#3301))
GLOBAL_UNIT_ASSIGNED_CONTEXT((#3306,#3310,#3311))
REPRESENTATION_CONTEXT('','3D')
);
#3304=(
GEOMETRIC_REPRESENTATION_CONTEXT(3)
GLOBAL_UNCERTAINTY_ASSIGNED_CONTEXT((#3302))
GLOBAL_UNIT_ASSIGNED_CONTEXT((#3306,#3310,#3311))
REPRESENTATION_CONTEXT('','3D')
);
#3305=DIMENSIONAL_EXPONENTS(1.,0.,0.,0.,0.,0.,0.);
#3306=(
CONVERSION_BASED_UNIT('inch',#3309)
LENGTH_UNIT()
NAMED_UNIT(#3305)
);
#3307=(
LENGTH_UNIT()
NAMED_UNIT(*)
SI_UNIT(.MILLI.,.METRE.)
);
#3308=(
LENGTH_UNIT()
NAMED_UNIT(*)
SI_UNIT($,.METRE.)
);
#3309=LENGTH_MEASURE_WITH_UNIT(LENGTH_MEASURE(25.4),#3307);
#3310=(
NAMED_UNIT(*)
PLANE_ANGLE_UNIT()
SI_UNIT($,.RADIAN.)
);
#3311=(
NAMED_UNIT(*)
SI_UNIT($,.STERADIAN.)
SOLID_ANGLE_UNIT()
);
#3312=SHAPE_DEFINITION_REPRESENTATION(#3313,#3314);
#3313=PRODUCT_DEFINITION_SHAPE('',$,#3316);
#3314=SHAPE_REPRESENTATION('',(#996),#3303);
#3315=PRODUCT_DEFINITION_CONTEXT('part definition',#3320,'design');
#3316=PRODUCT_DEFINITION('2026-06-10-22-28-59-056','AC254-040-C-ML',#3317,
#3315);
#3317=PRODUCT_DEFINITION_FORMATION('',$,#3322);
#3318=PRODUCT_RELATED_PRODUCT_CATEGORY('AC254-040-C-ML',
'AC254-040-C-ML',(#3322));
#3319=APPLICATION_PROTOCOL_DEFINITION('international standard',
'automotive_design',2009,#3320);
#3320=APPLICATION_CONTEXT(
'Core Data for Automotive Mechanical Design Process');
#3321=PRODUCT_CONTEXT('part definition',#3320,'mechanical');
#3322=PRODUCT('2026-06-10-22-28-59-056','AC254-040-C-ML','STEP AP203',(#3321));
#3323=PRESENTATION_STYLE_ASSIGNMENT((#3325));
#3324=PRESENTATION_STYLE_ASSIGNMENT((#3326));
#3325=SURFACE_STYLE_USAGE(.BOTH.,#3327);
#3326=SURFACE_STYLE_USAGE(.BOTH.,#3328);
#3327=SURFACE_SIDE_STYLE('',(#3329));
#3328=SURFACE_SIDE_STYLE('',(#3330));
#3329=SURFACE_STYLE_FILL_AREA(#3331);
#3330=SURFACE_STYLE_FILL_AREA(#3332);
#3331=FILL_AREA_STYLE('Steel - Satin',(#3333));
#3332=FILL_AREA_STYLE('Opaque(160,160,160)',(#3334));
#3333=FILL_AREA_STYLE_COLOUR('Steel - Satin',#3335);
#3334=FILL_AREA_STYLE_COLOUR('Opaque(160,160,160)',#3336);
#3335=COLOUR_RGB('Steel - Satin',0.627450980392157,0.627450980392157,0.627450980392157);
#3336=COLOUR_RGB('Opaque(160,160,160)',0.627450980392157,0.627450980392157,
0.627450980392157);
ENDSEC;
END-ISO-10303-21;
