ISO-10303-21;
HEADER;
/* Generated by software containing ST-Developer
 * from STEP Tools, Inc. (www.steptools.com) 
 */

FILE_DESCRIPTION(
/* description */ (''),
/* implementation_level */ '2;1');

FILE_NAME(
/* name */ 'mot-coil.step',
/* time_stamp */ '2026-09-10T19:35:59-05:00',
/* author */ (''),
/* organization */ (''),
/* preprocessor_version */ 'ST-DEVELOPER v20.1',
/* originating_system */ 'Autodesk Translation Framework v15.8.0.0',
/* authorisation */ '');

FILE_SCHEMA (('AUTOMOTIVE_DESIGN { 1 0 10303 214 3 1 1 }'));
ENDSEC;

DATA;
#10=MECHANICAL_DESIGN_GEOMETRIC_PRESENTATION_REPRESENTATION('',(#193,#194,
#195,#196,#197,#198,#199,#200,#201,#202,#203,#204,#205,#206,#207,#208),
#17864);
#11=ITEM_DEFINED_TRANSFORMATION($,$,#11084,#11724);
#12=ITEM_DEFINED_TRANSFORMATION($,$,#11330,#11725);
#13=ITEM_DEFINED_TRANSFORMATION($,$,#11121,#11726);
#14=ITEM_DEFINED_TRANSFORMATION($,$,#11154,#11727);
#15=ITEM_DEFINED_TRANSFORMATION($,$,#11203,#11728);
#16=ITEM_DEFINED_TRANSFORMATION($,$,#11236,#11729);
#17=ITEM_DEFINED_TRANSFORMATION($,$,#11285,#11730);
#18=ITEM_DEFINED_TRANSFORMATION($,$,#11353,#11731);
#19=ITEM_DEFINED_TRANSFORMATION($,$,#11376,#11732);
#20=ITEM_DEFINED_TRANSFORMATION($,$,#11399,#11733);
#21=ITEM_DEFINED_TRANSFORMATION($,$,#10784,#11734);
#22=ITEM_DEFINED_TRANSFORMATION($,$,#11528,#11735);
#23=ITEM_DEFINED_TRANSFORMATION($,$,#11651,#11736);
#24=ITEM_DEFINED_TRANSFORMATION($,$,#11632,#11737);
#25=ITEM_DEFINED_TRANSFORMATION($,$,#11613,#11738);
#26=ITEM_DEFINED_TRANSFORMATION($,$,#10967,#11739);
#27=ITEM_DEFINED_TRANSFORMATION($,$,#11084,#11740);
#28=ITEM_DEFINED_TRANSFORMATION($,$,#11121,#11741);
#29=ITEM_DEFINED_TRANSFORMATION($,$,#11154,#11742);
#30=ITEM_DEFINED_TRANSFORMATION($,$,#11203,#11743);
#31=ITEM_DEFINED_TRANSFORMATION($,$,#11236,#11744);
#32=ITEM_DEFINED_TRANSFORMATION($,$,#11285,#11745);
#33=ITEM_DEFINED_TRANSFORMATION($,$,#11330,#11746);
#34=ITEM_DEFINED_TRANSFORMATION($,$,#11353,#11747);
#35=ITEM_DEFINED_TRANSFORMATION($,$,#11376,#11748);
#36=ITEM_DEFINED_TRANSFORMATION($,$,#11399,#11749);
#37=ITEM_DEFINED_TRANSFORMATION($,$,#11528,#11750);
#38=ITEM_DEFINED_TRANSFORMATION($,$,#11651,#11751);
#39=ITEM_DEFINED_TRANSFORMATION($,$,#11632,#11752);
#40=ITEM_DEFINED_TRANSFORMATION($,$,#11613,#11753);
#41=ITEM_DEFINED_TRANSFORMATION($,$,#11632,#11754);
#42=ITEM_DEFINED_TRANSFORMATION($,$,#11651,#11755);
#43=ITEM_DEFINED_TRANSFORMATION($,$,#11651,#11756);
#44=(
REPRESENTATION_RELATIONSHIP($,$,#17939,#17936)
REPRESENTATION_RELATIONSHIP_WITH_TRANSFORMATION(#11)
SHAPE_REPRESENTATION_RELATIONSHIP()
);
#45=(
REPRESENTATION_RELATIONSHIP($,$,#17945,#17936)
REPRESENTATION_RELATIONSHIP_WITH_TRANSFORMATION(#12)
SHAPE_REPRESENTATION_RELATIONSHIP()
);
#46=(
REPRESENTATION_RELATIONSHIP($,$,#17940,#17936)
REPRESENTATION_RELATIONSHIP_WITH_TRANSFORMATION(#13)
SHAPE_REPRESENTATION_RELATIONSHIP()
);
#47=(
REPRESENTATION_RELATIONSHIP($,$,#17941,#17936)
REPRESENTATION_RELATIONSHIP_WITH_TRANSFORMATION(#14)
SHAPE_REPRESENTATION_RELATIONSHIP()
);
#48=(
REPRESENTATION_RELATIONSHIP($,$,#17942,#17936)
REPRESENTATION_RELATIONSHIP_WITH_TRANSFORMATION(#15)
SHAPE_REPRESENTATION_RELATIONSHIP()
);
#49=(
REPRESENTATION_RELATIONSHIP($,$,#17943,#17936)
REPRESENTATION_RELATIONSHIP_WITH_TRANSFORMATION(#16)
SHAPE_REPRESENTATION_RELATIONSHIP()
);
#50=(
REPRESENTATION_RELATIONSHIP($,$,#17944,#17936)
REPRESENTATION_RELATIONSHIP_WITH_TRANSFORMATION(#17)
SHAPE_REPRESENTATION_RELATIONSHIP()
);
#51=(
REPRESENTATION_RELATIONSHIP($,$,#17946,#17936)
REPRESENTATION_RELATIONSHIP_WITH_TRANSFORMATION(#18)
SHAPE_REPRESENTATION_RELATIONSHIP()
);
#52=(
REPRESENTATION_RELATIONSHIP($,$,#17947,#17936)
REPRESENTATION_RELATIONSHIP_WITH_TRANSFORMATION(#19)
SHAPE_REPRESENTATION_RELATIONSHIP()
);
#53=(
REPRESENTATION_RELATIONSHIP($,$,#17948,#17936)
REPRESENTATION_RELATIONSHIP_WITH_TRANSFORMATION(#20)
SHAPE_REPRESENTATION_RELATIONSHIP()
);
#54=(
REPRESENTATION_RELATIONSHIP($,$,#17937,#17936)
REPRESENTATION_RELATIONSHIP_WITH_TRANSFORMATION(#21)
SHAPE_REPRESENTATION_RELATIONSHIP()
);
#55=(
REPRESENTATION_RELATIONSHIP($,$,#17949,#17936)
REPRESENTATION_RELATIONSHIP_WITH_TRANSFORMATION(#22)
SHAPE_REPRESENTATION_RELATIONSHIP()
);
#56=(
REPRESENTATION_RELATIONSHIP($,$,#17952,#17936)
REPRESENTATION_RELATIONSHIP_WITH_TRANSFORMATION(#23)
SHAPE_REPRESENTATION_RELATIONSHIP()
);
#57=(
REPRESENTATION_RELATIONSHIP($,$,#17951,#17936)
REPRESENTATION_RELATIONSHIP_WITH_TRANSFORMATION(#24)
SHAPE_REPRESENTATION_RELATIONSHIP()
);
#58=(
REPRESENTATION_RELATIONSHIP($,$,#17950,#17936)
REPRESENTATION_RELATIONSHIP_WITH_TRANSFORMATION(#25)
SHAPE_REPRESENTATION_RELATIONSHIP()
);
#59=(
REPRESENTATION_RELATIONSHIP($,$,#17938,#17936)
REPRESENTATION_RELATIONSHIP_WITH_TRANSFORMATION(#26)
SHAPE_REPRESENTATION_RELATIONSHIP()
);
#60=(
REPRESENTATION_RELATIONSHIP($,$,#17939,#17936)
REPRESENTATION_RELATIONSHIP_WITH_TRANSFORMATION(#27)
SHAPE_REPRESENTATION_RELATIONSHIP()
);
#61=(
REPRESENTATION_RELATIONSHIP($,$,#17940,#17936)
REPRESENTATION_RELATIONSHIP_WITH_TRANSFORMATION(#28)
SHAPE_REPRESENTATION_RELATIONSHIP()
);
#62=(
REPRESENTATION_RELATIONSHIP($,$,#17941,#17936)
REPRESENTATION_RELATIONSHIP_WITH_TRANSFORMATION(#29)
SHAPE_REPRESENTATION_RELATIONSHIP()
);
#63=(
REPRESENTATION_RELATIONSHIP($,$,#17942,#17936)
REPRESENTATION_RELATIONSHIP_WITH_TRANSFORMATION(#30)
SHAPE_REPRESENTATION_RELATIONSHIP()
);
#64=(
REPRESENTATION_RELATIONSHIP($,$,#17943,#17936)
REPRESENTATION_RELATIONSHIP_WITH_TRANSFORMATION(#31)
SHAPE_REPRESENTATION_RELATIONSHIP()
);
#65=(
REPRESENTATION_RELATIONSHIP($,$,#17944,#17936)
REPRESENTATION_RELATIONSHIP_WITH_TRANSFORMATION(#32)
SHAPE_REPRESENTATION_RELATIONSHIP()
);
#66=(
REPRESENTATION_RELATIONSHIP($,$,#17945,#17936)
REPRESENTATION_RELATIONSHIP_WITH_TRANSFORMATION(#33)
SHAPE_REPRESENTATION_RELATIONSHIP()
);
#67=(
REPRESENTATION_RELATIONSHIP($,$,#17946,#17936)
REPRESENTATION_RELATIONSHIP_WITH_TRANSFORMATION(#34)
SHAPE_REPRESENTATION_RELATIONSHIP()
);
#68=(
REPRESENTATION_RELATIONSHIP($,$,#17947,#17936)
REPRESENTATION_RELATIONSHIP_WITH_TRANSFORMATION(#35)
SHAPE_REPRESENTATION_RELATIONSHIP()
);
#69=(
REPRESENTATION_RELATIONSHIP($,$,#17948,#17936)
REPRESENTATION_RELATIONSHIP_WITH_TRANSFORMATION(#36)
SHAPE_REPRESENTATION_RELATIONSHIP()
);
#70=(
REPRESENTATION_RELATIONSHIP($,$,#17949,#17936)
REPRESENTATION_RELATIONSHIP_WITH_TRANSFORMATION(#37)
SHAPE_REPRESENTATION_RELATIONSHIP()
);
#71=(
REPRESENTATION_RELATIONSHIP($,$,#17952,#17936)
REPRESENTATION_RELATIONSHIP_WITH_TRANSFORMATION(#38)
SHAPE_REPRESENTATION_RELATIONSHIP()
);
#72=(
REPRESENTATION_RELATIONSHIP($,$,#17951,#17936)
REPRESENTATION_RELATIONSHIP_WITH_TRANSFORMATION(#39)
SHAPE_REPRESENTATION_RELATIONSHIP()
);
#73=(
REPRESENTATION_RELATIONSHIP($,$,#17950,#17936)
REPRESENTATION_RELATIONSHIP_WITH_TRANSFORMATION(#40)
SHAPE_REPRESENTATION_RELATIONSHIP()
);
#74=(
REPRESENTATION_RELATIONSHIP($,$,#17951,#17936)
REPRESENTATION_RELATIONSHIP_WITH_TRANSFORMATION(#41)
SHAPE_REPRESENTATION_RELATIONSHIP()
);
#75=(
REPRESENTATION_RELATIONSHIP($,$,#17952,#17936)
REPRESENTATION_RELATIONSHIP_WITH_TRANSFORMATION(#42)
SHAPE_REPRESENTATION_RELATIONSHIP()
);
#76=(
REPRESENTATION_RELATIONSHIP($,$,#17952,#17936)
REPRESENTATION_RELATIONSHIP_WITH_TRANSFORMATION(#43)
SHAPE_REPRESENTATION_RELATIONSHIP()
);
#77=CONTEXT_DEPENDENT_SHAPE_REPRESENTATION(#44,#17903);
#78=CONTEXT_DEPENDENT_SHAPE_REPRESENTATION(#45,#17904);
#79=CONTEXT_DEPENDENT_SHAPE_REPRESENTATION(#46,#17905);
#80=CONTEXT_DEPENDENT_SHAPE_REPRESENTATION(#47,#17906);
#81=CONTEXT_DEPENDENT_SHAPE_REPRESENTATION(#48,#17907);
#82=CONTEXT_DEPENDENT_SHAPE_REPRESENTATION(#49,#17908);
#83=CONTEXT_DEPENDENT_SHAPE_REPRESENTATION(#50,#17909);
#84=CONTEXT_DEPENDENT_SHAPE_REPRESENTATION(#51,#17910);
#85=CONTEXT_DEPENDENT_SHAPE_REPRESENTATION(#52,#17911);
#86=CONTEXT_DEPENDENT_SHAPE_REPRESENTATION(#53,#17912);
#87=CONTEXT_DEPENDENT_SHAPE_REPRESENTATION(#54,#17913);
#88=CONTEXT_DEPENDENT_SHAPE_REPRESENTATION(#55,#17914);
#89=CONTEXT_DEPENDENT_SHAPE_REPRESENTATION(#56,#17915);
#90=CONTEXT_DEPENDENT_SHAPE_REPRESENTATION(#57,#17916);
#91=CONTEXT_DEPENDENT_SHAPE_REPRESENTATION(#58,#17917);
#92=CONTEXT_DEPENDENT_SHAPE_REPRESENTATION(#59,#17918);
#93=CONTEXT_DEPENDENT_SHAPE_REPRESENTATION(#60,#17919);
#94=CONTEXT_DEPENDENT_SHAPE_REPRESENTATION(#61,#17920);
#95=CONTEXT_DEPENDENT_SHAPE_REPRESENTATION(#62,#17921);
#96=CONTEXT_DEPENDENT_SHAPE_REPRESENTATION(#63,#17922);
#97=CONTEXT_DEPENDENT_SHAPE_REPRESENTATION(#64,#17923);
#98=CONTEXT_DEPENDENT_SHAPE_REPRESENTATION(#65,#17924);
#99=CONTEXT_DEPENDENT_SHAPE_REPRESENTATION(#66,#17925);
#100=CONTEXT_DEPENDENT_SHAPE_REPRESENTATION(#67,#17926);
#101=CONTEXT_DEPENDENT_SHAPE_REPRESENTATION(#68,#17927);
#102=CONTEXT_DEPENDENT_SHAPE_REPRESENTATION(#69,#17928);
#103=CONTEXT_DEPENDENT_SHAPE_REPRESENTATION(#70,#17929);
#104=CONTEXT_DEPENDENT_SHAPE_REPRESENTATION(#71,#17930);
#105=CONTEXT_DEPENDENT_SHAPE_REPRESENTATION(#72,#17931);
#106=CONTEXT_DEPENDENT_SHAPE_REPRESENTATION(#73,#17932);
#107=CONTEXT_DEPENDENT_SHAPE_REPRESENTATION(#74,#17933);
#108=CONTEXT_DEPENDENT_SHAPE_REPRESENTATION(#75,#17934);
#109=CONTEXT_DEPENDENT_SHAPE_REPRESENTATION(#76,#17935);
#110=NEXT_ASSEMBLY_USAGE_OCCURRENCE('GradientCoil2:1','GradientCoil2:1',
'GradientCoil2:1',#17954,#17957,'GradientCoil2:1');
#111=NEXT_ASSEMBLY_USAGE_OCCURRENCE('FrontBiasCoil:1','FrontBiasCoil:1',
'FrontBiasCoil:1',#17954,#17963,'FrontBiasCoil:1');
#112=NEXT_ASSEMBLY_USAGE_OCCURRENCE('CoilSupportBottom:1',
'CoilSupportBottom:1','CoilSupportBottom:1',#17954,#17958,
'CoilSupportBottom:1');
#113=NEXT_ASSEMBLY_USAGE_OCCURRENCE('GradientCoil:1','GradientCoil:1',
'GradientCoil:1',#17954,#17959,'GradientCoil:1');
#114=NEXT_ASSEMBLY_USAGE_OCCURRENCE('CoilSupportTop:1',
'CoilSupportTop:1','CoilSupportTop:1',#17954,#17960,'CoilSupportTop:1');
#115=NEXT_ASSEMBLY_USAGE_OCCURRENCE('CoilSupportBottomBracket:1',
'CoilSupportBottomBracket:1','CoilSupportBottomBracket:1',#17954,#17961,
'CoilSupportBottomBracket:1');
#116=NEXT_ASSEMBLY_USAGE_OCCURRENCE('CoilsSupportTopBracket:1',
'CoilsSupportTopBracket:1','CoilsSupportTopBracket:1',#17954,#17962,
'CoilsSupportTopBracket:1');
#117=NEXT_ASSEMBLY_USAGE_OCCURRENCE('TopBottomBiasCoil:1',
'TopBottomBiasCoil:1','TopBottomBiasCoil:1',#17954,#17964,
'TopBottomBiasCoil:1');
#118=NEXT_ASSEMBLY_USAGE_OCCURRENCE('SideBiasCoil:1','SideBiasCoil:1',
'SideBiasCoil:1',#17954,#17965,'SideBiasCoil:1');
#119=NEXT_ASSEMBLY_USAGE_OCCURRENCE('SideBiasCoilFrame:1',
'SideBiasCoilFrame:1','SideBiasCoilFrame:1',#17954,#17966,
'SideBiasCoilFrame:1');
#120=NEXT_ASSEMBLY_USAGE_OCCURRENCE('TopBiasCoilFrame:1',
'TopBiasCoilFrame:1','TopBiasCoilFrame:1',#17954,#17955,
'TopBiasCoilFrame:1');
#121=NEXT_ASSEMBLY_USAGE_OCCURRENCE('FrontBiasCoilFrame:1',
'FrontBiasCoilFrame:1','FrontBiasCoilFrame:1',#17954,#17967,
'FrontBiasCoilFrame:1');
#122=NEXT_ASSEMBLY_USAGE_OCCURRENCE('GradientCoilFins:1',
'GradientCoilFins:1','GradientCoilFins:1',#17954,#17970,
'GradientCoilFins:1');
#123=NEXT_ASSEMBLY_USAGE_OCCURRENCE('FrontCoilClamp:1',
'FrontCoilClamp:1','FrontCoilClamp:1',#17954,#17969,'FrontCoilClamp:1');
#124=NEXT_ASSEMBLY_USAGE_OCCURRENCE('FrontCoilClamp_lefthand:1',
'FrontCoilClamp_lefthand:1','FrontCoilClamp_lefthand:1',#17954,#17968,
'FrontCoilClamp_lefthand:1');
#125=NEXT_ASSEMBLY_USAGE_OCCURRENCE('BottomBiasCoilFrame2:1',
'BottomBiasCoilFrame2:1','BottomBiasCoilFrame2:1',#17954,#17956,
'BottomBiasCoilFrame2:1');
#126=NEXT_ASSEMBLY_USAGE_OCCURRENCE('GradientCoil2:2','GradientCoil2:2',
'GradientCoil2:2',#17954,#17957,'GradientCoil2:2');
#127=NEXT_ASSEMBLY_USAGE_OCCURRENCE('CoilSupportBottom:2',
'CoilSupportBottom:2','CoilSupportBottom:2',#17954,#17958,
'CoilSupportBottom:2');
#128=NEXT_ASSEMBLY_USAGE_OCCURRENCE('GradientCoil:2','GradientCoil:2',
'GradientCoil:2',#17954,#17959,'GradientCoil:2');
#129=NEXT_ASSEMBLY_USAGE_OCCURRENCE('CoilSupportTop:2',
'CoilSupportTop:2','CoilSupportTop:2',#17954,#17960,'CoilSupportTop:2');
#130=NEXT_ASSEMBLY_USAGE_OCCURRENCE('CoilSupportBottomBracket:2',
'CoilSupportBottomBracket:2','CoilSupportBottomBracket:2',#17954,#17961,
'CoilSupportBottomBracket:2');
#131=NEXT_ASSEMBLY_USAGE_OCCURRENCE('CoilsSupportTopBracket:2',
'CoilsSupportTopBracket:2','CoilsSupportTopBracket:2',#17954,#17962,
'CoilsSupportTopBracket:2');
#132=NEXT_ASSEMBLY_USAGE_OCCURRENCE('FrontBiasCoil:2','FrontBiasCoil:2',
'FrontBiasCoil:2',#17954,#17963,'FrontBiasCoil:2');
#133=NEXT_ASSEMBLY_USAGE_OCCURRENCE('TopBottomBiasCoil:2',
'TopBottomBiasCoil:2','TopBottomBiasCoil:2',#17954,#17964,
'TopBottomBiasCoil:2');
#134=NEXT_ASSEMBLY_USAGE_OCCURRENCE('SideBiasCoil:2','SideBiasCoil:2',
'SideBiasCoil:2',#17954,#17965,'SideBiasCoil:2');
#135=NEXT_ASSEMBLY_USAGE_OCCURRENCE('SideBiasCoilFrame:2',
'SideBiasCoilFrame:2','SideBiasCoilFrame:2',#17954,#17966,
'SideBiasCoilFrame:2');
#136=NEXT_ASSEMBLY_USAGE_OCCURRENCE('FrontBiasCoilFrame:2',
'FrontBiasCoilFrame:2','FrontBiasCoilFrame:2',#17954,#17967,
'FrontBiasCoilFrame:2');
#137=NEXT_ASSEMBLY_USAGE_OCCURRENCE('GradientCoilFins:2',
'GradientCoilFins:2','GradientCoilFins:2',#17954,#17970,
'GradientCoilFins:2');
#138=NEXT_ASSEMBLY_USAGE_OCCURRENCE('FrontCoilClamp:2',
'FrontCoilClamp:2','FrontCoilClamp:2',#17954,#17969,'FrontCoilClamp:2');
#139=NEXT_ASSEMBLY_USAGE_OCCURRENCE('FrontCoilClamp_lefthand:2',
'FrontCoilClamp_lefthand:2','FrontCoilClamp_lefthand:2',#17954,#17968,
'FrontCoilClamp_lefthand:2');
#140=NEXT_ASSEMBLY_USAGE_OCCURRENCE('FrontCoilClamp:3',
'FrontCoilClamp:3','FrontCoilClamp:3',#17954,#17969,'FrontCoilClamp:3');
#141=NEXT_ASSEMBLY_USAGE_OCCURRENCE('GradientCoilFins:3',
'GradientCoilFins:3','GradientCoilFins:3',#17954,#17970,
'GradientCoilFins:3');
#142=NEXT_ASSEMBLY_USAGE_OCCURRENCE('GradientCoilFins:4',
'GradientCoilFins:4','GradientCoilFins:4',#17954,#17970,
'GradientCoilFins:4');
#143=ELLIPSE('',#11250,2.08313657737557,1.473);
#144=ELLIPSE('',#11251,2.08313657737557,1.473);
#145=ELLIPSE('',#11252,2.08313657737557,1.473);
#146=ELLIPSE('',#11256,2.08313657737557,1.473);
#147=ELLIPSE('',#11257,2.08313657737557,1.473);
#148=ELLIPSE('',#11258,2.08313657737557,1.473);
#149=ELLIPSE('',#11262,2.08313657737556,1.473);
#150=ELLIPSE('',#11263,2.08313657737556,1.473);
#151=ELLIPSE('',#11264,2.08313657737556,1.473);
#152=ELLIPSE('',#11268,2.08313657737556,1.473);
#153=ELLIPSE('',#11269,2.08313657737556,1.473);
#154=ELLIPSE('',#11270,2.08313657737556,1.473);
#155=ELLIPSE('',#11306,2.08313657737557,1.473);
#156=ELLIPSE('',#11307,2.08313657737557,1.473);
#157=ELLIPSE('',#11310,2.08313657737557,1.473);
#158=ELLIPSE('',#11311,2.08313657737557,1.473);
#159=ELLIPSE('',#11313,2.08313657737557,1.473);
#160=ELLIPSE('',#11314,2.08313657737557,1.473);
#161=SHAPE_REPRESENTATION_RELATIONSHIP('SRR','None',#17937,#177);
#162=SHAPE_REPRESENTATION_RELATIONSHIP('SRR','None',#17938,#178);
#163=SHAPE_REPRESENTATION_RELATIONSHIP('SRR','None',#17939,#179);
#164=SHAPE_REPRESENTATION_RELATIONSHIP('SRR','None',#17940,#180);
#165=SHAPE_REPRESENTATION_RELATIONSHIP('SRR','None',#17941,#181);
#166=SHAPE_REPRESENTATION_RELATIONSHIP('SRR','None',#17942,#182);
#167=SHAPE_REPRESENTATION_RELATIONSHIP('SRR','None',#17943,#183);
#168=SHAPE_REPRESENTATION_RELATIONSHIP('SRR','None',#17944,#184);
#169=SHAPE_REPRESENTATION_RELATIONSHIP('SRR','None',#17945,#185);
#170=SHAPE_REPRESENTATION_RELATIONSHIP('SRR','None',#17946,#186);
#171=SHAPE_REPRESENTATION_RELATIONSHIP('SRR','None',#17947,#187);
#172=SHAPE_REPRESENTATION_RELATIONSHIP('SRR','None',#17948,#188);
#173=SHAPE_REPRESENTATION_RELATIONSHIP('SRR','None',#17949,#189);
#174=SHAPE_REPRESENTATION_RELATIONSHIP('SRR','None',#17950,#190);
#175=SHAPE_REPRESENTATION_RELATIONSHIP('SRR','None',#17951,#191);
#176=SHAPE_REPRESENTATION_RELATIONSHIP('SRR','None',#17952,#192);
#177=ADVANCED_BREP_SHAPE_REPRESENTATION('',(#209),#17848);
#178=ADVANCED_BREP_SHAPE_REPRESENTATION('',(#210),#17849);
#179=ADVANCED_BREP_SHAPE_REPRESENTATION('',(#211),#17850);
#180=ADVANCED_BREP_SHAPE_REPRESENTATION('',(#212),#17851);
#181=ADVANCED_BREP_SHAPE_REPRESENTATION('',(#213),#17852);
#182=ADVANCED_BREP_SHAPE_REPRESENTATION('',(#214),#17853);
#183=ADVANCED_BREP_SHAPE_REPRESENTATION('',(#215),#17854);
#184=ADVANCED_BREP_SHAPE_REPRESENTATION('',(#216),#17855);
#185=ADVANCED_BREP_SHAPE_REPRESENTATION('',(#217),#17856);
#186=ADVANCED_BREP_SHAPE_REPRESENTATION('',(#218),#17857);
#187=ADVANCED_BREP_SHAPE_REPRESENTATION('',(#219),#17858);
#188=ADVANCED_BREP_SHAPE_REPRESENTATION('',(#220),#17859);
#189=ADVANCED_BREP_SHAPE_REPRESENTATION('',(#221),#17860);
#190=ADVANCED_BREP_SHAPE_REPRESENTATION('',(#222),#17861);
#191=ADVANCED_BREP_SHAPE_REPRESENTATION('',(#223),#17862);
#192=ADVANCED_BREP_SHAPE_REPRESENTATION('',(#224),#17863);
#193=STYLED_ITEM('',(#18026),#209);
#194=STYLED_ITEM('',(#18026),#210);
#195=STYLED_ITEM('',(#18026),#211);
#196=STYLED_ITEM('',(#18026),#212);
#197=STYLED_ITEM('',(#18026),#213);
#198=STYLED_ITEM('',(#18026),#214);
#199=STYLED_ITEM('',(#18026),#215);
#200=STYLED_ITEM('',(#18026),#216);
#201=STYLED_ITEM('',(#18026),#217);
#202=STYLED_ITEM('',(#18026),#218);
#203=STYLED_ITEM('',(#18026),#219);
#204=STYLED_ITEM('',(#18026),#220);
#205=STYLED_ITEM('',(#18026),#221);
#206=STYLED_ITEM('',(#18026),#222);
#207=STYLED_ITEM('',(#18026),#223);
#208=STYLED_ITEM('',(#18026),#224);
#209=MANIFOLD_SOLID_BREP('Body1',#10590);
#210=MANIFOLD_SOLID_BREP('Body1',#10591);
#211=MANIFOLD_SOLID_BREP('Body1',#10592);
#212=MANIFOLD_SOLID_BREP('Body1',#10593);
#213=MANIFOLD_SOLID_BREP('Body1',#10594);
#214=MANIFOLD_SOLID_BREP('Body1',#10595);
#215=MANIFOLD_SOLID_BREP('Body1',#10596);
#216=MANIFOLD_SOLID_BREP('Body1',#10597);
#217=MANIFOLD_SOLID_BREP('Body1',#10598);
#218=MANIFOLD_SOLID_BREP('Body1',#10599);
#219=MANIFOLD_SOLID_BREP('Body1',#10600);
#220=MANIFOLD_SOLID_BREP('Body1',#10601);
#221=MANIFOLD_SOLID_BREP('Body1',#10602);
#222=MANIFOLD_SOLID_BREP('Body1',#10603);
#223=MANIFOLD_SOLID_BREP('Body1',#10604);
#224=MANIFOLD_SOLID_BREP('Body1',#10605);
#225=FACE_BOUND('',#1525,.T.);
#226=FACE_BOUND('',#1526,.T.);
#227=FACE_BOUND('',#1527,.T.);
#228=FACE_BOUND('',#1528,.T.);
#229=FACE_BOUND('',#1529,.T.);
#230=FACE_BOUND('',#1530,.T.);
#231=FACE_BOUND('',#1531,.T.);
#232=FACE_BOUND('',#1532,.T.);
#233=FACE_BOUND('',#1533,.T.);
#234=FACE_BOUND('',#1534,.T.);
#235=FACE_BOUND('',#1535,.T.);
#236=FACE_BOUND('',#1553,.T.);
#237=FACE_BOUND('',#1555,.T.);
#238=FACE_BOUND('',#1573,.T.);
#239=FACE_BOUND('',#1574,.T.);
#240=FACE_BOUND('',#1575,.T.);
#241=FACE_BOUND('',#1576,.T.);
#242=FACE_BOUND('',#1577,.T.);
#243=FACE_BOUND('',#1603,.T.);
#244=FACE_BOUND('',#1604,.T.);
#245=FACE_BOUND('',#1605,.T.);
#246=FACE_BOUND('',#1606,.T.);
#247=FACE_BOUND('',#1607,.T.);
#248=FACE_BOUND('',#1608,.T.);
#249=FACE_BOUND('',#1609,.T.);
#250=FACE_BOUND('',#1610,.T.);
#251=FACE_BOUND('',#1611,.T.);
#252=FACE_BOUND('',#1629,.T.);
#253=FACE_BOUND('',#1631,.T.);
#254=FACE_BOUND('',#1649,.T.);
#255=FACE_BOUND('',#1650,.T.);
#256=FACE_BOUND('',#1651,.T.);
#257=FACE_BOUND('',#1652,.T.);
#258=FACE_BOUND('',#1653,.T.);
#259=FACE_BOUND('',#1655,.T.);
#260=FACE_BOUND('',#1664,.T.);
#261=FACE_BOUND('',#1668,.T.);
#262=FACE_BOUND('',#1680,.T.);
#263=FACE_BOUND('',#1682,.T.);
#264=FACE_BOUND('',#1683,.T.);
#265=FACE_BOUND('',#1685,.T.);
#266=FACE_BOUND('',#1689,.T.);
#267=FACE_BOUND('',#1691,.T.);
#268=FACE_BOUND('',#1697,.T.);
#269=FACE_BOUND('',#1698,.T.);
#270=FACE_BOUND('',#1699,.T.);
#271=FACE_BOUND('',#1700,.T.);
#272=FACE_BOUND('',#1701,.T.);
#273=FACE_BOUND('',#1702,.T.);
#274=FACE_BOUND('',#1709,.T.);
#275=FACE_BOUND('',#1710,.T.);
#276=FACE_BOUND('',#1711,.T.);
#277=FACE_BOUND('',#1712,.T.);
#278=FACE_BOUND('',#1713,.T.);
#279=FACE_BOUND('',#1721,.T.);
#280=FACE_BOUND('',#1722,.T.);
#281=FACE_BOUND('',#1723,.T.);
#282=FACE_BOUND('',#1724,.T.);
#283=FACE_BOUND('',#1725,.T.);
#284=FACE_BOUND('',#1727,.T.);
#285=FACE_BOUND('',#1745,.T.);
#286=FACE_BOUND('',#1747,.T.);
#287=FACE_BOUND('',#1748,.T.);
#288=FACE_BOUND('',#1750,.T.);
#289=FACE_BOUND('',#1754,.T.);
#290=FACE_BOUND('',#1756,.T.);
#291=FACE_BOUND('',#1763,.T.);
#292=FACE_BOUND('',#1764,.T.);
#293=FACE_BOUND('',#1765,.T.);
#294=FACE_BOUND('',#1766,.T.);
#295=FACE_BOUND('',#1767,.T.);
#296=FACE_BOUND('',#1768,.T.);
#297=FACE_BOUND('',#1791,.T.);
#298=FACE_BOUND('',#1793,.T.);
#299=FACE_BOUND('',#1795,.T.);
#300=FACE_BOUND('',#1797,.T.);
#301=FACE_BOUND('',#1799,.T.);
#302=FACE_BOUND('',#1800,.T.);
#303=FACE_BOUND('',#1802,.T.);
#304=FACE_BOUND('',#1803,.T.);
#305=FACE_BOUND('',#1808,.T.);
#306=FACE_BOUND('',#1809,.T.);
#307=FACE_BOUND('',#1810,.T.);
#308=FACE_BOUND('',#1811,.T.);
#309=FACE_BOUND('',#1816,.T.);
#310=FACE_BOUND('',#1819,.T.);
#311=FACE_BOUND('',#1821,.T.);
#312=FACE_BOUND('',#1822,.T.);
#313=FACE_BOUND('',#1823,.T.);
#314=FACE_BOUND('',#1824,.T.);
#315=FACE_BOUND('',#1826,.T.);
#316=FACE_BOUND('',#1827,.T.);
#317=FACE_BOUND('',#1829,.T.);
#318=FACE_BOUND('',#1831,.T.);
#319=FACE_BOUND('',#1832,.T.);
#320=FACE_BOUND('',#1838,.T.);
#321=FACE_BOUND('',#1839,.T.);
#322=FACE_BOUND('',#1841,.T.);
#323=FACE_BOUND('',#1842,.T.);
#324=FACE_BOUND('',#1845,.T.);
#325=FACE_BOUND('',#1854,.T.);
#326=FACE_BOUND('',#1861,.T.);
#327=FACE_BOUND('',#1874,.T.);
#328=FACE_BOUND('',#1878,.T.);
#329=FACE_BOUND('',#1890,.T.);
#330=FACE_BOUND('',#1892,.T.);
#331=FACE_BOUND('',#1896,.T.);
#332=FACE_BOUND('',#1900,.T.);
#333=FACE_BOUND('',#1904,.T.);
#334=FACE_BOUND('',#1911,.T.);
#335=FACE_BOUND('',#1912,.T.);
#336=FACE_BOUND('',#1913,.T.);
#337=FACE_BOUND('',#1914,.T.);
#338=FACE_BOUND('',#1915,.T.);
#339=FACE_BOUND('',#1938,.T.);
#340=FACE_BOUND('',#1939,.T.);
#341=FACE_BOUND('',#1940,.T.);
#342=FACE_BOUND('',#1941,.T.);
#343=FACE_BOUND('',#1942,.T.);
#344=FACE_BOUND('',#1946,.T.);
#345=FACE_BOUND('',#1949,.T.);
#346=FACE_BOUND('',#1989,.T.);
#347=FACE_BOUND('',#1993,.T.);
#348=FACE_BOUND('',#2015,.T.);
#349=FACE_BOUND('',#2017,.T.);
#350=FACE_BOUND('',#2018,.T.);
#351=FACE_BOUND('',#2019,.T.);
#352=FACE_BOUND('',#2020,.T.);
#353=FACE_BOUND('',#2021,.T.);
#354=FACE_BOUND('',#2028,.T.);
#355=FACE_BOUND('',#2033,.T.);
#356=FACE_BOUND('',#2035,.T.);
#357=FACE_BOUND('',#2039,.T.);
#358=FACE_BOUND('',#2045,.T.);
#359=FACE_BOUND('',#2047,.T.);
#360=FACE_BOUND('',#2053,.T.);
#361=FACE_BOUND('',#2057,.T.);
#362=FACE_BOUND('',#2089,.T.);
#363=FACE_BOUND('',#2092,.T.);
#364=FACE_BOUND('',#2093,.T.);
#365=FACE_BOUND('',#2125,.T.);
#366=PLANE('',#10817);
#367=PLANE('',#10818);
#368=PLANE('',#10819);
#369=PLANE('',#10820);
#370=PLANE('',#10821);
#371=PLANE('',#10822);
#372=PLANE('',#10823);
#373=PLANE('',#10824);
#374=PLANE('',#10825);
#375=PLANE('',#10826);
#376=PLANE('',#10827);
#377=PLANE('',#10828);
#378=PLANE('',#10829);
#379=PLANE('',#10830);
#380=PLANE('',#10831);
#381=PLANE('',#10832);
#382=PLANE('',#10833);
#383=PLANE('',#10834);
#384=PLANE('',#10835);
#385=PLANE('',#10836);
#386=PLANE('',#10837);
#387=PLANE('',#10838);
#388=PLANE('',#10839);
#389=PLANE('',#10840);
#390=PLANE('',#10841);
#391=PLANE('',#10842);
#392=PLANE('',#10843);
#393=PLANE('',#10844);
#394=PLANE('',#10845);
#395=PLANE('',#10846);
#396=PLANE('',#10847);
#397=PLANE('',#10848);
#398=PLANE('',#10849);
#399=PLANE('',#10850);
#400=PLANE('',#10851);
#401=PLANE('',#10852);
#402=PLANE('',#10853);
#403=PLANE('',#10854);
#404=PLANE('',#10855);
#405=PLANE('',#10856);
#406=PLANE('',#10857);
#407=PLANE('',#10858);
#408=PLANE('',#10859);
#409=PLANE('',#10860);
#410=PLANE('',#10861);
#411=PLANE('',#10862);
#412=PLANE('',#10863);
#413=PLANE('',#10864);
#414=PLANE('',#10865);
#415=PLANE('',#10866);
#416=PLANE('',#10867);
#417=PLANE('',#10868);
#418=PLANE('',#10869);
#419=PLANE('',#10870);
#420=PLANE('',#10871);
#421=PLANE('',#10872);
#422=PLANE('',#10873);
#423=PLANE('',#10874);
#424=PLANE('',#10875);
#425=PLANE('',#10876);
#426=PLANE('',#10877);
#427=PLANE('',#10878);
#428=PLANE('',#10879);
#429=PLANE('',#10882);
#430=PLANE('',#10885);
#431=PLANE('',#10889);
#432=PLANE('',#10893);
#433=PLANE('',#10894);
#434=PLANE('',#10895);
#435=PLANE('',#10921);
#436=PLANE('',#10925);
#437=PLANE('',#10929);
#438=PLANE('',#10933);
#439=PLANE('',#10934);
#440=PLANE('',#10939);
#441=PLANE('',#10944);
#442=PLANE('',#10947);
#443=PLANE('',#10954);
#444=PLANE('',#10958);
#445=PLANE('',#10964);
#446=PLANE('',#10965);
#447=PLANE('',#10966);
#448=PLANE('',#10968);
#449=PLANE('',#10972);
#450=PLANE('',#10973);
#451=PLANE('',#11009);
#452=PLANE('',#11010);
#453=PLANE('',#11011);
#454=PLANE('',#11012);
#455=PLANE('',#11038);
#456=PLANE('',#11042);
#457=PLANE('',#11046);
#458=PLANE('',#11050);
#459=PLANE('',#11051);
#460=PLANE('',#11056);
#461=PLANE('',#11061);
#462=PLANE('',#11064);
#463=PLANE('',#11071);
#464=PLANE('',#11075);
#465=PLANE('',#11081);
#466=PLANE('',#11082);
#467=PLANE('',#11083);
#468=PLANE('',#11085);
#469=PLANE('',#11101);
#470=PLANE('',#11102);
#471=PLANE('',#11103);
#472=PLANE('',#11110);
#473=PLANE('',#11111);
#474=PLANE('',#11116);
#475=PLANE('',#11119);
#476=PLANE('',#11120);
#477=PLANE('',#11128);
#478=PLANE('',#11129);
#479=PLANE('',#11130);
#480=PLANE('',#11131);
#481=PLANE('',#11134);
#482=PLANE('',#11136);
#483=PLANE('',#11137);
#484=PLANE('',#11138);
#485=PLANE('',#11139);
#486=PLANE('',#11145);
#487=PLANE('',#11146);
#488=PLANE('',#11147);
#489=PLANE('',#11150);
#490=PLANE('',#11153);
#491=PLANE('',#11158);
#492=PLANE('',#11179);
#493=PLANE('',#11180);
#494=PLANE('',#11181);
#495=PLANE('',#11190);
#496=PLANE('',#11196);
#497=PLANE('',#11198);
#498=PLANE('',#11200);
#499=PLANE('',#11202);
#500=PLANE('',#11210);
#501=PLANE('',#11211);
#502=PLANE('',#11212);
#503=PLANE('',#11213);
#504=PLANE('',#11216);
#505=PLANE('',#11218);
#506=PLANE('',#11219);
#507=PLANE('',#11220);
#508=PLANE('',#11221);
#509=PLANE('',#11227);
#510=PLANE('',#11228);
#511=PLANE('',#11229);
#512=PLANE('',#11230);
#513=PLANE('',#11233);
#514=PLANE('',#11245);
#515=PLANE('',#11246);
#516=PLANE('',#11247);
#517=PLANE('',#11248);
#518=PLANE('',#11279);
#519=PLANE('',#11280);
#520=PLANE('',#11281);
#521=PLANE('',#11282);
#522=PLANE('',#11283);
#523=PLANE('',#11284);
#524=PLANE('',#11292);
#525=PLANE('',#11293);
#526=PLANE('',#11296);
#527=PLANE('',#11315);
#528=PLANE('',#11317);
#529=PLANE('',#11320);
#530=PLANE('',#11321);
#531=PLANE('',#11323);
#532=PLANE('',#11328);
#533=PLANE('',#11329);
#534=PLANE('',#11334);
#535=PLANE('',#11338);
#536=PLANE('',#11343);
#537=PLANE('',#11346);
#538=PLANE('',#11347);
#539=PLANE('',#11348);
#540=PLANE('',#11349);
#541=PLANE('',#11350);
#542=PLANE('',#11351);
#543=PLANE('',#11352);
#544=PLANE('',#11357);
#545=PLANE('',#11361);
#546=PLANE('',#11366);
#547=PLANE('',#11369);
#548=PLANE('',#11370);
#549=PLANE('',#11371);
#550=PLANE('',#11372);
#551=PLANE('',#11373);
#552=PLANE('',#11374);
#553=PLANE('',#11375);
#554=PLANE('',#11380);
#555=PLANE('',#11381);
#556=PLANE('',#11387);
#557=PLANE('',#11390);
#558=PLANE('',#11393);
#559=PLANE('',#11394);
#560=PLANE('',#11395);
#561=PLANE('',#11396);
#562=PLANE('',#11397);
#563=PLANE('',#11398);
#564=PLANE('',#11400);
#565=PLANE('',#11407);
#566=PLANE('',#11414);
#567=PLANE('',#11421);
#568=PLANE('',#11431);
#569=PLANE('',#11435);
#570=PLANE('',#11452);
#571=PLANE('',#11453);
#572=PLANE('',#11456);
#573=PLANE('',#11461);
#574=PLANE('',#11462);
#575=PLANE('',#11465);
#576=PLANE('',#11470);
#577=PLANE('',#11471);
#578=PLANE('',#11472);
#579=PLANE('',#11475);
#580=PLANE('',#11478);
#581=PLANE('',#11481);
#582=PLANE('',#11488);
#583=PLANE('',#11489);
#584=PLANE('',#11499);
#585=PLANE('',#11507);
#586=PLANE('',#11509);
#587=PLANE('',#11513);
#588=PLANE('',#11515);
#589=PLANE('',#11517);
#590=PLANE('',#11519);
#591=PLANE('',#11521);
#592=PLANE('',#11524);
#593=PLANE('',#11525);
#594=PLANE('',#11526);
#595=PLANE('',#11527);
#596=PLANE('',#11548);
#597=PLANE('',#11555);
#598=PLANE('',#11559);
#599=PLANE('',#11560);
#600=PLANE('',#11564);
#601=PLANE('',#11568);
#602=PLANE('',#11572);
#603=PLANE('',#11580);
#604=PLANE('',#11583);
#605=PLANE('',#11590);
#606=PLANE('',#11593);
#607=PLANE('',#11596);
#608=PLANE('',#11599);
#609=PLANE('',#11606);
#610=PLANE('',#11607);
#611=PLANE('',#11608);
#612=PLANE('',#11609);
#613=PLANE('',#11610);
#614=PLANE('',#11611);
#615=PLANE('',#11612);
#616=PLANE('',#11620);
#617=PLANE('',#11621);
#618=PLANE('',#11622);
#619=PLANE('',#11623);
#620=PLANE('',#11624);
#621=PLANE('',#11625);
#622=PLANE('',#11626);
#623=PLANE('',#11627);
#624=PLANE('',#11628);
#625=PLANE('',#11629);
#626=PLANE('',#11630);
#627=PLANE('',#11631);
#628=PLANE('',#11636);
#629=PLANE('',#11637);
#630=PLANE('',#11638);
#631=PLANE('',#11640);
#632=PLANE('',#11642);
#633=PLANE('',#11643);
#634=PLANE('',#11644);
#635=PLANE('',#11645);
#636=PLANE('',#11646);
#637=PLANE('',#11648);
#638=PLANE('',#11649);
#639=PLANE('',#11650);
#640=PLANE('',#11652);
#641=PLANE('',#11653);
#642=PLANE('',#11654);
#643=PLANE('',#11655);
#644=PLANE('',#11656);
#645=PLANE('',#11657);
#646=PLANE('',#11658);
#647=PLANE('',#11659);
#648=PLANE('',#11660);
#649=PLANE('',#11661);
#650=PLANE('',#11662);
#651=PLANE('',#11663);
#652=PLANE('',#11664);
#653=PLANE('',#11665);
#654=PLANE('',#11666);
#655=PLANE('',#11667);
#656=PLANE('',#11668);
#657=PLANE('',#11669);
#658=PLANE('',#11670);
#659=PLANE('',#11671);
#660=PLANE('',#11672);
#661=PLANE('',#11673);
#662=PLANE('',#11674);
#663=PLANE('',#11675);
#664=PLANE('',#11676);
#665=PLANE('',#11677);
#666=PLANE('',#11678);
#667=PLANE('',#11679);
#668=PLANE('',#11680);
#669=PLANE('',#11681);
#670=PLANE('',#11683);
#671=PLANE('',#11684);
#672=PLANE('',#11687);
#673=PLANE('',#11688);
#674=PLANE('',#11689);
#675=PLANE('',#11690);
#676=PLANE('',#11691);
#677=PLANE('',#11692);
#678=PLANE('',#11693);
#679=PLANE('',#11694);
#680=PLANE('',#11695);
#681=PLANE('',#11696);
#682=PLANE('',#11697);
#683=PLANE('',#11698);
#684=PLANE('',#11699);
#685=PLANE('',#11700);
#686=PLANE('',#11701);
#687=PLANE('',#11702);
#688=PLANE('',#11703);
#689=PLANE('',#11704);
#690=PLANE('',#11705);
#691=PLANE('',#11706);
#692=PLANE('',#11707);
#693=PLANE('',#11708);
#694=PLANE('',#11709);
#695=PLANE('',#11710);
#696=PLANE('',#11711);
#697=PLANE('',#11712);
#698=PLANE('',#11713);
#699=PLANE('',#11714);
#700=PLANE('',#11715);
#701=PLANE('',#11716);
#702=PLANE('',#11717);
#703=PLANE('',#11719);
#704=PLANE('',#11720);
#705=PLANE('',#11721);
#706=CYLINDRICAL_SURFACE('',#10787,1.473);
#707=CYLINDRICAL_SURFACE('',#10791,1.473);
#708=CYLINDRICAL_SURFACE('',#10795,1.473);
#709=CYLINDRICAL_SURFACE('',#10799,1.473);
#710=CYLINDRICAL_SURFACE('',#10803,1.473);
#711=CYLINDRICAL_SURFACE('',#10807,1.473);
#712=CYLINDRICAL_SURFACE('',#10811,1.473);
#713=CYLINDRICAL_SURFACE('',#10815,1.473);
#714=CYLINDRICAL_SURFACE('',#10886,4.);
#715=CYLINDRICAL_SURFACE('',#10890,4.);
#716=CYLINDRICAL_SURFACE('',#10904,1.473);
#717=CYLINDRICAL_SURFACE('',#10908,1.473);
#718=CYLINDRICAL_SURFACE('',#10912,1.473);
#719=CYLINDRICAL_SURFACE('',#10916,1.473);
#720=CYLINDRICAL_SURFACE('',#10918,4.);
#721=CYLINDRICAL_SURFACE('',#10922,4.);
#722=CYLINDRICAL_SURFACE('',#10926,4.);
#723=CYLINDRICAL_SURFACE('',#10930,4.);
#724=CYLINDRICAL_SURFACE('',#10942,4.);
#725=CYLINDRICAL_SURFACE('',#10945,4.);
#726=CYLINDRICAL_SURFACE('',#10948,4.);
#727=CYLINDRICAL_SURFACE('',#10950,4.);
#728=CYLINDRICAL_SURFACE('',#10952,4.);
#729=CYLINDRICAL_SURFACE('',#10955,4.);
#730=CYLINDRICAL_SURFACE('',#10956,4.);
#731=CYLINDRICAL_SURFACE('',#10959,4.);
#732=CYLINDRICAL_SURFACE('',#10961,4.);
#733=CYLINDRICAL_SURFACE('',#10962,4.);
#734=CYLINDRICAL_SURFACE('',#10969,4.);
#735=CYLINDRICAL_SURFACE('',#10974,4.);
#736=CYLINDRICAL_SURFACE('',#10979,1.473);
#737=CYLINDRICAL_SURFACE('',#10983,1.473);
#738=CYLINDRICAL_SURFACE('',#10987,1.473);
#739=CYLINDRICAL_SURFACE('',#10991,1.473);
#740=CYLINDRICAL_SURFACE('',#10995,1.473);
#741=CYLINDRICAL_SURFACE('',#10999,1.473);
#742=CYLINDRICAL_SURFACE('',#11003,1.473);
#743=CYLINDRICAL_SURFACE('',#11007,1.473);
#744=CYLINDRICAL_SURFACE('',#11021,1.473);
#745=CYLINDRICAL_SURFACE('',#11025,1.473);
#746=CYLINDRICAL_SURFACE('',#11029,1.473);
#747=CYLINDRICAL_SURFACE('',#11033,1.473);
#748=CYLINDRICAL_SURFACE('',#11035,4.);
#749=CYLINDRICAL_SURFACE('',#11039,4.);
#750=CYLINDRICAL_SURFACE('',#11043,4.);
#751=CYLINDRICAL_SURFACE('',#11047,4.);
#752=CYLINDRICAL_SURFACE('',#11059,4.);
#753=CYLINDRICAL_SURFACE('',#11062,4.);
#754=CYLINDRICAL_SURFACE('',#11065,4.);
#755=CYLINDRICAL_SURFACE('',#11067,4.);
#756=CYLINDRICAL_SURFACE('',#11069,4.);
#757=CYLINDRICAL_SURFACE('',#11072,4.);
#758=CYLINDRICAL_SURFACE('',#11073,4.);
#759=CYLINDRICAL_SURFACE('',#11076,4.);
#760=CYLINDRICAL_SURFACE('',#11078,4.);
#761=CYLINDRICAL_SURFACE('',#11079,4.);
#762=CYLINDRICAL_SURFACE('',#11091,9.9);
#763=CYLINDRICAL_SURFACE('',#11093,9.4);
#764=CYLINDRICAL_SURFACE('',#11095,9.4);
#765=CYLINDRICAL_SURFACE('',#11097,9.4);
#766=CYLINDRICAL_SURFACE('',#11099,9.4);
#767=CYLINDRICAL_SURFACE('',#11108,2.);
#768=CYLINDRICAL_SURFACE('',#11115,2.);
#769=CYLINDRICAL_SURFACE('',#11117,2.);
#770=CYLINDRICAL_SURFACE('',#11118,2.);
#771=CYLINDRICAL_SURFACE('',#11122,1.473);
#772=CYLINDRICAL_SURFACE('',#11125,1.473);
#773=CYLINDRICAL_SURFACE('',#11141,1.473);
#774=CYLINDRICAL_SURFACE('',#11143,1.473);
#775=CYLINDRICAL_SURFACE('',#11151,1.473);
#776=CYLINDRICAL_SURFACE('',#11152,1.473);
#777=CYLINDRICAL_SURFACE('',#11155,12.);
#778=CYLINDRICAL_SURFACE('',#11167,10.);
#779=CYLINDRICAL_SURFACE('',#11170,10.);
#780=CYLINDRICAL_SURFACE('',#11173,10.);
#781=CYLINDRICAL_SURFACE('',#11176,10.);
#782=CYLINDRICAL_SURFACE('',#11191,1.473);
#783=CYLINDRICAL_SURFACE('',#11192,1.473);
#784=CYLINDRICAL_SURFACE('',#11193,1.473);
#785=CYLINDRICAL_SURFACE('',#11194,1.473);
#786=CYLINDRICAL_SURFACE('',#11195,2.);
#787=CYLINDRICAL_SURFACE('',#11197,2.);
#788=CYLINDRICAL_SURFACE('',#11199,2.);
#789=CYLINDRICAL_SURFACE('',#11201,2.);
#790=CYLINDRICAL_SURFACE('',#11204,1.473);
#791=CYLINDRICAL_SURFACE('',#11207,1.473);
#792=CYLINDRICAL_SURFACE('',#11223,1.473);
#793=CYLINDRICAL_SURFACE('',#11225,1.473);
#794=CYLINDRICAL_SURFACE('',#11234,1.473);
#795=CYLINDRICAL_SURFACE('',#11235,1.473);
#796=CYLINDRICAL_SURFACE('',#11239,1.473);
#797=CYLINDRICAL_SURFACE('',#11243,1.473);
#798=CYLINDRICAL_SURFACE('',#11249,1.473);
#799=CYLINDRICAL_SURFACE('',#11254,1.473);
#800=CYLINDRICAL_SURFACE('',#11259,1.473);
#801=CYLINDRICAL_SURFACE('',#11261,1.473);
#802=CYLINDRICAL_SURFACE('',#11266,1.473);
#803=CYLINDRICAL_SURFACE('',#11271,1.473);
#804=CYLINDRICAL_SURFACE('',#11274,1.473);
#805=CYLINDRICAL_SURFACE('',#11277,1.473);
#806=CYLINDRICAL_SURFACE('',#11286,1.473);
#807=CYLINDRICAL_SURFACE('',#11289,1.473);
#808=CYLINDRICAL_SURFACE('',#11297,1.473);
#809=CYLINDRICAL_SURFACE('',#11300,1.473);
#810=CYLINDRICAL_SURFACE('',#11303,1.473);
#811=CYLINDRICAL_SURFACE('',#11308,1.473);
#812=CYLINDRICAL_SURFACE('',#11324,1.473);
#813=CYLINDRICAL_SURFACE('',#11325,1.473);
#814=CYLINDRICAL_SURFACE('',#11326,1.473);
#815=CYLINDRICAL_SURFACE('',#11327,1.473);
#816=CYLINDRICAL_SURFACE('',#11331,4.);
#817=CYLINDRICAL_SURFACE('',#11339,4.);
#818=CYLINDRICAL_SURFACE('',#11341,4.);
#819=CYLINDRICAL_SURFACE('',#11344,4.);
#820=CYLINDRICAL_SURFACE('',#11354,4.);
#821=CYLINDRICAL_SURFACE('',#11362,4.);
#822=CYLINDRICAL_SURFACE('',#11364,4.);
#823=CYLINDRICAL_SURFACE('',#11367,4.);
#824=CYLINDRICAL_SURFACE('',#11377,4.);
#825=CYLINDRICAL_SURFACE('',#11385,4.);
#826=CYLINDRICAL_SURFACE('',#11388,4.);
#827=CYLINDRICAL_SURFACE('',#11391,4.);
#828=CYLINDRICAL_SURFACE('',#11403,2.8);
#829=CYLINDRICAL_SURFACE('',#11405,1.473);
#830=CYLINDRICAL_SURFACE('',#11410,2.8);
#831=CYLINDRICAL_SURFACE('',#11412,1.473);
#832=CYLINDRICAL_SURFACE('',#11417,2.8);
#833=CYLINDRICAL_SURFACE('',#11419,1.473);
#834=CYLINDRICAL_SURFACE('',#11424,2.8);
#835=CYLINDRICAL_SURFACE('',#11426,1.473);
#836=CYLINDRICAL_SURFACE('',#11428,2.);
#837=CYLINDRICAL_SURFACE('',#11432,2.);
#838=CYLINDRICAL_SURFACE('',#11450,2.);
#839=CYLINDRICAL_SURFACE('',#11454,2.);
#840=CYLINDRICAL_SURFACE('',#11457,2.);
#841=CYLINDRICAL_SURFACE('',#11459,2.);
#842=CYLINDRICAL_SURFACE('',#11463,2.);
#843=CYLINDRICAL_SURFACE('',#11466,2.);
#844=CYLINDRICAL_SURFACE('',#11468,2.);
#845=CYLINDRICAL_SURFACE('',#11473,2.);
#846=CYLINDRICAL_SURFACE('',#11476,2.);
#847=CYLINDRICAL_SURFACE('',#11479,2.);
#848=CYLINDRICAL_SURFACE('',#11486,4.);
#849=CYLINDRICAL_SURFACE('',#11497,4.);
#850=CYLINDRICAL_SURFACE('',#11508,4.);
#851=CYLINDRICAL_SURFACE('',#11510,4.);
#852=CYLINDRICAL_SURFACE('',#11511,4.);
#853=CYLINDRICAL_SURFACE('',#11512,4.);
#854=CYLINDRICAL_SURFACE('',#11514,4.);
#855=CYLINDRICAL_SURFACE('',#11516,4.);
#856=CYLINDRICAL_SURFACE('',#11518,4.);
#857=CYLINDRICAL_SURFACE('',#11520,4.);
#858=CYLINDRICAL_SURFACE('',#11522,4.);
#859=CYLINDRICAL_SURFACE('',#11523,4.);
#860=CYLINDRICAL_SURFACE('',#11531,1.473);
#861=CYLINDRICAL_SURFACE('',#11535,1.473);
#862=CYLINDRICAL_SURFACE('',#11539,1.473);
#863=CYLINDRICAL_SURFACE('',#11543,1.473);
#864=CYLINDRICAL_SURFACE('',#11545,2.);
#865=CYLINDRICAL_SURFACE('',#11549,2.);
#866=CYLINDRICAL_SURFACE('',#11552,2.);
#867=CYLINDRICAL_SURFACE('',#11556,2.);
#868=CYLINDRICAL_SURFACE('',#11561,4.);
#869=CYLINDRICAL_SURFACE('',#11569,4.);
#870=CYLINDRICAL_SURFACE('',#11581,4.);
#871=CYLINDRICAL_SURFACE('',#11584,4.);
#872=CYLINDRICAL_SURFACE('',#11586,4.);
#873=CYLINDRICAL_SURFACE('',#11588,4.);
#874=CYLINDRICAL_SURFACE('',#11591,4.);
#875=CYLINDRICAL_SURFACE('',#11594,4.);
#876=CYLINDRICAL_SURFACE('',#11597,4.);
#877=CYLINDRICAL_SURFACE('',#11600,4.);
#878=CYLINDRICAL_SURFACE('',#11602,4.);
#879=CYLINDRICAL_SURFACE('',#11604,4.);
#880=CYLINDRICAL_SURFACE('',#11614,1.473);
#881=CYLINDRICAL_SURFACE('',#11617,1.473);
#882=CYLINDRICAL_SURFACE('',#11633,1.473);
#883=CYLINDRICAL_SURFACE('',#11647,1.473);
#884=CYLINDRICAL_SURFACE('',#11722,1.473);
#885=CYLINDRICAL_SURFACE('',#11723,1.473);
#886=FACE_OUTER_BOUND('',#1438,.T.);
#887=FACE_OUTER_BOUND('',#1439,.T.);
#888=FACE_OUTER_BOUND('',#1440,.T.);
#889=FACE_OUTER_BOUND('',#1441,.T.);
#890=FACE_OUTER_BOUND('',#1442,.T.);
#891=FACE_OUTER_BOUND('',#1443,.T.);
#892=FACE_OUTER_BOUND('',#1444,.T.);
#893=FACE_OUTER_BOUND('',#1445,.T.);
#894=FACE_OUTER_BOUND('',#1446,.T.);
#895=FACE_OUTER_BOUND('',#1447,.T.);
#896=FACE_OUTER_BOUND('',#1448,.T.);
#897=FACE_OUTER_BOUND('',#1449,.T.);
#898=FACE_OUTER_BOUND('',#1450,.T.);
#899=FACE_OUTER_BOUND('',#1451,.T.);
#900=FACE_OUTER_BOUND('',#1452,.T.);
#901=FACE_OUTER_BOUND('',#1453,.T.);
#902=FACE_OUTER_BOUND('',#1454,.T.);
#903=FACE_OUTER_BOUND('',#1455,.T.);
#904=FACE_OUTER_BOUND('',#1456,.T.);
#905=FACE_OUTER_BOUND('',#1457,.T.);
#906=FACE_OUTER_BOUND('',#1458,.T.);
#907=FACE_OUTER_BOUND('',#1459,.T.);
#908=FACE_OUTER_BOUND('',#1460,.T.);
#909=FACE_OUTER_BOUND('',#1461,.T.);
#910=FACE_OUTER_BOUND('',#1462,.T.);
#911=FACE_OUTER_BOUND('',#1463,.T.);
#912=FACE_OUTER_BOUND('',#1464,.T.);
#913=FACE_OUTER_BOUND('',#1465,.T.);
#914=FACE_OUTER_BOUND('',#1466,.T.);
#915=FACE_OUTER_BOUND('',#1467,.T.);
#916=FACE_OUTER_BOUND('',#1468,.T.);
#917=FACE_OUTER_BOUND('',#1469,.T.);
#918=FACE_OUTER_BOUND('',#1470,.T.);
#919=FACE_OUTER_BOUND('',#1471,.T.);
#920=FACE_OUTER_BOUND('',#1472,.T.);
#921=FACE_OUTER_BOUND('',#1473,.T.);
#922=FACE_OUTER_BOUND('',#1474,.T.);
#923=FACE_OUTER_BOUND('',#1475,.T.);
#924=FACE_OUTER_BOUND('',#1476,.T.);
#925=FACE_OUTER_BOUND('',#1477,.T.);
#926=FACE_OUTER_BOUND('',#1478,.T.);
#927=FACE_OUTER_BOUND('',#1479,.T.);
#928=FACE_OUTER_BOUND('',#1480,.T.);
#929=FACE_OUTER_BOUND('',#1481,.T.);
#930=FACE_OUTER_BOUND('',#1482,.T.);
#931=FACE_OUTER_BOUND('',#1483,.T.);
#932=FACE_OUTER_BOUND('',#1484,.T.);
#933=FACE_OUTER_BOUND('',#1485,.T.);
#934=FACE_OUTER_BOUND('',#1486,.T.);
#935=FACE_OUTER_BOUND('',#1487,.T.);
#936=FACE_OUTER_BOUND('',#1488,.T.);
#937=FACE_OUTER_BOUND('',#1489,.T.);
#938=FACE_OUTER_BOUND('',#1490,.T.);
#939=FACE_OUTER_BOUND('',#1491,.T.);
#940=FACE_OUTER_BOUND('',#1492,.T.);
#941=FACE_OUTER_BOUND('',#1493,.T.);
#942=FACE_OUTER_BOUND('',#1494,.T.);
#943=FACE_OUTER_BOUND('',#1495,.T.);
#944=FACE_OUTER_BOUND('',#1496,.T.);
#945=FACE_OUTER_BOUND('',#1497,.T.);
#946=FACE_OUTER_BOUND('',#1498,.T.);
#947=FACE_OUTER_BOUND('',#1499,.T.);
#948=FACE_OUTER_BOUND('',#1500,.T.);
#949=FACE_OUTER_BOUND('',#1501,.T.);
#950=FACE_OUTER_BOUND('',#1502,.T.);
#951=FACE_OUTER_BOUND('',#1503,.T.);
#952=FACE_OUTER_BOUND('',#1504,.T.);
#953=FACE_OUTER_BOUND('',#1505,.T.);
#954=FACE_OUTER_BOUND('',#1506,.T.);
#955=FACE_OUTER_BOUND('',#1507,.T.);
#956=FACE_OUTER_BOUND('',#1508,.T.);
#957=FACE_OUTER_BOUND('',#1509,.T.);
#958=FACE_OUTER_BOUND('',#1510,.T.);
#959=FACE_OUTER_BOUND('',#1511,.T.);
#960=FACE_OUTER_BOUND('',#1512,.T.);
#961=FACE_OUTER_BOUND('',#1513,.T.);
#962=FACE_OUTER_BOUND('',#1514,.T.);
#963=FACE_OUTER_BOUND('',#1515,.T.);
#964=FACE_OUTER_BOUND('',#1516,.T.);
#965=FACE_OUTER_BOUND('',#1517,.T.);
#966=FACE_OUTER_BOUND('',#1518,.T.);
#967=FACE_OUTER_BOUND('',#1519,.T.);
#968=FACE_OUTER_BOUND('',#1520,.T.);
#969=FACE_OUTER_BOUND('',#1521,.T.);
#970=FACE_OUTER_BOUND('',#1522,.T.);
#971=FACE_OUTER_BOUND('',#1523,.T.);
#972=FACE_OUTER_BOUND('',#1524,.T.);
#973=FACE_OUTER_BOUND('',#1536,.T.);
#974=FACE_OUTER_BOUND('',#1537,.T.);
#975=FACE_OUTER_BOUND('',#1538,.T.);
#976=FACE_OUTER_BOUND('',#1539,.T.);
#977=FACE_OUTER_BOUND('',#1540,.T.);
#978=FACE_OUTER_BOUND('',#1541,.T.);
#979=FACE_OUTER_BOUND('',#1542,.T.);
#980=FACE_OUTER_BOUND('',#1543,.T.);
#981=FACE_OUTER_BOUND('',#1544,.T.);
#982=FACE_OUTER_BOUND('',#1545,.T.);
#983=FACE_OUTER_BOUND('',#1546,.T.);
#984=FACE_OUTER_BOUND('',#1547,.T.);
#985=FACE_OUTER_BOUND('',#1548,.T.);
#986=FACE_OUTER_BOUND('',#1549,.T.);
#987=FACE_OUTER_BOUND('',#1550,.T.);
#988=FACE_OUTER_BOUND('',#1551,.T.);
#989=FACE_OUTER_BOUND('',#1552,.T.);
#990=FACE_OUTER_BOUND('',#1554,.T.);
#991=FACE_OUTER_BOUND('',#1556,.T.);
#992=FACE_OUTER_BOUND('',#1557,.T.);
#993=FACE_OUTER_BOUND('',#1558,.T.);
#994=FACE_OUTER_BOUND('',#1559,.T.);
#995=FACE_OUTER_BOUND('',#1560,.T.);
#996=FACE_OUTER_BOUND('',#1561,.T.);
#997=FACE_OUTER_BOUND('',#1562,.T.);
#998=FACE_OUTER_BOUND('',#1563,.T.);
#999=FACE_OUTER_BOUND('',#1564,.T.);
#1000=FACE_OUTER_BOUND('',#1565,.T.);
#1001=FACE_OUTER_BOUND('',#1566,.T.);
#1002=FACE_OUTER_BOUND('',#1567,.T.);
#1003=FACE_OUTER_BOUND('',#1568,.T.);
#1004=FACE_OUTER_BOUND('',#1569,.T.);
#1005=FACE_OUTER_BOUND('',#1570,.T.);
#1006=FACE_OUTER_BOUND('',#1571,.T.);
#1007=FACE_OUTER_BOUND('',#1572,.T.);
#1008=FACE_OUTER_BOUND('',#1578,.T.);
#1009=FACE_OUTER_BOUND('',#1579,.T.);
#1010=FACE_OUTER_BOUND('',#1580,.T.);
#1011=FACE_OUTER_BOUND('',#1581,.T.);
#1012=FACE_OUTER_BOUND('',#1582,.T.);
#1013=FACE_OUTER_BOUND('',#1583,.T.);
#1014=FACE_OUTER_BOUND('',#1584,.T.);
#1015=FACE_OUTER_BOUND('',#1585,.T.);
#1016=FACE_OUTER_BOUND('',#1586,.T.);
#1017=FACE_OUTER_BOUND('',#1587,.T.);
#1018=FACE_OUTER_BOUND('',#1588,.T.);
#1019=FACE_OUTER_BOUND('',#1589,.T.);
#1020=FACE_OUTER_BOUND('',#1590,.T.);
#1021=FACE_OUTER_BOUND('',#1591,.T.);
#1022=FACE_OUTER_BOUND('',#1592,.T.);
#1023=FACE_OUTER_BOUND('',#1593,.T.);
#1024=FACE_OUTER_BOUND('',#1594,.T.);
#1025=FACE_OUTER_BOUND('',#1595,.T.);
#1026=FACE_OUTER_BOUND('',#1596,.T.);
#1027=FACE_OUTER_BOUND('',#1597,.T.);
#1028=FACE_OUTER_BOUND('',#1598,.T.);
#1029=FACE_OUTER_BOUND('',#1599,.T.);
#1030=FACE_OUTER_BOUND('',#1600,.T.);
#1031=FACE_OUTER_BOUND('',#1601,.T.);
#1032=FACE_OUTER_BOUND('',#1602,.T.);
#1033=FACE_OUTER_BOUND('',#1612,.T.);
#1034=FACE_OUTER_BOUND('',#1613,.T.);
#1035=FACE_OUTER_BOUND('',#1614,.T.);
#1036=FACE_OUTER_BOUND('',#1615,.T.);
#1037=FACE_OUTER_BOUND('',#1616,.T.);
#1038=FACE_OUTER_BOUND('',#1617,.T.);
#1039=FACE_OUTER_BOUND('',#1618,.T.);
#1040=FACE_OUTER_BOUND('',#1619,.T.);
#1041=FACE_OUTER_BOUND('',#1620,.T.);
#1042=FACE_OUTER_BOUND('',#1621,.T.);
#1043=FACE_OUTER_BOUND('',#1622,.T.);
#1044=FACE_OUTER_BOUND('',#1623,.T.);
#1045=FACE_OUTER_BOUND('',#1624,.T.);
#1046=FACE_OUTER_BOUND('',#1625,.T.);
#1047=FACE_OUTER_BOUND('',#1626,.T.);
#1048=FACE_OUTER_BOUND('',#1627,.T.);
#1049=FACE_OUTER_BOUND('',#1628,.T.);
#1050=FACE_OUTER_BOUND('',#1630,.T.);
#1051=FACE_OUTER_BOUND('',#1632,.T.);
#1052=FACE_OUTER_BOUND('',#1633,.T.);
#1053=FACE_OUTER_BOUND('',#1634,.T.);
#1054=FACE_OUTER_BOUND('',#1635,.T.);
#1055=FACE_OUTER_BOUND('',#1636,.T.);
#1056=FACE_OUTER_BOUND('',#1637,.T.);
#1057=FACE_OUTER_BOUND('',#1638,.T.);
#1058=FACE_OUTER_BOUND('',#1639,.T.);
#1059=FACE_OUTER_BOUND('',#1640,.T.);
#1060=FACE_OUTER_BOUND('',#1641,.T.);
#1061=FACE_OUTER_BOUND('',#1642,.T.);
#1062=FACE_OUTER_BOUND('',#1643,.T.);
#1063=FACE_OUTER_BOUND('',#1644,.T.);
#1064=FACE_OUTER_BOUND('',#1645,.T.);
#1065=FACE_OUTER_BOUND('',#1646,.T.);
#1066=FACE_OUTER_BOUND('',#1647,.T.);
#1067=FACE_OUTER_BOUND('',#1648,.T.);
#1068=FACE_OUTER_BOUND('',#1654,.T.);
#1069=FACE_OUTER_BOUND('',#1656,.T.);
#1070=FACE_OUTER_BOUND('',#1657,.T.);
#1071=FACE_OUTER_BOUND('',#1658,.T.);
#1072=FACE_OUTER_BOUND('',#1659,.T.);
#1073=FACE_OUTER_BOUND('',#1660,.T.);
#1074=FACE_OUTER_BOUND('',#1661,.T.);
#1075=FACE_OUTER_BOUND('',#1662,.T.);
#1076=FACE_OUTER_BOUND('',#1663,.T.);
#1077=FACE_OUTER_BOUND('',#1665,.T.);
#1078=FACE_OUTER_BOUND('',#1666,.T.);
#1079=FACE_OUTER_BOUND('',#1667,.T.);
#1080=FACE_OUTER_BOUND('',#1669,.T.);
#1081=FACE_OUTER_BOUND('',#1670,.T.);
#1082=FACE_OUTER_BOUND('',#1671,.T.);
#1083=FACE_OUTER_BOUND('',#1672,.T.);
#1084=FACE_OUTER_BOUND('',#1673,.T.);
#1085=FACE_OUTER_BOUND('',#1674,.T.);
#1086=FACE_OUTER_BOUND('',#1675,.T.);
#1087=FACE_OUTER_BOUND('',#1676,.T.);
#1088=FACE_OUTER_BOUND('',#1677,.T.);
#1089=FACE_OUTER_BOUND('',#1678,.T.);
#1090=FACE_OUTER_BOUND('',#1679,.T.);
#1091=FACE_OUTER_BOUND('',#1681,.T.);
#1092=FACE_OUTER_BOUND('',#1684,.T.);
#1093=FACE_OUTER_BOUND('',#1686,.T.);
#1094=FACE_OUTER_BOUND('',#1687,.T.);
#1095=FACE_OUTER_BOUND('',#1688,.T.);
#1096=FACE_OUTER_BOUND('',#1690,.T.);
#1097=FACE_OUTER_BOUND('',#1692,.T.);
#1098=FACE_OUTER_BOUND('',#1693,.T.);
#1099=FACE_OUTER_BOUND('',#1694,.T.);
#1100=FACE_OUTER_BOUND('',#1695,.T.);
#1101=FACE_OUTER_BOUND('',#1696,.T.);
#1102=FACE_OUTER_BOUND('',#1703,.T.);
#1103=FACE_OUTER_BOUND('',#1704,.T.);
#1104=FACE_OUTER_BOUND('',#1705,.T.);
#1105=FACE_OUTER_BOUND('',#1706,.T.);
#1106=FACE_OUTER_BOUND('',#1707,.T.);
#1107=FACE_OUTER_BOUND('',#1708,.T.);
#1108=FACE_OUTER_BOUND('',#1714,.T.);
#1109=FACE_OUTER_BOUND('',#1715,.T.);
#1110=FACE_OUTER_BOUND('',#1716,.T.);
#1111=FACE_OUTER_BOUND('',#1717,.T.);
#1112=FACE_OUTER_BOUND('',#1718,.T.);
#1113=FACE_OUTER_BOUND('',#1719,.T.);
#1114=FACE_OUTER_BOUND('',#1720,.T.);
#1115=FACE_OUTER_BOUND('',#1726,.T.);
#1116=FACE_OUTER_BOUND('',#1728,.T.);
#1117=FACE_OUTER_BOUND('',#1729,.T.);
#1118=FACE_OUTER_BOUND('',#1730,.T.);
#1119=FACE_OUTER_BOUND('',#1731,.T.);
#1120=FACE_OUTER_BOUND('',#1732,.T.);
#1121=FACE_OUTER_BOUND('',#1733,.T.);
#1122=FACE_OUTER_BOUND('',#1734,.T.);
#1123=FACE_OUTER_BOUND('',#1735,.T.);
#1124=FACE_OUTER_BOUND('',#1736,.T.);
#1125=FACE_OUTER_BOUND('',#1737,.T.);
#1126=FACE_OUTER_BOUND('',#1738,.T.);
#1127=FACE_OUTER_BOUND('',#1739,.T.);
#1128=FACE_OUTER_BOUND('',#1740,.T.);
#1129=FACE_OUTER_BOUND('',#1741,.T.);
#1130=FACE_OUTER_BOUND('',#1742,.T.);
#1131=FACE_OUTER_BOUND('',#1743,.T.);
#1132=FACE_OUTER_BOUND('',#1744,.T.);
#1133=FACE_OUTER_BOUND('',#1746,.T.);
#1134=FACE_OUTER_BOUND('',#1749,.T.);
#1135=FACE_OUTER_BOUND('',#1751,.T.);
#1136=FACE_OUTER_BOUND('',#1752,.T.);
#1137=FACE_OUTER_BOUND('',#1753,.T.);
#1138=FACE_OUTER_BOUND('',#1755,.T.);
#1139=FACE_OUTER_BOUND('',#1757,.T.);
#1140=FACE_OUTER_BOUND('',#1758,.T.);
#1141=FACE_OUTER_BOUND('',#1759,.T.);
#1142=FACE_OUTER_BOUND('',#1760,.T.);
#1143=FACE_OUTER_BOUND('',#1761,.T.);
#1144=FACE_OUTER_BOUND('',#1762,.T.);
#1145=FACE_OUTER_BOUND('',#1769,.T.);
#1146=FACE_OUTER_BOUND('',#1770,.T.);
#1147=FACE_OUTER_BOUND('',#1771,.T.);
#1148=FACE_OUTER_BOUND('',#1772,.T.);
#1149=FACE_OUTER_BOUND('',#1773,.T.);
#1150=FACE_OUTER_BOUND('',#1774,.T.);
#1151=FACE_OUTER_BOUND('',#1775,.T.);
#1152=FACE_OUTER_BOUND('',#1776,.T.);
#1153=FACE_OUTER_BOUND('',#1777,.T.);
#1154=FACE_OUTER_BOUND('',#1778,.T.);
#1155=FACE_OUTER_BOUND('',#1779,.T.);
#1156=FACE_OUTER_BOUND('',#1780,.T.);
#1157=FACE_OUTER_BOUND('',#1781,.T.);
#1158=FACE_OUTER_BOUND('',#1782,.T.);
#1159=FACE_OUTER_BOUND('',#1783,.T.);
#1160=FACE_OUTER_BOUND('',#1784,.T.);
#1161=FACE_OUTER_BOUND('',#1785,.T.);
#1162=FACE_OUTER_BOUND('',#1786,.T.);
#1163=FACE_OUTER_BOUND('',#1787,.T.);
#1164=FACE_OUTER_BOUND('',#1788,.T.);
#1165=FACE_OUTER_BOUND('',#1789,.T.);
#1166=FACE_OUTER_BOUND('',#1790,.T.);
#1167=FACE_OUTER_BOUND('',#1792,.T.);
#1168=FACE_OUTER_BOUND('',#1794,.T.);
#1169=FACE_OUTER_BOUND('',#1796,.T.);
#1170=FACE_OUTER_BOUND('',#1798,.T.);
#1171=FACE_OUTER_BOUND('',#1801,.T.);
#1172=FACE_OUTER_BOUND('',#1804,.T.);
#1173=FACE_OUTER_BOUND('',#1805,.T.);
#1174=FACE_OUTER_BOUND('',#1806,.T.);
#1175=FACE_OUTER_BOUND('',#1807,.T.);
#1176=FACE_OUTER_BOUND('',#1812,.T.);
#1177=FACE_OUTER_BOUND('',#1813,.T.);
#1178=FACE_OUTER_BOUND('',#1814,.T.);
#1179=FACE_OUTER_BOUND('',#1815,.T.);
#1180=FACE_OUTER_BOUND('',#1817,.T.);
#1181=FACE_OUTER_BOUND('',#1818,.T.);
#1182=FACE_OUTER_BOUND('',#1820,.T.);
#1183=FACE_OUTER_BOUND('',#1825,.T.);
#1184=FACE_OUTER_BOUND('',#1828,.T.);
#1185=FACE_OUTER_BOUND('',#1830,.T.);
#1186=FACE_OUTER_BOUND('',#1833,.T.);
#1187=FACE_OUTER_BOUND('',#1834,.T.);
#1188=FACE_OUTER_BOUND('',#1835,.T.);
#1189=FACE_OUTER_BOUND('',#1836,.T.);
#1190=FACE_OUTER_BOUND('',#1837,.T.);
#1191=FACE_OUTER_BOUND('',#1840,.T.);
#1192=FACE_OUTER_BOUND('',#1843,.T.);
#1193=FACE_OUTER_BOUND('',#1844,.T.);
#1194=FACE_OUTER_BOUND('',#1846,.T.);
#1195=FACE_OUTER_BOUND('',#1847,.T.);
#1196=FACE_OUTER_BOUND('',#1848,.T.);
#1197=FACE_OUTER_BOUND('',#1849,.T.);
#1198=FACE_OUTER_BOUND('',#1850,.T.);
#1199=FACE_OUTER_BOUND('',#1851,.T.);
#1200=FACE_OUTER_BOUND('',#1852,.T.);
#1201=FACE_OUTER_BOUND('',#1853,.T.);
#1202=FACE_OUTER_BOUND('',#1855,.T.);
#1203=FACE_OUTER_BOUND('',#1856,.T.);
#1204=FACE_OUTER_BOUND('',#1857,.T.);
#1205=FACE_OUTER_BOUND('',#1858,.T.);
#1206=FACE_OUTER_BOUND('',#1859,.T.);
#1207=FACE_OUTER_BOUND('',#1860,.T.);
#1208=FACE_OUTER_BOUND('',#1862,.T.);
#1209=FACE_OUTER_BOUND('',#1863,.T.);
#1210=FACE_OUTER_BOUND('',#1864,.T.);
#1211=FACE_OUTER_BOUND('',#1865,.T.);
#1212=FACE_OUTER_BOUND('',#1866,.T.);
#1213=FACE_OUTER_BOUND('',#1867,.T.);
#1214=FACE_OUTER_BOUND('',#1868,.T.);
#1215=FACE_OUTER_BOUND('',#1869,.T.);
#1216=FACE_OUTER_BOUND('',#1870,.T.);
#1217=FACE_OUTER_BOUND('',#1871,.T.);
#1218=FACE_OUTER_BOUND('',#1872,.T.);
#1219=FACE_OUTER_BOUND('',#1873,.T.);
#1220=FACE_OUTER_BOUND('',#1875,.T.);
#1221=FACE_OUTER_BOUND('',#1876,.T.);
#1222=FACE_OUTER_BOUND('',#1877,.T.);
#1223=FACE_OUTER_BOUND('',#1879,.T.);
#1224=FACE_OUTER_BOUND('',#1880,.T.);
#1225=FACE_OUTER_BOUND('',#1881,.T.);
#1226=FACE_OUTER_BOUND('',#1882,.T.);
#1227=FACE_OUTER_BOUND('',#1883,.T.);
#1228=FACE_OUTER_BOUND('',#1884,.T.);
#1229=FACE_OUTER_BOUND('',#1885,.T.);
#1230=FACE_OUTER_BOUND('',#1886,.T.);
#1231=FACE_OUTER_BOUND('',#1887,.T.);
#1232=FACE_OUTER_BOUND('',#1888,.T.);
#1233=FACE_OUTER_BOUND('',#1889,.T.);
#1234=FACE_OUTER_BOUND('',#1891,.T.);
#1235=FACE_OUTER_BOUND('',#1893,.T.);
#1236=FACE_OUTER_BOUND('',#1894,.T.);
#1237=FACE_OUTER_BOUND('',#1895,.T.);
#1238=FACE_OUTER_BOUND('',#1897,.T.);
#1239=FACE_OUTER_BOUND('',#1898,.T.);
#1240=FACE_OUTER_BOUND('',#1899,.T.);
#1241=FACE_OUTER_BOUND('',#1901,.T.);
#1242=FACE_OUTER_BOUND('',#1902,.T.);
#1243=FACE_OUTER_BOUND('',#1903,.T.);
#1244=FACE_OUTER_BOUND('',#1905,.T.);
#1245=FACE_OUTER_BOUND('',#1906,.T.);
#1246=FACE_OUTER_BOUND('',#1907,.T.);
#1247=FACE_OUTER_BOUND('',#1908,.T.);
#1248=FACE_OUTER_BOUND('',#1909,.T.);
#1249=FACE_OUTER_BOUND('',#1910,.T.);
#1250=FACE_OUTER_BOUND('',#1916,.T.);
#1251=FACE_OUTER_BOUND('',#1917,.T.);
#1252=FACE_OUTER_BOUND('',#1918,.T.);
#1253=FACE_OUTER_BOUND('',#1919,.T.);
#1254=FACE_OUTER_BOUND('',#1920,.T.);
#1255=FACE_OUTER_BOUND('',#1921,.T.);
#1256=FACE_OUTER_BOUND('',#1922,.T.);
#1257=FACE_OUTER_BOUND('',#1923,.T.);
#1258=FACE_OUTER_BOUND('',#1924,.T.);
#1259=FACE_OUTER_BOUND('',#1925,.T.);
#1260=FACE_OUTER_BOUND('',#1926,.T.);
#1261=FACE_OUTER_BOUND('',#1927,.T.);
#1262=FACE_OUTER_BOUND('',#1928,.T.);
#1263=FACE_OUTER_BOUND('',#1929,.T.);
#1264=FACE_OUTER_BOUND('',#1930,.T.);
#1265=FACE_OUTER_BOUND('',#1931,.T.);
#1266=FACE_OUTER_BOUND('',#1932,.T.);
#1267=FACE_OUTER_BOUND('',#1933,.T.);
#1268=FACE_OUTER_BOUND('',#1934,.T.);
#1269=FACE_OUTER_BOUND('',#1935,.T.);
#1270=FACE_OUTER_BOUND('',#1936,.T.);
#1271=FACE_OUTER_BOUND('',#1937,.T.);
#1272=FACE_OUTER_BOUND('',#1943,.T.);
#1273=FACE_OUTER_BOUND('',#1944,.T.);
#1274=FACE_OUTER_BOUND('',#1945,.T.);
#1275=FACE_OUTER_BOUND('',#1947,.T.);
#1276=FACE_OUTER_BOUND('',#1948,.T.);
#1277=FACE_OUTER_BOUND('',#1950,.T.);
#1278=FACE_OUTER_BOUND('',#1951,.T.);
#1279=FACE_OUTER_BOUND('',#1952,.T.);
#1280=FACE_OUTER_BOUND('',#1953,.T.);
#1281=FACE_OUTER_BOUND('',#1954,.T.);
#1282=FACE_OUTER_BOUND('',#1955,.T.);
#1283=FACE_OUTER_BOUND('',#1956,.T.);
#1284=FACE_OUTER_BOUND('',#1957,.T.);
#1285=FACE_OUTER_BOUND('',#1958,.T.);
#1286=FACE_OUTER_BOUND('',#1959,.T.);
#1287=FACE_OUTER_BOUND('',#1960,.T.);
#1288=FACE_OUTER_BOUND('',#1961,.T.);
#1289=FACE_OUTER_BOUND('',#1962,.T.);
#1290=FACE_OUTER_BOUND('',#1963,.T.);
#1291=FACE_OUTER_BOUND('',#1964,.T.);
#1292=FACE_OUTER_BOUND('',#1965,.T.);
#1293=FACE_OUTER_BOUND('',#1966,.T.);
#1294=FACE_OUTER_BOUND('',#1967,.T.);
#1295=FACE_OUTER_BOUND('',#1968,.T.);
#1296=FACE_OUTER_BOUND('',#1969,.T.);
#1297=FACE_OUTER_BOUND('',#1970,.T.);
#1298=FACE_OUTER_BOUND('',#1971,.T.);
#1299=FACE_OUTER_BOUND('',#1972,.T.);
#1300=FACE_OUTER_BOUND('',#1973,.T.);
#1301=FACE_OUTER_BOUND('',#1974,.T.);
#1302=FACE_OUTER_BOUND('',#1975,.T.);
#1303=FACE_OUTER_BOUND('',#1976,.T.);
#1304=FACE_OUTER_BOUND('',#1977,.T.);
#1305=FACE_OUTER_BOUND('',#1978,.T.);
#1306=FACE_OUTER_BOUND('',#1979,.T.);
#1307=FACE_OUTER_BOUND('',#1980,.T.);
#1308=FACE_OUTER_BOUND('',#1981,.T.);
#1309=FACE_OUTER_BOUND('',#1982,.T.);
#1310=FACE_OUTER_BOUND('',#1983,.T.);
#1311=FACE_OUTER_BOUND('',#1984,.T.);
#1312=FACE_OUTER_BOUND('',#1985,.T.);
#1313=FACE_OUTER_BOUND('',#1986,.T.);
#1314=FACE_OUTER_BOUND('',#1987,.T.);
#1315=FACE_OUTER_BOUND('',#1988,.T.);
#1316=FACE_OUTER_BOUND('',#1990,.T.);
#1317=FACE_OUTER_BOUND('',#1991,.T.);
#1318=FACE_OUTER_BOUND('',#1992,.T.);
#1319=FACE_OUTER_BOUND('',#1994,.T.);
#1320=FACE_OUTER_BOUND('',#1995,.T.);
#1321=FACE_OUTER_BOUND('',#1996,.T.);
#1322=FACE_OUTER_BOUND('',#1997,.T.);
#1323=FACE_OUTER_BOUND('',#1998,.T.);
#1324=FACE_OUTER_BOUND('',#1999,.T.);
#1325=FACE_OUTER_BOUND('',#2000,.T.);
#1326=FACE_OUTER_BOUND('',#2001,.T.);
#1327=FACE_OUTER_BOUND('',#2002,.T.);
#1328=FACE_OUTER_BOUND('',#2003,.T.);
#1329=FACE_OUTER_BOUND('',#2004,.T.);
#1330=FACE_OUTER_BOUND('',#2005,.T.);
#1331=FACE_OUTER_BOUND('',#2006,.T.);
#1332=FACE_OUTER_BOUND('',#2007,.T.);
#1333=FACE_OUTER_BOUND('',#2008,.T.);
#1334=FACE_OUTER_BOUND('',#2009,.T.);
#1335=FACE_OUTER_BOUND('',#2010,.T.);
#1336=FACE_OUTER_BOUND('',#2011,.T.);
#1337=FACE_OUTER_BOUND('',#2012,.T.);
#1338=FACE_OUTER_BOUND('',#2013,.T.);
#1339=FACE_OUTER_BOUND('',#2014,.T.);
#1340=FACE_OUTER_BOUND('',#2016,.T.);
#1341=FACE_OUTER_BOUND('',#2022,.T.);
#1342=FACE_OUTER_BOUND('',#2023,.T.);
#1343=FACE_OUTER_BOUND('',#2024,.T.);
#1344=FACE_OUTER_BOUND('',#2025,.T.);
#1345=FACE_OUTER_BOUND('',#2026,.T.);
#1346=FACE_OUTER_BOUND('',#2027,.T.);
#1347=FACE_OUTER_BOUND('',#2029,.T.);
#1348=FACE_OUTER_BOUND('',#2030,.T.);
#1349=FACE_OUTER_BOUND('',#2031,.T.);
#1350=FACE_OUTER_BOUND('',#2032,.T.);
#1351=FACE_OUTER_BOUND('',#2034,.T.);
#1352=FACE_OUTER_BOUND('',#2036,.T.);
#1353=FACE_OUTER_BOUND('',#2037,.T.);
#1354=FACE_OUTER_BOUND('',#2038,.T.);
#1355=FACE_OUTER_BOUND('',#2040,.T.);
#1356=FACE_OUTER_BOUND('',#2041,.T.);
#1357=FACE_OUTER_BOUND('',#2042,.T.);
#1358=FACE_OUTER_BOUND('',#2043,.T.);
#1359=FACE_OUTER_BOUND('',#2044,.T.);
#1360=FACE_OUTER_BOUND('',#2046,.T.);
#1361=FACE_OUTER_BOUND('',#2048,.T.);
#1362=FACE_OUTER_BOUND('',#2049,.T.);
#1363=FACE_OUTER_BOUND('',#2050,.T.);
#1364=FACE_OUTER_BOUND('',#2051,.T.);
#1365=FACE_OUTER_BOUND('',#2052,.T.);
#1366=FACE_OUTER_BOUND('',#2054,.T.);
#1367=FACE_OUTER_BOUND('',#2055,.T.);
#1368=FACE_OUTER_BOUND('',#2056,.T.);
#1369=FACE_OUTER_BOUND('',#2058,.T.);
#1370=FACE_OUTER_BOUND('',#2059,.T.);
#1371=FACE_OUTER_BOUND('',#2060,.T.);
#1372=FACE_OUTER_BOUND('',#2061,.T.);
#1373=FACE_OUTER_BOUND('',#2062,.T.);
#1374=FACE_OUTER_BOUND('',#2063,.T.);
#1375=FACE_OUTER_BOUND('',#2064,.T.);
#1376=FACE_OUTER_BOUND('',#2065,.T.);
#1377=FACE_OUTER_BOUND('',#2066,.T.);
#1378=FACE_OUTER_BOUND('',#2067,.T.);
#1379=FACE_OUTER_BOUND('',#2068,.T.);
#1380=FACE_OUTER_BOUND('',#2069,.T.);
#1381=FACE_OUTER_BOUND('',#2070,.T.);
#1382=FACE_OUTER_BOUND('',#2071,.T.);
#1383=FACE_OUTER_BOUND('',#2072,.T.);
#1384=FACE_OUTER_BOUND('',#2073,.T.);
#1385=FACE_OUTER_BOUND('',#2074,.T.);
#1386=FACE_OUTER_BOUND('',#2075,.T.);
#1387=FACE_OUTER_BOUND('',#2076,.T.);
#1388=FACE_OUTER_BOUND('',#2077,.T.);
#1389=FACE_OUTER_BOUND('',#2078,.T.);
#1390=FACE_OUTER_BOUND('',#2079,.T.);
#1391=FACE_OUTER_BOUND('',#2080,.T.);
#1392=FACE_OUTER_BOUND('',#2081,.T.);
#1393=FACE_OUTER_BOUND('',#2082,.T.);
#1394=FACE_OUTER_BOUND('',#2083,.T.);
#1395=FACE_OUTER_BOUND('',#2084,.T.);
#1396=FACE_OUTER_BOUND('',#2085,.T.);
#1397=FACE_OUTER_BOUND('',#2086,.T.);
#1398=FACE_OUTER_BOUND('',#2087,.T.);
#1399=FACE_OUTER_BOUND('',#2088,.T.);
#1400=FACE_OUTER_BOUND('',#2090,.T.);
#1401=FACE_OUTER_BOUND('',#2091,.T.);
#1402=FACE_OUTER_BOUND('',#2094,.T.);
#1403=FACE_OUTER_BOUND('',#2095,.T.);
#1404=FACE_OUTER_BOUND('',#2096,.T.);
#1405=FACE_OUTER_BOUND('',#2097,.T.);
#1406=FACE_OUTER_BOUND('',#2098,.T.);
#1407=FACE_OUTER_BOUND('',#2099,.T.);
#1408=FACE_OUTER_BOUND('',#2100,.T.);
#1409=FACE_OUTER_BOUND('',#2101,.T.);
#1410=FACE_OUTER_BOUND('',#2102,.T.);
#1411=FACE_OUTER_BOUND('',#2103,.T.);
#1412=FACE_OUTER_BOUND('',#2104,.T.);
#1413=FACE_OUTER_BOUND('',#2105,.T.);
#1414=FACE_OUTER_BOUND('',#2106,.T.);
#1415=FACE_OUTER_BOUND('',#2107,.T.);
#1416=FACE_OUTER_BOUND('',#2108,.T.);
#1417=FACE_OUTER_BOUND('',#2109,.T.);
#1418=FACE_OUTER_BOUND('',#2110,.T.);
#1419=FACE_OUTER_BOUND('',#2111,.T.);
#1420=FACE_OUTER_BOUND('',#2112,.T.);
#1421=FACE_OUTER_BOUND('',#2113,.T.);
#1422=FACE_OUTER_BOUND('',#2114,.T.);
#1423=FACE_OUTER_BOUND('',#2115,.T.);
#1424=FACE_OUTER_BOUND('',#2116,.T.);
#1425=FACE_OUTER_BOUND('',#2117,.T.);
#1426=FACE_OUTER_BOUND('',#2118,.T.);
#1427=FACE_OUTER_BOUND('',#2119,.T.);
#1428=FACE_OUTER_BOUND('',#2120,.T.);
#1429=FACE_OUTER_BOUND('',#2121,.T.);
#1430=FACE_OUTER_BOUND('',#2122,.T.);
#1431=FACE_OUTER_BOUND('',#2123,.T.);
#1432=FACE_OUTER_BOUND('',#2124,.T.);
#1433=FACE_OUTER_BOUND('',#2126,.T.);
#1434=FACE_OUTER_BOUND('',#2127,.T.);
#1435=FACE_OUTER_BOUND('',#2128,.T.);
#1436=FACE_OUTER_BOUND('',#2129,.T.);
#1437=FACE_OUTER_BOUND('',#2130,.T.);
#1438=EDGE_LOOP('',(#7092,#7093,#7094));
#1439=EDGE_LOOP('',(#7095,#7096,#7097,#7098));
#1440=EDGE_LOOP('',(#7099,#7100,#7101));
#1441=EDGE_LOOP('',(#7102,#7103,#7104,#7105));
#1442=EDGE_LOOP('',(#7106,#7107,#7108));
#1443=EDGE_LOOP('',(#7109,#7110,#7111,#7112));
#1444=EDGE_LOOP('',(#7113,#7114,#7115));
#1445=EDGE_LOOP('',(#7116,#7117,#7118,#7119));
#1446=EDGE_LOOP('',(#7120,#7121,#7122));
#1447=EDGE_LOOP('',(#7123,#7124,#7125,#7126));
#1448=EDGE_LOOP('',(#7127,#7128,#7129));
#1449=EDGE_LOOP('',(#7130,#7131,#7132,#7133));
#1450=EDGE_LOOP('',(#7134,#7135,#7136));
#1451=EDGE_LOOP('',(#7137,#7138,#7139,#7140));
#1452=EDGE_LOOP('',(#7141,#7142,#7143));
#1453=EDGE_LOOP('',(#7144,#7145,#7146,#7147));
#1454=EDGE_LOOP('',(#7148,#7149,#7150,#7151));
#1455=EDGE_LOOP('',(#7152,#7153,#7154,#7155));
#1456=EDGE_LOOP('',(#7156,#7157,#7158,#7159));
#1457=EDGE_LOOP('',(#7160,#7161,#7162,#7163));
#1458=EDGE_LOOP('',(#7164,#7165,#7166,#7167));
#1459=EDGE_LOOP('',(#7168,#7169,#7170,#7171));
#1460=EDGE_LOOP('',(#7172,#7173,#7174,#7175));
#1461=EDGE_LOOP('',(#7176,#7177,#7178,#7179));
#1462=EDGE_LOOP('',(#7180,#7181,#7182,#7183));
#1463=EDGE_LOOP('',(#7184,#7185,#7186,#7187));
#1464=EDGE_LOOP('',(#7188,#7189,#7190,#7191));
#1465=EDGE_LOOP('',(#7192,#7193,#7194,#7195));
#1466=EDGE_LOOP('',(#7196,#7197,#7198,#7199));
#1467=EDGE_LOOP('',(#7200,#7201,#7202,#7203));
#1468=EDGE_LOOP('',(#7204,#7205,#7206,#7207));
#1469=EDGE_LOOP('',(#7208,#7209,#7210,#7211));
#1470=EDGE_LOOP('',(#7212,#7213,#7214,#7215));
#1471=EDGE_LOOP('',(#7216,#7217,#7218,#7219));
#1472=EDGE_LOOP('',(#7220,#7221,#7222,#7223));
#1473=EDGE_LOOP('',(#7224,#7225,#7226,#7227));
#1474=EDGE_LOOP('',(#7228,#7229,#7230,#7231));
#1475=EDGE_LOOP('',(#7232,#7233,#7234,#7235));
#1476=EDGE_LOOP('',(#7236,#7237,#7238,#7239));
#1477=EDGE_LOOP('',(#7240,#7241,#7242,#7243));
#1478=EDGE_LOOP('',(#7244,#7245,#7246,#7247));
#1479=EDGE_LOOP('',(#7248,#7249,#7250,#7251));
#1480=EDGE_LOOP('',(#7252,#7253,#7254,#7255));
#1481=EDGE_LOOP('',(#7256,#7257,#7258,#7259));
#1482=EDGE_LOOP('',(#7260,#7261,#7262,#7263));
#1483=EDGE_LOOP('',(#7264,#7265,#7266,#7267));
#1484=EDGE_LOOP('',(#7268,#7269,#7270,#7271));
#1485=EDGE_LOOP('',(#7272,#7273,#7274,#7275));
#1486=EDGE_LOOP('',(#7276,#7277,#7278,#7279));
#1487=EDGE_LOOP('',(#7280,#7281,#7282,#7283));
#1488=EDGE_LOOP('',(#7284,#7285,#7286,#7287));
#1489=EDGE_LOOP('',(#7288,#7289,#7290,#7291));
#1490=EDGE_LOOP('',(#7292,#7293,#7294,#7295));
#1491=EDGE_LOOP('',(#7296,#7297,#7298,#7299));
#1492=EDGE_LOOP('',(#7300,#7301,#7302,#7303));
#1493=EDGE_LOOP('',(#7304,#7305,#7306,#7307));
#1494=EDGE_LOOP('',(#7308,#7309,#7310,#7311));
#1495=EDGE_LOOP('',(#7312,#7313,#7314,#7315));
#1496=EDGE_LOOP('',(#7316,#7317,#7318,#7319));
#1497=EDGE_LOOP('',(#7320,#7321,#7322,#7323));
#1498=EDGE_LOOP('',(#7324,#7325,#7326,#7327));
#1499=EDGE_LOOP('',(#7328,#7329,#7330,#7331));
#1500=EDGE_LOOP('',(#7332,#7333,#7334,#7335));
#1501=EDGE_LOOP('',(#7336,#7337,#7338,#7339));
#1502=EDGE_LOOP('',(#7340,#7341,#7342,#7343));
#1503=EDGE_LOOP('',(#7344,#7345,#7346,#7347));
#1504=EDGE_LOOP('',(#7348,#7349,#7350,#7351));
#1505=EDGE_LOOP('',(#7352,#7353,#7354,#7355));
#1506=EDGE_LOOP('',(#7356,#7357,#7358,#7359));
#1507=EDGE_LOOP('',(#7360,#7361,#7362,#7363));
#1508=EDGE_LOOP('',(#7364,#7365,#7366,#7367));
#1509=EDGE_LOOP('',(#7368,#7369,#7370,#7371));
#1510=EDGE_LOOP('',(#7372,#7373,#7374,#7375));
#1511=EDGE_LOOP('',(#7376,#7377,#7378,#7379,#7380,#7381,#7382,#7383,#7384,
#7385,#7386,#7387));
#1512=EDGE_LOOP('',(#7388,#7389,#7390,#7391,#7392,#7393,#7394,#7395,#7396,
#7397,#7398,#7399,#7400,#7401,#7402,#7403,#7404,#7405,#7406,#7407));
#1513=EDGE_LOOP('',(#7408,#7409,#7410,#7411));
#1514=EDGE_LOOP('',(#7412,#7413,#7414,#7415,#7416,#7417,#7418,#7419,#7420,
#7421,#7422,#7423));
#1515=EDGE_LOOP('',(#7424,#7425,#7426,#7427,#7428,#7429,#7430,#7431,#7432,
#7433,#7434,#7435,#7436,#7437,#7438,#7439,#7440,#7441,#7442,#7443));
#1516=EDGE_LOOP('',(#7444,#7445,#7446,#7447));
#1517=EDGE_LOOP('',(#7448,#7449,#7450,#7451));
#1518=EDGE_LOOP('',(#7452,#7453,#7454,#7455));
#1519=EDGE_LOOP('',(#7456,#7457,#7458,#7459,#7460,#7461));
#1520=EDGE_LOOP('',(#7462,#7463,#7464,#7465));
#1521=EDGE_LOOP('',(#7466,#7467,#7468,#7469,#7470,#7471));
#1522=EDGE_LOOP('',(#7472,#7473,#7474,#7475));
#1523=EDGE_LOOP('',(#7476,#7477,#7478,#7479));
#1524=EDGE_LOOP('',(#7480,#7481,#7482,#7483,#7484,#7485,#7486,#7487,#7488,
#7489,#7490,#7491,#7492,#7493,#7494,#7495,#7496,#7497,#7498,#7499,#7500,
#7501,#7502,#7503,#7504,#7505,#7506,#7507,#7508,#7509,#7510,#7511,#7512,
#7513,#7514,#7515,#7516,#7517,#7518,#7519));
#1525=EDGE_LOOP('',(#7520));
#1526=EDGE_LOOP('',(#7521));
#1527=EDGE_LOOP('',(#7522));
#1528=EDGE_LOOP('',(#7523));
#1529=EDGE_LOOP('',(#7524));
#1530=EDGE_LOOP('',(#7525));
#1531=EDGE_LOOP('',(#7526,#7527,#7528,#7529,#7530,#7531,#7532,#7533,#7534,
#7535,#7536,#7537,#7538,#7539,#7540,#7541,#7542,#7543,#7544,#7545,#7546,
#7547,#7548,#7549));
#1532=EDGE_LOOP('',(#7550,#7551,#7552,#7553));
#1533=EDGE_LOOP('',(#7554,#7555,#7556,#7557));
#1534=EDGE_LOOP('',(#7558));
#1535=EDGE_LOOP('',(#7559));
#1536=EDGE_LOOP('',(#7560,#7561,#7562));
#1537=EDGE_LOOP('',(#7563,#7564,#7565,#7566));
#1538=EDGE_LOOP('',(#7567,#7568,#7569));
#1539=EDGE_LOOP('',(#7570,#7571,#7572,#7573));
#1540=EDGE_LOOP('',(#7574,#7575,#7576));
#1541=EDGE_LOOP('',(#7577,#7578,#7579,#7580));
#1542=EDGE_LOOP('',(#7581,#7582,#7583));
#1543=EDGE_LOOP('',(#7584,#7585,#7586,#7587));
#1544=EDGE_LOOP('',(#7588,#7589,#7590,#7591));
#1545=EDGE_LOOP('',(#7592,#7593,#7594,#7595));
#1546=EDGE_LOOP('',(#7596,#7597,#7598,#7599));
#1547=EDGE_LOOP('',(#7600,#7601,#7602,#7603));
#1548=EDGE_LOOP('',(#7604,#7605,#7606,#7607));
#1549=EDGE_LOOP('',(#7608,#7609,#7610,#7611));
#1550=EDGE_LOOP('',(#7612,#7613,#7614,#7615));
#1551=EDGE_LOOP('',(#7616,#7617,#7618,#7619));
#1552=EDGE_LOOP('',(#7620,#7621,#7622,#7623,#7624,#7625,#7626,#7627));
#1553=EDGE_LOOP('',(#7628,#7629,#7630,#7631,#7632,#7633,#7634,#7635));
#1554=EDGE_LOOP('',(#7636,#7637,#7638,#7639,#7640,#7641,#7642,#7643));
#1555=EDGE_LOOP('',(#7644,#7645,#7646,#7647,#7648,#7649,#7650,#7651));
#1556=EDGE_LOOP('',(#7652,#7653,#7654,#7655));
#1557=EDGE_LOOP('',(#7656,#7657,#7658,#7659));
#1558=EDGE_LOOP('',(#7660,#7661,#7662,#7663));
#1559=EDGE_LOOP('',(#7664,#7665,#7666,#7667));
#1560=EDGE_LOOP('',(#7668,#7669,#7670,#7671));
#1561=EDGE_LOOP('',(#7672,#7673,#7674,#7675));
#1562=EDGE_LOOP('',(#7676,#7677,#7678,#7679));
#1563=EDGE_LOOP('',(#7680,#7681,#7682,#7683));
#1564=EDGE_LOOP('',(#7684,#7685,#7686,#7687,#7688,#7689));
#1565=EDGE_LOOP('',(#7690,#7691,#7692,#7693));
#1566=EDGE_LOOP('',(#7694,#7695,#7696,#7697));
#1567=EDGE_LOOP('',(#7698,#7699,#7700,#7701));
#1568=EDGE_LOOP('',(#7702,#7703,#7704,#7705,#7706,#7707));
#1569=EDGE_LOOP('',(#7708,#7709,#7710,#7711));
#1570=EDGE_LOOP('',(#7712,#7713,#7714,#7715));
#1571=EDGE_LOOP('',(#7716,#7717,#7718,#7719));
#1572=EDGE_LOOP('',(#7720,#7721,#7722,#7723,#7724,#7725,#7726,#7727));
#1573=EDGE_LOOP('',(#7728));
#1574=EDGE_LOOP('',(#7729));
#1575=EDGE_LOOP('',(#7730));
#1576=EDGE_LOOP('',(#7731));
#1577=EDGE_LOOP('',(#7732,#7733,#7734,#7735,#7736,#7737,#7738,#7739));
#1578=EDGE_LOOP('',(#7740,#7741,#7742,#7743));
#1579=EDGE_LOOP('',(#7744,#7745,#7746,#7747));
#1580=EDGE_LOOP('',(#7748,#7749,#7750,#7751));
#1581=EDGE_LOOP('',(#7752,#7753,#7754,#7755));
#1582=EDGE_LOOP('',(#7756,#7757,#7758,#7759));
#1583=EDGE_LOOP('',(#7760,#7761,#7762));
#1584=EDGE_LOOP('',(#7763,#7764,#7765,#7766));
#1585=EDGE_LOOP('',(#7767,#7768,#7769));
#1586=EDGE_LOOP('',(#7770,#7771,#7772,#7773));
#1587=EDGE_LOOP('',(#7774,#7775,#7776));
#1588=EDGE_LOOP('',(#7777,#7778,#7779,#7780));
#1589=EDGE_LOOP('',(#7781,#7782,#7783));
#1590=EDGE_LOOP('',(#7784,#7785,#7786,#7787));
#1591=EDGE_LOOP('',(#7788,#7789,#7790));
#1592=EDGE_LOOP('',(#7791,#7792,#7793,#7794));
#1593=EDGE_LOOP('',(#7795,#7796,#7797));
#1594=EDGE_LOOP('',(#7798,#7799,#7800,#7801));
#1595=EDGE_LOOP('',(#7802,#7803,#7804));
#1596=EDGE_LOOP('',(#7805,#7806,#7807,#7808));
#1597=EDGE_LOOP('',(#7809,#7810,#7811));
#1598=EDGE_LOOP('',(#7812,#7813,#7814,#7815));
#1599=EDGE_LOOP('',(#7816,#7817,#7818,#7819));
#1600=EDGE_LOOP('',(#7820,#7821,#7822,#7823));
#1601=EDGE_LOOP('',(#7824,#7825,#7826,#7827));
#1602=EDGE_LOOP('',(#7828,#7829,#7830,#7831,#7832,#7833,#7834,#7835));
#1603=EDGE_LOOP('',(#7836,#7837,#7838,#7839,#7840,#7841,#7842,#7843));
#1604=EDGE_LOOP('',(#7844));
#1605=EDGE_LOOP('',(#7845));
#1606=EDGE_LOOP('',(#7846));
#1607=EDGE_LOOP('',(#7847));
#1608=EDGE_LOOP('',(#7848));
#1609=EDGE_LOOP('',(#7849));
#1610=EDGE_LOOP('',(#7850));
#1611=EDGE_LOOP('',(#7851));
#1612=EDGE_LOOP('',(#7852,#7853,#7854));
#1613=EDGE_LOOP('',(#7855,#7856,#7857,#7858));
#1614=EDGE_LOOP('',(#7859,#7860,#7861));
#1615=EDGE_LOOP('',(#7862,#7863,#7864,#7865));
#1616=EDGE_LOOP('',(#7866,#7867,#7868));
#1617=EDGE_LOOP('',(#7869,#7870,#7871,#7872));
#1618=EDGE_LOOP('',(#7873,#7874,#7875));
#1619=EDGE_LOOP('',(#7876,#7877,#7878,#7879));
#1620=EDGE_LOOP('',(#7880,#7881,#7882,#7883));
#1621=EDGE_LOOP('',(#7884,#7885,#7886,#7887));
#1622=EDGE_LOOP('',(#7888,#7889,#7890,#7891));
#1623=EDGE_LOOP('',(#7892,#7893,#7894,#7895));
#1624=EDGE_LOOP('',(#7896,#7897,#7898,#7899));
#1625=EDGE_LOOP('',(#7900,#7901,#7902,#7903));
#1626=EDGE_LOOP('',(#7904,#7905,#7906,#7907));
#1627=EDGE_LOOP('',(#7908,#7909,#7910,#7911));
#1628=EDGE_LOOP('',(#7912,#7913,#7914,#7915,#7916,#7917,#7918,#7919));
#1629=EDGE_LOOP('',(#7920,#7921,#7922,#7923,#7924,#7925,#7926,#7927));
#1630=EDGE_LOOP('',(#7928,#7929,#7930,#7931,#7932,#7933,#7934,#7935));
#1631=EDGE_LOOP('',(#7936,#7937,#7938,#7939,#7940,#7941,#7942,#7943));
#1632=EDGE_LOOP('',(#7944,#7945,#7946,#7947));
#1633=EDGE_LOOP('',(#7948,#7949,#7950,#7951));
#1634=EDGE_LOOP('',(#7952,#7953,#7954,#7955));
#1635=EDGE_LOOP('',(#7956,#7957,#7958,#7959));
#1636=EDGE_LOOP('',(#7960,#7961,#7962,#7963));
#1637=EDGE_LOOP('',(#7964,#7965,#7966,#7967));
#1638=EDGE_LOOP('',(#7968,#7969,#7970,#7971));
#1639=EDGE_LOOP('',(#7972,#7973,#7974,#7975));
#1640=EDGE_LOOP('',(#7976,#7977,#7978,#7979));
#1641=EDGE_LOOP('',(#7980,#7981,#7982,#7983));
#1642=EDGE_LOOP('',(#7984,#7985,#7986,#7987));
#1643=EDGE_LOOP('',(#7988,#7989,#7990,#7991));
#1644=EDGE_LOOP('',(#7992,#7993,#7994,#7995));
#1645=EDGE_LOOP('',(#7996,#7997,#7998,#7999));
#1646=EDGE_LOOP('',(#8000,#8001,#8002,#8003));
#1647=EDGE_LOOP('',(#8004,#8005,#8006,#8007));
#1648=EDGE_LOOP('',(#8008,#8009,#8010,#8011,#8012,#8013,#8014,#8015));
#1649=EDGE_LOOP('',(#8016));
#1650=EDGE_LOOP('',(#8017));
#1651=EDGE_LOOP('',(#8018));
#1652=EDGE_LOOP('',(#8019));
#1653=EDGE_LOOP('',(#8020,#8021,#8022,#8023,#8024,#8025,#8026,#8027));
#1654=EDGE_LOOP('',(#8028));
#1655=EDGE_LOOP('',(#8029,#8030,#8031,#8032,#8033,#8034));
#1656=EDGE_LOOP('',(#8035,#8036,#8037,#8038));
#1657=EDGE_LOOP('',(#8039,#8040,#8041,#8042));
#1658=EDGE_LOOP('',(#8043,#8044,#8045,#8046));
#1659=EDGE_LOOP('',(#8047,#8048,#8049,#8050));
#1660=EDGE_LOOP('',(#8051,#8052,#8053,#8054));
#1661=EDGE_LOOP('',(#8055,#8056,#8057,#8058));
#1662=EDGE_LOOP('',(#8059,#8060,#8061,#8062));
#1663=EDGE_LOOP('',(#8063,#8064,#8065,#8066,#8067,#8068,#8069,#8070));
#1664=EDGE_LOOP('',(#8071));
#1665=EDGE_LOOP('',(#8072,#8073,#8074,#8075));
#1666=EDGE_LOOP('',(#8076,#8077,#8078,#8079));
#1667=EDGE_LOOP('',(#8080,#8081,#8082,#8083,#8084,#8085,#8086,#8087));
#1668=EDGE_LOOP('',(#8088,#8089,#8090,#8091,#8092,#8093));
#1669=EDGE_LOOP('',(#8094,#8095,#8096,#8097));
#1670=EDGE_LOOP('',(#8098,#8099,#8100,#8101));
#1671=EDGE_LOOP('',(#8102,#8103,#8104,#8105));
#1672=EDGE_LOOP('',(#8106,#8107,#8108,#8109));
#1673=EDGE_LOOP('',(#8110,#8111,#8112,#8113));
#1674=EDGE_LOOP('',(#8114,#8115,#8116,#8117));
#1675=EDGE_LOOP('',(#8118,#8119,#8120,#8121));
#1676=EDGE_LOOP('',(#8122,#8123,#8124,#8125));
#1677=EDGE_LOOP('',(#8126,#8127,#8128,#8129));
#1678=EDGE_LOOP('',(#8130,#8131,#8132,#8133));
#1679=EDGE_LOOP('',(#8134,#8135,#8136,#8137));
#1680=EDGE_LOOP('',(#8138));
#1681=EDGE_LOOP('',(#8139,#8140,#8141,#8142));
#1682=EDGE_LOOP('',(#8143));
#1683=EDGE_LOOP('',(#8144));
#1684=EDGE_LOOP('',(#8145,#8146,#8147,#8148));
#1685=EDGE_LOOP('',(#8149));
#1686=EDGE_LOOP('',(#8150,#8151,#8152,#8153));
#1687=EDGE_LOOP('',(#8154,#8155,#8156,#8157));
#1688=EDGE_LOOP('',(#8158,#8159,#8160,#8161));
#1689=EDGE_LOOP('',(#8162));
#1690=EDGE_LOOP('',(#8163,#8164,#8165,#8166));
#1691=EDGE_LOOP('',(#8167));
#1692=EDGE_LOOP('',(#8168,#8169,#8170,#8171));
#1693=EDGE_LOOP('',(#8172,#8173,#8174,#8175));
#1694=EDGE_LOOP('',(#8176,#8177,#8178,#8179));
#1695=EDGE_LOOP('',(#8180,#8181,#8182,#8183));
#1696=EDGE_LOOP('',(#8184,#8185,#8186,#8187));
#1697=EDGE_LOOP('',(#8188));
#1698=EDGE_LOOP('',(#8189));
#1699=EDGE_LOOP('',(#8190));
#1700=EDGE_LOOP('',(#8191));
#1701=EDGE_LOOP('',(#8192));
#1702=EDGE_LOOP('',(#8193));
#1703=EDGE_LOOP('',(#8194,#8195,#8196,#8197,#8198,#8199,#8200,#8201,#8202,
#8203,#8204,#8205));
#1704=EDGE_LOOP('',(#8206,#8207,#8208,#8209));
#1705=EDGE_LOOP('',(#8210,#8211,#8212,#8213));
#1706=EDGE_LOOP('',(#8214,#8215,#8216,#8217,#8218,#8219,#8220,#8221,#8222,
#8223,#8224,#8225));
#1707=EDGE_LOOP('',(#8226,#8227,#8228,#8229));
#1708=EDGE_LOOP('',(#8230,#8231,#8232,#8233,#8234,#8235,#8236,#8237));
#1709=EDGE_LOOP('',(#8238));
#1710=EDGE_LOOP('',(#8239));
#1711=EDGE_LOOP('',(#8240));
#1712=EDGE_LOOP('',(#8241));
#1713=EDGE_LOOP('',(#8242));
#1714=EDGE_LOOP('',(#8243,#8244,#8245,#8246));
#1715=EDGE_LOOP('',(#8247,#8248,#8249,#8250));
#1716=EDGE_LOOP('',(#8251,#8252,#8253,#8254));
#1717=EDGE_LOOP('',(#8255,#8256,#8257,#8258));
#1718=EDGE_LOOP('',(#8259,#8260,#8261,#8262));
#1719=EDGE_LOOP('',(#8263,#8264,#8265,#8266));
#1720=EDGE_LOOP('',(#8267,#8268,#8269,#8270,#8271,#8272,#8273,#8274));
#1721=EDGE_LOOP('',(#8275,#8276,#8277,#8278,#8279,#8280));
#1722=EDGE_LOOP('',(#8281));
#1723=EDGE_LOOP('',(#8282));
#1724=EDGE_LOOP('',(#8283));
#1725=EDGE_LOOP('',(#8284));
#1726=EDGE_LOOP('',(#8285));
#1727=EDGE_LOOP('',(#8286,#8287,#8288,#8289,#8290,#8291));
#1728=EDGE_LOOP('',(#8292,#8293,#8294,#8295));
#1729=EDGE_LOOP('',(#8296,#8297,#8298,#8299));
#1730=EDGE_LOOP('',(#8300,#8301,#8302,#8303));
#1731=EDGE_LOOP('',(#8304,#8305,#8306,#8307));
#1732=EDGE_LOOP('',(#8308,#8309,#8310,#8311));
#1733=EDGE_LOOP('',(#8312,#8313,#8314,#8315));
#1734=EDGE_LOOP('',(#8316,#8317,#8318,#8319));
#1735=EDGE_LOOP('',(#8320,#8321,#8322,#8323));
#1736=EDGE_LOOP('',(#8324,#8325,#8326,#8327));
#1737=EDGE_LOOP('',(#8328,#8329,#8330,#8331));
#1738=EDGE_LOOP('',(#8332,#8333,#8334,#8335));
#1739=EDGE_LOOP('',(#8336,#8337,#8338,#8339));
#1740=EDGE_LOOP('',(#8340,#8341,#8342,#8343));
#1741=EDGE_LOOP('',(#8344,#8345,#8346,#8347));
#1742=EDGE_LOOP('',(#8348,#8349,#8350,#8351));
#1743=EDGE_LOOP('',(#8352,#8353,#8354,#8355));
#1744=EDGE_LOOP('',(#8356,#8357,#8358,#8359));
#1745=EDGE_LOOP('',(#8360));
#1746=EDGE_LOOP('',(#8361,#8362,#8363,#8364));
#1747=EDGE_LOOP('',(#8365));
#1748=EDGE_LOOP('',(#8366));
#1749=EDGE_LOOP('',(#8367,#8368,#8369,#8370));
#1750=EDGE_LOOP('',(#8371));
#1751=EDGE_LOOP('',(#8372,#8373,#8374,#8375));
#1752=EDGE_LOOP('',(#8376,#8377,#8378,#8379));
#1753=EDGE_LOOP('',(#8380,#8381,#8382,#8383));
#1754=EDGE_LOOP('',(#8384));
#1755=EDGE_LOOP('',(#8385,#8386,#8387,#8388));
#1756=EDGE_LOOP('',(#8389));
#1757=EDGE_LOOP('',(#8390,#8391,#8392,#8393));
#1758=EDGE_LOOP('',(#8394,#8395,#8396,#8397));
#1759=EDGE_LOOP('',(#8398,#8399,#8400,#8401));
#1760=EDGE_LOOP('',(#8402,#8403,#8404,#8405,#8406,#8407,#8408,#8409,#8410,
#8411,#8412,#8413));
#1761=EDGE_LOOP('',(#8414,#8415,#8416,#8417));
#1762=EDGE_LOOP('',(#8418,#8419,#8420,#8421));
#1763=EDGE_LOOP('',(#8422));
#1764=EDGE_LOOP('',(#8423));
#1765=EDGE_LOOP('',(#8424));
#1766=EDGE_LOOP('',(#8425));
#1767=EDGE_LOOP('',(#8426));
#1768=EDGE_LOOP('',(#8427));
#1769=EDGE_LOOP('',(#8428,#8429,#8430,#8431,#8432,#8433,#8434,#8435,#8436,
#8437,#8438,#8439));
#1770=EDGE_LOOP('',(#8440,#8441,#8442,#8443));
#1771=EDGE_LOOP('',(#8444,#8445,#8446,#8447));
#1772=EDGE_LOOP('',(#8448,#8449,#8450));
#1773=EDGE_LOOP('',(#8451,#8452,#8453,#8454));
#1774=EDGE_LOOP('',(#8455,#8456,#8457));
#1775=EDGE_LOOP('',(#8458,#8459,#8460,#8461));
#1776=EDGE_LOOP('',(#8462,#8463,#8464,#8465));
#1777=EDGE_LOOP('',(#8466,#8467,#8468,#8469,#8470,#8471,#8472,#8473));
#1778=EDGE_LOOP('',(#8474,#8475,#8476,#8477,#8478,#8479,#8480,#8481));
#1779=EDGE_LOOP('',(#8482,#8483,#8484,#8485));
#1780=EDGE_LOOP('',(#8486,#8487,#8488,#8489,#8490,#8491));
#1781=EDGE_LOOP('',(#8492,#8493,#8494,#8495,#8496,#8497));
#1782=EDGE_LOOP('',(#8498,#8499,#8500,#8501,#8502));
#1783=EDGE_LOOP('',(#8503,#8504,#8505,#8506,#8507,#8508));
#1784=EDGE_LOOP('',(#8509,#8510,#8511,#8512,#8513,#8514));
#1785=EDGE_LOOP('',(#8515,#8516,#8517,#8518,#8519,#8520,#8521));
#1786=EDGE_LOOP('',(#8522,#8523,#8524));
#1787=EDGE_LOOP('',(#8525,#8526,#8527,#8528,#8529));
#1788=EDGE_LOOP('',(#8530,#8531,#8532));
#1789=EDGE_LOOP('',(#8533,#8534,#8535,#8536,#8537,#8538,#8539));
#1790=EDGE_LOOP('',(#8540,#8541,#8542,#8543));
#1791=EDGE_LOOP('',(#8544));
#1792=EDGE_LOOP('',(#8545,#8546,#8547,#8548));
#1793=EDGE_LOOP('',(#8549));
#1794=EDGE_LOOP('',(#8550,#8551,#8552,#8553));
#1795=EDGE_LOOP('',(#8554));
#1796=EDGE_LOOP('',(#8555,#8556,#8557,#8558));
#1797=EDGE_LOOP('',(#8559));
#1798=EDGE_LOOP('',(#8560,#8561,#8562,#8563));
#1799=EDGE_LOOP('',(#8564));
#1800=EDGE_LOOP('',(#8565));
#1801=EDGE_LOOP('',(#8566,#8567,#8568,#8569));
#1802=EDGE_LOOP('',(#8570));
#1803=EDGE_LOOP('',(#8571));
#1804=EDGE_LOOP('',(#8572,#8573,#8574,#8575));
#1805=EDGE_LOOP('',(#8576,#8577,#8578,#8579));
#1806=EDGE_LOOP('',(#8580,#8581,#8582,#8583));
#1807=EDGE_LOOP('',(#8584,#8585,#8586,#8587,#8588,#8589,#8590,#8591));
#1808=EDGE_LOOP('',(#8592));
#1809=EDGE_LOOP('',(#8593));
#1810=EDGE_LOOP('',(#8594));
#1811=EDGE_LOOP('',(#8595));
#1812=EDGE_LOOP('',(#8596,#8597,#8598,#8599));
#1813=EDGE_LOOP('',(#8600,#8601,#8602,#8603));
#1814=EDGE_LOOP('',(#8604,#8605,#8606,#8607));
#1815=EDGE_LOOP('',(#8608,#8609,#8610,#8611));
#1816=EDGE_LOOP('',(#8612,#8613));
#1817=EDGE_LOOP('',(#8614,#8615,#8616,#8617,#8618,#8619,#8620,#8621,#8622,
#8623));
#1818=EDGE_LOOP('',(#8624,#8625,#8626,#8627));
#1819=EDGE_LOOP('',(#8628));
#1820=EDGE_LOOP('',(#8629,#8630,#8631,#8632,#8633,#8634,#8635,#8636));
#1821=EDGE_LOOP('',(#8637));
#1822=EDGE_LOOP('',(#8638));
#1823=EDGE_LOOP('',(#8639));
#1824=EDGE_LOOP('',(#8640));
#1825=EDGE_LOOP('',(#8641,#8642,#8643,#8644));
#1826=EDGE_LOOP('',(#8645));
#1827=EDGE_LOOP('',(#8646));
#1828=EDGE_LOOP('',(#8647,#8648,#8649,#8650));
#1829=EDGE_LOOP('',(#8651));
#1830=EDGE_LOOP('',(#8652,#8653,#8654,#8655));
#1831=EDGE_LOOP('',(#8656));
#1832=EDGE_LOOP('',(#8657));
#1833=EDGE_LOOP('',(#8658,#8659,#8660,#8661));
#1834=EDGE_LOOP('',(#8662,#8663,#8664,#8665));
#1835=EDGE_LOOP('',(#8666,#8667,#8668,#8669,#8670,#8671,#8672));
#1836=EDGE_LOOP('',(#8673,#8674,#8675,#8676,#8677));
#1837=EDGE_LOOP('',(#8678,#8679,#8680,#8681));
#1838=EDGE_LOOP('',(#8682));
#1839=EDGE_LOOP('',(#8683));
#1840=EDGE_LOOP('',(#8684,#8685,#8686,#8687));
#1841=EDGE_LOOP('',(#8688));
#1842=EDGE_LOOP('',(#8689));
#1843=EDGE_LOOP('',(#8690,#8691,#8692,#8693));
#1844=EDGE_LOOP('',(#8694,#8695,#8696,#8697,#8698,#8699,#8700,#8701));
#1845=EDGE_LOOP('',(#8702,#8703,#8704,#8705));
#1846=EDGE_LOOP('',(#8706,#8707,#8708,#8709));
#1847=EDGE_LOOP('',(#8710,#8711,#8712,#8713));
#1848=EDGE_LOOP('',(#8714,#8715,#8716,#8717));
#1849=EDGE_LOOP('',(#8718,#8719,#8720,#8721));
#1850=EDGE_LOOP('',(#8722,#8723,#8724,#8725));
#1851=EDGE_LOOP('',(#8726,#8727,#8728,#8729));
#1852=EDGE_LOOP('',(#8730,#8731,#8732,#8733));
#1853=EDGE_LOOP('',(#8734,#8735,#8736,#8737,#8738,#8739,#8740,#8741));
#1854=EDGE_LOOP('',(#8742,#8743,#8744,#8745));
#1855=EDGE_LOOP('',(#8746,#8747,#8748,#8749));
#1856=EDGE_LOOP('',(#8750,#8751,#8752,#8753));
#1857=EDGE_LOOP('',(#8754,#8755,#8756,#8757));
#1858=EDGE_LOOP('',(#8758,#8759,#8760,#8761));
#1859=EDGE_LOOP('',(#8762,#8763,#8764,#8765));
#1860=EDGE_LOOP('',(#8766,#8767,#8768,#8769,#8770,#8771,#8772,#8773));
#1861=EDGE_LOOP('',(#8774,#8775,#8776,#8777));
#1862=EDGE_LOOP('',(#8778,#8779,#8780,#8781));
#1863=EDGE_LOOP('',(#8782,#8783,#8784,#8785));
#1864=EDGE_LOOP('',(#8786,#8787,#8788,#8789));
#1865=EDGE_LOOP('',(#8790,#8791,#8792,#8793));
#1866=EDGE_LOOP('',(#8794,#8795,#8796,#8797));
#1867=EDGE_LOOP('',(#8798,#8799,#8800,#8801));
#1868=EDGE_LOOP('',(#8802,#8803,#8804,#8805));
#1869=EDGE_LOOP('',(#8806,#8807,#8808,#8809));
#1870=EDGE_LOOP('',(#8810,#8811,#8812,#8813));
#1871=EDGE_LOOP('',(#8814,#8815,#8816,#8817));
#1872=EDGE_LOOP('',(#8818,#8819,#8820,#8821));
#1873=EDGE_LOOP('',(#8822,#8823,#8824,#8825,#8826,#8827,#8828,#8829));
#1874=EDGE_LOOP('',(#8830,#8831,#8832,#8833));
#1875=EDGE_LOOP('',(#8834,#8835,#8836,#8837));
#1876=EDGE_LOOP('',(#8838,#8839,#8840,#8841));
#1877=EDGE_LOOP('',(#8842,#8843,#8844,#8845,#8846,#8847,#8848,#8849));
#1878=EDGE_LOOP('',(#8850,#8851,#8852,#8853));
#1879=EDGE_LOOP('',(#8854,#8855,#8856,#8857));
#1880=EDGE_LOOP('',(#8858,#8859,#8860,#8861));
#1881=EDGE_LOOP('',(#8862,#8863,#8864,#8865));
#1882=EDGE_LOOP('',(#8866,#8867,#8868,#8869));
#1883=EDGE_LOOP('',(#8870,#8871,#8872,#8873));
#1884=EDGE_LOOP('',(#8874,#8875,#8876,#8877));
#1885=EDGE_LOOP('',(#8878,#8879,#8880,#8881));
#1886=EDGE_LOOP('',(#8882,#8883,#8884,#8885));
#1887=EDGE_LOOP('',(#8886,#8887,#8888,#8889));
#1888=EDGE_LOOP('',(#8890,#8891,#8892,#8893));
#1889=EDGE_LOOP('',(#8894,#8895,#8896,#8897,#8898,#8899,#8900,#8901));
#1890=EDGE_LOOP('',(#8902,#8903,#8904,#8905));
#1891=EDGE_LOOP('',(#8906));
#1892=EDGE_LOOP('',(#8907));
#1893=EDGE_LOOP('',(#8908,#8909,#8910,#8911));
#1894=EDGE_LOOP('',(#8912,#8913,#8914,#8915));
#1895=EDGE_LOOP('',(#8916));
#1896=EDGE_LOOP('',(#8917));
#1897=EDGE_LOOP('',(#8918,#8919,#8920,#8921));
#1898=EDGE_LOOP('',(#8922,#8923,#8924,#8925));
#1899=EDGE_LOOP('',(#8926));
#1900=EDGE_LOOP('',(#8927));
#1901=EDGE_LOOP('',(#8928,#8929,#8930,#8931));
#1902=EDGE_LOOP('',(#8932,#8933,#8934,#8935));
#1903=EDGE_LOOP('',(#8936));
#1904=EDGE_LOOP('',(#8937));
#1905=EDGE_LOOP('',(#8938,#8939,#8940,#8941));
#1906=EDGE_LOOP('',(#8942,#8943,#8944,#8945));
#1907=EDGE_LOOP('',(#8946,#8947,#8948,#8949));
#1908=EDGE_LOOP('',(#8950,#8951,#8952,#8953));
#1909=EDGE_LOOP('',(#8954,#8955,#8956,#8957));
#1910=EDGE_LOOP('',(#8958,#8959,#8960,#8961,#8962,#8963,#8964,#8965));
#1911=EDGE_LOOP('',(#8966));
#1912=EDGE_LOOP('',(#8967));
#1913=EDGE_LOOP('',(#8968));
#1914=EDGE_LOOP('',(#8969));
#1915=EDGE_LOOP('',(#8970,#8971,#8972,#8973,#8974,#8975,#8976,#8977,#8978,
#8979,#8980,#8981,#8982,#8983,#8984,#8985,#8986,#8987,#8988,#8989,#8990,
#8991,#8992,#8993));
#1916=EDGE_LOOP('',(#8994,#8995,#8996,#8997));
#1917=EDGE_LOOP('',(#8998,#8999,#9000,#9001));
#1918=EDGE_LOOP('',(#9002,#9003,#9004,#9005));
#1919=EDGE_LOOP('',(#9006,#9007,#9008,#9009));
#1920=EDGE_LOOP('',(#9010,#9011,#9012,#9013));
#1921=EDGE_LOOP('',(#9014,#9015,#9016,#9017));
#1922=EDGE_LOOP('',(#9018,#9019,#9020,#9021));
#1923=EDGE_LOOP('',(#9022,#9023,#9024,#9025));
#1924=EDGE_LOOP('',(#9026,#9027,#9028,#9029));
#1925=EDGE_LOOP('',(#9030,#9031,#9032,#9033));
#1926=EDGE_LOOP('',(#9034,#9035,#9036,#9037));
#1927=EDGE_LOOP('',(#9038,#9039,#9040,#9041));
#1928=EDGE_LOOP('',(#9042,#9043,#9044,#9045));
#1929=EDGE_LOOP('',(#9046,#9047,#9048,#9049));
#1930=EDGE_LOOP('',(#9050,#9051,#9052,#9053));
#1931=EDGE_LOOP('',(#9054,#9055,#9056,#9057));
#1932=EDGE_LOOP('',(#9058,#9059,#9060,#9061));
#1933=EDGE_LOOP('',(#9062,#9063,#9064,#9065));
#1934=EDGE_LOOP('',(#9066,#9067,#9068,#9069));
#1935=EDGE_LOOP('',(#9070,#9071,#9072,#9073));
#1936=EDGE_LOOP('',(#9074,#9075,#9076,#9077));
#1937=EDGE_LOOP('',(#9078,#9079,#9080,#9081,#9082,#9083,#9084,#9085));
#1938=EDGE_LOOP('',(#9086));
#1939=EDGE_LOOP('',(#9087));
#1940=EDGE_LOOP('',(#9088));
#1941=EDGE_LOOP('',(#9089));
#1942=EDGE_LOOP('',(#9090,#9091,#9092,#9093,#9094,#9095,#9096,#9097,#9098,
#9099,#9100,#9101,#9102,#9103,#9104,#9105,#9106,#9107,#9108,#9109,#9110,
#9111,#9112,#9113));
#1943=EDGE_LOOP('',(#9114,#9115,#9116,#9117));
#1944=EDGE_LOOP('',(#9118,#9119,#9120,#9121));
#1945=EDGE_LOOP('',(#9122,#9123,#9124,#9125,#9126,#9127,#9128,#9129));
#1946=EDGE_LOOP('',(#9130,#9131,#9132,#9133,#9134,#9135,#9136,#9137));
#1947=EDGE_LOOP('',(#9138,#9139,#9140,#9141));
#1948=EDGE_LOOP('',(#9142,#9143,#9144,#9145,#9146,#9147,#9148,#9149));
#1949=EDGE_LOOP('',(#9150,#9151,#9152,#9153,#9154,#9155,#9156,#9157));
#1950=EDGE_LOOP('',(#9158,#9159,#9160,#9161));
#1951=EDGE_LOOP('',(#9162,#9163,#9164,#9165));
#1952=EDGE_LOOP('',(#9166,#9167,#9168,#9169));
#1953=EDGE_LOOP('',(#9170,#9171,#9172,#9173));
#1954=EDGE_LOOP('',(#9174,#9175,#9176,#9177));
#1955=EDGE_LOOP('',(#9178,#9179,#9180,#9181));
#1956=EDGE_LOOP('',(#9182,#9183,#9184,#9185));
#1957=EDGE_LOOP('',(#9186,#9187,#9188,#9189));
#1958=EDGE_LOOP('',(#9190,#9191,#9192,#9193));
#1959=EDGE_LOOP('',(#9194,#9195,#9196,#9197));
#1960=EDGE_LOOP('',(#9198,#9199,#9200,#9201));
#1961=EDGE_LOOP('',(#9202,#9203,#9204,#9205));
#1962=EDGE_LOOP('',(#9206,#9207,#9208,#9209));
#1963=EDGE_LOOP('',(#9210,#9211,#9212,#9213));
#1964=EDGE_LOOP('',(#9214,#9215,#9216,#9217));
#1965=EDGE_LOOP('',(#9218,#9219,#9220,#9221));
#1966=EDGE_LOOP('',(#9222,#9223,#9224,#9225));
#1967=EDGE_LOOP('',(#9226,#9227,#9228,#9229));
#1968=EDGE_LOOP('',(#9230,#9231,#9232,#9233));
#1969=EDGE_LOOP('',(#9234,#9235,#9236,#9237));
#1970=EDGE_LOOP('',(#9238,#9239,#9240,#9241));
#1971=EDGE_LOOP('',(#9242,#9243,#9244));
#1972=EDGE_LOOP('',(#9245,#9246,#9247,#9248));
#1973=EDGE_LOOP('',(#9249,#9250,#9251));
#1974=EDGE_LOOP('',(#9252,#9253,#9254,#9255));
#1975=EDGE_LOOP('',(#9256,#9257,#9258));
#1976=EDGE_LOOP('',(#9259,#9260,#9261,#9262));
#1977=EDGE_LOOP('',(#9263,#9264,#9265));
#1978=EDGE_LOOP('',(#9266,#9267,#9268,#9269));
#1979=EDGE_LOOP('',(#9270,#9271,#9272,#9273));
#1980=EDGE_LOOP('',(#9274,#9275,#9276,#9277));
#1981=EDGE_LOOP('',(#9278,#9279,#9280,#9281));
#1982=EDGE_LOOP('',(#9282,#9283,#9284,#9285));
#1983=EDGE_LOOP('',(#9286,#9287,#9288,#9289));
#1984=EDGE_LOOP('',(#9290,#9291,#9292,#9293));
#1985=EDGE_LOOP('',(#9294,#9295,#9296,#9297));
#1986=EDGE_LOOP('',(#9298,#9299,#9300,#9301));
#1987=EDGE_LOOP('',(#9302,#9303,#9304,#9305));
#1988=EDGE_LOOP('',(#9306,#9307,#9308,#9309,#9310,#9311,#9312,#9313));
#1989=EDGE_LOOP('',(#9314,#9315,#9316,#9317,#9318,#9319,#9320,#9321));
#1990=EDGE_LOOP('',(#9322,#9323,#9324,#9325));
#1991=EDGE_LOOP('',(#9326,#9327,#9328,#9329));
#1992=EDGE_LOOP('',(#9330,#9331,#9332,#9333,#9334,#9335,#9336,#9337));
#1993=EDGE_LOOP('',(#9338,#9339,#9340,#9341,#9342,#9343,#9344,#9345));
#1994=EDGE_LOOP('',(#9346,#9347,#9348,#9349));
#1995=EDGE_LOOP('',(#9350,#9351,#9352,#9353));
#1996=EDGE_LOOP('',(#9354,#9355,#9356,#9357));
#1997=EDGE_LOOP('',(#9358,#9359,#9360,#9361));
#1998=EDGE_LOOP('',(#9362,#9363,#9364,#9365));
#1999=EDGE_LOOP('',(#9366,#9367,#9368,#9369));
#2000=EDGE_LOOP('',(#9370,#9371,#9372,#9373));
#2001=EDGE_LOOP('',(#9374,#9375,#9376,#9377));
#2002=EDGE_LOOP('',(#9378,#9379,#9380,#9381));
#2003=EDGE_LOOP('',(#9382,#9383,#9384,#9385));
#2004=EDGE_LOOP('',(#9386,#9387,#9388,#9389));
#2005=EDGE_LOOP('',(#9390,#9391,#9392,#9393));
#2006=EDGE_LOOP('',(#9394,#9395,#9396,#9397));
#2007=EDGE_LOOP('',(#9398,#9399,#9400,#9401));
#2008=EDGE_LOOP('',(#9402,#9403,#9404,#9405));
#2009=EDGE_LOOP('',(#9406,#9407,#9408,#9409));
#2010=EDGE_LOOP('',(#9410,#9411,#9412,#9413));
#2011=EDGE_LOOP('',(#9414,#9415,#9416,#9417));
#2012=EDGE_LOOP('',(#9418,#9419,#9420,#9421));
#2013=EDGE_LOOP('',(#9422,#9423,#9424,#9425));
#2014=EDGE_LOOP('',(#9426,#9427,#9428,#9429,#9430,#9431,#9432,#9433));
#2015=EDGE_LOOP('',(#9434,#9435,#9436,#9437,#9438,#9439,#9440,#9441));
#2016=EDGE_LOOP('',(#9442,#9443,#9444,#9445,#9446,#9447,#9448,#9449));
#2017=EDGE_LOOP('',(#9450));
#2018=EDGE_LOOP('',(#9451));
#2019=EDGE_LOOP('',(#9452));
#2020=EDGE_LOOP('',(#9453));
#2021=EDGE_LOOP('',(#9454,#9455,#9456,#9457,#9458,#9459,#9460,#9461));
#2022=EDGE_LOOP('',(#9462,#9463,#9464,#9465));
#2023=EDGE_LOOP('',(#9466,#9467,#9468,#9469));
#2024=EDGE_LOOP('',(#9470,#9471,#9472,#9473));
#2025=EDGE_LOOP('',(#9474,#9475,#9476,#9477));
#2026=EDGE_LOOP('',(#9478,#9479,#9480,#9481));
#2027=EDGE_LOOP('',(#9482,#9483,#9484,#9485,#9486,#9487,#9488,#9489));
#2028=EDGE_LOOP('',(#9490));
#2029=EDGE_LOOP('',(#9491,#9492,#9493,#9494));
#2030=EDGE_LOOP('',(#9495,#9496,#9497,#9498));
#2031=EDGE_LOOP('',(#9499,#9500,#9501,#9502,#9503,#9504,#9505,#9506));
#2032=EDGE_LOOP('',(#9507,#9508,#9509,#9510,#9511,#9512));
#2033=EDGE_LOOP('',(#9513));
#2034=EDGE_LOOP('',(#9514,#9515,#9516,#9517));
#2035=EDGE_LOOP('',(#9518));
#2036=EDGE_LOOP('',(#9519,#9520,#9521,#9522));
#2037=EDGE_LOOP('',(#9523,#9524,#9525,#9526));
#2038=EDGE_LOOP('',(#9527,#9528,#9529,#9530,#9531,#9532));
#2039=EDGE_LOOP('',(#9533));
#2040=EDGE_LOOP('',(#9534,#9535,#9536,#9537));
#2041=EDGE_LOOP('',(#9538,#9539,#9540,#9541));
#2042=EDGE_LOOP('',(#9542,#9543,#9544,#9545));
#2043=EDGE_LOOP('',(#9546,#9547,#9548,#9549));
#2044=EDGE_LOOP('',(#9550,#9551,#9552,#9553,#9554,#9555,#9556,#9557));
#2045=EDGE_LOOP('',(#9558));
#2046=EDGE_LOOP('',(#9559,#9560,#9561,#9562));
#2047=EDGE_LOOP('',(#9563));
#2048=EDGE_LOOP('',(#9564,#9565,#9566,#9567));
#2049=EDGE_LOOP('',(#9568,#9569,#9570,#9571));
#2050=EDGE_LOOP('',(#9572,#9573,#9574,#9575));
#2051=EDGE_LOOP('',(#9576,#9577,#9578,#9579,#9580,#9581,#9582,#9583));
#2052=EDGE_LOOP('',(#9584,#9585,#9586,#9587,#9588,#9589));
#2053=EDGE_LOOP('',(#9590));
#2054=EDGE_LOOP('',(#9591,#9592,#9593,#9594));
#2055=EDGE_LOOP('',(#9595,#9596,#9597,#9598));
#2056=EDGE_LOOP('',(#9599,#9600,#9601,#9602,#9603,#9604));
#2057=EDGE_LOOP('',(#9605));
#2058=EDGE_LOOP('',(#9606,#9607,#9608,#9609));
#2059=EDGE_LOOP('',(#9610,#9611,#9612,#9613,#9614,#9615,#9616,#9617,#9618,
#9619,#9620,#9621,#9622,#9623,#9624,#9625,#9626,#9627,#9628,#9629,#9630,
#9631,#9632,#9633,#9634,#9635,#9636,#9637,#9638,#9639,#9640,#9641,#9642,
#9643,#9644,#9645,#9646,#9647,#9648,#9649,#9650,#9651,#9652,#9653,#9654,
#9655,#9656,#9657,#9658,#9659,#9660,#9661,#9662,#9663,#9664,#9665,#9666,
#9667,#9668,#9669,#9670,#9671,#9672,#9673));
#2060=EDGE_LOOP('',(#9674,#9675,#9676,#9677));
#2061=EDGE_LOOP('',(#9678,#9679,#9680,#9681));
#2062=EDGE_LOOP('',(#9682,#9683,#9684,#9685));
#2063=EDGE_LOOP('',(#9686,#9687,#9688,#9689));
#2064=EDGE_LOOP('',(#9690,#9691,#9692,#9693));
#2065=EDGE_LOOP('',(#9694,#9695,#9696,#9697));
#2066=EDGE_LOOP('',(#9698,#9699,#9700,#9701));
#2067=EDGE_LOOP('',(#9702,#9703,#9704,#9705));
#2068=EDGE_LOOP('',(#9706,#9707,#9708,#9709));
#2069=EDGE_LOOP('',(#9710,#9711,#9712,#9713));
#2070=EDGE_LOOP('',(#9714,#9715,#9716,#9717));
#2071=EDGE_LOOP('',(#9718,#9719,#9720,#9721));
#2072=EDGE_LOOP('',(#9722,#9723,#9724,#9725));
#2073=EDGE_LOOP('',(#9726,#9727,#9728,#9729));
#2074=EDGE_LOOP('',(#9730,#9731,#9732,#9733));
#2075=EDGE_LOOP('',(#9734,#9735,#9736,#9737));
#2076=EDGE_LOOP('',(#9738,#9739,#9740,#9741));
#2077=EDGE_LOOP('',(#9742,#9743,#9744,#9745));
#2078=EDGE_LOOP('',(#9746,#9747,#9748,#9749));
#2079=EDGE_LOOP('',(#9750,#9751,#9752,#9753));
#2080=EDGE_LOOP('',(#9754,#9755,#9756,#9757));
#2081=EDGE_LOOP('',(#9758,#9759,#9760,#9761));
#2082=EDGE_LOOP('',(#9762,#9763,#9764,#9765));
#2083=EDGE_LOOP('',(#9766,#9767,#9768,#9769));
#2084=EDGE_LOOP('',(#9770,#9771,#9772,#9773));
#2085=EDGE_LOOP('',(#9774,#9775,#9776,#9777));
#2086=EDGE_LOOP('',(#9778,#9779,#9780,#9781));
#2087=EDGE_LOOP('',(#9782,#9783,#9784,#9785));
#2088=EDGE_LOOP('',(#9786,#9787,#9788,#9789));
#2089=EDGE_LOOP('',(#9790));
#2090=EDGE_LOOP('',(#9791,#9792,#9793,#9794));
#2091=EDGE_LOOP('',(#9795,#9796,#9797,#9798));
#2092=EDGE_LOOP('',(#9799));
#2093=EDGE_LOOP('',(#9800));
#2094=EDGE_LOOP('',(#9801,#9802,#9803,#9804));
#2095=EDGE_LOOP('',(#9805,#9806,#9807,#9808));
#2096=EDGE_LOOP('',(#9809,#9810,#9811,#9812));
#2097=EDGE_LOOP('',(#9813,#9814,#9815,#9816));
#2098=EDGE_LOOP('',(#9817,#9818,#9819,#9820));
#2099=EDGE_LOOP('',(#9821,#9822,#9823,#9824));
#2100=EDGE_LOOP('',(#9825,#9826,#9827,#9828));
#2101=EDGE_LOOP('',(#9829,#9830,#9831,#9832));
#2102=EDGE_LOOP('',(#9833,#9834,#9835,#9836));
#2103=EDGE_LOOP('',(#9837,#9838,#9839,#9840));
#2104=EDGE_LOOP('',(#9841,#9842,#9843,#9844));
#2105=EDGE_LOOP('',(#9845,#9846,#9847,#9848));
#2106=EDGE_LOOP('',(#9849,#9850,#9851,#9852));
#2107=EDGE_LOOP('',(#9853,#9854,#9855,#9856));
#2108=EDGE_LOOP('',(#9857,#9858,#9859,#9860));
#2109=EDGE_LOOP('',(#9861,#9862,#9863,#9864));
#2110=EDGE_LOOP('',(#9865,#9866,#9867,#9868));
#2111=EDGE_LOOP('',(#9869,#9870,#9871,#9872));
#2112=EDGE_LOOP('',(#9873,#9874,#9875,#9876));
#2113=EDGE_LOOP('',(#9877,#9878,#9879,#9880));
#2114=EDGE_LOOP('',(#9881,#9882,#9883,#9884));
#2115=EDGE_LOOP('',(#9885,#9886,#9887,#9888));
#2116=EDGE_LOOP('',(#9889,#9890,#9891,#9892));
#2117=EDGE_LOOP('',(#9893,#9894,#9895,#9896));
#2118=EDGE_LOOP('',(#9897,#9898,#9899,#9900));
#2119=EDGE_LOOP('',(#9901,#9902,#9903,#9904));
#2120=EDGE_LOOP('',(#9905,#9906,#9907,#9908));
#2121=EDGE_LOOP('',(#9909,#9910,#9911,#9912));
#2122=EDGE_LOOP('',(#9913,#9914,#9915,#9916));
#2123=EDGE_LOOP('',(#9917,#9918,#9919,#9920));
#2124=EDGE_LOOP('',(#9921,#9922,#9923,#9924));
#2125=EDGE_LOOP('',(#9925));
#2126=EDGE_LOOP('',(#9926,#9927,#9928,#9929));
#2127=EDGE_LOOP('',(#9930,#9931,#9932,#9933));
#2128=EDGE_LOOP('',(#9934,#9935,#9936,#9937,#9938,#9939,#9940,#9941,#9942,
#9943,#9944,#9945,#9946,#9947,#9948,#9949,#9950,#9951,#9952,#9953,#9954,
#9955,#9956,#9957,#9958,#9959,#9960,#9961,#9962,#9963,#9964,#9965,#9966,
#9967,#9968,#9969,#9970,#9971,#9972,#9973,#9974,#9975,#9976,#9977,#9978,
#9979,#9980,#9981,#9982,#9983,#9984,#9985,#9986,#9987,#9988,#9989,#9990,
#9991,#9992,#9993,#9994,#9995,#9996,#9997));
#2129=EDGE_LOOP('',(#9998,#9999,#10000,#10001));
#2130=EDGE_LOOP('',(#10002,#10003,#10004,#10005));
#2131=CIRCLE('',#10786,1.473);
#2132=CIRCLE('',#10788,1.473);
#2133=CIRCLE('',#10790,1.473);
#2134=CIRCLE('',#10792,1.473);
#2135=CIRCLE('',#10794,1.473);
#2136=CIRCLE('',#10796,1.473);
#2137=CIRCLE('',#10798,1.473);
#2138=CIRCLE('',#10800,1.473);
#2139=CIRCLE('',#10802,1.473);
#2140=CIRCLE('',#10804,1.473);
#2141=CIRCLE('',#10806,1.473);
#2142=CIRCLE('',#10808,1.473);
#2143=CIRCLE('',#10810,1.473);
#2144=CIRCLE('',#10812,1.473);
#2145=CIRCLE('',#10814,1.473);
#2146=CIRCLE('',#10816,1.473);
#2147=CIRCLE('',#10880,4.);
#2148=CIRCLE('',#10881,4.);
#2149=CIRCLE('',#10883,4.);
#2150=CIRCLE('',#10884,4.);
#2151=CIRCLE('',#10887,4.);
#2152=CIRCLE('',#10888,4.);
#2153=CIRCLE('',#10891,4.);
#2154=CIRCLE('',#10892,4.);
#2155=CIRCLE('',#10896,4.);
#2156=CIRCLE('',#10897,4.);
#2157=CIRCLE('',#10898,4.);
#2158=CIRCLE('',#10899,4.);
#2159=CIRCLE('',#10900,4.);
#2160=CIRCLE('',#10901,4.);
#2161=CIRCLE('',#10903,1.473);
#2162=CIRCLE('',#10905,1.473);
#2163=CIRCLE('',#10907,1.473);
#2164=CIRCLE('',#10909,1.473);
#2165=CIRCLE('',#10911,1.473);
#2166=CIRCLE('',#10913,1.473);
#2167=CIRCLE('',#10915,1.473);
#2168=CIRCLE('',#10917,1.473);
#2169=CIRCLE('',#10919,4.);
#2170=CIRCLE('',#10920,4.);
#2171=CIRCLE('',#10923,4.);
#2172=CIRCLE('',#10924,4.);
#2173=CIRCLE('',#10927,4.);
#2174=CIRCLE('',#10928,4.);
#2175=CIRCLE('',#10931,4.);
#2176=CIRCLE('',#10932,4.);
#2177=CIRCLE('',#10935,4.);
#2178=CIRCLE('',#10936,4.);
#2179=CIRCLE('',#10937,4.);
#2180=CIRCLE('',#10938,4.);
#2181=CIRCLE('',#10940,4.);
#2182=CIRCLE('',#10941,4.);
#2183=CIRCLE('',#10943,4.);
#2184=CIRCLE('',#10946,4.);
#2185=CIRCLE('',#10949,4.);
#2186=CIRCLE('',#10951,4.);
#2187=CIRCLE('',#10953,4.);
#2188=CIRCLE('',#10957,4.);
#2189=CIRCLE('',#10960,4.);
#2190=CIRCLE('',#10963,4.);
#2191=CIRCLE('',#10970,4.);
#2192=CIRCLE('',#10971,4.);
#2193=CIRCLE('',#10975,4.);
#2194=CIRCLE('',#10976,4.);
#2195=CIRCLE('',#10978,1.473);
#2196=CIRCLE('',#10980,1.473);
#2197=CIRCLE('',#10982,1.473);
#2198=CIRCLE('',#10984,1.473);
#2199=CIRCLE('',#10986,1.473);
#2200=CIRCLE('',#10988,1.473);
#2201=CIRCLE('',#10990,1.473);
#2202=CIRCLE('',#10992,1.473);
#2203=CIRCLE('',#10994,1.473);
#2204=CIRCLE('',#10996,1.473);
#2205=CIRCLE('',#10998,1.473);
#2206=CIRCLE('',#11000,1.473);
#2207=CIRCLE('',#11002,1.473);
#2208=CIRCLE('',#11004,1.473);
#2209=CIRCLE('',#11006,1.473);
#2210=CIRCLE('',#11008,1.473);
#2211=CIRCLE('',#11013,4.);
#2212=CIRCLE('',#11014,4.);
#2213=CIRCLE('',#11015,4.);
#2214=CIRCLE('',#11016,4.);
#2215=CIRCLE('',#11017,4.);
#2216=CIRCLE('',#11018,4.);
#2217=CIRCLE('',#11020,1.473);
#2218=CIRCLE('',#11022,1.473);
#2219=CIRCLE('',#11024,1.473);
#2220=CIRCLE('',#11026,1.473);
#2221=CIRCLE('',#11028,1.473);
#2222=CIRCLE('',#11030,1.473);
#2223=CIRCLE('',#11032,1.473);
#2224=CIRCLE('',#11034,1.473);
#2225=CIRCLE('',#11036,4.);
#2226=CIRCLE('',#11037,4.);
#2227=CIRCLE('',#11040,4.);
#2228=CIRCLE('',#11041,4.);
#2229=CIRCLE('',#11044,4.);
#2230=CIRCLE('',#11045,4.);
#2231=CIRCLE('',#11048,4.);
#2232=CIRCLE('',#11049,4.);
#2233=CIRCLE('',#11052,4.);
#2234=CIRCLE('',#11053,4.);
#2235=CIRCLE('',#11054,4.);
#2236=CIRCLE('',#11055,4.);
#2237=CIRCLE('',#11057,4.);
#2238=CIRCLE('',#11058,4.);
#2239=CIRCLE('',#11060,4.);
#2240=CIRCLE('',#11063,4.);
#2241=CIRCLE('',#11066,4.);
#2242=CIRCLE('',#11068,4.);
#2243=CIRCLE('',#11070,4.);
#2244=CIRCLE('',#11074,4.);
#2245=CIRCLE('',#11077,4.);
#2246=CIRCLE('',#11080,4.);
#2247=CIRCLE('',#11086,9.9);
#2248=CIRCLE('',#11087,9.4);
#2249=CIRCLE('',#11088,9.4);
#2250=CIRCLE('',#11089,9.4);
#2251=CIRCLE('',#11090,9.4);
#2252=CIRCLE('',#11092,9.9);
#2253=CIRCLE('',#11094,9.4);
#2254=CIRCLE('',#11096,9.4);
#2255=CIRCLE('',#11098,9.4);
#2256=CIRCLE('',#11100,9.4);
#2257=CIRCLE('',#11104,2.);
#2258=CIRCLE('',#11105,2.);
#2259=CIRCLE('',#11106,2.);
#2260=CIRCLE('',#11107,2.);
#2261=CIRCLE('',#11109,2.);
#2262=CIRCLE('',#11112,2.);
#2263=CIRCLE('',#11113,2.);
#2264=CIRCLE('',#11114,2.);
#2265=CIRCLE('',#11123,1.473);
#2266=CIRCLE('',#11124,1.473);
#2267=CIRCLE('',#11126,1.473);
#2268=CIRCLE('',#11127,1.473);
#2269=CIRCLE('',#11132,1.473);
#2270=CIRCLE('',#11133,1.473);
#2271=CIRCLE('',#11135,1.473);
#2272=CIRCLE('',#11140,1.473);
#2273=CIRCLE('',#11142,1.473);
#2274=CIRCLE('',#11144,1.473);
#2275=CIRCLE('',#11148,1.473);
#2276=CIRCLE('',#11149,1.473);
#2277=CIRCLE('',#11156,12.);
#2278=CIRCLE('',#11157,12.);
#2279=CIRCLE('',#11159,2.);
#2280=CIRCLE('',#11160,2.);
#2281=CIRCLE('',#11161,2.);
#2282=CIRCLE('',#11162,2.);
#2283=CIRCLE('',#11163,1.473);
#2284=CIRCLE('',#11164,1.473);
#2285=CIRCLE('',#11165,1.473);
#2286=CIRCLE('',#11166,1.473);
#2287=CIRCLE('',#11168,10.);
#2288=CIRCLE('',#11169,10.);
#2289=CIRCLE('',#11171,10.);
#2290=CIRCLE('',#11172,10.);
#2291=CIRCLE('',#11174,10.);
#2292=CIRCLE('',#11175,10.);
#2293=CIRCLE('',#11177,10.);
#2294=CIRCLE('',#11178,10.);
#2295=CIRCLE('',#11182,2.);
#2296=CIRCLE('',#11183,2.);
#2297=CIRCLE('',#11184,2.);
#2298=CIRCLE('',#11185,2.);
#2299=CIRCLE('',#11186,1.473);
#2300=CIRCLE('',#11187,1.473);
#2301=CIRCLE('',#11188,1.473);
#2302=CIRCLE('',#11189,1.473);
#2303=CIRCLE('',#11205,1.473);
#2304=CIRCLE('',#11206,1.473);
#2305=CIRCLE('',#11208,1.473);
#2306=CIRCLE('',#11209,1.473);
#2307=CIRCLE('',#11214,1.473);
#2308=CIRCLE('',#11215,1.473);
#2309=CIRCLE('',#11217,1.473);
#2310=CIRCLE('',#11222,1.473);
#2311=CIRCLE('',#11224,1.473);
#2312=CIRCLE('',#11226,1.473);
#2313=CIRCLE('',#11231,1.473);
#2314=CIRCLE('',#11232,1.473);
#2315=CIRCLE('',#11238,1.473);
#2316=CIRCLE('',#11240,1.473);
#2317=CIRCLE('',#11242,1.473);
#2318=CIRCLE('',#11244,1.473);
#2319=CIRCLE('',#11253,1.473);
#2320=CIRCLE('',#11255,1.473);
#2321=CIRCLE('',#11260,1.473);
#2322=CIRCLE('',#11265,1.473);
#2323=CIRCLE('',#11267,1.473);
#2324=CIRCLE('',#11272,1.473);
#2325=CIRCLE('',#11275,1.473);
#2326=CIRCLE('',#11278,1.473);
#2327=CIRCLE('',#11287,1.473);
#2328=CIRCLE('',#11288,1.473);
#2329=CIRCLE('',#11290,1.473);
#2330=CIRCLE('',#11291,1.473);
#2331=CIRCLE('',#11294,1.473);
#2332=CIRCLE('',#11295,1.473);
#2333=CIRCLE('',#11298,1.473);
#2334=CIRCLE('',#11299,1.473);
#2335=CIRCLE('',#11301,1.473);
#2336=CIRCLE('',#11302,1.473);
#2337=CIRCLE('',#11304,1.473);
#2338=CIRCLE('',#11305,1.473);
#2339=CIRCLE('',#11309,1.473);
#2340=CIRCLE('',#11312,1.473);
#2341=CIRCLE('',#11316,1.473);
#2342=CIRCLE('',#11318,1.473);
#2343=CIRCLE('',#11319,1.473);
#2344=CIRCLE('',#11322,1.473);
#2345=CIRCLE('',#11332,4.);
#2346=CIRCLE('',#11333,4.);
#2347=CIRCLE('',#11335,4.);
#2348=CIRCLE('',#11336,4.);
#2349=CIRCLE('',#11337,4.);
#2350=CIRCLE('',#11340,4.);
#2351=CIRCLE('',#11342,4.);
#2352=CIRCLE('',#11345,4.);
#2353=CIRCLE('',#11355,4.);
#2354=CIRCLE('',#11356,4.);
#2355=CIRCLE('',#11358,4.);
#2356=CIRCLE('',#11359,4.);
#2357=CIRCLE('',#11360,4.);
#2358=CIRCLE('',#11363,4.);
#2359=CIRCLE('',#11365,4.);
#2360=CIRCLE('',#11368,4.);
#2361=CIRCLE('',#11378,4.);
#2362=CIRCLE('',#11379,4.);
#2363=CIRCLE('',#11382,4.);
#2364=CIRCLE('',#11383,4.);
#2365=CIRCLE('',#11384,4.);
#2366=CIRCLE('',#11386,4.);
#2367=CIRCLE('',#11389,4.);
#2368=CIRCLE('',#11392,4.);
#2369=CIRCLE('',#11401,2.8);
#2370=CIRCLE('',#11402,1.473);
#2371=CIRCLE('',#11404,2.8);
#2372=CIRCLE('',#11406,1.473);
#2373=CIRCLE('',#11408,2.8);
#2374=CIRCLE('',#11409,1.473);
#2375=CIRCLE('',#11411,2.8);
#2376=CIRCLE('',#11413,1.473);
#2377=CIRCLE('',#11415,2.8);
#2378=CIRCLE('',#11416,1.473);
#2379=CIRCLE('',#11418,2.8);
#2380=CIRCLE('',#11420,1.473);
#2381=CIRCLE('',#11422,2.8);
#2382=CIRCLE('',#11423,1.473);
#2383=CIRCLE('',#11425,2.8);
#2384=CIRCLE('',#11427,1.473);
#2385=CIRCLE('',#11429,2.);
#2386=CIRCLE('',#11430,2.);
#2387=CIRCLE('',#11433,2.);
#2388=CIRCLE('',#11434,2.);
#2389=CIRCLE('',#11436,4.);
#2390=CIRCLE('',#11437,4.);
#2391=CIRCLE('',#11438,4.);
#2392=CIRCLE('',#11439,4.);
#2393=CIRCLE('',#11440,2.);
#2394=CIRCLE('',#11441,2.);
#2395=CIRCLE('',#11442,2.);
#2396=CIRCLE('',#11443,2.);
#2397=CIRCLE('',#11444,2.);
#2398=CIRCLE('',#11445,2.);
#2399=CIRCLE('',#11446,2.);
#2400=CIRCLE('',#11447,2.);
#2401=CIRCLE('',#11448,2.);
#2402=CIRCLE('',#11449,2.);
#2403=CIRCLE('',#11451,2.);
#2404=CIRCLE('',#11455,2.);
#2405=CIRCLE('',#11458,2.);
#2406=CIRCLE('',#11460,2.);
#2407=CIRCLE('',#11464,2.);
#2408=CIRCLE('',#11467,2.);
#2409=CIRCLE('',#11469,2.);
#2410=CIRCLE('',#11474,2.);
#2411=CIRCLE('',#11477,2.);
#2412=CIRCLE('',#11480,2.);
#2413=CIRCLE('',#11482,4.);
#2414=CIRCLE('',#11483,4.);
#2415=CIRCLE('',#11484,4.);
#2416=CIRCLE('',#11485,4.);
#2417=CIRCLE('',#11487,4.);
#2418=CIRCLE('',#11490,4.);
#2419=CIRCLE('',#11491,4.);
#2420=CIRCLE('',#11492,4.);
#2421=CIRCLE('',#11493,4.);
#2422=CIRCLE('',#11494,4.);
#2423=CIRCLE('',#11495,4.);
#2424=CIRCLE('',#11496,4.);
#2425=CIRCLE('',#11498,4.);
#2426=CIRCLE('',#11500,4.);
#2427=CIRCLE('',#11501,4.);
#2428=CIRCLE('',#11502,4.);
#2429=CIRCLE('',#11503,4.);
#2430=CIRCLE('',#11504,4.);
#2431=CIRCLE('',#11505,4.);
#2432=CIRCLE('',#11506,4.);
#2433=CIRCLE('',#11530,1.473);
#2434=CIRCLE('',#11532,1.473);
#2435=CIRCLE('',#11534,1.473);
#2436=CIRCLE('',#11536,1.473);
#2437=CIRCLE('',#11538,1.473);
#2438=CIRCLE('',#11540,1.473);
#2439=CIRCLE('',#11542,1.473);
#2440=CIRCLE('',#11544,1.473);
#2441=CIRCLE('',#11546,2.);
#2442=CIRCLE('',#11547,2.);
#2443=CIRCLE('',#11550,2.);
#2444=CIRCLE('',#11551,2.);
#2445=CIRCLE('',#11553,2.);
#2446=CIRCLE('',#11554,2.);
#2447=CIRCLE('',#11557,2.);
#2448=CIRCLE('',#11558,2.);
#2449=CIRCLE('',#11562,4.);
#2450=CIRCLE('',#11563,4.);
#2451=CIRCLE('',#11565,4.);
#2452=CIRCLE('',#11566,4.);
#2453=CIRCLE('',#11567,4.);
#2454=CIRCLE('',#11570,4.);
#2455=CIRCLE('',#11571,4.);
#2456=CIRCLE('',#11573,4.);
#2457=CIRCLE('',#11574,4.);
#2458=CIRCLE('',#11575,4.);
#2459=CIRCLE('',#11576,4.);
#2460=CIRCLE('',#11577,4.);
#2461=CIRCLE('',#11578,4.);
#2462=CIRCLE('',#11579,4.);
#2463=CIRCLE('',#11582,4.);
#2464=CIRCLE('',#11585,4.);
#2465=CIRCLE('',#11587,4.);
#2466=CIRCLE('',#11589,4.);
#2467=CIRCLE('',#11592,4.);
#2468=CIRCLE('',#11595,4.);
#2469=CIRCLE('',#11598,4.);
#2470=CIRCLE('',#11601,4.);
#2471=CIRCLE('',#11603,4.);
#2472=CIRCLE('',#11605,4.);
#2473=CIRCLE('',#11615,1.473);
#2474=CIRCLE('',#11616,1.473);
#2475=CIRCLE('',#11618,1.473);
#2476=CIRCLE('',#11619,1.473);
#2477=CIRCLE('',#11634,1.473);
#2478=CIRCLE('',#11635,1.473);
#2479=CIRCLE('',#11639,1.473);
#2480=CIRCLE('',#11641,1.473);
#2481=CIRCLE('',#11682,1.473);
#2482=CIRCLE('',#11685,1.473);
#2483=CIRCLE('',#11686,1.473);
#2484=CIRCLE('',#11718,1.473);
#2485=LINE('',#14795,#3570);
#2486=LINE('',#14800,#3571);
#2487=LINE('',#14804,#3572);
#2488=LINE('',#14809,#3573);
#2489=LINE('',#14813,#3574);
#2490=LINE('',#14818,#3575);
#2491=LINE('',#14822,#3576);
#2492=LINE('',#14827,#3577);
#2493=LINE('',#14831,#3578);
#2494=LINE('',#14836,#3579);
#2495=LINE('',#14840,#3580);
#2496=LINE('',#14845,#3581);
#2497=LINE('',#14849,#3582);
#2498=LINE('',#14854,#3583);
#2499=LINE('',#14858,#3584);
#2500=LINE('',#14863,#3585);
#2501=LINE('',#14867,#3586);
#2502=LINE('',#14869,#3587);
#2503=LINE('',#14871,#3588);
#2504=LINE('',#14872,#3589);
#2505=LINE('',#14876,#3590);
#2506=LINE('',#14878,#3591);
#2507=LINE('',#14880,#3592);
#2508=LINE('',#14881,#3593);
#2509=LINE('',#14885,#3594);
#2510=LINE('',#14887,#3595);
#2511=LINE('',#14889,#3596);
#2512=LINE('',#14890,#3597);
#2513=LINE('',#14894,#3598);
#2514=LINE('',#14896,#3599);
#2515=LINE('',#14898,#3600);
#2516=LINE('',#14899,#3601);
#2517=LINE('',#14903,#3602);
#2518=LINE('',#14905,#3603);
#2519=LINE('',#14907,#3604);
#2520=LINE('',#14908,#3605);
#2521=LINE('',#14911,#3606);
#2522=LINE('',#14913,#3607);
#2523=LINE('',#14914,#3608);
#2524=LINE('',#14917,#3609);
#2525=LINE('',#14918,#3610);
#2526=LINE('',#14922,#3611);
#2527=LINE('',#14924,#3612);
#2528=LINE('',#14926,#3613);
#2529=LINE('',#14927,#3614);
#2530=LINE('',#14931,#3615);
#2531=LINE('',#14933,#3616);
#2532=LINE('',#14935,#3617);
#2533=LINE('',#14936,#3618);
#2534=LINE('',#14940,#3619);
#2535=LINE('',#14942,#3620);
#2536=LINE('',#14944,#3621);
#2537=LINE('',#14945,#3622);
#2538=LINE('',#14948,#3623);
#2539=LINE('',#14950,#3624);
#2540=LINE('',#14951,#3625);
#2541=LINE('',#14954,#3626);
#2542=LINE('',#14955,#3627);
#2543=LINE('',#14958,#3628);
#2544=LINE('',#14959,#3629);
#2545=LINE('',#14961,#3630);
#2546=LINE('',#14965,#3631);
#2547=LINE('',#14967,#3632);
#2548=LINE('',#14969,#3633);
#2549=LINE('',#14970,#3634);
#2550=LINE('',#14974,#3635);
#2551=LINE('',#14976,#3636);
#2552=LINE('',#14978,#3637);
#2553=LINE('',#14979,#3638);
#2554=LINE('',#14982,#3639);
#2555=LINE('',#14983,#3640);
#2556=LINE('',#14985,#3641);
#2557=LINE('',#14989,#3642);
#2558=LINE('',#14991,#3643);
#2559=LINE('',#14993,#3644);
#2560=LINE('',#14994,#3645);
#2561=LINE('',#14998,#3646);
#2562=LINE('',#15000,#3647);
#2563=LINE('',#15002,#3648);
#2564=LINE('',#15003,#3649);
#2565=LINE('',#15007,#3650);
#2566=LINE('',#15009,#3651);
#2567=LINE('',#15011,#3652);
#2568=LINE('',#15012,#3653);
#2569=LINE('',#15016,#3654);
#2570=LINE('',#15018,#3655);
#2571=LINE('',#15020,#3656);
#2572=LINE('',#15021,#3657);
#2573=LINE('',#15024,#3658);
#2574=LINE('',#15026,#3659);
#2575=LINE('',#15027,#3660);
#2576=LINE('',#15030,#3661);
#2577=LINE('',#15032,#3662);
#2578=LINE('',#15033,#3663);
#2579=LINE('',#15036,#3664);
#2580=LINE('',#15038,#3665);
#2581=LINE('',#15039,#3666);
#2582=LINE('',#15042,#3667);
#2583=LINE('',#15043,#3668);
#2584=LINE('',#15045,#3669);
#2585=LINE('',#15048,#3670);
#2586=LINE('',#15050,#3671);
#2587=LINE('',#15051,#3672);
#2588=LINE('',#15054,#3673);
#2589=LINE('',#15055,#3674);
#2590=LINE('',#15058,#3675);
#2591=LINE('',#15059,#3676);
#2592=LINE('',#15062,#3677);
#2593=LINE('',#15064,#3678);
#2594=LINE('',#15065,#3679);
#2595=LINE('',#15068,#3680);
#2596=LINE('',#15069,#3681);
#2597=LINE('',#15072,#3682);
#2598=LINE('',#15073,#3683);
#2599=LINE('',#15076,#3684);
#2600=LINE('',#15078,#3685);
#2601=LINE('',#15079,#3686);
#2602=LINE('',#15082,#3687);
#2603=LINE('',#15084,#3688);
#2604=LINE('',#15085,#3689);
#2605=LINE('',#15088,#3690);
#2606=LINE('',#15089,#3691);
#2607=LINE('',#15092,#3692);
#2608=LINE('',#15093,#3693);
#2609=LINE('',#15096,#3694);
#2610=LINE('',#15097,#3695);
#2611=LINE('',#15100,#3696);
#2612=LINE('',#15101,#3697);
#2613=LINE('',#15104,#3698);
#2614=LINE('',#15106,#3699);
#2615=LINE('',#15107,#3700);
#2616=LINE('',#15110,#3701);
#2617=LINE('',#15111,#3702);
#2618=LINE('',#15114,#3703);
#2619=LINE('',#15115,#3704);
#2620=LINE('',#15118,#3705);
#2621=LINE('',#15120,#3706);
#2622=LINE('',#15121,#3707);
#2623=LINE('',#15124,#3708);
#2624=LINE('',#15126,#3709);
#2625=LINE('',#15127,#3710);
#2626=LINE('',#15130,#3711);
#2627=LINE('',#15131,#3712);
#2628=LINE('',#15134,#3713);
#2629=LINE('',#15135,#3714);
#2630=LINE('',#15138,#3715);
#2631=LINE('',#15139,#3716);
#2632=LINE('',#15142,#3717);
#2633=LINE('',#15143,#3718);
#2634=LINE('',#15146,#3719);
#2635=LINE('',#15148,#3720);
#2636=LINE('',#15149,#3721);
#2637=LINE('',#15152,#3722);
#2638=LINE('',#15154,#3723);
#2639=LINE('',#15155,#3724);
#2640=LINE('',#15158,#3725);
#2641=LINE('',#15159,#3726);
#2642=LINE('',#15162,#3727);
#2643=LINE('',#15163,#3728);
#2644=LINE('',#15166,#3729);
#2645=LINE('',#15167,#3730);
#2646=LINE('',#15170,#3731);
#2647=LINE('',#15171,#3732);
#2648=LINE('',#15174,#3733);
#2649=LINE('',#15176,#3734);
#2650=LINE('',#15177,#3735);
#2651=LINE('',#15180,#3736);
#2652=LINE('',#15181,#3737);
#2653=LINE('',#15184,#3738);
#2654=LINE('',#15185,#3739);
#2655=LINE('',#15187,#3740);
#2656=LINE('',#15189,#3741);
#2657=LINE('',#15191,#3742);
#2658=LINE('',#15193,#3743);
#2659=LINE('',#15195,#3744);
#2660=LINE('',#15196,#3745);
#2661=LINE('',#15198,#3746);
#2662=LINE('',#15200,#3747);
#2663=LINE('',#15201,#3748);
#2664=LINE('',#15203,#3749);
#2665=LINE('',#15205,#3750);
#2666=LINE('',#15207,#3751);
#2667=LINE('',#15209,#3752);
#2668=LINE('',#15210,#3753);
#2669=LINE('',#15211,#3754);
#2670=LINE('',#15213,#3755);
#2671=LINE('',#15215,#3756);
#2672=LINE('',#15217,#3757);
#2673=LINE('',#15219,#3758);
#2674=LINE('',#15221,#3759);
#2675=LINE('',#15223,#3760);
#2676=LINE('',#15224,#3761);
#2677=LINE('',#15226,#3762);
#2678=LINE('',#15227,#3763);
#2679=LINE('',#15229,#3764);
#2680=LINE('',#15231,#3765);
#2681=LINE('',#15233,#3766);
#2682=LINE('',#15235,#3767);
#2683=LINE('',#15236,#3768);
#2684=LINE('',#15237,#3769);
#2685=LINE('',#15243,#3770);
#2686=LINE('',#15246,#3771);
#2687=LINE('',#15252,#3772);
#2688=LINE('',#15255,#3773);
#2689=LINE('',#15258,#3774);
#2690=LINE('',#15260,#3775);
#2691=LINE('',#15261,#3776);
#2692=LINE('',#15264,#3777);
#2693=LINE('',#15269,#3778);
#2694=LINE('',#15271,#3779);
#2695=LINE('',#15272,#3780);
#2696=LINE('',#15275,#3781);
#2697=LINE('',#15280,#3782);
#2698=LINE('',#15281,#3783);
#2699=LINE('',#15284,#3784);
#2700=LINE('',#15285,#3785);
#2701=LINE('',#15292,#3786);
#2702=LINE('',#15297,#3787);
#2703=LINE('',#15302,#3788);
#2704=LINE('',#15307,#3789);
#2705=LINE('',#15311,#3790);
#2706=LINE('',#15316,#3791);
#2707=LINE('',#15320,#3792);
#2708=LINE('',#15325,#3793);
#2709=LINE('',#15329,#3794);
#2710=LINE('',#15334,#3795);
#2711=LINE('',#15340,#3796);
#2712=LINE('',#15343,#3797);
#2713=LINE('',#15346,#3798);
#2714=LINE('',#15348,#3799);
#2715=LINE('',#15349,#3800);
#2716=LINE('',#15355,#3801);
#2717=LINE('',#15358,#3802);
#2718=LINE('',#15360,#3803);
#2719=LINE('',#15361,#3804);
#2720=LINE('',#15367,#3805);
#2721=LINE('',#15370,#3806);
#2722=LINE('',#15373,#3807);
#2723=LINE('',#15375,#3808);
#2724=LINE('',#15376,#3809);
#2725=LINE('',#15381,#3810);
#2726=LINE('',#15382,#3811);
#2727=LINE('',#15388,#3812);
#2728=LINE('',#15392,#3813);
#2729=LINE('',#15396,#3814);
#2730=LINE('',#15399,#3815);
#2731=LINE('',#15406,#3816);
#2732=LINE('',#15409,#3817);
#2733=LINE('',#15410,#3818);
#2734=LINE('',#15413,#3819);
#2735=LINE('',#15417,#3820);
#2736=LINE('',#15418,#3821);
#2737=LINE('',#15425,#3822);
#2738=LINE('',#15428,#3823);
#2739=LINE('',#15431,#3824);
#2740=LINE('',#15432,#3825);
#2741=LINE('',#15438,#3826);
#2742=LINE('',#15439,#3827);
#2743=LINE('',#15442,#3828);
#2744=LINE('',#15443,#3829);
#2745=LINE('',#15447,#3830);
#2746=LINE('',#15451,#3831);
#2747=LINE('',#15454,#3832);
#2748=LINE('',#15456,#3833);
#2749=LINE('',#15462,#3834);
#2750=LINE('',#15464,#3835);
#2751=LINE('',#15466,#3836);
#2752=LINE('',#15467,#3837);
#2753=LINE('',#15472,#3838);
#2754=LINE('',#15477,#3839);
#2755=LINE('',#15479,#3840);
#2756=LINE('',#15481,#3841);
#2757=LINE('',#15482,#3842);
#2758=LINE('',#15486,#3843);
#2759=LINE('',#15488,#3844);
#2760=LINE('',#15490,#3845);
#2761=LINE('',#15491,#3846);
#2762=LINE('',#15496,#3847);
#2763=LINE('',#15501,#3848);
#2764=LINE('',#15506,#3849);
#2765=LINE('',#15510,#3850);
#2766=LINE('',#15515,#3851);
#2767=LINE('',#15519,#3852);
#2768=LINE('',#15524,#3853);
#2769=LINE('',#15528,#3854);
#2770=LINE('',#15533,#3855);
#2771=LINE('',#15537,#3856);
#2772=LINE('',#15542,#3857);
#2773=LINE('',#15546,#3858);
#2774=LINE('',#15551,#3859);
#2775=LINE('',#15555,#3860);
#2776=LINE('',#15560,#3861);
#2777=LINE('',#15564,#3862);
#2778=LINE('',#15569,#3863);
#2779=LINE('',#15572,#3864);
#2780=LINE('',#15574,#3865);
#2781=LINE('',#15575,#3866);
#2782=LINE('',#15579,#3867);
#2783=LINE('',#15581,#3868);
#2784=LINE('',#15583,#3869);
#2785=LINE('',#15584,#3870);
#2786=LINE('',#15587,#3871);
#2787=LINE('',#15589,#3872);
#2788=LINE('',#15590,#3873);
#2789=LINE('',#15597,#3874);
#2790=LINE('',#15602,#3875);
#2791=LINE('',#15607,#3876);
#2792=LINE('',#15612,#3877);
#2793=LINE('',#15616,#3878);
#2794=LINE('',#15621,#3879);
#2795=LINE('',#15625,#3880);
#2796=LINE('',#15630,#3881);
#2797=LINE('',#15634,#3882);
#2798=LINE('',#15639,#3883);
#2799=LINE('',#15645,#3884);
#2800=LINE('',#15648,#3885);
#2801=LINE('',#15651,#3886);
#2802=LINE('',#15653,#3887);
#2803=LINE('',#15654,#3888);
#2804=LINE('',#15660,#3889);
#2805=LINE('',#15663,#3890);
#2806=LINE('',#15665,#3891);
#2807=LINE('',#15666,#3892);
#2808=LINE('',#15672,#3893);
#2809=LINE('',#15675,#3894);
#2810=LINE('',#15678,#3895);
#2811=LINE('',#15680,#3896);
#2812=LINE('',#15681,#3897);
#2813=LINE('',#15686,#3898);
#2814=LINE('',#15687,#3899);
#2815=LINE('',#15693,#3900);
#2816=LINE('',#15697,#3901);
#2817=LINE('',#15701,#3902);
#2818=LINE('',#15704,#3903);
#2819=LINE('',#15711,#3904);
#2820=LINE('',#15714,#3905);
#2821=LINE('',#15715,#3906);
#2822=LINE('',#15718,#3907);
#2823=LINE('',#15722,#3908);
#2824=LINE('',#15723,#3909);
#2825=LINE('',#15730,#3910);
#2826=LINE('',#15733,#3911);
#2827=LINE('',#15736,#3912);
#2828=LINE('',#15737,#3913);
#2829=LINE('',#15743,#3914);
#2830=LINE('',#15744,#3915);
#2831=LINE('',#15747,#3916);
#2832=LINE('',#15748,#3917);
#2833=LINE('',#15752,#3918);
#2834=LINE('',#15756,#3919);
#2835=LINE('',#15759,#3920);
#2836=LINE('',#15761,#3921);
#2837=LINE('',#15769,#3922);
#2838=LINE('',#15775,#3923);
#2839=LINE('',#15781,#3924);
#2840=LINE('',#15787,#3925);
#2841=LINE('',#15788,#3926);
#2842=LINE('',#15791,#3927);
#2843=LINE('',#15794,#3928);
#2844=LINE('',#15798,#3929);
#2845=LINE('',#15802,#3930);
#2846=LINE('',#15804,#3931);
#2847=LINE('',#15806,#3932);
#2848=LINE('',#15812,#3933);
#2849=LINE('',#15816,#3934);
#2850=LINE('',#15820,#3935);
#2851=LINE('',#15823,#3936);
#2852=LINE('',#15826,#3937);
#2853=LINE('',#15829,#3938);
#2854=LINE('',#15832,#3939);
#2855=LINE('',#15833,#3940);
#2856=LINE('',#15836,#3941);
#2857=LINE('',#15840,#3942);
#2858=LINE('',#15844,#3943);
#2859=LINE('',#15847,#3944);
#2860=LINE('',#15848,#3945);
#2861=LINE('',#15850,#3946);
#2862=LINE('',#15852,#3947);
#2863=LINE('',#15854,#3948);
#2864=LINE('',#15862,#3949);
#2865=LINE('',#15868,#3950);
#2866=LINE('',#15873,#3951);
#2867=LINE('',#15875,#3952);
#2868=LINE('',#15877,#3953);
#2869=LINE('',#15878,#3954);
#2870=LINE('',#15882,#3955);
#2871=LINE('',#15884,#3956);
#2872=LINE('',#15886,#3957);
#2873=LINE('',#15887,#3958);
#2874=LINE('',#15889,#3959);
#2875=LINE('',#15890,#3960);
#2876=LINE('',#15893,#3961);
#2877=LINE('',#15895,#3962);
#2878=LINE('',#15896,#3963);
#2879=LINE('',#15903,#3964);
#2880=LINE('',#15905,#3965);
#2881=LINE('',#15906,#3966);
#2882=LINE('',#15912,#3967);
#2883=LINE('',#15914,#3968);
#2884=LINE('',#15916,#3969);
#2885=LINE('',#15917,#3970);
#2886=LINE('',#15920,#3971);
#2887=LINE('',#15922,#3972);
#2888=LINE('',#15923,#3973);
#2889=LINE('',#15925,#3974);
#2890=LINE('',#15926,#3975);
#2891=LINE('',#15929,#3976);
#2892=LINE('',#15931,#3977);
#2893=LINE('',#15932,#3978);
#2894=LINE('',#15937,#3979);
#2895=LINE('',#15941,#3980);
#2896=LINE('',#15945,#3981);
#2897=LINE('',#15947,#3982);
#2898=LINE('',#15948,#3983);
#2899=LINE('',#15951,#3984);
#2900=LINE('',#15953,#3985);
#2901=LINE('',#15954,#3986);
#2902=LINE('',#15956,#3987);
#2903=LINE('',#15957,#3988);
#2904=LINE('',#15964,#3989);
#2905=LINE('',#15966,#3990);
#2906=LINE('',#15973,#3991);
#2907=LINE('',#15980,#3992);
#2908=LINE('',#15984,#3993);
#2909=LINE('',#15988,#3994);
#2910=LINE('',#15991,#3995);
#2911=LINE('',#16005,#3996);
#2912=LINE('',#16008,#3997);
#2913=LINE('',#16014,#3998);
#2914=LINE('',#16017,#3999);
#2915=LINE('',#16023,#4000);
#2916=LINE('',#16028,#4001);
#2917=LINE('',#16031,#4002);
#2918=LINE('',#16032,#4003);
#2919=LINE('',#16034,#4004);
#2920=LINE('',#16035,#4005);
#2921=LINE('',#16041,#4006);
#2922=LINE('',#16045,#4007);
#2923=LINE('',#16049,#4008);
#2924=LINE('',#16052,#4009);
#2925=LINE('',#16063,#4010);
#2926=LINE('',#16065,#4011);
#2927=LINE('',#16067,#4012);
#2928=LINE('',#16069,#4013);
#2929=LINE('',#16071,#4014);
#2930=LINE('',#16072,#4015);
#2931=LINE('',#16074,#4016);
#2932=LINE('',#16076,#4017);
#2933=LINE('',#16078,#4018);
#2934=LINE('',#16080,#4019);
#2935=LINE('',#16081,#4020);
#2936=LINE('',#16084,#4021);
#2937=LINE('',#16091,#4022);
#2938=LINE('',#16097,#4023);
#2939=LINE('',#16102,#4024);
#2940=LINE('',#16104,#4025);
#2941=LINE('',#16106,#4026);
#2942=LINE('',#16107,#4027);
#2943=LINE('',#16111,#4028);
#2944=LINE('',#16113,#4029);
#2945=LINE('',#16115,#4030);
#2946=LINE('',#16116,#4031);
#2947=LINE('',#16118,#4032);
#2948=LINE('',#16119,#4033);
#2949=LINE('',#16122,#4034);
#2950=LINE('',#16124,#4035);
#2951=LINE('',#16125,#4036);
#2952=LINE('',#16132,#4037);
#2953=LINE('',#16134,#4038);
#2954=LINE('',#16135,#4039);
#2955=LINE('',#16141,#4040);
#2956=LINE('',#16143,#4041);
#2957=LINE('',#16145,#4042);
#2958=LINE('',#16146,#4043);
#2959=LINE('',#16149,#4044);
#2960=LINE('',#16151,#4045);
#2961=LINE('',#16152,#4046);
#2962=LINE('',#16154,#4047);
#2963=LINE('',#16155,#4048);
#2964=LINE('',#16158,#4049);
#2965=LINE('',#16160,#4050);
#2966=LINE('',#16161,#4051);
#2967=LINE('',#16166,#4052);
#2968=LINE('',#16170,#4053);
#2969=LINE('',#16174,#4054);
#2970=LINE('',#16176,#4055);
#2971=LINE('',#16177,#4056);
#2972=LINE('',#16180,#4057);
#2973=LINE('',#16181,#4058);
#2974=LINE('',#16184,#4059);
#2975=LINE('',#16185,#4060);
#2976=LINE('',#16187,#4061);
#2977=LINE('',#16194,#4062);
#2978=LINE('',#16196,#4063);
#2979=LINE('',#16201,#4064);
#2980=LINE('',#16206,#4065);
#2981=LINE('',#16210,#4066);
#2982=LINE('',#16215,#4067);
#2983=LINE('',#16219,#4068);
#2984=LINE('',#16221,#4069);
#2985=LINE('',#16223,#4070);
#2986=LINE('',#16224,#4071);
#2987=LINE('',#16227,#4072);
#2988=LINE('',#16229,#4073);
#2989=LINE('',#16231,#4074);
#2990=LINE('',#16233,#4075);
#2991=LINE('',#16235,#4076);
#2992=LINE('',#16237,#4077);
#2993=LINE('',#16238,#4078);
#2994=LINE('',#16241,#4079);
#2995=LINE('',#16243,#4080);
#2996=LINE('',#16245,#4081);
#2997=LINE('',#16247,#4082);
#2998=LINE('',#16249,#4083);
#2999=LINE('',#16251,#4084);
#3000=LINE('',#16252,#4085);
#3001=LINE('',#16254,#4086);
#3002=LINE('',#16255,#4087);
#3003=LINE('',#16264,#4088);
#3004=LINE('',#16270,#4089);
#3005=LINE('',#16276,#4090);
#3006=LINE('',#16286,#4091);
#3007=LINE('',#16292,#4092);
#3008=LINE('',#16298,#4093);
#3009=LINE('',#16302,#4094);
#3010=LINE('',#16306,#4095);
#3011=LINE('',#16309,#4096);
#3012=LINE('',#16313,#4097);
#3013=LINE('',#16315,#4098);
#3014=LINE('',#16317,#4099);
#3015=LINE('',#16319,#4100);
#3016=LINE('',#16321,#4101);
#3017=LINE('',#16329,#4102);
#3018=LINE('',#16335,#4103);
#3019=LINE('',#16340,#4104);
#3020=LINE('',#16342,#4105);
#3021=LINE('',#16344,#4106);
#3022=LINE('',#16345,#4107);
#3023=LINE('',#16348,#4108);
#3024=LINE('',#16350,#4109);
#3025=LINE('',#16352,#4110);
#3026=LINE('',#16354,#4111);
#3027=LINE('',#16356,#4112);
#3028=LINE('',#16358,#4113);
#3029=LINE('',#16359,#4114);
#3030=LINE('',#16367,#4115);
#3031=LINE('',#16368,#4116);
#3032=LINE('',#16369,#4117);
#3033=LINE('',#16374,#4118);
#3034=LINE('',#16380,#4119);
#3035=LINE('',#16386,#4120);
#3036=LINE('',#16396,#4121);
#3037=LINE('',#16402,#4122);
#3038=LINE('',#16409,#4123);
#3039=LINE('',#16411,#4124);
#3040=LINE('',#16412,#4125);
#3041=LINE('',#16417,#4126);
#3042=LINE('',#16419,#4127);
#3043=LINE('',#16420,#4128);
#3044=LINE('',#16421,#4129);
#3045=LINE('',#16422,#4130);
#3046=LINE('',#16429,#4131);
#3047=LINE('',#16430,#4132);
#3048=LINE('',#16435,#4133);
#3049=LINE('',#16437,#4134);
#3050=LINE('',#16439,#4135);
#3051=LINE('',#16441,#4136);
#3052=LINE('',#16450,#4137);
#3053=LINE('',#16453,#4138);
#3054=LINE('',#16456,#4139);
#3055=LINE('',#16460,#4140);
#3056=LINE('',#16464,#4141);
#3057=LINE('',#16467,#4142);
#3058=LINE('',#16470,#4143);
#3059=LINE('',#16472,#4144);
#3060=LINE('',#16474,#4145);
#3061=LINE('',#16475,#4146);
#3062=LINE('',#16478,#4147);
#3063=LINE('',#16479,#4148);
#3064=LINE('',#16483,#4149);
#3065=LINE('',#16488,#4150);
#3066=LINE('',#16489,#4151);
#3067=LINE('',#16492,#4152);
#3068=LINE('',#16493,#4153);
#3069=LINE('',#16496,#4154);
#3070=LINE('',#16499,#4155);
#3071=LINE('',#16501,#4156);
#3072=LINE('',#16505,#4157);
#3073=LINE('',#16507,#4158);
#3074=LINE('',#16509,#4159);
#3075=LINE('',#16510,#4160);
#3076=LINE('',#16512,#4161);
#3077=LINE('',#16513,#4162);
#3078=LINE('',#16515,#4163);
#3079=LINE('',#16517,#4164);
#3080=LINE('',#16525,#4165);
#3081=LINE('',#16528,#4166);
#3082=LINE('',#16531,#4167);
#3083=LINE('',#16535,#4168);
#3084=LINE('',#16539,#4169);
#3085=LINE('',#16542,#4170);
#3086=LINE('',#16545,#4171);
#3087=LINE('',#16547,#4172);
#3088=LINE('',#16549,#4173);
#3089=LINE('',#16550,#4174);
#3090=LINE('',#16553,#4175);
#3091=LINE('',#16554,#4176);
#3092=LINE('',#16558,#4177);
#3093=LINE('',#16561,#4178);
#3094=LINE('',#16564,#4179);
#3095=LINE('',#16567,#4180);
#3096=LINE('',#16568,#4181);
#3097=LINE('',#16572,#4182);
#3098=LINE('',#16574,#4183);
#3099=LINE('',#16578,#4184);
#3100=LINE('',#16579,#4185);
#3101=LINE('',#16580,#4186);
#3102=LINE('',#16583,#4187);
#3103=LINE('',#16584,#4188);
#3104=LINE('',#16587,#4189);
#3105=LINE('',#16588,#4190);
#3106=LINE('',#16590,#4191);
#3107=LINE('',#16592,#4192);
#3108=LINE('',#16600,#4193);
#3109=LINE('',#16603,#4194);
#3110=LINE('',#16606,#4195);
#3111=LINE('',#16608,#4196);
#3112=LINE('',#16609,#4197);
#3113=LINE('',#16612,#4198);
#3114=LINE('',#16616,#4199);
#3115=LINE('',#16620,#4200);
#3116=LINE('',#16624,#4201);
#3117=LINE('',#16626,#4202);
#3118=LINE('',#16628,#4203);
#3119=LINE('',#16629,#4204);
#3120=LINE('',#16633,#4205);
#3121=LINE('',#16636,#4206);
#3122=LINE('',#16637,#4207);
#3123=LINE('',#16640,#4208);
#3124=LINE('',#16643,#4209);
#3125=LINE('',#16646,#4210);
#3126=LINE('',#16647,#4211);
#3127=LINE('',#16653,#4212);
#3128=LINE('',#16654,#4213);
#3129=LINE('',#16655,#4214);
#3130=LINE('',#16658,#4215);
#3131=LINE('',#16659,#4216);
#3132=LINE('',#16662,#4217);
#3133=LINE('',#16663,#4218);
#3134=LINE('',#16665,#4219);
#3135=LINE('',#16667,#4220);
#3136=LINE('',#16678,#4221);
#3137=LINE('',#16681,#4222);
#3138=LINE('',#16691,#4223);
#3139=LINE('',#16694,#4224);
#3140=LINE('',#16704,#4225);
#3141=LINE('',#16707,#4226);
#3142=LINE('',#16717,#4227);
#3143=LINE('',#16720,#4228);
#3144=LINE('',#16727,#4229);
#3145=LINE('',#16730,#4230);
#3146=LINE('',#16733,#4231);
#3147=LINE('',#16735,#4232);
#3148=LINE('',#16736,#4233);
#3149=LINE('',#16742,#4234);
#3150=LINE('',#16748,#4235);
#3151=LINE('',#16752,#4236);
#3152=LINE('',#16756,#4237);
#3153=LINE('',#16759,#4238);
#3154=LINE('',#16761,#4239);
#3155=LINE('',#16765,#4240);
#3156=LINE('',#16769,#4241);
#3157=LINE('',#16773,#4242);
#3158=LINE('',#16777,#4243);
#3159=LINE('',#16781,#4244);
#3160=LINE('',#16785,#4245);
#3161=LINE('',#16789,#4246);
#3162=LINE('',#16793,#4247);
#3163=LINE('',#16797,#4248);
#3164=LINE('',#16800,#4249);
#3165=LINE('',#16805,#4250);
#3166=LINE('',#16806,#4251);
#3167=LINE('',#16808,#4252);
#3168=LINE('',#16811,#4253);
#3169=LINE('',#16812,#4254);
#3170=LINE('',#16815,#4255);
#3171=LINE('',#16818,#4256);
#3172=LINE('',#16821,#4257);
#3173=LINE('',#16822,#4258);
#3174=LINE('',#16825,#4259);
#3175=LINE('',#16831,#4260);
#3176=LINE('',#16832,#4261);
#3177=LINE('',#16834,#4262);
#3178=LINE('',#16837,#4263);
#3179=LINE('',#16838,#4264);
#3180=LINE('',#16841,#4265);
#3181=LINE('',#16844,#4266);
#3182=LINE('',#16847,#4267);
#3183=LINE('',#16848,#4268);
#3184=LINE('',#16852,#4269);
#3185=LINE('',#16856,#4270);
#3186=LINE('',#16858,#4271);
#3187=LINE('',#16860,#4272);
#3188=LINE('',#16863,#4273);
#3189=LINE('',#16864,#4274);
#3190=LINE('',#16868,#4275);
#3191=LINE('',#16871,#4276);
#3192=LINE('',#16872,#4277);
#3193=LINE('',#16876,#4278);
#3194=LINE('',#16879,#4279);
#3195=LINE('',#16880,#4280);
#3196=LINE('',#16888,#4281);
#3197=LINE('',#16892,#4282);
#3198=LINE('',#16896,#4283);
#3199=LINE('',#16899,#4284);
#3200=LINE('',#16902,#4285);
#3201=LINE('',#16905,#4286);
#3202=LINE('',#16908,#4287);
#3203=LINE('',#16909,#4288);
#3204=LINE('',#16912,#4289);
#3205=LINE('',#16916,#4290);
#3206=LINE('',#16920,#4291);
#3207=LINE('',#16924,#4292);
#3208=LINE('',#16928,#4293);
#3209=LINE('',#16932,#4294);
#3210=LINE('',#16936,#4295);
#3211=LINE('',#16942,#4296);
#3212=LINE('',#16943,#4297);
#3213=LINE('',#16946,#4298);
#3214=LINE('',#16950,#4299);
#3215=LINE('',#16954,#4300);
#3216=LINE('',#16957,#4301);
#3217=LINE('',#16960,#4302);
#3218=LINE('',#16964,#4303);
#3219=LINE('',#16968,#4304);
#3220=LINE('',#16972,#4305);
#3221=LINE('',#16975,#4306);
#3222=LINE('',#16977,#4307);
#3223=LINE('',#16978,#4308);
#3224=LINE('',#16980,#4309);
#3225=LINE('',#16982,#4310);
#3226=LINE('',#16984,#4311);
#3227=LINE('',#16986,#4312);
#3228=LINE('',#16988,#4313);
#3229=LINE('',#16990,#4314);
#3230=LINE('',#16991,#4315);
#3231=LINE('',#16994,#4316);
#3232=LINE('',#16995,#4317);
#3233=LINE('',#16997,#4318);
#3234=LINE('',#16999,#4319);
#3235=LINE('',#17000,#4320);
#3236=LINE('',#17003,#4321);
#3237=LINE('',#17004,#4322);
#3238=LINE('',#17007,#4323);
#3239=LINE('',#17009,#4324);
#3240=LINE('',#17018,#4325);
#3241=LINE('',#17023,#4326);
#3242=LINE('',#17027,#4327);
#3243=LINE('',#17032,#4328);
#3244=LINE('',#17036,#4329);
#3245=LINE('',#17041,#4330);
#3246=LINE('',#17045,#4331);
#3247=LINE('',#17050,#4332);
#3248=LINE('',#17056,#4333);
#3249=LINE('',#17059,#4334);
#3250=LINE('',#17062,#4335);
#3251=LINE('',#17064,#4336);
#3252=LINE('',#17065,#4337);
#3253=LINE('',#17071,#4338);
#3254=LINE('',#17077,#4339);
#3255=LINE('',#17080,#4340);
#3256=LINE('',#17082,#4341);
#3257=LINE('',#17083,#4342);
#3258=LINE('',#17089,#4343);
#3259=LINE('',#17092,#4344);
#3260=LINE('',#17094,#4345);
#3261=LINE('',#17095,#4346);
#3262=LINE('',#17097,#4347);
#3263=LINE('',#17098,#4348);
#3264=LINE('',#17104,#4349);
#3265=LINE('',#17107,#4350);
#3266=LINE('',#17110,#4351);
#3267=LINE('',#17114,#4352);
#3268=LINE('',#17118,#4353);
#3269=LINE('',#17121,#4354);
#3270=LINE('',#17124,#4355);
#3271=LINE('',#17125,#4356);
#3272=LINE('',#17131,#4357);
#3273=LINE('',#17134,#4358);
#3274=LINE('',#17137,#4359);
#3275=LINE('',#17141,#4360);
#3276=LINE('',#17145,#4361);
#3277=LINE('',#17148,#4362);
#3278=LINE('',#17151,#4363);
#3279=LINE('',#17155,#4364);
#3280=LINE('',#17159,#4365);
#3281=LINE('',#17163,#4366);
#3282=LINE('',#17167,#4367);
#3283=LINE('',#17168,#4368);
#3284=LINE('',#17173,#4369);
#3285=LINE('',#17174,#4370);
#3286=LINE('',#17177,#4371);
#3287=LINE('',#17178,#4372);
#3288=LINE('',#17182,#4373);
#3289=LINE('',#17186,#4374);
#3290=LINE('',#17189,#4375);
#3291=LINE('',#17192,#4376);
#3292=LINE('',#17195,#4377);
#3293=LINE('',#17196,#4378);
#3294=LINE('',#17201,#4379);
#3295=LINE('',#17202,#4380);
#3296=LINE('',#17205,#4381);
#3297=LINE('',#17206,#4382);
#3298=LINE('',#17211,#4383);
#3299=LINE('',#17212,#4384);
#3300=LINE('',#17215,#4385);
#3301=LINE('',#17216,#4386);
#3302=LINE('',#17219,#4387);
#3303=LINE('',#17223,#4388);
#3304=LINE('',#17224,#4389);
#3305=LINE('',#17228,#4390);
#3306=LINE('',#17232,#4391);
#3307=LINE('',#17236,#4392);
#3308=LINE('',#17238,#4393);
#3309=LINE('',#17240,#4394);
#3310=LINE('',#17242,#4395);
#3311=LINE('',#17244,#4396);
#3312=LINE('',#17252,#4397);
#3313=LINE('',#17258,#4398);
#3314=LINE('',#17263,#4399);
#3315=LINE('',#17265,#4400);
#3316=LINE('',#17267,#4401);
#3317=LINE('',#17268,#4402);
#3318=LINE('',#17272,#4403);
#3319=LINE('',#17274,#4404);
#3320=LINE('',#17276,#4405);
#3321=LINE('',#17277,#4406);
#3322=LINE('',#17279,#4407);
#3323=LINE('',#17281,#4408);
#3324=LINE('',#17283,#4409);
#3325=LINE('',#17285,#4410);
#3326=LINE('',#17287,#4411);
#3327=LINE('',#17288,#4412);
#3328=LINE('',#17292,#4413);
#3329=LINE('',#17293,#4414);
#3330=LINE('',#17294,#4415);
#3331=LINE('',#17297,#4416);
#3332=LINE('',#17299,#4417);
#3333=LINE('',#17300,#4418);
#3334=LINE('',#17302,#4419);
#3335=LINE('',#17304,#4420);
#3336=LINE('',#17306,#4421);
#3337=LINE('',#17308,#4422);
#3338=LINE('',#17310,#4423);
#3339=LINE('',#17311,#4424);
#3340=LINE('',#17313,#4425);
#3341=LINE('',#17314,#4426);
#3342=LINE('',#17316,#4427);
#3343=LINE('',#17320,#4428);
#3344=LINE('',#17327,#4429);
#3345=LINE('',#17332,#4430);
#3346=LINE('',#17334,#4431);
#3347=LINE('',#17336,#4432);
#3348=LINE('',#17337,#4433);
#3349=LINE('',#17341,#4434);
#3350=LINE('',#17343,#4435);
#3351=LINE('',#17345,#4436);
#3352=LINE('',#17346,#4437);
#3353=LINE('',#17349,#4438);
#3354=LINE('',#17351,#4439);
#3355=LINE('',#17352,#4440);
#3356=LINE('',#17354,#4441);
#3357=LINE('',#17356,#4442);
#3358=LINE('',#17357,#4443);
#3359=LINE('',#17362,#4444);
#3360=LINE('',#17364,#4445);
#3361=LINE('',#17365,#4446);
#3362=LINE('',#17370,#4447);
#3363=LINE('',#17372,#4448);
#3364=LINE('',#17373,#4449);
#3365=LINE('',#17376,#4450);
#3366=LINE('',#17377,#4451);
#3367=LINE('',#17380,#4452);
#3368=LINE('',#17381,#4453);
#3369=LINE('',#17384,#4454);
#3370=LINE('',#17386,#4455);
#3371=LINE('',#17387,#4456);
#3372=LINE('',#17388,#4457);
#3373=LINE('',#17390,#4458);
#3374=LINE('',#17392,#4459);
#3375=LINE('',#17395,#4460);
#3376=LINE('',#17401,#4461);
#3377=LINE('',#17403,#4462);
#3378=LINE('',#17405,#4463);
#3379=LINE('',#17407,#4464);
#3380=LINE('',#17409,#4465);
#3381=LINE('',#17411,#4466);
#3382=LINE('',#17413,#4467);
#3383=LINE('',#17415,#4468);
#3384=LINE('',#17417,#4469);
#3385=LINE('',#17419,#4470);
#3386=LINE('',#17421,#4471);
#3387=LINE('',#17423,#4472);
#3388=LINE('',#17425,#4473);
#3389=LINE('',#17427,#4474);
#3390=LINE('',#17429,#4475);
#3391=LINE('',#17431,#4476);
#3392=LINE('',#17433,#4477);
#3393=LINE('',#17435,#4478);
#3394=LINE('',#17437,#4479);
#3395=LINE('',#17439,#4480);
#3396=LINE('',#17441,#4481);
#3397=LINE('',#17443,#4482);
#3398=LINE('',#17445,#4483);
#3399=LINE('',#17447,#4484);
#3400=LINE('',#17449,#4485);
#3401=LINE('',#17451,#4486);
#3402=LINE('',#17453,#4487);
#3403=LINE('',#17455,#4488);
#3404=LINE('',#17457,#4489);
#3405=LINE('',#17459,#4490);
#3406=LINE('',#17461,#4491);
#3407=LINE('',#17463,#4492);
#3408=LINE('',#17465,#4493);
#3409=LINE('',#17467,#4494);
#3410=LINE('',#17469,#4495);
#3411=LINE('',#17471,#4496);
#3412=LINE('',#17473,#4497);
#3413=LINE('',#17475,#4498);
#3414=LINE('',#17477,#4499);
#3415=LINE('',#17479,#4500);
#3416=LINE('',#17481,#4501);
#3417=LINE('',#17483,#4502);
#3418=LINE('',#17485,#4503);
#3419=LINE('',#17487,#4504);
#3420=LINE('',#17489,#4505);
#3421=LINE('',#17491,#4506);
#3422=LINE('',#17493,#4507);
#3423=LINE('',#17495,#4508);
#3424=LINE('',#17497,#4509);
#3425=LINE('',#17499,#4510);
#3426=LINE('',#17501,#4511);
#3427=LINE('',#17503,#4512);
#3428=LINE('',#17505,#4513);
#3429=LINE('',#17507,#4514);
#3430=LINE('',#17509,#4515);
#3431=LINE('',#17511,#4516);
#3432=LINE('',#17513,#4517);
#3433=LINE('',#17515,#4518);
#3434=LINE('',#17517,#4519);
#3435=LINE('',#17519,#4520);
#3436=LINE('',#17521,#4521);
#3437=LINE('',#17523,#4522);
#3438=LINE('',#17525,#4523);
#3439=LINE('',#17526,#4524);
#3440=LINE('',#17529,#4525);
#3441=LINE('',#17531,#4526);
#3442=LINE('',#17532,#4527);
#3443=LINE('',#17535,#4528);
#3444=LINE('',#17536,#4529);
#3445=LINE('',#17539,#4530);
#3446=LINE('',#17540,#4531);
#3447=LINE('',#17543,#4532);
#3448=LINE('',#17544,#4533);
#3449=LINE('',#17547,#4534);
#3450=LINE('',#17548,#4535);
#3451=LINE('',#17551,#4536);
#3452=LINE('',#17552,#4537);
#3453=LINE('',#17555,#4538);
#3454=LINE('',#17556,#4539);
#3455=LINE('',#17559,#4540);
#3456=LINE('',#17560,#4541);
#3457=LINE('',#17563,#4542);
#3458=LINE('',#17564,#4543);
#3459=LINE('',#17567,#4544);
#3460=LINE('',#17568,#4545);
#3461=LINE('',#17571,#4546);
#3462=LINE('',#17572,#4547);
#3463=LINE('',#17575,#4548);
#3464=LINE('',#17576,#4549);
#3465=LINE('',#17579,#4550);
#3466=LINE('',#17580,#4551);
#3467=LINE('',#17583,#4552);
#3468=LINE('',#17584,#4553);
#3469=LINE('',#17587,#4554);
#3470=LINE('',#17588,#4555);
#3471=LINE('',#17591,#4556);
#3472=LINE('',#17592,#4557);
#3473=LINE('',#17595,#4558);
#3474=LINE('',#17596,#4559);
#3475=LINE('',#17599,#4560);
#3476=LINE('',#17600,#4561);
#3477=LINE('',#17603,#4562);
#3478=LINE('',#17604,#4563);
#3479=LINE('',#17607,#4564);
#3480=LINE('',#17608,#4565);
#3481=LINE('',#17611,#4566);
#3482=LINE('',#17612,#4567);
#3483=LINE('',#17615,#4568);
#3484=LINE('',#17616,#4569);
#3485=LINE('',#17619,#4570);
#3486=LINE('',#17620,#4571);
#3487=LINE('',#17623,#4572);
#3488=LINE('',#17624,#4573);
#3489=LINE('',#17627,#4574);
#3490=LINE('',#17628,#4575);
#3491=LINE('',#17631,#4576);
#3492=LINE('',#17632,#4577);
#3493=LINE('',#17635,#4578);
#3494=LINE('',#17636,#4579);
#3495=LINE('',#17639,#4580);
#3496=LINE('',#17640,#4581);
#3497=LINE('',#17643,#4582);
#3498=LINE('',#17644,#4583);
#3499=LINE('',#17649,#4584);
#3500=LINE('',#17650,#4585);
#3501=LINE('',#17653,#4586);
#3502=LINE('',#17654,#4587);
#3503=LINE('',#17661,#4588);
#3504=LINE('',#17662,#4589);
#3505=LINE('',#17665,#4590);
#3506=LINE('',#17667,#4591);
#3507=LINE('',#17668,#4592);
#3508=LINE('',#17671,#4593);
#3509=LINE('',#17673,#4594);
#3510=LINE('',#17674,#4595);
#3511=LINE('',#17677,#4596);
#3512=LINE('',#17679,#4597);
#3513=LINE('',#17680,#4598);
#3514=LINE('',#17683,#4599);
#3515=LINE('',#17685,#4600);
#3516=LINE('',#17686,#4601);
#3517=LINE('',#17689,#4602);
#3518=LINE('',#17691,#4603);
#3519=LINE('',#17692,#4604);
#3520=LINE('',#17695,#4605);
#3521=LINE('',#17697,#4606);
#3522=LINE('',#17698,#4607);
#3523=LINE('',#17701,#4608);
#3524=LINE('',#17703,#4609);
#3525=LINE('',#17704,#4610);
#3526=LINE('',#17707,#4611);
#3527=LINE('',#17709,#4612);
#3528=LINE('',#17710,#4613);
#3529=LINE('',#17713,#4614);
#3530=LINE('',#17714,#4615);
#3531=LINE('',#17717,#4616);
#3532=LINE('',#17718,#4617);
#3533=LINE('',#17721,#4618);
#3534=LINE('',#17722,#4619);
#3535=LINE('',#17725,#4620);
#3536=LINE('',#17726,#4621);
#3537=LINE('',#17729,#4622);
#3538=LINE('',#17730,#4623);
#3539=LINE('',#17733,#4624);
#3540=LINE('',#17734,#4625);
#3541=LINE('',#17737,#4626);
#3542=LINE('',#17738,#4627);
#3543=LINE('',#17741,#4628);
#3544=LINE('',#17742,#4629);
#3545=LINE('',#17745,#4630);
#3546=LINE('',#17746,#4631);
#3547=LINE('',#17748,#4632);
#3548=LINE('',#17751,#4633);
#3549=LINE('',#17752,#4634);
#3550=LINE('',#17755,#4635);
#3551=LINE('',#17756,#4636);
#3552=LINE('',#17758,#4637);
#3553=LINE('',#17761,#4638);
#3554=LINE('',#17762,#4639);
#3555=LINE('',#17764,#4640);
#3556=LINE('',#17767,#4641);
#3557=LINE('',#17768,#4642);
#3558=LINE('',#17771,#4643);
#3559=LINE('',#17772,#4644);
#3560=LINE('',#17774,#4645);
#3561=LINE('',#17776,#4646);
#3562=LINE('',#17779,#4647);
#3563=LINE('',#17780,#4648);
#3564=LINE('',#17782,#4649);
#3565=LINE('',#17784,#4650);
#3566=LINE('',#17788,#4651);
#3567=LINE('',#17790,#4652);
#3568=LINE('',#17793,#4653);
#3569=LINE('',#17795,#4654);
#3570=VECTOR('',#11763,0.7365);
#3571=VECTOR('',#11770,1.473);
#3572=VECTOR('',#11773,0.7365);
#3573=VECTOR('',#11780,1.473);
#3574=VECTOR('',#11783,0.7365);
#3575=VECTOR('',#11790,1.473);
#3576=VECTOR('',#11793,0.7365);
#3577=VECTOR('',#11800,1.473);
#3578=VECTOR('',#11803,0.7365);
#3579=VECTOR('',#11810,1.473);
#3580=VECTOR('',#11813,0.7365);
#3581=VECTOR('',#11820,1.473);
#3582=VECTOR('',#11823,0.7365);
#3583=VECTOR('',#11830,1.473);
#3584=VECTOR('',#11833,0.7365);
#3585=VECTOR('',#11840,1.473);
#3586=VECTOR('',#11843,10.);
#3587=VECTOR('',#11844,10.);
#3588=VECTOR('',#11845,10.);
#3589=VECTOR('',#11846,10.);
#3590=VECTOR('',#11849,10.);
#3591=VECTOR('',#11850,10.);
#3592=VECTOR('',#11851,10.);
#3593=VECTOR('',#11852,10.);
#3594=VECTOR('',#11855,10.);
#3595=VECTOR('',#11856,10.);
#3596=VECTOR('',#11857,10.);
#3597=VECTOR('',#11858,10.);
#3598=VECTOR('',#11861,10.);
#3599=VECTOR('',#11862,10.);
#3600=VECTOR('',#11863,10.);
#3601=VECTOR('',#11864,10.);
#3602=VECTOR('',#11867,10.);
#3603=VECTOR('',#11868,10.);
#3604=VECTOR('',#11869,10.);
#3605=VECTOR('',#11870,10.);
#3606=VECTOR('',#11873,10.);
#3607=VECTOR('',#11874,10.);
#3608=VECTOR('',#11875,10.);
#3609=VECTOR('',#11878,10.);
#3610=VECTOR('',#11879,10.);
#3611=VECTOR('',#11882,10.);
#3612=VECTOR('',#11883,10.);
#3613=VECTOR('',#11884,10.);
#3614=VECTOR('',#11885,10.);
#3615=VECTOR('',#11888,10.);
#3616=VECTOR('',#11889,10.);
#3617=VECTOR('',#11890,10.);
#3618=VECTOR('',#11891,10.);
#3619=VECTOR('',#11894,10.);
#3620=VECTOR('',#11895,10.);
#3621=VECTOR('',#11896,10.);
#3622=VECTOR('',#11897,10.);
#3623=VECTOR('',#11900,10.);
#3624=VECTOR('',#11901,10.);
#3625=VECTOR('',#11902,10.);
#3626=VECTOR('',#11905,10.);
#3627=VECTOR('',#11906,10.);
#3628=VECTOR('',#11909,10.);
#3629=VECTOR('',#11910,10.);
#3630=VECTOR('',#11913,10.);
#3631=VECTOR('',#11916,10.);
#3632=VECTOR('',#11917,10.);
#3633=VECTOR('',#11918,10.);
#3634=VECTOR('',#11919,10.);
#3635=VECTOR('',#11922,10.);
#3636=VECTOR('',#11923,10.);
#3637=VECTOR('',#11924,10.);
#3638=VECTOR('',#11925,10.);
#3639=VECTOR('',#11928,10.);
#3640=VECTOR('',#11929,10.);
#3641=VECTOR('',#11932,10.);
#3642=VECTOR('',#11935,10.);
#3643=VECTOR('',#11936,10.);
#3644=VECTOR('',#11937,10.);
#3645=VECTOR('',#11938,10.);
#3646=VECTOR('',#11941,10.);
#3647=VECTOR('',#11942,10.);
#3648=VECTOR('',#11943,10.);
#3649=VECTOR('',#11944,10.);
#3650=VECTOR('',#11947,10.);
#3651=VECTOR('',#11948,10.);
#3652=VECTOR('',#11949,10.);
#3653=VECTOR('',#11950,10.);
#3654=VECTOR('',#11953,10.);
#3655=VECTOR('',#11954,10.);
#3656=VECTOR('',#11955,10.);
#3657=VECTOR('',#11956,10.);
#3658=VECTOR('',#11959,10.);
#3659=VECTOR('',#11960,10.);
#3660=VECTOR('',#11961,10.);
#3661=VECTOR('',#11964,10.);
#3662=VECTOR('',#11965,10.);
#3663=VECTOR('',#11966,10.);
#3664=VECTOR('',#11969,10.);
#3665=VECTOR('',#11970,10.);
#3666=VECTOR('',#11971,10.);
#3667=VECTOR('',#11974,10.);
#3668=VECTOR('',#11975,10.);
#3669=VECTOR('',#11978,10.);
#3670=VECTOR('',#11981,10.);
#3671=VECTOR('',#11982,10.);
#3672=VECTOR('',#11983,10.);
#3673=VECTOR('',#11986,10.);
#3674=VECTOR('',#11987,10.);
#3675=VECTOR('',#11990,10.);
#3676=VECTOR('',#11991,10.);
#3677=VECTOR('',#11994,10.);
#3678=VECTOR('',#11995,10.);
#3679=VECTOR('',#11996,10.);
#3680=VECTOR('',#11999,10.);
#3681=VECTOR('',#12000,10.);
#3682=VECTOR('',#12003,10.);
#3683=VECTOR('',#12004,10.);
#3684=VECTOR('',#12007,10.);
#3685=VECTOR('',#12008,10.);
#3686=VECTOR('',#12009,10.);
#3687=VECTOR('',#12012,10.);
#3688=VECTOR('',#12013,10.);
#3689=VECTOR('',#12014,10.);
#3690=VECTOR('',#12017,10.);
#3691=VECTOR('',#12018,10.);
#3692=VECTOR('',#12021,10.);
#3693=VECTOR('',#12022,10.);
#3694=VECTOR('',#12025,10.);
#3695=VECTOR('',#12026,10.);
#3696=VECTOR('',#12029,10.);
#3697=VECTOR('',#12030,10.);
#3698=VECTOR('',#12033,10.);
#3699=VECTOR('',#12034,10.);
#3700=VECTOR('',#12035,10.);
#3701=VECTOR('',#12038,10.);
#3702=VECTOR('',#12039,10.);
#3703=VECTOR('',#12042,10.);
#3704=VECTOR('',#12043,10.);
#3705=VECTOR('',#12046,10.);
#3706=VECTOR('',#12047,10.);
#3707=VECTOR('',#12048,10.);
#3708=VECTOR('',#12051,10.);
#3709=VECTOR('',#12052,10.);
#3710=VECTOR('',#12053,10.);
#3711=VECTOR('',#12056,10.);
#3712=VECTOR('',#12057,10.);
#3713=VECTOR('',#12060,10.);
#3714=VECTOR('',#12061,10.);
#3715=VECTOR('',#12064,10.);
#3716=VECTOR('',#12065,10.);
#3717=VECTOR('',#12068,10.);
#3718=VECTOR('',#12069,10.);
#3719=VECTOR('',#12072,10.);
#3720=VECTOR('',#12073,10.);
#3721=VECTOR('',#12074,10.);
#3722=VECTOR('',#12077,10.);
#3723=VECTOR('',#12078,10.);
#3724=VECTOR('',#12079,10.);
#3725=VECTOR('',#12082,10.);
#3726=VECTOR('',#12083,10.);
#3727=VECTOR('',#12086,10.);
#3728=VECTOR('',#12087,10.);
#3729=VECTOR('',#12090,10.);
#3730=VECTOR('',#12091,10.);
#3731=VECTOR('',#12094,10.);
#3732=VECTOR('',#12095,10.);
#3733=VECTOR('',#12098,10.);
#3734=VECTOR('',#12099,10.);
#3735=VECTOR('',#12100,10.);
#3736=VECTOR('',#12103,10.);
#3737=VECTOR('',#12104,10.);
#3738=VECTOR('',#12107,10.);
#3739=VECTOR('',#12108,10.);
#3740=VECTOR('',#12111,10.);
#3741=VECTOR('',#12112,10.);
#3742=VECTOR('',#12113,10.);
#3743=VECTOR('',#12114,10.);
#3744=VECTOR('',#12115,10.);
#3745=VECTOR('',#12116,10.);
#3746=VECTOR('',#12119,10.);
#3747=VECTOR('',#12120,10.);
#3748=VECTOR('',#12121,10.);
#3749=VECTOR('',#12122,10.);
#3750=VECTOR('',#12123,10.);
#3751=VECTOR('',#12124,10.);
#3752=VECTOR('',#12125,10.);
#3753=VECTOR('',#12126,10.);
#3754=VECTOR('',#12127,10.);
#3755=VECTOR('',#12130,10.);
#3756=VECTOR('',#12133,10.);
#3757=VECTOR('',#12134,10.);
#3758=VECTOR('',#12135,10.);
#3759=VECTOR('',#12136,10.);
#3760=VECTOR('',#12137,10.);
#3761=VECTOR('',#12138,10.);
#3762=VECTOR('',#12141,10.);
#3763=VECTOR('',#12142,10.);
#3764=VECTOR('',#12143,10.);
#3765=VECTOR('',#12144,10.);
#3766=VECTOR('',#12145,10.);
#3767=VECTOR('',#12146,10.);
#3768=VECTOR('',#12147,10.);
#3769=VECTOR('',#12148,10.);
#3770=VECTOR('',#12153,10.);
#3771=VECTOR('',#12156,10.);
#3772=VECTOR('',#12161,10.);
#3773=VECTOR('',#12164,10.);
#3774=VECTOR('',#12167,10.);
#3775=VECTOR('',#12168,10.);
#3776=VECTOR('',#12169,10.);
#3777=VECTOR('',#12172,10.);
#3778=VECTOR('',#12179,10.);
#3779=VECTOR('',#12180,10.);
#3780=VECTOR('',#12181,10.);
#3781=VECTOR('',#12184,10.);
#3782=VECTOR('',#12191,10.);
#3783=VECTOR('',#12192,10.);
#3784=VECTOR('',#12195,10.);
#3785=VECTOR('',#12196,10.);
#3786=VECTOR('',#12205,10.);
#3787=VECTOR('',#12210,10.);
#3788=VECTOR('',#12215,0.7365);
#3789=VECTOR('',#12222,1.473);
#3790=VECTOR('',#12225,0.7365);
#3791=VECTOR('',#12232,1.473);
#3792=VECTOR('',#12235,0.7365);
#3793=VECTOR('',#12242,1.473);
#3794=VECTOR('',#12245,0.7365);
#3795=VECTOR('',#12252,1.473);
#3796=VECTOR('',#12257,10.);
#3797=VECTOR('',#12260,10.);
#3798=VECTOR('',#12263,10.);
#3799=VECTOR('',#12264,10.);
#3800=VECTOR('',#12265,10.);
#3801=VECTOR('',#12270,10.);
#3802=VECTOR('',#12273,10.);
#3803=VECTOR('',#12276,10.);
#3804=VECTOR('',#12277,10.);
#3805=VECTOR('',#12282,10.);
#3806=VECTOR('',#12285,10.);
#3807=VECTOR('',#12288,10.);
#3808=VECTOR('',#12289,10.);
#3809=VECTOR('',#12290,10.);
#3810=VECTOR('',#12299,10.);
#3811=VECTOR('',#12300,10.);
#3812=VECTOR('',#12305,10.);
#3813=VECTOR('',#12308,10.);
#3814=VECTOR('',#12311,10.);
#3815=VECTOR('',#12314,10.);
#3816=VECTOR('',#12325,10.);
#3817=VECTOR('',#12328,10.);
#3818=VECTOR('',#12329,10.);
#3819=VECTOR('',#12332,10.);
#3820=VECTOR('',#12337,10.);
#3821=VECTOR('',#12338,10.);
#3822=VECTOR('',#12349,10.);
#3823=VECTOR('',#12352,10.);
#3824=VECTOR('',#12355,10.);
#3825=VECTOR('',#12356,10.);
#3826=VECTOR('',#12363,10.);
#3827=VECTOR('',#12364,10.);
#3828=VECTOR('',#12367,10.);
#3829=VECTOR('',#12368,10.);
#3830=VECTOR('',#12373,10.);
#3831=VECTOR('',#12378,10.);
#3832=VECTOR('',#12383,10.);
#3833=VECTOR('',#12386,10.);
#3834=VECTOR('',#12393,10.);
#3835=VECTOR('',#12394,10.);
#3836=VECTOR('',#12395,10.);
#3837=VECTOR('',#12396,10.);
#3838=VECTOR('',#12401,10.);
#3839=VECTOR('',#12406,10.);
#3840=VECTOR('',#12407,10.);
#3841=VECTOR('',#12408,10.);
#3842=VECTOR('',#12409,10.);
#3843=VECTOR('',#12412,10.);
#3844=VECTOR('',#12413,10.);
#3845=VECTOR('',#12414,10.);
#3846=VECTOR('',#12415,10.);
#3847=VECTOR('',#12420,10.);
#3848=VECTOR('',#12425,0.7365);
#3849=VECTOR('',#12432,1.473);
#3850=VECTOR('',#12435,0.7365);
#3851=VECTOR('',#12442,1.473);
#3852=VECTOR('',#12445,0.7365);
#3853=VECTOR('',#12452,1.473);
#3854=VECTOR('',#12455,0.7365);
#3855=VECTOR('',#12462,1.473);
#3856=VECTOR('',#12465,0.7365);
#3857=VECTOR('',#12472,1.473);
#3858=VECTOR('',#12475,0.7365);
#3859=VECTOR('',#12482,1.473);
#3860=VECTOR('',#12485,0.7365);
#3861=VECTOR('',#12492,1.473);
#3862=VECTOR('',#12495,0.7365);
#3863=VECTOR('',#12502,1.473);
#3864=VECTOR('',#12505,10.);
#3865=VECTOR('',#12506,10.);
#3866=VECTOR('',#12507,10.);
#3867=VECTOR('',#12510,10.);
#3868=VECTOR('',#12511,10.);
#3869=VECTOR('',#12512,10.);
#3870=VECTOR('',#12513,10.);
#3871=VECTOR('',#12516,10.);
#3872=VECTOR('',#12517,10.);
#3873=VECTOR('',#12518,10.);
#3874=VECTOR('',#12527,10.);
#3875=VECTOR('',#12532,10.);
#3876=VECTOR('',#12537,0.7365);
#3877=VECTOR('',#12544,1.473);
#3878=VECTOR('',#12547,0.7365);
#3879=VECTOR('',#12554,1.473);
#3880=VECTOR('',#12557,0.7365);
#3881=VECTOR('',#12564,1.473);
#3882=VECTOR('',#12567,0.7365);
#3883=VECTOR('',#12574,1.473);
#3884=VECTOR('',#12579,10.);
#3885=VECTOR('',#12582,10.);
#3886=VECTOR('',#12585,10.);
#3887=VECTOR('',#12586,10.);
#3888=VECTOR('',#12587,10.);
#3889=VECTOR('',#12592,10.);
#3890=VECTOR('',#12595,10.);
#3891=VECTOR('',#12598,10.);
#3892=VECTOR('',#12599,10.);
#3893=VECTOR('',#12604,10.);
#3894=VECTOR('',#12607,10.);
#3895=VECTOR('',#12610,10.);
#3896=VECTOR('',#12611,10.);
#3897=VECTOR('',#12612,10.);
#3898=VECTOR('',#12621,10.);
#3899=VECTOR('',#12622,10.);
#3900=VECTOR('',#12627,10.);
#3901=VECTOR('',#12630,10.);
#3902=VECTOR('',#12633,10.);
#3903=VECTOR('',#12636,10.);
#3904=VECTOR('',#12647,10.);
#3905=VECTOR('',#12650,10.);
#3906=VECTOR('',#12651,10.);
#3907=VECTOR('',#12654,10.);
#3908=VECTOR('',#12659,10.);
#3909=VECTOR('',#12660,10.);
#3910=VECTOR('',#12671,10.);
#3911=VECTOR('',#12674,10.);
#3912=VECTOR('',#12677,10.);
#3913=VECTOR('',#12678,10.);
#3914=VECTOR('',#12685,10.);
#3915=VECTOR('',#12686,10.);
#3916=VECTOR('',#12689,10.);
#3917=VECTOR('',#12690,10.);
#3918=VECTOR('',#12695,10.);
#3919=VECTOR('',#12700,10.);
#3920=VECTOR('',#12705,10.);
#3921=VECTOR('',#12708,10.);
#3922=VECTOR('',#12717,10.);
#3923=VECTOR('',#12722,10.);
#3924=VECTOR('',#12729,9.9);
#3925=VECTOR('',#12736,9.4);
#3926=VECTOR('',#12737,10.);
#3927=VECTOR('',#12740,9.4);
#3928=VECTOR('',#12743,10.);
#3929=VECTOR('',#12748,10.);
#3930=VECTOR('',#12753,10.);
#3931=VECTOR('',#12756,10.);
#3932=VECTOR('',#12759,10.);
#3933=VECTOR('',#12764,10.);
#3934=VECTOR('',#12767,10.);
#3935=VECTOR('',#12770,10.);
#3936=VECTOR('',#12773,10.);
#3937=VECTOR('',#12776,10.);
#3938=VECTOR('',#12779,10.);
#3939=VECTOR('',#12782,10.);
#3940=VECTOR('',#12783,10.);
#3941=VECTOR('',#12786,10.);
#3942=VECTOR('',#12789,10.);
#3943=VECTOR('',#12792,10.);
#3944=VECTOR('',#12797,10.);
#3945=VECTOR('',#12798,10.);
#3946=VECTOR('',#12801,10.);
#3947=VECTOR('',#12804,10.);
#3948=VECTOR('',#12807,10.);
#3949=VECTOR('',#12818,1.473);
#3950=VECTOR('',#12825,1.473);
#3951=VECTOR('',#12830,10.);
#3952=VECTOR('',#12831,10.);
#3953=VECTOR('',#12832,10.);
#3954=VECTOR('',#12833,10.);
#3955=VECTOR('',#12836,10.);
#3956=VECTOR('',#12837,10.);
#3957=VECTOR('',#12838,10.);
#3958=VECTOR('',#12839,10.);
#3959=VECTOR('',#12842,10.);
#3960=VECTOR('',#12843,10.);
#3961=VECTOR('',#12846,10.);
#3962=VECTOR('',#12847,10.);
#3963=VECTOR('',#12848,10.);
#3964=VECTOR('',#12855,10.);
#3965=VECTOR('',#12856,10.);
#3966=VECTOR('',#12857,10.);
#3967=VECTOR('',#12862,10.);
#3968=VECTOR('',#12863,10.);
#3969=VECTOR('',#12864,10.);
#3970=VECTOR('',#12865,10.);
#3971=VECTOR('',#12868,10.);
#3972=VECTOR('',#12869,10.);
#3973=VECTOR('',#12870,10.);
#3974=VECTOR('',#12873,10.);
#3975=VECTOR('',#12874,10.);
#3976=VECTOR('',#12877,10.);
#3977=VECTOR('',#12878,10.);
#3978=VECTOR('',#12879,10.);
#3979=VECTOR('',#12884,1.473);
#3980=VECTOR('',#12889,1.473);
#3981=VECTOR('',#12894,10.);
#3982=VECTOR('',#12895,10.);
#3983=VECTOR('',#12896,10.);
#3984=VECTOR('',#12899,10.);
#3985=VECTOR('',#12900,10.);
#3986=VECTOR('',#12901,10.);
#3987=VECTOR('',#12904,10.);
#3988=VECTOR('',#12905,10.);
#3989=VECTOR('',#12914,1.473);
#3990=VECTOR('',#12917,1.473);
#3991=VECTOR('',#12926,12.);
#3992=VECTOR('',#12933,10.);
#3993=VECTOR('',#12936,10.);
#3994=VECTOR('',#12939,10.);
#3995=VECTOR('',#12942,10.);
#3996=VECTOR('',#12955,10.);
#3997=VECTOR('',#12958,10.);
#3998=VECTOR('',#12963,10.);
#3999=VECTOR('',#12966,10.);
#4000=VECTOR('',#12973,10.);
#4001=VECTOR('',#12978,10.);
#4002=VECTOR('',#12983,10.);
#4003=VECTOR('',#12984,10.);
#4004=VECTOR('',#12987,10.);
#4005=VECTOR('',#12988,10.);
#4006=VECTOR('',#12993,10.);
#4007=VECTOR('',#12996,10.);
#4008=VECTOR('',#12999,10.);
#4009=VECTOR('',#13002,10.);
#4010=VECTOR('',#13015,1.473);
#4011=VECTOR('',#13018,1.473);
#4012=VECTOR('',#13021,1.473);
#4013=VECTOR('',#13024,1.473);
#4014=VECTOR('',#13027,10.);
#4015=VECTOR('',#13028,10.);
#4016=VECTOR('',#13031,10.);
#4017=VECTOR('',#13034,10.);
#4018=VECTOR('',#13037,10.);
#4019=VECTOR('',#13040,10.);
#4020=VECTOR('',#13041,10.);
#4021=VECTOR('',#13046,10.);
#4022=VECTOR('',#13055,1.473);
#4023=VECTOR('',#13062,1.473);
#4024=VECTOR('',#13067,10.);
#4025=VECTOR('',#13068,10.);
#4026=VECTOR('',#13069,10.);
#4027=VECTOR('',#13070,10.);
#4028=VECTOR('',#13073,10.);
#4029=VECTOR('',#13074,10.);
#4030=VECTOR('',#13075,10.);
#4031=VECTOR('',#13076,10.);
#4032=VECTOR('',#13079,10.);
#4033=VECTOR('',#13080,10.);
#4034=VECTOR('',#13083,10.);
#4035=VECTOR('',#13084,10.);
#4036=VECTOR('',#13085,10.);
#4037=VECTOR('',#13092,10.);
#4038=VECTOR('',#13093,10.);
#4039=VECTOR('',#13094,10.);
#4040=VECTOR('',#13099,10.);
#4041=VECTOR('',#13100,10.);
#4042=VECTOR('',#13101,10.);
#4043=VECTOR('',#13102,10.);
#4044=VECTOR('',#13105,10.);
#4045=VECTOR('',#13106,10.);
#4046=VECTOR('',#13107,10.);
#4047=VECTOR('',#13110,10.);
#4048=VECTOR('',#13111,10.);
#4049=VECTOR('',#13114,10.);
#4050=VECTOR('',#13115,10.);
#4051=VECTOR('',#13116,10.);
#4052=VECTOR('',#13121,1.473);
#4053=VECTOR('',#13126,1.473);
#4054=VECTOR('',#13131,10.);
#4055=VECTOR('',#13132,10.);
#4056=VECTOR('',#13133,10.);
#4057=VECTOR('',#13136,10.);
#4058=VECTOR('',#13137,10.);
#4059=VECTOR('',#13140,10.);
#4060=VECTOR('',#13141,10.);
#4061=VECTOR('',#13144,10.);
#4062=VECTOR('',#13153,1.473);
#4063=VECTOR('',#13156,1.473);
#4064=VECTOR('',#13161,0.7365);
#4065=VECTOR('',#13168,1.473);
#4066=VECTOR('',#13171,0.7365);
#4067=VECTOR('',#13178,1.473);
#4068=VECTOR('',#13181,10.);
#4069=VECTOR('',#13182,10.);
#4070=VECTOR('',#13183,10.);
#4071=VECTOR('',#13184,10.);
#4072=VECTOR('',#13187,10.);
#4073=VECTOR('',#13188,10.);
#4074=VECTOR('',#13189,10.);
#4075=VECTOR('',#13190,10.);
#4076=VECTOR('',#13191,10.);
#4077=VECTOR('',#13192,10.);
#4078=VECTOR('',#13193,10.);
#4079=VECTOR('',#13196,10.);
#4080=VECTOR('',#13197,10.);
#4081=VECTOR('',#13198,10.);
#4082=VECTOR('',#13199,10.);
#4083=VECTOR('',#13200,10.);
#4084=VECTOR('',#13201,10.);
#4085=VECTOR('',#13202,10.);
#4086=VECTOR('',#13205,10.);
#4087=VECTOR('',#13206,10.);
#4088=VECTOR('',#13215,1.473);
#4089=VECTOR('',#13222,1.473);
#4090=VECTOR('',#13231,1.473);
#4091=VECTOR('',#13242,1.473);
#4092=VECTOR('',#13249,1.473);
#4093=VECTOR('',#13258,1.473);
#4094=VECTOR('',#13263,0.7365);
#4095=VECTOR('',#13268,1.473);
#4096=VECTOR('',#13271,0.7365);
#4097=VECTOR('',#13276,1.473);
#4098=VECTOR('',#13279,10.);
#4099=VECTOR('',#13282,10.);
#4100=VECTOR('',#13285,10.);
#4101=VECTOR('',#13288,10.);
#4102=VECTOR('',#13299,1.473);
#4103=VECTOR('',#13306,1.473);
#4104=VECTOR('',#13311,10.);
#4105=VECTOR('',#13312,10.);
#4106=VECTOR('',#13313,10.);
#4107=VECTOR('',#13314,10.);
#4108=VECTOR('',#13317,10.);
#4109=VECTOR('',#13318,10.);
#4110=VECTOR('',#13319,10.);
#4111=VECTOR('',#13320,10.);
#4112=VECTOR('',#13321,10.);
#4113=VECTOR('',#13322,10.);
#4114=VECTOR('',#13323,10.);
#4115=VECTOR('',#13330,10.);
#4116=VECTOR('',#13331,10.);
#4117=VECTOR('',#13332,10.);
#4118=VECTOR('',#13337,1.473);
#4119=VECTOR('',#13344,1.473);
#4120=VECTOR('',#13351,1.473);
#4121=VECTOR('',#13362,1.473);
#4122=VECTOR('',#13367,1.473);
#4123=VECTOR('',#13376,10.);
#4124=VECTOR('',#13377,10.);
#4125=VECTOR('',#13378,10.);
#4126=VECTOR('',#13383,10.);
#4127=VECTOR('',#13384,10.);
#4128=VECTOR('',#13385,10.);
#4129=VECTOR('',#13386,10.);
#4130=VECTOR('',#13387,10.);
#4131=VECTOR('',#13396,10.);
#4132=VECTOR('',#13397,10.);
#4133=VECTOR('',#13404,1.473);
#4134=VECTOR('',#13407,1.473);
#4135=VECTOR('',#13410,1.473);
#4136=VECTOR('',#13413,1.473);
#4137=VECTOR('',#13424,10.);
#4138=VECTOR('',#13427,10.);
#4139=VECTOR('',#13430,10.);
#4140=VECTOR('',#13433,10.);
#4141=VECTOR('',#13436,10.);
#4142=VECTOR('',#13439,10.);
#4143=VECTOR('',#13440,10.);
#4144=VECTOR('',#13441,10.);
#4145=VECTOR('',#13442,10.);
#4146=VECTOR('',#13443,10.);
#4147=VECTOR('',#13446,10.);
#4148=VECTOR('',#13447,10.);
#4149=VECTOR('',#13452,10.);
#4150=VECTOR('',#13457,10.);
#4151=VECTOR('',#13458,10.);
#4152=VECTOR('',#13461,10.);
#4153=VECTOR('',#13462,10.);
#4154=VECTOR('',#13465,10.);
#4155=VECTOR('',#13470,10.);
#4156=VECTOR('',#13473,10.);
#4157=VECTOR('',#13476,10.);
#4158=VECTOR('',#13477,10.);
#4159=VECTOR('',#13478,10.);
#4160=VECTOR('',#13479,10.);
#4161=VECTOR('',#13482,10.);
#4162=VECTOR('',#13483,10.);
#4163=VECTOR('',#13486,10.);
#4164=VECTOR('',#13489,10.);
#4165=VECTOR('',#13498,10.);
#4166=VECTOR('',#13501,10.);
#4167=VECTOR('',#13504,10.);
#4168=VECTOR('',#13507,10.);
#4169=VECTOR('',#13510,10.);
#4170=VECTOR('',#13513,10.);
#4171=VECTOR('',#13514,10.);
#4172=VECTOR('',#13515,10.);
#4173=VECTOR('',#13516,10.);
#4174=VECTOR('',#13517,10.);
#4175=VECTOR('',#13520,10.);
#4176=VECTOR('',#13521,10.);
#4177=VECTOR('',#13526,10.);
#4178=VECTOR('',#13529,10.);
#4179=VECTOR('',#13532,10.);
#4180=VECTOR('',#13535,10.);
#4181=VECTOR('',#13536,10.);
#4182=VECTOR('',#13541,10.);
#4183=VECTOR('',#13544,10.);
#4184=VECTOR('',#13547,10.);
#4185=VECTOR('',#13548,10.);
#4186=VECTOR('',#13549,10.);
#4187=VECTOR('',#13552,10.);
#4188=VECTOR('',#13553,10.);
#4189=VECTOR('',#13556,10.);
#4190=VECTOR('',#13557,10.);
#4191=VECTOR('',#13560,10.);
#4192=VECTOR('',#13563,10.);
#4193=VECTOR('',#13572,10.);
#4194=VECTOR('',#13575,10.);
#4195=VECTOR('',#13578,10.);
#4196=VECTOR('',#13579,10.);
#4197=VECTOR('',#13580,10.);
#4198=VECTOR('',#13583,10.);
#4199=VECTOR('',#13586,10.);
#4200=VECTOR('',#13589,10.);
#4201=VECTOR('',#13592,10.);
#4202=VECTOR('',#13593,10.);
#4203=VECTOR('',#13594,10.);
#4204=VECTOR('',#13595,10.);
#4205=VECTOR('',#13600,10.);
#4206=VECTOR('',#13603,10.);
#4207=VECTOR('',#13604,10.);
#4208=VECTOR('',#13607,10.);
#4209=VECTOR('',#13610,10.);
#4210=VECTOR('',#13613,10.);
#4211=VECTOR('',#13614,10.);
#4212=VECTOR('',#13621,10.);
#4213=VECTOR('',#13622,10.);
#4214=VECTOR('',#13623,10.);
#4215=VECTOR('',#13626,10.);
#4216=VECTOR('',#13627,10.);
#4217=VECTOR('',#13630,10.);
#4218=VECTOR('',#13631,10.);
#4219=VECTOR('',#13634,10.);
#4220=VECTOR('',#13637,10.);
#4221=VECTOR('',#13652,2.8);
#4222=VECTOR('',#13655,1.473);
#4223=VECTOR('',#13668,2.8);
#4224=VECTOR('',#13671,1.473);
#4225=VECTOR('',#13684,2.8);
#4226=VECTOR('',#13687,1.473);
#4227=VECTOR('',#13700,2.8);
#4228=VECTOR('',#13703,1.473);
#4229=VECTOR('',#13710,10.);
#4230=VECTOR('',#13713,10.);
#4231=VECTOR('',#13716,10.);
#4232=VECTOR('',#13717,10.);
#4233=VECTOR('',#13718,10.);
#4234=VECTOR('',#13725,10.);
#4235=VECTOR('',#13730,10.);
#4236=VECTOR('',#13733,10.);
#4237=VECTOR('',#13736,10.);
#4238=VECTOR('',#13739,10.);
#4239=VECTOR('',#13740,10.);
#4240=VECTOR('',#13743,10.);
#4241=VECTOR('',#13746,10.);
#4242=VECTOR('',#13749,10.);
#4243=VECTOR('',#13752,10.);
#4244=VECTOR('',#13755,10.);
#4245=VECTOR('',#13758,10.);
#4246=VECTOR('',#13761,10.);
#4247=VECTOR('',#13764,10.);
#4248=VECTOR('',#13767,10.);
#4249=VECTOR('',#13770,10.);
#4250=VECTOR('',#13775,10.);
#4251=VECTOR('',#13776,10.);
#4252=VECTOR('',#13779,10.);
#4253=VECTOR('',#13782,10.);
#4254=VECTOR('',#13783,10.);
#4255=VECTOR('',#13786,10.);
#4256=VECTOR('',#13789,10.);
#4257=VECTOR('',#13792,10.);
#4258=VECTOR('',#13793,10.);
#4259=VECTOR('',#13796,10.);
#4260=VECTOR('',#13803,10.);
#4261=VECTOR('',#13804,10.);
#4262=VECTOR('',#13807,10.);
#4263=VECTOR('',#13810,10.);
#4264=VECTOR('',#13811,10.);
#4265=VECTOR('',#13814,10.);
#4266=VECTOR('',#13817,10.);
#4267=VECTOR('',#13820,10.);
#4268=VECTOR('',#13821,10.);
#4269=VECTOR('',#13826,10.);
#4270=VECTOR('',#13831,10.);
#4271=VECTOR('',#13834,10.);
#4272=VECTOR('',#13837,10.);
#4273=VECTOR('',#13840,10.);
#4274=VECTOR('',#13841,10.);
#4275=VECTOR('',#13846,10.);
#4276=VECTOR('',#13849,10.);
#4277=VECTOR('',#13850,10.);
#4278=VECTOR('',#13855,10.);
#4279=VECTOR('',#13858,10.);
#4280=VECTOR('',#13859,10.);
#4281=VECTOR('',#13868,10.);
#4282=VECTOR('',#13871,10.);
#4283=VECTOR('',#13874,10.);
#4284=VECTOR('',#13877,10.);
#4285=VECTOR('',#13880,10.);
#4286=VECTOR('',#13883,10.);
#4287=VECTOR('',#13886,10.);
#4288=VECTOR('',#13887,10.);
#4289=VECTOR('',#13890,10.);
#4290=VECTOR('',#13893,10.);
#4291=VECTOR('',#13896,10.);
#4292=VECTOR('',#13899,10.);
#4293=VECTOR('',#13902,10.);
#4294=VECTOR('',#13905,10.);
#4295=VECTOR('',#13908,10.);
#4296=VECTOR('',#13915,10.);
#4297=VECTOR('',#13916,10.);
#4298=VECTOR('',#13919,10.);
#4299=VECTOR('',#13922,10.);
#4300=VECTOR('',#13925,10.);
#4301=VECTOR('',#13928,10.);
#4302=VECTOR('',#13929,10.);
#4303=VECTOR('',#13932,10.);
#4304=VECTOR('',#13935,10.);
#4305=VECTOR('',#13938,10.);
#4306=VECTOR('',#13943,10.);
#4307=VECTOR('',#13946,10.);
#4308=VECTOR('',#13947,10.);
#4309=VECTOR('',#13950,10.);
#4310=VECTOR('',#13953,10.);
#4311=VECTOR('',#13956,10.);
#4312=VECTOR('',#13959,10.);
#4313=VECTOR('',#13962,10.);
#4314=VECTOR('',#13965,10.);
#4315=VECTOR('',#13966,10.);
#4316=VECTOR('',#13971,10.);
#4317=VECTOR('',#13972,10.);
#4318=VECTOR('',#13975,10.);
#4319=VECTOR('',#13978,10.);
#4320=VECTOR('',#13979,10.);
#4321=VECTOR('',#13984,10.);
#4322=VECTOR('',#13985,10.);
#4323=VECTOR('',#13990,10.);
#4324=VECTOR('',#13993,10.);
#4325=VECTOR('',#14006,0.7365);
#4326=VECTOR('',#14013,1.473);
#4327=VECTOR('',#14016,0.7365);
#4328=VECTOR('',#14023,1.473);
#4329=VECTOR('',#14026,0.7365);
#4330=VECTOR('',#14033,1.473);
#4331=VECTOR('',#14036,0.7365);
#4332=VECTOR('',#14043,1.473);
#4333=VECTOR('',#14048,10.);
#4334=VECTOR('',#14051,10.);
#4335=VECTOR('',#14054,10.);
#4336=VECTOR('',#14055,10.);
#4337=VECTOR('',#14056,10.);
#4338=VECTOR('',#14063,10.);
#4339=VECTOR('',#14068,10.);
#4340=VECTOR('',#14071,10.);
#4341=VECTOR('',#14074,10.);
#4342=VECTOR('',#14075,10.);
#4343=VECTOR('',#14080,10.);
#4344=VECTOR('',#14083,10.);
#4345=VECTOR('',#14086,10.);
#4346=VECTOR('',#14087,10.);
#4347=VECTOR('',#14090,10.);
#4348=VECTOR('',#14091,10.);
#4349=VECTOR('',#14096,10.);
#4350=VECTOR('',#14099,10.);
#4351=VECTOR('',#14102,10.);
#4352=VECTOR('',#14105,10.);
#4353=VECTOR('',#14108,10.);
#4354=VECTOR('',#14111,10.);
#4355=VECTOR('',#14114,10.);
#4356=VECTOR('',#14115,10.);
#4357=VECTOR('',#14120,10.);
#4358=VECTOR('',#14123,10.);
#4359=VECTOR('',#14126,10.);
#4360=VECTOR('',#14129,10.);
#4361=VECTOR('',#14132,10.);
#4362=VECTOR('',#14135,10.);
#4363=VECTOR('',#14136,10.);
#4364=VECTOR('',#14139,10.);
#4365=VECTOR('',#14142,10.);
#4366=VECTOR('',#14145,10.);
#4367=VECTOR('',#14150,10.);
#4368=VECTOR('',#14151,10.);
#4369=VECTOR('',#14156,10.);
#4370=VECTOR('',#14157,10.);
#4371=VECTOR('',#14160,10.);
#4372=VECTOR('',#14161,10.);
#4373=VECTOR('',#14166,10.);
#4374=VECTOR('',#14171,10.);
#4375=VECTOR('',#14174,10.);
#4376=VECTOR('',#14177,10.);
#4377=VECTOR('',#14180,10.);
#4378=VECTOR('',#14181,10.);
#4379=VECTOR('',#14186,10.);
#4380=VECTOR('',#14187,10.);
#4381=VECTOR('',#14190,10.);
#4382=VECTOR('',#14191,10.);
#4383=VECTOR('',#14196,10.);
#4384=VECTOR('',#14197,10.);
#4385=VECTOR('',#14200,10.);
#4386=VECTOR('',#14201,10.);
#4387=VECTOR('',#14204,10.);
#4388=VECTOR('',#14209,10.);
#4389=VECTOR('',#14210,10.);
#4390=VECTOR('',#14215,10.);
#4391=VECTOR('',#14220,10.);
#4392=VECTOR('',#14227,10.);
#4393=VECTOR('',#14230,10.);
#4394=VECTOR('',#14233,10.);
#4395=VECTOR('',#14236,10.);
#4396=VECTOR('',#14239,10.);
#4397=VECTOR('',#14250,1.473);
#4398=VECTOR('',#14257,1.473);
#4399=VECTOR('',#14262,10.);
#4400=VECTOR('',#14263,10.);
#4401=VECTOR('',#14264,10.);
#4402=VECTOR('',#14265,10.);
#4403=VECTOR('',#14268,10.);
#4404=VECTOR('',#14269,10.);
#4405=VECTOR('',#14270,10.);
#4406=VECTOR('',#14271,10.);
#4407=VECTOR('',#14274,10.);
#4408=VECTOR('',#14275,10.);
#4409=VECTOR('',#14276,10.);
#4410=VECTOR('',#14277,10.);
#4411=VECTOR('',#14278,10.);
#4412=VECTOR('',#14279,10.);
#4413=VECTOR('',#14282,10.);
#4414=VECTOR('',#14283,10.);
#4415=VECTOR('',#14284,10.);
#4416=VECTOR('',#14287,10.);
#4417=VECTOR('',#14288,10.);
#4418=VECTOR('',#14289,10.);
#4419=VECTOR('',#14292,10.);
#4420=VECTOR('',#14293,10.);
#4421=VECTOR('',#14294,10.);
#4422=VECTOR('',#14295,10.);
#4423=VECTOR('',#14296,10.);
#4424=VECTOR('',#14297,10.);
#4425=VECTOR('',#14300,10.);
#4426=VECTOR('',#14301,10.);
#4427=VECTOR('',#14304,10.);
#4428=VECTOR('',#14311,10.);
#4429=VECTOR('',#14320,1.473);
#4430=VECTOR('',#14325,10.);
#4431=VECTOR('',#14326,10.);
#4432=VECTOR('',#14327,10.);
#4433=VECTOR('',#14328,10.);
#4434=VECTOR('',#14331,10.);
#4435=VECTOR('',#14332,10.);
#4436=VECTOR('',#14333,10.);
#4437=VECTOR('',#14334,10.);
#4438=VECTOR('',#14337,10.);
#4439=VECTOR('',#14338,10.);
#4440=VECTOR('',#14339,10.);
#4441=VECTOR('',#14340,10.);
#4442=VECTOR('',#14341,10.);
#4443=VECTOR('',#14342,10.);
#4444=VECTOR('',#14347,10.);
#4445=VECTOR('',#14348,10.);
#4446=VECTOR('',#14349,10.);
#4447=VECTOR('',#14354,10.);
#4448=VECTOR('',#14355,10.);
#4449=VECTOR('',#14356,10.);
#4450=VECTOR('',#14359,10.);
#4451=VECTOR('',#14360,10.);
#4452=VECTOR('',#14363,10.);
#4453=VECTOR('',#14364,10.);
#4454=VECTOR('',#14367,10.);
#4455=VECTOR('',#14368,10.);
#4456=VECTOR('',#14369,10.);
#4457=VECTOR('',#14370,10.);
#4458=VECTOR('',#14373,10.);
#4459=VECTOR('',#14376,1.473);
#4460=VECTOR('',#14381,10.);
#4461=VECTOR('',#14388,10.);
#4462=VECTOR('',#14389,10.);
#4463=VECTOR('',#14390,10.);
#4464=VECTOR('',#14391,10.);
#4465=VECTOR('',#14392,10.);
#4466=VECTOR('',#14393,10.);
#4467=VECTOR('',#14394,10.);
#4468=VECTOR('',#14395,10.);
#4469=VECTOR('',#14396,10.);
#4470=VECTOR('',#14397,10.);
#4471=VECTOR('',#14398,10.);
#4472=VECTOR('',#14399,10.);
#4473=VECTOR('',#14400,10.);
#4474=VECTOR('',#14401,10.);
#4475=VECTOR('',#14402,10.);
#4476=VECTOR('',#14403,10.);
#4477=VECTOR('',#14404,10.);
#4478=VECTOR('',#14405,10.);
#4479=VECTOR('',#14406,10.);
#4480=VECTOR('',#14407,10.);
#4481=VECTOR('',#14408,10.);
#4482=VECTOR('',#14409,10.);
#4483=VECTOR('',#14410,10.);
#4484=VECTOR('',#14411,10.);
#4485=VECTOR('',#14412,10.);
#4486=VECTOR('',#14413,10.);
#4487=VECTOR('',#14414,10.);
#4488=VECTOR('',#14415,10.);
#4489=VECTOR('',#14416,10.);
#4490=VECTOR('',#14417,10.);
#4491=VECTOR('',#14418,10.);
#4492=VECTOR('',#14419,10.);
#4493=VECTOR('',#14420,10.);
#4494=VECTOR('',#14421,10.);
#4495=VECTOR('',#14422,10.);
#4496=VECTOR('',#14423,10.);
#4497=VECTOR('',#14424,10.);
#4498=VECTOR('',#14425,10.);
#4499=VECTOR('',#14426,10.);
#4500=VECTOR('',#14427,10.);
#4501=VECTOR('',#14428,10.);
#4502=VECTOR('',#14429,10.);
#4503=VECTOR('',#14430,10.);
#4504=VECTOR('',#14431,10.);
#4505=VECTOR('',#14432,10.);
#4506=VECTOR('',#14433,10.);
#4507=VECTOR('',#14434,10.);
#4508=VECTOR('',#14435,10.);
#4509=VECTOR('',#14436,10.);
#4510=VECTOR('',#14437,10.);
#4511=VECTOR('',#14438,10.);
#4512=VECTOR('',#14439,10.);
#4513=VECTOR('',#14440,10.);
#4514=VECTOR('',#14441,10.);
#4515=VECTOR('',#14442,10.);
#4516=VECTOR('',#14443,10.);
#4517=VECTOR('',#14444,10.);
#4518=VECTOR('',#14445,10.);
#4519=VECTOR('',#14446,10.);
#4520=VECTOR('',#14447,10.);
#4521=VECTOR('',#14448,10.);
#4522=VECTOR('',#14449,10.);
#4523=VECTOR('',#14450,10.);
#4524=VECTOR('',#14451,10.);
#4525=VECTOR('',#14454,10.);
#4526=VECTOR('',#14455,10.);
#4527=VECTOR('',#14456,10.);
#4528=VECTOR('',#14459,10.);
#4529=VECTOR('',#14460,10.);
#4530=VECTOR('',#14463,10.);
#4531=VECTOR('',#14464,10.);
#4532=VECTOR('',#14467,10.);
#4533=VECTOR('',#14468,10.);
#4534=VECTOR('',#14471,10.);
#4535=VECTOR('',#14472,10.);
#4536=VECTOR('',#14475,10.);
#4537=VECTOR('',#14476,10.);
#4538=VECTOR('',#14479,10.);
#4539=VECTOR('',#14480,10.);
#4540=VECTOR('',#14483,10.);
#4541=VECTOR('',#14484,10.);
#4542=VECTOR('',#14487,10.);
#4543=VECTOR('',#14488,10.);
#4544=VECTOR('',#14491,10.);
#4545=VECTOR('',#14492,10.);
#4546=VECTOR('',#14495,10.);
#4547=VECTOR('',#14496,10.);
#4548=VECTOR('',#14499,10.);
#4549=VECTOR('',#14500,10.);
#4550=VECTOR('',#14503,10.);
#4551=VECTOR('',#14504,10.);
#4552=VECTOR('',#14507,10.);
#4553=VECTOR('',#14508,10.);
#4554=VECTOR('',#14511,10.);
#4555=VECTOR('',#14512,10.);
#4556=VECTOR('',#14515,10.);
#4557=VECTOR('',#14516,10.);
#4558=VECTOR('',#14519,10.);
#4559=VECTOR('',#14520,10.);
#4560=VECTOR('',#14523,10.);
#4561=VECTOR('',#14524,10.);
#4562=VECTOR('',#14527,10.);
#4563=VECTOR('',#14528,10.);
#4564=VECTOR('',#14531,10.);
#4565=VECTOR('',#14532,10.);
#4566=VECTOR('',#14535,10.);
#4567=VECTOR('',#14536,10.);
#4568=VECTOR('',#14539,10.);
#4569=VECTOR('',#14540,10.);
#4570=VECTOR('',#14543,10.);
#4571=VECTOR('',#14544,10.);
#4572=VECTOR('',#14547,10.);
#4573=VECTOR('',#14548,10.);
#4574=VECTOR('',#14551,10.);
#4575=VECTOR('',#14552,10.);
#4576=VECTOR('',#14555,10.);
#4577=VECTOR('',#14556,10.);
#4578=VECTOR('',#14559,10.);
#4579=VECTOR('',#14560,10.);
#4580=VECTOR('',#14563,10.);
#4581=VECTOR('',#14564,10.);
#4582=VECTOR('',#14567,10.);
#4583=VECTOR('',#14568,10.);
#4584=VECTOR('',#14573,10.);
#4585=VECTOR('',#14574,10.);
#4586=VECTOR('',#14577,10.);
#4587=VECTOR('',#14578,10.);
#4588=VECTOR('',#14585,10.);
#4589=VECTOR('',#14586,10.);
#4590=VECTOR('',#14589,10.);
#4591=VECTOR('',#14590,10.);
#4592=VECTOR('',#14591,10.);
#4593=VECTOR('',#14594,10.);
#4594=VECTOR('',#14595,10.);
#4595=VECTOR('',#14596,10.);
#4596=VECTOR('',#14599,10.);
#4597=VECTOR('',#14600,10.);
#4598=VECTOR('',#14601,10.);
#4599=VECTOR('',#14604,10.);
#4600=VECTOR('',#14605,10.);
#4601=VECTOR('',#14606,10.);
#4602=VECTOR('',#14609,10.);
#4603=VECTOR('',#14610,10.);
#4604=VECTOR('',#14611,10.);
#4605=VECTOR('',#14614,10.);
#4606=VECTOR('',#14615,10.);
#4607=VECTOR('',#14616,10.);
#4608=VECTOR('',#14619,10.);
#4609=VECTOR('',#14620,10.);
#4610=VECTOR('',#14621,10.);
#4611=VECTOR('',#14624,10.);
#4612=VECTOR('',#14625,10.);
#4613=VECTOR('',#14626,10.);
#4614=VECTOR('',#14629,10.);
#4615=VECTOR('',#14630,10.);
#4616=VECTOR('',#14633,10.);
#4617=VECTOR('',#14634,10.);
#4618=VECTOR('',#14637,10.);
#4619=VECTOR('',#14638,10.);
#4620=VECTOR('',#14641,10.);
#4621=VECTOR('',#14642,10.);
#4622=VECTOR('',#14645,10.);
#4623=VECTOR('',#14646,10.);
#4624=VECTOR('',#14649,10.);
#4625=VECTOR('',#14650,10.);
#4626=VECTOR('',#14653,10.);
#4627=VECTOR('',#14654,10.);
#4628=VECTOR('',#14657,10.);
#4629=VECTOR('',#14658,10.);
#4630=VECTOR('',#14661,10.);
#4631=VECTOR('',#14662,10.);
#4632=VECTOR('',#14665,10.);
#4633=VECTOR('',#14668,10.);
#4634=VECTOR('',#14669,10.);
#4635=VECTOR('',#14672,10.);
#4636=VECTOR('',#14673,10.);
#4637=VECTOR('',#14676,10.);
#4638=VECTOR('',#14679,10.);
#4639=VECTOR('',#14680,10.);
#4640=VECTOR('',#14683,10.);
#4641=VECTOR('',#14686,10.);
#4642=VECTOR('',#14687,10.);
#4643=VECTOR('',#14690,10.);
#4644=VECTOR('',#14691,10.);
#4645=VECTOR('',#14694,10.);
#4646=VECTOR('',#14697,10.);
#4647=VECTOR('',#14700,10.);
#4648=VECTOR('',#14701,10.);
#4649=VECTOR('',#14704,10.);
#4650=VECTOR('',#14707,10.);
#4651=VECTOR('',#14712,10.);
#4652=VECTOR('',#14715,10.);
#4653=VECTOR('',#14720,1.473);
#4654=VECTOR('',#14723,1.473);
#4655=VERTEX_POINT('',#14793);
#4656=VERTEX_POINT('',#14794);
#4657=VERTEX_POINT('',#14798);
#4658=VERTEX_POINT('',#14802);
#4659=VERTEX_POINT('',#14803);
#4660=VERTEX_POINT('',#14807);
#4661=VERTEX_POINT('',#14811);
#4662=VERTEX_POINT('',#14812);
#4663=VERTEX_POINT('',#14816);
#4664=VERTEX_POINT('',#14820);
#4665=VERTEX_POINT('',#14821);
#4666=VERTEX_POINT('',#14825);
#4667=VERTEX_POINT('',#14829);
#4668=VERTEX_POINT('',#14830);
#4669=VERTEX_POINT('',#14834);
#4670=VERTEX_POINT('',#14838);
#4671=VERTEX_POINT('',#14839);
#4672=VERTEX_POINT('',#14843);
#4673=VERTEX_POINT('',#14847);
#4674=VERTEX_POINT('',#14848);
#4675=VERTEX_POINT('',#14852);
#4676=VERTEX_POINT('',#14856);
#4677=VERTEX_POINT('',#14857);
#4678=VERTEX_POINT('',#14861);
#4679=VERTEX_POINT('',#14865);
#4680=VERTEX_POINT('',#14866);
#4681=VERTEX_POINT('',#14868);
#4682=VERTEX_POINT('',#14870);
#4683=VERTEX_POINT('',#14874);
#4684=VERTEX_POINT('',#14875);
#4685=VERTEX_POINT('',#14877);
#4686=VERTEX_POINT('',#14879);
#4687=VERTEX_POINT('',#14883);
#4688=VERTEX_POINT('',#14884);
#4689=VERTEX_POINT('',#14886);
#4690=VERTEX_POINT('',#14888);
#4691=VERTEX_POINT('',#14892);
#4692=VERTEX_POINT('',#14893);
#4693=VERTEX_POINT('',#14895);
#4694=VERTEX_POINT('',#14897);
#4695=VERTEX_POINT('',#14901);
#4696=VERTEX_POINT('',#14902);
#4697=VERTEX_POINT('',#14904);
#4698=VERTEX_POINT('',#14906);
#4699=VERTEX_POINT('',#14910);
#4700=VERTEX_POINT('',#14912);
#4701=VERTEX_POINT('',#14916);
#4702=VERTEX_POINT('',#14920);
#4703=VERTEX_POINT('',#14921);
#4704=VERTEX_POINT('',#14923);
#4705=VERTEX_POINT('',#14925);
#4706=VERTEX_POINT('',#14929);
#4707=VERTEX_POINT('',#14930);
#4708=VERTEX_POINT('',#14932);
#4709=VERTEX_POINT('',#14934);
#4710=VERTEX_POINT('',#14938);
#4711=VERTEX_POINT('',#14939);
#4712=VERTEX_POINT('',#14941);
#4713=VERTEX_POINT('',#14943);
#4714=VERTEX_POINT('',#14947);
#4715=VERTEX_POINT('',#14949);
#4716=VERTEX_POINT('',#14953);
#4717=VERTEX_POINT('',#14957);
#4718=VERTEX_POINT('',#14963);
#4719=VERTEX_POINT('',#14964);
#4720=VERTEX_POINT('',#14966);
#4721=VERTEX_POINT('',#14968);
#4722=VERTEX_POINT('',#14972);
#4723=VERTEX_POINT('',#14973);
#4724=VERTEX_POINT('',#14975);
#4725=VERTEX_POINT('',#14977);
#4726=VERTEX_POINT('',#14981);
#4727=VERTEX_POINT('',#14987);
#4728=VERTEX_POINT('',#14988);
#4729=VERTEX_POINT('',#14990);
#4730=VERTEX_POINT('',#14992);
#4731=VERTEX_POINT('',#14996);
#4732=VERTEX_POINT('',#14997);
#4733=VERTEX_POINT('',#14999);
#4734=VERTEX_POINT('',#15001);
#4735=VERTEX_POINT('',#15005);
#4736=VERTEX_POINT('',#15006);
#4737=VERTEX_POINT('',#15008);
#4738=VERTEX_POINT('',#15010);
#4739=VERTEX_POINT('',#15014);
#4740=VERTEX_POINT('',#15015);
#4741=VERTEX_POINT('',#15017);
#4742=VERTEX_POINT('',#15019);
#4743=VERTEX_POINT('',#15023);
#4744=VERTEX_POINT('',#15025);
#4745=VERTEX_POINT('',#15029);
#4746=VERTEX_POINT('',#15031);
#4747=VERTEX_POINT('',#15035);
#4748=VERTEX_POINT('',#15037);
#4749=VERTEX_POINT('',#15041);
#4750=VERTEX_POINT('',#15047);
#4751=VERTEX_POINT('',#15049);
#4752=VERTEX_POINT('',#15053);
#4753=VERTEX_POINT('',#15057);
#4754=VERTEX_POINT('',#15061);
#4755=VERTEX_POINT('',#15063);
#4756=VERTEX_POINT('',#15067);
#4757=VERTEX_POINT('',#15071);
#4758=VERTEX_POINT('',#15075);
#4759=VERTEX_POINT('',#15077);
#4760=VERTEX_POINT('',#15081);
#4761=VERTEX_POINT('',#15083);
#4762=VERTEX_POINT('',#15087);
#4763=VERTEX_POINT('',#15091);
#4764=VERTEX_POINT('',#15095);
#4765=VERTEX_POINT('',#15099);
#4766=VERTEX_POINT('',#15103);
#4767=VERTEX_POINT('',#15105);
#4768=VERTEX_POINT('',#15109);
#4769=VERTEX_POINT('',#15113);
#4770=VERTEX_POINT('',#15117);
#4771=VERTEX_POINT('',#15119);
#4772=VERTEX_POINT('',#15123);
#4773=VERTEX_POINT('',#15125);
#4774=VERTEX_POINT('',#15129);
#4775=VERTEX_POINT('',#15133);
#4776=VERTEX_POINT('',#15137);
#4777=VERTEX_POINT('',#15141);
#4778=VERTEX_POINT('',#15145);
#4779=VERTEX_POINT('',#15147);
#4780=VERTEX_POINT('',#15151);
#4781=VERTEX_POINT('',#15153);
#4782=VERTEX_POINT('',#15157);
#4783=VERTEX_POINT('',#15161);
#4784=VERTEX_POINT('',#15165);
#4785=VERTEX_POINT('',#15169);
#4786=VERTEX_POINT('',#15173);
#4787=VERTEX_POINT('',#15175);
#4788=VERTEX_POINT('',#15179);
#4789=VERTEX_POINT('',#15183);
#4790=VERTEX_POINT('',#15188);
#4791=VERTEX_POINT('',#15190);
#4792=VERTEX_POINT('',#15192);
#4793=VERTEX_POINT('',#15194);
#4794=VERTEX_POINT('',#15199);
#4795=VERTEX_POINT('',#15202);
#4796=VERTEX_POINT('',#15204);
#4797=VERTEX_POINT('',#15206);
#4798=VERTEX_POINT('',#15208);
#4799=VERTEX_POINT('',#15216);
#4800=VERTEX_POINT('',#15218);
#4801=VERTEX_POINT('',#15220);
#4802=VERTEX_POINT('',#15222);
#4803=VERTEX_POINT('',#15228);
#4804=VERTEX_POINT('',#15230);
#4805=VERTEX_POINT('',#15232);
#4806=VERTEX_POINT('',#15234);
#4807=VERTEX_POINT('',#15239);
#4808=VERTEX_POINT('',#15240);
#4809=VERTEX_POINT('',#15242);
#4810=VERTEX_POINT('',#15244);
#4811=VERTEX_POINT('',#15248);
#4812=VERTEX_POINT('',#15249);
#4813=VERTEX_POINT('',#15251);
#4814=VERTEX_POINT('',#15253);
#4815=VERTEX_POINT('',#15257);
#4816=VERTEX_POINT('',#15259);
#4817=VERTEX_POINT('',#15263);
#4818=VERTEX_POINT('',#15268);
#4819=VERTEX_POINT('',#15270);
#4820=VERTEX_POINT('',#15274);
#4821=VERTEX_POINT('',#15279);
#4822=VERTEX_POINT('',#15283);
#4823=VERTEX_POINT('',#15289);
#4824=VERTEX_POINT('',#15291);
#4825=VERTEX_POINT('',#15294);
#4826=VERTEX_POINT('',#15296);
#4827=VERTEX_POINT('',#15300);
#4828=VERTEX_POINT('',#15301);
#4829=VERTEX_POINT('',#15305);
#4830=VERTEX_POINT('',#15309);
#4831=VERTEX_POINT('',#15310);
#4832=VERTEX_POINT('',#15314);
#4833=VERTEX_POINT('',#15318);
#4834=VERTEX_POINT('',#15319);
#4835=VERTEX_POINT('',#15323);
#4836=VERTEX_POINT('',#15327);
#4837=VERTEX_POINT('',#15328);
#4838=VERTEX_POINT('',#15332);
#4839=VERTEX_POINT('',#15336);
#4840=VERTEX_POINT('',#15337);
#4841=VERTEX_POINT('',#15339);
#4842=VERTEX_POINT('',#15341);
#4843=VERTEX_POINT('',#15345);
#4844=VERTEX_POINT('',#15347);
#4845=VERTEX_POINT('',#15351);
#4846=VERTEX_POINT('',#15352);
#4847=VERTEX_POINT('',#15354);
#4848=VERTEX_POINT('',#15356);
#4849=VERTEX_POINT('',#15363);
#4850=VERTEX_POINT('',#15364);
#4851=VERTEX_POINT('',#15366);
#4852=VERTEX_POINT('',#15368);
#4853=VERTEX_POINT('',#15372);
#4854=VERTEX_POINT('',#15374);
#4855=VERTEX_POINT('',#15384);
#4856=VERTEX_POINT('',#15385);
#4857=VERTEX_POINT('',#15387);
#4858=VERTEX_POINT('',#15389);
#4859=VERTEX_POINT('',#15391);
#4860=VERTEX_POINT('',#15393);
#4861=VERTEX_POINT('',#15395);
#4862=VERTEX_POINT('',#15397);
#4863=VERTEX_POINT('',#15404);
#4864=VERTEX_POINT('',#15408);
#4865=VERTEX_POINT('',#15412);
#4866=VERTEX_POINT('',#15416);
#4867=VERTEX_POINT('',#15424);
#4868=VERTEX_POINT('',#15426);
#4869=VERTEX_POINT('',#15430);
#4870=VERTEX_POINT('',#15435);
#4871=VERTEX_POINT('',#15436);
#4872=VERTEX_POINT('',#15441);
#4873=VERTEX_POINT('',#15445);
#4874=VERTEX_POINT('',#15450);
#4875=VERTEX_POINT('',#15460);
#4876=VERTEX_POINT('',#15461);
#4877=VERTEX_POINT('',#15463);
#4878=VERTEX_POINT('',#15465);
#4879=VERTEX_POINT('',#15469);
#4880=VERTEX_POINT('',#15471);
#4881=VERTEX_POINT('',#15475);
#4882=VERTEX_POINT('',#15476);
#4883=VERTEX_POINT('',#15478);
#4884=VERTEX_POINT('',#15480);
#4885=VERTEX_POINT('',#15484);
#4886=VERTEX_POINT('',#15485);
#4887=VERTEX_POINT('',#15487);
#4888=VERTEX_POINT('',#15489);
#4889=VERTEX_POINT('',#15493);
#4890=VERTEX_POINT('',#15495);
#4891=VERTEX_POINT('',#15499);
#4892=VERTEX_POINT('',#15500);
#4893=VERTEX_POINT('',#15504);
#4894=VERTEX_POINT('',#15508);
#4895=VERTEX_POINT('',#15509);
#4896=VERTEX_POINT('',#15513);
#4897=VERTEX_POINT('',#15517);
#4898=VERTEX_POINT('',#15518);
#4899=VERTEX_POINT('',#15522);
#4900=VERTEX_POINT('',#15526);
#4901=VERTEX_POINT('',#15527);
#4902=VERTEX_POINT('',#15531);
#4903=VERTEX_POINT('',#15535);
#4904=VERTEX_POINT('',#15536);
#4905=VERTEX_POINT('',#15540);
#4906=VERTEX_POINT('',#15544);
#4907=VERTEX_POINT('',#15545);
#4908=VERTEX_POINT('',#15549);
#4909=VERTEX_POINT('',#15553);
#4910=VERTEX_POINT('',#15554);
#4911=VERTEX_POINT('',#15558);
#4912=VERTEX_POINT('',#15562);
#4913=VERTEX_POINT('',#15563);
#4914=VERTEX_POINT('',#15567);
#4915=VERTEX_POINT('',#15571);
#4916=VERTEX_POINT('',#15573);
#4917=VERTEX_POINT('',#15577);
#4918=VERTEX_POINT('',#15578);
#4919=VERTEX_POINT('',#15580);
#4920=VERTEX_POINT('',#15582);
#4921=VERTEX_POINT('',#15586);
#4922=VERTEX_POINT('',#15588);
#4923=VERTEX_POINT('',#15594);
#4924=VERTEX_POINT('',#15596);
#4925=VERTEX_POINT('',#15599);
#4926=VERTEX_POINT('',#15601);
#4927=VERTEX_POINT('',#15605);
#4928=VERTEX_POINT('',#15606);
#4929=VERTEX_POINT('',#15610);
#4930=VERTEX_POINT('',#15614);
#4931=VERTEX_POINT('',#15615);
#4932=VERTEX_POINT('',#15619);
#4933=VERTEX_POINT('',#15623);
#4934=VERTEX_POINT('',#15624);
#4935=VERTEX_POINT('',#15628);
#4936=VERTEX_POINT('',#15632);
#4937=VERTEX_POINT('',#15633);
#4938=VERTEX_POINT('',#15637);
#4939=VERTEX_POINT('',#15641);
#4940=VERTEX_POINT('',#15642);
#4941=VERTEX_POINT('',#15644);
#4942=VERTEX_POINT('',#15646);
#4943=VERTEX_POINT('',#15650);
#4944=VERTEX_POINT('',#15652);
#4945=VERTEX_POINT('',#15656);
#4946=VERTEX_POINT('',#15657);
#4947=VERTEX_POINT('',#15659);
#4948=VERTEX_POINT('',#15661);
#4949=VERTEX_POINT('',#15668);
#4950=VERTEX_POINT('',#15669);
#4951=VERTEX_POINT('',#15671);
#4952=VERTEX_POINT('',#15673);
#4953=VERTEX_POINT('',#15677);
#4954=VERTEX_POINT('',#15679);
#4955=VERTEX_POINT('',#15689);
#4956=VERTEX_POINT('',#15690);
#4957=VERTEX_POINT('',#15692);
#4958=VERTEX_POINT('',#15694);
#4959=VERTEX_POINT('',#15696);
#4960=VERTEX_POINT('',#15698);
#4961=VERTEX_POINT('',#15700);
#4962=VERTEX_POINT('',#15702);
#4963=VERTEX_POINT('',#15709);
#4964=VERTEX_POINT('',#15713);
#4965=VERTEX_POINT('',#15717);
#4966=VERTEX_POINT('',#15721);
#4967=VERTEX_POINT('',#15729);
#4968=VERTEX_POINT('',#15731);
#4969=VERTEX_POINT('',#15735);
#4970=VERTEX_POINT('',#15740);
#4971=VERTEX_POINT('',#15741);
#4972=VERTEX_POINT('',#15746);
#4973=VERTEX_POINT('',#15750);
#4974=VERTEX_POINT('',#15755);
#4975=VERTEX_POINT('',#15765);
#4976=VERTEX_POINT('',#15767);
#4977=VERTEX_POINT('',#15768);
#4978=VERTEX_POINT('',#15770);
#4979=VERTEX_POINT('',#15772);
#4980=VERTEX_POINT('',#15774);
#4981=VERTEX_POINT('',#15776);
#4982=VERTEX_POINT('',#15780);
#4983=VERTEX_POINT('',#15784);
#4984=VERTEX_POINT('',#15785);
#4985=VERTEX_POINT('',#15790);
#4986=VERTEX_POINT('',#15792);
#4987=VERTEX_POINT('',#15796);
#4988=VERTEX_POINT('',#15800);
#4989=VERTEX_POINT('',#15808);
#4990=VERTEX_POINT('',#15809);
#4991=VERTEX_POINT('',#15811);
#4992=VERTEX_POINT('',#15813);
#4993=VERTEX_POINT('',#15815);
#4994=VERTEX_POINT('',#15817);
#4995=VERTEX_POINT('',#15819);
#4996=VERTEX_POINT('',#15821);
#4997=VERTEX_POINT('',#15825);
#4998=VERTEX_POINT('',#15827);
#4999=VERTEX_POINT('',#15831);
#5000=VERTEX_POINT('',#15835);
#5001=VERTEX_POINT('',#15837);
#5002=VERTEX_POINT('',#15839);
#5003=VERTEX_POINT('',#15841);
#5004=VERTEX_POINT('',#15843);
#5005=VERTEX_POINT('',#15859);
#5006=VERTEX_POINT('',#15861);
#5007=VERTEX_POINT('',#15865);
#5008=VERTEX_POINT('',#15867);
#5009=VERTEX_POINT('',#15871);
#5010=VERTEX_POINT('',#15872);
#5011=VERTEX_POINT('',#15874);
#5012=VERTEX_POINT('',#15876);
#5013=VERTEX_POINT('',#15880);
#5014=VERTEX_POINT('',#15881);
#5015=VERTEX_POINT('',#15883);
#5016=VERTEX_POINT('',#15885);
#5017=VERTEX_POINT('',#15892);
#5018=VERTEX_POINT('',#15894);
#5019=VERTEX_POINT('',#15897);
#5020=VERTEX_POINT('',#15899);
#5021=VERTEX_POINT('',#15902);
#5022=VERTEX_POINT('',#15904);
#5023=VERTEX_POINT('',#15907);
#5024=VERTEX_POINT('',#15910);
#5025=VERTEX_POINT('',#15911);
#5026=VERTEX_POINT('',#15913);
#5027=VERTEX_POINT('',#15915);
#5028=VERTEX_POINT('',#15919);
#5029=VERTEX_POINT('',#15921);
#5030=VERTEX_POINT('',#15928);
#5031=VERTEX_POINT('',#15930);
#5032=VERTEX_POINT('',#15933);
#5033=VERTEX_POINT('',#15936);
#5034=VERTEX_POINT('',#15940);
#5035=VERTEX_POINT('',#15944);
#5036=VERTEX_POINT('',#15946);
#5037=VERTEX_POINT('',#15950);
#5038=VERTEX_POINT('',#15952);
#5039=VERTEX_POINT('',#15958);
#5040=VERTEX_POINT('',#15960);
#5041=VERTEX_POINT('',#15970);
#5042=VERTEX_POINT('',#15972);
#5043=VERTEX_POINT('',#15976);
#5044=VERTEX_POINT('',#15977);
#5045=VERTEX_POINT('',#15979);
#5046=VERTEX_POINT('',#15981);
#5047=VERTEX_POINT('',#15983);
#5048=VERTEX_POINT('',#15985);
#5049=VERTEX_POINT('',#15987);
#5050=VERTEX_POINT('',#15989);
#5051=VERTEX_POINT('',#15992);
#5052=VERTEX_POINT('',#15994);
#5053=VERTEX_POINT('',#15996);
#5054=VERTEX_POINT('',#15998);
#5055=VERTEX_POINT('',#16001);
#5056=VERTEX_POINT('',#16002);
#5057=VERTEX_POINT('',#16004);
#5058=VERTEX_POINT('',#16006);
#5059=VERTEX_POINT('',#16010);
#5060=VERTEX_POINT('',#16011);
#5061=VERTEX_POINT('',#16013);
#5062=VERTEX_POINT('',#16015);
#5063=VERTEX_POINT('',#16019);
#5064=VERTEX_POINT('',#16021);
#5065=VERTEX_POINT('',#16025);
#5066=VERTEX_POINT('',#16027);
#5067=VERTEX_POINT('',#16037);
#5068=VERTEX_POINT('',#16038);
#5069=VERTEX_POINT('',#16040);
#5070=VERTEX_POINT('',#16042);
#5071=VERTEX_POINT('',#16044);
#5072=VERTEX_POINT('',#16046);
#5073=VERTEX_POINT('',#16048);
#5074=VERTEX_POINT('',#16050);
#5075=VERTEX_POINT('',#16053);
#5076=VERTEX_POINT('',#16055);
#5077=VERTEX_POINT('',#16057);
#5078=VERTEX_POINT('',#16059);
#5079=VERTEX_POINT('',#16088);
#5080=VERTEX_POINT('',#16090);
#5081=VERTEX_POINT('',#16094);
#5082=VERTEX_POINT('',#16096);
#5083=VERTEX_POINT('',#16100);
#5084=VERTEX_POINT('',#16101);
#5085=VERTEX_POINT('',#16103);
#5086=VERTEX_POINT('',#16105);
#5087=VERTEX_POINT('',#16109);
#5088=VERTEX_POINT('',#16110);
#5089=VERTEX_POINT('',#16112);
#5090=VERTEX_POINT('',#16114);
#5091=VERTEX_POINT('',#16121);
#5092=VERTEX_POINT('',#16123);
#5093=VERTEX_POINT('',#16126);
#5094=VERTEX_POINT('',#16128);
#5095=VERTEX_POINT('',#16131);
#5096=VERTEX_POINT('',#16133);
#5097=VERTEX_POINT('',#16136);
#5098=VERTEX_POINT('',#16139);
#5099=VERTEX_POINT('',#16140);
#5100=VERTEX_POINT('',#16142);
#5101=VERTEX_POINT('',#16144);
#5102=VERTEX_POINT('',#16148);
#5103=VERTEX_POINT('',#16150);
#5104=VERTEX_POINT('',#16157);
#5105=VERTEX_POINT('',#16159);
#5106=VERTEX_POINT('',#16162);
#5107=VERTEX_POINT('',#16165);
#5108=VERTEX_POINT('',#16169);
#5109=VERTEX_POINT('',#16173);
#5110=VERTEX_POINT('',#16175);
#5111=VERTEX_POINT('',#16179);
#5112=VERTEX_POINT('',#16183);
#5113=VERTEX_POINT('',#16188);
#5114=VERTEX_POINT('',#16190);
#5115=VERTEX_POINT('',#16199);
#5116=VERTEX_POINT('',#16200);
#5117=VERTEX_POINT('',#16204);
#5118=VERTEX_POINT('',#16208);
#5119=VERTEX_POINT('',#16209);
#5120=VERTEX_POINT('',#16213);
#5121=VERTEX_POINT('',#16217);
#5122=VERTEX_POINT('',#16218);
#5123=VERTEX_POINT('',#16220);
#5124=VERTEX_POINT('',#16222);
#5125=VERTEX_POINT('',#16226);
#5126=VERTEX_POINT('',#16228);
#5127=VERTEX_POINT('',#16230);
#5128=VERTEX_POINT('',#16232);
#5129=VERTEX_POINT('',#16234);
#5130=VERTEX_POINT('',#16236);
#5131=VERTEX_POINT('',#16240);
#5132=VERTEX_POINT('',#16242);
#5133=VERTEX_POINT('',#16244);
#5134=VERTEX_POINT('',#16246);
#5135=VERTEX_POINT('',#16248);
#5136=VERTEX_POINT('',#16250);
#5137=VERTEX_POINT('',#16257);
#5138=VERTEX_POINT('',#16258);
#5139=VERTEX_POINT('',#16260);
#5140=VERTEX_POINT('',#16263);
#5141=VERTEX_POINT('',#16267);
#5142=VERTEX_POINT('',#16269);
#5143=VERTEX_POINT('',#16275);
#5144=VERTEX_POINT('',#16279);
#5145=VERTEX_POINT('',#16280);
#5146=VERTEX_POINT('',#16282);
#5147=VERTEX_POINT('',#16285);
#5148=VERTEX_POINT('',#16289);
#5149=VERTEX_POINT('',#16291);
#5150=VERTEX_POINT('',#16297);
#5151=VERTEX_POINT('',#16301);
#5152=VERTEX_POINT('',#16304);
#5153=VERTEX_POINT('',#16308);
#5154=VERTEX_POINT('',#16311);
#5155=VERTEX_POINT('',#16326);
#5156=VERTEX_POINT('',#16328);
#5157=VERTEX_POINT('',#16332);
#5158=VERTEX_POINT('',#16334);
#5159=VERTEX_POINT('',#16338);
#5160=VERTEX_POINT('',#16339);
#5161=VERTEX_POINT('',#16341);
#5162=VERTEX_POINT('',#16343);
#5163=VERTEX_POINT('',#16347);
#5164=VERTEX_POINT('',#16349);
#5165=VERTEX_POINT('',#16351);
#5166=VERTEX_POINT('',#16353);
#5167=VERTEX_POINT('',#16355);
#5168=VERTEX_POINT('',#16357);
#5169=VERTEX_POINT('',#16360);
#5170=VERTEX_POINT('',#16362);
#5171=VERTEX_POINT('',#16365);
#5172=VERTEX_POINT('',#16366);
#5173=VERTEX_POINT('',#16371);
#5174=VERTEX_POINT('',#16373);
#5175=VERTEX_POINT('',#16377);
#5176=VERTEX_POINT('',#16379);
#5177=VERTEX_POINT('',#16383);
#5178=VERTEX_POINT('',#16385);
#5179=VERTEX_POINT('',#16388);
#5180=VERTEX_POINT('',#16389);
#5181=VERTEX_POINT('',#16393);
#5182=VERTEX_POINT('',#16395);
#5183=VERTEX_POINT('',#16397);
#5184=VERTEX_POINT('',#16399);
#5185=VERTEX_POINT('',#16401);
#5186=VERTEX_POINT('',#16404);
#5187=VERTEX_POINT('',#16408);
#5188=VERTEX_POINT('',#16410);
#5189=VERTEX_POINT('',#16413);
#5190=VERTEX_POINT('',#16416);
#5191=VERTEX_POINT('',#16418);
#5192=VERTEX_POINT('',#16423);
#5193=VERTEX_POINT('',#16425);
#5194=VERTEX_POINT('',#16431);
#5195=VERTEX_POINT('',#16446);
#5196=VERTEX_POINT('',#16447);
#5197=VERTEX_POINT('',#16449);
#5198=VERTEX_POINT('',#16451);
#5199=VERTEX_POINT('',#16455);
#5200=VERTEX_POINT('',#16457);
#5201=VERTEX_POINT('',#16459);
#5202=VERTEX_POINT('',#16461);
#5203=VERTEX_POINT('',#16463);
#5204=VERTEX_POINT('',#16465);
#5205=VERTEX_POINT('',#16468);
#5206=VERTEX_POINT('',#16469);
#5207=VERTEX_POINT('',#16471);
#5208=VERTEX_POINT('',#16473);
#5209=VERTEX_POINT('',#16477);
#5210=VERTEX_POINT('',#16481);
#5211=VERTEX_POINT('',#16485);
#5212=VERTEX_POINT('',#16486);
#5213=VERTEX_POINT('',#16491);
#5214=VERTEX_POINT('',#16495);
#5215=VERTEX_POINT('',#16503);
#5216=VERTEX_POINT('',#16504);
#5217=VERTEX_POINT('',#16506);
#5218=VERTEX_POINT('',#16508);
#5219=VERTEX_POINT('',#16521);
#5220=VERTEX_POINT('',#16522);
#5221=VERTEX_POINT('',#16524);
#5222=VERTEX_POINT('',#16526);
#5223=VERTEX_POINT('',#16530);
#5224=VERTEX_POINT('',#16532);
#5225=VERTEX_POINT('',#16534);
#5226=VERTEX_POINT('',#16536);
#5227=VERTEX_POINT('',#16538);
#5228=VERTEX_POINT('',#16540);
#5229=VERTEX_POINT('',#16543);
#5230=VERTEX_POINT('',#16544);
#5231=VERTEX_POINT('',#16546);
#5232=VERTEX_POINT('',#16548);
#5233=VERTEX_POINT('',#16552);
#5234=VERTEX_POINT('',#16556);
#5235=VERTEX_POINT('',#16560);
#5236=VERTEX_POINT('',#16562);
#5237=VERTEX_POINT('',#16566);
#5238=VERTEX_POINT('',#16570);
#5239=VERTEX_POINT('',#16576);
#5240=VERTEX_POINT('',#16577);
#5241=VERTEX_POINT('',#16582);
#5242=VERTEX_POINT('',#16586);
#5243=VERTEX_POINT('',#16596);
#5244=VERTEX_POINT('',#16597);
#5245=VERTEX_POINT('',#16599);
#5246=VERTEX_POINT('',#16601);
#5247=VERTEX_POINT('',#16605);
#5248=VERTEX_POINT('',#16607);
#5249=VERTEX_POINT('',#16611);
#5250=VERTEX_POINT('',#16613);
#5251=VERTEX_POINT('',#16615);
#5252=VERTEX_POINT('',#16617);
#5253=VERTEX_POINT('',#16619);
#5254=VERTEX_POINT('',#16622);
#5255=VERTEX_POINT('',#16623);
#5256=VERTEX_POINT('',#16625);
#5257=VERTEX_POINT('',#16627);
#5258=VERTEX_POINT('',#16631);
#5259=VERTEX_POINT('',#16635);
#5260=VERTEX_POINT('',#16639);
#5261=VERTEX_POINT('',#16641);
#5262=VERTEX_POINT('',#16645);
#5263=VERTEX_POINT('',#16651);
#5264=VERTEX_POINT('',#16652);
#5265=VERTEX_POINT('',#16657);
#5266=VERTEX_POINT('',#16661);
#5267=VERTEX_POINT('',#16671);
#5268=VERTEX_POINT('',#16673);
#5269=VERTEX_POINT('',#16676);
#5270=VERTEX_POINT('',#16680);
#5271=VERTEX_POINT('',#16684);
#5272=VERTEX_POINT('',#16686);
#5273=VERTEX_POINT('',#16689);
#5274=VERTEX_POINT('',#16693);
#5275=VERTEX_POINT('',#16697);
#5276=VERTEX_POINT('',#16699);
#5277=VERTEX_POINT('',#16702);
#5278=VERTEX_POINT('',#16706);
#5279=VERTEX_POINT('',#16710);
#5280=VERTEX_POINT('',#16712);
#5281=VERTEX_POINT('',#16715);
#5282=VERTEX_POINT('',#16719);
#5283=VERTEX_POINT('',#16723);
#5284=VERTEX_POINT('',#16724);
#5285=VERTEX_POINT('',#16726);
#5286=VERTEX_POINT('',#16728);
#5287=VERTEX_POINT('',#16732);
#5288=VERTEX_POINT('',#16734);
#5289=VERTEX_POINT('',#16738);
#5290=VERTEX_POINT('',#16740);
#5291=VERTEX_POINT('',#16744);
#5292=VERTEX_POINT('',#16745);
#5293=VERTEX_POINT('',#16747);
#5294=VERTEX_POINT('',#16749);
#5295=VERTEX_POINT('',#16751);
#5296=VERTEX_POINT('',#16753);
#5297=VERTEX_POINT('',#16755);
#5298=VERTEX_POINT('',#16757);
#5299=VERTEX_POINT('',#16760);
#5300=VERTEX_POINT('',#16762);
#5301=VERTEX_POINT('',#16764);
#5302=VERTEX_POINT('',#16766);
#5303=VERTEX_POINT('',#16768);
#5304=VERTEX_POINT('',#16770);
#5305=VERTEX_POINT('',#16772);
#5306=VERTEX_POINT('',#16774);
#5307=VERTEX_POINT('',#16776);
#5308=VERTEX_POINT('',#16778);
#5309=VERTEX_POINT('',#16780);
#5310=VERTEX_POINT('',#16782);
#5311=VERTEX_POINT('',#16784);
#5312=VERTEX_POINT('',#16786);
#5313=VERTEX_POINT('',#16788);
#5314=VERTEX_POINT('',#16790);
#5315=VERTEX_POINT('',#16792);
#5316=VERTEX_POINT('',#16794);
#5317=VERTEX_POINT('',#16796);
#5318=VERTEX_POINT('',#16798);
#5319=VERTEX_POINT('',#16802);
#5320=VERTEX_POINT('',#16803);
#5321=VERTEX_POINT('',#16810);
#5322=VERTEX_POINT('',#16814);
#5323=VERTEX_POINT('',#16816);
#5324=VERTEX_POINT('',#16820);
#5325=VERTEX_POINT('',#16824);
#5326=VERTEX_POINT('',#16828);
#5327=VERTEX_POINT('',#16829);
#5328=VERTEX_POINT('',#16836);
#5329=VERTEX_POINT('',#16840);
#5330=VERTEX_POINT('',#16842);
#5331=VERTEX_POINT('',#16846);
#5332=VERTEX_POINT('',#16850);
#5333=VERTEX_POINT('',#16854);
#5334=VERTEX_POINT('',#16862);
#5335=VERTEX_POINT('',#16866);
#5336=VERTEX_POINT('',#16870);
#5337=VERTEX_POINT('',#16874);
#5338=VERTEX_POINT('',#16878);
#5339=VERTEX_POINT('',#16884);
#5340=VERTEX_POINT('',#16885);
#5341=VERTEX_POINT('',#16887);
#5342=VERTEX_POINT('',#16889);
#5343=VERTEX_POINT('',#16891);
#5344=VERTEX_POINT('',#16893);
#5345=VERTEX_POINT('',#16895);
#5346=VERTEX_POINT('',#16897);
#5347=VERTEX_POINT('',#16901);
#5348=VERTEX_POINT('',#16903);
#5349=VERTEX_POINT('',#16907);
#5350=VERTEX_POINT('',#16911);
#5351=VERTEX_POINT('',#16913);
#5352=VERTEX_POINT('',#16915);
#5353=VERTEX_POINT('',#16917);
#5354=VERTEX_POINT('',#16919);
#5355=VERTEX_POINT('',#16922);
#5356=VERTEX_POINT('',#16923);
#5357=VERTEX_POINT('',#16925);
#5358=VERTEX_POINT('',#16927);
#5359=VERTEX_POINT('',#16929);
#5360=VERTEX_POINT('',#16931);
#5361=VERTEX_POINT('',#16933);
#5362=VERTEX_POINT('',#16935);
#5363=VERTEX_POINT('',#16939);
#5364=VERTEX_POINT('',#16940);
#5365=VERTEX_POINT('',#16945);
#5366=VERTEX_POINT('',#16947);
#5367=VERTEX_POINT('',#16949);
#5368=VERTEX_POINT('',#16951);
#5369=VERTEX_POINT('',#16953);
#5370=VERTEX_POINT('',#16955);
#5371=VERTEX_POINT('',#16958);
#5372=VERTEX_POINT('',#16959);
#5373=VERTEX_POINT('',#16961);
#5374=VERTEX_POINT('',#16963);
#5375=VERTEX_POINT('',#16965);
#5376=VERTEX_POINT('',#16967);
#5377=VERTEX_POINT('',#16969);
#5378=VERTEX_POINT('',#16971);
#5379=VERTEX_POINT('',#17016);
#5380=VERTEX_POINT('',#17017);
#5381=VERTEX_POINT('',#17021);
#5382=VERTEX_POINT('',#17025);
#5383=VERTEX_POINT('',#17026);
#5384=VERTEX_POINT('',#17030);
#5385=VERTEX_POINT('',#17034);
#5386=VERTEX_POINT('',#17035);
#5387=VERTEX_POINT('',#17039);
#5388=VERTEX_POINT('',#17043);
#5389=VERTEX_POINT('',#17044);
#5390=VERTEX_POINT('',#17048);
#5391=VERTEX_POINT('',#17052);
#5392=VERTEX_POINT('',#17053);
#5393=VERTEX_POINT('',#17055);
#5394=VERTEX_POINT('',#17057);
#5395=VERTEX_POINT('',#17061);
#5396=VERTEX_POINT('',#17063);
#5397=VERTEX_POINT('',#17067);
#5398=VERTEX_POINT('',#17069);
#5399=VERTEX_POINT('',#17073);
#5400=VERTEX_POINT('',#17074);
#5401=VERTEX_POINT('',#17076);
#5402=VERTEX_POINT('',#17078);
#5403=VERTEX_POINT('',#17085);
#5404=VERTEX_POINT('',#17086);
#5405=VERTEX_POINT('',#17088);
#5406=VERTEX_POINT('',#17090);
#5407=VERTEX_POINT('',#17100);
#5408=VERTEX_POINT('',#17101);
#5409=VERTEX_POINT('',#17103);
#5410=VERTEX_POINT('',#17105);
#5411=VERTEX_POINT('',#17109);
#5412=VERTEX_POINT('',#17111);
#5413=VERTEX_POINT('',#17113);
#5414=VERTEX_POINT('',#17115);
#5415=VERTEX_POINT('',#17117);
#5416=VERTEX_POINT('',#17119);
#5417=VERTEX_POINT('',#17123);
#5418=VERTEX_POINT('',#17127);
#5419=VERTEX_POINT('',#17128);
#5420=VERTEX_POINT('',#17130);
#5421=VERTEX_POINT('',#17132);
#5422=VERTEX_POINT('',#17136);
#5423=VERTEX_POINT('',#17138);
#5424=VERTEX_POINT('',#17140);
#5425=VERTEX_POINT('',#17142);
#5426=VERTEX_POINT('',#17144);
#5427=VERTEX_POINT('',#17146);
#5428=VERTEX_POINT('',#17149);
#5429=VERTEX_POINT('',#17150);
#5430=VERTEX_POINT('',#17152);
#5431=VERTEX_POINT('',#17154);
#5432=VERTEX_POINT('',#17156);
#5433=VERTEX_POINT('',#17158);
#5434=VERTEX_POINT('',#17160);
#5435=VERTEX_POINT('',#17162);
#5436=VERTEX_POINT('',#17166);
#5437=VERTEX_POINT('',#17170);
#5438=VERTEX_POINT('',#17171);
#5439=VERTEX_POINT('',#17176);
#5440=VERTEX_POINT('',#17180);
#5441=VERTEX_POINT('',#17184);
#5442=VERTEX_POINT('',#17188);
#5443=VERTEX_POINT('',#17190);
#5444=VERTEX_POINT('',#17194);
#5445=VERTEX_POINT('',#17198);
#5446=VERTEX_POINT('',#17199);
#5447=VERTEX_POINT('',#17204);
#5448=VERTEX_POINT('',#17208);
#5449=VERTEX_POINT('',#17209);
#5450=VERTEX_POINT('',#17214);
#5451=VERTEX_POINT('',#17218);
#5452=VERTEX_POINT('',#17222);
#5453=VERTEX_POINT('',#17226);
#5454=VERTEX_POINT('',#17230);
#5455=VERTEX_POINT('',#17249);
#5456=VERTEX_POINT('',#17251);
#5457=VERTEX_POINT('',#17255);
#5458=VERTEX_POINT('',#17257);
#5459=VERTEX_POINT('',#17261);
#5460=VERTEX_POINT('',#17262);
#5461=VERTEX_POINT('',#17264);
#5462=VERTEX_POINT('',#17266);
#5463=VERTEX_POINT('',#17270);
#5464=VERTEX_POINT('',#17271);
#5465=VERTEX_POINT('',#17273);
#5466=VERTEX_POINT('',#17275);
#5467=VERTEX_POINT('',#17280);
#5468=VERTEX_POINT('',#17282);
#5469=VERTEX_POINT('',#17284);
#5470=VERTEX_POINT('',#17286);
#5471=VERTEX_POINT('',#17290);
#5472=VERTEX_POINT('',#17291);
#5473=VERTEX_POINT('',#17296);
#5474=VERTEX_POINT('',#17298);
#5475=VERTEX_POINT('',#17303);
#5476=VERTEX_POINT('',#17305);
#5477=VERTEX_POINT('',#17307);
#5478=VERTEX_POINT('',#17309);
#5479=VERTEX_POINT('',#17324);
#5480=VERTEX_POINT('',#17326);
#5481=VERTEX_POINT('',#17330);
#5482=VERTEX_POINT('',#17331);
#5483=VERTEX_POINT('',#17333);
#5484=VERTEX_POINT('',#17335);
#5485=VERTEX_POINT('',#17339);
#5486=VERTEX_POINT('',#17340);
#5487=VERTEX_POINT('',#17342);
#5488=VERTEX_POINT('',#17344);
#5489=VERTEX_POINT('',#17348);
#5490=VERTEX_POINT('',#17350);
#5491=VERTEX_POINT('',#17353);
#5492=VERTEX_POINT('',#17355);
#5493=VERTEX_POINT('',#17358);
#5494=VERTEX_POINT('',#17361);
#5495=VERTEX_POINT('',#17363);
#5496=VERTEX_POINT('',#17366);
#5497=VERTEX_POINT('',#17369);
#5498=VERTEX_POINT('',#17371);
#5499=VERTEX_POINT('',#17375);
#5500=VERTEX_POINT('',#17379);
#5501=VERTEX_POINT('',#17383);
#5502=VERTEX_POINT('',#17385);
#5503=VERTEX_POINT('',#17399);
#5504=VERTEX_POINT('',#17400);
#5505=VERTEX_POINT('',#17402);
#5506=VERTEX_POINT('',#17404);
#5507=VERTEX_POINT('',#17406);
#5508=VERTEX_POINT('',#17408);
#5509=VERTEX_POINT('',#17410);
#5510=VERTEX_POINT('',#17412);
#5511=VERTEX_POINT('',#17414);
#5512=VERTEX_POINT('',#17416);
#5513=VERTEX_POINT('',#17418);
#5514=VERTEX_POINT('',#17420);
#5515=VERTEX_POINT('',#17422);
#5516=VERTEX_POINT('',#17424);
#5517=VERTEX_POINT('',#17426);
#5518=VERTEX_POINT('',#17428);
#5519=VERTEX_POINT('',#17430);
#5520=VERTEX_POINT('',#17432);
#5521=VERTEX_POINT('',#17434);
#5522=VERTEX_POINT('',#17436);
#5523=VERTEX_POINT('',#17438);
#5524=VERTEX_POINT('',#17440);
#5525=VERTEX_POINT('',#17442);
#5526=VERTEX_POINT('',#17444);
#5527=VERTEX_POINT('',#17446);
#5528=VERTEX_POINT('',#17448);
#5529=VERTEX_POINT('',#17450);
#5530=VERTEX_POINT('',#17452);
#5531=VERTEX_POINT('',#17454);
#5532=VERTEX_POINT('',#17456);
#5533=VERTEX_POINT('',#17458);
#5534=VERTEX_POINT('',#17460);
#5535=VERTEX_POINT('',#17462);
#5536=VERTEX_POINT('',#17464);
#5537=VERTEX_POINT('',#17466);
#5538=VERTEX_POINT('',#17468);
#5539=VERTEX_POINT('',#17470);
#5540=VERTEX_POINT('',#17472);
#5541=VERTEX_POINT('',#17474);
#5542=VERTEX_POINT('',#17476);
#5543=VERTEX_POINT('',#17478);
#5544=VERTEX_POINT('',#17480);
#5545=VERTEX_POINT('',#17482);
#5546=VERTEX_POINT('',#17484);
#5547=VERTEX_POINT('',#17486);
#5548=VERTEX_POINT('',#17488);
#5549=VERTEX_POINT('',#17490);
#5550=VERTEX_POINT('',#17492);
#5551=VERTEX_POINT('',#17494);
#5552=VERTEX_POINT('',#17496);
#5553=VERTEX_POINT('',#17498);
#5554=VERTEX_POINT('',#17500);
#5555=VERTEX_POINT('',#17502);
#5556=VERTEX_POINT('',#17504);
#5557=VERTEX_POINT('',#17506);
#5558=VERTEX_POINT('',#17508);
#5559=VERTEX_POINT('',#17510);
#5560=VERTEX_POINT('',#17512);
#5561=VERTEX_POINT('',#17514);
#5562=VERTEX_POINT('',#17516);
#5563=VERTEX_POINT('',#17518);
#5564=VERTEX_POINT('',#17520);
#5565=VERTEX_POINT('',#17522);
#5566=VERTEX_POINT('',#17524);
#5567=VERTEX_POINT('',#17528);
#5568=VERTEX_POINT('',#17530);
#5569=VERTEX_POINT('',#17534);
#5570=VERTEX_POINT('',#17538);
#5571=VERTEX_POINT('',#17542);
#5572=VERTEX_POINT('',#17546);
#5573=VERTEX_POINT('',#17550);
#5574=VERTEX_POINT('',#17554);
#5575=VERTEX_POINT('',#17558);
#5576=VERTEX_POINT('',#17562);
#5577=VERTEX_POINT('',#17566);
#5578=VERTEX_POINT('',#17570);
#5579=VERTEX_POINT('',#17574);
#5580=VERTEX_POINT('',#17578);
#5581=VERTEX_POINT('',#17582);
#5582=VERTEX_POINT('',#17586);
#5583=VERTEX_POINT('',#17590);
#5584=VERTEX_POINT('',#17594);
#5585=VERTEX_POINT('',#17598);
#5586=VERTEX_POINT('',#17602);
#5587=VERTEX_POINT('',#17606);
#5588=VERTEX_POINT('',#17610);
#5589=VERTEX_POINT('',#17614);
#5590=VERTEX_POINT('',#17618);
#5591=VERTEX_POINT('',#17622);
#5592=VERTEX_POINT('',#17626);
#5593=VERTEX_POINT('',#17630);
#5594=VERTEX_POINT('',#17634);
#5595=VERTEX_POINT('',#17638);
#5596=VERTEX_POINT('',#17642);
#5597=VERTEX_POINT('',#17645);
#5598=VERTEX_POINT('',#17648);
#5599=VERTEX_POINT('',#17652);
#5600=VERTEX_POINT('',#17655);
#5601=VERTEX_POINT('',#17657);
#5602=VERTEX_POINT('',#17660);
#5603=VERTEX_POINT('',#17664);
#5604=VERTEX_POINT('',#17666);
#5605=VERTEX_POINT('',#17670);
#5606=VERTEX_POINT('',#17672);
#5607=VERTEX_POINT('',#17676);
#5608=VERTEX_POINT('',#17678);
#5609=VERTEX_POINT('',#17682);
#5610=VERTEX_POINT('',#17684);
#5611=VERTEX_POINT('',#17688);
#5612=VERTEX_POINT('',#17690);
#5613=VERTEX_POINT('',#17694);
#5614=VERTEX_POINT('',#17696);
#5615=VERTEX_POINT('',#17700);
#5616=VERTEX_POINT('',#17702);
#5617=VERTEX_POINT('',#17706);
#5618=VERTEX_POINT('',#17708);
#5619=VERTEX_POINT('',#17712);
#5620=VERTEX_POINT('',#17716);
#5621=VERTEX_POINT('',#17720);
#5622=VERTEX_POINT('',#17724);
#5623=VERTEX_POINT('',#17728);
#5624=VERTEX_POINT('',#17732);
#5625=VERTEX_POINT('',#17736);
#5626=VERTEX_POINT('',#17740);
#5627=VERTEX_POINT('',#17744);
#5628=VERTEX_POINT('',#17750);
#5629=VERTEX_POINT('',#17754);
#5630=VERTEX_POINT('',#17760);
#5631=VERTEX_POINT('',#17766);
#5632=VERTEX_POINT('',#17770);
#5633=VERTEX_POINT('',#17778);
#5634=VERTEX_POINT('',#17785);
#5635=EDGE_CURVE('',#4655,#4656,#2485,.T.);
#5636=EDGE_CURVE('',#4656,#4656,#2131,.T.);
#5637=EDGE_CURVE('',#4657,#4657,#2132,.T.);
#5638=EDGE_CURVE('',#4657,#4656,#2486,.T.);
#5639=EDGE_CURVE('',#4658,#4659,#2487,.T.);
#5640=EDGE_CURVE('',#4659,#4659,#2133,.T.);
#5641=EDGE_CURVE('',#4660,#4660,#2134,.T.);
#5642=EDGE_CURVE('',#4660,#4659,#2488,.T.);
#5643=EDGE_CURVE('',#4661,#4662,#2489,.T.);
#5644=EDGE_CURVE('',#4662,#4662,#2135,.T.);
#5645=EDGE_CURVE('',#4663,#4663,#2136,.T.);
#5646=EDGE_CURVE('',#4663,#4662,#2490,.T.);
#5647=EDGE_CURVE('',#4664,#4665,#2491,.T.);
#5648=EDGE_CURVE('',#4665,#4665,#2137,.T.);
#5649=EDGE_CURVE('',#4666,#4666,#2138,.T.);
#5650=EDGE_CURVE('',#4666,#4665,#2492,.T.);
#5651=EDGE_CURVE('',#4667,#4668,#2493,.T.);
#5652=EDGE_CURVE('',#4668,#4668,#2139,.T.);
#5653=EDGE_CURVE('',#4669,#4669,#2140,.T.);
#5654=EDGE_CURVE('',#4669,#4668,#2494,.T.);
#5655=EDGE_CURVE('',#4670,#4671,#2495,.T.);
#5656=EDGE_CURVE('',#4671,#4671,#2141,.T.);
#5657=EDGE_CURVE('',#4672,#4672,#2142,.T.);
#5658=EDGE_CURVE('',#4672,#4671,#2496,.T.);
#5659=EDGE_CURVE('',#4673,#4674,#2497,.T.);
#5660=EDGE_CURVE('',#4674,#4674,#2143,.T.);
#5661=EDGE_CURVE('',#4675,#4675,#2144,.T.);
#5662=EDGE_CURVE('',#4675,#4674,#2498,.T.);
#5663=EDGE_CURVE('',#4676,#4677,#2499,.T.);
#5664=EDGE_CURVE('',#4677,#4677,#2145,.T.);
#5665=EDGE_CURVE('',#4678,#4678,#2146,.T.);
#5666=EDGE_CURVE('',#4678,#4677,#2500,.T.);
#5667=EDGE_CURVE('',#4679,#4680,#2501,.T.);
#5668=EDGE_CURVE('',#4681,#4679,#2502,.T.);
#5669=EDGE_CURVE('',#4682,#4681,#2503,.T.);
#5670=EDGE_CURVE('',#4680,#4682,#2504,.T.);
#5671=EDGE_CURVE('',#4683,#4684,#2505,.T.);
#5672=EDGE_CURVE('',#4685,#4683,#2506,.T.);
#5673=EDGE_CURVE('',#4686,#4685,#2507,.T.);
#5674=EDGE_CURVE('',#4684,#4686,#2508,.T.);
#5675=EDGE_CURVE('',#4687,#4688,#2509,.T.);
#5676=EDGE_CURVE('',#4689,#4687,#2510,.T.);
#5677=EDGE_CURVE('',#4690,#4689,#2511,.T.);
#5678=EDGE_CURVE('',#4688,#4690,#2512,.T.);
#5679=EDGE_CURVE('',#4691,#4692,#2513,.T.);
#5680=EDGE_CURVE('',#4693,#4691,#2514,.T.);
#5681=EDGE_CURVE('',#4694,#4693,#2515,.T.);
#5682=EDGE_CURVE('',#4692,#4694,#2516,.T.);
#5683=EDGE_CURVE('',#4695,#4696,#2517,.T.);
#5684=EDGE_CURVE('',#4697,#4695,#2518,.T.);
#5685=EDGE_CURVE('',#4698,#4697,#2519,.T.);
#5686=EDGE_CURVE('',#4696,#4698,#2520,.T.);
#5687=EDGE_CURVE('',#4699,#4695,#2521,.T.);
#5688=EDGE_CURVE('',#4699,#4700,#2522,.T.);
#5689=EDGE_CURVE('',#4697,#4700,#2523,.T.);
#5690=EDGE_CURVE('',#4701,#4696,#2524,.T.);
#5691=EDGE_CURVE('',#4701,#4699,#2525,.T.);
#5692=EDGE_CURVE('',#4702,#4703,#2526,.T.);
#5693=EDGE_CURVE('',#4704,#4702,#2527,.T.);
#5694=EDGE_CURVE('',#4705,#4704,#2528,.T.);
#5695=EDGE_CURVE('',#4703,#4705,#2529,.T.);
#5696=EDGE_CURVE('',#4706,#4707,#2530,.T.);
#5697=EDGE_CURVE('',#4708,#4706,#2531,.T.);
#5698=EDGE_CURVE('',#4709,#4708,#2532,.T.);
#5699=EDGE_CURVE('',#4707,#4709,#2533,.T.);
#5700=EDGE_CURVE('',#4710,#4711,#2534,.T.);
#5701=EDGE_CURVE('',#4712,#4710,#2535,.T.);
#5702=EDGE_CURVE('',#4713,#4712,#2536,.T.);
#5703=EDGE_CURVE('',#4711,#4713,#2537,.T.);
#5704=EDGE_CURVE('',#4710,#4714,#2538,.T.);
#5705=EDGE_CURVE('',#4714,#4715,#2539,.T.);
#5706=EDGE_CURVE('',#4712,#4715,#2540,.T.);
#5707=EDGE_CURVE('',#4711,#4716,#2541,.T.);
#5708=EDGE_CURVE('',#4716,#4714,#2542,.T.);
#5709=EDGE_CURVE('',#4717,#4716,#2543,.T.);
#5710=EDGE_CURVE('',#4715,#4717,#2544,.T.);
#5711=EDGE_CURVE('',#4717,#4713,#2545,.T.);
#5712=EDGE_CURVE('',#4718,#4719,#2546,.T.);
#5713=EDGE_CURVE('',#4720,#4718,#2547,.T.);
#5714=EDGE_CURVE('',#4721,#4720,#2548,.T.);
#5715=EDGE_CURVE('',#4719,#4721,#2549,.T.);
#5716=EDGE_CURVE('',#4722,#4723,#2550,.T.);
#5717=EDGE_CURVE('',#4724,#4722,#2551,.T.);
#5718=EDGE_CURVE('',#4725,#4724,#2552,.T.);
#5719=EDGE_CURVE('',#4723,#4725,#2553,.T.);
#5720=EDGE_CURVE('',#4726,#4701,#2554,.T.);
#5721=EDGE_CURVE('',#4700,#4726,#2555,.T.);
#5722=EDGE_CURVE('',#4726,#4698,#2556,.T.);
#5723=EDGE_CURVE('',#4727,#4728,#2557,.T.);
#5724=EDGE_CURVE('',#4729,#4727,#2558,.T.);
#5725=EDGE_CURVE('',#4730,#4729,#2559,.T.);
#5726=EDGE_CURVE('',#4728,#4730,#2560,.T.);
#5727=EDGE_CURVE('',#4731,#4732,#2561,.T.);
#5728=EDGE_CURVE('',#4733,#4731,#2562,.T.);
#5729=EDGE_CURVE('',#4734,#4733,#2563,.T.);
#5730=EDGE_CURVE('',#4732,#4734,#2564,.T.);
#5731=EDGE_CURVE('',#4735,#4736,#2565,.T.);
#5732=EDGE_CURVE('',#4736,#4737,#2566,.T.);
#5733=EDGE_CURVE('',#4738,#4737,#2567,.T.);
#5734=EDGE_CURVE('',#4738,#4735,#2568,.T.);
#5735=EDGE_CURVE('',#4739,#4740,#2569,.T.);
#5736=EDGE_CURVE('',#4741,#4739,#2570,.T.);
#5737=EDGE_CURVE('',#4742,#4741,#2571,.T.);
#5738=EDGE_CURVE('',#4740,#4742,#2572,.T.);
#5739=EDGE_CURVE('',#4706,#4743,#2573,.T.);
#5740=EDGE_CURVE('',#4743,#4744,#2574,.T.);
#5741=EDGE_CURVE('',#4708,#4744,#2575,.T.);
#5742=EDGE_CURVE('',#4745,#4709,#2576,.T.);
#5743=EDGE_CURVE('',#4746,#4745,#2577,.T.);
#5744=EDGE_CURVE('',#4707,#4746,#2578,.T.);
#5745=EDGE_CURVE('',#4747,#4739,#2579,.T.);
#5746=EDGE_CURVE('',#4748,#4747,#2580,.T.);
#5747=EDGE_CURVE('',#4741,#4748,#2581,.T.);
#5748=EDGE_CURVE('',#4749,#4740,#2582,.T.);
#5749=EDGE_CURVE('',#4747,#4749,#2583,.T.);
#5750=EDGE_CURVE('',#4746,#4743,#2584,.T.);
#5751=EDGE_CURVE('',#4750,#4736,#2585,.T.);
#5752=EDGE_CURVE('',#4751,#4750,#2586,.T.);
#5753=EDGE_CURVE('',#4737,#4751,#2587,.T.);
#5754=EDGE_CURVE('',#4752,#4735,#2588,.T.);
#5755=EDGE_CURVE('',#4750,#4752,#2589,.T.);
#5756=EDGE_CURVE('',#4753,#4738,#2590,.T.);
#5757=EDGE_CURVE('',#4753,#4752,#2591,.T.);
#5758=EDGE_CURVE('',#4679,#4754,#2592,.T.);
#5759=EDGE_CURVE('',#4754,#4755,#2593,.T.);
#5760=EDGE_CURVE('',#4681,#4755,#2594,.T.);
#5761=EDGE_CURVE('',#4680,#4756,#2595,.T.);
#5762=EDGE_CURVE('',#4754,#4756,#2596,.T.);
#5763=EDGE_CURVE('',#4757,#4682,#2597,.T.);
#5764=EDGE_CURVE('',#4756,#4757,#2598,.T.);
#5765=EDGE_CURVE('',#4758,#4721,#2599,.T.);
#5766=EDGE_CURVE('',#4758,#4759,#2600,.T.);
#5767=EDGE_CURVE('',#4759,#4719,#2601,.T.);
#5768=EDGE_CURVE('',#4683,#4760,#2602,.T.);
#5769=EDGE_CURVE('',#4760,#4761,#2603,.T.);
#5770=EDGE_CURVE('',#4685,#4761,#2604,.T.);
#5771=EDGE_CURVE('',#4762,#4759,#2605,.T.);
#5772=EDGE_CURVE('',#4762,#4718,#2606,.T.);
#5773=EDGE_CURVE('',#4684,#4763,#2607,.T.);
#5774=EDGE_CURVE('',#4763,#4760,#2608,.T.);
#5775=EDGE_CURVE('',#4764,#4762,#2609,.T.);
#5776=EDGE_CURVE('',#4720,#4764,#2610,.T.);
#5777=EDGE_CURVE('',#4765,#4686,#2611,.T.);
#5778=EDGE_CURVE('',#4763,#4765,#2612,.T.);
#5779=EDGE_CURVE('',#4766,#4730,#2613,.T.);
#5780=EDGE_CURVE('',#4767,#4766,#2614,.T.);
#5781=EDGE_CURVE('',#4728,#4767,#2615,.T.);
#5782=EDGE_CURVE('',#4768,#4767,#2616,.T.);
#5783=EDGE_CURVE('',#4727,#4768,#2617,.T.);
#5784=EDGE_CURVE('',#4768,#4769,#2618,.T.);
#5785=EDGE_CURVE('',#4729,#4769,#2619,.T.);
#5786=EDGE_CURVE('',#4770,#4705,#2620,.T.);
#5787=EDGE_CURVE('',#4770,#4771,#2621,.T.);
#5788=EDGE_CURVE('',#4771,#4703,#2622,.T.);
#5789=EDGE_CURVE('',#4731,#4772,#2623,.T.);
#5790=EDGE_CURVE('',#4772,#4773,#2624,.T.);
#5791=EDGE_CURVE('',#4733,#4773,#2625,.T.);
#5792=EDGE_CURVE('',#4774,#4771,#2626,.T.);
#5793=EDGE_CURVE('',#4774,#4702,#2627,.T.);
#5794=EDGE_CURVE('',#4732,#4775,#2628,.T.);
#5795=EDGE_CURVE('',#4772,#4775,#2629,.T.);
#5796=EDGE_CURVE('',#4776,#4774,#2630,.T.);
#5797=EDGE_CURVE('',#4704,#4776,#2631,.T.);
#5798=EDGE_CURVE('',#4777,#4734,#2632,.T.);
#5799=EDGE_CURVE('',#4775,#4777,#2633,.T.);
#5800=EDGE_CURVE('',#4778,#4690,#2634,.T.);
#5801=EDGE_CURVE('',#4778,#4779,#2635,.T.);
#5802=EDGE_CURVE('',#4779,#4688,#2636,.T.);
#5803=EDGE_CURVE('',#4722,#4780,#2637,.T.);
#5804=EDGE_CURVE('',#4780,#4781,#2638,.T.);
#5805=EDGE_CURVE('',#4724,#4781,#2639,.T.);
#5806=EDGE_CURVE('',#4782,#4779,#2640,.T.);
#5807=EDGE_CURVE('',#4782,#4687,#2641,.T.);
#5808=EDGE_CURVE('',#4723,#4783,#2642,.T.);
#5809=EDGE_CURVE('',#4780,#4783,#2643,.T.);
#5810=EDGE_CURVE('',#4784,#4782,#2644,.T.);
#5811=EDGE_CURVE('',#4689,#4784,#2645,.T.);
#5812=EDGE_CURVE('',#4785,#4725,#2646,.T.);
#5813=EDGE_CURVE('',#4783,#4785,#2647,.T.);
#5814=EDGE_CURVE('',#4786,#4694,#2648,.T.);
#5815=EDGE_CURVE('',#4786,#4787,#2649,.T.);
#5816=EDGE_CURVE('',#4787,#4692,#2650,.T.);
#5817=EDGE_CURVE('',#4788,#4787,#2651,.T.);
#5818=EDGE_CURVE('',#4788,#4691,#2652,.T.);
#5819=EDGE_CURVE('',#4789,#4788,#2653,.T.);
#5820=EDGE_CURVE('',#4693,#4789,#2654,.T.);
#5821=EDGE_CURVE('',#4764,#4785,#2655,.T.);
#5822=EDGE_CURVE('',#4790,#4758,#2656,.T.);
#5823=EDGE_CURVE('',#4791,#4790,#2657,.T.);
#5824=EDGE_CURVE('',#4792,#4791,#2658,.T.);
#5825=EDGE_CURVE('',#4793,#4792,#2659,.T.);
#5826=EDGE_CURVE('',#4781,#4793,#2660,.T.);
#5827=EDGE_CURVE('',#4748,#4777,#2661,.T.);
#5828=EDGE_CURVE('',#4794,#4749,#2662,.T.);
#5829=EDGE_CURVE('',#4751,#4794,#2663,.T.);
#5830=EDGE_CURVE('',#4795,#4753,#2664,.T.);
#5831=EDGE_CURVE('',#4796,#4795,#2665,.T.);
#5832=EDGE_CURVE('',#4796,#4797,#2666,.T.);
#5833=EDGE_CURVE('',#4798,#4797,#2667,.T.);
#5834=EDGE_CURVE('',#4769,#4798,#2668,.T.);
#5835=EDGE_CURVE('',#4773,#4766,#2669,.T.);
#5836=EDGE_CURVE('',#4794,#4742,#2670,.T.);
#5837=EDGE_CURVE('',#4776,#4745,#2671,.T.);
#5838=EDGE_CURVE('',#4799,#4770,#2672,.T.);
#5839=EDGE_CURVE('',#4800,#4799,#2673,.T.);
#5840=EDGE_CURVE('',#4801,#4800,#2674,.T.);
#5841=EDGE_CURVE('',#4802,#4801,#2675,.T.);
#5842=EDGE_CURVE('',#4744,#4802,#2676,.T.);
#5843=EDGE_CURVE('',#4765,#4784,#2677,.T.);
#5844=EDGE_CURVE('',#4778,#4789,#2678,.T.);
#5845=EDGE_CURVE('',#4786,#4803,#2679,.T.);
#5846=EDGE_CURVE('',#4804,#4803,#2680,.T.);
#5847=EDGE_CURVE('',#4804,#4805,#2681,.T.);
#5848=EDGE_CURVE('',#4806,#4805,#2682,.T.);
#5849=EDGE_CURVE('',#4806,#4755,#2683,.T.);
#5850=EDGE_CURVE('',#4757,#4761,#2684,.T.);
#5851=EDGE_CURVE('',#4807,#4808,#2147,.T.);
#5852=EDGE_CURVE('',#4809,#4807,#2685,.T.);
#5853=EDGE_CURVE('',#4810,#4809,#2148,.T.);
#5854=EDGE_CURVE('',#4808,#4810,#2686,.T.);
#5855=EDGE_CURVE('',#4811,#4812,#2149,.T.);
#5856=EDGE_CURVE('',#4813,#4811,#2687,.T.);
#5857=EDGE_CURVE('',#4814,#4813,#2150,.T.);
#5858=EDGE_CURVE('',#4812,#4814,#2688,.T.);
#5859=EDGE_CURVE('',#4815,#4810,#2689,.T.);
#5860=EDGE_CURVE('',#4815,#4816,#2690,.T.);
#5861=EDGE_CURVE('',#4816,#4808,#2691,.T.);
#5862=EDGE_CURVE('',#4817,#4809,#2692,.T.);
#5863=EDGE_CURVE('',#4817,#4798,#2151,.T.);
#5864=EDGE_CURVE('',#4797,#4815,#2152,.T.);
#5865=EDGE_CURVE('',#4818,#4814,#2693,.T.);
#5866=EDGE_CURVE('',#4818,#4819,#2694,.T.);
#5867=EDGE_CURVE('',#4812,#4819,#2695,.T.);
#5868=EDGE_CURVE('',#4820,#4813,#2696,.T.);
#5869=EDGE_CURVE('',#4820,#4806,#2153,.T.);
#5870=EDGE_CURVE('',#4805,#4818,#2154,.T.);
#5871=EDGE_CURVE('',#4821,#4807,#2697,.T.);
#5872=EDGE_CURVE('',#4817,#4821,#2698,.T.);
#5873=EDGE_CURVE('',#4822,#4811,#2699,.T.);
#5874=EDGE_CURVE('',#4820,#4822,#2700,.T.);
#5875=EDGE_CURVE('',#4803,#4821,#2155,.T.);
#5876=EDGE_CURVE('',#4795,#4822,#2156,.T.);
#5877=EDGE_CURVE('',#4823,#4802,#2157,.T.);
#5878=EDGE_CURVE('',#4824,#4823,#2701,.T.);
#5879=EDGE_CURVE('',#4790,#4824,#2158,.T.);
#5880=EDGE_CURVE('',#4825,#4793,#2159,.T.);
#5881=EDGE_CURVE('',#4826,#4825,#2702,.T.);
#5882=EDGE_CURVE('',#4799,#4826,#2160,.T.);
#5883=EDGE_CURVE('',#4827,#4828,#2703,.T.);
#5884=EDGE_CURVE('',#4828,#4828,#2161,.T.);
#5885=EDGE_CURVE('',#4829,#4829,#2162,.T.);
#5886=EDGE_CURVE('',#4829,#4828,#2704,.T.);
#5887=EDGE_CURVE('',#4830,#4831,#2705,.T.);
#5888=EDGE_CURVE('',#4831,#4831,#2163,.T.);
#5889=EDGE_CURVE('',#4832,#4832,#2164,.T.);
#5890=EDGE_CURVE('',#4832,#4831,#2706,.T.);
#5891=EDGE_CURVE('',#4833,#4834,#2707,.T.);
#5892=EDGE_CURVE('',#4834,#4834,#2165,.T.);
#5893=EDGE_CURVE('',#4835,#4835,#2166,.T.);
#5894=EDGE_CURVE('',#4835,#4834,#2708,.T.);
#5895=EDGE_CURVE('',#4836,#4837,#2709,.T.);
#5896=EDGE_CURVE('',#4837,#4837,#2167,.T.);
#5897=EDGE_CURVE('',#4838,#4838,#2168,.T.);
#5898=EDGE_CURVE('',#4838,#4837,#2710,.T.);
#5899=EDGE_CURVE('',#4839,#4840,#2169,.F.);
#5900=EDGE_CURVE('',#4840,#4841,#2711,.T.);
#5901=EDGE_CURVE('',#4841,#4842,#2170,.F.);
#5902=EDGE_CURVE('',#4842,#4839,#2712,.T.);
#5903=EDGE_CURVE('',#4843,#4840,#2713,.T.);
#5904=EDGE_CURVE('',#4844,#4843,#2714,.T.);
#5905=EDGE_CURVE('',#4841,#4844,#2715,.T.);
#5906=EDGE_CURVE('',#4845,#4846,#2171,.F.);
#5907=EDGE_CURVE('',#4846,#4847,#2716,.T.);
#5908=EDGE_CURVE('',#4847,#4848,#2172,.F.);
#5909=EDGE_CURVE('',#4848,#4845,#2717,.T.);
#5910=EDGE_CURVE('',#4847,#4842,#2718,.T.);
#5911=EDGE_CURVE('',#4839,#4846,#2719,.T.);
#5912=EDGE_CURVE('',#4849,#4850,#2173,.F.);
#5913=EDGE_CURVE('',#4850,#4851,#2720,.T.);
#5914=EDGE_CURVE('',#4851,#4852,#2174,.F.);
#5915=EDGE_CURVE('',#4852,#4849,#2721,.T.);
#5916=EDGE_CURVE('',#4853,#4850,#2722,.T.);
#5917=EDGE_CURVE('',#4854,#4853,#2723,.T.);
#5918=EDGE_CURVE('',#4851,#4854,#2724,.T.);
#5919=EDGE_CURVE('',#4843,#4854,#2175,.F.);
#5920=EDGE_CURVE('',#4853,#4844,#2176,.F.);
#5921=EDGE_CURVE('',#4849,#4848,#2725,.T.);
#5922=EDGE_CURVE('',#4845,#4852,#2726,.T.);
#5923=EDGE_CURVE('',#4855,#4856,#2177,.T.);
#5924=EDGE_CURVE('',#4857,#4855,#2727,.T.);
#5925=EDGE_CURVE('',#4858,#4857,#2178,.T.);
#5926=EDGE_CURVE('',#4859,#4858,#2728,.T.);
#5927=EDGE_CURVE('',#4860,#4859,#2179,.T.);
#5928=EDGE_CURVE('',#4861,#4860,#2729,.T.);
#5929=EDGE_CURVE('',#4862,#4861,#2180,.T.);
#5930=EDGE_CURVE('',#4856,#4862,#2730,.T.);
#5931=EDGE_CURVE('',#4816,#4804,#2181,.T.);
#5932=EDGE_CURVE('',#4819,#4796,#2182,.T.);
#5933=EDGE_CURVE('',#4792,#4863,#2183,.T.);
#5934=EDGE_CURVE('',#4863,#4825,#2731,.T.);
#5935=EDGE_CURVE('',#4864,#4863,#2732,.T.);
#5936=EDGE_CURVE('',#4826,#4864,#2733,.T.);
#5937=EDGE_CURVE('',#4824,#4865,#2734,.T.);
#5938=EDGE_CURVE('',#4865,#4791,#2184,.T.);
#5939=EDGE_CURVE('',#4866,#4823,#2735,.T.);
#5940=EDGE_CURVE('',#4865,#4866,#2736,.T.);
#5941=EDGE_CURVE('',#4801,#4866,#2185,.T.);
#5942=EDGE_CURVE('',#4864,#4800,#2186,.T.);
#5943=EDGE_CURVE('',#4856,#4867,#2737,.T.);
#5944=EDGE_CURVE('',#4867,#4868,#2187,.T.);
#5945=EDGE_CURVE('',#4868,#4855,#2738,.T.);
#5946=EDGE_CURVE('',#4869,#4862,#2739,.T.);
#5947=EDGE_CURVE('',#4867,#4869,#2740,.T.);
#5948=EDGE_CURVE('',#4870,#4871,#2188,.T.);
#5949=EDGE_CURVE('',#4871,#4858,#2741,.T.);
#5950=EDGE_CURVE('',#4857,#4870,#2742,.T.);
#5951=EDGE_CURVE('',#4871,#4872,#2743,.T.);
#5952=EDGE_CURVE('',#4859,#4872,#2744,.T.);
#5953=EDGE_CURVE('',#4872,#4873,#2189,.T.);
#5954=EDGE_CURVE('',#4873,#4860,#2745,.T.);
#5955=EDGE_CURVE('',#4861,#4874,#2746,.T.);
#5956=EDGE_CURVE('',#4874,#4869,#2190,.T.);
#5957=EDGE_CURVE('',#4870,#4868,#2747,.T.);
#5958=EDGE_CURVE('',#4873,#4874,#2748,.T.);
#5959=EDGE_CURVE('',#4875,#4876,#2749,.T.);
#5960=EDGE_CURVE('',#4877,#4876,#2750,.T.);
#5961=EDGE_CURVE('',#4877,#4878,#2751,.T.);
#5962=EDGE_CURVE('',#4875,#4878,#2752,.T.);
#5963=EDGE_CURVE('',#4876,#4879,#2191,.T.);
#5964=EDGE_CURVE('',#4879,#4880,#2753,.T.);
#5965=EDGE_CURVE('',#4880,#4877,#2192,.T.);
#5966=EDGE_CURVE('',#4881,#4882,#2754,.T.);
#5967=EDGE_CURVE('',#4883,#4881,#2755,.T.);
#5968=EDGE_CURVE('',#4884,#4883,#2756,.T.);
#5969=EDGE_CURVE('',#4882,#4884,#2757,.T.);
#5970=EDGE_CURVE('',#4885,#4886,#2758,.T.);
#5971=EDGE_CURVE('',#4887,#4886,#2759,.T.);
#5972=EDGE_CURVE('',#4887,#4888,#2760,.T.);
#5973=EDGE_CURVE('',#4888,#4885,#2761,.T.);
#5974=EDGE_CURVE('',#4886,#4889,#2193,.T.);
#5975=EDGE_CURVE('',#4889,#4890,#2762,.T.);
#5976=EDGE_CURVE('',#4890,#4887,#2194,.T.);
#5977=EDGE_CURVE('',#4891,#4892,#2763,.T.);
#5978=EDGE_CURVE('',#4892,#4892,#2195,.T.);
#5979=EDGE_CURVE('',#4893,#4893,#2196,.T.);
#5980=EDGE_CURVE('',#4893,#4892,#2764,.T.);
#5981=EDGE_CURVE('',#4894,#4895,#2765,.T.);
#5982=EDGE_CURVE('',#4895,#4895,#2197,.T.);
#5983=EDGE_CURVE('',#4896,#4896,#2198,.T.);
#5984=EDGE_CURVE('',#4896,#4895,#2766,.T.);
#5985=EDGE_CURVE('',#4897,#4898,#2767,.T.);
#5986=EDGE_CURVE('',#4898,#4898,#2199,.T.);
#5987=EDGE_CURVE('',#4899,#4899,#2200,.T.);
#5988=EDGE_CURVE('',#4899,#4898,#2768,.T.);
#5989=EDGE_CURVE('',#4900,#4901,#2769,.T.);
#5990=EDGE_CURVE('',#4901,#4901,#2201,.T.);
#5991=EDGE_CURVE('',#4902,#4902,#2202,.T.);
#5992=EDGE_CURVE('',#4902,#4901,#2770,.T.);
#5993=EDGE_CURVE('',#4903,#4904,#2771,.T.);
#5994=EDGE_CURVE('',#4904,#4904,#2203,.T.);
#5995=EDGE_CURVE('',#4905,#4905,#2204,.T.);
#5996=EDGE_CURVE('',#4905,#4904,#2772,.T.);
#5997=EDGE_CURVE('',#4906,#4907,#2773,.T.);
#5998=EDGE_CURVE('',#4907,#4907,#2205,.T.);
#5999=EDGE_CURVE('',#4908,#4908,#2206,.T.);
#6000=EDGE_CURVE('',#4908,#4907,#2774,.T.);
#6001=EDGE_CURVE('',#4909,#4910,#2775,.T.);
#6002=EDGE_CURVE('',#4910,#4910,#2207,.T.);
#6003=EDGE_CURVE('',#4911,#4911,#2208,.T.);
#6004=EDGE_CURVE('',#4911,#4910,#2776,.T.);
#6005=EDGE_CURVE('',#4912,#4913,#2777,.T.);
#6006=EDGE_CURVE('',#4913,#4913,#2209,.T.);
#6007=EDGE_CURVE('',#4914,#4914,#2210,.T.);
#6008=EDGE_CURVE('',#4914,#4913,#2778,.T.);
#6009=EDGE_CURVE('',#4915,#4889,#2779,.T.);
#6010=EDGE_CURVE('',#4916,#4915,#2780,.T.);
#6011=EDGE_CURVE('',#4916,#4890,#2781,.T.);
#6012=EDGE_CURVE('',#4917,#4918,#2782,.T.);
#6013=EDGE_CURVE('',#4919,#4917,#2783,.T.);
#6014=EDGE_CURVE('',#4920,#4919,#2784,.T.);
#6015=EDGE_CURVE('',#4918,#4920,#2785,.T.);
#6016=EDGE_CURVE('',#4879,#4921,#2786,.T.);
#6017=EDGE_CURVE('',#4922,#4921,#2787,.T.);
#6018=EDGE_CURVE('',#4922,#4880,#2788,.T.);
#6019=EDGE_CURVE('',#4921,#4885,#2211,.T.);
#6020=EDGE_CURVE('',#4915,#4875,#2212,.T.);
#6021=EDGE_CURVE('',#4923,#4918,#2213,.T.);
#6022=EDGE_CURVE('',#4924,#4923,#2789,.T.);
#6023=EDGE_CURVE('',#4881,#4924,#2214,.T.);
#6024=EDGE_CURVE('',#4925,#4882,#2215,.T.);
#6025=EDGE_CURVE('',#4926,#4925,#2790,.T.);
#6026=EDGE_CURVE('',#4917,#4926,#2216,.T.);
#6027=EDGE_CURVE('',#4927,#4928,#2791,.T.);
#6028=EDGE_CURVE('',#4928,#4928,#2217,.T.);
#6029=EDGE_CURVE('',#4929,#4929,#2218,.T.);
#6030=EDGE_CURVE('',#4929,#4928,#2792,.T.);
#6031=EDGE_CURVE('',#4930,#4931,#2793,.T.);
#6032=EDGE_CURVE('',#4931,#4931,#2219,.T.);
#6033=EDGE_CURVE('',#4932,#4932,#2220,.T.);
#6034=EDGE_CURVE('',#4932,#4931,#2794,.T.);
#6035=EDGE_CURVE('',#4933,#4934,#2795,.T.);
#6036=EDGE_CURVE('',#4934,#4934,#2221,.T.);
#6037=EDGE_CURVE('',#4935,#4935,#2222,.T.);
#6038=EDGE_CURVE('',#4935,#4934,#2796,.T.);
#6039=EDGE_CURVE('',#4936,#4937,#2797,.T.);
#6040=EDGE_CURVE('',#4937,#4937,#2223,.T.);
#6041=EDGE_CURVE('',#4938,#4938,#2224,.T.);
#6042=EDGE_CURVE('',#4938,#4937,#2798,.T.);
#6043=EDGE_CURVE('',#4939,#4940,#2225,.F.);
#6044=EDGE_CURVE('',#4940,#4941,#2799,.T.);
#6045=EDGE_CURVE('',#4941,#4942,#2226,.F.);
#6046=EDGE_CURVE('',#4942,#4939,#2800,.T.);
#6047=EDGE_CURVE('',#4943,#4940,#2801,.T.);
#6048=EDGE_CURVE('',#4944,#4943,#2802,.T.);
#6049=EDGE_CURVE('',#4941,#4944,#2803,.T.);
#6050=EDGE_CURVE('',#4945,#4946,#2227,.F.);
#6051=EDGE_CURVE('',#4946,#4947,#2804,.T.);
#6052=EDGE_CURVE('',#4947,#4948,#2228,.F.);
#6053=EDGE_CURVE('',#4948,#4945,#2805,.T.);
#6054=EDGE_CURVE('',#4947,#4942,#2806,.T.);
#6055=EDGE_CURVE('',#4939,#4946,#2807,.T.);
#6056=EDGE_CURVE('',#4949,#4950,#2229,.F.);
#6057=EDGE_CURVE('',#4950,#4951,#2808,.T.);
#6058=EDGE_CURVE('',#4951,#4952,#2230,.F.);
#6059=EDGE_CURVE('',#4952,#4949,#2809,.T.);
#6060=EDGE_CURVE('',#4953,#4950,#2810,.T.);
#6061=EDGE_CURVE('',#4954,#4953,#2811,.T.);
#6062=EDGE_CURVE('',#4951,#4954,#2812,.T.);
#6063=EDGE_CURVE('',#4943,#4954,#2231,.F.);
#6064=EDGE_CURVE('',#4953,#4944,#2232,.F.);
#6065=EDGE_CURVE('',#4949,#4948,#2813,.T.);
#6066=EDGE_CURVE('',#4945,#4952,#2814,.T.);
#6067=EDGE_CURVE('',#4955,#4956,#2233,.T.);
#6068=EDGE_CURVE('',#4957,#4955,#2815,.T.);
#6069=EDGE_CURVE('',#4958,#4957,#2234,.T.);
#6070=EDGE_CURVE('',#4959,#4958,#2816,.T.);
#6071=EDGE_CURVE('',#4960,#4959,#2235,.T.);
#6072=EDGE_CURVE('',#4961,#4960,#2817,.T.);
#6073=EDGE_CURVE('',#4962,#4961,#2236,.T.);
#6074=EDGE_CURVE('',#4956,#4962,#2818,.T.);
#6075=EDGE_CURVE('',#4888,#4922,#2237,.T.);
#6076=EDGE_CURVE('',#4878,#4916,#2238,.T.);
#6077=EDGE_CURVE('',#4884,#4963,#2239,.T.);
#6078=EDGE_CURVE('',#4963,#4925,#2819,.T.);
#6079=EDGE_CURVE('',#4964,#4963,#2820,.T.);
#6080=EDGE_CURVE('',#4926,#4964,#2821,.T.);
#6081=EDGE_CURVE('',#4924,#4965,#2822,.T.);
#6082=EDGE_CURVE('',#4965,#4883,#2240,.T.);
#6083=EDGE_CURVE('',#4966,#4923,#2823,.T.);
#6084=EDGE_CURVE('',#4965,#4966,#2824,.T.);
#6085=EDGE_CURVE('',#4920,#4966,#2241,.T.);
#6086=EDGE_CURVE('',#4964,#4919,#2242,.T.);
#6087=EDGE_CURVE('',#4956,#4967,#2825,.T.);
#6088=EDGE_CURVE('',#4967,#4968,#2243,.T.);
#6089=EDGE_CURVE('',#4968,#4955,#2826,.T.);
#6090=EDGE_CURVE('',#4969,#4962,#2827,.T.);
#6091=EDGE_CURVE('',#4967,#4969,#2828,.T.);
#6092=EDGE_CURVE('',#4970,#4971,#2244,.T.);
#6093=EDGE_CURVE('',#4971,#4958,#2829,.T.);
#6094=EDGE_CURVE('',#4957,#4970,#2830,.T.);
#6095=EDGE_CURVE('',#4971,#4972,#2831,.T.);
#6096=EDGE_CURVE('',#4959,#4972,#2832,.T.);
#6097=EDGE_CURVE('',#4972,#4973,#2245,.T.);
#6098=EDGE_CURVE('',#4973,#4960,#2833,.T.);
#6099=EDGE_CURVE('',#4961,#4974,#2834,.T.);
#6100=EDGE_CURVE('',#4974,#4969,#2246,.T.);
#6101=EDGE_CURVE('',#4970,#4968,#2835,.T.);
#6102=EDGE_CURVE('',#4973,#4974,#2836,.T.);
#6103=EDGE_CURVE('',#4975,#4975,#2247,.T.);
#6104=EDGE_CURVE('',#4976,#4977,#2837,.T.);
#6105=EDGE_CURVE('',#4978,#4976,#2248,.T.);
#6106=EDGE_CURVE('',#4978,#4979,#2249,.F.);
#6107=EDGE_CURVE('',#4980,#4979,#2838,.T.);
#6108=EDGE_CURVE('',#4980,#4981,#2250,.F.);
#6109=EDGE_CURVE('',#4977,#4981,#2251,.T.);
#6110=EDGE_CURVE('',#4975,#4982,#2839,.T.);
#6111=EDGE_CURVE('',#4982,#4982,#2252,.F.);
#6112=EDGE_CURVE('',#4983,#4984,#2253,.T.);
#6113=EDGE_CURVE('',#4984,#4979,#2840,.T.);
#6114=EDGE_CURVE('',#4983,#4978,#2841,.T.);
#6115=EDGE_CURVE('',#4980,#4985,#2842,.T.);
#6116=EDGE_CURVE('',#4985,#4986,#2254,.T.);
#6117=EDGE_CURVE('',#4981,#4986,#2843,.T.);
#6118=EDGE_CURVE('',#4986,#4987,#2255,.T.);
#6119=EDGE_CURVE('',#4987,#4977,#2844,.T.);
#6120=EDGE_CURVE('',#4988,#4983,#2256,.T.);
#6121=EDGE_CURVE('',#4976,#4988,#2845,.T.);
#6122=EDGE_CURVE('',#4984,#4985,#2846,.T.);
#6123=EDGE_CURVE('',#4987,#4988,#2847,.T.);
#6124=EDGE_CURVE('',#4989,#4990,#2257,.T.);
#6125=EDGE_CURVE('',#4991,#4989,#2848,.T.);
#6126=EDGE_CURVE('',#4992,#4991,#2258,.T.);
#6127=EDGE_CURVE('',#4993,#4992,#2849,.T.);
#6128=EDGE_CURVE('',#4994,#4993,#2259,.T.);
#6129=EDGE_CURVE('',#4995,#4994,#2850,.T.);
#6130=EDGE_CURVE('',#4996,#4995,#2260,.T.);
#6131=EDGE_CURVE('',#4990,#4996,#2851,.T.);
#6132=EDGE_CURVE('',#4990,#4997,#2852,.T.);
#6133=EDGE_CURVE('',#4997,#4998,#2261,.T.);
#6134=EDGE_CURVE('',#4998,#4989,#2853,.T.);
#6135=EDGE_CURVE('',#4999,#4998,#2854,.T.);
#6136=EDGE_CURVE('',#4991,#4999,#2855,.T.);
#6137=EDGE_CURVE('',#4997,#5000,#2856,.T.);
#6138=EDGE_CURVE('',#5001,#5000,#2262,.T.);
#6139=EDGE_CURVE('',#5001,#5002,#2857,.T.);
#6140=EDGE_CURVE('',#5003,#5002,#2263,.T.);
#6141=EDGE_CURVE('',#5003,#5004,#2858,.T.);
#6142=EDGE_CURVE('',#4999,#5004,#2264,.T.);
#6143=EDGE_CURVE('',#4995,#5001,#2859,.T.);
#6144=EDGE_CURVE('',#5000,#4996,#2860,.T.);
#6145=EDGE_CURVE('',#5002,#4994,#2861,.T.);
#6146=EDGE_CURVE('',#4993,#5003,#2862,.T.);
#6147=EDGE_CURVE('',#5004,#4992,#2863,.T.);
#6148=EDGE_CURVE('',#5005,#5005,#2265,.T.);
#6149=EDGE_CURVE('',#5005,#5006,#2864,.T.);
#6150=EDGE_CURVE('',#5006,#5006,#2266,.T.);
#6151=EDGE_CURVE('',#5007,#5007,#2267,.T.);
#6152=EDGE_CURVE('',#5007,#5008,#2865,.T.);
#6153=EDGE_CURVE('',#5008,#5008,#2268,.T.);
#6154=EDGE_CURVE('',#5009,#5010,#2866,.T.);
#6155=EDGE_CURVE('',#5009,#5011,#2867,.T.);
#6156=EDGE_CURVE('',#5012,#5011,#2868,.T.);
#6157=EDGE_CURVE('',#5010,#5012,#2869,.T.);
#6158=EDGE_CURVE('',#5013,#5014,#2870,.T.);
#6159=EDGE_CURVE('',#5013,#5015,#2871,.T.);
#6160=EDGE_CURVE('',#5016,#5015,#2872,.T.);
#6161=EDGE_CURVE('',#5014,#5016,#2873,.T.);
#6162=EDGE_CURVE('',#5011,#5016,#2874,.T.);
#6163=EDGE_CURVE('',#5015,#5012,#2875,.T.);
#6164=EDGE_CURVE('',#5017,#5010,#2876,.T.);
#6165=EDGE_CURVE('',#5017,#5018,#2877,.T.);
#6166=EDGE_CURVE('',#5009,#5018,#2878,.T.);
#6167=EDGE_CURVE('',#5019,#5019,#2269,.T.);
#6168=EDGE_CURVE('',#5020,#5020,#2270,.T.);
#6169=EDGE_CURVE('',#5021,#5014,#2879,.T.);
#6170=EDGE_CURVE('',#5022,#5021,#2880,.T.);
#6171=EDGE_CURVE('',#5013,#5022,#2881,.T.);
#6172=EDGE_CURVE('',#5023,#5023,#2271,.T.);
#6173=EDGE_CURVE('',#5024,#5025,#2882,.T.);
#6174=EDGE_CURVE('',#5024,#5026,#2883,.T.);
#6175=EDGE_CURVE('',#5027,#5026,#2884,.T.);
#6176=EDGE_CURVE('',#5025,#5027,#2885,.T.);
#6177=EDGE_CURVE('',#5017,#5028,#2886,.T.);
#6178=EDGE_CURVE('',#5029,#5028,#2887,.T.);
#6179=EDGE_CURVE('',#5018,#5029,#2888,.T.);
#6180=EDGE_CURVE('',#5028,#5027,#2889,.T.);
#6181=EDGE_CURVE('',#5026,#5029,#2890,.T.);
#6182=EDGE_CURVE('',#5030,#5025,#2891,.T.);
#6183=EDGE_CURVE('',#5031,#5030,#2892,.T.);
#6184=EDGE_CURVE('',#5024,#5031,#2893,.T.);
#6185=EDGE_CURVE('',#5032,#5032,#2272,.T.);
#6186=EDGE_CURVE('',#5032,#5033,#2894,.T.);
#6187=EDGE_CURVE('',#5033,#5033,#2273,.T.);
#6188=EDGE_CURVE('',#5023,#5034,#2895,.T.);
#6189=EDGE_CURVE('',#5034,#5034,#2274,.T.);
#6190=EDGE_CURVE('',#5021,#5035,#2896,.T.);
#6191=EDGE_CURVE('',#5035,#5036,#2897,.T.);
#6192=EDGE_CURVE('',#5036,#5022,#2898,.T.);
#6193=EDGE_CURVE('',#5037,#5031,#2899,.T.);
#6194=EDGE_CURVE('',#5030,#5038,#2900,.T.);
#6195=EDGE_CURVE('',#5038,#5037,#2901,.T.);
#6196=EDGE_CURVE('',#5035,#5037,#2902,.T.);
#6197=EDGE_CURVE('',#5038,#5036,#2903,.T.);
#6198=EDGE_CURVE('',#5039,#5039,#2275,.T.);
#6199=EDGE_CURVE('',#5040,#5040,#2276,.T.);
#6200=EDGE_CURVE('',#5020,#5039,#2904,.T.);
#6201=EDGE_CURVE('',#5019,#5040,#2905,.T.);
#6202=EDGE_CURVE('',#5041,#5041,#2277,.F.);
#6203=EDGE_CURVE('',#5041,#5042,#2906,.T.);
#6204=EDGE_CURVE('',#5042,#5042,#2278,.T.);
#6205=EDGE_CURVE('',#5043,#5044,#2279,.T.);
#6206=EDGE_CURVE('',#5045,#5043,#2907,.T.);
#6207=EDGE_CURVE('',#5046,#5045,#2280,.T.);
#6208=EDGE_CURVE('',#5047,#5046,#2908,.T.);
#6209=EDGE_CURVE('',#5048,#5047,#2281,.T.);
#6210=EDGE_CURVE('',#5049,#5048,#2909,.T.);
#6211=EDGE_CURVE('',#5050,#5049,#2282,.T.);
#6212=EDGE_CURVE('',#5050,#5044,#2910,.T.);
#6213=EDGE_CURVE('',#5051,#5051,#2283,.T.);
#6214=EDGE_CURVE('',#5052,#5052,#2284,.T.);
#6215=EDGE_CURVE('',#5053,#5053,#2285,.T.);
#6216=EDGE_CURVE('',#5054,#5054,#2286,.T.);
#6217=EDGE_CURVE('',#5055,#5056,#2287,.F.);
#6218=EDGE_CURVE('',#5055,#5057,#2911,.T.);
#6219=EDGE_CURVE('',#5057,#5058,#2288,.T.);
#6220=EDGE_CURVE('',#5056,#5058,#2912,.T.);
#6221=EDGE_CURVE('',#5059,#5060,#2289,.T.);
#6222=EDGE_CURVE('',#5060,#5061,#2913,.T.);
#6223=EDGE_CURVE('',#5062,#5061,#2290,.F.);
#6224=EDGE_CURVE('',#5059,#5062,#2914,.T.);
#6225=EDGE_CURVE('',#5063,#5059,#2291,.T.);
#6226=EDGE_CURVE('',#5062,#5064,#2292,.T.);
#6227=EDGE_CURVE('',#5064,#5063,#2915,.T.);
#6228=EDGE_CURVE('',#5058,#5065,#2293,.T.);
#6229=EDGE_CURVE('',#5065,#5066,#2916,.T.);
#6230=EDGE_CURVE('',#5066,#5056,#2294,.T.);
#6231=EDGE_CURVE('',#5066,#5064,#2917,.T.);
#6232=EDGE_CURVE('',#5065,#5063,#2918,.T.);
#6233=EDGE_CURVE('',#5061,#5055,#2919,.T.);
#6234=EDGE_CURVE('',#5057,#5060,#2920,.T.);
#6235=EDGE_CURVE('',#5067,#5068,#2295,.T.);
#6236=EDGE_CURVE('',#5069,#5067,#2921,.T.);
#6237=EDGE_CURVE('',#5070,#5069,#2296,.T.);
#6238=EDGE_CURVE('',#5070,#5071,#2922,.T.);
#6239=EDGE_CURVE('',#5072,#5071,#2297,.T.);
#6240=EDGE_CURVE('',#5072,#5073,#2923,.T.);
#6241=EDGE_CURVE('',#5074,#5073,#2298,.T.);
#6242=EDGE_CURVE('',#5074,#5068,#2924,.T.);
#6243=EDGE_CURVE('',#5075,#5075,#2299,.T.);
#6244=EDGE_CURVE('',#5076,#5076,#2300,.T.);
#6245=EDGE_CURVE('',#5077,#5077,#2301,.T.);
#6246=EDGE_CURVE('',#5078,#5078,#2302,.T.);
#6247=EDGE_CURVE('',#5078,#5051,#2925,.T.);
#6248=EDGE_CURVE('',#5077,#5052,#2926,.T.);
#6249=EDGE_CURVE('',#5076,#5053,#2927,.T.);
#6250=EDGE_CURVE('',#5075,#5054,#2928,.T.);
#6251=EDGE_CURVE('',#5044,#5067,#2929,.T.);
#6252=EDGE_CURVE('',#5068,#5043,#2930,.T.);
#6253=EDGE_CURVE('',#5045,#5074,#2931,.T.);
#6254=EDGE_CURVE('',#5073,#5046,#2932,.T.);
#6255=EDGE_CURVE('',#5047,#5072,#2933,.T.);
#6256=EDGE_CURVE('',#5069,#5050,#2934,.T.);
#6257=EDGE_CURVE('',#5049,#5070,#2935,.T.);
#6258=EDGE_CURVE('',#5071,#5048,#2936,.T.);
#6259=EDGE_CURVE('',#5079,#5079,#2303,.T.);
#6260=EDGE_CURVE('',#5079,#5080,#2937,.T.);
#6261=EDGE_CURVE('',#5080,#5080,#2304,.T.);
#6262=EDGE_CURVE('',#5081,#5081,#2305,.T.);
#6263=EDGE_CURVE('',#5081,#5082,#2938,.T.);
#6264=EDGE_CURVE('',#5082,#5082,#2306,.T.);
#6265=EDGE_CURVE('',#5083,#5084,#2939,.T.);
#6266=EDGE_CURVE('',#5083,#5085,#2940,.T.);
#6267=EDGE_CURVE('',#5086,#5085,#2941,.T.);
#6268=EDGE_CURVE('',#5084,#5086,#2942,.T.);
#6269=EDGE_CURVE('',#5087,#5088,#2943,.T.);
#6270=EDGE_CURVE('',#5087,#5089,#2944,.T.);
#6271=EDGE_CURVE('',#5090,#5089,#2945,.T.);
#6272=EDGE_CURVE('',#5088,#5090,#2946,.T.);
#6273=EDGE_CURVE('',#5085,#5090,#2947,.T.);
#6274=EDGE_CURVE('',#5089,#5086,#2948,.T.);
#6275=EDGE_CURVE('',#5091,#5084,#2949,.T.);
#6276=EDGE_CURVE('',#5091,#5092,#2950,.T.);
#6277=EDGE_CURVE('',#5083,#5092,#2951,.T.);
#6278=EDGE_CURVE('',#5093,#5093,#2307,.T.);
#6279=EDGE_CURVE('',#5094,#5094,#2308,.T.);
#6280=EDGE_CURVE('',#5095,#5088,#2952,.T.);
#6281=EDGE_CURVE('',#5095,#5096,#2953,.T.);
#6282=EDGE_CURVE('',#5087,#5096,#2954,.T.);
#6283=EDGE_CURVE('',#5097,#5097,#2309,.T.);
#6284=EDGE_CURVE('',#5098,#5099,#2955,.T.);
#6285=EDGE_CURVE('',#5098,#5100,#2956,.T.);
#6286=EDGE_CURVE('',#5101,#5100,#2957,.T.);
#6287=EDGE_CURVE('',#5099,#5101,#2958,.T.);
#6288=EDGE_CURVE('',#5091,#5102,#2959,.T.);
#6289=EDGE_CURVE('',#5103,#5102,#2960,.T.);
#6290=EDGE_CURVE('',#5092,#5103,#2961,.T.);
#6291=EDGE_CURVE('',#5102,#5101,#2962,.T.);
#6292=EDGE_CURVE('',#5100,#5103,#2963,.T.);
#6293=EDGE_CURVE('',#5104,#5099,#2964,.T.);
#6294=EDGE_CURVE('',#5104,#5105,#2965,.T.);
#6295=EDGE_CURVE('',#5098,#5105,#2966,.T.);
#6296=EDGE_CURVE('',#5106,#5106,#2310,.T.);
#6297=EDGE_CURVE('',#5097,#5107,#2967,.T.);
#6298=EDGE_CURVE('',#5107,#5107,#2311,.T.);
#6299=EDGE_CURVE('',#5106,#5108,#2968,.T.);
#6300=EDGE_CURVE('',#5108,#5108,#2312,.T.);
#6301=EDGE_CURVE('',#5109,#5095,#2969,.T.);
#6302=EDGE_CURVE('',#5110,#5109,#2970,.T.);
#6303=EDGE_CURVE('',#5096,#5110,#2971,.T.);
#6304=EDGE_CURVE('',#5111,#5110,#2972,.T.);
#6305=EDGE_CURVE('',#5111,#5104,#2973,.T.);
#6306=EDGE_CURVE('',#5105,#5112,#2974,.T.);
#6307=EDGE_CURVE('',#5112,#5111,#2975,.T.);
#6308=EDGE_CURVE('',#5109,#5112,#2976,.T.);
#6309=EDGE_CURVE('',#5113,#5113,#2313,.T.);
#6310=EDGE_CURVE('',#5114,#5114,#2314,.T.);
#6311=EDGE_CURVE('',#5093,#5113,#2977,.T.);
#6312=EDGE_CURVE('',#5094,#5114,#2978,.T.);
#6313=EDGE_CURVE('',#5115,#5116,#2979,.T.);
#6314=EDGE_CURVE('',#5116,#5116,#2315,.T.);
#6315=EDGE_CURVE('',#5117,#5117,#2316,.T.);
#6316=EDGE_CURVE('',#5117,#5116,#2980,.T.);
#6317=EDGE_CURVE('',#5118,#5119,#2981,.T.);
#6318=EDGE_CURVE('',#5119,#5119,#2317,.T.);
#6319=EDGE_CURVE('',#5120,#5120,#2318,.T.);
#6320=EDGE_CURVE('',#5120,#5119,#2982,.T.);
#6321=EDGE_CURVE('',#5121,#5122,#2983,.T.);
#6322=EDGE_CURVE('',#5123,#5121,#2984,.T.);
#6323=EDGE_CURVE('',#5124,#5123,#2985,.T.);
#6324=EDGE_CURVE('',#5122,#5124,#2986,.T.);
#6325=EDGE_CURVE('',#5125,#5122,#2987,.T.);
#6326=EDGE_CURVE('',#5124,#5126,#2988,.T.);
#6327=EDGE_CURVE('',#5127,#5126,#2989,.T.);
#6328=EDGE_CURVE('',#5128,#5127,#2990,.T.);
#6329=EDGE_CURVE('',#5129,#5128,#2991,.T.);
#6330=EDGE_CURVE('',#5129,#5130,#2992,.T.);
#6331=EDGE_CURVE('',#5125,#5130,#2993,.T.);
#6332=EDGE_CURVE('',#5131,#5123,#2994,.T.);
#6333=EDGE_CURVE('',#5121,#5132,#2995,.T.);
#6334=EDGE_CURVE('',#5133,#5132,#2996,.T.);
#6335=EDGE_CURVE('',#5133,#5134,#2997,.T.);
#6336=EDGE_CURVE('',#5135,#5134,#2998,.T.);
#6337=EDGE_CURVE('',#5135,#5136,#2999,.T.);
#6338=EDGE_CURVE('',#5131,#5136,#3000,.T.);
#6339=EDGE_CURVE('',#5134,#5129,#3001,.T.);
#6340=EDGE_CURVE('',#5128,#5135,#3002,.T.);
#6341=EDGE_CURVE('',#5137,#5138,#143,.T.);
#6342=EDGE_CURVE('',#5139,#5137,#144,.T.);
#6343=EDGE_CURVE('',#5138,#5139,#145,.T.);
#6344=EDGE_CURVE('',#5138,#5140,#3003,.T.);
#6345=EDGE_CURVE('',#5140,#5140,#2319,.T.);
#6346=EDGE_CURVE('',#5141,#5141,#2320,.T.);
#6347=EDGE_CURVE('',#5141,#5142,#3004,.T.);
#6348=EDGE_CURVE('',#5139,#5142,#146,.T.);
#6349=EDGE_CURVE('',#5137,#5139,#147,.T.);
#6350=EDGE_CURVE('',#5142,#5137,#148,.T.);
#6351=EDGE_CURVE('',#5137,#5143,#3005,.T.);
#6352=EDGE_CURVE('',#5143,#5143,#2321,.T.);
#6353=EDGE_CURVE('',#5144,#5145,#149,.T.);
#6354=EDGE_CURVE('',#5146,#5144,#150,.T.);
#6355=EDGE_CURVE('',#5145,#5146,#151,.T.);
#6356=EDGE_CURVE('',#5145,#5147,#3006,.T.);
#6357=EDGE_CURVE('',#5147,#5147,#2322,.T.);
#6358=EDGE_CURVE('',#5148,#5148,#2323,.T.);
#6359=EDGE_CURVE('',#5148,#5149,#3007,.T.);
#6360=EDGE_CURVE('',#5146,#5149,#152,.T.);
#6361=EDGE_CURVE('',#5144,#5146,#153,.T.);
#6362=EDGE_CURVE('',#5149,#5144,#154,.T.);
#6363=EDGE_CURVE('',#5144,#5150,#3008,.T.);
#6364=EDGE_CURVE('',#5150,#5150,#2324,.T.);
#6365=EDGE_CURVE('',#5151,#5150,#3009,.T.);
#6366=EDGE_CURVE('',#5152,#5152,#2325,.T.);
#6367=EDGE_CURVE('',#5152,#5144,#3010,.T.);
#6368=EDGE_CURVE('',#5153,#5143,#3011,.T.);
#6369=EDGE_CURVE('',#5154,#5154,#2326,.T.);
#6370=EDGE_CURVE('',#5154,#5137,#3012,.T.);
#6371=EDGE_CURVE('',#5132,#5125,#3013,.T.);
#6372=EDGE_CURVE('',#5130,#5133,#3014,.T.);
#6373=EDGE_CURVE('',#5126,#5131,#3015,.T.);
#6374=EDGE_CURVE('',#5136,#5127,#3016,.T.);
#6375=EDGE_CURVE('',#5155,#5155,#2327,.T.);
#6376=EDGE_CURVE('',#5155,#5156,#3017,.T.);
#6377=EDGE_CURVE('',#5156,#5156,#2328,.T.);
#6378=EDGE_CURVE('',#5157,#5157,#2329,.T.);
#6379=EDGE_CURVE('',#5157,#5158,#3018,.T.);
#6380=EDGE_CURVE('',#5158,#5158,#2330,.T.);
#6381=EDGE_CURVE('',#5159,#5160,#3019,.T.);
#6382=EDGE_CURVE('',#5161,#5159,#3020,.T.);
#6383=EDGE_CURVE('',#5162,#5161,#3021,.T.);
#6384=EDGE_CURVE('',#5160,#5162,#3022,.T.);
#6385=EDGE_CURVE('',#5163,#5160,#3023,.T.);
#6386=EDGE_CURVE('',#5162,#5164,#3024,.T.);
#6387=EDGE_CURVE('',#5164,#5165,#3025,.T.);
#6388=EDGE_CURVE('',#5166,#5165,#3026,.T.);
#6389=EDGE_CURVE('',#5167,#5166,#3027,.T.);
#6390=EDGE_CURVE('',#5167,#5168,#3028,.T.);
#6391=EDGE_CURVE('',#5168,#5163,#3029,.T.);
#6392=EDGE_CURVE('',#5169,#5169,#2331,.T.);
#6393=EDGE_CURVE('',#5170,#5170,#2332,.T.);
#6394=EDGE_CURVE('',#5171,#5172,#3030,.T.);
#6395=EDGE_CURVE('',#5172,#5167,#3031,.T.);
#6396=EDGE_CURVE('',#5166,#5171,#3032,.T.);
#6397=EDGE_CURVE('',#5173,#5173,#2333,.T.);
#6398=EDGE_CURVE('',#5173,#5174,#3033,.T.);
#6399=EDGE_CURVE('',#5174,#5174,#2334,.T.);
#6400=EDGE_CURVE('',#5175,#5175,#2335,.T.);
#6401=EDGE_CURVE('',#5175,#5176,#3034,.T.);
#6402=EDGE_CURVE('',#5176,#5176,#2336,.T.);
#6403=EDGE_CURVE('',#5177,#5177,#2337,.T.);
#6404=EDGE_CURVE('',#5177,#5178,#3035,.T.);
#6405=EDGE_CURVE('',#5178,#5178,#2338,.T.);
#6406=EDGE_CURVE('',#5179,#5180,#155,.T.);
#6407=EDGE_CURVE('',#5180,#5179,#156,.T.);
#6408=EDGE_CURVE('',#5181,#5181,#2339,.T.);
#6409=EDGE_CURVE('',#5181,#5182,#3036,.T.);
#6410=EDGE_CURVE('',#5183,#5182,#157,.T.);
#6411=EDGE_CURVE('',#5184,#5183,#158,.T.);
#6412=EDGE_CURVE('',#5184,#5185,#3037,.T.);
#6413=EDGE_CURVE('',#5185,#5185,#2340,.T.);
#6414=EDGE_CURVE('',#5186,#5184,#159,.T.);
#6415=EDGE_CURVE('',#5182,#5186,#160,.T.);
#6416=EDGE_CURVE('',#5165,#5187,#3038,.T.);
#6417=EDGE_CURVE('',#5188,#5164,#3039,.T.);
#6418=EDGE_CURVE('',#5187,#5188,#3040,.T.);
#6419=EDGE_CURVE('',#5189,#5189,#2341,.T.);
#6420=EDGE_CURVE('',#5159,#5190,#3041,.T.);
#6421=EDGE_CURVE('',#5190,#5191,#3042,.T.);
#6422=EDGE_CURVE('',#5191,#5172,#3043,.T.);
#6423=EDGE_CURVE('',#5171,#5187,#3044,.T.);
#6424=EDGE_CURVE('',#5188,#5161,#3045,.T.);
#6425=EDGE_CURVE('',#5192,#5192,#2342,.T.);
#6426=EDGE_CURVE('',#5193,#5193,#2343,.T.);
#6427=EDGE_CURVE('',#5163,#5190,#3046,.T.);
#6428=EDGE_CURVE('',#5191,#5168,#3047,.T.);
#6429=EDGE_CURVE('',#5194,#5194,#2344,.T.);
#6430=EDGE_CURVE('',#5193,#5169,#3048,.T.);
#6431=EDGE_CURVE('',#5192,#5170,#3049,.T.);
#6432=EDGE_CURVE('',#5194,#5186,#3050,.T.);
#6433=EDGE_CURVE('',#5189,#5179,#3051,.T.);
#6434=EDGE_CURVE('',#5195,#5196,#2345,.T.);
#6435=EDGE_CURVE('',#5196,#5197,#3052,.T.);
#6436=EDGE_CURVE('',#5197,#5198,#2346,.T.);
#6437=EDGE_CURVE('',#5198,#5195,#3053,.T.);
#6438=EDGE_CURVE('',#5197,#5199,#3054,.T.);
#6439=EDGE_CURVE('',#5200,#5199,#2347,.T.);
#6440=EDGE_CURVE('',#5200,#5201,#3055,.T.);
#6441=EDGE_CURVE('',#5202,#5201,#2348,.T.);
#6442=EDGE_CURVE('',#5202,#5203,#3056,.T.);
#6443=EDGE_CURVE('',#5204,#5203,#2349,.T.);
#6444=EDGE_CURVE('',#5204,#5198,#3057,.T.);
#6445=EDGE_CURVE('',#5205,#5206,#3058,.T.);
#6446=EDGE_CURVE('',#5207,#5205,#3059,.T.);
#6447=EDGE_CURVE('',#5208,#5207,#3060,.T.);
#6448=EDGE_CURVE('',#5206,#5208,#3061,.T.);
#6449=EDGE_CURVE('',#5209,#5196,#3062,.T.);
#6450=EDGE_CURVE('',#5199,#5209,#3063,.T.);
#6451=EDGE_CURVE('',#5209,#5210,#2350,.T.);
#6452=EDGE_CURVE('',#5210,#5200,#3064,.T.);
#6453=EDGE_CURVE('',#5211,#5212,#2351,.T.);
#6454=EDGE_CURVE('',#5212,#5204,#3065,.T.);
#6455=EDGE_CURVE('',#5203,#5211,#3066,.T.);
#6456=EDGE_CURVE('',#5213,#5202,#3067,.T.);
#6457=EDGE_CURVE('',#5211,#5213,#3068,.T.);
#6458=EDGE_CURVE('',#5201,#5214,#3069,.T.);
#6459=EDGE_CURVE('',#5214,#5213,#2352,.T.);
#6460=EDGE_CURVE('',#5195,#5212,#3070,.T.);
#6461=EDGE_CURVE('',#5214,#5210,#3071,.T.);
#6462=EDGE_CURVE('',#5215,#5216,#3072,.T.);
#6463=EDGE_CURVE('',#5217,#5215,#3073,.T.);
#6464=EDGE_CURVE('',#5218,#5217,#3074,.T.);
#6465=EDGE_CURVE('',#5216,#5218,#3075,.T.);
#6466=EDGE_CURVE('',#5215,#5208,#3076,.T.);
#6467=EDGE_CURVE('',#5206,#5216,#3077,.T.);
#6468=EDGE_CURVE('',#5218,#5205,#3078,.T.);
#6469=EDGE_CURVE('',#5217,#5207,#3079,.T.);
#6470=EDGE_CURVE('',#5219,#5220,#2353,.T.);
#6471=EDGE_CURVE('',#5220,#5221,#3080,.T.);
#6472=EDGE_CURVE('',#5221,#5222,#2354,.T.);
#6473=EDGE_CURVE('',#5222,#5219,#3081,.T.);
#6474=EDGE_CURVE('',#5219,#5223,#3082,.T.);
#6475=EDGE_CURVE('',#5224,#5223,#2355,.T.);
#6476=EDGE_CURVE('',#5224,#5225,#3083,.T.);
#6477=EDGE_CURVE('',#5226,#5225,#2356,.T.);
#6478=EDGE_CURVE('',#5227,#5226,#3084,.T.);
#6479=EDGE_CURVE('',#5228,#5227,#2357,.T.);
#6480=EDGE_CURVE('',#5220,#5228,#3085,.T.);
#6481=EDGE_CURVE('',#5229,#5230,#3086,.T.);
#6482=EDGE_CURVE('',#5230,#5231,#3087,.T.);
#6483=EDGE_CURVE('',#5231,#5232,#3088,.T.);
#6484=EDGE_CURVE('',#5232,#5229,#3089,.T.);
#6485=EDGE_CURVE('',#5233,#5222,#3090,.T.);
#6486=EDGE_CURVE('',#5223,#5233,#3091,.T.);
#6487=EDGE_CURVE('',#5233,#5234,#2358,.T.);
#6488=EDGE_CURVE('',#5234,#5224,#3092,.T.);
#6489=EDGE_CURVE('',#5227,#5235,#3093,.T.);
#6490=EDGE_CURVE('',#5235,#5236,#2359,.T.);
#6491=EDGE_CURVE('',#5236,#5228,#3094,.T.);
#6492=EDGE_CURVE('',#5237,#5226,#3095,.T.);
#6493=EDGE_CURVE('',#5237,#5235,#3096,.T.);
#6494=EDGE_CURVE('',#5238,#5237,#2360,.T.);
#6495=EDGE_CURVE('',#5225,#5238,#3097,.T.);
#6496=EDGE_CURVE('',#5234,#5238,#3098,.T.);
#6497=EDGE_CURVE('',#5239,#5240,#3099,.T.);
#6498=EDGE_CURVE('',#5231,#5239,#3100,.T.);
#6499=EDGE_CURVE('',#5240,#5230,#3101,.T.);
#6500=EDGE_CURVE('',#5241,#5229,#3102,.T.);
#6501=EDGE_CURVE('',#5240,#5241,#3103,.T.);
#6502=EDGE_CURVE('',#5242,#5239,#3104,.T.);
#6503=EDGE_CURVE('',#5232,#5242,#3105,.T.);
#6504=EDGE_CURVE('',#5241,#5242,#3106,.T.);
#6505=EDGE_CURVE('',#5221,#5236,#3107,.T.);
#6506=EDGE_CURVE('',#5243,#5244,#2361,.T.);
#6507=EDGE_CURVE('',#5244,#5245,#3108,.T.);
#6508=EDGE_CURVE('',#5245,#5246,#2362,.T.);
#6509=EDGE_CURVE('',#5246,#5243,#3109,.T.);
#6510=EDGE_CURVE('',#5247,#5246,#3110,.T.);
#6511=EDGE_CURVE('',#5248,#5247,#3111,.T.);
#6512=EDGE_CURVE('',#5248,#5243,#3112,.T.);
#6513=EDGE_CURVE('',#5249,#5245,#3113,.T.);
#6514=EDGE_CURVE('',#5250,#5249,#2363,.T.);
#6515=EDGE_CURVE('',#5250,#5251,#3114,.T.);
#6516=EDGE_CURVE('',#5252,#5251,#2364,.T.);
#6517=EDGE_CURVE('',#5252,#5253,#3115,.T.);
#6518=EDGE_CURVE('',#5247,#5253,#2365,.T.);
#6519=EDGE_CURVE('',#5254,#5255,#3116,.T.);
#6520=EDGE_CURVE('',#5255,#5256,#3117,.T.);
#6521=EDGE_CURVE('',#5256,#5257,#3118,.T.);
#6522=EDGE_CURVE('',#5257,#5254,#3119,.T.);
#6523=EDGE_CURVE('',#5258,#5248,#2366,.T.);
#6524=EDGE_CURVE('',#5253,#5258,#3120,.T.);
#6525=EDGE_CURVE('',#5259,#5252,#3121,.T.);
#6526=EDGE_CURVE('',#5259,#5258,#3122,.T.);
#6527=EDGE_CURVE('',#5249,#5260,#3123,.T.);
#6528=EDGE_CURVE('',#5260,#5261,#2367,.T.);
#6529=EDGE_CURVE('',#5261,#5250,#3124,.T.);
#6530=EDGE_CURVE('',#5262,#5261,#3125,.T.);
#6531=EDGE_CURVE('',#5251,#5262,#3126,.T.);
#6532=EDGE_CURVE('',#5262,#5259,#2368,.T.);
#6533=EDGE_CURVE('',#5263,#5264,#3127,.T.);
#6534=EDGE_CURVE('',#5256,#5263,#3128,.T.);
#6535=EDGE_CURVE('',#5264,#5255,#3129,.T.);
#6536=EDGE_CURVE('',#5265,#5263,#3130,.T.);
#6537=EDGE_CURVE('',#5257,#5265,#3131,.T.);
#6538=EDGE_CURVE('',#5266,#5265,#3132,.T.);
#6539=EDGE_CURVE('',#5254,#5266,#3133,.T.);
#6540=EDGE_CURVE('',#5264,#5266,#3134,.T.);
#6541=EDGE_CURVE('',#5244,#5260,#3135,.T.);
#6542=EDGE_CURVE('',#5267,#5267,#2369,.T.);
#6543=EDGE_CURVE('',#5268,#5268,#2370,.T.);
#6544=EDGE_CURVE('',#5269,#5269,#2371,.T.);
#6545=EDGE_CURVE('',#5269,#5267,#3136,.T.);
#6546=EDGE_CURVE('',#5268,#5270,#3137,.T.);
#6547=EDGE_CURVE('',#5270,#5270,#2372,.T.);
#6548=EDGE_CURVE('',#5271,#5271,#2373,.T.);
#6549=EDGE_CURVE('',#5272,#5272,#2374,.T.);
#6550=EDGE_CURVE('',#5273,#5273,#2375,.T.);
#6551=EDGE_CURVE('',#5273,#5271,#3138,.T.);
#6552=EDGE_CURVE('',#5272,#5274,#3139,.T.);
#6553=EDGE_CURVE('',#5274,#5274,#2376,.T.);
#6554=EDGE_CURVE('',#5275,#5275,#2377,.T.);
#6555=EDGE_CURVE('',#5276,#5276,#2378,.T.);
#6556=EDGE_CURVE('',#5277,#5277,#2379,.T.);
#6557=EDGE_CURVE('',#5277,#5275,#3140,.T.);
#6558=EDGE_CURVE('',#5276,#5278,#3141,.T.);
#6559=EDGE_CURVE('',#5278,#5278,#2380,.T.);
#6560=EDGE_CURVE('',#5279,#5279,#2381,.T.);
#6561=EDGE_CURVE('',#5280,#5280,#2382,.T.);
#6562=EDGE_CURVE('',#5281,#5281,#2383,.T.);
#6563=EDGE_CURVE('',#5281,#5279,#3142,.T.);
#6564=EDGE_CURVE('',#5280,#5282,#3143,.T.);
#6565=EDGE_CURVE('',#5282,#5282,#2384,.T.);
#6566=EDGE_CURVE('',#5283,#5284,#2385,.T.);
#6567=EDGE_CURVE('',#5284,#5285,#3144,.T.);
#6568=EDGE_CURVE('',#5285,#5286,#2386,.T.);
#6569=EDGE_CURVE('',#5286,#5283,#3145,.T.);
#6570=EDGE_CURVE('',#5284,#5287,#3146,.T.);
#6571=EDGE_CURVE('',#5288,#5287,#3147,.T.);
#6572=EDGE_CURVE('',#5288,#5285,#3148,.T.);
#6573=EDGE_CURVE('',#5289,#5288,#2387,.T.);
#6574=EDGE_CURVE('',#5287,#5290,#2388,.T.);
#6575=EDGE_CURVE('',#5290,#5289,#3149,.T.);
#6576=EDGE_CURVE('',#5291,#5292,#2389,.T.);
#6577=EDGE_CURVE('',#5293,#5291,#3150,.T.);
#6578=EDGE_CURVE('',#5294,#5293,#2390,.T.);
#6579=EDGE_CURVE('',#5294,#5295,#3151,.T.);
#6580=EDGE_CURVE('',#5296,#5295,#2391,.T.);
#6581=EDGE_CURVE('',#5296,#5297,#3152,.T.);
#6582=EDGE_CURVE('',#5298,#5297,#2392,.T.);
#6583=EDGE_CURVE('',#5292,#5298,#3153,.T.);
#6584=EDGE_CURVE('',#5299,#5283,#3154,.T.);
#6585=EDGE_CURVE('',#5300,#5299,#2393,.T.);
#6586=EDGE_CURVE('',#5301,#5300,#3155,.T.);
#6587=EDGE_CURVE('',#5302,#5301,#2394,.T.);
#6588=EDGE_CURVE('',#5303,#5302,#3156,.T.);
#6589=EDGE_CURVE('',#5304,#5303,#2395,.T.);
#6590=EDGE_CURVE('',#5305,#5304,#3157,.T.);
#6591=EDGE_CURVE('',#5306,#5305,#2396,.T.);
#6592=EDGE_CURVE('',#5306,#5307,#3158,.T.);
#6593=EDGE_CURVE('',#5308,#5307,#2397,.T.);
#6594=EDGE_CURVE('',#5309,#5308,#3159,.T.);
#6595=EDGE_CURVE('',#5310,#5309,#2398,.T.);
#6596=EDGE_CURVE('',#5310,#5311,#3160,.T.);
#6597=EDGE_CURVE('',#5312,#5311,#2399,.T.);
#6598=EDGE_CURVE('',#5312,#5313,#3161,.T.);
#6599=EDGE_CURVE('',#5314,#5313,#2400,.T.);
#6600=EDGE_CURVE('',#5314,#5315,#3162,.T.);
#6601=EDGE_CURVE('',#5316,#5315,#2401,.T.);
#6602=EDGE_CURVE('',#5317,#5316,#3163,.T.);
#6603=EDGE_CURVE('',#5318,#5317,#2402,.T.);
#6604=EDGE_CURVE('',#5318,#5290,#3164,.T.);
#6605=EDGE_CURVE('',#5319,#5320,#2403,.T.);
#6606=EDGE_CURVE('',#5320,#5318,#3165,.T.);
#6607=EDGE_CURVE('',#5317,#5319,#3166,.T.);
#6608=EDGE_CURVE('',#5320,#5289,#3167,.T.);
#6609=EDGE_CURVE('',#5321,#5316,#3168,.T.);
#6610=EDGE_CURVE('',#5319,#5321,#3169,.T.);
#6611=EDGE_CURVE('',#5303,#5322,#3170,.T.);
#6612=EDGE_CURVE('',#5322,#5323,#2404,.T.);
#6613=EDGE_CURVE('',#5323,#5304,#3171,.T.);
#6614=EDGE_CURVE('',#5324,#5302,#3172,.T.);
#6615=EDGE_CURVE('',#5322,#5324,#3173,.T.);
#6616=EDGE_CURVE('',#5301,#5325,#3174,.T.);
#6617=EDGE_CURVE('',#5325,#5324,#2405,.T.);
#6618=EDGE_CURVE('',#5326,#5327,#2406,.T.);
#6619=EDGE_CURVE('',#5327,#5300,#3175,.T.);
#6620=EDGE_CURVE('',#5299,#5326,#3176,.T.);
#6621=EDGE_CURVE('',#5327,#5325,#3177,.T.);
#6622=EDGE_CURVE('',#5328,#5323,#3178,.T.);
#6623=EDGE_CURVE('',#5305,#5328,#3179,.T.);
#6624=EDGE_CURVE('',#5309,#5329,#3180,.T.);
#6625=EDGE_CURVE('',#5329,#5330,#2407,.T.);
#6626=EDGE_CURVE('',#5330,#5310,#3181,.T.);
#6627=EDGE_CURVE('',#5331,#5308,#3182,.T.);
#6628=EDGE_CURVE('',#5331,#5329,#3183,.T.);
#6629=EDGE_CURVE('',#5332,#5331,#2408,.T.);
#6630=EDGE_CURVE('',#5307,#5332,#3184,.T.);
#6631=EDGE_CURVE('',#5328,#5333,#2409,.T.);
#6632=EDGE_CURVE('',#5333,#5306,#3185,.T.);
#6633=EDGE_CURVE('',#5333,#5332,#3186,.T.);
#6634=EDGE_CURVE('',#5326,#5286,#3187,.T.);
#6635=EDGE_CURVE('',#5334,#5330,#3188,.T.);
#6636=EDGE_CURVE('',#5311,#5334,#3189,.T.);
#6637=EDGE_CURVE('',#5334,#5335,#2410,.T.);
#6638=EDGE_CURVE('',#5335,#5312,#3190,.T.);
#6639=EDGE_CURVE('',#5336,#5335,#3191,.T.);
#6640=EDGE_CURVE('',#5313,#5336,#3192,.T.);
#6641=EDGE_CURVE('',#5336,#5337,#2411,.T.);
#6642=EDGE_CURVE('',#5337,#5314,#3193,.T.);
#6643=EDGE_CURVE('',#5338,#5337,#3194,.T.);
#6644=EDGE_CURVE('',#5315,#5338,#3195,.T.);
#6645=EDGE_CURVE('',#5338,#5321,#2412,.T.);
#6646=EDGE_CURVE('',#5339,#5340,#2413,.T.);
#6647=EDGE_CURVE('',#5341,#5339,#3196,.T.);
#6648=EDGE_CURVE('',#5342,#5341,#2414,.T.);
#6649=EDGE_CURVE('',#5343,#5342,#3197,.T.);
#6650=EDGE_CURVE('',#5344,#5343,#2415,.T.);
#6651=EDGE_CURVE('',#5344,#5345,#3198,.T.);
#6652=EDGE_CURVE('',#5346,#5345,#2416,.T.);
#6653=EDGE_CURVE('',#5346,#5340,#3199,.T.);
#6654=EDGE_CURVE('',#5292,#5347,#3200,.T.);
#6655=EDGE_CURVE('',#5347,#5348,#2417,.T.);
#6656=EDGE_CURVE('',#5348,#5291,#3201,.T.);
#6657=EDGE_CURVE('',#5348,#5349,#3202,.T.);
#6658=EDGE_CURVE('',#5293,#5349,#3203,.T.);
#6659=EDGE_CURVE('',#5350,#5347,#3204,.T.);
#6660=EDGE_CURVE('',#5351,#5350,#2418,.T.);
#6661=EDGE_CURVE('',#5352,#5351,#3205,.T.);
#6662=EDGE_CURVE('',#5353,#5352,#2419,.T.);
#6663=EDGE_CURVE('',#5354,#5353,#3206,.T.);
#6664=EDGE_CURVE('',#5349,#5354,#2420,.T.);
#6665=EDGE_CURVE('',#5355,#5356,#3207,.T.);
#6666=EDGE_CURVE('',#5357,#5356,#2421,.F.);
#6667=EDGE_CURVE('',#5357,#5358,#3208,.T.);
#6668=EDGE_CURVE('',#5359,#5358,#2422,.F.);
#6669=EDGE_CURVE('',#5359,#5360,#3209,.T.);
#6670=EDGE_CURVE('',#5361,#5360,#2423,.F.);
#6671=EDGE_CURVE('',#5361,#5362,#3210,.T.);
#6672=EDGE_CURVE('',#5355,#5362,#2424,.F.);
#6673=EDGE_CURVE('',#5363,#5364,#2425,.T.);
#6674=EDGE_CURVE('',#5364,#5339,#3211,.T.);
#6675=EDGE_CURVE('',#5340,#5363,#3212,.T.);
#6676=EDGE_CURVE('',#5365,#5363,#3213,.T.);
#6677=EDGE_CURVE('',#5366,#5365,#2426,.T.);
#6678=EDGE_CURVE('',#5367,#5366,#3214,.T.);
#6679=EDGE_CURVE('',#5368,#5367,#2427,.T.);
#6680=EDGE_CURVE('',#5369,#5368,#3215,.T.);
#6681=EDGE_CURVE('',#5370,#5369,#2428,.T.);
#6682=EDGE_CURVE('',#5364,#5370,#3216,.T.);
#6683=EDGE_CURVE('',#5371,#5372,#3217,.T.);
#6684=EDGE_CURVE('',#5373,#5372,#2429,.F.);
#6685=EDGE_CURVE('',#5373,#5374,#3218,.T.);
#6686=EDGE_CURVE('',#5375,#5374,#2430,.F.);
#6687=EDGE_CURVE('',#5375,#5376,#3219,.T.);
#6688=EDGE_CURVE('',#5377,#5376,#2431,.F.);
#6689=EDGE_CURVE('',#5377,#5378,#3220,.T.);
#6690=EDGE_CURVE('',#5371,#5378,#2432,.F.);
#6691=EDGE_CURVE('',#5365,#5346,#3221,.T.);
#6692=EDGE_CURVE('',#5378,#5355,#3222,.T.);
#6693=EDGE_CURVE('',#5362,#5371,#3223,.T.);
#6694=EDGE_CURVE('',#5356,#5377,#3224,.T.);
#6695=EDGE_CURVE('',#5354,#5294,#3225,.T.);
#6696=EDGE_CURVE('',#5376,#5357,#3226,.T.);
#6697=EDGE_CURVE('',#5345,#5366,#3227,.T.);
#6698=EDGE_CURVE('',#5372,#5361,#3228,.T.);
#6699=EDGE_CURVE('',#5352,#5296,#3229,.T.);
#6700=EDGE_CURVE('',#5295,#5353,#3230,.T.);
#6701=EDGE_CURVE('',#5343,#5368,#3231,.T.);
#6702=EDGE_CURVE('',#5367,#5344,#3232,.T.);
#6703=EDGE_CURVE('',#5369,#5342,#3233,.T.);
#6704=EDGE_CURVE('',#5358,#5375,#3234,.T.);
#6705=EDGE_CURVE('',#5374,#5359,#3235,.T.);
#6706=EDGE_CURVE('',#5350,#5298,#3236,.T.);
#6707=EDGE_CURVE('',#5297,#5351,#3237,.T.);
#6708=EDGE_CURVE('',#5341,#5370,#3238,.T.);
#6709=EDGE_CURVE('',#5360,#5373,#3239,.T.);
#6710=EDGE_CURVE('',#5379,#5380,#3240,.T.);
#6711=EDGE_CURVE('',#5380,#5380,#2433,.T.);
#6712=EDGE_CURVE('',#5381,#5381,#2434,.T.);
#6713=EDGE_CURVE('',#5381,#5380,#3241,.T.);
#6714=EDGE_CURVE('',#5382,#5383,#3242,.T.);
#6715=EDGE_CURVE('',#5383,#5383,#2435,.T.);
#6716=EDGE_CURVE('',#5384,#5384,#2436,.T.);
#6717=EDGE_CURVE('',#5384,#5383,#3243,.T.);
#6718=EDGE_CURVE('',#5385,#5386,#3244,.T.);
#6719=EDGE_CURVE('',#5386,#5386,#2437,.T.);
#6720=EDGE_CURVE('',#5387,#5387,#2438,.T.);
#6721=EDGE_CURVE('',#5387,#5386,#3245,.T.);
#6722=EDGE_CURVE('',#5388,#5389,#3246,.T.);
#6723=EDGE_CURVE('',#5389,#5389,#2439,.T.);
#6724=EDGE_CURVE('',#5390,#5390,#2440,.T.);
#6725=EDGE_CURVE('',#5390,#5389,#3247,.T.);
#6726=EDGE_CURVE('',#5391,#5392,#2441,.T.);
#6727=EDGE_CURVE('',#5392,#5393,#3248,.T.);
#6728=EDGE_CURVE('',#5393,#5394,#2442,.T.);
#6729=EDGE_CURVE('',#5394,#5391,#3249,.T.);
#6730=EDGE_CURVE('',#5392,#5395,#3250,.T.);
#6731=EDGE_CURVE('',#5396,#5395,#3251,.T.);
#6732=EDGE_CURVE('',#5396,#5393,#3252,.T.);
#6733=EDGE_CURVE('',#5397,#5396,#2443,.T.);
#6734=EDGE_CURVE('',#5395,#5398,#2444,.T.);
#6735=EDGE_CURVE('',#5398,#5397,#3253,.T.);
#6736=EDGE_CURVE('',#5399,#5400,#2445,.T.);
#6737=EDGE_CURVE('',#5400,#5401,#3254,.T.);
#6738=EDGE_CURVE('',#5401,#5402,#2446,.T.);
#6739=EDGE_CURVE('',#5402,#5399,#3255,.T.);
#6740=EDGE_CURVE('',#5398,#5401,#3256,.T.);
#6741=EDGE_CURVE('',#5400,#5397,#3257,.T.);
#6742=EDGE_CURVE('',#5403,#5404,#2447,.T.);
#6743=EDGE_CURVE('',#5404,#5405,#3258,.T.);
#6744=EDGE_CURVE('',#5405,#5406,#2448,.T.);
#6745=EDGE_CURVE('',#5406,#5403,#3259,.T.);
#6746=EDGE_CURVE('',#5402,#5405,#3260,.T.);
#6747=EDGE_CURVE('',#5404,#5399,#3261,.T.);
#6748=EDGE_CURVE('',#5394,#5403,#3262,.T.);
#6749=EDGE_CURVE('',#5406,#5391,#3263,.T.);
#6750=EDGE_CURVE('',#5407,#5408,#2449,.T.);
#6751=EDGE_CURVE('',#5408,#5409,#3264,.T.);
#6752=EDGE_CURVE('',#5409,#5410,#2450,.T.);
#6753=EDGE_CURVE('',#5410,#5407,#3265,.T.);
#6754=EDGE_CURVE('',#5407,#5411,#3266,.T.);
#6755=EDGE_CURVE('',#5412,#5411,#2451,.T.);
#6756=EDGE_CURVE('',#5412,#5413,#3267,.T.);
#6757=EDGE_CURVE('',#5414,#5413,#2452,.T.);
#6758=EDGE_CURVE('',#5415,#5414,#3268,.T.);
#6759=EDGE_CURVE('',#5416,#5415,#2453,.T.);
#6760=EDGE_CURVE('',#5408,#5416,#3269,.T.);
#6761=EDGE_CURVE('',#5410,#5417,#3270,.T.);
#6762=EDGE_CURVE('',#5411,#5417,#3271,.T.);
#6763=EDGE_CURVE('',#5418,#5419,#2454,.T.);
#6764=EDGE_CURVE('',#5419,#5420,#3272,.T.);
#6765=EDGE_CURVE('',#5420,#5421,#2455,.T.);
#6766=EDGE_CURVE('',#5421,#5418,#3273,.T.);
#6767=EDGE_CURVE('',#5418,#5422,#3274,.T.);
#6768=EDGE_CURVE('',#5423,#5422,#2456,.T.);
#6769=EDGE_CURVE('',#5423,#5424,#3275,.T.);
#6770=EDGE_CURVE('',#5425,#5424,#2457,.T.);
#6771=EDGE_CURVE('',#5425,#5426,#3276,.T.);
#6772=EDGE_CURVE('',#5427,#5426,#2458,.T.);
#6773=EDGE_CURVE('',#5419,#5427,#3277,.T.);
#6774=EDGE_CURVE('',#5428,#5429,#3278,.T.);
#6775=EDGE_CURVE('',#5430,#5429,#2459,.F.);
#6776=EDGE_CURVE('',#5430,#5431,#3279,.T.);
#6777=EDGE_CURVE('',#5432,#5431,#2460,.F.);
#6778=EDGE_CURVE('',#5432,#5433,#3280,.T.);
#6779=EDGE_CURVE('',#5434,#5433,#2461,.F.);
#6780=EDGE_CURVE('',#5434,#5435,#3281,.T.);
#6781=EDGE_CURVE('',#5428,#5435,#2462,.F.);
#6782=EDGE_CURVE('',#5421,#5436,#3282,.T.);
#6783=EDGE_CURVE('',#5422,#5436,#3283,.T.);
#6784=EDGE_CURVE('',#5437,#5438,#2463,.F.);
#6785=EDGE_CURVE('',#5438,#5432,#3284,.T.);
#6786=EDGE_CURVE('',#5431,#5437,#3285,.T.);
#6787=EDGE_CURVE('',#5439,#5438,#3286,.T.);
#6788=EDGE_CURVE('',#5433,#5439,#3287,.T.);
#6789=EDGE_CURVE('',#5417,#5440,#2464,.T.);
#6790=EDGE_CURVE('',#5440,#5412,#3288,.T.);
#6791=EDGE_CURVE('',#5436,#5441,#2465,.T.);
#6792=EDGE_CURVE('',#5441,#5423,#3289,.T.);
#6793=EDGE_CURVE('',#5429,#5442,#3290,.T.);
#6794=EDGE_CURVE('',#5442,#5443,#2466,.F.);
#6795=EDGE_CURVE('',#5443,#5430,#3291,.T.);
#6796=EDGE_CURVE('',#5444,#5428,#3292,.T.);
#6797=EDGE_CURVE('',#5442,#5444,#3293,.T.);
#6798=EDGE_CURVE('',#5445,#5446,#2467,.T.);
#6799=EDGE_CURVE('',#5446,#5414,#3294,.T.);
#6800=EDGE_CURVE('',#5413,#5445,#3295,.T.);
#6801=EDGE_CURVE('',#5446,#5447,#3296,.T.);
#6802=EDGE_CURVE('',#5415,#5447,#3297,.T.);
#6803=EDGE_CURVE('',#5448,#5449,#2468,.T.);
#6804=EDGE_CURVE('',#5449,#5425,#3298,.T.);
#6805=EDGE_CURVE('',#5424,#5448,#3299,.T.);
#6806=EDGE_CURVE('',#5450,#5449,#3300,.T.);
#6807=EDGE_CURVE('',#5426,#5450,#3301,.T.);
#6808=EDGE_CURVE('',#5435,#5451,#3302,.T.);
#6809=EDGE_CURVE('',#5451,#5444,#2469,.F.);
#6810=EDGE_CURVE('',#5452,#5434,#3303,.T.);
#6811=EDGE_CURVE('',#5451,#5452,#3304,.T.);
#6812=EDGE_CURVE('',#5447,#5453,#2470,.T.);
#6813=EDGE_CURVE('',#5453,#5416,#3305,.T.);
#6814=EDGE_CURVE('',#5450,#5454,#2471,.T.);
#6815=EDGE_CURVE('',#5454,#5427,#3306,.T.);
#6816=EDGE_CURVE('',#5439,#5452,#2472,.F.);
#6817=EDGE_CURVE('',#5448,#5441,#3307,.T.);
#6818=EDGE_CURVE('',#5445,#5440,#3308,.T.);
#6819=EDGE_CURVE('',#5409,#5453,#3309,.T.);
#6820=EDGE_CURVE('',#5454,#5420,#3310,.T.);
#6821=EDGE_CURVE('',#5437,#5443,#3311,.T.);
#6822=EDGE_CURVE('',#5455,#5455,#2473,.T.);
#6823=EDGE_CURVE('',#5455,#5456,#3312,.T.);
#6824=EDGE_CURVE('',#5456,#5456,#2474,.T.);
#6825=EDGE_CURVE('',#5457,#5457,#2475,.T.);
#6826=EDGE_CURVE('',#5457,#5458,#3313,.T.);
#6827=EDGE_CURVE('',#5458,#5458,#2476,.T.);
#6828=EDGE_CURVE('',#5459,#5460,#3314,.T.);
#6829=EDGE_CURVE('',#5461,#5459,#3315,.T.);
#6830=EDGE_CURVE('',#5462,#5461,#3316,.T.);
#6831=EDGE_CURVE('',#5460,#5462,#3317,.T.);
#6832=EDGE_CURVE('',#5463,#5464,#3318,.T.);
#6833=EDGE_CURVE('',#5465,#5464,#3319,.T.);
#6834=EDGE_CURVE('',#5465,#5466,#3320,.T.);
#6835=EDGE_CURVE('',#5463,#5466,#3321,.T.);
#6836=EDGE_CURVE('',#5464,#5459,#3322,.T.);
#6837=EDGE_CURVE('',#5460,#5467,#3323,.T.);
#6838=EDGE_CURVE('',#5468,#5467,#3324,.T.);
#6839=EDGE_CURVE('',#5468,#5469,#3325,.T.);
#6840=EDGE_CURVE('',#5469,#5470,#3326,.T.);
#6841=EDGE_CURVE('',#5470,#5465,#3327,.T.);
#6842=EDGE_CURVE('',#5471,#5472,#3328,.T.);
#6843=EDGE_CURVE('',#5471,#5470,#3329,.T.);
#6844=EDGE_CURVE('',#5472,#5469,#3330,.T.);
#6845=EDGE_CURVE('',#5473,#5472,#3331,.T.);
#6846=EDGE_CURVE('',#5474,#5473,#3332,.T.);
#6847=EDGE_CURVE('',#5471,#5474,#3333,.T.);
#6848=EDGE_CURVE('',#5473,#5468,#3334,.T.);
#6849=EDGE_CURVE('',#5467,#5475,#3335,.T.);
#6850=EDGE_CURVE('',#5475,#5476,#3336,.T.);
#6851=EDGE_CURVE('',#5476,#5477,#3337,.T.);
#6852=EDGE_CURVE('',#5477,#5478,#3338,.T.);
#6853=EDGE_CURVE('',#5478,#5474,#3339,.T.);
#6854=EDGE_CURVE('',#5477,#5463,#3340,.T.);
#6855=EDGE_CURVE('',#5461,#5476,#3341,.T.);
#6856=EDGE_CURVE('',#5462,#5475,#3342,.T.);
#6857=EDGE_CURVE('',#5466,#5478,#3343,.T.);
#6858=EDGE_CURVE('',#5479,#5479,#2477,.T.);
#6859=EDGE_CURVE('',#5479,#5480,#3344,.T.);
#6860=EDGE_CURVE('',#5480,#5480,#2478,.T.);
#6861=EDGE_CURVE('',#5481,#5482,#3345,.T.);
#6862=EDGE_CURVE('',#5483,#5481,#3346,.T.);
#6863=EDGE_CURVE('',#5484,#5483,#3347,.T.);
#6864=EDGE_CURVE('',#5482,#5484,#3348,.T.);
#6865=EDGE_CURVE('',#5485,#5486,#3349,.T.);
#6866=EDGE_CURVE('',#5487,#5485,#3350,.T.);
#6867=EDGE_CURVE('',#5488,#5487,#3351,.T.);
#6868=EDGE_CURVE('',#5488,#5486,#3352,.T.);
#6869=EDGE_CURVE('',#5486,#5489,#3353,.T.);
#6870=EDGE_CURVE('',#5489,#5490,#3354,.T.);
#6871=EDGE_CURVE('',#5490,#5484,#3355,.T.);
#6872=EDGE_CURVE('',#5483,#5491,#3356,.T.);
#6873=EDGE_CURVE('',#5491,#5492,#3357,.T.);
#6874=EDGE_CURVE('',#5492,#5485,#3358,.T.);
#6875=EDGE_CURVE('',#5493,#5493,#2479,.T.);
#6876=EDGE_CURVE('',#5494,#5487,#3359,.T.);
#6877=EDGE_CURVE('',#5495,#5494,#3360,.T.);
#6878=EDGE_CURVE('',#5495,#5488,#3361,.T.);
#6879=EDGE_CURVE('',#5496,#5496,#2480,.T.);
#6880=EDGE_CURVE('',#5489,#5497,#3362,.T.);
#6881=EDGE_CURVE('',#5497,#5498,#3363,.T.);
#6882=EDGE_CURVE('',#5498,#5490,#3364,.T.);
#6883=EDGE_CURVE('',#5481,#5499,#3365,.T.);
#6884=EDGE_CURVE('',#5491,#5499,#3366,.T.);
#6885=EDGE_CURVE('',#5500,#5482,#3367,.T.);
#6886=EDGE_CURVE('',#5499,#5500,#3368,.T.);
#6887=EDGE_CURVE('',#5500,#5501,#3369,.T.);
#6888=EDGE_CURVE('',#5502,#5501,#3370,.T.);
#6889=EDGE_CURVE('',#5502,#5495,#3371,.T.);
#6890=EDGE_CURVE('',#5492,#5494,#3372,.T.);
#6891=EDGE_CURVE('',#5497,#5502,#3373,.T.);
#6892=EDGE_CURVE('',#5496,#5493,#3374,.T.);
#6893=EDGE_CURVE('',#5501,#5498,#3375,.T.);
#6894=EDGE_CURVE('',#5503,#5504,#3376,.T.);
#6895=EDGE_CURVE('',#5505,#5503,#3377,.T.);
#6896=EDGE_CURVE('',#5506,#5505,#3378,.T.);
#6897=EDGE_CURVE('',#5507,#5506,#3379,.T.);
#6898=EDGE_CURVE('',#5508,#5507,#3380,.T.);
#6899=EDGE_CURVE('',#5509,#5508,#3381,.T.);
#6900=EDGE_CURVE('',#5510,#5509,#3382,.T.);
#6901=EDGE_CURVE('',#5511,#5510,#3383,.T.);
#6902=EDGE_CURVE('',#5512,#5511,#3384,.T.);
#6903=EDGE_CURVE('',#5513,#5512,#3385,.T.);
#6904=EDGE_CURVE('',#5514,#5513,#3386,.T.);
#6905=EDGE_CURVE('',#5515,#5514,#3387,.T.);
#6906=EDGE_CURVE('',#5516,#5515,#3388,.T.);
#6907=EDGE_CURVE('',#5517,#5516,#3389,.T.);
#6908=EDGE_CURVE('',#5518,#5517,#3390,.T.);
#6909=EDGE_CURVE('',#5519,#5518,#3391,.T.);
#6910=EDGE_CURVE('',#5520,#5519,#3392,.T.);
#6911=EDGE_CURVE('',#5521,#5520,#3393,.T.);
#6912=EDGE_CURVE('',#5522,#5521,#3394,.T.);
#6913=EDGE_CURVE('',#5523,#5522,#3395,.T.);
#6914=EDGE_CURVE('',#5524,#5523,#3396,.T.);
#6915=EDGE_CURVE('',#5525,#5524,#3397,.T.);
#6916=EDGE_CURVE('',#5526,#5525,#3398,.T.);
#6917=EDGE_CURVE('',#5527,#5526,#3399,.T.);
#6918=EDGE_CURVE('',#5528,#5527,#3400,.T.);
#6919=EDGE_CURVE('',#5529,#5528,#3401,.T.);
#6920=EDGE_CURVE('',#5530,#5529,#3402,.T.);
#6921=EDGE_CURVE('',#5531,#5530,#3403,.T.);
#6922=EDGE_CURVE('',#5532,#5531,#3404,.T.);
#6923=EDGE_CURVE('',#5533,#5532,#3405,.T.);
#6924=EDGE_CURVE('',#5534,#5533,#3406,.T.);
#6925=EDGE_CURVE('',#5535,#5534,#3407,.T.);
#6926=EDGE_CURVE('',#5536,#5535,#3408,.T.);
#6927=EDGE_CURVE('',#5537,#5536,#3409,.T.);
#6928=EDGE_CURVE('',#5538,#5537,#3410,.T.);
#6929=EDGE_CURVE('',#5539,#5538,#3411,.T.);
#6930=EDGE_CURVE('',#5540,#5539,#3412,.T.);
#6931=EDGE_CURVE('',#5541,#5540,#3413,.T.);
#6932=EDGE_CURVE('',#5542,#5541,#3414,.T.);
#6933=EDGE_CURVE('',#5543,#5542,#3415,.T.);
#6934=EDGE_CURVE('',#5544,#5543,#3416,.T.);
#6935=EDGE_CURVE('',#5545,#5544,#3417,.T.);
#6936=EDGE_CURVE('',#5546,#5545,#3418,.T.);
#6937=EDGE_CURVE('',#5547,#5546,#3419,.T.);
#6938=EDGE_CURVE('',#5548,#5547,#3420,.T.);
#6939=EDGE_CURVE('',#5549,#5548,#3421,.T.);
#6940=EDGE_CURVE('',#5550,#5549,#3422,.T.);
#6941=EDGE_CURVE('',#5551,#5550,#3423,.T.);
#6942=EDGE_CURVE('',#5552,#5551,#3424,.T.);
#6943=EDGE_CURVE('',#5553,#5552,#3425,.T.);
#6944=EDGE_CURVE('',#5554,#5553,#3426,.T.);
#6945=EDGE_CURVE('',#5555,#5554,#3427,.T.);
#6946=EDGE_CURVE('',#5556,#5555,#3428,.T.);
#6947=EDGE_CURVE('',#5557,#5556,#3429,.T.);
#6948=EDGE_CURVE('',#5558,#5557,#3430,.T.);
#6949=EDGE_CURVE('',#5559,#5558,#3431,.T.);
#6950=EDGE_CURVE('',#5560,#5559,#3432,.T.);
#6951=EDGE_CURVE('',#5561,#5560,#3433,.T.);
#6952=EDGE_CURVE('',#5562,#5561,#3434,.T.);
#6953=EDGE_CURVE('',#5563,#5562,#3435,.T.);
#6954=EDGE_CURVE('',#5564,#5563,#3436,.T.);
#6955=EDGE_CURVE('',#5565,#5564,#3437,.T.);
#6956=EDGE_CURVE('',#5566,#5565,#3438,.T.);
#6957=EDGE_CURVE('',#5504,#5566,#3439,.T.);
#6958=EDGE_CURVE('',#5534,#5567,#3440,.T.);
#6959=EDGE_CURVE('',#5567,#5568,#3441,.T.);
#6960=EDGE_CURVE('',#5568,#5535,#3442,.T.);
#6961=EDGE_CURVE('',#5569,#5533,#3443,.T.);
#6962=EDGE_CURVE('',#5567,#5569,#3444,.T.);
#6963=EDGE_CURVE('',#5532,#5570,#3445,.T.);
#6964=EDGE_CURVE('',#5570,#5569,#3446,.T.);
#6965=EDGE_CURVE('',#5571,#5531,#3447,.T.);
#6966=EDGE_CURVE('',#5571,#5570,#3448,.T.);
#6967=EDGE_CURVE('',#5530,#5572,#3449,.T.);
#6968=EDGE_CURVE('',#5572,#5571,#3450,.T.);
#6969=EDGE_CURVE('',#5573,#5529,#3451,.T.);
#6970=EDGE_CURVE('',#5572,#5573,#3452,.T.);
#6971=EDGE_CURVE('',#5528,#5574,#3453,.T.);
#6972=EDGE_CURVE('',#5574,#5573,#3454,.T.);
#6973=EDGE_CURVE('',#5575,#5527,#3455,.T.);
#6974=EDGE_CURVE('',#5575,#5574,#3456,.T.);
#6975=EDGE_CURVE('',#5526,#5576,#3457,.T.);
#6976=EDGE_CURVE('',#5576,#5575,#3458,.T.);
#6977=EDGE_CURVE('',#5577,#5525,#3459,.T.);
#6978=EDGE_CURVE('',#5576,#5577,#3460,.T.);
#6979=EDGE_CURVE('',#5524,#5578,#3461,.T.);
#6980=EDGE_CURVE('',#5578,#5577,#3462,.T.);
#6981=EDGE_CURVE('',#5579,#5523,#3463,.T.);
#6982=EDGE_CURVE('',#5579,#5578,#3464,.T.);
#6983=EDGE_CURVE('',#5522,#5580,#3465,.T.);
#6984=EDGE_CURVE('',#5580,#5579,#3466,.T.);
#6985=EDGE_CURVE('',#5581,#5521,#3467,.T.);
#6986=EDGE_CURVE('',#5580,#5581,#3468,.T.);
#6987=EDGE_CURVE('',#5520,#5582,#3469,.T.);
#6988=EDGE_CURVE('',#5582,#5581,#3470,.T.);
#6989=EDGE_CURVE('',#5583,#5519,#3471,.T.);
#6990=EDGE_CURVE('',#5583,#5582,#3472,.T.);
#6991=EDGE_CURVE('',#5518,#5584,#3473,.T.);
#6992=EDGE_CURVE('',#5584,#5583,#3474,.T.);
#6993=EDGE_CURVE('',#5585,#5517,#3475,.T.);
#6994=EDGE_CURVE('',#5584,#5585,#3476,.T.);
#6995=EDGE_CURVE('',#5516,#5586,#3477,.T.);
#6996=EDGE_CURVE('',#5586,#5585,#3478,.T.);
#6997=EDGE_CURVE('',#5587,#5515,#3479,.T.);
#6998=EDGE_CURVE('',#5587,#5586,#3480,.T.);
#6999=EDGE_CURVE('',#5514,#5588,#3481,.T.);
#7000=EDGE_CURVE('',#5588,#5587,#3482,.T.);
#7001=EDGE_CURVE('',#5589,#5513,#3483,.T.);
#7002=EDGE_CURVE('',#5588,#5589,#3484,.T.);
#7003=EDGE_CURVE('',#5512,#5590,#3485,.T.);
#7004=EDGE_CURVE('',#5590,#5589,#3486,.T.);
#7005=EDGE_CURVE('',#5591,#5511,#3487,.T.);
#7006=EDGE_CURVE('',#5591,#5590,#3488,.T.);
#7007=EDGE_CURVE('',#5510,#5592,#3489,.T.);
#7008=EDGE_CURVE('',#5592,#5591,#3490,.T.);
#7009=EDGE_CURVE('',#5593,#5509,#3491,.T.);
#7010=EDGE_CURVE('',#5592,#5593,#3492,.T.);
#7011=EDGE_CURVE('',#5508,#5594,#3493,.T.);
#7012=EDGE_CURVE('',#5594,#5593,#3494,.T.);
#7013=EDGE_CURVE('',#5595,#5507,#3495,.T.);
#7014=EDGE_CURVE('',#5595,#5594,#3496,.T.);
#7015=EDGE_CURVE('',#5506,#5596,#3497,.T.);
#7016=EDGE_CURVE('',#5596,#5595,#3498,.T.);
#7017=EDGE_CURVE('',#5597,#5597,#2481,.T.);
#7018=EDGE_CURVE('',#5598,#5505,#3499,.T.);
#7019=EDGE_CURVE('',#5596,#5598,#3500,.T.);
#7020=EDGE_CURVE('',#5503,#5599,#3501,.T.);
#7021=EDGE_CURVE('',#5599,#5598,#3502,.T.);
#7022=EDGE_CURVE('',#5600,#5600,#2482,.T.);
#7023=EDGE_CURVE('',#5601,#5601,#2483,.T.);
#7024=EDGE_CURVE('',#5602,#5504,#3503,.T.);
#7025=EDGE_CURVE('',#5599,#5602,#3504,.T.);
#7026=EDGE_CURVE('',#5564,#5603,#3505,.T.);
#7027=EDGE_CURVE('',#5603,#5604,#3506,.T.);
#7028=EDGE_CURVE('',#5604,#5565,#3507,.T.);
#7029=EDGE_CURVE('',#5556,#5605,#3508,.T.);
#7030=EDGE_CURVE('',#5605,#5606,#3509,.T.);
#7031=EDGE_CURVE('',#5606,#5557,#3510,.T.);
#7032=EDGE_CURVE('',#5548,#5607,#3511,.T.);
#7033=EDGE_CURVE('',#5607,#5608,#3512,.T.);
#7034=EDGE_CURVE('',#5608,#5549,#3513,.T.);
#7035=EDGE_CURVE('',#5540,#5609,#3514,.T.);
#7036=EDGE_CURVE('',#5609,#5610,#3515,.T.);
#7037=EDGE_CURVE('',#5610,#5541,#3516,.T.);
#7038=EDGE_CURVE('',#5536,#5611,#3517,.T.);
#7039=EDGE_CURVE('',#5611,#5612,#3518,.T.);
#7040=EDGE_CURVE('',#5612,#5537,#3519,.T.);
#7041=EDGE_CURVE('',#5544,#5613,#3520,.T.);
#7042=EDGE_CURVE('',#5613,#5614,#3521,.T.);
#7043=EDGE_CURVE('',#5614,#5545,#3522,.T.);
#7044=EDGE_CURVE('',#5552,#5615,#3523,.T.);
#7045=EDGE_CURVE('',#5615,#5616,#3524,.T.);
#7046=EDGE_CURVE('',#5616,#5553,#3525,.T.);
#7047=EDGE_CURVE('',#5560,#5617,#3526,.T.);
#7048=EDGE_CURVE('',#5617,#5618,#3527,.T.);
#7049=EDGE_CURVE('',#5618,#5561,#3528,.T.);
#7050=EDGE_CURVE('',#5619,#5610,#3529,.T.);
#7051=EDGE_CURVE('',#5542,#5619,#3530,.T.);
#7052=EDGE_CURVE('',#5620,#5539,#3531,.T.);
#7053=EDGE_CURVE('',#5620,#5609,#3532,.T.);
#7054=EDGE_CURVE('',#5619,#5621,#3533,.T.);
#7055=EDGE_CURVE('',#5621,#5543,#3534,.T.);
#7056=EDGE_CURVE('',#5538,#5622,#3535,.T.);
#7057=EDGE_CURVE('',#5622,#5620,#3536,.T.);
#7058=EDGE_CURVE('',#5623,#5606,#3537,.T.);
#7059=EDGE_CURVE('',#5558,#5623,#3538,.T.);
#7060=EDGE_CURVE('',#5624,#5555,#3539,.T.);
#7061=EDGE_CURVE('',#5624,#5605,#3540,.T.);
#7062=EDGE_CURVE('',#5623,#5625,#3541,.T.);
#7063=EDGE_CURVE('',#5625,#5559,#3542,.T.);
#7064=EDGE_CURVE('',#5554,#5626,#3543,.T.);
#7065=EDGE_CURVE('',#5626,#5624,#3544,.T.);
#7066=EDGE_CURVE('',#5627,#5618,#3545,.T.);
#7067=EDGE_CURVE('',#5562,#5627,#3546,.T.);
#7068=EDGE_CURVE('',#5625,#5617,#3547,.T.);
#7069=EDGE_CURVE('',#5627,#5628,#3548,.T.);
#7070=EDGE_CURVE('',#5628,#5563,#3549,.T.);
#7071=EDGE_CURVE('',#5629,#5614,#3550,.T.);
#7072=EDGE_CURVE('',#5546,#5629,#3551,.T.);
#7073=EDGE_CURVE('',#5621,#5613,#3552,.T.);
#7074=EDGE_CURVE('',#5629,#5630,#3553,.T.);
#7075=EDGE_CURVE('',#5630,#5547,#3554,.T.);
#7076=EDGE_CURVE('',#5626,#5616,#3555,.T.);
#7077=EDGE_CURVE('',#5631,#5551,#3556,.T.);
#7078=EDGE_CURVE('',#5631,#5615,#3557,.T.);
#7079=EDGE_CURVE('',#5550,#5632,#3558,.T.);
#7080=EDGE_CURVE('',#5632,#5631,#3559,.T.);
#7081=EDGE_CURVE('',#5622,#5612,#3560,.T.);
#7082=EDGE_CURVE('',#5568,#5611,#3561,.T.);
#7083=EDGE_CURVE('',#5633,#5604,#3562,.T.);
#7084=EDGE_CURVE('',#5566,#5633,#3563,.T.);
#7085=EDGE_CURVE('',#5628,#5603,#3564,.T.);
#7086=EDGE_CURVE('',#5633,#5602,#3565,.T.);
#7087=EDGE_CURVE('',#5634,#5634,#2484,.T.);
#7088=EDGE_CURVE('',#5632,#5608,#3566,.T.);
#7089=EDGE_CURVE('',#5630,#5607,#3567,.T.);
#7090=EDGE_CURVE('',#5597,#5600,#3568,.T.);
#7091=EDGE_CURVE('',#5634,#5601,#3569,.T.);
#7092=ORIENTED_EDGE('',*,*,#5635,.T.);
#7093=ORIENTED_EDGE('',*,*,#5636,.F.);
#7094=ORIENTED_EDGE('',*,*,#5635,.F.);
#7095=ORIENTED_EDGE('',*,*,#5637,.F.);
#7096=ORIENTED_EDGE('',*,*,#5638,.T.);
#7097=ORIENTED_EDGE('',*,*,#5636,.T.);
#7098=ORIENTED_EDGE('',*,*,#5638,.F.);
#7099=ORIENTED_EDGE('',*,*,#5639,.T.);
#7100=ORIENTED_EDGE('',*,*,#5640,.F.);
#7101=ORIENTED_EDGE('',*,*,#5639,.F.);
#7102=ORIENTED_EDGE('',*,*,#5641,.F.);
#7103=ORIENTED_EDGE('',*,*,#5642,.T.);
#7104=ORIENTED_EDGE('',*,*,#5640,.T.);
#7105=ORIENTED_EDGE('',*,*,#5642,.F.);
#7106=ORIENTED_EDGE('',*,*,#5643,.T.);
#7107=ORIENTED_EDGE('',*,*,#5644,.F.);
#7108=ORIENTED_EDGE('',*,*,#5643,.F.);
#7109=ORIENTED_EDGE('',*,*,#5645,.F.);
#7110=ORIENTED_EDGE('',*,*,#5646,.T.);
#7111=ORIENTED_EDGE('',*,*,#5644,.T.);
#7112=ORIENTED_EDGE('',*,*,#5646,.F.);
#7113=ORIENTED_EDGE('',*,*,#5647,.T.);
#7114=ORIENTED_EDGE('',*,*,#5648,.F.);
#7115=ORIENTED_EDGE('',*,*,#5647,.F.);
#7116=ORIENTED_EDGE('',*,*,#5649,.F.);
#7117=ORIENTED_EDGE('',*,*,#5650,.T.);
#7118=ORIENTED_EDGE('',*,*,#5648,.T.);
#7119=ORIENTED_EDGE('',*,*,#5650,.F.);
#7120=ORIENTED_EDGE('',*,*,#5651,.T.);
#7121=ORIENTED_EDGE('',*,*,#5652,.F.);
#7122=ORIENTED_EDGE('',*,*,#5651,.F.);
#7123=ORIENTED_EDGE('',*,*,#5653,.F.);
#7124=ORIENTED_EDGE('',*,*,#5654,.T.);
#7125=ORIENTED_EDGE('',*,*,#5652,.T.);
#7126=ORIENTED_EDGE('',*,*,#5654,.F.);
#7127=ORIENTED_EDGE('',*,*,#5655,.T.);
#7128=ORIENTED_EDGE('',*,*,#5656,.F.);
#7129=ORIENTED_EDGE('',*,*,#5655,.F.);
#7130=ORIENTED_EDGE('',*,*,#5657,.F.);
#7131=ORIENTED_EDGE('',*,*,#5658,.T.);
#7132=ORIENTED_EDGE('',*,*,#5656,.T.);
#7133=ORIENTED_EDGE('',*,*,#5658,.F.);
#7134=ORIENTED_EDGE('',*,*,#5659,.T.);
#7135=ORIENTED_EDGE('',*,*,#5660,.F.);
#7136=ORIENTED_EDGE('',*,*,#5659,.F.);
#7137=ORIENTED_EDGE('',*,*,#5661,.F.);
#7138=ORIENTED_EDGE('',*,*,#5662,.T.);
#7139=ORIENTED_EDGE('',*,*,#5660,.T.);
#7140=ORIENTED_EDGE('',*,*,#5662,.F.);
#7141=ORIENTED_EDGE('',*,*,#5663,.T.);
#7142=ORIENTED_EDGE('',*,*,#5664,.F.);
#7143=ORIENTED_EDGE('',*,*,#5663,.F.);
#7144=ORIENTED_EDGE('',*,*,#5665,.F.);
#7145=ORIENTED_EDGE('',*,*,#5666,.T.);
#7146=ORIENTED_EDGE('',*,*,#5664,.T.);
#7147=ORIENTED_EDGE('',*,*,#5666,.F.);
#7148=ORIENTED_EDGE('',*,*,#5667,.F.);
#7149=ORIENTED_EDGE('',*,*,#5668,.F.);
#7150=ORIENTED_EDGE('',*,*,#5669,.F.);
#7151=ORIENTED_EDGE('',*,*,#5670,.F.);
#7152=ORIENTED_EDGE('',*,*,#5671,.F.);
#7153=ORIENTED_EDGE('',*,*,#5672,.F.);
#7154=ORIENTED_EDGE('',*,*,#5673,.F.);
#7155=ORIENTED_EDGE('',*,*,#5674,.F.);
#7156=ORIENTED_EDGE('',*,*,#5675,.F.);
#7157=ORIENTED_EDGE('',*,*,#5676,.F.);
#7158=ORIENTED_EDGE('',*,*,#5677,.F.);
#7159=ORIENTED_EDGE('',*,*,#5678,.F.);
#7160=ORIENTED_EDGE('',*,*,#5679,.F.);
#7161=ORIENTED_EDGE('',*,*,#5680,.F.);
#7162=ORIENTED_EDGE('',*,*,#5681,.F.);
#7163=ORIENTED_EDGE('',*,*,#5682,.F.);
#7164=ORIENTED_EDGE('',*,*,#5683,.F.);
#7165=ORIENTED_EDGE('',*,*,#5684,.F.);
#7166=ORIENTED_EDGE('',*,*,#5685,.F.);
#7167=ORIENTED_EDGE('',*,*,#5686,.F.);
#7168=ORIENTED_EDGE('',*,*,#5684,.T.);
#7169=ORIENTED_EDGE('',*,*,#5687,.F.);
#7170=ORIENTED_EDGE('',*,*,#5688,.T.);
#7171=ORIENTED_EDGE('',*,*,#5689,.F.);
#7172=ORIENTED_EDGE('',*,*,#5683,.T.);
#7173=ORIENTED_EDGE('',*,*,#5690,.F.);
#7174=ORIENTED_EDGE('',*,*,#5691,.T.);
#7175=ORIENTED_EDGE('',*,*,#5687,.T.);
#7176=ORIENTED_EDGE('',*,*,#5692,.F.);
#7177=ORIENTED_EDGE('',*,*,#5693,.F.);
#7178=ORIENTED_EDGE('',*,*,#5694,.F.);
#7179=ORIENTED_EDGE('',*,*,#5695,.F.);
#7180=ORIENTED_EDGE('',*,*,#5696,.F.);
#7181=ORIENTED_EDGE('',*,*,#5697,.F.);
#7182=ORIENTED_EDGE('',*,*,#5698,.F.);
#7183=ORIENTED_EDGE('',*,*,#5699,.F.);
#7184=ORIENTED_EDGE('',*,*,#5700,.F.);
#7185=ORIENTED_EDGE('',*,*,#5701,.F.);
#7186=ORIENTED_EDGE('',*,*,#5702,.F.);
#7187=ORIENTED_EDGE('',*,*,#5703,.F.);
#7188=ORIENTED_EDGE('',*,*,#5701,.T.);
#7189=ORIENTED_EDGE('',*,*,#5704,.T.);
#7190=ORIENTED_EDGE('',*,*,#5705,.T.);
#7191=ORIENTED_EDGE('',*,*,#5706,.F.);
#7192=ORIENTED_EDGE('',*,*,#5700,.T.);
#7193=ORIENTED_EDGE('',*,*,#5707,.T.);
#7194=ORIENTED_EDGE('',*,*,#5708,.T.);
#7195=ORIENTED_EDGE('',*,*,#5704,.F.);
#7196=ORIENTED_EDGE('',*,*,#5708,.F.);
#7197=ORIENTED_EDGE('',*,*,#5709,.F.);
#7198=ORIENTED_EDGE('',*,*,#5710,.F.);
#7199=ORIENTED_EDGE('',*,*,#5705,.F.);
#7200=ORIENTED_EDGE('',*,*,#5703,.T.);
#7201=ORIENTED_EDGE('',*,*,#5711,.F.);
#7202=ORIENTED_EDGE('',*,*,#5709,.T.);
#7203=ORIENTED_EDGE('',*,*,#5707,.F.);
#7204=ORIENTED_EDGE('',*,*,#5712,.F.);
#7205=ORIENTED_EDGE('',*,*,#5713,.F.);
#7206=ORIENTED_EDGE('',*,*,#5714,.F.);
#7207=ORIENTED_EDGE('',*,*,#5715,.F.);
#7208=ORIENTED_EDGE('',*,*,#5716,.F.);
#7209=ORIENTED_EDGE('',*,*,#5717,.F.);
#7210=ORIENTED_EDGE('',*,*,#5718,.F.);
#7211=ORIENTED_EDGE('',*,*,#5719,.F.);
#7212=ORIENTED_EDGE('',*,*,#5691,.F.);
#7213=ORIENTED_EDGE('',*,*,#5720,.F.);
#7214=ORIENTED_EDGE('',*,*,#5721,.F.);
#7215=ORIENTED_EDGE('',*,*,#5688,.F.);
#7216=ORIENTED_EDGE('',*,*,#5686,.T.);
#7217=ORIENTED_EDGE('',*,*,#5722,.F.);
#7218=ORIENTED_EDGE('',*,*,#5720,.T.);
#7219=ORIENTED_EDGE('',*,*,#5690,.T.);
#7220=ORIENTED_EDGE('',*,*,#5723,.F.);
#7221=ORIENTED_EDGE('',*,*,#5724,.F.);
#7222=ORIENTED_EDGE('',*,*,#5725,.F.);
#7223=ORIENTED_EDGE('',*,*,#5726,.F.);
#7224=ORIENTED_EDGE('',*,*,#5727,.F.);
#7225=ORIENTED_EDGE('',*,*,#5728,.F.);
#7226=ORIENTED_EDGE('',*,*,#5729,.F.);
#7227=ORIENTED_EDGE('',*,*,#5730,.F.);
#7228=ORIENTED_EDGE('',*,*,#5731,.T.);
#7229=ORIENTED_EDGE('',*,*,#5732,.T.);
#7230=ORIENTED_EDGE('',*,*,#5733,.F.);
#7231=ORIENTED_EDGE('',*,*,#5734,.T.);
#7232=ORIENTED_EDGE('',*,*,#5735,.F.);
#7233=ORIENTED_EDGE('',*,*,#5736,.F.);
#7234=ORIENTED_EDGE('',*,*,#5737,.F.);
#7235=ORIENTED_EDGE('',*,*,#5738,.F.);
#7236=ORIENTED_EDGE('',*,*,#5697,.T.);
#7237=ORIENTED_EDGE('',*,*,#5739,.T.);
#7238=ORIENTED_EDGE('',*,*,#5740,.T.);
#7239=ORIENTED_EDGE('',*,*,#5741,.F.);
#7240=ORIENTED_EDGE('',*,*,#5699,.T.);
#7241=ORIENTED_EDGE('',*,*,#5742,.F.);
#7242=ORIENTED_EDGE('',*,*,#5743,.F.);
#7243=ORIENTED_EDGE('',*,*,#5744,.F.);
#7244=ORIENTED_EDGE('',*,*,#5736,.T.);
#7245=ORIENTED_EDGE('',*,*,#5745,.F.);
#7246=ORIENTED_EDGE('',*,*,#5746,.F.);
#7247=ORIENTED_EDGE('',*,*,#5747,.F.);
#7248=ORIENTED_EDGE('',*,*,#5735,.T.);
#7249=ORIENTED_EDGE('',*,*,#5748,.F.);
#7250=ORIENTED_EDGE('',*,*,#5749,.F.);
#7251=ORIENTED_EDGE('',*,*,#5745,.T.);
#7252=ORIENTED_EDGE('',*,*,#5696,.T.);
#7253=ORIENTED_EDGE('',*,*,#5744,.T.);
#7254=ORIENTED_EDGE('',*,*,#5750,.T.);
#7255=ORIENTED_EDGE('',*,*,#5739,.F.);
#7256=ORIENTED_EDGE('',*,*,#5751,.F.);
#7257=ORIENTED_EDGE('',*,*,#5752,.F.);
#7258=ORIENTED_EDGE('',*,*,#5753,.F.);
#7259=ORIENTED_EDGE('',*,*,#5732,.F.);
#7260=ORIENTED_EDGE('',*,*,#5754,.F.);
#7261=ORIENTED_EDGE('',*,*,#5755,.F.);
#7262=ORIENTED_EDGE('',*,*,#5751,.T.);
#7263=ORIENTED_EDGE('',*,*,#5731,.F.);
#7264=ORIENTED_EDGE('',*,*,#5756,.F.);
#7265=ORIENTED_EDGE('',*,*,#5757,.T.);
#7266=ORIENTED_EDGE('',*,*,#5754,.T.);
#7267=ORIENTED_EDGE('',*,*,#5734,.F.);
#7268=ORIENTED_EDGE('',*,*,#5668,.T.);
#7269=ORIENTED_EDGE('',*,*,#5758,.T.);
#7270=ORIENTED_EDGE('',*,*,#5759,.T.);
#7271=ORIENTED_EDGE('',*,*,#5760,.F.);
#7272=ORIENTED_EDGE('',*,*,#5667,.T.);
#7273=ORIENTED_EDGE('',*,*,#5761,.T.);
#7274=ORIENTED_EDGE('',*,*,#5762,.F.);
#7275=ORIENTED_EDGE('',*,*,#5758,.F.);
#7276=ORIENTED_EDGE('',*,*,#5670,.T.);
#7277=ORIENTED_EDGE('',*,*,#5763,.F.);
#7278=ORIENTED_EDGE('',*,*,#5764,.F.);
#7279=ORIENTED_EDGE('',*,*,#5761,.F.);
#7280=ORIENTED_EDGE('',*,*,#5715,.T.);
#7281=ORIENTED_EDGE('',*,*,#5765,.F.);
#7282=ORIENTED_EDGE('',*,*,#5766,.T.);
#7283=ORIENTED_EDGE('',*,*,#5767,.T.);
#7284=ORIENTED_EDGE('',*,*,#5672,.T.);
#7285=ORIENTED_EDGE('',*,*,#5768,.T.);
#7286=ORIENTED_EDGE('',*,*,#5769,.T.);
#7287=ORIENTED_EDGE('',*,*,#5770,.F.);
#7288=ORIENTED_EDGE('',*,*,#5712,.T.);
#7289=ORIENTED_EDGE('',*,*,#5767,.F.);
#7290=ORIENTED_EDGE('',*,*,#5771,.F.);
#7291=ORIENTED_EDGE('',*,*,#5772,.T.);
#7292=ORIENTED_EDGE('',*,*,#5671,.T.);
#7293=ORIENTED_EDGE('',*,*,#5773,.T.);
#7294=ORIENTED_EDGE('',*,*,#5774,.T.);
#7295=ORIENTED_EDGE('',*,*,#5768,.F.);
#7296=ORIENTED_EDGE('',*,*,#5713,.T.);
#7297=ORIENTED_EDGE('',*,*,#5772,.F.);
#7298=ORIENTED_EDGE('',*,*,#5775,.F.);
#7299=ORIENTED_EDGE('',*,*,#5776,.F.);
#7300=ORIENTED_EDGE('',*,*,#5674,.T.);
#7301=ORIENTED_EDGE('',*,*,#5777,.F.);
#7302=ORIENTED_EDGE('',*,*,#5778,.F.);
#7303=ORIENTED_EDGE('',*,*,#5773,.F.);
#7304=ORIENTED_EDGE('',*,*,#5726,.T.);
#7305=ORIENTED_EDGE('',*,*,#5779,.F.);
#7306=ORIENTED_EDGE('',*,*,#5780,.F.);
#7307=ORIENTED_EDGE('',*,*,#5781,.F.);
#7308=ORIENTED_EDGE('',*,*,#5723,.T.);
#7309=ORIENTED_EDGE('',*,*,#5781,.T.);
#7310=ORIENTED_EDGE('',*,*,#5782,.F.);
#7311=ORIENTED_EDGE('',*,*,#5783,.F.);
#7312=ORIENTED_EDGE('',*,*,#5724,.T.);
#7313=ORIENTED_EDGE('',*,*,#5783,.T.);
#7314=ORIENTED_EDGE('',*,*,#5784,.T.);
#7315=ORIENTED_EDGE('',*,*,#5785,.F.);
#7316=ORIENTED_EDGE('',*,*,#5695,.T.);
#7317=ORIENTED_EDGE('',*,*,#5786,.F.);
#7318=ORIENTED_EDGE('',*,*,#5787,.T.);
#7319=ORIENTED_EDGE('',*,*,#5788,.T.);
#7320=ORIENTED_EDGE('',*,*,#5728,.T.);
#7321=ORIENTED_EDGE('',*,*,#5789,.T.);
#7322=ORIENTED_EDGE('',*,*,#5790,.T.);
#7323=ORIENTED_EDGE('',*,*,#5791,.F.);
#7324=ORIENTED_EDGE('',*,*,#5692,.T.);
#7325=ORIENTED_EDGE('',*,*,#5788,.F.);
#7326=ORIENTED_EDGE('',*,*,#5792,.F.);
#7327=ORIENTED_EDGE('',*,*,#5793,.T.);
#7328=ORIENTED_EDGE('',*,*,#5727,.T.);
#7329=ORIENTED_EDGE('',*,*,#5794,.T.);
#7330=ORIENTED_EDGE('',*,*,#5795,.F.);
#7331=ORIENTED_EDGE('',*,*,#5789,.F.);
#7332=ORIENTED_EDGE('',*,*,#5693,.T.);
#7333=ORIENTED_EDGE('',*,*,#5793,.F.);
#7334=ORIENTED_EDGE('',*,*,#5796,.F.);
#7335=ORIENTED_EDGE('',*,*,#5797,.F.);
#7336=ORIENTED_EDGE('',*,*,#5730,.T.);
#7337=ORIENTED_EDGE('',*,*,#5798,.F.);
#7338=ORIENTED_EDGE('',*,*,#5799,.F.);
#7339=ORIENTED_EDGE('',*,*,#5794,.F.);
#7340=ORIENTED_EDGE('',*,*,#5678,.T.);
#7341=ORIENTED_EDGE('',*,*,#5800,.F.);
#7342=ORIENTED_EDGE('',*,*,#5801,.T.);
#7343=ORIENTED_EDGE('',*,*,#5802,.T.);
#7344=ORIENTED_EDGE('',*,*,#5717,.T.);
#7345=ORIENTED_EDGE('',*,*,#5803,.T.);
#7346=ORIENTED_EDGE('',*,*,#5804,.T.);
#7347=ORIENTED_EDGE('',*,*,#5805,.F.);
#7348=ORIENTED_EDGE('',*,*,#5675,.T.);
#7349=ORIENTED_EDGE('',*,*,#5802,.F.);
#7350=ORIENTED_EDGE('',*,*,#5806,.F.);
#7351=ORIENTED_EDGE('',*,*,#5807,.T.);
#7352=ORIENTED_EDGE('',*,*,#5716,.T.);
#7353=ORIENTED_EDGE('',*,*,#5808,.T.);
#7354=ORIENTED_EDGE('',*,*,#5809,.F.);
#7355=ORIENTED_EDGE('',*,*,#5803,.F.);
#7356=ORIENTED_EDGE('',*,*,#5676,.T.);
#7357=ORIENTED_EDGE('',*,*,#5807,.F.);
#7358=ORIENTED_EDGE('',*,*,#5810,.F.);
#7359=ORIENTED_EDGE('',*,*,#5811,.F.);
#7360=ORIENTED_EDGE('',*,*,#5719,.T.);
#7361=ORIENTED_EDGE('',*,*,#5812,.F.);
#7362=ORIENTED_EDGE('',*,*,#5813,.F.);
#7363=ORIENTED_EDGE('',*,*,#5808,.F.);
#7364=ORIENTED_EDGE('',*,*,#5682,.T.);
#7365=ORIENTED_EDGE('',*,*,#5814,.F.);
#7366=ORIENTED_EDGE('',*,*,#5815,.T.);
#7367=ORIENTED_EDGE('',*,*,#5816,.T.);
#7368=ORIENTED_EDGE('',*,*,#5679,.T.);
#7369=ORIENTED_EDGE('',*,*,#5816,.F.);
#7370=ORIENTED_EDGE('',*,*,#5817,.F.);
#7371=ORIENTED_EDGE('',*,*,#5818,.T.);
#7372=ORIENTED_EDGE('',*,*,#5680,.T.);
#7373=ORIENTED_EDGE('',*,*,#5818,.F.);
#7374=ORIENTED_EDGE('',*,*,#5819,.F.);
#7375=ORIENTED_EDGE('',*,*,#5820,.F.);
#7376=ORIENTED_EDGE('',*,*,#5821,.F.);
#7377=ORIENTED_EDGE('',*,*,#5775,.T.);
#7378=ORIENTED_EDGE('',*,*,#5771,.T.);
#7379=ORIENTED_EDGE('',*,*,#5766,.F.);
#7380=ORIENTED_EDGE('',*,*,#5822,.F.);
#7381=ORIENTED_EDGE('',*,*,#5823,.F.);
#7382=ORIENTED_EDGE('',*,*,#5824,.F.);
#7383=ORIENTED_EDGE('',*,*,#5825,.F.);
#7384=ORIENTED_EDGE('',*,*,#5826,.F.);
#7385=ORIENTED_EDGE('',*,*,#5804,.F.);
#7386=ORIENTED_EDGE('',*,*,#5809,.T.);
#7387=ORIENTED_EDGE('',*,*,#5813,.T.);
#7388=ORIENTED_EDGE('',*,*,#5827,.F.);
#7389=ORIENTED_EDGE('',*,*,#5746,.T.);
#7390=ORIENTED_EDGE('',*,*,#5749,.T.);
#7391=ORIENTED_EDGE('',*,*,#5828,.F.);
#7392=ORIENTED_EDGE('',*,*,#5829,.F.);
#7393=ORIENTED_EDGE('',*,*,#5752,.T.);
#7394=ORIENTED_EDGE('',*,*,#5755,.T.);
#7395=ORIENTED_EDGE('',*,*,#5757,.F.);
#7396=ORIENTED_EDGE('',*,*,#5830,.F.);
#7397=ORIENTED_EDGE('',*,*,#5831,.F.);
#7398=ORIENTED_EDGE('',*,*,#5832,.T.);
#7399=ORIENTED_EDGE('',*,*,#5833,.F.);
#7400=ORIENTED_EDGE('',*,*,#5834,.F.);
#7401=ORIENTED_EDGE('',*,*,#5784,.F.);
#7402=ORIENTED_EDGE('',*,*,#5782,.T.);
#7403=ORIENTED_EDGE('',*,*,#5780,.T.);
#7404=ORIENTED_EDGE('',*,*,#5835,.F.);
#7405=ORIENTED_EDGE('',*,*,#5790,.F.);
#7406=ORIENTED_EDGE('',*,*,#5795,.T.);
#7407=ORIENTED_EDGE('',*,*,#5799,.T.);
#7408=ORIENTED_EDGE('',*,*,#5738,.T.);
#7409=ORIENTED_EDGE('',*,*,#5836,.F.);
#7410=ORIENTED_EDGE('',*,*,#5828,.T.);
#7411=ORIENTED_EDGE('',*,*,#5748,.T.);
#7412=ORIENTED_EDGE('',*,*,#5837,.F.);
#7413=ORIENTED_EDGE('',*,*,#5796,.T.);
#7414=ORIENTED_EDGE('',*,*,#5792,.T.);
#7415=ORIENTED_EDGE('',*,*,#5787,.F.);
#7416=ORIENTED_EDGE('',*,*,#5838,.F.);
#7417=ORIENTED_EDGE('',*,*,#5839,.F.);
#7418=ORIENTED_EDGE('',*,*,#5840,.F.);
#7419=ORIENTED_EDGE('',*,*,#5841,.F.);
#7420=ORIENTED_EDGE('',*,*,#5842,.F.);
#7421=ORIENTED_EDGE('',*,*,#5740,.F.);
#7422=ORIENTED_EDGE('',*,*,#5750,.F.);
#7423=ORIENTED_EDGE('',*,*,#5743,.T.);
#7424=ORIENTED_EDGE('',*,*,#5843,.T.);
#7425=ORIENTED_EDGE('',*,*,#5810,.T.);
#7426=ORIENTED_EDGE('',*,*,#5806,.T.);
#7427=ORIENTED_EDGE('',*,*,#5801,.F.);
#7428=ORIENTED_EDGE('',*,*,#5844,.T.);
#7429=ORIENTED_EDGE('',*,*,#5819,.T.);
#7430=ORIENTED_EDGE('',*,*,#5817,.T.);
#7431=ORIENTED_EDGE('',*,*,#5815,.F.);
#7432=ORIENTED_EDGE('',*,*,#5845,.T.);
#7433=ORIENTED_EDGE('',*,*,#5846,.F.);
#7434=ORIENTED_EDGE('',*,*,#5847,.T.);
#7435=ORIENTED_EDGE('',*,*,#5848,.F.);
#7436=ORIENTED_EDGE('',*,*,#5849,.T.);
#7437=ORIENTED_EDGE('',*,*,#5759,.F.);
#7438=ORIENTED_EDGE('',*,*,#5762,.T.);
#7439=ORIENTED_EDGE('',*,*,#5764,.T.);
#7440=ORIENTED_EDGE('',*,*,#5850,.T.);
#7441=ORIENTED_EDGE('',*,*,#5769,.F.);
#7442=ORIENTED_EDGE('',*,*,#5774,.F.);
#7443=ORIENTED_EDGE('',*,*,#5778,.T.);
#7444=ORIENTED_EDGE('',*,*,#5851,.F.);
#7445=ORIENTED_EDGE('',*,*,#5852,.F.);
#7446=ORIENTED_EDGE('',*,*,#5853,.F.);
#7447=ORIENTED_EDGE('',*,*,#5854,.F.);
#7448=ORIENTED_EDGE('',*,*,#5855,.F.);
#7449=ORIENTED_EDGE('',*,*,#5856,.F.);
#7450=ORIENTED_EDGE('',*,*,#5857,.F.);
#7451=ORIENTED_EDGE('',*,*,#5858,.F.);
#7452=ORIENTED_EDGE('',*,*,#5854,.T.);
#7453=ORIENTED_EDGE('',*,*,#5859,.F.);
#7454=ORIENTED_EDGE('',*,*,#5860,.T.);
#7455=ORIENTED_EDGE('',*,*,#5861,.T.);
#7456=ORIENTED_EDGE('',*,*,#5853,.T.);
#7457=ORIENTED_EDGE('',*,*,#5862,.F.);
#7458=ORIENTED_EDGE('',*,*,#5863,.T.);
#7459=ORIENTED_EDGE('',*,*,#5833,.T.);
#7460=ORIENTED_EDGE('',*,*,#5864,.T.);
#7461=ORIENTED_EDGE('',*,*,#5859,.T.);
#7462=ORIENTED_EDGE('',*,*,#5858,.T.);
#7463=ORIENTED_EDGE('',*,*,#5865,.F.);
#7464=ORIENTED_EDGE('',*,*,#5866,.T.);
#7465=ORIENTED_EDGE('',*,*,#5867,.F.);
#7466=ORIENTED_EDGE('',*,*,#5857,.T.);
#7467=ORIENTED_EDGE('',*,*,#5868,.F.);
#7468=ORIENTED_EDGE('',*,*,#5869,.T.);
#7469=ORIENTED_EDGE('',*,*,#5848,.T.);
#7470=ORIENTED_EDGE('',*,*,#5870,.T.);
#7471=ORIENTED_EDGE('',*,*,#5865,.T.);
#7472=ORIENTED_EDGE('',*,*,#5852,.T.);
#7473=ORIENTED_EDGE('',*,*,#5871,.F.);
#7474=ORIENTED_EDGE('',*,*,#5872,.F.);
#7475=ORIENTED_EDGE('',*,*,#5862,.T.);
#7476=ORIENTED_EDGE('',*,*,#5856,.T.);
#7477=ORIENTED_EDGE('',*,*,#5873,.F.);
#7478=ORIENTED_EDGE('',*,*,#5874,.F.);
#7479=ORIENTED_EDGE('',*,*,#5868,.T.);
#7480=ORIENTED_EDGE('',*,*,#5753,.T.);
#7481=ORIENTED_EDGE('',*,*,#5829,.T.);
#7482=ORIENTED_EDGE('',*,*,#5836,.T.);
#7483=ORIENTED_EDGE('',*,*,#5737,.T.);
#7484=ORIENTED_EDGE('',*,*,#5747,.T.);
#7485=ORIENTED_EDGE('',*,*,#5827,.T.);
#7486=ORIENTED_EDGE('',*,*,#5798,.T.);
#7487=ORIENTED_EDGE('',*,*,#5729,.T.);
#7488=ORIENTED_EDGE('',*,*,#5791,.T.);
#7489=ORIENTED_EDGE('',*,*,#5835,.T.);
#7490=ORIENTED_EDGE('',*,*,#5779,.T.);
#7491=ORIENTED_EDGE('',*,*,#5725,.T.);
#7492=ORIENTED_EDGE('',*,*,#5785,.T.);
#7493=ORIENTED_EDGE('',*,*,#5834,.T.);
#7494=ORIENTED_EDGE('',*,*,#5863,.F.);
#7495=ORIENTED_EDGE('',*,*,#5872,.T.);
#7496=ORIENTED_EDGE('',*,*,#5875,.F.);
#7497=ORIENTED_EDGE('',*,*,#5845,.F.);
#7498=ORIENTED_EDGE('',*,*,#5814,.T.);
#7499=ORIENTED_EDGE('',*,*,#5681,.T.);
#7500=ORIENTED_EDGE('',*,*,#5820,.T.);
#7501=ORIENTED_EDGE('',*,*,#5844,.F.);
#7502=ORIENTED_EDGE('',*,*,#5800,.T.);
#7503=ORIENTED_EDGE('',*,*,#5677,.T.);
#7504=ORIENTED_EDGE('',*,*,#5811,.T.);
#7505=ORIENTED_EDGE('',*,*,#5843,.F.);
#7506=ORIENTED_EDGE('',*,*,#5777,.T.);
#7507=ORIENTED_EDGE('',*,*,#5673,.T.);
#7508=ORIENTED_EDGE('',*,*,#5770,.T.);
#7509=ORIENTED_EDGE('',*,*,#5850,.F.);
#7510=ORIENTED_EDGE('',*,*,#5763,.T.);
#7511=ORIENTED_EDGE('',*,*,#5669,.T.);
#7512=ORIENTED_EDGE('',*,*,#5760,.T.);
#7513=ORIENTED_EDGE('',*,*,#5849,.F.);
#7514=ORIENTED_EDGE('',*,*,#5869,.F.);
#7515=ORIENTED_EDGE('',*,*,#5874,.T.);
#7516=ORIENTED_EDGE('',*,*,#5876,.F.);
#7517=ORIENTED_EDGE('',*,*,#5830,.T.);
#7518=ORIENTED_EDGE('',*,*,#5756,.T.);
#7519=ORIENTED_EDGE('',*,*,#5733,.T.);
#7520=ORIENTED_EDGE('',*,*,#5641,.T.);
#7521=ORIENTED_EDGE('',*,*,#5649,.T.);
#7522=ORIENTED_EDGE('',*,*,#5653,.T.);
#7523=ORIENTED_EDGE('',*,*,#5657,.T.);
#7524=ORIENTED_EDGE('',*,*,#5661,.T.);
#7525=ORIENTED_EDGE('',*,*,#5665,.T.);
#7526=ORIENTED_EDGE('',*,*,#5741,.T.);
#7527=ORIENTED_EDGE('',*,*,#5842,.T.);
#7528=ORIENTED_EDGE('',*,*,#5877,.F.);
#7529=ORIENTED_EDGE('',*,*,#5878,.F.);
#7530=ORIENTED_EDGE('',*,*,#5879,.F.);
#7531=ORIENTED_EDGE('',*,*,#5822,.T.);
#7532=ORIENTED_EDGE('',*,*,#5765,.T.);
#7533=ORIENTED_EDGE('',*,*,#5714,.T.);
#7534=ORIENTED_EDGE('',*,*,#5776,.T.);
#7535=ORIENTED_EDGE('',*,*,#5821,.T.);
#7536=ORIENTED_EDGE('',*,*,#5812,.T.);
#7537=ORIENTED_EDGE('',*,*,#5718,.T.);
#7538=ORIENTED_EDGE('',*,*,#5805,.T.);
#7539=ORIENTED_EDGE('',*,*,#5826,.T.);
#7540=ORIENTED_EDGE('',*,*,#5880,.F.);
#7541=ORIENTED_EDGE('',*,*,#5881,.F.);
#7542=ORIENTED_EDGE('',*,*,#5882,.F.);
#7543=ORIENTED_EDGE('',*,*,#5838,.T.);
#7544=ORIENTED_EDGE('',*,*,#5786,.T.);
#7545=ORIENTED_EDGE('',*,*,#5694,.T.);
#7546=ORIENTED_EDGE('',*,*,#5797,.T.);
#7547=ORIENTED_EDGE('',*,*,#5837,.T.);
#7548=ORIENTED_EDGE('',*,*,#5742,.T.);
#7549=ORIENTED_EDGE('',*,*,#5698,.T.);
#7550=ORIENTED_EDGE('',*,*,#5689,.T.);
#7551=ORIENTED_EDGE('',*,*,#5721,.T.);
#7552=ORIENTED_EDGE('',*,*,#5722,.T.);
#7553=ORIENTED_EDGE('',*,*,#5685,.T.);
#7554=ORIENTED_EDGE('',*,*,#5706,.T.);
#7555=ORIENTED_EDGE('',*,*,#5710,.T.);
#7556=ORIENTED_EDGE('',*,*,#5711,.T.);
#7557=ORIENTED_EDGE('',*,*,#5702,.T.);
#7558=ORIENTED_EDGE('',*,*,#5645,.T.);
#7559=ORIENTED_EDGE('',*,*,#5637,.T.);
#7560=ORIENTED_EDGE('',*,*,#5883,.T.);
#7561=ORIENTED_EDGE('',*,*,#5884,.F.);
#7562=ORIENTED_EDGE('',*,*,#5883,.F.);
#7563=ORIENTED_EDGE('',*,*,#5885,.F.);
#7564=ORIENTED_EDGE('',*,*,#5886,.T.);
#7565=ORIENTED_EDGE('',*,*,#5884,.T.);
#7566=ORIENTED_EDGE('',*,*,#5886,.F.);
#7567=ORIENTED_EDGE('',*,*,#5887,.T.);
#7568=ORIENTED_EDGE('',*,*,#5888,.F.);
#7569=ORIENTED_EDGE('',*,*,#5887,.F.);
#7570=ORIENTED_EDGE('',*,*,#5889,.F.);
#7571=ORIENTED_EDGE('',*,*,#5890,.T.);
#7572=ORIENTED_EDGE('',*,*,#5888,.T.);
#7573=ORIENTED_EDGE('',*,*,#5890,.F.);
#7574=ORIENTED_EDGE('',*,*,#5891,.T.);
#7575=ORIENTED_EDGE('',*,*,#5892,.F.);
#7576=ORIENTED_EDGE('',*,*,#5891,.F.);
#7577=ORIENTED_EDGE('',*,*,#5893,.F.);
#7578=ORIENTED_EDGE('',*,*,#5894,.T.);
#7579=ORIENTED_EDGE('',*,*,#5892,.T.);
#7580=ORIENTED_EDGE('',*,*,#5894,.F.);
#7581=ORIENTED_EDGE('',*,*,#5895,.T.);
#7582=ORIENTED_EDGE('',*,*,#5896,.F.);
#7583=ORIENTED_EDGE('',*,*,#5895,.F.);
#7584=ORIENTED_EDGE('',*,*,#5897,.F.);
#7585=ORIENTED_EDGE('',*,*,#5898,.T.);
#7586=ORIENTED_EDGE('',*,*,#5896,.T.);
#7587=ORIENTED_EDGE('',*,*,#5898,.F.);
#7588=ORIENTED_EDGE('',*,*,#5899,.T.);
#7589=ORIENTED_EDGE('',*,*,#5900,.T.);
#7590=ORIENTED_EDGE('',*,*,#5901,.T.);
#7591=ORIENTED_EDGE('',*,*,#5902,.T.);
#7592=ORIENTED_EDGE('',*,*,#5900,.F.);
#7593=ORIENTED_EDGE('',*,*,#5903,.F.);
#7594=ORIENTED_EDGE('',*,*,#5904,.F.);
#7595=ORIENTED_EDGE('',*,*,#5905,.F.);
#7596=ORIENTED_EDGE('',*,*,#5906,.T.);
#7597=ORIENTED_EDGE('',*,*,#5907,.T.);
#7598=ORIENTED_EDGE('',*,*,#5908,.T.);
#7599=ORIENTED_EDGE('',*,*,#5909,.T.);
#7600=ORIENTED_EDGE('',*,*,#5902,.F.);
#7601=ORIENTED_EDGE('',*,*,#5910,.F.);
#7602=ORIENTED_EDGE('',*,*,#5907,.F.);
#7603=ORIENTED_EDGE('',*,*,#5911,.F.);
#7604=ORIENTED_EDGE('',*,*,#5912,.T.);
#7605=ORIENTED_EDGE('',*,*,#5913,.T.);
#7606=ORIENTED_EDGE('',*,*,#5914,.T.);
#7607=ORIENTED_EDGE('',*,*,#5915,.T.);
#7608=ORIENTED_EDGE('',*,*,#5913,.F.);
#7609=ORIENTED_EDGE('',*,*,#5916,.F.);
#7610=ORIENTED_EDGE('',*,*,#5917,.F.);
#7611=ORIENTED_EDGE('',*,*,#5918,.F.);
#7612=ORIENTED_EDGE('',*,*,#5919,.T.);
#7613=ORIENTED_EDGE('',*,*,#5917,.T.);
#7614=ORIENTED_EDGE('',*,*,#5920,.T.);
#7615=ORIENTED_EDGE('',*,*,#5904,.T.);
#7616=ORIENTED_EDGE('',*,*,#5909,.F.);
#7617=ORIENTED_EDGE('',*,*,#5921,.F.);
#7618=ORIENTED_EDGE('',*,*,#5915,.F.);
#7619=ORIENTED_EDGE('',*,*,#5922,.F.);
#7620=ORIENTED_EDGE('',*,*,#5923,.F.);
#7621=ORIENTED_EDGE('',*,*,#5924,.F.);
#7622=ORIENTED_EDGE('',*,*,#5925,.F.);
#7623=ORIENTED_EDGE('',*,*,#5926,.F.);
#7624=ORIENTED_EDGE('',*,*,#5927,.F.);
#7625=ORIENTED_EDGE('',*,*,#5928,.F.);
#7626=ORIENTED_EDGE('',*,*,#5929,.F.);
#7627=ORIENTED_EDGE('',*,*,#5930,.F.);
#7628=ORIENTED_EDGE('',*,*,#5921,.T.);
#7629=ORIENTED_EDGE('',*,*,#5908,.F.);
#7630=ORIENTED_EDGE('',*,*,#5910,.T.);
#7631=ORIENTED_EDGE('',*,*,#5901,.F.);
#7632=ORIENTED_EDGE('',*,*,#5905,.T.);
#7633=ORIENTED_EDGE('',*,*,#5920,.F.);
#7634=ORIENTED_EDGE('',*,*,#5916,.T.);
#7635=ORIENTED_EDGE('',*,*,#5912,.F.);
#7636=ORIENTED_EDGE('',*,*,#5870,.F.);
#7637=ORIENTED_EDGE('',*,*,#5847,.F.);
#7638=ORIENTED_EDGE('',*,*,#5931,.F.);
#7639=ORIENTED_EDGE('',*,*,#5860,.F.);
#7640=ORIENTED_EDGE('',*,*,#5864,.F.);
#7641=ORIENTED_EDGE('',*,*,#5832,.F.);
#7642=ORIENTED_EDGE('',*,*,#5932,.F.);
#7643=ORIENTED_EDGE('',*,*,#5866,.F.);
#7644=ORIENTED_EDGE('',*,*,#5918,.T.);
#7645=ORIENTED_EDGE('',*,*,#5919,.F.);
#7646=ORIENTED_EDGE('',*,*,#5903,.T.);
#7647=ORIENTED_EDGE('',*,*,#5899,.F.);
#7648=ORIENTED_EDGE('',*,*,#5911,.T.);
#7649=ORIENTED_EDGE('',*,*,#5906,.F.);
#7650=ORIENTED_EDGE('',*,*,#5922,.T.);
#7651=ORIENTED_EDGE('',*,*,#5914,.F.);
#7652=ORIENTED_EDGE('',*,*,#5933,.T.);
#7653=ORIENTED_EDGE('',*,*,#5934,.T.);
#7654=ORIENTED_EDGE('',*,*,#5880,.T.);
#7655=ORIENTED_EDGE('',*,*,#5825,.T.);
#7656=ORIENTED_EDGE('',*,*,#5934,.F.);
#7657=ORIENTED_EDGE('',*,*,#5935,.F.);
#7658=ORIENTED_EDGE('',*,*,#5936,.F.);
#7659=ORIENTED_EDGE('',*,*,#5881,.T.);
#7660=ORIENTED_EDGE('',*,*,#5879,.T.);
#7661=ORIENTED_EDGE('',*,*,#5937,.T.);
#7662=ORIENTED_EDGE('',*,*,#5938,.T.);
#7663=ORIENTED_EDGE('',*,*,#5823,.T.);
#7664=ORIENTED_EDGE('',*,*,#5937,.F.);
#7665=ORIENTED_EDGE('',*,*,#5878,.T.);
#7666=ORIENTED_EDGE('',*,*,#5939,.F.);
#7667=ORIENTED_EDGE('',*,*,#5940,.F.);
#7668=ORIENTED_EDGE('',*,*,#5941,.T.);
#7669=ORIENTED_EDGE('',*,*,#5939,.T.);
#7670=ORIENTED_EDGE('',*,*,#5877,.T.);
#7671=ORIENTED_EDGE('',*,*,#5841,.T.);
#7672=ORIENTED_EDGE('',*,*,#5882,.T.);
#7673=ORIENTED_EDGE('',*,*,#5936,.T.);
#7674=ORIENTED_EDGE('',*,*,#5942,.T.);
#7675=ORIENTED_EDGE('',*,*,#5839,.T.);
#7676=ORIENTED_EDGE('',*,*,#5923,.T.);
#7677=ORIENTED_EDGE('',*,*,#5943,.T.);
#7678=ORIENTED_EDGE('',*,*,#5944,.T.);
#7679=ORIENTED_EDGE('',*,*,#5945,.T.);
#7680=ORIENTED_EDGE('',*,*,#5943,.F.);
#7681=ORIENTED_EDGE('',*,*,#5930,.T.);
#7682=ORIENTED_EDGE('',*,*,#5946,.F.);
#7683=ORIENTED_EDGE('',*,*,#5947,.F.);
#7684=ORIENTED_EDGE('',*,*,#5855,.T.);
#7685=ORIENTED_EDGE('',*,*,#5867,.T.);
#7686=ORIENTED_EDGE('',*,*,#5932,.T.);
#7687=ORIENTED_EDGE('',*,*,#5831,.T.);
#7688=ORIENTED_EDGE('',*,*,#5876,.T.);
#7689=ORIENTED_EDGE('',*,*,#5873,.T.);
#7690=ORIENTED_EDGE('',*,*,#5948,.T.);
#7691=ORIENTED_EDGE('',*,*,#5949,.T.);
#7692=ORIENTED_EDGE('',*,*,#5925,.T.);
#7693=ORIENTED_EDGE('',*,*,#5950,.T.);
#7694=ORIENTED_EDGE('',*,*,#5949,.F.);
#7695=ORIENTED_EDGE('',*,*,#5951,.T.);
#7696=ORIENTED_EDGE('',*,*,#5952,.F.);
#7697=ORIENTED_EDGE('',*,*,#5926,.T.);
#7698=ORIENTED_EDGE('',*,*,#5953,.T.);
#7699=ORIENTED_EDGE('',*,*,#5954,.T.);
#7700=ORIENTED_EDGE('',*,*,#5927,.T.);
#7701=ORIENTED_EDGE('',*,*,#5952,.T.);
#7702=ORIENTED_EDGE('',*,*,#5851,.T.);
#7703=ORIENTED_EDGE('',*,*,#5861,.F.);
#7704=ORIENTED_EDGE('',*,*,#5931,.T.);
#7705=ORIENTED_EDGE('',*,*,#5846,.T.);
#7706=ORIENTED_EDGE('',*,*,#5875,.T.);
#7707=ORIENTED_EDGE('',*,*,#5871,.T.);
#7708=ORIENTED_EDGE('',*,*,#5929,.T.);
#7709=ORIENTED_EDGE('',*,*,#5955,.T.);
#7710=ORIENTED_EDGE('',*,*,#5956,.T.);
#7711=ORIENTED_EDGE('',*,*,#5946,.T.);
#7712=ORIENTED_EDGE('',*,*,#5945,.F.);
#7713=ORIENTED_EDGE('',*,*,#5957,.F.);
#7714=ORIENTED_EDGE('',*,*,#5950,.F.);
#7715=ORIENTED_EDGE('',*,*,#5924,.T.);
#7716=ORIENTED_EDGE('',*,*,#5954,.F.);
#7717=ORIENTED_EDGE('',*,*,#5958,.T.);
#7718=ORIENTED_EDGE('',*,*,#5955,.F.);
#7719=ORIENTED_EDGE('',*,*,#5928,.T.);
#7720=ORIENTED_EDGE('',*,*,#5944,.F.);
#7721=ORIENTED_EDGE('',*,*,#5947,.T.);
#7722=ORIENTED_EDGE('',*,*,#5956,.F.);
#7723=ORIENTED_EDGE('',*,*,#5958,.F.);
#7724=ORIENTED_EDGE('',*,*,#5953,.F.);
#7725=ORIENTED_EDGE('',*,*,#5951,.F.);
#7726=ORIENTED_EDGE('',*,*,#5948,.F.);
#7727=ORIENTED_EDGE('',*,*,#5957,.T.);
#7728=ORIENTED_EDGE('',*,*,#5885,.T.);
#7729=ORIENTED_EDGE('',*,*,#5889,.T.);
#7730=ORIENTED_EDGE('',*,*,#5893,.T.);
#7731=ORIENTED_EDGE('',*,*,#5897,.T.);
#7732=ORIENTED_EDGE('',*,*,#5935,.T.);
#7733=ORIENTED_EDGE('',*,*,#5933,.F.);
#7734=ORIENTED_EDGE('',*,*,#5824,.T.);
#7735=ORIENTED_EDGE('',*,*,#5938,.F.);
#7736=ORIENTED_EDGE('',*,*,#5940,.T.);
#7737=ORIENTED_EDGE('',*,*,#5941,.F.);
#7738=ORIENTED_EDGE('',*,*,#5840,.T.);
#7739=ORIENTED_EDGE('',*,*,#5942,.F.);
#7740=ORIENTED_EDGE('',*,*,#5959,.T.);
#7741=ORIENTED_EDGE('',*,*,#5960,.F.);
#7742=ORIENTED_EDGE('',*,*,#5961,.T.);
#7743=ORIENTED_EDGE('',*,*,#5962,.F.);
#7744=ORIENTED_EDGE('',*,*,#5963,.T.);
#7745=ORIENTED_EDGE('',*,*,#5964,.T.);
#7746=ORIENTED_EDGE('',*,*,#5965,.T.);
#7747=ORIENTED_EDGE('',*,*,#5960,.T.);
#7748=ORIENTED_EDGE('',*,*,#5966,.F.);
#7749=ORIENTED_EDGE('',*,*,#5967,.F.);
#7750=ORIENTED_EDGE('',*,*,#5968,.F.);
#7751=ORIENTED_EDGE('',*,*,#5969,.F.);
#7752=ORIENTED_EDGE('',*,*,#5970,.T.);
#7753=ORIENTED_EDGE('',*,*,#5971,.F.);
#7754=ORIENTED_EDGE('',*,*,#5972,.T.);
#7755=ORIENTED_EDGE('',*,*,#5973,.T.);
#7756=ORIENTED_EDGE('',*,*,#5974,.T.);
#7757=ORIENTED_EDGE('',*,*,#5975,.T.);
#7758=ORIENTED_EDGE('',*,*,#5976,.T.);
#7759=ORIENTED_EDGE('',*,*,#5971,.T.);
#7760=ORIENTED_EDGE('',*,*,#5977,.T.);
#7761=ORIENTED_EDGE('',*,*,#5978,.F.);
#7762=ORIENTED_EDGE('',*,*,#5977,.F.);
#7763=ORIENTED_EDGE('',*,*,#5979,.F.);
#7764=ORIENTED_EDGE('',*,*,#5980,.T.);
#7765=ORIENTED_EDGE('',*,*,#5978,.T.);
#7766=ORIENTED_EDGE('',*,*,#5980,.F.);
#7767=ORIENTED_EDGE('',*,*,#5981,.T.);
#7768=ORIENTED_EDGE('',*,*,#5982,.F.);
#7769=ORIENTED_EDGE('',*,*,#5981,.F.);
#7770=ORIENTED_EDGE('',*,*,#5983,.F.);
#7771=ORIENTED_EDGE('',*,*,#5984,.T.);
#7772=ORIENTED_EDGE('',*,*,#5982,.T.);
#7773=ORIENTED_EDGE('',*,*,#5984,.F.);
#7774=ORIENTED_EDGE('',*,*,#5985,.T.);
#7775=ORIENTED_EDGE('',*,*,#5986,.F.);
#7776=ORIENTED_EDGE('',*,*,#5985,.F.);
#7777=ORIENTED_EDGE('',*,*,#5987,.F.);
#7778=ORIENTED_EDGE('',*,*,#5988,.T.);
#7779=ORIENTED_EDGE('',*,*,#5986,.T.);
#7780=ORIENTED_EDGE('',*,*,#5988,.F.);
#7781=ORIENTED_EDGE('',*,*,#5989,.T.);
#7782=ORIENTED_EDGE('',*,*,#5990,.F.);
#7783=ORIENTED_EDGE('',*,*,#5989,.F.);
#7784=ORIENTED_EDGE('',*,*,#5991,.F.);
#7785=ORIENTED_EDGE('',*,*,#5992,.T.);
#7786=ORIENTED_EDGE('',*,*,#5990,.T.);
#7787=ORIENTED_EDGE('',*,*,#5992,.F.);
#7788=ORIENTED_EDGE('',*,*,#5993,.T.);
#7789=ORIENTED_EDGE('',*,*,#5994,.F.);
#7790=ORIENTED_EDGE('',*,*,#5993,.F.);
#7791=ORIENTED_EDGE('',*,*,#5995,.F.);
#7792=ORIENTED_EDGE('',*,*,#5996,.T.);
#7793=ORIENTED_EDGE('',*,*,#5994,.T.);
#7794=ORIENTED_EDGE('',*,*,#5996,.F.);
#7795=ORIENTED_EDGE('',*,*,#5997,.T.);
#7796=ORIENTED_EDGE('',*,*,#5998,.F.);
#7797=ORIENTED_EDGE('',*,*,#5997,.F.);
#7798=ORIENTED_EDGE('',*,*,#5999,.F.);
#7799=ORIENTED_EDGE('',*,*,#6000,.T.);
#7800=ORIENTED_EDGE('',*,*,#5998,.T.);
#7801=ORIENTED_EDGE('',*,*,#6000,.F.);
#7802=ORIENTED_EDGE('',*,*,#6001,.T.);
#7803=ORIENTED_EDGE('',*,*,#6002,.F.);
#7804=ORIENTED_EDGE('',*,*,#6001,.F.);
#7805=ORIENTED_EDGE('',*,*,#6003,.F.);
#7806=ORIENTED_EDGE('',*,*,#6004,.T.);
#7807=ORIENTED_EDGE('',*,*,#6002,.T.);
#7808=ORIENTED_EDGE('',*,*,#6004,.F.);
#7809=ORIENTED_EDGE('',*,*,#6005,.T.);
#7810=ORIENTED_EDGE('',*,*,#6006,.F.);
#7811=ORIENTED_EDGE('',*,*,#6005,.F.);
#7812=ORIENTED_EDGE('',*,*,#6007,.F.);
#7813=ORIENTED_EDGE('',*,*,#6008,.T.);
#7814=ORIENTED_EDGE('',*,*,#6006,.T.);
#7815=ORIENTED_EDGE('',*,*,#6008,.F.);
#7816=ORIENTED_EDGE('',*,*,#6009,.F.);
#7817=ORIENTED_EDGE('',*,*,#6010,.F.);
#7818=ORIENTED_EDGE('',*,*,#6011,.T.);
#7819=ORIENTED_EDGE('',*,*,#5975,.F.);
#7820=ORIENTED_EDGE('',*,*,#6012,.F.);
#7821=ORIENTED_EDGE('',*,*,#6013,.F.);
#7822=ORIENTED_EDGE('',*,*,#6014,.F.);
#7823=ORIENTED_EDGE('',*,*,#6015,.F.);
#7824=ORIENTED_EDGE('',*,*,#6016,.T.);
#7825=ORIENTED_EDGE('',*,*,#6017,.F.);
#7826=ORIENTED_EDGE('',*,*,#6018,.T.);
#7827=ORIENTED_EDGE('',*,*,#5964,.F.);
#7828=ORIENTED_EDGE('',*,*,#6009,.T.);
#7829=ORIENTED_EDGE('',*,*,#5974,.F.);
#7830=ORIENTED_EDGE('',*,*,#5970,.F.);
#7831=ORIENTED_EDGE('',*,*,#6019,.F.);
#7832=ORIENTED_EDGE('',*,*,#6016,.F.);
#7833=ORIENTED_EDGE('',*,*,#5963,.F.);
#7834=ORIENTED_EDGE('',*,*,#5959,.F.);
#7835=ORIENTED_EDGE('',*,*,#6020,.F.);
#7836=ORIENTED_EDGE('',*,*,#6012,.T.);
#7837=ORIENTED_EDGE('',*,*,#6021,.F.);
#7838=ORIENTED_EDGE('',*,*,#6022,.F.);
#7839=ORIENTED_EDGE('',*,*,#6023,.F.);
#7840=ORIENTED_EDGE('',*,*,#5966,.T.);
#7841=ORIENTED_EDGE('',*,*,#6024,.F.);
#7842=ORIENTED_EDGE('',*,*,#6025,.F.);
#7843=ORIENTED_EDGE('',*,*,#6026,.F.);
#7844=ORIENTED_EDGE('',*,*,#5983,.T.);
#7845=ORIENTED_EDGE('',*,*,#5991,.T.);
#7846=ORIENTED_EDGE('',*,*,#5995,.T.);
#7847=ORIENTED_EDGE('',*,*,#5999,.T.);
#7848=ORIENTED_EDGE('',*,*,#6003,.T.);
#7849=ORIENTED_EDGE('',*,*,#6007,.T.);
#7850=ORIENTED_EDGE('',*,*,#5987,.T.);
#7851=ORIENTED_EDGE('',*,*,#5979,.T.);
#7852=ORIENTED_EDGE('',*,*,#6027,.T.);
#7853=ORIENTED_EDGE('',*,*,#6028,.F.);
#7854=ORIENTED_EDGE('',*,*,#6027,.F.);
#7855=ORIENTED_EDGE('',*,*,#6029,.F.);
#7856=ORIENTED_EDGE('',*,*,#6030,.T.);
#7857=ORIENTED_EDGE('',*,*,#6028,.T.);
#7858=ORIENTED_EDGE('',*,*,#6030,.F.);
#7859=ORIENTED_EDGE('',*,*,#6031,.T.);
#7860=ORIENTED_EDGE('',*,*,#6032,.F.);
#7861=ORIENTED_EDGE('',*,*,#6031,.F.);
#7862=ORIENTED_EDGE('',*,*,#6033,.F.);
#7863=ORIENTED_EDGE('',*,*,#6034,.T.);
#7864=ORIENTED_EDGE('',*,*,#6032,.T.);
#7865=ORIENTED_EDGE('',*,*,#6034,.F.);
#7866=ORIENTED_EDGE('',*,*,#6035,.T.);
#7867=ORIENTED_EDGE('',*,*,#6036,.F.);
#7868=ORIENTED_EDGE('',*,*,#6035,.F.);
#7869=ORIENTED_EDGE('',*,*,#6037,.F.);
#7870=ORIENTED_EDGE('',*,*,#6038,.T.);
#7871=ORIENTED_EDGE('',*,*,#6036,.T.);
#7872=ORIENTED_EDGE('',*,*,#6038,.F.);
#7873=ORIENTED_EDGE('',*,*,#6039,.T.);
#7874=ORIENTED_EDGE('',*,*,#6040,.F.);
#7875=ORIENTED_EDGE('',*,*,#6039,.F.);
#7876=ORIENTED_EDGE('',*,*,#6041,.F.);
#7877=ORIENTED_EDGE('',*,*,#6042,.T.);
#7878=ORIENTED_EDGE('',*,*,#6040,.T.);
#7879=ORIENTED_EDGE('',*,*,#6042,.F.);
#7880=ORIENTED_EDGE('',*,*,#6043,.T.);
#7881=ORIENTED_EDGE('',*,*,#6044,.T.);
#7882=ORIENTED_EDGE('',*,*,#6045,.T.);
#7883=ORIENTED_EDGE('',*,*,#6046,.T.);
#7884=ORIENTED_EDGE('',*,*,#6044,.F.);
#7885=ORIENTED_EDGE('',*,*,#6047,.F.);
#7886=ORIENTED_EDGE('',*,*,#6048,.F.);
#7887=ORIENTED_EDGE('',*,*,#6049,.F.);
#7888=ORIENTED_EDGE('',*,*,#6050,.T.);
#7889=ORIENTED_EDGE('',*,*,#6051,.T.);
#7890=ORIENTED_EDGE('',*,*,#6052,.T.);
#7891=ORIENTED_EDGE('',*,*,#6053,.T.);
#7892=ORIENTED_EDGE('',*,*,#6046,.F.);
#7893=ORIENTED_EDGE('',*,*,#6054,.F.);
#7894=ORIENTED_EDGE('',*,*,#6051,.F.);
#7895=ORIENTED_EDGE('',*,*,#6055,.F.);
#7896=ORIENTED_EDGE('',*,*,#6056,.T.);
#7897=ORIENTED_EDGE('',*,*,#6057,.T.);
#7898=ORIENTED_EDGE('',*,*,#6058,.T.);
#7899=ORIENTED_EDGE('',*,*,#6059,.T.);
#7900=ORIENTED_EDGE('',*,*,#6057,.F.);
#7901=ORIENTED_EDGE('',*,*,#6060,.F.);
#7902=ORIENTED_EDGE('',*,*,#6061,.F.);
#7903=ORIENTED_EDGE('',*,*,#6062,.F.);
#7904=ORIENTED_EDGE('',*,*,#6063,.T.);
#7905=ORIENTED_EDGE('',*,*,#6061,.T.);
#7906=ORIENTED_EDGE('',*,*,#6064,.T.);
#7907=ORIENTED_EDGE('',*,*,#6048,.T.);
#7908=ORIENTED_EDGE('',*,*,#6053,.F.);
#7909=ORIENTED_EDGE('',*,*,#6065,.F.);
#7910=ORIENTED_EDGE('',*,*,#6059,.F.);
#7911=ORIENTED_EDGE('',*,*,#6066,.F.);
#7912=ORIENTED_EDGE('',*,*,#6067,.F.);
#7913=ORIENTED_EDGE('',*,*,#6068,.F.);
#7914=ORIENTED_EDGE('',*,*,#6069,.F.);
#7915=ORIENTED_EDGE('',*,*,#6070,.F.);
#7916=ORIENTED_EDGE('',*,*,#6071,.F.);
#7917=ORIENTED_EDGE('',*,*,#6072,.F.);
#7918=ORIENTED_EDGE('',*,*,#6073,.F.);
#7919=ORIENTED_EDGE('',*,*,#6074,.F.);
#7920=ORIENTED_EDGE('',*,*,#6065,.T.);
#7921=ORIENTED_EDGE('',*,*,#6052,.F.);
#7922=ORIENTED_EDGE('',*,*,#6054,.T.);
#7923=ORIENTED_EDGE('',*,*,#6045,.F.);
#7924=ORIENTED_EDGE('',*,*,#6049,.T.);
#7925=ORIENTED_EDGE('',*,*,#6064,.F.);
#7926=ORIENTED_EDGE('',*,*,#6060,.T.);
#7927=ORIENTED_EDGE('',*,*,#6056,.F.);
#7928=ORIENTED_EDGE('',*,*,#5965,.F.);
#7929=ORIENTED_EDGE('',*,*,#6018,.F.);
#7930=ORIENTED_EDGE('',*,*,#6075,.F.);
#7931=ORIENTED_EDGE('',*,*,#5972,.F.);
#7932=ORIENTED_EDGE('',*,*,#5976,.F.);
#7933=ORIENTED_EDGE('',*,*,#6011,.F.);
#7934=ORIENTED_EDGE('',*,*,#6076,.F.);
#7935=ORIENTED_EDGE('',*,*,#5961,.F.);
#7936=ORIENTED_EDGE('',*,*,#6062,.T.);
#7937=ORIENTED_EDGE('',*,*,#6063,.F.);
#7938=ORIENTED_EDGE('',*,*,#6047,.T.);
#7939=ORIENTED_EDGE('',*,*,#6043,.F.);
#7940=ORIENTED_EDGE('',*,*,#6055,.T.);
#7941=ORIENTED_EDGE('',*,*,#6050,.F.);
#7942=ORIENTED_EDGE('',*,*,#6066,.T.);
#7943=ORIENTED_EDGE('',*,*,#6058,.F.);
#7944=ORIENTED_EDGE('',*,*,#6077,.T.);
#7945=ORIENTED_EDGE('',*,*,#6078,.T.);
#7946=ORIENTED_EDGE('',*,*,#6024,.T.);
#7947=ORIENTED_EDGE('',*,*,#5969,.T.);
#7948=ORIENTED_EDGE('',*,*,#6078,.F.);
#7949=ORIENTED_EDGE('',*,*,#6079,.F.);
#7950=ORIENTED_EDGE('',*,*,#6080,.F.);
#7951=ORIENTED_EDGE('',*,*,#6025,.T.);
#7952=ORIENTED_EDGE('',*,*,#6023,.T.);
#7953=ORIENTED_EDGE('',*,*,#6081,.T.);
#7954=ORIENTED_EDGE('',*,*,#6082,.T.);
#7955=ORIENTED_EDGE('',*,*,#5967,.T.);
#7956=ORIENTED_EDGE('',*,*,#6081,.F.);
#7957=ORIENTED_EDGE('',*,*,#6022,.T.);
#7958=ORIENTED_EDGE('',*,*,#6083,.F.);
#7959=ORIENTED_EDGE('',*,*,#6084,.F.);
#7960=ORIENTED_EDGE('',*,*,#6085,.T.);
#7961=ORIENTED_EDGE('',*,*,#6083,.T.);
#7962=ORIENTED_EDGE('',*,*,#6021,.T.);
#7963=ORIENTED_EDGE('',*,*,#6015,.T.);
#7964=ORIENTED_EDGE('',*,*,#6026,.T.);
#7965=ORIENTED_EDGE('',*,*,#6080,.T.);
#7966=ORIENTED_EDGE('',*,*,#6086,.T.);
#7967=ORIENTED_EDGE('',*,*,#6013,.T.);
#7968=ORIENTED_EDGE('',*,*,#6067,.T.);
#7969=ORIENTED_EDGE('',*,*,#6087,.T.);
#7970=ORIENTED_EDGE('',*,*,#6088,.T.);
#7971=ORIENTED_EDGE('',*,*,#6089,.T.);
#7972=ORIENTED_EDGE('',*,*,#6087,.F.);
#7973=ORIENTED_EDGE('',*,*,#6074,.T.);
#7974=ORIENTED_EDGE('',*,*,#6090,.F.);
#7975=ORIENTED_EDGE('',*,*,#6091,.F.);
#7976=ORIENTED_EDGE('',*,*,#6020,.T.);
#7977=ORIENTED_EDGE('',*,*,#5962,.T.);
#7978=ORIENTED_EDGE('',*,*,#6076,.T.);
#7979=ORIENTED_EDGE('',*,*,#6010,.T.);
#7980=ORIENTED_EDGE('',*,*,#6092,.T.);
#7981=ORIENTED_EDGE('',*,*,#6093,.T.);
#7982=ORIENTED_EDGE('',*,*,#6069,.T.);
#7983=ORIENTED_EDGE('',*,*,#6094,.T.);
#7984=ORIENTED_EDGE('',*,*,#6093,.F.);
#7985=ORIENTED_EDGE('',*,*,#6095,.T.);
#7986=ORIENTED_EDGE('',*,*,#6096,.F.);
#7987=ORIENTED_EDGE('',*,*,#6070,.T.);
#7988=ORIENTED_EDGE('',*,*,#6097,.T.);
#7989=ORIENTED_EDGE('',*,*,#6098,.T.);
#7990=ORIENTED_EDGE('',*,*,#6071,.T.);
#7991=ORIENTED_EDGE('',*,*,#6096,.T.);
#7992=ORIENTED_EDGE('',*,*,#6019,.T.);
#7993=ORIENTED_EDGE('',*,*,#5973,.F.);
#7994=ORIENTED_EDGE('',*,*,#6075,.T.);
#7995=ORIENTED_EDGE('',*,*,#6017,.T.);
#7996=ORIENTED_EDGE('',*,*,#6073,.T.);
#7997=ORIENTED_EDGE('',*,*,#6099,.T.);
#7998=ORIENTED_EDGE('',*,*,#6100,.T.);
#7999=ORIENTED_EDGE('',*,*,#6090,.T.);
#8000=ORIENTED_EDGE('',*,*,#6089,.F.);
#8001=ORIENTED_EDGE('',*,*,#6101,.F.);
#8002=ORIENTED_EDGE('',*,*,#6094,.F.);
#8003=ORIENTED_EDGE('',*,*,#6068,.T.);
#8004=ORIENTED_EDGE('',*,*,#6098,.F.);
#8005=ORIENTED_EDGE('',*,*,#6102,.T.);
#8006=ORIENTED_EDGE('',*,*,#6099,.F.);
#8007=ORIENTED_EDGE('',*,*,#6072,.T.);
#8008=ORIENTED_EDGE('',*,*,#6088,.F.);
#8009=ORIENTED_EDGE('',*,*,#6091,.T.);
#8010=ORIENTED_EDGE('',*,*,#6100,.F.);
#8011=ORIENTED_EDGE('',*,*,#6102,.F.);
#8012=ORIENTED_EDGE('',*,*,#6097,.F.);
#8013=ORIENTED_EDGE('',*,*,#6095,.F.);
#8014=ORIENTED_EDGE('',*,*,#6092,.F.);
#8015=ORIENTED_EDGE('',*,*,#6101,.T.);
#8016=ORIENTED_EDGE('',*,*,#6029,.T.);
#8017=ORIENTED_EDGE('',*,*,#6033,.T.);
#8018=ORIENTED_EDGE('',*,*,#6037,.T.);
#8019=ORIENTED_EDGE('',*,*,#6041,.T.);
#8020=ORIENTED_EDGE('',*,*,#6079,.T.);
#8021=ORIENTED_EDGE('',*,*,#6077,.F.);
#8022=ORIENTED_EDGE('',*,*,#5968,.T.);
#8023=ORIENTED_EDGE('',*,*,#6082,.F.);
#8024=ORIENTED_EDGE('',*,*,#6084,.T.);
#8025=ORIENTED_EDGE('',*,*,#6085,.F.);
#8026=ORIENTED_EDGE('',*,*,#6014,.T.);
#8027=ORIENTED_EDGE('',*,*,#6086,.F.);
#8028=ORIENTED_EDGE('',*,*,#6103,.F.);
#8029=ORIENTED_EDGE('',*,*,#6104,.F.);
#8030=ORIENTED_EDGE('',*,*,#6105,.F.);
#8031=ORIENTED_EDGE('',*,*,#6106,.T.);
#8032=ORIENTED_EDGE('',*,*,#6107,.F.);
#8033=ORIENTED_EDGE('',*,*,#6108,.T.);
#8034=ORIENTED_EDGE('',*,*,#6109,.F.);
#8035=ORIENTED_EDGE('',*,*,#6103,.T.);
#8036=ORIENTED_EDGE('',*,*,#6110,.T.);
#8037=ORIENTED_EDGE('',*,*,#6111,.T.);
#8038=ORIENTED_EDGE('',*,*,#6110,.F.);
#8039=ORIENTED_EDGE('',*,*,#6112,.T.);
#8040=ORIENTED_EDGE('',*,*,#6113,.T.);
#8041=ORIENTED_EDGE('',*,*,#6106,.F.);
#8042=ORIENTED_EDGE('',*,*,#6114,.F.);
#8043=ORIENTED_EDGE('',*,*,#6108,.F.);
#8044=ORIENTED_EDGE('',*,*,#6115,.T.);
#8045=ORIENTED_EDGE('',*,*,#6116,.T.);
#8046=ORIENTED_EDGE('',*,*,#6117,.F.);
#8047=ORIENTED_EDGE('',*,*,#6109,.T.);
#8048=ORIENTED_EDGE('',*,*,#6117,.T.);
#8049=ORIENTED_EDGE('',*,*,#6118,.T.);
#8050=ORIENTED_EDGE('',*,*,#6119,.T.);
#8051=ORIENTED_EDGE('',*,*,#6120,.T.);
#8052=ORIENTED_EDGE('',*,*,#6114,.T.);
#8053=ORIENTED_EDGE('',*,*,#6105,.T.);
#8054=ORIENTED_EDGE('',*,*,#6121,.T.);
#8055=ORIENTED_EDGE('',*,*,#6113,.F.);
#8056=ORIENTED_EDGE('',*,*,#6122,.T.);
#8057=ORIENTED_EDGE('',*,*,#6115,.F.);
#8058=ORIENTED_EDGE('',*,*,#6107,.T.);
#8059=ORIENTED_EDGE('',*,*,#6119,.F.);
#8060=ORIENTED_EDGE('',*,*,#6123,.T.);
#8061=ORIENTED_EDGE('',*,*,#6121,.F.);
#8062=ORIENTED_EDGE('',*,*,#6104,.T.);
#8063=ORIENTED_EDGE('',*,*,#6124,.F.);
#8064=ORIENTED_EDGE('',*,*,#6125,.F.);
#8065=ORIENTED_EDGE('',*,*,#6126,.F.);
#8066=ORIENTED_EDGE('',*,*,#6127,.F.);
#8067=ORIENTED_EDGE('',*,*,#6128,.F.);
#8068=ORIENTED_EDGE('',*,*,#6129,.F.);
#8069=ORIENTED_EDGE('',*,*,#6130,.F.);
#8070=ORIENTED_EDGE('',*,*,#6131,.F.);
#8071=ORIENTED_EDGE('',*,*,#6111,.F.);
#8072=ORIENTED_EDGE('',*,*,#6124,.T.);
#8073=ORIENTED_EDGE('',*,*,#6132,.T.);
#8074=ORIENTED_EDGE('',*,*,#6133,.T.);
#8075=ORIENTED_EDGE('',*,*,#6134,.T.);
#8076=ORIENTED_EDGE('',*,*,#6134,.F.);
#8077=ORIENTED_EDGE('',*,*,#6135,.F.);
#8078=ORIENTED_EDGE('',*,*,#6136,.F.);
#8079=ORIENTED_EDGE('',*,*,#6125,.T.);
#8080=ORIENTED_EDGE('',*,*,#6133,.F.);
#8081=ORIENTED_EDGE('',*,*,#6137,.T.);
#8082=ORIENTED_EDGE('',*,*,#6138,.F.);
#8083=ORIENTED_EDGE('',*,*,#6139,.T.);
#8084=ORIENTED_EDGE('',*,*,#6140,.F.);
#8085=ORIENTED_EDGE('',*,*,#6141,.T.);
#8086=ORIENTED_EDGE('',*,*,#6142,.F.);
#8087=ORIENTED_EDGE('',*,*,#6135,.T.);
#8088=ORIENTED_EDGE('',*,*,#6112,.F.);
#8089=ORIENTED_EDGE('',*,*,#6120,.F.);
#8090=ORIENTED_EDGE('',*,*,#6123,.F.);
#8091=ORIENTED_EDGE('',*,*,#6118,.F.);
#8092=ORIENTED_EDGE('',*,*,#6116,.F.);
#8093=ORIENTED_EDGE('',*,*,#6122,.F.);
#8094=ORIENTED_EDGE('',*,*,#6130,.T.);
#8095=ORIENTED_EDGE('',*,*,#6143,.T.);
#8096=ORIENTED_EDGE('',*,*,#6138,.T.);
#8097=ORIENTED_EDGE('',*,*,#6144,.T.);
#8098=ORIENTED_EDGE('',*,*,#6143,.F.);
#8099=ORIENTED_EDGE('',*,*,#6129,.T.);
#8100=ORIENTED_EDGE('',*,*,#6145,.F.);
#8101=ORIENTED_EDGE('',*,*,#6139,.F.);
#8102=ORIENTED_EDGE('',*,*,#6128,.T.);
#8103=ORIENTED_EDGE('',*,*,#6146,.T.);
#8104=ORIENTED_EDGE('',*,*,#6140,.T.);
#8105=ORIENTED_EDGE('',*,*,#6145,.T.);
#8106=ORIENTED_EDGE('',*,*,#6126,.T.);
#8107=ORIENTED_EDGE('',*,*,#6136,.T.);
#8108=ORIENTED_EDGE('',*,*,#6142,.T.);
#8109=ORIENTED_EDGE('',*,*,#6147,.T.);
#8110=ORIENTED_EDGE('',*,*,#6132,.F.);
#8111=ORIENTED_EDGE('',*,*,#6131,.T.);
#8112=ORIENTED_EDGE('',*,*,#6144,.F.);
#8113=ORIENTED_EDGE('',*,*,#6137,.F.);
#8114=ORIENTED_EDGE('',*,*,#6146,.F.);
#8115=ORIENTED_EDGE('',*,*,#6127,.T.);
#8116=ORIENTED_EDGE('',*,*,#6147,.F.);
#8117=ORIENTED_EDGE('',*,*,#6141,.F.);
#8118=ORIENTED_EDGE('',*,*,#6148,.F.);
#8119=ORIENTED_EDGE('',*,*,#6149,.T.);
#8120=ORIENTED_EDGE('',*,*,#6150,.F.);
#8121=ORIENTED_EDGE('',*,*,#6149,.F.);
#8122=ORIENTED_EDGE('',*,*,#6151,.F.);
#8123=ORIENTED_EDGE('',*,*,#6152,.T.);
#8124=ORIENTED_EDGE('',*,*,#6153,.F.);
#8125=ORIENTED_EDGE('',*,*,#6152,.F.);
#8126=ORIENTED_EDGE('',*,*,#6154,.F.);
#8127=ORIENTED_EDGE('',*,*,#6155,.T.);
#8128=ORIENTED_EDGE('',*,*,#6156,.F.);
#8129=ORIENTED_EDGE('',*,*,#6157,.F.);
#8130=ORIENTED_EDGE('',*,*,#6158,.F.);
#8131=ORIENTED_EDGE('',*,*,#6159,.T.);
#8132=ORIENTED_EDGE('',*,*,#6160,.F.);
#8133=ORIENTED_EDGE('',*,*,#6161,.F.);
#8134=ORIENTED_EDGE('',*,*,#6162,.T.);
#8135=ORIENTED_EDGE('',*,*,#6160,.T.);
#8136=ORIENTED_EDGE('',*,*,#6163,.T.);
#8137=ORIENTED_EDGE('',*,*,#6156,.T.);
#8138=ORIENTED_EDGE('',*,*,#6148,.T.);
#8139=ORIENTED_EDGE('',*,*,#6154,.T.);
#8140=ORIENTED_EDGE('',*,*,#6164,.F.);
#8141=ORIENTED_EDGE('',*,*,#6165,.T.);
#8142=ORIENTED_EDGE('',*,*,#6166,.F.);
#8143=ORIENTED_EDGE('',*,*,#6167,.T.);
#8144=ORIENTED_EDGE('',*,*,#6168,.T.);
#8145=ORIENTED_EDGE('',*,*,#6158,.T.);
#8146=ORIENTED_EDGE('',*,*,#6169,.F.);
#8147=ORIENTED_EDGE('',*,*,#6170,.F.);
#8148=ORIENTED_EDGE('',*,*,#6171,.F.);
#8149=ORIENTED_EDGE('',*,*,#6172,.T.);
#8150=ORIENTED_EDGE('',*,*,#6173,.F.);
#8151=ORIENTED_EDGE('',*,*,#6174,.T.);
#8152=ORIENTED_EDGE('',*,*,#6175,.F.);
#8153=ORIENTED_EDGE('',*,*,#6176,.F.);
#8154=ORIENTED_EDGE('',*,*,#6165,.F.);
#8155=ORIENTED_EDGE('',*,*,#6177,.T.);
#8156=ORIENTED_EDGE('',*,*,#6178,.F.);
#8157=ORIENTED_EDGE('',*,*,#6179,.F.);
#8158=ORIENTED_EDGE('',*,*,#6178,.T.);
#8159=ORIENTED_EDGE('',*,*,#6180,.T.);
#8160=ORIENTED_EDGE('',*,*,#6175,.T.);
#8161=ORIENTED_EDGE('',*,*,#6181,.T.);
#8162=ORIENTED_EDGE('',*,*,#6151,.T.);
#8163=ORIENTED_EDGE('',*,*,#6173,.T.);
#8164=ORIENTED_EDGE('',*,*,#6182,.F.);
#8165=ORIENTED_EDGE('',*,*,#6183,.F.);
#8166=ORIENTED_EDGE('',*,*,#6184,.F.);
#8167=ORIENTED_EDGE('',*,*,#6185,.T.);
#8168=ORIENTED_EDGE('',*,*,#6185,.F.);
#8169=ORIENTED_EDGE('',*,*,#6186,.T.);
#8170=ORIENTED_EDGE('',*,*,#6187,.F.);
#8171=ORIENTED_EDGE('',*,*,#6186,.F.);
#8172=ORIENTED_EDGE('',*,*,#6172,.F.);
#8173=ORIENTED_EDGE('',*,*,#6188,.T.);
#8174=ORIENTED_EDGE('',*,*,#6189,.F.);
#8175=ORIENTED_EDGE('',*,*,#6188,.F.);
#8176=ORIENTED_EDGE('',*,*,#6190,.T.);
#8177=ORIENTED_EDGE('',*,*,#6191,.T.);
#8178=ORIENTED_EDGE('',*,*,#6192,.T.);
#8179=ORIENTED_EDGE('',*,*,#6170,.T.);
#8180=ORIENTED_EDGE('',*,*,#6193,.T.);
#8181=ORIENTED_EDGE('',*,*,#6183,.T.);
#8182=ORIENTED_EDGE('',*,*,#6194,.T.);
#8183=ORIENTED_EDGE('',*,*,#6195,.T.);
#8184=ORIENTED_EDGE('',*,*,#6196,.T.);
#8185=ORIENTED_EDGE('',*,*,#6195,.F.);
#8186=ORIENTED_EDGE('',*,*,#6197,.T.);
#8187=ORIENTED_EDGE('',*,*,#6191,.F.);
#8188=ORIENTED_EDGE('',*,*,#6150,.T.);
#8189=ORIENTED_EDGE('',*,*,#6153,.T.);
#8190=ORIENTED_EDGE('',*,*,#6187,.T.);
#8191=ORIENTED_EDGE('',*,*,#6189,.T.);
#8192=ORIENTED_EDGE('',*,*,#6198,.T.);
#8193=ORIENTED_EDGE('',*,*,#6199,.T.);
#8194=ORIENTED_EDGE('',*,*,#6169,.T.);
#8195=ORIENTED_EDGE('',*,*,#6161,.T.);
#8196=ORIENTED_EDGE('',*,*,#6162,.F.);
#8197=ORIENTED_EDGE('',*,*,#6155,.F.);
#8198=ORIENTED_EDGE('',*,*,#6166,.T.);
#8199=ORIENTED_EDGE('',*,*,#6179,.T.);
#8200=ORIENTED_EDGE('',*,*,#6181,.F.);
#8201=ORIENTED_EDGE('',*,*,#6174,.F.);
#8202=ORIENTED_EDGE('',*,*,#6184,.T.);
#8203=ORIENTED_EDGE('',*,*,#6193,.F.);
#8204=ORIENTED_EDGE('',*,*,#6196,.F.);
#8205=ORIENTED_EDGE('',*,*,#6190,.F.);
#8206=ORIENTED_EDGE('',*,*,#6168,.F.);
#8207=ORIENTED_EDGE('',*,*,#6200,.T.);
#8208=ORIENTED_EDGE('',*,*,#6198,.F.);
#8209=ORIENTED_EDGE('',*,*,#6200,.F.);
#8210=ORIENTED_EDGE('',*,*,#6167,.F.);
#8211=ORIENTED_EDGE('',*,*,#6201,.T.);
#8212=ORIENTED_EDGE('',*,*,#6199,.F.);
#8213=ORIENTED_EDGE('',*,*,#6201,.F.);
#8214=ORIENTED_EDGE('',*,*,#6197,.F.);
#8215=ORIENTED_EDGE('',*,*,#6194,.F.);
#8216=ORIENTED_EDGE('',*,*,#6182,.T.);
#8217=ORIENTED_EDGE('',*,*,#6176,.T.);
#8218=ORIENTED_EDGE('',*,*,#6180,.F.);
#8219=ORIENTED_EDGE('',*,*,#6177,.F.);
#8220=ORIENTED_EDGE('',*,*,#6164,.T.);
#8221=ORIENTED_EDGE('',*,*,#6157,.T.);
#8222=ORIENTED_EDGE('',*,*,#6163,.F.);
#8223=ORIENTED_EDGE('',*,*,#6159,.F.);
#8224=ORIENTED_EDGE('',*,*,#6171,.T.);
#8225=ORIENTED_EDGE('',*,*,#6192,.F.);
#8226=ORIENTED_EDGE('',*,*,#6202,.T.);
#8227=ORIENTED_EDGE('',*,*,#6203,.T.);
#8228=ORIENTED_EDGE('',*,*,#6204,.T.);
#8229=ORIENTED_EDGE('',*,*,#6203,.F.);
#8230=ORIENTED_EDGE('',*,*,#6205,.F.);
#8231=ORIENTED_EDGE('',*,*,#6206,.F.);
#8232=ORIENTED_EDGE('',*,*,#6207,.F.);
#8233=ORIENTED_EDGE('',*,*,#6208,.F.);
#8234=ORIENTED_EDGE('',*,*,#6209,.F.);
#8235=ORIENTED_EDGE('',*,*,#6210,.F.);
#8236=ORIENTED_EDGE('',*,*,#6211,.F.);
#8237=ORIENTED_EDGE('',*,*,#6212,.T.);
#8238=ORIENTED_EDGE('',*,*,#6213,.T.);
#8239=ORIENTED_EDGE('',*,*,#6214,.T.);
#8240=ORIENTED_EDGE('',*,*,#6215,.T.);
#8241=ORIENTED_EDGE('',*,*,#6216,.T.);
#8242=ORIENTED_EDGE('',*,*,#6202,.F.);
#8243=ORIENTED_EDGE('',*,*,#6217,.F.);
#8244=ORIENTED_EDGE('',*,*,#6218,.T.);
#8245=ORIENTED_EDGE('',*,*,#6219,.T.);
#8246=ORIENTED_EDGE('',*,*,#6220,.F.);
#8247=ORIENTED_EDGE('',*,*,#6221,.T.);
#8248=ORIENTED_EDGE('',*,*,#6222,.T.);
#8249=ORIENTED_EDGE('',*,*,#6223,.F.);
#8250=ORIENTED_EDGE('',*,*,#6224,.F.);
#8251=ORIENTED_EDGE('',*,*,#6225,.T.);
#8252=ORIENTED_EDGE('',*,*,#6224,.T.);
#8253=ORIENTED_EDGE('',*,*,#6226,.T.);
#8254=ORIENTED_EDGE('',*,*,#6227,.T.);
#8255=ORIENTED_EDGE('',*,*,#6228,.T.);
#8256=ORIENTED_EDGE('',*,*,#6229,.T.);
#8257=ORIENTED_EDGE('',*,*,#6230,.T.);
#8258=ORIENTED_EDGE('',*,*,#6220,.T.);
#8259=ORIENTED_EDGE('',*,*,#6227,.F.);
#8260=ORIENTED_EDGE('',*,*,#6231,.F.);
#8261=ORIENTED_EDGE('',*,*,#6229,.F.);
#8262=ORIENTED_EDGE('',*,*,#6232,.T.);
#8263=ORIENTED_EDGE('',*,*,#6218,.F.);
#8264=ORIENTED_EDGE('',*,*,#6233,.F.);
#8265=ORIENTED_EDGE('',*,*,#6222,.F.);
#8266=ORIENTED_EDGE('',*,*,#6234,.F.);
#8267=ORIENTED_EDGE('',*,*,#6235,.F.);
#8268=ORIENTED_EDGE('',*,*,#6236,.F.);
#8269=ORIENTED_EDGE('',*,*,#6237,.F.);
#8270=ORIENTED_EDGE('',*,*,#6238,.T.);
#8271=ORIENTED_EDGE('',*,*,#6239,.F.);
#8272=ORIENTED_EDGE('',*,*,#6240,.T.);
#8273=ORIENTED_EDGE('',*,*,#6241,.F.);
#8274=ORIENTED_EDGE('',*,*,#6242,.T.);
#8275=ORIENTED_EDGE('',*,*,#6230,.F.);
#8276=ORIENTED_EDGE('',*,*,#6231,.T.);
#8277=ORIENTED_EDGE('',*,*,#6226,.F.);
#8278=ORIENTED_EDGE('',*,*,#6223,.T.);
#8279=ORIENTED_EDGE('',*,*,#6233,.T.);
#8280=ORIENTED_EDGE('',*,*,#6217,.T.);
#8281=ORIENTED_EDGE('',*,*,#6243,.T.);
#8282=ORIENTED_EDGE('',*,*,#6244,.T.);
#8283=ORIENTED_EDGE('',*,*,#6245,.T.);
#8284=ORIENTED_EDGE('',*,*,#6246,.T.);
#8285=ORIENTED_EDGE('',*,*,#6204,.F.);
#8286=ORIENTED_EDGE('',*,*,#6234,.T.);
#8287=ORIENTED_EDGE('',*,*,#6221,.F.);
#8288=ORIENTED_EDGE('',*,*,#6225,.F.);
#8289=ORIENTED_EDGE('',*,*,#6232,.F.);
#8290=ORIENTED_EDGE('',*,*,#6228,.F.);
#8291=ORIENTED_EDGE('',*,*,#6219,.F.);
#8292=ORIENTED_EDGE('',*,*,#6246,.F.);
#8293=ORIENTED_EDGE('',*,*,#6247,.T.);
#8294=ORIENTED_EDGE('',*,*,#6213,.F.);
#8295=ORIENTED_EDGE('',*,*,#6247,.F.);
#8296=ORIENTED_EDGE('',*,*,#6245,.F.);
#8297=ORIENTED_EDGE('',*,*,#6248,.T.);
#8298=ORIENTED_EDGE('',*,*,#6214,.F.);
#8299=ORIENTED_EDGE('',*,*,#6248,.F.);
#8300=ORIENTED_EDGE('',*,*,#6244,.F.);
#8301=ORIENTED_EDGE('',*,*,#6249,.T.);
#8302=ORIENTED_EDGE('',*,*,#6215,.F.);
#8303=ORIENTED_EDGE('',*,*,#6249,.F.);
#8304=ORIENTED_EDGE('',*,*,#6243,.F.);
#8305=ORIENTED_EDGE('',*,*,#6250,.T.);
#8306=ORIENTED_EDGE('',*,*,#6216,.F.);
#8307=ORIENTED_EDGE('',*,*,#6250,.F.);
#8308=ORIENTED_EDGE('',*,*,#6205,.T.);
#8309=ORIENTED_EDGE('',*,*,#6251,.T.);
#8310=ORIENTED_EDGE('',*,*,#6235,.T.);
#8311=ORIENTED_EDGE('',*,*,#6252,.T.);
#8312=ORIENTED_EDGE('',*,*,#6252,.F.);
#8313=ORIENTED_EDGE('',*,*,#6242,.F.);
#8314=ORIENTED_EDGE('',*,*,#6253,.F.);
#8315=ORIENTED_EDGE('',*,*,#6206,.T.);
#8316=ORIENTED_EDGE('',*,*,#6241,.T.);
#8317=ORIENTED_EDGE('',*,*,#6254,.T.);
#8318=ORIENTED_EDGE('',*,*,#6207,.T.);
#8319=ORIENTED_EDGE('',*,*,#6253,.T.);
#8320=ORIENTED_EDGE('',*,*,#6254,.F.);
#8321=ORIENTED_EDGE('',*,*,#6240,.F.);
#8322=ORIENTED_EDGE('',*,*,#6255,.F.);
#8323=ORIENTED_EDGE('',*,*,#6208,.T.);
#8324=ORIENTED_EDGE('',*,*,#6237,.T.);
#8325=ORIENTED_EDGE('',*,*,#6256,.T.);
#8326=ORIENTED_EDGE('',*,*,#6211,.T.);
#8327=ORIENTED_EDGE('',*,*,#6257,.T.);
#8328=ORIENTED_EDGE('',*,*,#6251,.F.);
#8329=ORIENTED_EDGE('',*,*,#6212,.F.);
#8330=ORIENTED_EDGE('',*,*,#6256,.F.);
#8331=ORIENTED_EDGE('',*,*,#6236,.T.);
#8332=ORIENTED_EDGE('',*,*,#6209,.T.);
#8333=ORIENTED_EDGE('',*,*,#6255,.T.);
#8334=ORIENTED_EDGE('',*,*,#6239,.T.);
#8335=ORIENTED_EDGE('',*,*,#6258,.T.);
#8336=ORIENTED_EDGE('',*,*,#6257,.F.);
#8337=ORIENTED_EDGE('',*,*,#6210,.T.);
#8338=ORIENTED_EDGE('',*,*,#6258,.F.);
#8339=ORIENTED_EDGE('',*,*,#6238,.F.);
#8340=ORIENTED_EDGE('',*,*,#6259,.F.);
#8341=ORIENTED_EDGE('',*,*,#6260,.T.);
#8342=ORIENTED_EDGE('',*,*,#6261,.F.);
#8343=ORIENTED_EDGE('',*,*,#6260,.F.);
#8344=ORIENTED_EDGE('',*,*,#6262,.F.);
#8345=ORIENTED_EDGE('',*,*,#6263,.T.);
#8346=ORIENTED_EDGE('',*,*,#6264,.F.);
#8347=ORIENTED_EDGE('',*,*,#6263,.F.);
#8348=ORIENTED_EDGE('',*,*,#6265,.F.);
#8349=ORIENTED_EDGE('',*,*,#6266,.T.);
#8350=ORIENTED_EDGE('',*,*,#6267,.F.);
#8351=ORIENTED_EDGE('',*,*,#6268,.F.);
#8352=ORIENTED_EDGE('',*,*,#6269,.F.);
#8353=ORIENTED_EDGE('',*,*,#6270,.T.);
#8354=ORIENTED_EDGE('',*,*,#6271,.F.);
#8355=ORIENTED_EDGE('',*,*,#6272,.F.);
#8356=ORIENTED_EDGE('',*,*,#6273,.T.);
#8357=ORIENTED_EDGE('',*,*,#6271,.T.);
#8358=ORIENTED_EDGE('',*,*,#6274,.T.);
#8359=ORIENTED_EDGE('',*,*,#6267,.T.);
#8360=ORIENTED_EDGE('',*,*,#6259,.T.);
#8361=ORIENTED_EDGE('',*,*,#6265,.T.);
#8362=ORIENTED_EDGE('',*,*,#6275,.F.);
#8363=ORIENTED_EDGE('',*,*,#6276,.T.);
#8364=ORIENTED_EDGE('',*,*,#6277,.F.);
#8365=ORIENTED_EDGE('',*,*,#6278,.T.);
#8366=ORIENTED_EDGE('',*,*,#6279,.T.);
#8367=ORIENTED_EDGE('',*,*,#6269,.T.);
#8368=ORIENTED_EDGE('',*,*,#6280,.F.);
#8369=ORIENTED_EDGE('',*,*,#6281,.T.);
#8370=ORIENTED_EDGE('',*,*,#6282,.F.);
#8371=ORIENTED_EDGE('',*,*,#6283,.T.);
#8372=ORIENTED_EDGE('',*,*,#6284,.F.);
#8373=ORIENTED_EDGE('',*,*,#6285,.T.);
#8374=ORIENTED_EDGE('',*,*,#6286,.F.);
#8375=ORIENTED_EDGE('',*,*,#6287,.F.);
#8376=ORIENTED_EDGE('',*,*,#6276,.F.);
#8377=ORIENTED_EDGE('',*,*,#6288,.T.);
#8378=ORIENTED_EDGE('',*,*,#6289,.F.);
#8379=ORIENTED_EDGE('',*,*,#6290,.F.);
#8380=ORIENTED_EDGE('',*,*,#6289,.T.);
#8381=ORIENTED_EDGE('',*,*,#6291,.T.);
#8382=ORIENTED_EDGE('',*,*,#6286,.T.);
#8383=ORIENTED_EDGE('',*,*,#6292,.T.);
#8384=ORIENTED_EDGE('',*,*,#6262,.T.);
#8385=ORIENTED_EDGE('',*,*,#6284,.T.);
#8386=ORIENTED_EDGE('',*,*,#6293,.F.);
#8387=ORIENTED_EDGE('',*,*,#6294,.T.);
#8388=ORIENTED_EDGE('',*,*,#6295,.F.);
#8389=ORIENTED_EDGE('',*,*,#6296,.T.);
#8390=ORIENTED_EDGE('',*,*,#6283,.F.);
#8391=ORIENTED_EDGE('',*,*,#6297,.T.);
#8392=ORIENTED_EDGE('',*,*,#6298,.F.);
#8393=ORIENTED_EDGE('',*,*,#6297,.F.);
#8394=ORIENTED_EDGE('',*,*,#6296,.F.);
#8395=ORIENTED_EDGE('',*,*,#6299,.T.);
#8396=ORIENTED_EDGE('',*,*,#6300,.F.);
#8397=ORIENTED_EDGE('',*,*,#6299,.F.);
#8398=ORIENTED_EDGE('',*,*,#6301,.F.);
#8399=ORIENTED_EDGE('',*,*,#6302,.F.);
#8400=ORIENTED_EDGE('',*,*,#6303,.F.);
#8401=ORIENTED_EDGE('',*,*,#6281,.F.);
#8402=ORIENTED_EDGE('',*,*,#6303,.T.);
#8403=ORIENTED_EDGE('',*,*,#6304,.F.);
#8404=ORIENTED_EDGE('',*,*,#6305,.T.);
#8405=ORIENTED_EDGE('',*,*,#6293,.T.);
#8406=ORIENTED_EDGE('',*,*,#6287,.T.);
#8407=ORIENTED_EDGE('',*,*,#6291,.F.);
#8408=ORIENTED_EDGE('',*,*,#6288,.F.);
#8409=ORIENTED_EDGE('',*,*,#6275,.T.);
#8410=ORIENTED_EDGE('',*,*,#6268,.T.);
#8411=ORIENTED_EDGE('',*,*,#6274,.F.);
#8412=ORIENTED_EDGE('',*,*,#6270,.F.);
#8413=ORIENTED_EDGE('',*,*,#6282,.T.);
#8414=ORIENTED_EDGE('',*,*,#6306,.F.);
#8415=ORIENTED_EDGE('',*,*,#6294,.F.);
#8416=ORIENTED_EDGE('',*,*,#6305,.F.);
#8417=ORIENTED_EDGE('',*,*,#6307,.F.);
#8418=ORIENTED_EDGE('',*,*,#6302,.T.);
#8419=ORIENTED_EDGE('',*,*,#6308,.T.);
#8420=ORIENTED_EDGE('',*,*,#6307,.T.);
#8421=ORIENTED_EDGE('',*,*,#6304,.T.);
#8422=ORIENTED_EDGE('',*,*,#6309,.T.);
#8423=ORIENTED_EDGE('',*,*,#6310,.T.);
#8424=ORIENTED_EDGE('',*,*,#6300,.T.);
#8425=ORIENTED_EDGE('',*,*,#6298,.T.);
#8426=ORIENTED_EDGE('',*,*,#6264,.T.);
#8427=ORIENTED_EDGE('',*,*,#6261,.T.);
#8428=ORIENTED_EDGE('',*,*,#6301,.T.);
#8429=ORIENTED_EDGE('',*,*,#6280,.T.);
#8430=ORIENTED_EDGE('',*,*,#6272,.T.);
#8431=ORIENTED_EDGE('',*,*,#6273,.F.);
#8432=ORIENTED_EDGE('',*,*,#6266,.F.);
#8433=ORIENTED_EDGE('',*,*,#6277,.T.);
#8434=ORIENTED_EDGE('',*,*,#6290,.T.);
#8435=ORIENTED_EDGE('',*,*,#6292,.F.);
#8436=ORIENTED_EDGE('',*,*,#6285,.F.);
#8437=ORIENTED_EDGE('',*,*,#6295,.T.);
#8438=ORIENTED_EDGE('',*,*,#6306,.T.);
#8439=ORIENTED_EDGE('',*,*,#6308,.F.);
#8440=ORIENTED_EDGE('',*,*,#6278,.F.);
#8441=ORIENTED_EDGE('',*,*,#6311,.T.);
#8442=ORIENTED_EDGE('',*,*,#6309,.F.);
#8443=ORIENTED_EDGE('',*,*,#6311,.F.);
#8444=ORIENTED_EDGE('',*,*,#6279,.F.);
#8445=ORIENTED_EDGE('',*,*,#6312,.T.);
#8446=ORIENTED_EDGE('',*,*,#6310,.F.);
#8447=ORIENTED_EDGE('',*,*,#6312,.F.);
#8448=ORIENTED_EDGE('',*,*,#6313,.T.);
#8449=ORIENTED_EDGE('',*,*,#6314,.F.);
#8450=ORIENTED_EDGE('',*,*,#6313,.F.);
#8451=ORIENTED_EDGE('',*,*,#6315,.F.);
#8452=ORIENTED_EDGE('',*,*,#6316,.T.);
#8453=ORIENTED_EDGE('',*,*,#6314,.T.);
#8454=ORIENTED_EDGE('',*,*,#6316,.F.);
#8455=ORIENTED_EDGE('',*,*,#6317,.T.);
#8456=ORIENTED_EDGE('',*,*,#6318,.F.);
#8457=ORIENTED_EDGE('',*,*,#6317,.F.);
#8458=ORIENTED_EDGE('',*,*,#6319,.F.);
#8459=ORIENTED_EDGE('',*,*,#6320,.T.);
#8460=ORIENTED_EDGE('',*,*,#6318,.T.);
#8461=ORIENTED_EDGE('',*,*,#6320,.F.);
#8462=ORIENTED_EDGE('',*,*,#6321,.F.);
#8463=ORIENTED_EDGE('',*,*,#6322,.F.);
#8464=ORIENTED_EDGE('',*,*,#6323,.F.);
#8465=ORIENTED_EDGE('',*,*,#6324,.F.);
#8466=ORIENTED_EDGE('',*,*,#6325,.T.);
#8467=ORIENTED_EDGE('',*,*,#6324,.T.);
#8468=ORIENTED_EDGE('',*,*,#6326,.T.);
#8469=ORIENTED_EDGE('',*,*,#6327,.F.);
#8470=ORIENTED_EDGE('',*,*,#6328,.F.);
#8471=ORIENTED_EDGE('',*,*,#6329,.F.);
#8472=ORIENTED_EDGE('',*,*,#6330,.T.);
#8473=ORIENTED_EDGE('',*,*,#6331,.F.);
#8474=ORIENTED_EDGE('',*,*,#6332,.T.);
#8475=ORIENTED_EDGE('',*,*,#6322,.T.);
#8476=ORIENTED_EDGE('',*,*,#6333,.T.);
#8477=ORIENTED_EDGE('',*,*,#6334,.F.);
#8478=ORIENTED_EDGE('',*,*,#6335,.T.);
#8479=ORIENTED_EDGE('',*,*,#6336,.F.);
#8480=ORIENTED_EDGE('',*,*,#6337,.T.);
#8481=ORIENTED_EDGE('',*,*,#6338,.F.);
#8482=ORIENTED_EDGE('',*,*,#6336,.T.);
#8483=ORIENTED_EDGE('',*,*,#6339,.T.);
#8484=ORIENTED_EDGE('',*,*,#6329,.T.);
#8485=ORIENTED_EDGE('',*,*,#6340,.T.);
#8486=ORIENTED_EDGE('',*,*,#6341,.F.);
#8487=ORIENTED_EDGE('',*,*,#6342,.F.);
#8488=ORIENTED_EDGE('',*,*,#6343,.F.);
#8489=ORIENTED_EDGE('',*,*,#6344,.T.);
#8490=ORIENTED_EDGE('',*,*,#6345,.F.);
#8491=ORIENTED_EDGE('',*,*,#6344,.F.);
#8492=ORIENTED_EDGE('',*,*,#6346,.F.);
#8493=ORIENTED_EDGE('',*,*,#6347,.T.);
#8494=ORIENTED_EDGE('',*,*,#6348,.F.);
#8495=ORIENTED_EDGE('',*,*,#6349,.F.);
#8496=ORIENTED_EDGE('',*,*,#6350,.F.);
#8497=ORIENTED_EDGE('',*,*,#6347,.F.);
#8498=ORIENTED_EDGE('',*,*,#6349,.T.);
#8499=ORIENTED_EDGE('',*,*,#6342,.T.);
#8500=ORIENTED_EDGE('',*,*,#6351,.T.);
#8501=ORIENTED_EDGE('',*,*,#6352,.T.);
#8502=ORIENTED_EDGE('',*,*,#6351,.F.);
#8503=ORIENTED_EDGE('',*,*,#6353,.F.);
#8504=ORIENTED_EDGE('',*,*,#6354,.F.);
#8505=ORIENTED_EDGE('',*,*,#6355,.F.);
#8506=ORIENTED_EDGE('',*,*,#6356,.T.);
#8507=ORIENTED_EDGE('',*,*,#6357,.F.);
#8508=ORIENTED_EDGE('',*,*,#6356,.F.);
#8509=ORIENTED_EDGE('',*,*,#6358,.F.);
#8510=ORIENTED_EDGE('',*,*,#6359,.T.);
#8511=ORIENTED_EDGE('',*,*,#6360,.F.);
#8512=ORIENTED_EDGE('',*,*,#6361,.F.);
#8513=ORIENTED_EDGE('',*,*,#6362,.F.);
#8514=ORIENTED_EDGE('',*,*,#6359,.F.);
#8515=ORIENTED_EDGE('',*,*,#6353,.T.);
#8516=ORIENTED_EDGE('',*,*,#6355,.T.);
#8517=ORIENTED_EDGE('',*,*,#6360,.T.);
#8518=ORIENTED_EDGE('',*,*,#6362,.T.);
#8519=ORIENTED_EDGE('',*,*,#6363,.T.);
#8520=ORIENTED_EDGE('',*,*,#6364,.T.);
#8521=ORIENTED_EDGE('',*,*,#6363,.F.);
#8522=ORIENTED_EDGE('',*,*,#6365,.T.);
#8523=ORIENTED_EDGE('',*,*,#6364,.F.);
#8524=ORIENTED_EDGE('',*,*,#6365,.F.);
#8525=ORIENTED_EDGE('',*,*,#6366,.F.);
#8526=ORIENTED_EDGE('',*,*,#6367,.T.);
#8527=ORIENTED_EDGE('',*,*,#6361,.T.);
#8528=ORIENTED_EDGE('',*,*,#6354,.T.);
#8529=ORIENTED_EDGE('',*,*,#6367,.F.);
#8530=ORIENTED_EDGE('',*,*,#6368,.T.);
#8531=ORIENTED_EDGE('',*,*,#6352,.F.);
#8532=ORIENTED_EDGE('',*,*,#6368,.F.);
#8533=ORIENTED_EDGE('',*,*,#6369,.F.);
#8534=ORIENTED_EDGE('',*,*,#6370,.T.);
#8535=ORIENTED_EDGE('',*,*,#6341,.T.);
#8536=ORIENTED_EDGE('',*,*,#6343,.T.);
#8537=ORIENTED_EDGE('',*,*,#6348,.T.);
#8538=ORIENTED_EDGE('',*,*,#6350,.T.);
#8539=ORIENTED_EDGE('',*,*,#6370,.F.);
#8540=ORIENTED_EDGE('',*,*,#6325,.F.);
#8541=ORIENTED_EDGE('',*,*,#6371,.F.);
#8542=ORIENTED_EDGE('',*,*,#6333,.F.);
#8543=ORIENTED_EDGE('',*,*,#6321,.T.);
#8544=ORIENTED_EDGE('',*,*,#6345,.T.);
#8545=ORIENTED_EDGE('',*,*,#6334,.T.);
#8546=ORIENTED_EDGE('',*,*,#6371,.T.);
#8547=ORIENTED_EDGE('',*,*,#6331,.T.);
#8548=ORIENTED_EDGE('',*,*,#6372,.T.);
#8549=ORIENTED_EDGE('',*,*,#6369,.T.);
#8550=ORIENTED_EDGE('',*,*,#6332,.F.);
#8551=ORIENTED_EDGE('',*,*,#6373,.F.);
#8552=ORIENTED_EDGE('',*,*,#6326,.F.);
#8553=ORIENTED_EDGE('',*,*,#6323,.T.);
#8554=ORIENTED_EDGE('',*,*,#6357,.T.);
#8555=ORIENTED_EDGE('',*,*,#6374,.T.);
#8556=ORIENTED_EDGE('',*,*,#6327,.T.);
#8557=ORIENTED_EDGE('',*,*,#6373,.T.);
#8558=ORIENTED_EDGE('',*,*,#6338,.T.);
#8559=ORIENTED_EDGE('',*,*,#6366,.T.);
#8560=ORIENTED_EDGE('',*,*,#6335,.F.);
#8561=ORIENTED_EDGE('',*,*,#6372,.F.);
#8562=ORIENTED_EDGE('',*,*,#6330,.F.);
#8563=ORIENTED_EDGE('',*,*,#6339,.F.);
#8564=ORIENTED_EDGE('',*,*,#6315,.T.);
#8565=ORIENTED_EDGE('',*,*,#6346,.T.);
#8566=ORIENTED_EDGE('',*,*,#6328,.T.);
#8567=ORIENTED_EDGE('',*,*,#6374,.F.);
#8568=ORIENTED_EDGE('',*,*,#6337,.F.);
#8569=ORIENTED_EDGE('',*,*,#6340,.F.);
#8570=ORIENTED_EDGE('',*,*,#6319,.T.);
#8571=ORIENTED_EDGE('',*,*,#6358,.T.);
#8572=ORIENTED_EDGE('',*,*,#6375,.F.);
#8573=ORIENTED_EDGE('',*,*,#6376,.T.);
#8574=ORIENTED_EDGE('',*,*,#6377,.F.);
#8575=ORIENTED_EDGE('',*,*,#6376,.F.);
#8576=ORIENTED_EDGE('',*,*,#6378,.F.);
#8577=ORIENTED_EDGE('',*,*,#6379,.T.);
#8578=ORIENTED_EDGE('',*,*,#6380,.F.);
#8579=ORIENTED_EDGE('',*,*,#6379,.F.);
#8580=ORIENTED_EDGE('',*,*,#6381,.F.);
#8581=ORIENTED_EDGE('',*,*,#6382,.F.);
#8582=ORIENTED_EDGE('',*,*,#6383,.F.);
#8583=ORIENTED_EDGE('',*,*,#6384,.F.);
#8584=ORIENTED_EDGE('',*,*,#6385,.T.);
#8585=ORIENTED_EDGE('',*,*,#6384,.T.);
#8586=ORIENTED_EDGE('',*,*,#6386,.T.);
#8587=ORIENTED_EDGE('',*,*,#6387,.T.);
#8588=ORIENTED_EDGE('',*,*,#6388,.F.);
#8589=ORIENTED_EDGE('',*,*,#6389,.F.);
#8590=ORIENTED_EDGE('',*,*,#6390,.T.);
#8591=ORIENTED_EDGE('',*,*,#6391,.T.);
#8592=ORIENTED_EDGE('',*,*,#6375,.T.);
#8593=ORIENTED_EDGE('',*,*,#6378,.T.);
#8594=ORIENTED_EDGE('',*,*,#6392,.T.);
#8595=ORIENTED_EDGE('',*,*,#6393,.T.);
#8596=ORIENTED_EDGE('',*,*,#6394,.T.);
#8597=ORIENTED_EDGE('',*,*,#6395,.T.);
#8598=ORIENTED_EDGE('',*,*,#6389,.T.);
#8599=ORIENTED_EDGE('',*,*,#6396,.T.);
#8600=ORIENTED_EDGE('',*,*,#6397,.F.);
#8601=ORIENTED_EDGE('',*,*,#6398,.T.);
#8602=ORIENTED_EDGE('',*,*,#6399,.F.);
#8603=ORIENTED_EDGE('',*,*,#6398,.F.);
#8604=ORIENTED_EDGE('',*,*,#6400,.F.);
#8605=ORIENTED_EDGE('',*,*,#6401,.T.);
#8606=ORIENTED_EDGE('',*,*,#6402,.F.);
#8607=ORIENTED_EDGE('',*,*,#6401,.F.);
#8608=ORIENTED_EDGE('',*,*,#6403,.F.);
#8609=ORIENTED_EDGE('',*,*,#6404,.T.);
#8610=ORIENTED_EDGE('',*,*,#6405,.F.);
#8611=ORIENTED_EDGE('',*,*,#6404,.F.);
#8612=ORIENTED_EDGE('',*,*,#6406,.F.);
#8613=ORIENTED_EDGE('',*,*,#6407,.F.);
#8614=ORIENTED_EDGE('',*,*,#6408,.F.);
#8615=ORIENTED_EDGE('',*,*,#6409,.T.);
#8616=ORIENTED_EDGE('',*,*,#6410,.F.);
#8617=ORIENTED_EDGE('',*,*,#6411,.F.);
#8618=ORIENTED_EDGE('',*,*,#6412,.T.);
#8619=ORIENTED_EDGE('',*,*,#6413,.F.);
#8620=ORIENTED_EDGE('',*,*,#6412,.F.);
#8621=ORIENTED_EDGE('',*,*,#6414,.F.);
#8622=ORIENTED_EDGE('',*,*,#6415,.F.);
#8623=ORIENTED_EDGE('',*,*,#6409,.F.);
#8624=ORIENTED_EDGE('',*,*,#6416,.F.);
#8625=ORIENTED_EDGE('',*,*,#6387,.F.);
#8626=ORIENTED_EDGE('',*,*,#6417,.F.);
#8627=ORIENTED_EDGE('',*,*,#6418,.F.);
#8628=ORIENTED_EDGE('',*,*,#6419,.F.);
#8629=ORIENTED_EDGE('',*,*,#6420,.T.);
#8630=ORIENTED_EDGE('',*,*,#6421,.T.);
#8631=ORIENTED_EDGE('',*,*,#6422,.T.);
#8632=ORIENTED_EDGE('',*,*,#6394,.F.);
#8633=ORIENTED_EDGE('',*,*,#6423,.T.);
#8634=ORIENTED_EDGE('',*,*,#6418,.T.);
#8635=ORIENTED_EDGE('',*,*,#6424,.T.);
#8636=ORIENTED_EDGE('',*,*,#6382,.T.);
#8637=ORIENTED_EDGE('',*,*,#6377,.T.);
#8638=ORIENTED_EDGE('',*,*,#6380,.T.);
#8639=ORIENTED_EDGE('',*,*,#6425,.T.);
#8640=ORIENTED_EDGE('',*,*,#6426,.T.);
#8641=ORIENTED_EDGE('',*,*,#6417,.T.);
#8642=ORIENTED_EDGE('',*,*,#6386,.F.);
#8643=ORIENTED_EDGE('',*,*,#6383,.T.);
#8644=ORIENTED_EDGE('',*,*,#6424,.F.);
#8645=ORIENTED_EDGE('',*,*,#6402,.T.);
#8646=ORIENTED_EDGE('',*,*,#6405,.T.);
#8647=ORIENTED_EDGE('',*,*,#6421,.F.);
#8648=ORIENTED_EDGE('',*,*,#6427,.F.);
#8649=ORIENTED_EDGE('',*,*,#6391,.F.);
#8650=ORIENTED_EDGE('',*,*,#6428,.F.);
#8651=ORIENTED_EDGE('',*,*,#6429,.F.);
#8652=ORIENTED_EDGE('',*,*,#6428,.T.);
#8653=ORIENTED_EDGE('',*,*,#6390,.F.);
#8654=ORIENTED_EDGE('',*,*,#6395,.F.);
#8655=ORIENTED_EDGE('',*,*,#6422,.F.);
#8656=ORIENTED_EDGE('',*,*,#6397,.T.);
#8657=ORIENTED_EDGE('',*,*,#6408,.T.);
#8658=ORIENTED_EDGE('',*,*,#6426,.F.);
#8659=ORIENTED_EDGE('',*,*,#6430,.T.);
#8660=ORIENTED_EDGE('',*,*,#6392,.F.);
#8661=ORIENTED_EDGE('',*,*,#6430,.F.);
#8662=ORIENTED_EDGE('',*,*,#6425,.F.);
#8663=ORIENTED_EDGE('',*,*,#6431,.T.);
#8664=ORIENTED_EDGE('',*,*,#6393,.F.);
#8665=ORIENTED_EDGE('',*,*,#6431,.F.);
#8666=ORIENTED_EDGE('',*,*,#6429,.T.);
#8667=ORIENTED_EDGE('',*,*,#6432,.T.);
#8668=ORIENTED_EDGE('',*,*,#6414,.T.);
#8669=ORIENTED_EDGE('',*,*,#6411,.T.);
#8670=ORIENTED_EDGE('',*,*,#6410,.T.);
#8671=ORIENTED_EDGE('',*,*,#6415,.T.);
#8672=ORIENTED_EDGE('',*,*,#6432,.F.);
#8673=ORIENTED_EDGE('',*,*,#6419,.T.);
#8674=ORIENTED_EDGE('',*,*,#6433,.T.);
#8675=ORIENTED_EDGE('',*,*,#6406,.T.);
#8676=ORIENTED_EDGE('',*,*,#6407,.T.);
#8677=ORIENTED_EDGE('',*,*,#6433,.F.);
#8678=ORIENTED_EDGE('',*,*,#6427,.T.);
#8679=ORIENTED_EDGE('',*,*,#6420,.F.);
#8680=ORIENTED_EDGE('',*,*,#6381,.T.);
#8681=ORIENTED_EDGE('',*,*,#6385,.F.);
#8682=ORIENTED_EDGE('',*,*,#6399,.T.);
#8683=ORIENTED_EDGE('',*,*,#6413,.T.);
#8684=ORIENTED_EDGE('',*,*,#6416,.T.);
#8685=ORIENTED_EDGE('',*,*,#6423,.F.);
#8686=ORIENTED_EDGE('',*,*,#6396,.F.);
#8687=ORIENTED_EDGE('',*,*,#6388,.T.);
#8688=ORIENTED_EDGE('',*,*,#6400,.T.);
#8689=ORIENTED_EDGE('',*,*,#6403,.T.);
#8690=ORIENTED_EDGE('',*,*,#6434,.T.);
#8691=ORIENTED_EDGE('',*,*,#6435,.T.);
#8692=ORIENTED_EDGE('',*,*,#6436,.T.);
#8693=ORIENTED_EDGE('',*,*,#6437,.T.);
#8694=ORIENTED_EDGE('',*,*,#6436,.F.);
#8695=ORIENTED_EDGE('',*,*,#6438,.T.);
#8696=ORIENTED_EDGE('',*,*,#6439,.F.);
#8697=ORIENTED_EDGE('',*,*,#6440,.T.);
#8698=ORIENTED_EDGE('',*,*,#6441,.F.);
#8699=ORIENTED_EDGE('',*,*,#6442,.T.);
#8700=ORIENTED_EDGE('',*,*,#6443,.F.);
#8701=ORIENTED_EDGE('',*,*,#6444,.T.);
#8702=ORIENTED_EDGE('',*,*,#6445,.F.);
#8703=ORIENTED_EDGE('',*,*,#6446,.F.);
#8704=ORIENTED_EDGE('',*,*,#6447,.F.);
#8705=ORIENTED_EDGE('',*,*,#6448,.F.);
#8706=ORIENTED_EDGE('',*,*,#6435,.F.);
#8707=ORIENTED_EDGE('',*,*,#6449,.F.);
#8708=ORIENTED_EDGE('',*,*,#6450,.F.);
#8709=ORIENTED_EDGE('',*,*,#6438,.F.);
#8710=ORIENTED_EDGE('',*,*,#6439,.T.);
#8711=ORIENTED_EDGE('',*,*,#6450,.T.);
#8712=ORIENTED_EDGE('',*,*,#6451,.T.);
#8713=ORIENTED_EDGE('',*,*,#6452,.T.);
#8714=ORIENTED_EDGE('',*,*,#6453,.T.);
#8715=ORIENTED_EDGE('',*,*,#6454,.T.);
#8716=ORIENTED_EDGE('',*,*,#6443,.T.);
#8717=ORIENTED_EDGE('',*,*,#6455,.T.);
#8718=ORIENTED_EDGE('',*,*,#6455,.F.);
#8719=ORIENTED_EDGE('',*,*,#6442,.F.);
#8720=ORIENTED_EDGE('',*,*,#6456,.F.);
#8721=ORIENTED_EDGE('',*,*,#6457,.F.);
#8722=ORIENTED_EDGE('',*,*,#6441,.T.);
#8723=ORIENTED_EDGE('',*,*,#6458,.T.);
#8724=ORIENTED_EDGE('',*,*,#6459,.T.);
#8725=ORIENTED_EDGE('',*,*,#6456,.T.);
#8726=ORIENTED_EDGE('',*,*,#6437,.F.);
#8727=ORIENTED_EDGE('',*,*,#6444,.F.);
#8728=ORIENTED_EDGE('',*,*,#6454,.F.);
#8729=ORIENTED_EDGE('',*,*,#6460,.F.);
#8730=ORIENTED_EDGE('',*,*,#6452,.F.);
#8731=ORIENTED_EDGE('',*,*,#6461,.F.);
#8732=ORIENTED_EDGE('',*,*,#6458,.F.);
#8733=ORIENTED_EDGE('',*,*,#6440,.F.);
#8734=ORIENTED_EDGE('',*,*,#6434,.F.);
#8735=ORIENTED_EDGE('',*,*,#6460,.T.);
#8736=ORIENTED_EDGE('',*,*,#6453,.F.);
#8737=ORIENTED_EDGE('',*,*,#6457,.T.);
#8738=ORIENTED_EDGE('',*,*,#6459,.F.);
#8739=ORIENTED_EDGE('',*,*,#6461,.T.);
#8740=ORIENTED_EDGE('',*,*,#6451,.F.);
#8741=ORIENTED_EDGE('',*,*,#6449,.T.);
#8742=ORIENTED_EDGE('',*,*,#6462,.F.);
#8743=ORIENTED_EDGE('',*,*,#6463,.F.);
#8744=ORIENTED_EDGE('',*,*,#6464,.F.);
#8745=ORIENTED_EDGE('',*,*,#6465,.F.);
#8746=ORIENTED_EDGE('',*,*,#6466,.F.);
#8747=ORIENTED_EDGE('',*,*,#6462,.T.);
#8748=ORIENTED_EDGE('',*,*,#6467,.F.);
#8749=ORIENTED_EDGE('',*,*,#6448,.T.);
#8750=ORIENTED_EDGE('',*,*,#6467,.T.);
#8751=ORIENTED_EDGE('',*,*,#6465,.T.);
#8752=ORIENTED_EDGE('',*,*,#6468,.T.);
#8753=ORIENTED_EDGE('',*,*,#6445,.T.);
#8754=ORIENTED_EDGE('',*,*,#6466,.T.);
#8755=ORIENTED_EDGE('',*,*,#6447,.T.);
#8756=ORIENTED_EDGE('',*,*,#6469,.F.);
#8757=ORIENTED_EDGE('',*,*,#6463,.T.);
#8758=ORIENTED_EDGE('',*,*,#6469,.T.);
#8759=ORIENTED_EDGE('',*,*,#6446,.T.);
#8760=ORIENTED_EDGE('',*,*,#6468,.F.);
#8761=ORIENTED_EDGE('',*,*,#6464,.T.);
#8762=ORIENTED_EDGE('',*,*,#6470,.T.);
#8763=ORIENTED_EDGE('',*,*,#6471,.T.);
#8764=ORIENTED_EDGE('',*,*,#6472,.T.);
#8765=ORIENTED_EDGE('',*,*,#6473,.T.);
#8766=ORIENTED_EDGE('',*,*,#6470,.F.);
#8767=ORIENTED_EDGE('',*,*,#6474,.T.);
#8768=ORIENTED_EDGE('',*,*,#6475,.F.);
#8769=ORIENTED_EDGE('',*,*,#6476,.T.);
#8770=ORIENTED_EDGE('',*,*,#6477,.F.);
#8771=ORIENTED_EDGE('',*,*,#6478,.F.);
#8772=ORIENTED_EDGE('',*,*,#6479,.F.);
#8773=ORIENTED_EDGE('',*,*,#6480,.F.);
#8774=ORIENTED_EDGE('',*,*,#6481,.T.);
#8775=ORIENTED_EDGE('',*,*,#6482,.T.);
#8776=ORIENTED_EDGE('',*,*,#6483,.T.);
#8777=ORIENTED_EDGE('',*,*,#6484,.T.);
#8778=ORIENTED_EDGE('',*,*,#6473,.F.);
#8779=ORIENTED_EDGE('',*,*,#6485,.F.);
#8780=ORIENTED_EDGE('',*,*,#6486,.F.);
#8781=ORIENTED_EDGE('',*,*,#6474,.F.);
#8782=ORIENTED_EDGE('',*,*,#6487,.T.);
#8783=ORIENTED_EDGE('',*,*,#6488,.T.);
#8784=ORIENTED_EDGE('',*,*,#6475,.T.);
#8785=ORIENTED_EDGE('',*,*,#6486,.T.);
#8786=ORIENTED_EDGE('',*,*,#6479,.T.);
#8787=ORIENTED_EDGE('',*,*,#6489,.T.);
#8788=ORIENTED_EDGE('',*,*,#6490,.T.);
#8789=ORIENTED_EDGE('',*,*,#6491,.T.);
#8790=ORIENTED_EDGE('',*,*,#6489,.F.);
#8791=ORIENTED_EDGE('',*,*,#6478,.T.);
#8792=ORIENTED_EDGE('',*,*,#6492,.F.);
#8793=ORIENTED_EDGE('',*,*,#6493,.T.);
#8794=ORIENTED_EDGE('',*,*,#6494,.T.);
#8795=ORIENTED_EDGE('',*,*,#6492,.T.);
#8796=ORIENTED_EDGE('',*,*,#6477,.T.);
#8797=ORIENTED_EDGE('',*,*,#6495,.T.);
#8798=ORIENTED_EDGE('',*,*,#6488,.F.);
#8799=ORIENTED_EDGE('',*,*,#6496,.T.);
#8800=ORIENTED_EDGE('',*,*,#6495,.F.);
#8801=ORIENTED_EDGE('',*,*,#6476,.F.);
#8802=ORIENTED_EDGE('',*,*,#6497,.F.);
#8803=ORIENTED_EDGE('',*,*,#6498,.F.);
#8804=ORIENTED_EDGE('',*,*,#6482,.F.);
#8805=ORIENTED_EDGE('',*,*,#6499,.F.);
#8806=ORIENTED_EDGE('',*,*,#6481,.F.);
#8807=ORIENTED_EDGE('',*,*,#6500,.F.);
#8808=ORIENTED_EDGE('',*,*,#6501,.F.);
#8809=ORIENTED_EDGE('',*,*,#6499,.T.);
#8810=ORIENTED_EDGE('',*,*,#6483,.F.);
#8811=ORIENTED_EDGE('',*,*,#6498,.T.);
#8812=ORIENTED_EDGE('',*,*,#6502,.F.);
#8813=ORIENTED_EDGE('',*,*,#6503,.F.);
#8814=ORIENTED_EDGE('',*,*,#6484,.F.);
#8815=ORIENTED_EDGE('',*,*,#6503,.T.);
#8816=ORIENTED_EDGE('',*,*,#6504,.F.);
#8817=ORIENTED_EDGE('',*,*,#6500,.T.);
#8818=ORIENTED_EDGE('',*,*,#6471,.F.);
#8819=ORIENTED_EDGE('',*,*,#6480,.T.);
#8820=ORIENTED_EDGE('',*,*,#6491,.F.);
#8821=ORIENTED_EDGE('',*,*,#6505,.F.);
#8822=ORIENTED_EDGE('',*,*,#6472,.F.);
#8823=ORIENTED_EDGE('',*,*,#6505,.T.);
#8824=ORIENTED_EDGE('',*,*,#6490,.F.);
#8825=ORIENTED_EDGE('',*,*,#6493,.F.);
#8826=ORIENTED_EDGE('',*,*,#6494,.F.);
#8827=ORIENTED_EDGE('',*,*,#6496,.F.);
#8828=ORIENTED_EDGE('',*,*,#6487,.F.);
#8829=ORIENTED_EDGE('',*,*,#6485,.T.);
#8830=ORIENTED_EDGE('',*,*,#6501,.T.);
#8831=ORIENTED_EDGE('',*,*,#6504,.T.);
#8832=ORIENTED_EDGE('',*,*,#6502,.T.);
#8833=ORIENTED_EDGE('',*,*,#6497,.T.);
#8834=ORIENTED_EDGE('',*,*,#6506,.T.);
#8835=ORIENTED_EDGE('',*,*,#6507,.T.);
#8836=ORIENTED_EDGE('',*,*,#6508,.T.);
#8837=ORIENTED_EDGE('',*,*,#6509,.T.);
#8838=ORIENTED_EDGE('',*,*,#6509,.F.);
#8839=ORIENTED_EDGE('',*,*,#6510,.F.);
#8840=ORIENTED_EDGE('',*,*,#6511,.F.);
#8841=ORIENTED_EDGE('',*,*,#6512,.T.);
#8842=ORIENTED_EDGE('',*,*,#6508,.F.);
#8843=ORIENTED_EDGE('',*,*,#6513,.F.);
#8844=ORIENTED_EDGE('',*,*,#6514,.F.);
#8845=ORIENTED_EDGE('',*,*,#6515,.T.);
#8846=ORIENTED_EDGE('',*,*,#6516,.F.);
#8847=ORIENTED_EDGE('',*,*,#6517,.T.);
#8848=ORIENTED_EDGE('',*,*,#6518,.F.);
#8849=ORIENTED_EDGE('',*,*,#6510,.T.);
#8850=ORIENTED_EDGE('',*,*,#6519,.T.);
#8851=ORIENTED_EDGE('',*,*,#6520,.T.);
#8852=ORIENTED_EDGE('',*,*,#6521,.T.);
#8853=ORIENTED_EDGE('',*,*,#6522,.T.);
#8854=ORIENTED_EDGE('',*,*,#6523,.T.);
#8855=ORIENTED_EDGE('',*,*,#6511,.T.);
#8856=ORIENTED_EDGE('',*,*,#6518,.T.);
#8857=ORIENTED_EDGE('',*,*,#6524,.T.);
#8858=ORIENTED_EDGE('',*,*,#6524,.F.);
#8859=ORIENTED_EDGE('',*,*,#6517,.F.);
#8860=ORIENTED_EDGE('',*,*,#6525,.F.);
#8861=ORIENTED_EDGE('',*,*,#6526,.T.);
#8862=ORIENTED_EDGE('',*,*,#6514,.T.);
#8863=ORIENTED_EDGE('',*,*,#6527,.T.);
#8864=ORIENTED_EDGE('',*,*,#6528,.T.);
#8865=ORIENTED_EDGE('',*,*,#6529,.T.);
#8866=ORIENTED_EDGE('',*,*,#6529,.F.);
#8867=ORIENTED_EDGE('',*,*,#6530,.F.);
#8868=ORIENTED_EDGE('',*,*,#6531,.F.);
#8869=ORIENTED_EDGE('',*,*,#6515,.F.);
#8870=ORIENTED_EDGE('',*,*,#6532,.T.);
#8871=ORIENTED_EDGE('',*,*,#6525,.T.);
#8872=ORIENTED_EDGE('',*,*,#6516,.T.);
#8873=ORIENTED_EDGE('',*,*,#6531,.T.);
#8874=ORIENTED_EDGE('',*,*,#6533,.F.);
#8875=ORIENTED_EDGE('',*,*,#6534,.F.);
#8876=ORIENTED_EDGE('',*,*,#6520,.F.);
#8877=ORIENTED_EDGE('',*,*,#6535,.F.);
#8878=ORIENTED_EDGE('',*,*,#6521,.F.);
#8879=ORIENTED_EDGE('',*,*,#6534,.T.);
#8880=ORIENTED_EDGE('',*,*,#6536,.F.);
#8881=ORIENTED_EDGE('',*,*,#6537,.F.);
#8882=ORIENTED_EDGE('',*,*,#6538,.F.);
#8883=ORIENTED_EDGE('',*,*,#6539,.F.);
#8884=ORIENTED_EDGE('',*,*,#6522,.F.);
#8885=ORIENTED_EDGE('',*,*,#6537,.T.);
#8886=ORIENTED_EDGE('',*,*,#6540,.F.);
#8887=ORIENTED_EDGE('',*,*,#6535,.T.);
#8888=ORIENTED_EDGE('',*,*,#6519,.F.);
#8889=ORIENTED_EDGE('',*,*,#6539,.T.);
#8890=ORIENTED_EDGE('',*,*,#6507,.F.);
#8891=ORIENTED_EDGE('',*,*,#6541,.T.);
#8892=ORIENTED_EDGE('',*,*,#6527,.F.);
#8893=ORIENTED_EDGE('',*,*,#6513,.T.);
#8894=ORIENTED_EDGE('',*,*,#6506,.F.);
#8895=ORIENTED_EDGE('',*,*,#6512,.F.);
#8896=ORIENTED_EDGE('',*,*,#6523,.F.);
#8897=ORIENTED_EDGE('',*,*,#6526,.F.);
#8898=ORIENTED_EDGE('',*,*,#6532,.F.);
#8899=ORIENTED_EDGE('',*,*,#6530,.T.);
#8900=ORIENTED_EDGE('',*,*,#6528,.F.);
#8901=ORIENTED_EDGE('',*,*,#6541,.F.);
#8902=ORIENTED_EDGE('',*,*,#6540,.T.);
#8903=ORIENTED_EDGE('',*,*,#6538,.T.);
#8904=ORIENTED_EDGE('',*,*,#6536,.T.);
#8905=ORIENTED_EDGE('',*,*,#6533,.T.);
#8906=ORIENTED_EDGE('',*,*,#6542,.F.);
#8907=ORIENTED_EDGE('',*,*,#6543,.T.);
#8908=ORIENTED_EDGE('',*,*,#6544,.F.);
#8909=ORIENTED_EDGE('',*,*,#6545,.T.);
#8910=ORIENTED_EDGE('',*,*,#6542,.T.);
#8911=ORIENTED_EDGE('',*,*,#6545,.F.);
#8912=ORIENTED_EDGE('',*,*,#6543,.F.);
#8913=ORIENTED_EDGE('',*,*,#6546,.T.);
#8914=ORIENTED_EDGE('',*,*,#6547,.F.);
#8915=ORIENTED_EDGE('',*,*,#6546,.F.);
#8916=ORIENTED_EDGE('',*,*,#6548,.F.);
#8917=ORIENTED_EDGE('',*,*,#6549,.T.);
#8918=ORIENTED_EDGE('',*,*,#6550,.F.);
#8919=ORIENTED_EDGE('',*,*,#6551,.T.);
#8920=ORIENTED_EDGE('',*,*,#6548,.T.);
#8921=ORIENTED_EDGE('',*,*,#6551,.F.);
#8922=ORIENTED_EDGE('',*,*,#6549,.F.);
#8923=ORIENTED_EDGE('',*,*,#6552,.T.);
#8924=ORIENTED_EDGE('',*,*,#6553,.F.);
#8925=ORIENTED_EDGE('',*,*,#6552,.F.);
#8926=ORIENTED_EDGE('',*,*,#6554,.F.);
#8927=ORIENTED_EDGE('',*,*,#6555,.T.);
#8928=ORIENTED_EDGE('',*,*,#6556,.F.);
#8929=ORIENTED_EDGE('',*,*,#6557,.T.);
#8930=ORIENTED_EDGE('',*,*,#6554,.T.);
#8931=ORIENTED_EDGE('',*,*,#6557,.F.);
#8932=ORIENTED_EDGE('',*,*,#6555,.F.);
#8933=ORIENTED_EDGE('',*,*,#6558,.T.);
#8934=ORIENTED_EDGE('',*,*,#6559,.F.);
#8935=ORIENTED_EDGE('',*,*,#6558,.F.);
#8936=ORIENTED_EDGE('',*,*,#6560,.F.);
#8937=ORIENTED_EDGE('',*,*,#6561,.T.);
#8938=ORIENTED_EDGE('',*,*,#6562,.F.);
#8939=ORIENTED_EDGE('',*,*,#6563,.T.);
#8940=ORIENTED_EDGE('',*,*,#6560,.T.);
#8941=ORIENTED_EDGE('',*,*,#6563,.F.);
#8942=ORIENTED_EDGE('',*,*,#6561,.F.);
#8943=ORIENTED_EDGE('',*,*,#6564,.T.);
#8944=ORIENTED_EDGE('',*,*,#6565,.F.);
#8945=ORIENTED_EDGE('',*,*,#6564,.F.);
#8946=ORIENTED_EDGE('',*,*,#6566,.T.);
#8947=ORIENTED_EDGE('',*,*,#6567,.T.);
#8948=ORIENTED_EDGE('',*,*,#6568,.T.);
#8949=ORIENTED_EDGE('',*,*,#6569,.T.);
#8950=ORIENTED_EDGE('',*,*,#6567,.F.);
#8951=ORIENTED_EDGE('',*,*,#6570,.T.);
#8952=ORIENTED_EDGE('',*,*,#6571,.F.);
#8953=ORIENTED_EDGE('',*,*,#6572,.T.);
#8954=ORIENTED_EDGE('',*,*,#6573,.T.);
#8955=ORIENTED_EDGE('',*,*,#6571,.T.);
#8956=ORIENTED_EDGE('',*,*,#6574,.T.);
#8957=ORIENTED_EDGE('',*,*,#6575,.T.);
#8958=ORIENTED_EDGE('',*,*,#6576,.F.);
#8959=ORIENTED_EDGE('',*,*,#6577,.F.);
#8960=ORIENTED_EDGE('',*,*,#6578,.F.);
#8961=ORIENTED_EDGE('',*,*,#6579,.T.);
#8962=ORIENTED_EDGE('',*,*,#6580,.F.);
#8963=ORIENTED_EDGE('',*,*,#6581,.T.);
#8964=ORIENTED_EDGE('',*,*,#6582,.F.);
#8965=ORIENTED_EDGE('',*,*,#6583,.F.);
#8966=ORIENTED_EDGE('',*,*,#6547,.T.);
#8967=ORIENTED_EDGE('',*,*,#6553,.T.);
#8968=ORIENTED_EDGE('',*,*,#6559,.T.);
#8969=ORIENTED_EDGE('',*,*,#6565,.T.);
#8970=ORIENTED_EDGE('',*,*,#6574,.F.);
#8971=ORIENTED_EDGE('',*,*,#6570,.F.);
#8972=ORIENTED_EDGE('',*,*,#6566,.F.);
#8973=ORIENTED_EDGE('',*,*,#6584,.F.);
#8974=ORIENTED_EDGE('',*,*,#6585,.F.);
#8975=ORIENTED_EDGE('',*,*,#6586,.F.);
#8976=ORIENTED_EDGE('',*,*,#6587,.F.);
#8977=ORIENTED_EDGE('',*,*,#6588,.F.);
#8978=ORIENTED_EDGE('',*,*,#6589,.F.);
#8979=ORIENTED_EDGE('',*,*,#6590,.F.);
#8980=ORIENTED_EDGE('',*,*,#6591,.F.);
#8981=ORIENTED_EDGE('',*,*,#6592,.T.);
#8982=ORIENTED_EDGE('',*,*,#6593,.F.);
#8983=ORIENTED_EDGE('',*,*,#6594,.F.);
#8984=ORIENTED_EDGE('',*,*,#6595,.F.);
#8985=ORIENTED_EDGE('',*,*,#6596,.T.);
#8986=ORIENTED_EDGE('',*,*,#6597,.F.);
#8987=ORIENTED_EDGE('',*,*,#6598,.T.);
#8988=ORIENTED_EDGE('',*,*,#6599,.F.);
#8989=ORIENTED_EDGE('',*,*,#6600,.T.);
#8990=ORIENTED_EDGE('',*,*,#6601,.F.);
#8991=ORIENTED_EDGE('',*,*,#6602,.F.);
#8992=ORIENTED_EDGE('',*,*,#6603,.F.);
#8993=ORIENTED_EDGE('',*,*,#6604,.T.);
#8994=ORIENTED_EDGE('',*,*,#6605,.T.);
#8995=ORIENTED_EDGE('',*,*,#6606,.T.);
#8996=ORIENTED_EDGE('',*,*,#6603,.T.);
#8997=ORIENTED_EDGE('',*,*,#6607,.T.);
#8998=ORIENTED_EDGE('',*,*,#6575,.F.);
#8999=ORIENTED_EDGE('',*,*,#6604,.F.);
#9000=ORIENTED_EDGE('',*,*,#6606,.F.);
#9001=ORIENTED_EDGE('',*,*,#6608,.T.);
#9002=ORIENTED_EDGE('',*,*,#6607,.F.);
#9003=ORIENTED_EDGE('',*,*,#6602,.T.);
#9004=ORIENTED_EDGE('',*,*,#6609,.F.);
#9005=ORIENTED_EDGE('',*,*,#6610,.F.);
#9006=ORIENTED_EDGE('',*,*,#6589,.T.);
#9007=ORIENTED_EDGE('',*,*,#6611,.T.);
#9008=ORIENTED_EDGE('',*,*,#6612,.T.);
#9009=ORIENTED_EDGE('',*,*,#6613,.T.);
#9010=ORIENTED_EDGE('',*,*,#6611,.F.);
#9011=ORIENTED_EDGE('',*,*,#6588,.T.);
#9012=ORIENTED_EDGE('',*,*,#6614,.F.);
#9013=ORIENTED_EDGE('',*,*,#6615,.F.);
#9014=ORIENTED_EDGE('',*,*,#6587,.T.);
#9015=ORIENTED_EDGE('',*,*,#6616,.T.);
#9016=ORIENTED_EDGE('',*,*,#6617,.T.);
#9017=ORIENTED_EDGE('',*,*,#6614,.T.);
#9018=ORIENTED_EDGE('',*,*,#6618,.T.);
#9019=ORIENTED_EDGE('',*,*,#6619,.T.);
#9020=ORIENTED_EDGE('',*,*,#6585,.T.);
#9021=ORIENTED_EDGE('',*,*,#6620,.T.);
#9022=ORIENTED_EDGE('',*,*,#6616,.F.);
#9023=ORIENTED_EDGE('',*,*,#6586,.T.);
#9024=ORIENTED_EDGE('',*,*,#6619,.F.);
#9025=ORIENTED_EDGE('',*,*,#6621,.T.);
#9026=ORIENTED_EDGE('',*,*,#6613,.F.);
#9027=ORIENTED_EDGE('',*,*,#6622,.F.);
#9028=ORIENTED_EDGE('',*,*,#6623,.F.);
#9029=ORIENTED_EDGE('',*,*,#6590,.T.);
#9030=ORIENTED_EDGE('',*,*,#6595,.T.);
#9031=ORIENTED_EDGE('',*,*,#6624,.T.);
#9032=ORIENTED_EDGE('',*,*,#6625,.T.);
#9033=ORIENTED_EDGE('',*,*,#6626,.T.);
#9034=ORIENTED_EDGE('',*,*,#6624,.F.);
#9035=ORIENTED_EDGE('',*,*,#6594,.T.);
#9036=ORIENTED_EDGE('',*,*,#6627,.F.);
#9037=ORIENTED_EDGE('',*,*,#6628,.T.);
#9038=ORIENTED_EDGE('',*,*,#6629,.T.);
#9039=ORIENTED_EDGE('',*,*,#6627,.T.);
#9040=ORIENTED_EDGE('',*,*,#6593,.T.);
#9041=ORIENTED_EDGE('',*,*,#6630,.T.);
#9042=ORIENTED_EDGE('',*,*,#6631,.T.);
#9043=ORIENTED_EDGE('',*,*,#6632,.T.);
#9044=ORIENTED_EDGE('',*,*,#6591,.T.);
#9045=ORIENTED_EDGE('',*,*,#6623,.T.);
#9046=ORIENTED_EDGE('',*,*,#6630,.F.);
#9047=ORIENTED_EDGE('',*,*,#6592,.F.);
#9048=ORIENTED_EDGE('',*,*,#6632,.F.);
#9049=ORIENTED_EDGE('',*,*,#6633,.T.);
#9050=ORIENTED_EDGE('',*,*,#6569,.F.);
#9051=ORIENTED_EDGE('',*,*,#6634,.F.);
#9052=ORIENTED_EDGE('',*,*,#6620,.F.);
#9053=ORIENTED_EDGE('',*,*,#6584,.T.);
#9054=ORIENTED_EDGE('',*,*,#6626,.F.);
#9055=ORIENTED_EDGE('',*,*,#6635,.F.);
#9056=ORIENTED_EDGE('',*,*,#6636,.F.);
#9057=ORIENTED_EDGE('',*,*,#6596,.F.);
#9058=ORIENTED_EDGE('',*,*,#6637,.T.);
#9059=ORIENTED_EDGE('',*,*,#6638,.T.);
#9060=ORIENTED_EDGE('',*,*,#6597,.T.);
#9061=ORIENTED_EDGE('',*,*,#6636,.T.);
#9062=ORIENTED_EDGE('',*,*,#6638,.F.);
#9063=ORIENTED_EDGE('',*,*,#6639,.F.);
#9064=ORIENTED_EDGE('',*,*,#6640,.F.);
#9065=ORIENTED_EDGE('',*,*,#6598,.F.);
#9066=ORIENTED_EDGE('',*,*,#6599,.T.);
#9067=ORIENTED_EDGE('',*,*,#6640,.T.);
#9068=ORIENTED_EDGE('',*,*,#6641,.T.);
#9069=ORIENTED_EDGE('',*,*,#6642,.T.);
#9070=ORIENTED_EDGE('',*,*,#6642,.F.);
#9071=ORIENTED_EDGE('',*,*,#6643,.F.);
#9072=ORIENTED_EDGE('',*,*,#6644,.F.);
#9073=ORIENTED_EDGE('',*,*,#6600,.F.);
#9074=ORIENTED_EDGE('',*,*,#6601,.T.);
#9075=ORIENTED_EDGE('',*,*,#6644,.T.);
#9076=ORIENTED_EDGE('',*,*,#6645,.T.);
#9077=ORIENTED_EDGE('',*,*,#6609,.T.);
#9078=ORIENTED_EDGE('',*,*,#6646,.F.);
#9079=ORIENTED_EDGE('',*,*,#6647,.F.);
#9080=ORIENTED_EDGE('',*,*,#6648,.F.);
#9081=ORIENTED_EDGE('',*,*,#6649,.F.);
#9082=ORIENTED_EDGE('',*,*,#6650,.F.);
#9083=ORIENTED_EDGE('',*,*,#6651,.T.);
#9084=ORIENTED_EDGE('',*,*,#6652,.F.);
#9085=ORIENTED_EDGE('',*,*,#6653,.T.);
#9086=ORIENTED_EDGE('',*,*,#6544,.T.);
#9087=ORIENTED_EDGE('',*,*,#6550,.T.);
#9088=ORIENTED_EDGE('',*,*,#6556,.T.);
#9089=ORIENTED_EDGE('',*,*,#6562,.T.);
#9090=ORIENTED_EDGE('',*,*,#6573,.F.);
#9091=ORIENTED_EDGE('',*,*,#6608,.F.);
#9092=ORIENTED_EDGE('',*,*,#6605,.F.);
#9093=ORIENTED_EDGE('',*,*,#6610,.T.);
#9094=ORIENTED_EDGE('',*,*,#6645,.F.);
#9095=ORIENTED_EDGE('',*,*,#6643,.T.);
#9096=ORIENTED_EDGE('',*,*,#6641,.F.);
#9097=ORIENTED_EDGE('',*,*,#6639,.T.);
#9098=ORIENTED_EDGE('',*,*,#6637,.F.);
#9099=ORIENTED_EDGE('',*,*,#6635,.T.);
#9100=ORIENTED_EDGE('',*,*,#6625,.F.);
#9101=ORIENTED_EDGE('',*,*,#6628,.F.);
#9102=ORIENTED_EDGE('',*,*,#6629,.F.);
#9103=ORIENTED_EDGE('',*,*,#6633,.F.);
#9104=ORIENTED_EDGE('',*,*,#6631,.F.);
#9105=ORIENTED_EDGE('',*,*,#6622,.T.);
#9106=ORIENTED_EDGE('',*,*,#6612,.F.);
#9107=ORIENTED_EDGE('',*,*,#6615,.T.);
#9108=ORIENTED_EDGE('',*,*,#6617,.F.);
#9109=ORIENTED_EDGE('',*,*,#6621,.F.);
#9110=ORIENTED_EDGE('',*,*,#6618,.F.);
#9111=ORIENTED_EDGE('',*,*,#6634,.T.);
#9112=ORIENTED_EDGE('',*,*,#6568,.F.);
#9113=ORIENTED_EDGE('',*,*,#6572,.F.);
#9114=ORIENTED_EDGE('',*,*,#6576,.T.);
#9115=ORIENTED_EDGE('',*,*,#6654,.T.);
#9116=ORIENTED_EDGE('',*,*,#6655,.T.);
#9117=ORIENTED_EDGE('',*,*,#6656,.T.);
#9118=ORIENTED_EDGE('',*,*,#6656,.F.);
#9119=ORIENTED_EDGE('',*,*,#6657,.T.);
#9120=ORIENTED_EDGE('',*,*,#6658,.F.);
#9121=ORIENTED_EDGE('',*,*,#6577,.T.);
#9122=ORIENTED_EDGE('',*,*,#6655,.F.);
#9123=ORIENTED_EDGE('',*,*,#6659,.F.);
#9124=ORIENTED_EDGE('',*,*,#6660,.F.);
#9125=ORIENTED_EDGE('',*,*,#6661,.F.);
#9126=ORIENTED_EDGE('',*,*,#6662,.F.);
#9127=ORIENTED_EDGE('',*,*,#6663,.F.);
#9128=ORIENTED_EDGE('',*,*,#6664,.F.);
#9129=ORIENTED_EDGE('',*,*,#6657,.F.);
#9130=ORIENTED_EDGE('',*,*,#6665,.T.);
#9131=ORIENTED_EDGE('',*,*,#6666,.F.);
#9132=ORIENTED_EDGE('',*,*,#6667,.T.);
#9133=ORIENTED_EDGE('',*,*,#6668,.F.);
#9134=ORIENTED_EDGE('',*,*,#6669,.T.);
#9135=ORIENTED_EDGE('',*,*,#6670,.F.);
#9136=ORIENTED_EDGE('',*,*,#6671,.T.);
#9137=ORIENTED_EDGE('',*,*,#6672,.F.);
#9138=ORIENTED_EDGE('',*,*,#6673,.T.);
#9139=ORIENTED_EDGE('',*,*,#6674,.T.);
#9140=ORIENTED_EDGE('',*,*,#6646,.T.);
#9141=ORIENTED_EDGE('',*,*,#6675,.T.);
#9142=ORIENTED_EDGE('',*,*,#6673,.F.);
#9143=ORIENTED_EDGE('',*,*,#6676,.F.);
#9144=ORIENTED_EDGE('',*,*,#6677,.F.);
#9145=ORIENTED_EDGE('',*,*,#6678,.F.);
#9146=ORIENTED_EDGE('',*,*,#6679,.F.);
#9147=ORIENTED_EDGE('',*,*,#6680,.F.);
#9148=ORIENTED_EDGE('',*,*,#6681,.F.);
#9149=ORIENTED_EDGE('',*,*,#6682,.F.);
#9150=ORIENTED_EDGE('',*,*,#6683,.T.);
#9151=ORIENTED_EDGE('',*,*,#6684,.F.);
#9152=ORIENTED_EDGE('',*,*,#6685,.T.);
#9153=ORIENTED_EDGE('',*,*,#6686,.F.);
#9154=ORIENTED_EDGE('',*,*,#6687,.T.);
#9155=ORIENTED_EDGE('',*,*,#6688,.F.);
#9156=ORIENTED_EDGE('',*,*,#6689,.T.);
#9157=ORIENTED_EDGE('',*,*,#6690,.F.);
#9158=ORIENTED_EDGE('',*,*,#6675,.F.);
#9159=ORIENTED_EDGE('',*,*,#6653,.F.);
#9160=ORIENTED_EDGE('',*,*,#6691,.F.);
#9161=ORIENTED_EDGE('',*,*,#6676,.T.);
#9162=ORIENTED_EDGE('',*,*,#6690,.T.);
#9163=ORIENTED_EDGE('',*,*,#6692,.T.);
#9164=ORIENTED_EDGE('',*,*,#6672,.T.);
#9165=ORIENTED_EDGE('',*,*,#6693,.T.);
#9166=ORIENTED_EDGE('',*,*,#6692,.F.);
#9167=ORIENTED_EDGE('',*,*,#6689,.F.);
#9168=ORIENTED_EDGE('',*,*,#6694,.F.);
#9169=ORIENTED_EDGE('',*,*,#6665,.F.);
#9170=ORIENTED_EDGE('',*,*,#6578,.T.);
#9171=ORIENTED_EDGE('',*,*,#6658,.T.);
#9172=ORIENTED_EDGE('',*,*,#6664,.T.);
#9173=ORIENTED_EDGE('',*,*,#6695,.T.);
#9174=ORIENTED_EDGE('',*,*,#6666,.T.);
#9175=ORIENTED_EDGE('',*,*,#6694,.T.);
#9176=ORIENTED_EDGE('',*,*,#6688,.T.);
#9177=ORIENTED_EDGE('',*,*,#6696,.T.);
#9178=ORIENTED_EDGE('',*,*,#6677,.T.);
#9179=ORIENTED_EDGE('',*,*,#6691,.T.);
#9180=ORIENTED_EDGE('',*,*,#6652,.T.);
#9181=ORIENTED_EDGE('',*,*,#6697,.T.);
#9182=ORIENTED_EDGE('',*,*,#6693,.F.);
#9183=ORIENTED_EDGE('',*,*,#6671,.F.);
#9184=ORIENTED_EDGE('',*,*,#6698,.F.);
#9185=ORIENTED_EDGE('',*,*,#6683,.F.);
#9186=ORIENTED_EDGE('',*,*,#6662,.T.);
#9187=ORIENTED_EDGE('',*,*,#6699,.T.);
#9188=ORIENTED_EDGE('',*,*,#6580,.T.);
#9189=ORIENTED_EDGE('',*,*,#6700,.T.);
#9190=ORIENTED_EDGE('',*,*,#6695,.F.);
#9191=ORIENTED_EDGE('',*,*,#6663,.T.);
#9192=ORIENTED_EDGE('',*,*,#6700,.F.);
#9193=ORIENTED_EDGE('',*,*,#6579,.F.);
#9194=ORIENTED_EDGE('',*,*,#6650,.T.);
#9195=ORIENTED_EDGE('',*,*,#6701,.T.);
#9196=ORIENTED_EDGE('',*,*,#6679,.T.);
#9197=ORIENTED_EDGE('',*,*,#6702,.T.);
#9198=ORIENTED_EDGE('',*,*,#6701,.F.);
#9199=ORIENTED_EDGE('',*,*,#6649,.T.);
#9200=ORIENTED_EDGE('',*,*,#6703,.F.);
#9201=ORIENTED_EDGE('',*,*,#6680,.T.);
#9202=ORIENTED_EDGE('',*,*,#6668,.T.);
#9203=ORIENTED_EDGE('',*,*,#6704,.T.);
#9204=ORIENTED_EDGE('',*,*,#6686,.T.);
#9205=ORIENTED_EDGE('',*,*,#6705,.T.);
#9206=ORIENTED_EDGE('',*,*,#6696,.F.);
#9207=ORIENTED_EDGE('',*,*,#6687,.F.);
#9208=ORIENTED_EDGE('',*,*,#6704,.F.);
#9209=ORIENTED_EDGE('',*,*,#6667,.F.);
#9210=ORIENTED_EDGE('',*,*,#6660,.T.);
#9211=ORIENTED_EDGE('',*,*,#6706,.T.);
#9212=ORIENTED_EDGE('',*,*,#6582,.T.);
#9213=ORIENTED_EDGE('',*,*,#6707,.T.);
#9214=ORIENTED_EDGE('',*,*,#6699,.F.);
#9215=ORIENTED_EDGE('',*,*,#6661,.T.);
#9216=ORIENTED_EDGE('',*,*,#6707,.F.);
#9217=ORIENTED_EDGE('',*,*,#6581,.F.);
#9218=ORIENTED_EDGE('',*,*,#6648,.T.);
#9219=ORIENTED_EDGE('',*,*,#6708,.T.);
#9220=ORIENTED_EDGE('',*,*,#6681,.T.);
#9221=ORIENTED_EDGE('',*,*,#6703,.T.);
#9222=ORIENTED_EDGE('',*,*,#6670,.T.);
#9223=ORIENTED_EDGE('',*,*,#6709,.T.);
#9224=ORIENTED_EDGE('',*,*,#6684,.T.);
#9225=ORIENTED_EDGE('',*,*,#6698,.T.);
#9226=ORIENTED_EDGE('',*,*,#6705,.F.);
#9227=ORIENTED_EDGE('',*,*,#6685,.F.);
#9228=ORIENTED_EDGE('',*,*,#6709,.F.);
#9229=ORIENTED_EDGE('',*,*,#6669,.F.);
#9230=ORIENTED_EDGE('',*,*,#6697,.F.);
#9231=ORIENTED_EDGE('',*,*,#6651,.F.);
#9232=ORIENTED_EDGE('',*,*,#6702,.F.);
#9233=ORIENTED_EDGE('',*,*,#6678,.T.);
#9234=ORIENTED_EDGE('',*,*,#6674,.F.);
#9235=ORIENTED_EDGE('',*,*,#6682,.T.);
#9236=ORIENTED_EDGE('',*,*,#6708,.F.);
#9237=ORIENTED_EDGE('',*,*,#6647,.T.);
#9238=ORIENTED_EDGE('',*,*,#6654,.F.);
#9239=ORIENTED_EDGE('',*,*,#6583,.T.);
#9240=ORIENTED_EDGE('',*,*,#6706,.F.);
#9241=ORIENTED_EDGE('',*,*,#6659,.T.);
#9242=ORIENTED_EDGE('',*,*,#6710,.T.);
#9243=ORIENTED_EDGE('',*,*,#6711,.F.);
#9244=ORIENTED_EDGE('',*,*,#6710,.F.);
#9245=ORIENTED_EDGE('',*,*,#6712,.F.);
#9246=ORIENTED_EDGE('',*,*,#6713,.T.);
#9247=ORIENTED_EDGE('',*,*,#6711,.T.);
#9248=ORIENTED_EDGE('',*,*,#6713,.F.);
#9249=ORIENTED_EDGE('',*,*,#6714,.T.);
#9250=ORIENTED_EDGE('',*,*,#6715,.F.);
#9251=ORIENTED_EDGE('',*,*,#6714,.F.);
#9252=ORIENTED_EDGE('',*,*,#6716,.F.);
#9253=ORIENTED_EDGE('',*,*,#6717,.T.);
#9254=ORIENTED_EDGE('',*,*,#6715,.T.);
#9255=ORIENTED_EDGE('',*,*,#6717,.F.);
#9256=ORIENTED_EDGE('',*,*,#6718,.T.);
#9257=ORIENTED_EDGE('',*,*,#6719,.F.);
#9258=ORIENTED_EDGE('',*,*,#6718,.F.);
#9259=ORIENTED_EDGE('',*,*,#6720,.F.);
#9260=ORIENTED_EDGE('',*,*,#6721,.T.);
#9261=ORIENTED_EDGE('',*,*,#6719,.T.);
#9262=ORIENTED_EDGE('',*,*,#6721,.F.);
#9263=ORIENTED_EDGE('',*,*,#6722,.T.);
#9264=ORIENTED_EDGE('',*,*,#6723,.F.);
#9265=ORIENTED_EDGE('',*,*,#6722,.F.);
#9266=ORIENTED_EDGE('',*,*,#6724,.F.);
#9267=ORIENTED_EDGE('',*,*,#6725,.T.);
#9268=ORIENTED_EDGE('',*,*,#6723,.T.);
#9269=ORIENTED_EDGE('',*,*,#6725,.F.);
#9270=ORIENTED_EDGE('',*,*,#6726,.T.);
#9271=ORIENTED_EDGE('',*,*,#6727,.T.);
#9272=ORIENTED_EDGE('',*,*,#6728,.T.);
#9273=ORIENTED_EDGE('',*,*,#6729,.T.);
#9274=ORIENTED_EDGE('',*,*,#6727,.F.);
#9275=ORIENTED_EDGE('',*,*,#6730,.T.);
#9276=ORIENTED_EDGE('',*,*,#6731,.F.);
#9277=ORIENTED_EDGE('',*,*,#6732,.T.);
#9278=ORIENTED_EDGE('',*,*,#6733,.T.);
#9279=ORIENTED_EDGE('',*,*,#6731,.T.);
#9280=ORIENTED_EDGE('',*,*,#6734,.T.);
#9281=ORIENTED_EDGE('',*,*,#6735,.T.);
#9282=ORIENTED_EDGE('',*,*,#6736,.T.);
#9283=ORIENTED_EDGE('',*,*,#6737,.T.);
#9284=ORIENTED_EDGE('',*,*,#6738,.T.);
#9285=ORIENTED_EDGE('',*,*,#6739,.T.);
#9286=ORIENTED_EDGE('',*,*,#6735,.F.);
#9287=ORIENTED_EDGE('',*,*,#6740,.T.);
#9288=ORIENTED_EDGE('',*,*,#6737,.F.);
#9289=ORIENTED_EDGE('',*,*,#6741,.T.);
#9290=ORIENTED_EDGE('',*,*,#6742,.T.);
#9291=ORIENTED_EDGE('',*,*,#6743,.T.);
#9292=ORIENTED_EDGE('',*,*,#6744,.T.);
#9293=ORIENTED_EDGE('',*,*,#6745,.T.);
#9294=ORIENTED_EDGE('',*,*,#6739,.F.);
#9295=ORIENTED_EDGE('',*,*,#6746,.T.);
#9296=ORIENTED_EDGE('',*,*,#6743,.F.);
#9297=ORIENTED_EDGE('',*,*,#6747,.T.);
#9298=ORIENTED_EDGE('',*,*,#6729,.F.);
#9299=ORIENTED_EDGE('',*,*,#6748,.T.);
#9300=ORIENTED_EDGE('',*,*,#6745,.F.);
#9301=ORIENTED_EDGE('',*,*,#6749,.T.);
#9302=ORIENTED_EDGE('',*,*,#6750,.T.);
#9303=ORIENTED_EDGE('',*,*,#6751,.T.);
#9304=ORIENTED_EDGE('',*,*,#6752,.T.);
#9305=ORIENTED_EDGE('',*,*,#6753,.T.);
#9306=ORIENTED_EDGE('',*,*,#6750,.F.);
#9307=ORIENTED_EDGE('',*,*,#6754,.T.);
#9308=ORIENTED_EDGE('',*,*,#6755,.F.);
#9309=ORIENTED_EDGE('',*,*,#6756,.T.);
#9310=ORIENTED_EDGE('',*,*,#6757,.F.);
#9311=ORIENTED_EDGE('',*,*,#6758,.F.);
#9312=ORIENTED_EDGE('',*,*,#6759,.F.);
#9313=ORIENTED_EDGE('',*,*,#6760,.F.);
#9314=ORIENTED_EDGE('',*,*,#6749,.F.);
#9315=ORIENTED_EDGE('',*,*,#6744,.F.);
#9316=ORIENTED_EDGE('',*,*,#6746,.F.);
#9317=ORIENTED_EDGE('',*,*,#6738,.F.);
#9318=ORIENTED_EDGE('',*,*,#6740,.F.);
#9319=ORIENTED_EDGE('',*,*,#6734,.F.);
#9320=ORIENTED_EDGE('',*,*,#6730,.F.);
#9321=ORIENTED_EDGE('',*,*,#6726,.F.);
#9322=ORIENTED_EDGE('',*,*,#6753,.F.);
#9323=ORIENTED_EDGE('',*,*,#6761,.T.);
#9324=ORIENTED_EDGE('',*,*,#6762,.F.);
#9325=ORIENTED_EDGE('',*,*,#6754,.F.);
#9326=ORIENTED_EDGE('',*,*,#6763,.T.);
#9327=ORIENTED_EDGE('',*,*,#6764,.T.);
#9328=ORIENTED_EDGE('',*,*,#6765,.T.);
#9329=ORIENTED_EDGE('',*,*,#6766,.T.);
#9330=ORIENTED_EDGE('',*,*,#6763,.F.);
#9331=ORIENTED_EDGE('',*,*,#6767,.T.);
#9332=ORIENTED_EDGE('',*,*,#6768,.F.);
#9333=ORIENTED_EDGE('',*,*,#6769,.T.);
#9334=ORIENTED_EDGE('',*,*,#6770,.F.);
#9335=ORIENTED_EDGE('',*,*,#6771,.T.);
#9336=ORIENTED_EDGE('',*,*,#6772,.F.);
#9337=ORIENTED_EDGE('',*,*,#6773,.F.);
#9338=ORIENTED_EDGE('',*,*,#6774,.T.);
#9339=ORIENTED_EDGE('',*,*,#6775,.F.);
#9340=ORIENTED_EDGE('',*,*,#6776,.T.);
#9341=ORIENTED_EDGE('',*,*,#6777,.F.);
#9342=ORIENTED_EDGE('',*,*,#6778,.T.);
#9343=ORIENTED_EDGE('',*,*,#6779,.F.);
#9344=ORIENTED_EDGE('',*,*,#6780,.T.);
#9345=ORIENTED_EDGE('',*,*,#6781,.F.);
#9346=ORIENTED_EDGE('',*,*,#6766,.F.);
#9347=ORIENTED_EDGE('',*,*,#6782,.T.);
#9348=ORIENTED_EDGE('',*,*,#6783,.F.);
#9349=ORIENTED_EDGE('',*,*,#6767,.F.);
#9350=ORIENTED_EDGE('',*,*,#6784,.T.);
#9351=ORIENTED_EDGE('',*,*,#6785,.T.);
#9352=ORIENTED_EDGE('',*,*,#6777,.T.);
#9353=ORIENTED_EDGE('',*,*,#6786,.T.);
#9354=ORIENTED_EDGE('',*,*,#6785,.F.);
#9355=ORIENTED_EDGE('',*,*,#6787,.F.);
#9356=ORIENTED_EDGE('',*,*,#6788,.F.);
#9357=ORIENTED_EDGE('',*,*,#6778,.F.);
#9358=ORIENTED_EDGE('',*,*,#6755,.T.);
#9359=ORIENTED_EDGE('',*,*,#6762,.T.);
#9360=ORIENTED_EDGE('',*,*,#6789,.T.);
#9361=ORIENTED_EDGE('',*,*,#6790,.T.);
#9362=ORIENTED_EDGE('',*,*,#6768,.T.);
#9363=ORIENTED_EDGE('',*,*,#6783,.T.);
#9364=ORIENTED_EDGE('',*,*,#6791,.T.);
#9365=ORIENTED_EDGE('',*,*,#6792,.T.);
#9366=ORIENTED_EDGE('',*,*,#6775,.T.);
#9367=ORIENTED_EDGE('',*,*,#6793,.T.);
#9368=ORIENTED_EDGE('',*,*,#6794,.T.);
#9369=ORIENTED_EDGE('',*,*,#6795,.T.);
#9370=ORIENTED_EDGE('',*,*,#6793,.F.);
#9371=ORIENTED_EDGE('',*,*,#6774,.F.);
#9372=ORIENTED_EDGE('',*,*,#6796,.F.);
#9373=ORIENTED_EDGE('',*,*,#6797,.F.);
#9374=ORIENTED_EDGE('',*,*,#6798,.T.);
#9375=ORIENTED_EDGE('',*,*,#6799,.T.);
#9376=ORIENTED_EDGE('',*,*,#6757,.T.);
#9377=ORIENTED_EDGE('',*,*,#6800,.T.);
#9378=ORIENTED_EDGE('',*,*,#6799,.F.);
#9379=ORIENTED_EDGE('',*,*,#6801,.T.);
#9380=ORIENTED_EDGE('',*,*,#6802,.F.);
#9381=ORIENTED_EDGE('',*,*,#6758,.T.);
#9382=ORIENTED_EDGE('',*,*,#6803,.T.);
#9383=ORIENTED_EDGE('',*,*,#6804,.T.);
#9384=ORIENTED_EDGE('',*,*,#6770,.T.);
#9385=ORIENTED_EDGE('',*,*,#6805,.T.);
#9386=ORIENTED_EDGE('',*,*,#6804,.F.);
#9387=ORIENTED_EDGE('',*,*,#6806,.F.);
#9388=ORIENTED_EDGE('',*,*,#6807,.F.);
#9389=ORIENTED_EDGE('',*,*,#6771,.F.);
#9390=ORIENTED_EDGE('',*,*,#6781,.T.);
#9391=ORIENTED_EDGE('',*,*,#6808,.T.);
#9392=ORIENTED_EDGE('',*,*,#6809,.T.);
#9393=ORIENTED_EDGE('',*,*,#6796,.T.);
#9394=ORIENTED_EDGE('',*,*,#6808,.F.);
#9395=ORIENTED_EDGE('',*,*,#6780,.F.);
#9396=ORIENTED_EDGE('',*,*,#6810,.F.);
#9397=ORIENTED_EDGE('',*,*,#6811,.F.);
#9398=ORIENTED_EDGE('',*,*,#6759,.T.);
#9399=ORIENTED_EDGE('',*,*,#6802,.T.);
#9400=ORIENTED_EDGE('',*,*,#6812,.T.);
#9401=ORIENTED_EDGE('',*,*,#6813,.T.);
#9402=ORIENTED_EDGE('',*,*,#6814,.T.);
#9403=ORIENTED_EDGE('',*,*,#6815,.T.);
#9404=ORIENTED_EDGE('',*,*,#6772,.T.);
#9405=ORIENTED_EDGE('',*,*,#6807,.T.);
#9406=ORIENTED_EDGE('',*,*,#6816,.T.);
#9407=ORIENTED_EDGE('',*,*,#6810,.T.);
#9408=ORIENTED_EDGE('',*,*,#6779,.T.);
#9409=ORIENTED_EDGE('',*,*,#6788,.T.);
#9410=ORIENTED_EDGE('',*,*,#6792,.F.);
#9411=ORIENTED_EDGE('',*,*,#6817,.F.);
#9412=ORIENTED_EDGE('',*,*,#6805,.F.);
#9413=ORIENTED_EDGE('',*,*,#6769,.F.);
#9414=ORIENTED_EDGE('',*,*,#6790,.F.);
#9415=ORIENTED_EDGE('',*,*,#6818,.F.);
#9416=ORIENTED_EDGE('',*,*,#6800,.F.);
#9417=ORIENTED_EDGE('',*,*,#6756,.F.);
#9418=ORIENTED_EDGE('',*,*,#6751,.F.);
#9419=ORIENTED_EDGE('',*,*,#6760,.T.);
#9420=ORIENTED_EDGE('',*,*,#6813,.F.);
#9421=ORIENTED_EDGE('',*,*,#6819,.F.);
#9422=ORIENTED_EDGE('',*,*,#6764,.F.);
#9423=ORIENTED_EDGE('',*,*,#6773,.T.);
#9424=ORIENTED_EDGE('',*,*,#6815,.F.);
#9425=ORIENTED_EDGE('',*,*,#6820,.T.);
#9426=ORIENTED_EDGE('',*,*,#6752,.F.);
#9427=ORIENTED_EDGE('',*,*,#6819,.T.);
#9428=ORIENTED_EDGE('',*,*,#6812,.F.);
#9429=ORIENTED_EDGE('',*,*,#6801,.F.);
#9430=ORIENTED_EDGE('',*,*,#6798,.F.);
#9431=ORIENTED_EDGE('',*,*,#6818,.T.);
#9432=ORIENTED_EDGE('',*,*,#6789,.F.);
#9433=ORIENTED_EDGE('',*,*,#6761,.F.);
#9434=ORIENTED_EDGE('',*,*,#6811,.T.);
#9435=ORIENTED_EDGE('',*,*,#6816,.F.);
#9436=ORIENTED_EDGE('',*,*,#6787,.T.);
#9437=ORIENTED_EDGE('',*,*,#6784,.F.);
#9438=ORIENTED_EDGE('',*,*,#6821,.T.);
#9439=ORIENTED_EDGE('',*,*,#6794,.F.);
#9440=ORIENTED_EDGE('',*,*,#6797,.T.);
#9441=ORIENTED_EDGE('',*,*,#6809,.F.);
#9442=ORIENTED_EDGE('',*,*,#6765,.F.);
#9443=ORIENTED_EDGE('',*,*,#6820,.F.);
#9444=ORIENTED_EDGE('',*,*,#6814,.F.);
#9445=ORIENTED_EDGE('',*,*,#6806,.T.);
#9446=ORIENTED_EDGE('',*,*,#6803,.F.);
#9447=ORIENTED_EDGE('',*,*,#6817,.T.);
#9448=ORIENTED_EDGE('',*,*,#6791,.F.);
#9449=ORIENTED_EDGE('',*,*,#6782,.F.);
#9450=ORIENTED_EDGE('',*,*,#6712,.T.);
#9451=ORIENTED_EDGE('',*,*,#6716,.T.);
#9452=ORIENTED_EDGE('',*,*,#6720,.T.);
#9453=ORIENTED_EDGE('',*,*,#6724,.T.);
#9454=ORIENTED_EDGE('',*,*,#6728,.F.);
#9455=ORIENTED_EDGE('',*,*,#6732,.F.);
#9456=ORIENTED_EDGE('',*,*,#6733,.F.);
#9457=ORIENTED_EDGE('',*,*,#6741,.F.);
#9458=ORIENTED_EDGE('',*,*,#6736,.F.);
#9459=ORIENTED_EDGE('',*,*,#6747,.F.);
#9460=ORIENTED_EDGE('',*,*,#6742,.F.);
#9461=ORIENTED_EDGE('',*,*,#6748,.F.);
#9462=ORIENTED_EDGE('',*,*,#6786,.F.);
#9463=ORIENTED_EDGE('',*,*,#6776,.F.);
#9464=ORIENTED_EDGE('',*,*,#6795,.F.);
#9465=ORIENTED_EDGE('',*,*,#6821,.F.);
#9466=ORIENTED_EDGE('',*,*,#6822,.F.);
#9467=ORIENTED_EDGE('',*,*,#6823,.T.);
#9468=ORIENTED_EDGE('',*,*,#6824,.F.);
#9469=ORIENTED_EDGE('',*,*,#6823,.F.);
#9470=ORIENTED_EDGE('',*,*,#6825,.F.);
#9471=ORIENTED_EDGE('',*,*,#6826,.T.);
#9472=ORIENTED_EDGE('',*,*,#6827,.F.);
#9473=ORIENTED_EDGE('',*,*,#6826,.F.);
#9474=ORIENTED_EDGE('',*,*,#6828,.F.);
#9475=ORIENTED_EDGE('',*,*,#6829,.F.);
#9476=ORIENTED_EDGE('',*,*,#6830,.F.);
#9477=ORIENTED_EDGE('',*,*,#6831,.F.);
#9478=ORIENTED_EDGE('',*,*,#6832,.T.);
#9479=ORIENTED_EDGE('',*,*,#6833,.F.);
#9480=ORIENTED_EDGE('',*,*,#6834,.T.);
#9481=ORIENTED_EDGE('',*,*,#6835,.F.);
#9482=ORIENTED_EDGE('',*,*,#6836,.T.);
#9483=ORIENTED_EDGE('',*,*,#6828,.T.);
#9484=ORIENTED_EDGE('',*,*,#6837,.T.);
#9485=ORIENTED_EDGE('',*,*,#6838,.F.);
#9486=ORIENTED_EDGE('',*,*,#6839,.T.);
#9487=ORIENTED_EDGE('',*,*,#6840,.T.);
#9488=ORIENTED_EDGE('',*,*,#6841,.T.);
#9489=ORIENTED_EDGE('',*,*,#6833,.T.);
#9490=ORIENTED_EDGE('',*,*,#6827,.T.);
#9491=ORIENTED_EDGE('',*,*,#6842,.F.);
#9492=ORIENTED_EDGE('',*,*,#6843,.T.);
#9493=ORIENTED_EDGE('',*,*,#6840,.F.);
#9494=ORIENTED_EDGE('',*,*,#6844,.F.);
#9495=ORIENTED_EDGE('',*,*,#6842,.T.);
#9496=ORIENTED_EDGE('',*,*,#6845,.F.);
#9497=ORIENTED_EDGE('',*,*,#6846,.F.);
#9498=ORIENTED_EDGE('',*,*,#6847,.F.);
#9499=ORIENTED_EDGE('',*,*,#6846,.T.);
#9500=ORIENTED_EDGE('',*,*,#6848,.T.);
#9501=ORIENTED_EDGE('',*,*,#6838,.T.);
#9502=ORIENTED_EDGE('',*,*,#6849,.T.);
#9503=ORIENTED_EDGE('',*,*,#6850,.T.);
#9504=ORIENTED_EDGE('',*,*,#6851,.T.);
#9505=ORIENTED_EDGE('',*,*,#6852,.T.);
#9506=ORIENTED_EDGE('',*,*,#6853,.T.);
#9507=ORIENTED_EDGE('',*,*,#6832,.F.);
#9508=ORIENTED_EDGE('',*,*,#6854,.F.);
#9509=ORIENTED_EDGE('',*,*,#6851,.F.);
#9510=ORIENTED_EDGE('',*,*,#6855,.F.);
#9511=ORIENTED_EDGE('',*,*,#6829,.T.);
#9512=ORIENTED_EDGE('',*,*,#6836,.F.);
#9513=ORIENTED_EDGE('',*,*,#6822,.T.);
#9514=ORIENTED_EDGE('',*,*,#6830,.T.);
#9515=ORIENTED_EDGE('',*,*,#6855,.T.);
#9516=ORIENTED_EDGE('',*,*,#6850,.F.);
#9517=ORIENTED_EDGE('',*,*,#6856,.F.);
#9518=ORIENTED_EDGE('',*,*,#6825,.T.);
#9519=ORIENTED_EDGE('',*,*,#6844,.T.);
#9520=ORIENTED_EDGE('',*,*,#6839,.F.);
#9521=ORIENTED_EDGE('',*,*,#6848,.F.);
#9522=ORIENTED_EDGE('',*,*,#6845,.T.);
#9523=ORIENTED_EDGE('',*,*,#6831,.T.);
#9524=ORIENTED_EDGE('',*,*,#6856,.T.);
#9525=ORIENTED_EDGE('',*,*,#6849,.F.);
#9526=ORIENTED_EDGE('',*,*,#6837,.F.);
#9527=ORIENTED_EDGE('',*,*,#6847,.T.);
#9528=ORIENTED_EDGE('',*,*,#6853,.F.);
#9529=ORIENTED_EDGE('',*,*,#6857,.F.);
#9530=ORIENTED_EDGE('',*,*,#6834,.F.);
#9531=ORIENTED_EDGE('',*,*,#6841,.F.);
#9532=ORIENTED_EDGE('',*,*,#6843,.F.);
#9533=ORIENTED_EDGE('',*,*,#6824,.T.);
#9534=ORIENTED_EDGE('',*,*,#6854,.T.);
#9535=ORIENTED_EDGE('',*,*,#6835,.T.);
#9536=ORIENTED_EDGE('',*,*,#6857,.T.);
#9537=ORIENTED_EDGE('',*,*,#6852,.F.);
#9538=ORIENTED_EDGE('',*,*,#6858,.F.);
#9539=ORIENTED_EDGE('',*,*,#6859,.T.);
#9540=ORIENTED_EDGE('',*,*,#6860,.F.);
#9541=ORIENTED_EDGE('',*,*,#6859,.F.);
#9542=ORIENTED_EDGE('',*,*,#6861,.F.);
#9543=ORIENTED_EDGE('',*,*,#6862,.F.);
#9544=ORIENTED_EDGE('',*,*,#6863,.F.);
#9545=ORIENTED_EDGE('',*,*,#6864,.F.);
#9546=ORIENTED_EDGE('',*,*,#6865,.F.);
#9547=ORIENTED_EDGE('',*,*,#6866,.F.);
#9548=ORIENTED_EDGE('',*,*,#6867,.F.);
#9549=ORIENTED_EDGE('',*,*,#6868,.T.);
#9550=ORIENTED_EDGE('',*,*,#6865,.T.);
#9551=ORIENTED_EDGE('',*,*,#6869,.T.);
#9552=ORIENTED_EDGE('',*,*,#6870,.T.);
#9553=ORIENTED_EDGE('',*,*,#6871,.T.);
#9554=ORIENTED_EDGE('',*,*,#6863,.T.);
#9555=ORIENTED_EDGE('',*,*,#6872,.T.);
#9556=ORIENTED_EDGE('',*,*,#6873,.T.);
#9557=ORIENTED_EDGE('',*,*,#6874,.T.);
#9558=ORIENTED_EDGE('',*,*,#6875,.T.);
#9559=ORIENTED_EDGE('',*,*,#6867,.T.);
#9560=ORIENTED_EDGE('',*,*,#6876,.F.);
#9561=ORIENTED_EDGE('',*,*,#6877,.F.);
#9562=ORIENTED_EDGE('',*,*,#6878,.T.);
#9563=ORIENTED_EDGE('',*,*,#6879,.T.);
#9564=ORIENTED_EDGE('',*,*,#6880,.T.);
#9565=ORIENTED_EDGE('',*,*,#6881,.T.);
#9566=ORIENTED_EDGE('',*,*,#6882,.T.);
#9567=ORIENTED_EDGE('',*,*,#6870,.F.);
#9568=ORIENTED_EDGE('',*,*,#6862,.T.);
#9569=ORIENTED_EDGE('',*,*,#6883,.T.);
#9570=ORIENTED_EDGE('',*,*,#6884,.F.);
#9571=ORIENTED_EDGE('',*,*,#6872,.F.);
#9572=ORIENTED_EDGE('',*,*,#6861,.T.);
#9573=ORIENTED_EDGE('',*,*,#6885,.F.);
#9574=ORIENTED_EDGE('',*,*,#6886,.F.);
#9575=ORIENTED_EDGE('',*,*,#6883,.F.);
#9576=ORIENTED_EDGE('',*,*,#6884,.T.);
#9577=ORIENTED_EDGE('',*,*,#6886,.T.);
#9578=ORIENTED_EDGE('',*,*,#6887,.T.);
#9579=ORIENTED_EDGE('',*,*,#6888,.F.);
#9580=ORIENTED_EDGE('',*,*,#6889,.T.);
#9581=ORIENTED_EDGE('',*,*,#6877,.T.);
#9582=ORIENTED_EDGE('',*,*,#6890,.F.);
#9583=ORIENTED_EDGE('',*,*,#6873,.F.);
#9584=ORIENTED_EDGE('',*,*,#6891,.F.);
#9585=ORIENTED_EDGE('',*,*,#6880,.F.);
#9586=ORIENTED_EDGE('',*,*,#6869,.F.);
#9587=ORIENTED_EDGE('',*,*,#6868,.F.);
#9588=ORIENTED_EDGE('',*,*,#6878,.F.);
#9589=ORIENTED_EDGE('',*,*,#6889,.F.);
#9590=ORIENTED_EDGE('',*,*,#6858,.T.);
#9591=ORIENTED_EDGE('',*,*,#6879,.F.);
#9592=ORIENTED_EDGE('',*,*,#6892,.T.);
#9593=ORIENTED_EDGE('',*,*,#6875,.F.);
#9594=ORIENTED_EDGE('',*,*,#6892,.F.);
#9595=ORIENTED_EDGE('',*,*,#6866,.T.);
#9596=ORIENTED_EDGE('',*,*,#6874,.F.);
#9597=ORIENTED_EDGE('',*,*,#6890,.T.);
#9598=ORIENTED_EDGE('',*,*,#6876,.T.);
#9599=ORIENTED_EDGE('',*,*,#6885,.T.);
#9600=ORIENTED_EDGE('',*,*,#6864,.T.);
#9601=ORIENTED_EDGE('',*,*,#6871,.F.);
#9602=ORIENTED_EDGE('',*,*,#6882,.F.);
#9603=ORIENTED_EDGE('',*,*,#6893,.F.);
#9604=ORIENTED_EDGE('',*,*,#6887,.F.);
#9605=ORIENTED_EDGE('',*,*,#6860,.T.);
#9606=ORIENTED_EDGE('',*,*,#6891,.T.);
#9607=ORIENTED_EDGE('',*,*,#6888,.T.);
#9608=ORIENTED_EDGE('',*,*,#6893,.T.);
#9609=ORIENTED_EDGE('',*,*,#6881,.F.);
#9610=ORIENTED_EDGE('',*,*,#6894,.F.);
#9611=ORIENTED_EDGE('',*,*,#6895,.F.);
#9612=ORIENTED_EDGE('',*,*,#6896,.F.);
#9613=ORIENTED_EDGE('',*,*,#6897,.F.);
#9614=ORIENTED_EDGE('',*,*,#6898,.F.);
#9615=ORIENTED_EDGE('',*,*,#6899,.F.);
#9616=ORIENTED_EDGE('',*,*,#6900,.F.);
#9617=ORIENTED_EDGE('',*,*,#6901,.F.);
#9618=ORIENTED_EDGE('',*,*,#6902,.F.);
#9619=ORIENTED_EDGE('',*,*,#6903,.F.);
#9620=ORIENTED_EDGE('',*,*,#6904,.F.);
#9621=ORIENTED_EDGE('',*,*,#6905,.F.);
#9622=ORIENTED_EDGE('',*,*,#6906,.F.);
#9623=ORIENTED_EDGE('',*,*,#6907,.F.);
#9624=ORIENTED_EDGE('',*,*,#6908,.F.);
#9625=ORIENTED_EDGE('',*,*,#6909,.F.);
#9626=ORIENTED_EDGE('',*,*,#6910,.F.);
#9627=ORIENTED_EDGE('',*,*,#6911,.F.);
#9628=ORIENTED_EDGE('',*,*,#6912,.F.);
#9629=ORIENTED_EDGE('',*,*,#6913,.F.);
#9630=ORIENTED_EDGE('',*,*,#6914,.F.);
#9631=ORIENTED_EDGE('',*,*,#6915,.F.);
#9632=ORIENTED_EDGE('',*,*,#6916,.F.);
#9633=ORIENTED_EDGE('',*,*,#6917,.F.);
#9634=ORIENTED_EDGE('',*,*,#6918,.F.);
#9635=ORIENTED_EDGE('',*,*,#6919,.F.);
#9636=ORIENTED_EDGE('',*,*,#6920,.F.);
#9637=ORIENTED_EDGE('',*,*,#6921,.F.);
#9638=ORIENTED_EDGE('',*,*,#6922,.F.);
#9639=ORIENTED_EDGE('',*,*,#6923,.F.);
#9640=ORIENTED_EDGE('',*,*,#6924,.F.);
#9641=ORIENTED_EDGE('',*,*,#6925,.F.);
#9642=ORIENTED_EDGE('',*,*,#6926,.F.);
#9643=ORIENTED_EDGE('',*,*,#6927,.F.);
#9644=ORIENTED_EDGE('',*,*,#6928,.F.);
#9645=ORIENTED_EDGE('',*,*,#6929,.F.);
#9646=ORIENTED_EDGE('',*,*,#6930,.F.);
#9647=ORIENTED_EDGE('',*,*,#6931,.F.);
#9648=ORIENTED_EDGE('',*,*,#6932,.F.);
#9649=ORIENTED_EDGE('',*,*,#6933,.F.);
#9650=ORIENTED_EDGE('',*,*,#6934,.F.);
#9651=ORIENTED_EDGE('',*,*,#6935,.F.);
#9652=ORIENTED_EDGE('',*,*,#6936,.F.);
#9653=ORIENTED_EDGE('',*,*,#6937,.F.);
#9654=ORIENTED_EDGE('',*,*,#6938,.F.);
#9655=ORIENTED_EDGE('',*,*,#6939,.F.);
#9656=ORIENTED_EDGE('',*,*,#6940,.F.);
#9657=ORIENTED_EDGE('',*,*,#6941,.F.);
#9658=ORIENTED_EDGE('',*,*,#6942,.F.);
#9659=ORIENTED_EDGE('',*,*,#6943,.F.);
#9660=ORIENTED_EDGE('',*,*,#6944,.F.);
#9661=ORIENTED_EDGE('',*,*,#6945,.F.);
#9662=ORIENTED_EDGE('',*,*,#6946,.F.);
#9663=ORIENTED_EDGE('',*,*,#6947,.F.);
#9664=ORIENTED_EDGE('',*,*,#6948,.F.);
#9665=ORIENTED_EDGE('',*,*,#6949,.F.);
#9666=ORIENTED_EDGE('',*,*,#6950,.F.);
#9667=ORIENTED_EDGE('',*,*,#6951,.F.);
#9668=ORIENTED_EDGE('',*,*,#6952,.F.);
#9669=ORIENTED_EDGE('',*,*,#6953,.F.);
#9670=ORIENTED_EDGE('',*,*,#6954,.F.);
#9671=ORIENTED_EDGE('',*,*,#6955,.F.);
#9672=ORIENTED_EDGE('',*,*,#6956,.F.);
#9673=ORIENTED_EDGE('',*,*,#6957,.F.);
#9674=ORIENTED_EDGE('',*,*,#6925,.T.);
#9675=ORIENTED_EDGE('',*,*,#6958,.T.);
#9676=ORIENTED_EDGE('',*,*,#6959,.T.);
#9677=ORIENTED_EDGE('',*,*,#6960,.T.);
#9678=ORIENTED_EDGE('',*,*,#6924,.T.);
#9679=ORIENTED_EDGE('',*,*,#6961,.F.);
#9680=ORIENTED_EDGE('',*,*,#6962,.F.);
#9681=ORIENTED_EDGE('',*,*,#6958,.F.);
#9682=ORIENTED_EDGE('',*,*,#6923,.T.);
#9683=ORIENTED_EDGE('',*,*,#6963,.T.);
#9684=ORIENTED_EDGE('',*,*,#6964,.T.);
#9685=ORIENTED_EDGE('',*,*,#6961,.T.);
#9686=ORIENTED_EDGE('',*,*,#6922,.T.);
#9687=ORIENTED_EDGE('',*,*,#6965,.F.);
#9688=ORIENTED_EDGE('',*,*,#6966,.T.);
#9689=ORIENTED_EDGE('',*,*,#6963,.F.);
#9690=ORIENTED_EDGE('',*,*,#6921,.T.);
#9691=ORIENTED_EDGE('',*,*,#6967,.T.);
#9692=ORIENTED_EDGE('',*,*,#6968,.T.);
#9693=ORIENTED_EDGE('',*,*,#6965,.T.);
#9694=ORIENTED_EDGE('',*,*,#6920,.T.);
#9695=ORIENTED_EDGE('',*,*,#6969,.F.);
#9696=ORIENTED_EDGE('',*,*,#6970,.F.);
#9697=ORIENTED_EDGE('',*,*,#6967,.F.);
#9698=ORIENTED_EDGE('',*,*,#6919,.T.);
#9699=ORIENTED_EDGE('',*,*,#6971,.T.);
#9700=ORIENTED_EDGE('',*,*,#6972,.T.);
#9701=ORIENTED_EDGE('',*,*,#6969,.T.);
#9702=ORIENTED_EDGE('',*,*,#6918,.T.);
#9703=ORIENTED_EDGE('',*,*,#6973,.F.);
#9704=ORIENTED_EDGE('',*,*,#6974,.T.);
#9705=ORIENTED_EDGE('',*,*,#6971,.F.);
#9706=ORIENTED_EDGE('',*,*,#6917,.T.);
#9707=ORIENTED_EDGE('',*,*,#6975,.T.);
#9708=ORIENTED_EDGE('',*,*,#6976,.T.);
#9709=ORIENTED_EDGE('',*,*,#6973,.T.);
#9710=ORIENTED_EDGE('',*,*,#6916,.T.);
#9711=ORIENTED_EDGE('',*,*,#6977,.F.);
#9712=ORIENTED_EDGE('',*,*,#6978,.F.);
#9713=ORIENTED_EDGE('',*,*,#6975,.F.);
#9714=ORIENTED_EDGE('',*,*,#6915,.T.);
#9715=ORIENTED_EDGE('',*,*,#6979,.T.);
#9716=ORIENTED_EDGE('',*,*,#6980,.T.);
#9717=ORIENTED_EDGE('',*,*,#6977,.T.);
#9718=ORIENTED_EDGE('',*,*,#6914,.T.);
#9719=ORIENTED_EDGE('',*,*,#6981,.F.);
#9720=ORIENTED_EDGE('',*,*,#6982,.T.);
#9721=ORIENTED_EDGE('',*,*,#6979,.F.);
#9722=ORIENTED_EDGE('',*,*,#6913,.T.);
#9723=ORIENTED_EDGE('',*,*,#6983,.T.);
#9724=ORIENTED_EDGE('',*,*,#6984,.T.);
#9725=ORIENTED_EDGE('',*,*,#6981,.T.);
#9726=ORIENTED_EDGE('',*,*,#6912,.T.);
#9727=ORIENTED_EDGE('',*,*,#6985,.F.);
#9728=ORIENTED_EDGE('',*,*,#6986,.F.);
#9729=ORIENTED_EDGE('',*,*,#6983,.F.);
#9730=ORIENTED_EDGE('',*,*,#6911,.T.);
#9731=ORIENTED_EDGE('',*,*,#6987,.T.);
#9732=ORIENTED_EDGE('',*,*,#6988,.T.);
#9733=ORIENTED_EDGE('',*,*,#6985,.T.);
#9734=ORIENTED_EDGE('',*,*,#6910,.T.);
#9735=ORIENTED_EDGE('',*,*,#6989,.F.);
#9736=ORIENTED_EDGE('',*,*,#6990,.T.);
#9737=ORIENTED_EDGE('',*,*,#6987,.F.);
#9738=ORIENTED_EDGE('',*,*,#6909,.T.);
#9739=ORIENTED_EDGE('',*,*,#6991,.T.);
#9740=ORIENTED_EDGE('',*,*,#6992,.T.);
#9741=ORIENTED_EDGE('',*,*,#6989,.T.);
#9742=ORIENTED_EDGE('',*,*,#6908,.T.);
#9743=ORIENTED_EDGE('',*,*,#6993,.F.);
#9744=ORIENTED_EDGE('',*,*,#6994,.F.);
#9745=ORIENTED_EDGE('',*,*,#6991,.F.);
#9746=ORIENTED_EDGE('',*,*,#6907,.T.);
#9747=ORIENTED_EDGE('',*,*,#6995,.T.);
#9748=ORIENTED_EDGE('',*,*,#6996,.T.);
#9749=ORIENTED_EDGE('',*,*,#6993,.T.);
#9750=ORIENTED_EDGE('',*,*,#6906,.T.);
#9751=ORIENTED_EDGE('',*,*,#6997,.F.);
#9752=ORIENTED_EDGE('',*,*,#6998,.T.);
#9753=ORIENTED_EDGE('',*,*,#6995,.F.);
#9754=ORIENTED_EDGE('',*,*,#6905,.T.);
#9755=ORIENTED_EDGE('',*,*,#6999,.T.);
#9756=ORIENTED_EDGE('',*,*,#7000,.T.);
#9757=ORIENTED_EDGE('',*,*,#6997,.T.);
#9758=ORIENTED_EDGE('',*,*,#6904,.T.);
#9759=ORIENTED_EDGE('',*,*,#7001,.F.);
#9760=ORIENTED_EDGE('',*,*,#7002,.F.);
#9761=ORIENTED_EDGE('',*,*,#6999,.F.);
#9762=ORIENTED_EDGE('',*,*,#6903,.T.);
#9763=ORIENTED_EDGE('',*,*,#7003,.T.);
#9764=ORIENTED_EDGE('',*,*,#7004,.T.);
#9765=ORIENTED_EDGE('',*,*,#7001,.T.);
#9766=ORIENTED_EDGE('',*,*,#6902,.T.);
#9767=ORIENTED_EDGE('',*,*,#7005,.F.);
#9768=ORIENTED_EDGE('',*,*,#7006,.T.);
#9769=ORIENTED_EDGE('',*,*,#7003,.F.);
#9770=ORIENTED_EDGE('',*,*,#6901,.T.);
#9771=ORIENTED_EDGE('',*,*,#7007,.T.);
#9772=ORIENTED_EDGE('',*,*,#7008,.T.);
#9773=ORIENTED_EDGE('',*,*,#7005,.T.);
#9774=ORIENTED_EDGE('',*,*,#6900,.T.);
#9775=ORIENTED_EDGE('',*,*,#7009,.F.);
#9776=ORIENTED_EDGE('',*,*,#7010,.F.);
#9777=ORIENTED_EDGE('',*,*,#7007,.F.);
#9778=ORIENTED_EDGE('',*,*,#6899,.T.);
#9779=ORIENTED_EDGE('',*,*,#7011,.T.);
#9780=ORIENTED_EDGE('',*,*,#7012,.T.);
#9781=ORIENTED_EDGE('',*,*,#7009,.T.);
#9782=ORIENTED_EDGE('',*,*,#6898,.T.);
#9783=ORIENTED_EDGE('',*,*,#7013,.F.);
#9784=ORIENTED_EDGE('',*,*,#7014,.T.);
#9785=ORIENTED_EDGE('',*,*,#7011,.F.);
#9786=ORIENTED_EDGE('',*,*,#6897,.T.);
#9787=ORIENTED_EDGE('',*,*,#7015,.T.);
#9788=ORIENTED_EDGE('',*,*,#7016,.T.);
#9789=ORIENTED_EDGE('',*,*,#7013,.T.);
#9790=ORIENTED_EDGE('',*,*,#7017,.F.);
#9791=ORIENTED_EDGE('',*,*,#6896,.T.);
#9792=ORIENTED_EDGE('',*,*,#7018,.F.);
#9793=ORIENTED_EDGE('',*,*,#7019,.F.);
#9794=ORIENTED_EDGE('',*,*,#7015,.F.);
#9795=ORIENTED_EDGE('',*,*,#6895,.T.);
#9796=ORIENTED_EDGE('',*,*,#7020,.T.);
#9797=ORIENTED_EDGE('',*,*,#7021,.T.);
#9798=ORIENTED_EDGE('',*,*,#7018,.T.);
#9799=ORIENTED_EDGE('',*,*,#7022,.T.);
#9800=ORIENTED_EDGE('',*,*,#7023,.T.);
#9801=ORIENTED_EDGE('',*,*,#6894,.T.);
#9802=ORIENTED_EDGE('',*,*,#7024,.F.);
#9803=ORIENTED_EDGE('',*,*,#7025,.F.);
#9804=ORIENTED_EDGE('',*,*,#7020,.F.);
#9805=ORIENTED_EDGE('',*,*,#6955,.T.);
#9806=ORIENTED_EDGE('',*,*,#7026,.T.);
#9807=ORIENTED_EDGE('',*,*,#7027,.T.);
#9808=ORIENTED_EDGE('',*,*,#7028,.T.);
#9809=ORIENTED_EDGE('',*,*,#6947,.T.);
#9810=ORIENTED_EDGE('',*,*,#7029,.T.);
#9811=ORIENTED_EDGE('',*,*,#7030,.T.);
#9812=ORIENTED_EDGE('',*,*,#7031,.T.);
#9813=ORIENTED_EDGE('',*,*,#6939,.T.);
#9814=ORIENTED_EDGE('',*,*,#7032,.T.);
#9815=ORIENTED_EDGE('',*,*,#7033,.T.);
#9816=ORIENTED_EDGE('',*,*,#7034,.T.);
#9817=ORIENTED_EDGE('',*,*,#6931,.T.);
#9818=ORIENTED_EDGE('',*,*,#7035,.T.);
#9819=ORIENTED_EDGE('',*,*,#7036,.T.);
#9820=ORIENTED_EDGE('',*,*,#7037,.T.);
#9821=ORIENTED_EDGE('',*,*,#6927,.T.);
#9822=ORIENTED_EDGE('',*,*,#7038,.T.);
#9823=ORIENTED_EDGE('',*,*,#7039,.T.);
#9824=ORIENTED_EDGE('',*,*,#7040,.T.);
#9825=ORIENTED_EDGE('',*,*,#6935,.T.);
#9826=ORIENTED_EDGE('',*,*,#7041,.T.);
#9827=ORIENTED_EDGE('',*,*,#7042,.T.);
#9828=ORIENTED_EDGE('',*,*,#7043,.T.);
#9829=ORIENTED_EDGE('',*,*,#6943,.T.);
#9830=ORIENTED_EDGE('',*,*,#7044,.T.);
#9831=ORIENTED_EDGE('',*,*,#7045,.T.);
#9832=ORIENTED_EDGE('',*,*,#7046,.T.);
#9833=ORIENTED_EDGE('',*,*,#6951,.T.);
#9834=ORIENTED_EDGE('',*,*,#7047,.T.);
#9835=ORIENTED_EDGE('',*,*,#7048,.T.);
#9836=ORIENTED_EDGE('',*,*,#7049,.T.);
#9837=ORIENTED_EDGE('',*,*,#6932,.T.);
#9838=ORIENTED_EDGE('',*,*,#7037,.F.);
#9839=ORIENTED_EDGE('',*,*,#7050,.F.);
#9840=ORIENTED_EDGE('',*,*,#7051,.F.);
#9841=ORIENTED_EDGE('',*,*,#6930,.T.);
#9842=ORIENTED_EDGE('',*,*,#7052,.F.);
#9843=ORIENTED_EDGE('',*,*,#7053,.T.);
#9844=ORIENTED_EDGE('',*,*,#7035,.F.);
#9845=ORIENTED_EDGE('',*,*,#6933,.T.);
#9846=ORIENTED_EDGE('',*,*,#7051,.T.);
#9847=ORIENTED_EDGE('',*,*,#7054,.T.);
#9848=ORIENTED_EDGE('',*,*,#7055,.T.);
#9849=ORIENTED_EDGE('',*,*,#6929,.T.);
#9850=ORIENTED_EDGE('',*,*,#7056,.T.);
#9851=ORIENTED_EDGE('',*,*,#7057,.T.);
#9852=ORIENTED_EDGE('',*,*,#7052,.T.);
#9853=ORIENTED_EDGE('',*,*,#6948,.T.);
#9854=ORIENTED_EDGE('',*,*,#7031,.F.);
#9855=ORIENTED_EDGE('',*,*,#7058,.F.);
#9856=ORIENTED_EDGE('',*,*,#7059,.F.);
#9857=ORIENTED_EDGE('',*,*,#6946,.T.);
#9858=ORIENTED_EDGE('',*,*,#7060,.F.);
#9859=ORIENTED_EDGE('',*,*,#7061,.T.);
#9860=ORIENTED_EDGE('',*,*,#7029,.F.);
#9861=ORIENTED_EDGE('',*,*,#6949,.T.);
#9862=ORIENTED_EDGE('',*,*,#7059,.T.);
#9863=ORIENTED_EDGE('',*,*,#7062,.T.);
#9864=ORIENTED_EDGE('',*,*,#7063,.T.);
#9865=ORIENTED_EDGE('',*,*,#6945,.T.);
#9866=ORIENTED_EDGE('',*,*,#7064,.T.);
#9867=ORIENTED_EDGE('',*,*,#7065,.T.);
#9868=ORIENTED_EDGE('',*,*,#7060,.T.);
#9869=ORIENTED_EDGE('',*,*,#6952,.T.);
#9870=ORIENTED_EDGE('',*,*,#7049,.F.);
#9871=ORIENTED_EDGE('',*,*,#7066,.F.);
#9872=ORIENTED_EDGE('',*,*,#7067,.F.);
#9873=ORIENTED_EDGE('',*,*,#6950,.T.);
#9874=ORIENTED_EDGE('',*,*,#7063,.F.);
#9875=ORIENTED_EDGE('',*,*,#7068,.T.);
#9876=ORIENTED_EDGE('',*,*,#7047,.F.);
#9877=ORIENTED_EDGE('',*,*,#6953,.T.);
#9878=ORIENTED_EDGE('',*,*,#7067,.T.);
#9879=ORIENTED_EDGE('',*,*,#7069,.T.);
#9880=ORIENTED_EDGE('',*,*,#7070,.T.);
#9881=ORIENTED_EDGE('',*,*,#6936,.T.);
#9882=ORIENTED_EDGE('',*,*,#7043,.F.);
#9883=ORIENTED_EDGE('',*,*,#7071,.F.);
#9884=ORIENTED_EDGE('',*,*,#7072,.F.);
#9885=ORIENTED_EDGE('',*,*,#6934,.T.);
#9886=ORIENTED_EDGE('',*,*,#7055,.F.);
#9887=ORIENTED_EDGE('',*,*,#7073,.T.);
#9888=ORIENTED_EDGE('',*,*,#7041,.F.);
#9889=ORIENTED_EDGE('',*,*,#6937,.T.);
#9890=ORIENTED_EDGE('',*,*,#7072,.T.);
#9891=ORIENTED_EDGE('',*,*,#7074,.T.);
#9892=ORIENTED_EDGE('',*,*,#7075,.T.);
#9893=ORIENTED_EDGE('',*,*,#6944,.T.);
#9894=ORIENTED_EDGE('',*,*,#7046,.F.);
#9895=ORIENTED_EDGE('',*,*,#7076,.F.);
#9896=ORIENTED_EDGE('',*,*,#7064,.F.);
#9897=ORIENTED_EDGE('',*,*,#6942,.T.);
#9898=ORIENTED_EDGE('',*,*,#7077,.F.);
#9899=ORIENTED_EDGE('',*,*,#7078,.T.);
#9900=ORIENTED_EDGE('',*,*,#7044,.F.);
#9901=ORIENTED_EDGE('',*,*,#6941,.T.);
#9902=ORIENTED_EDGE('',*,*,#7079,.T.);
#9903=ORIENTED_EDGE('',*,*,#7080,.T.);
#9904=ORIENTED_EDGE('',*,*,#7077,.T.);
#9905=ORIENTED_EDGE('',*,*,#6928,.T.);
#9906=ORIENTED_EDGE('',*,*,#7040,.F.);
#9907=ORIENTED_EDGE('',*,*,#7081,.F.);
#9908=ORIENTED_EDGE('',*,*,#7056,.F.);
#9909=ORIENTED_EDGE('',*,*,#6926,.T.);
#9910=ORIENTED_EDGE('',*,*,#6960,.F.);
#9911=ORIENTED_EDGE('',*,*,#7082,.T.);
#9912=ORIENTED_EDGE('',*,*,#7038,.F.);
#9913=ORIENTED_EDGE('',*,*,#6956,.T.);
#9914=ORIENTED_EDGE('',*,*,#7028,.F.);
#9915=ORIENTED_EDGE('',*,*,#7083,.F.);
#9916=ORIENTED_EDGE('',*,*,#7084,.F.);
#9917=ORIENTED_EDGE('',*,*,#6954,.T.);
#9918=ORIENTED_EDGE('',*,*,#7070,.F.);
#9919=ORIENTED_EDGE('',*,*,#7085,.T.);
#9920=ORIENTED_EDGE('',*,*,#7026,.F.);
#9921=ORIENTED_EDGE('',*,*,#6957,.T.);
#9922=ORIENTED_EDGE('',*,*,#7084,.T.);
#9923=ORIENTED_EDGE('',*,*,#7086,.T.);
#9924=ORIENTED_EDGE('',*,*,#7024,.T.);
#9925=ORIENTED_EDGE('',*,*,#7087,.F.);
#9926=ORIENTED_EDGE('',*,*,#6940,.T.);
#9927=ORIENTED_EDGE('',*,*,#7034,.F.);
#9928=ORIENTED_EDGE('',*,*,#7088,.F.);
#9929=ORIENTED_EDGE('',*,*,#7079,.F.);
#9930=ORIENTED_EDGE('',*,*,#6938,.T.);
#9931=ORIENTED_EDGE('',*,*,#7075,.F.);
#9932=ORIENTED_EDGE('',*,*,#7089,.T.);
#9933=ORIENTED_EDGE('',*,*,#7032,.F.);
#9934=ORIENTED_EDGE('',*,*,#7025,.T.);
#9935=ORIENTED_EDGE('',*,*,#7086,.F.);
#9936=ORIENTED_EDGE('',*,*,#7083,.T.);
#9937=ORIENTED_EDGE('',*,*,#7027,.F.);
#9938=ORIENTED_EDGE('',*,*,#7085,.F.);
#9939=ORIENTED_EDGE('',*,*,#7069,.F.);
#9940=ORIENTED_EDGE('',*,*,#7066,.T.);
#9941=ORIENTED_EDGE('',*,*,#7048,.F.);
#9942=ORIENTED_EDGE('',*,*,#7068,.F.);
#9943=ORIENTED_EDGE('',*,*,#7062,.F.);
#9944=ORIENTED_EDGE('',*,*,#7058,.T.);
#9945=ORIENTED_EDGE('',*,*,#7030,.F.);
#9946=ORIENTED_EDGE('',*,*,#7061,.F.);
#9947=ORIENTED_EDGE('',*,*,#7065,.F.);
#9948=ORIENTED_EDGE('',*,*,#7076,.T.);
#9949=ORIENTED_EDGE('',*,*,#7045,.F.);
#9950=ORIENTED_EDGE('',*,*,#7078,.F.);
#9951=ORIENTED_EDGE('',*,*,#7080,.F.);
#9952=ORIENTED_EDGE('',*,*,#7088,.T.);
#9953=ORIENTED_EDGE('',*,*,#7033,.F.);
#9954=ORIENTED_EDGE('',*,*,#7089,.F.);
#9955=ORIENTED_EDGE('',*,*,#7074,.F.);
#9956=ORIENTED_EDGE('',*,*,#7071,.T.);
#9957=ORIENTED_EDGE('',*,*,#7042,.F.);
#9958=ORIENTED_EDGE('',*,*,#7073,.F.);
#9959=ORIENTED_EDGE('',*,*,#7054,.F.);
#9960=ORIENTED_EDGE('',*,*,#7050,.T.);
#9961=ORIENTED_EDGE('',*,*,#7036,.F.);
#9962=ORIENTED_EDGE('',*,*,#7053,.F.);
#9963=ORIENTED_EDGE('',*,*,#7057,.F.);
#9964=ORIENTED_EDGE('',*,*,#7081,.T.);
#9965=ORIENTED_EDGE('',*,*,#7039,.F.);
#9966=ORIENTED_EDGE('',*,*,#7082,.F.);
#9967=ORIENTED_EDGE('',*,*,#6959,.F.);
#9968=ORIENTED_EDGE('',*,*,#6962,.T.);
#9969=ORIENTED_EDGE('',*,*,#6964,.F.);
#9970=ORIENTED_EDGE('',*,*,#6966,.F.);
#9971=ORIENTED_EDGE('',*,*,#6968,.F.);
#9972=ORIENTED_EDGE('',*,*,#6970,.T.);
#9973=ORIENTED_EDGE('',*,*,#6972,.F.);
#9974=ORIENTED_EDGE('',*,*,#6974,.F.);
#9975=ORIENTED_EDGE('',*,*,#6976,.F.);
#9976=ORIENTED_EDGE('',*,*,#6978,.T.);
#9977=ORIENTED_EDGE('',*,*,#6980,.F.);
#9978=ORIENTED_EDGE('',*,*,#6982,.F.);
#9979=ORIENTED_EDGE('',*,*,#6984,.F.);
#9980=ORIENTED_EDGE('',*,*,#6986,.T.);
#9981=ORIENTED_EDGE('',*,*,#6988,.F.);
#9982=ORIENTED_EDGE('',*,*,#6990,.F.);
#9983=ORIENTED_EDGE('',*,*,#6992,.F.);
#9984=ORIENTED_EDGE('',*,*,#6994,.T.);
#9985=ORIENTED_EDGE('',*,*,#6996,.F.);
#9986=ORIENTED_EDGE('',*,*,#6998,.F.);
#9987=ORIENTED_EDGE('',*,*,#7000,.F.);
#9988=ORIENTED_EDGE('',*,*,#7002,.T.);
#9989=ORIENTED_EDGE('',*,*,#7004,.F.);
#9990=ORIENTED_EDGE('',*,*,#7006,.F.);
#9991=ORIENTED_EDGE('',*,*,#7008,.F.);
#9992=ORIENTED_EDGE('',*,*,#7010,.T.);
#9993=ORIENTED_EDGE('',*,*,#7012,.F.);
#9994=ORIENTED_EDGE('',*,*,#7014,.F.);
#9995=ORIENTED_EDGE('',*,*,#7016,.F.);
#9996=ORIENTED_EDGE('',*,*,#7019,.T.);
#9997=ORIENTED_EDGE('',*,*,#7021,.F.);
#9998=ORIENTED_EDGE('',*,*,#7017,.T.);
#9999=ORIENTED_EDGE('',*,*,#7090,.T.);
#10000=ORIENTED_EDGE('',*,*,#7022,.F.);
#10001=ORIENTED_EDGE('',*,*,#7090,.F.);
#10002=ORIENTED_EDGE('',*,*,#7087,.T.);
#10003=ORIENTED_EDGE('',*,*,#7091,.T.);
#10004=ORIENTED_EDGE('',*,*,#7023,.F.);
#10005=ORIENTED_EDGE('',*,*,#7091,.F.);
#10006=CONICAL_SURFACE('',#10785,0.7365,1.02974425867665);
#10007=CONICAL_SURFACE('',#10789,0.7365,1.02974425867665);
#10008=CONICAL_SURFACE('',#10793,0.7365,1.02974425867665);
#10009=CONICAL_SURFACE('',#10797,0.7365,1.02974425867665);
#10010=CONICAL_SURFACE('',#10801,0.7365,1.02974425867665);
#10011=CONICAL_SURFACE('',#10805,0.7365,1.02974425867665);
#10012=CONICAL_SURFACE('',#10809,0.7365,1.02974425867665);
#10013=CONICAL_SURFACE('',#10813,0.7365,1.02974425867665);
#10014=CONICAL_SURFACE('',#10902,0.7365,1.02974425867665);
#10015=CONICAL_SURFACE('',#10906,0.7365,1.02974425867665);
#10016=CONICAL_SURFACE('',#10910,0.7365,1.02974425867665);
#10017=CONICAL_SURFACE('',#10914,0.7365,1.02974425867665);
#10018=CONICAL_SURFACE('',#10977,0.7365,1.02974425867665);
#10019=CONICAL_SURFACE('',#10981,0.7365,1.02974425867665);
#10020=CONICAL_SURFACE('',#10985,0.7365,1.02974425867665);
#10021=CONICAL_SURFACE('',#10989,0.7365,1.02974425867665);
#10022=CONICAL_SURFACE('',#10993,0.7365,1.02974425867665);
#10023=CONICAL_SURFACE('',#10997,0.7365,1.02974425867665);
#10024=CONICAL_SURFACE('',#11001,0.7365,1.02974425867665);
#10025=CONICAL_SURFACE('',#11005,0.7365,1.02974425867665);
#10026=CONICAL_SURFACE('',#11019,0.7365,1.02974425867665);
#10027=CONICAL_SURFACE('',#11023,0.7365,1.02974425867665);
#10028=CONICAL_SURFACE('',#11027,0.7365,1.02974425867665);
#10029=CONICAL_SURFACE('',#11031,0.7365,1.02974425867665);
#10030=CONICAL_SURFACE('',#11237,0.7365,1.02974425867665);
#10031=CONICAL_SURFACE('',#11241,0.7365,1.02974425867665);
#10032=CONICAL_SURFACE('',#11273,0.7365,1.02974425867665);
#10033=CONICAL_SURFACE('',#11276,0.7365,1.02974425867665);
#10034=CONICAL_SURFACE('',#11529,0.7365,1.02974425867665);
#10035=CONICAL_SURFACE('',#11533,0.7365,1.02974425867665);
#10036=CONICAL_SURFACE('',#11537,0.7365,1.02974425867665);
#10037=CONICAL_SURFACE('',#11541,0.7365,1.02974425867665);
#10038=ADVANCED_FACE('',(#886),#10006,.F.);
#10039=ADVANCED_FACE('',(#887),#706,.F.);
#10040=ADVANCED_FACE('',(#888),#10007,.F.);
#10041=ADVANCED_FACE('',(#889),#707,.F.);
#10042=ADVANCED_FACE('',(#890),#10008,.F.);
#10043=ADVANCED_FACE('',(#891),#708,.F.);
#10044=ADVANCED_FACE('',(#892),#10009,.F.);
#10045=ADVANCED_FACE('',(#893),#709,.F.);
#10046=ADVANCED_FACE('',(#894),#10010,.F.);
#10047=ADVANCED_FACE('',(#895),#710,.F.);
#10048=ADVANCED_FACE('',(#896),#10011,.F.);
#10049=ADVANCED_FACE('',(#897),#711,.F.);
#10050=ADVANCED_FACE('',(#898),#10012,.F.);
#10051=ADVANCED_FACE('',(#899),#712,.F.);
#10052=ADVANCED_FACE('',(#900),#10013,.F.);
#10053=ADVANCED_FACE('',(#901),#713,.F.);
#10054=ADVANCED_FACE('',(#902),#366,.F.);
#10055=ADVANCED_FACE('',(#903),#367,.F.);
#10056=ADVANCED_FACE('',(#904),#368,.F.);
#10057=ADVANCED_FACE('',(#905),#369,.F.);
#10058=ADVANCED_FACE('',(#906),#370,.F.);
#10059=ADVANCED_FACE('',(#907),#371,.F.);
#10060=ADVANCED_FACE('',(#908),#372,.F.);
#10061=ADVANCED_FACE('',(#909),#373,.F.);
#10062=ADVANCED_FACE('',(#910),#374,.F.);
#10063=ADVANCED_FACE('',(#911),#375,.F.);
#10064=ADVANCED_FACE('',(#912),#376,.T.);
#10065=ADVANCED_FACE('',(#913),#377,.F.);
#10066=ADVANCED_FACE('',(#914),#378,.F.);
#10067=ADVANCED_FACE('',(#915),#379,.F.);
#10068=ADVANCED_FACE('',(#916),#380,.F.);
#10069=ADVANCED_FACE('',(#917),#381,.F.);
#10070=ADVANCED_FACE('',(#918),#382,.F.);
#10071=ADVANCED_FACE('',(#919),#383,.T.);
#10072=ADVANCED_FACE('',(#920),#384,.F.);
#10073=ADVANCED_FACE('',(#921),#385,.F.);
#10074=ADVANCED_FACE('',(#922),#386,.T.);
#10075=ADVANCED_FACE('',(#923),#387,.F.);
#10076=ADVANCED_FACE('',(#924),#388,.T.);
#10077=ADVANCED_FACE('',(#925),#389,.F.);
#10078=ADVANCED_FACE('',(#926),#390,.F.);
#10079=ADVANCED_FACE('',(#927),#391,.F.);
#10080=ADVANCED_FACE('',(#928),#392,.F.);
#10081=ADVANCED_FACE('',(#929),#393,.F.);
#10082=ADVANCED_FACE('',(#930),#394,.F.);
#10083=ADVANCED_FACE('',(#931),#395,.T.);
#10084=ADVANCED_FACE('',(#932),#396,.T.);
#10085=ADVANCED_FACE('',(#933),#397,.F.);
#10086=ADVANCED_FACE('',(#934),#398,.F.);
#10087=ADVANCED_FACE('',(#935),#399,.T.);
#10088=ADVANCED_FACE('',(#936),#400,.T.);
#10089=ADVANCED_FACE('',(#937),#401,.F.);
#10090=ADVANCED_FACE('',(#938),#402,.F.);
#10091=ADVANCED_FACE('',(#939),#403,.F.);
#10092=ADVANCED_FACE('',(#940),#404,.F.);
#10093=ADVANCED_FACE('',(#941),#405,.F.);
#10094=ADVANCED_FACE('',(#942),#406,.F.);
#10095=ADVANCED_FACE('',(#943),#407,.T.);
#10096=ADVANCED_FACE('',(#944),#408,.T.);
#10097=ADVANCED_FACE('',(#945),#409,.T.);
#10098=ADVANCED_FACE('',(#946),#410,.F.);
#10099=ADVANCED_FACE('',(#947),#411,.F.);
#10100=ADVANCED_FACE('',(#948),#412,.F.);
#10101=ADVANCED_FACE('',(#949),#413,.F.);
#10102=ADVANCED_FACE('',(#950),#414,.T.);
#10103=ADVANCED_FACE('',(#951),#415,.T.);
#10104=ADVANCED_FACE('',(#952),#416,.F.);
#10105=ADVANCED_FACE('',(#953),#417,.F.);
#10106=ADVANCED_FACE('',(#954),#418,.F.);
#10107=ADVANCED_FACE('',(#955),#419,.F.);
#10108=ADVANCED_FACE('',(#956),#420,.T.);
#10109=ADVANCED_FACE('',(#957),#421,.F.);
#10110=ADVANCED_FACE('',(#958),#422,.F.);
#10111=ADVANCED_FACE('',(#959),#423,.F.);
#10112=ADVANCED_FACE('',(#960),#424,.T.);
#10113=ADVANCED_FACE('',(#961),#425,.T.);
#10114=ADVANCED_FACE('',(#962),#426,.F.);
#10115=ADVANCED_FACE('',(#963),#427,.T.);
#10116=ADVANCED_FACE('',(#964),#428,.T.);
#10117=ADVANCED_FACE('',(#965),#429,.T.);
#10118=ADVANCED_FACE('',(#966),#430,.T.);
#10119=ADVANCED_FACE('',(#967),#714,.T.);
#10120=ADVANCED_FACE('',(#968),#431,.T.);
#10121=ADVANCED_FACE('',(#969),#715,.T.);
#10122=ADVANCED_FACE('',(#970),#432,.T.);
#10123=ADVANCED_FACE('',(#971),#433,.T.);
#10124=ADVANCED_FACE('',(#972,#225,#226,#227,#228,#229,#230,#231,#232,#233,
#234,#235),#434,.F.);
#10125=ADVANCED_FACE('',(#973),#10014,.F.);
#10126=ADVANCED_FACE('',(#974),#716,.F.);
#10127=ADVANCED_FACE('',(#975),#10015,.F.);
#10128=ADVANCED_FACE('',(#976),#717,.F.);
#10129=ADVANCED_FACE('',(#977),#10016,.F.);
#10130=ADVANCED_FACE('',(#978),#718,.F.);
#10131=ADVANCED_FACE('',(#979),#10017,.F.);
#10132=ADVANCED_FACE('',(#980),#719,.F.);
#10133=ADVANCED_FACE('',(#981),#720,.T.);
#10134=ADVANCED_FACE('',(#982),#435,.F.);
#10135=ADVANCED_FACE('',(#983),#721,.T.);
#10136=ADVANCED_FACE('',(#984),#436,.F.);
#10137=ADVANCED_FACE('',(#985),#722,.T.);
#10138=ADVANCED_FACE('',(#986),#437,.F.);
#10139=ADVANCED_FACE('',(#987),#723,.T.);
#10140=ADVANCED_FACE('',(#988),#438,.F.);
#10141=ADVANCED_FACE('',(#989,#236),#439,.F.);
#10142=ADVANCED_FACE('',(#990,#237),#440,.F.);
#10143=ADVANCED_FACE('',(#991),#724,.F.);
#10144=ADVANCED_FACE('',(#992),#441,.T.);
#10145=ADVANCED_FACE('',(#993),#725,.F.);
#10146=ADVANCED_FACE('',(#994),#442,.T.);
#10147=ADVANCED_FACE('',(#995),#726,.F.);
#10148=ADVANCED_FACE('',(#996),#727,.F.);
#10149=ADVANCED_FACE('',(#997),#728,.T.);
#10150=ADVANCED_FACE('',(#998),#443,.T.);
#10151=ADVANCED_FACE('',(#999),#729,.T.);
#10152=ADVANCED_FACE('',(#1000),#730,.T.);
#10153=ADVANCED_FACE('',(#1001),#444,.T.);
#10154=ADVANCED_FACE('',(#1002),#731,.T.);
#10155=ADVANCED_FACE('',(#1003),#732,.T.);
#10156=ADVANCED_FACE('',(#1004),#733,.T.);
#10157=ADVANCED_FACE('',(#1005),#445,.T.);
#10158=ADVANCED_FACE('',(#1006),#446,.T.);
#10159=ADVANCED_FACE('',(#1007,#238,#239,#240,#241,#242),#447,.T.);
#10160=ADVANCED_FACE('',(#1008),#448,.T.);
#10161=ADVANCED_FACE('',(#1009),#734,.T.);
#10162=ADVANCED_FACE('',(#1010),#449,.F.);
#10163=ADVANCED_FACE('',(#1011),#450,.T.);
#10164=ADVANCED_FACE('',(#1012),#735,.T.);
#10165=ADVANCED_FACE('',(#1013),#10018,.F.);
#10166=ADVANCED_FACE('',(#1014),#736,.F.);
#10167=ADVANCED_FACE('',(#1015),#10019,.F.);
#10168=ADVANCED_FACE('',(#1016),#737,.F.);
#10169=ADVANCED_FACE('',(#1017),#10020,.F.);
#10170=ADVANCED_FACE('',(#1018),#738,.F.);
#10171=ADVANCED_FACE('',(#1019),#10021,.F.);
#10172=ADVANCED_FACE('',(#1020),#739,.F.);
#10173=ADVANCED_FACE('',(#1021),#10022,.F.);
#10174=ADVANCED_FACE('',(#1022),#740,.F.);
#10175=ADVANCED_FACE('',(#1023),#10023,.F.);
#10176=ADVANCED_FACE('',(#1024),#741,.F.);
#10177=ADVANCED_FACE('',(#1025),#10024,.F.);
#10178=ADVANCED_FACE('',(#1026),#742,.F.);
#10179=ADVANCED_FACE('',(#1027),#10025,.F.);
#10180=ADVANCED_FACE('',(#1028),#743,.F.);
#10181=ADVANCED_FACE('',(#1029),#451,.T.);
#10182=ADVANCED_FACE('',(#1030),#452,.F.);
#10183=ADVANCED_FACE('',(#1031),#453,.T.);
#10184=ADVANCED_FACE('',(#1032,#243,#244,#245,#246,#247,#248,#249,#250,
#251),#454,.F.);
#10185=ADVANCED_FACE('',(#1033),#10026,.F.);
#10186=ADVANCED_FACE('',(#1034),#744,.F.);
#10187=ADVANCED_FACE('',(#1035),#10027,.F.);
#10188=ADVANCED_FACE('',(#1036),#745,.F.);
#10189=ADVANCED_FACE('',(#1037),#10028,.F.);
#10190=ADVANCED_FACE('',(#1038),#746,.F.);
#10191=ADVANCED_FACE('',(#1039),#10029,.F.);
#10192=ADVANCED_FACE('',(#1040),#747,.F.);
#10193=ADVANCED_FACE('',(#1041),#748,.T.);
#10194=ADVANCED_FACE('',(#1042),#455,.F.);
#10195=ADVANCED_FACE('',(#1043),#749,.T.);
#10196=ADVANCED_FACE('',(#1044),#456,.F.);
#10197=ADVANCED_FACE('',(#1045),#750,.T.);
#10198=ADVANCED_FACE('',(#1046),#457,.F.);
#10199=ADVANCED_FACE('',(#1047),#751,.T.);
#10200=ADVANCED_FACE('',(#1048),#458,.F.);
#10201=ADVANCED_FACE('',(#1049,#252),#459,.F.);
#10202=ADVANCED_FACE('',(#1050,#253),#460,.F.);
#10203=ADVANCED_FACE('',(#1051),#752,.F.);
#10204=ADVANCED_FACE('',(#1052),#461,.T.);
#10205=ADVANCED_FACE('',(#1053),#753,.F.);
#10206=ADVANCED_FACE('',(#1054),#462,.T.);
#10207=ADVANCED_FACE('',(#1055),#754,.F.);
#10208=ADVANCED_FACE('',(#1056),#755,.F.);
#10209=ADVANCED_FACE('',(#1057),#756,.T.);
#10210=ADVANCED_FACE('',(#1058),#463,.T.);
#10211=ADVANCED_FACE('',(#1059),#757,.T.);
#10212=ADVANCED_FACE('',(#1060),#758,.T.);
#10213=ADVANCED_FACE('',(#1061),#464,.T.);
#10214=ADVANCED_FACE('',(#1062),#759,.T.);
#10215=ADVANCED_FACE('',(#1063),#760,.T.);
#10216=ADVANCED_FACE('',(#1064),#761,.T.);
#10217=ADVANCED_FACE('',(#1065),#465,.T.);
#10218=ADVANCED_FACE('',(#1066),#466,.T.);
#10219=ADVANCED_FACE('',(#1067,#254,#255,#256,#257,#258),#467,.T.);
#10220=ADVANCED_FACE('',(#1068,#259),#468,.T.);
#10221=ADVANCED_FACE('',(#1069),#762,.T.);
#10222=ADVANCED_FACE('',(#1070),#763,.F.);
#10223=ADVANCED_FACE('',(#1071),#764,.F.);
#10224=ADVANCED_FACE('',(#1072),#765,.F.);
#10225=ADVANCED_FACE('',(#1073),#766,.F.);
#10226=ADVANCED_FACE('',(#1074),#469,.T.);
#10227=ADVANCED_FACE('',(#1075),#470,.T.);
#10228=ADVANCED_FACE('',(#1076,#260),#471,.F.);
#10229=ADVANCED_FACE('',(#1077),#767,.T.);
#10230=ADVANCED_FACE('',(#1078),#472,.T.);
#10231=ADVANCED_FACE('',(#1079,#261),#473,.F.);
#10232=ADVANCED_FACE('',(#1080),#768,.T.);
#10233=ADVANCED_FACE('',(#1081),#474,.T.);
#10234=ADVANCED_FACE('',(#1082),#769,.T.);
#10235=ADVANCED_FACE('',(#1083),#770,.T.);
#10236=ADVANCED_FACE('',(#1084),#475,.T.);
#10237=ADVANCED_FACE('',(#1085),#476,.T.);
#10238=ADVANCED_FACE('',(#1086),#771,.F.);
#10239=ADVANCED_FACE('',(#1087),#772,.F.);
#10240=ADVANCED_FACE('',(#1088),#477,.T.);
#10241=ADVANCED_FACE('',(#1089),#478,.T.);
#10242=ADVANCED_FACE('',(#1090,#262),#479,.T.);
#10243=ADVANCED_FACE('',(#1091,#263,#264),#480,.T.);
#10244=ADVANCED_FACE('',(#1092,#265),#481,.T.);
#10245=ADVANCED_FACE('',(#1093),#482,.T.);
#10246=ADVANCED_FACE('',(#1094),#483,.T.);
#10247=ADVANCED_FACE('',(#1095,#266),#484,.T.);
#10248=ADVANCED_FACE('',(#1096,#267),#485,.T.);
#10249=ADVANCED_FACE('',(#1097),#773,.F.);
#10250=ADVANCED_FACE('',(#1098),#774,.F.);
#10251=ADVANCED_FACE('',(#1099),#486,.T.);
#10252=ADVANCED_FACE('',(#1100),#487,.T.);
#10253=ADVANCED_FACE('',(#1101,#268,#269,#270,#271,#272,#273),#488,.F.);
#10254=ADVANCED_FACE('',(#1102),#489,.T.);
#10255=ADVANCED_FACE('',(#1103),#775,.F.);
#10256=ADVANCED_FACE('',(#1104),#776,.F.);
#10257=ADVANCED_FACE('',(#1105),#490,.T.);
#10258=ADVANCED_FACE('',(#1106),#777,.T.);
#10259=ADVANCED_FACE('',(#1107,#274,#275,#276,#277,#278),#491,.F.);
#10260=ADVANCED_FACE('',(#1108),#778,.F.);
#10261=ADVANCED_FACE('',(#1109),#779,.F.);
#10262=ADVANCED_FACE('',(#1110),#780,.F.);
#10263=ADVANCED_FACE('',(#1111),#781,.F.);
#10264=ADVANCED_FACE('',(#1112),#492,.T.);
#10265=ADVANCED_FACE('',(#1113),#493,.F.);
#10266=ADVANCED_FACE('',(#1114,#279,#280,#281,#282,#283),#494,.T.);
#10267=ADVANCED_FACE('',(#1115,#284),#495,.F.);
#10268=ADVANCED_FACE('',(#1116),#782,.F.);
#10269=ADVANCED_FACE('',(#1117),#783,.F.);
#10270=ADVANCED_FACE('',(#1118),#784,.F.);
#10271=ADVANCED_FACE('',(#1119),#785,.F.);
#10272=ADVANCED_FACE('',(#1120),#786,.T.);
#10273=ADVANCED_FACE('',(#1121),#496,.T.);
#10274=ADVANCED_FACE('',(#1122),#787,.T.);
#10275=ADVANCED_FACE('',(#1123),#497,.T.);
#10276=ADVANCED_FACE('',(#1124),#788,.T.);
#10277=ADVANCED_FACE('',(#1125),#498,.T.);
#10278=ADVANCED_FACE('',(#1126),#789,.T.);
#10279=ADVANCED_FACE('',(#1127),#499,.T.);
#10280=ADVANCED_FACE('',(#1128),#790,.F.);
#10281=ADVANCED_FACE('',(#1129),#791,.F.);
#10282=ADVANCED_FACE('',(#1130),#500,.T.);
#10283=ADVANCED_FACE('',(#1131),#501,.T.);
#10284=ADVANCED_FACE('',(#1132,#285),#502,.T.);
#10285=ADVANCED_FACE('',(#1133,#286,#287),#503,.T.);
#10286=ADVANCED_FACE('',(#1134,#288),#504,.T.);
#10287=ADVANCED_FACE('',(#1135),#505,.T.);
#10288=ADVANCED_FACE('',(#1136),#506,.T.);
#10289=ADVANCED_FACE('',(#1137,#289),#507,.T.);
#10290=ADVANCED_FACE('',(#1138,#290),#508,.T.);
#10291=ADVANCED_FACE('',(#1139),#792,.F.);
#10292=ADVANCED_FACE('',(#1140),#793,.F.);
#10293=ADVANCED_FACE('',(#1141),#509,.F.);
#10294=ADVANCED_FACE('',(#1142),#510,.T.);
#10295=ADVANCED_FACE('',(#1143),#511,.F.);
#10296=ADVANCED_FACE('',(#1144,#291,#292,#293,#294,#295,#296),#512,.F.);
#10297=ADVANCED_FACE('',(#1145),#513,.T.);
#10298=ADVANCED_FACE('',(#1146),#794,.F.);
#10299=ADVANCED_FACE('',(#1147),#795,.F.);
#10300=ADVANCED_FACE('',(#1148),#10030,.F.);
#10301=ADVANCED_FACE('',(#1149),#796,.F.);
#10302=ADVANCED_FACE('',(#1150),#10031,.F.);
#10303=ADVANCED_FACE('',(#1151),#797,.F.);
#10304=ADVANCED_FACE('',(#1152),#514,.F.);
#10305=ADVANCED_FACE('',(#1153),#515,.T.);
#10306=ADVANCED_FACE('',(#1154),#516,.T.);
#10307=ADVANCED_FACE('',(#1155),#517,.T.);
#10308=ADVANCED_FACE('',(#1156),#798,.F.);
#10309=ADVANCED_FACE('',(#1157),#799,.F.);
#10310=ADVANCED_FACE('',(#1158),#800,.F.);
#10311=ADVANCED_FACE('',(#1159),#801,.F.);
#10312=ADVANCED_FACE('',(#1160),#802,.F.);
#10313=ADVANCED_FACE('',(#1161),#803,.F.);
#10314=ADVANCED_FACE('',(#1162),#10032,.F.);
#10315=ADVANCED_FACE('',(#1163),#804,.F.);
#10316=ADVANCED_FACE('',(#1164),#10033,.F.);
#10317=ADVANCED_FACE('',(#1165),#805,.F.);
#10318=ADVANCED_FACE('',(#1166,#297),#518,.T.);
#10319=ADVANCED_FACE('',(#1167,#298),#519,.T.);
#10320=ADVANCED_FACE('',(#1168,#299),#520,.T.);
#10321=ADVANCED_FACE('',(#1169,#300),#521,.T.);
#10322=ADVANCED_FACE('',(#1170,#301,#302),#522,.T.);
#10323=ADVANCED_FACE('',(#1171,#303,#304),#523,.T.);
#10324=ADVANCED_FACE('',(#1172),#806,.F.);
#10325=ADVANCED_FACE('',(#1173),#807,.F.);
#10326=ADVANCED_FACE('',(#1174),#524,.F.);
#10327=ADVANCED_FACE('',(#1175,#305,#306,#307,#308),#525,.T.);
#10328=ADVANCED_FACE('',(#1176),#526,.T.);
#10329=ADVANCED_FACE('',(#1177),#808,.F.);
#10330=ADVANCED_FACE('',(#1178),#809,.F.);
#10331=ADVANCED_FACE('',(#1179,#309),#810,.F.);
#10332=ADVANCED_FACE('',(#1180),#811,.F.);
#10333=ADVANCED_FACE('',(#1181,#310),#527,.T.);
#10334=ADVANCED_FACE('',(#1182,#311,#312,#313,#314),#528,.T.);
#10335=ADVANCED_FACE('',(#1183,#315,#316),#529,.T.);
#10336=ADVANCED_FACE('',(#1184,#317),#530,.T.);
#10337=ADVANCED_FACE('',(#1185,#318,#319),#531,.T.);
#10338=ADVANCED_FACE('',(#1186),#812,.F.);
#10339=ADVANCED_FACE('',(#1187),#813,.F.);
#10340=ADVANCED_FACE('',(#1188),#814,.F.);
#10341=ADVANCED_FACE('',(#1189),#815,.F.);
#10342=ADVANCED_FACE('',(#1190,#320,#321),#532,.T.);
#10343=ADVANCED_FACE('',(#1191,#322,#323),#533,.T.);
#10344=ADVANCED_FACE('',(#1192),#816,.T.);
#10345=ADVANCED_FACE('',(#1193,#324),#534,.F.);
#10346=ADVANCED_FACE('',(#1194),#535,.F.);
#10347=ADVANCED_FACE('',(#1195),#817,.T.);
#10348=ADVANCED_FACE('',(#1196),#818,.T.);
#10349=ADVANCED_FACE('',(#1197),#536,.F.);
#10350=ADVANCED_FACE('',(#1198),#819,.T.);
#10351=ADVANCED_FACE('',(#1199),#537,.F.);
#10352=ADVANCED_FACE('',(#1200),#538,.F.);
#10353=ADVANCED_FACE('',(#1201,#325),#539,.T.);
#10354=ADVANCED_FACE('',(#1202),#540,.T.);
#10355=ADVANCED_FACE('',(#1203),#541,.T.);
#10356=ADVANCED_FACE('',(#1204),#542,.T.);
#10357=ADVANCED_FACE('',(#1205),#543,.T.);
#10358=ADVANCED_FACE('',(#1206),#820,.T.);
#10359=ADVANCED_FACE('',(#1207,#326),#544,.F.);
#10360=ADVANCED_FACE('',(#1208),#545,.T.);
#10361=ADVANCED_FACE('',(#1209),#821,.T.);
#10362=ADVANCED_FACE('',(#1210),#822,.T.);
#10363=ADVANCED_FACE('',(#1211),#546,.T.);
#10364=ADVANCED_FACE('',(#1212),#823,.T.);
#10365=ADVANCED_FACE('',(#1213),#547,.T.);
#10366=ADVANCED_FACE('',(#1214),#548,.F.);
#10367=ADVANCED_FACE('',(#1215),#549,.F.);
#10368=ADVANCED_FACE('',(#1216),#550,.F.);
#10369=ADVANCED_FACE('',(#1217),#551,.F.);
#10370=ADVANCED_FACE('',(#1218),#552,.T.);
#10371=ADVANCED_FACE('',(#1219,#327),#553,.T.);
#10372=ADVANCED_FACE('',(#1220),#824,.T.);
#10373=ADVANCED_FACE('',(#1221),#554,.T.);
#10374=ADVANCED_FACE('',(#1222,#328),#555,.T.);
#10375=ADVANCED_FACE('',(#1223),#825,.T.);
#10376=ADVANCED_FACE('',(#1224),#556,.T.);
#10377=ADVANCED_FACE('',(#1225),#826,.T.);
#10378=ADVANCED_FACE('',(#1226),#557,.T.);
#10379=ADVANCED_FACE('',(#1227),#827,.T.);
#10380=ADVANCED_FACE('',(#1228),#558,.F.);
#10381=ADVANCED_FACE('',(#1229),#559,.F.);
#10382=ADVANCED_FACE('',(#1230),#560,.F.);
#10383=ADVANCED_FACE('',(#1231),#561,.F.);
#10384=ADVANCED_FACE('',(#1232),#562,.T.);
#10385=ADVANCED_FACE('',(#1233,#329),#563,.F.);
#10386=ADVANCED_FACE('',(#1234,#330),#564,.F.);
#10387=ADVANCED_FACE('',(#1235),#828,.F.);
#10388=ADVANCED_FACE('',(#1236),#829,.F.);
#10389=ADVANCED_FACE('',(#1237,#331),#565,.F.);
#10390=ADVANCED_FACE('',(#1238),#830,.F.);
#10391=ADVANCED_FACE('',(#1239),#831,.F.);
#10392=ADVANCED_FACE('',(#1240,#332),#566,.F.);
#10393=ADVANCED_FACE('',(#1241),#832,.F.);
#10394=ADVANCED_FACE('',(#1242),#833,.F.);
#10395=ADVANCED_FACE('',(#1243,#333),#567,.F.);
#10396=ADVANCED_FACE('',(#1244),#834,.F.);
#10397=ADVANCED_FACE('',(#1245),#835,.F.);
#10398=ADVANCED_FACE('',(#1246),#836,.F.);
#10399=ADVANCED_FACE('',(#1247),#568,.T.);
#10400=ADVANCED_FACE('',(#1248),#837,.T.);
#10401=ADVANCED_FACE('',(#1249,#334,#335,#336,#337,#338),#569,.F.);
#10402=ADVANCED_FACE('',(#1250),#838,.F.);
#10403=ADVANCED_FACE('',(#1251),#570,.T.);
#10404=ADVANCED_FACE('',(#1252),#571,.T.);
#10405=ADVANCED_FACE('',(#1253),#839,.F.);
#10406=ADVANCED_FACE('',(#1254),#572,.T.);
#10407=ADVANCED_FACE('',(#1255),#840,.T.);
#10408=ADVANCED_FACE('',(#1256),#841,.F.);
#10409=ADVANCED_FACE('',(#1257),#573,.T.);
#10410=ADVANCED_FACE('',(#1258),#574,.T.);
#10411=ADVANCED_FACE('',(#1259),#842,.F.);
#10412=ADVANCED_FACE('',(#1260),#575,.T.);
#10413=ADVANCED_FACE('',(#1261),#843,.T.);
#10414=ADVANCED_FACE('',(#1262),#844,.F.);
#10415=ADVANCED_FACE('',(#1263),#576,.T.);
#10416=ADVANCED_FACE('',(#1264),#577,.T.);
#10417=ADVANCED_FACE('',(#1265),#578,.T.);
#10418=ADVANCED_FACE('',(#1266),#845,.F.);
#10419=ADVANCED_FACE('',(#1267),#579,.F.);
#10420=ADVANCED_FACE('',(#1268),#846,.T.);
#10421=ADVANCED_FACE('',(#1269),#580,.F.);
#10422=ADVANCED_FACE('',(#1270),#847,.F.);
#10423=ADVANCED_FACE('',(#1271,#339,#340,#341,#342,#343),#581,.T.);
#10424=ADVANCED_FACE('',(#1272),#848,.T.);
#10425=ADVANCED_FACE('',(#1273),#582,.T.);
#10426=ADVANCED_FACE('',(#1274,#344),#583,.F.);
#10427=ADVANCED_FACE('',(#1275),#849,.T.);
#10428=ADVANCED_FACE('',(#1276,#345),#584,.F.);
#10429=ADVANCED_FACE('',(#1277),#585,.T.);
#10430=ADVANCED_FACE('',(#1278),#850,.T.);
#10431=ADVANCED_FACE('',(#1279),#586,.F.);
#10432=ADVANCED_FACE('',(#1280),#851,.T.);
#10433=ADVANCED_FACE('',(#1281),#852,.T.);
#10434=ADVANCED_FACE('',(#1282),#853,.T.);
#10435=ADVANCED_FACE('',(#1283),#587,.F.);
#10436=ADVANCED_FACE('',(#1284),#854,.T.);
#10437=ADVANCED_FACE('',(#1285),#588,.T.);
#10438=ADVANCED_FACE('',(#1286),#855,.T.);
#10439=ADVANCED_FACE('',(#1287),#589,.T.);
#10440=ADVANCED_FACE('',(#1288),#856,.T.);
#10441=ADVANCED_FACE('',(#1289),#590,.F.);
#10442=ADVANCED_FACE('',(#1290),#857,.T.);
#10443=ADVANCED_FACE('',(#1291),#591,.T.);
#10444=ADVANCED_FACE('',(#1292),#858,.T.);
#10445=ADVANCED_FACE('',(#1293),#859,.T.);
#10446=ADVANCED_FACE('',(#1294),#592,.F.);
#10447=ADVANCED_FACE('',(#1295),#593,.T.);
#10448=ADVANCED_FACE('',(#1296),#594,.T.);
#10449=ADVANCED_FACE('',(#1297),#595,.T.);
#10450=ADVANCED_FACE('',(#1298),#10034,.F.);
#10451=ADVANCED_FACE('',(#1299),#860,.F.);
#10452=ADVANCED_FACE('',(#1300),#10035,.F.);
#10453=ADVANCED_FACE('',(#1301),#861,.F.);
#10454=ADVANCED_FACE('',(#1302),#10036,.F.);
#10455=ADVANCED_FACE('',(#1303),#862,.F.);
#10456=ADVANCED_FACE('',(#1304),#10037,.F.);
#10457=ADVANCED_FACE('',(#1305),#863,.F.);
#10458=ADVANCED_FACE('',(#1306),#864,.F.);
#10459=ADVANCED_FACE('',(#1307),#596,.T.);
#10460=ADVANCED_FACE('',(#1308),#865,.F.);
#10461=ADVANCED_FACE('',(#1309),#866,.F.);
#10462=ADVANCED_FACE('',(#1310),#597,.T.);
#10463=ADVANCED_FACE('',(#1311),#867,.F.);
#10464=ADVANCED_FACE('',(#1312),#598,.T.);
#10465=ADVANCED_FACE('',(#1313),#599,.T.);
#10466=ADVANCED_FACE('',(#1314),#868,.T.);
#10467=ADVANCED_FACE('',(#1315,#346),#600,.F.);
#10468=ADVANCED_FACE('',(#1316),#601,.F.);
#10469=ADVANCED_FACE('',(#1317),#869,.T.);
#10470=ADVANCED_FACE('',(#1318,#347),#602,.F.);
#10471=ADVANCED_FACE('',(#1319),#603,.F.);
#10472=ADVANCED_FACE('',(#1320),#870,.T.);
#10473=ADVANCED_FACE('',(#1321),#604,.F.);
#10474=ADVANCED_FACE('',(#1322),#871,.T.);
#10475=ADVANCED_FACE('',(#1323),#872,.T.);
#10476=ADVANCED_FACE('',(#1324),#873,.T.);
#10477=ADVANCED_FACE('',(#1325),#605,.F.);
#10478=ADVANCED_FACE('',(#1326),#874,.T.);
#10479=ADVANCED_FACE('',(#1327),#606,.T.);
#10480=ADVANCED_FACE('',(#1328),#875,.T.);
#10481=ADVANCED_FACE('',(#1329),#607,.F.);
#10482=ADVANCED_FACE('',(#1330),#876,.T.);
#10483=ADVANCED_FACE('',(#1331),#608,.F.);
#10484=ADVANCED_FACE('',(#1332),#877,.T.);
#10485=ADVANCED_FACE('',(#1333),#878,.T.);
#10486=ADVANCED_FACE('',(#1334),#879,.T.);
#10487=ADVANCED_FACE('',(#1335),#609,.F.);
#10488=ADVANCED_FACE('',(#1336),#610,.F.);
#10489=ADVANCED_FACE('',(#1337),#611,.T.);
#10490=ADVANCED_FACE('',(#1338),#612,.T.);
#10491=ADVANCED_FACE('',(#1339,#348),#613,.F.);
#10492=ADVANCED_FACE('',(#1340,#349,#350,#351,#352,#353),#614,.T.);
#10493=ADVANCED_FACE('',(#1341),#615,.F.);
#10494=ADVANCED_FACE('',(#1342),#880,.F.);
#10495=ADVANCED_FACE('',(#1343),#881,.F.);
#10496=ADVANCED_FACE('',(#1344),#616,.F.);
#10497=ADVANCED_FACE('',(#1345),#617,.T.);
#10498=ADVANCED_FACE('',(#1346,#354),#618,.F.);
#10499=ADVANCED_FACE('',(#1347),#619,.T.);
#10500=ADVANCED_FACE('',(#1348),#620,.F.);
#10501=ADVANCED_FACE('',(#1349),#621,.T.);
#10502=ADVANCED_FACE('',(#1350,#355),#622,.F.);
#10503=ADVANCED_FACE('',(#1351,#356),#623,.F.);
#10504=ADVANCED_FACE('',(#1352),#624,.F.);
#10505=ADVANCED_FACE('',(#1353),#625,.T.);
#10506=ADVANCED_FACE('',(#1354,#357),#626,.T.);
#10507=ADVANCED_FACE('',(#1355),#627,.T.);
#10508=ADVANCED_FACE('',(#1356),#882,.F.);
#10509=ADVANCED_FACE('',(#1357),#628,.T.);
#10510=ADVANCED_FACE('',(#1358),#629,.F.);
#10511=ADVANCED_FACE('',(#1359,#358),#630,.F.);
#10512=ADVANCED_FACE('',(#1360,#359),#631,.F.);
#10513=ADVANCED_FACE('',(#1361),#632,.T.);
#10514=ADVANCED_FACE('',(#1362),#633,.F.);
#10515=ADVANCED_FACE('',(#1363),#634,.F.);
#10516=ADVANCED_FACE('',(#1364),#635,.T.);
#10517=ADVANCED_FACE('',(#1365,#360),#636,.F.);
#10518=ADVANCED_FACE('',(#1366),#883,.F.);
#10519=ADVANCED_FACE('',(#1367),#637,.T.);
#10520=ADVANCED_FACE('',(#1368,#361),#638,.T.);
#10521=ADVANCED_FACE('',(#1369),#639,.T.);
#10522=ADVANCED_FACE('',(#1370),#640,.F.);
#10523=ADVANCED_FACE('',(#1371),#641,.T.);
#10524=ADVANCED_FACE('',(#1372),#642,.T.);
#10525=ADVANCED_FACE('',(#1373),#643,.T.);
#10526=ADVANCED_FACE('',(#1374),#644,.T.);
#10527=ADVANCED_FACE('',(#1375),#645,.T.);
#10528=ADVANCED_FACE('',(#1376),#646,.T.);
#10529=ADVANCED_FACE('',(#1377),#647,.T.);
#10530=ADVANCED_FACE('',(#1378),#648,.T.);
#10531=ADVANCED_FACE('',(#1379),#649,.T.);
#10532=ADVANCED_FACE('',(#1380),#650,.T.);
#10533=ADVANCED_FACE('',(#1381),#651,.T.);
#10534=ADVANCED_FACE('',(#1382),#652,.T.);
#10535=ADVANCED_FACE('',(#1383),#653,.T.);
#10536=ADVANCED_FACE('',(#1384),#654,.T.);
#10537=ADVANCED_FACE('',(#1385),#655,.T.);
#10538=ADVANCED_FACE('',(#1386),#656,.T.);
#10539=ADVANCED_FACE('',(#1387),#657,.T.);
#10540=ADVANCED_FACE('',(#1388),#658,.T.);
#10541=ADVANCED_FACE('',(#1389),#659,.T.);
#10542=ADVANCED_FACE('',(#1390),#660,.T.);
#10543=ADVANCED_FACE('',(#1391),#661,.T.);
#10544=ADVANCED_FACE('',(#1392),#662,.T.);
#10545=ADVANCED_FACE('',(#1393),#663,.T.);
#10546=ADVANCED_FACE('',(#1394),#664,.T.);
#10547=ADVANCED_FACE('',(#1395),#665,.T.);
#10548=ADVANCED_FACE('',(#1396),#666,.T.);
#10549=ADVANCED_FACE('',(#1397),#667,.T.);
#10550=ADVANCED_FACE('',(#1398),#668,.T.);
#10551=ADVANCED_FACE('',(#1399,#362),#669,.T.);
#10552=ADVANCED_FACE('',(#1400),#670,.F.);
#10553=ADVANCED_FACE('',(#1401,#363,#364),#671,.F.);
#10554=ADVANCED_FACE('',(#1402),#672,.F.);
#10555=ADVANCED_FACE('',(#1403),#673,.T.);
#10556=ADVANCED_FACE('',(#1404),#674,.T.);
#10557=ADVANCED_FACE('',(#1405),#675,.T.);
#10558=ADVANCED_FACE('',(#1406),#676,.T.);
#10559=ADVANCED_FACE('',(#1407),#677,.T.);
#10560=ADVANCED_FACE('',(#1408),#678,.T.);
#10561=ADVANCED_FACE('',(#1409),#679,.T.);
#10562=ADVANCED_FACE('',(#1410),#680,.T.);
#10563=ADVANCED_FACE('',(#1411),#681,.T.);
#10564=ADVANCED_FACE('',(#1412),#682,.T.);
#10565=ADVANCED_FACE('',(#1413),#683,.T.);
#10566=ADVANCED_FACE('',(#1414),#684,.T.);
#10567=ADVANCED_FACE('',(#1415),#685,.T.);
#10568=ADVANCED_FACE('',(#1416),#686,.T.);
#10569=ADVANCED_FACE('',(#1417),#687,.T.);
#10570=ADVANCED_FACE('',(#1418),#688,.T.);
#10571=ADVANCED_FACE('',(#1419),#689,.T.);
#10572=ADVANCED_FACE('',(#1420),#690,.T.);
#10573=ADVANCED_FACE('',(#1421),#691,.T.);
#10574=ADVANCED_FACE('',(#1422),#692,.T.);
#10575=ADVANCED_FACE('',(#1423),#693,.T.);
#10576=ADVANCED_FACE('',(#1424),#694,.T.);
#10577=ADVANCED_FACE('',(#1425),#695,.T.);
#10578=ADVANCED_FACE('',(#1426),#696,.T.);
#10579=ADVANCED_FACE('',(#1427),#697,.T.);
#10580=ADVANCED_FACE('',(#1428),#698,.T.);
#10581=ADVANCED_FACE('',(#1429),#699,.T.);
#10582=ADVANCED_FACE('',(#1430),#700,.T.);
#10583=ADVANCED_FACE('',(#1431),#701,.T.);
#10584=ADVANCED_FACE('',(#1432,#365),#702,.T.);
#10585=ADVANCED_FACE('',(#1433),#703,.T.);
#10586=ADVANCED_FACE('',(#1434),#704,.T.);
#10587=ADVANCED_FACE('',(#1435),#705,.F.);
#10588=ADVANCED_FACE('',(#1436),#884,.F.);
#10589=ADVANCED_FACE('',(#1437),#885,.F.);
#10590=CLOSED_SHELL('',(#10038,#10039,#10040,#10041,#10042,#10043,#10044,
#10045,#10046,#10047,#10048,#10049,#10050,#10051,#10052,#10053,#10054,#10055,
#10056,#10057,#10058,#10059,#10060,#10061,#10062,#10063,#10064,#10065,#10066,
#10067,#10068,#10069,#10070,#10071,#10072,#10073,#10074,#10075,#10076,#10077,
#10078,#10079,#10080,#10081,#10082,#10083,#10084,#10085,#10086,#10087,#10088,
#10089,#10090,#10091,#10092,#10093,#10094,#10095,#10096,#10097,#10098,#10099,
#10100,#10101,#10102,#10103,#10104,#10105,#10106,#10107,#10108,#10109,#10110,
#10111,#10112,#10113,#10114,#10115,#10116,#10117,#10118,#10119,#10120,#10121,
#10122,#10123,#10124,#10125,#10126,#10127,#10128,#10129,#10130,#10131,#10132,
#10133,#10134,#10135,#10136,#10137,#10138,#10139,#10140,#10141,#10142,#10143,
#10144,#10145,#10146,#10147,#10148,#10149,#10150,#10151,#10152,#10153,#10154,
#10155,#10156,#10157,#10158,#10159));
#10591=CLOSED_SHELL('',(#10160,#10161,#10162,#10163,#10164,#10165,#10166,
#10167,#10168,#10169,#10170,#10171,#10172,#10173,#10174,#10175,#10176,#10177,
#10178,#10179,#10180,#10181,#10182,#10183,#10184,#10185,#10186,#10187,#10188,
#10189,#10190,#10191,#10192,#10193,#10194,#10195,#10196,#10197,#10198,#10199,
#10200,#10201,#10202,#10203,#10204,#10205,#10206,#10207,#10208,#10209,#10210,
#10211,#10212,#10213,#10214,#10215,#10216,#10217,#10218,#10219));
#10592=CLOSED_SHELL('',(#10220,#10221,#10222,#10223,#10224,#10225,#10226,
#10227,#10228,#10229,#10230,#10231,#10232,#10233,#10234,#10235,#10236,#10237));
#10593=CLOSED_SHELL('',(#10238,#10239,#10240,#10241,#10242,#10243,#10244,
#10245,#10246,#10247,#10248,#10249,#10250,#10251,#10252,#10253,#10254,#10255,
#10256,#10257));
#10594=CLOSED_SHELL('',(#10258,#10259,#10260,#10261,#10262,#10263,#10264,
#10265,#10266,#10267,#10268,#10269,#10270,#10271,#10272,#10273,#10274,#10275,
#10276,#10277,#10278,#10279));
#10595=CLOSED_SHELL('',(#10280,#10281,#10282,#10283,#10284,#10285,#10286,
#10287,#10288,#10289,#10290,#10291,#10292,#10293,#10294,#10295,#10296,#10297,
#10298,#10299));
#10596=CLOSED_SHELL('',(#10300,#10301,#10302,#10303,#10304,#10305,#10306,
#10307,#10308,#10309,#10310,#10311,#10312,#10313,#10314,#10315,#10316,#10317,
#10318,#10319,#10320,#10321,#10322,#10323));
#10597=CLOSED_SHELL('',(#10324,#10325,#10326,#10327,#10328,#10329,#10330,
#10331,#10332,#10333,#10334,#10335,#10336,#10337,#10338,#10339,#10340,#10341,
#10342,#10343));
#10598=CLOSED_SHELL('',(#10344,#10345,#10346,#10347,#10348,#10349,#10350,
#10351,#10352,#10353,#10354,#10355,#10356,#10357));
#10599=CLOSED_SHELL('',(#10358,#10359,#10360,#10361,#10362,#10363,#10364,
#10365,#10366,#10367,#10368,#10369,#10370,#10371));
#10600=CLOSED_SHELL('',(#10372,#10373,#10374,#10375,#10376,#10377,#10378,
#10379,#10380,#10381,#10382,#10383,#10384,#10385));
#10601=CLOSED_SHELL('',(#10386,#10387,#10388,#10389,#10390,#10391,#10392,
#10393,#10394,#10395,#10396,#10397,#10398,#10399,#10400,#10401,#10402,#10403,
#10404,#10405,#10406,#10407,#10408,#10409,#10410,#10411,#10412,#10413,#10414,
#10415,#10416,#10417,#10418,#10419,#10420,#10421,#10422,#10423,#10424,#10425,
#10426,#10427,#10428,#10429,#10430,#10431,#10432,#10433,#10434,#10435,#10436,
#10437,#10438,#10439,#10440,#10441,#10442,#10443,#10444,#10445,#10446,#10447,
#10448,#10449));
#10602=CLOSED_SHELL('',(#10450,#10451,#10452,#10453,#10454,#10455,#10456,
#10457,#10458,#10459,#10460,#10461,#10462,#10463,#10464,#10465,#10466,#10467,
#10468,#10469,#10470,#10471,#10472,#10473,#10474,#10475,#10476,#10477,#10478,
#10479,#10480,#10481,#10482,#10483,#10484,#10485,#10486,#10487,#10488,#10489,
#10490,#10491,#10492,#10493));
#10603=CLOSED_SHELL('',(#10494,#10495,#10496,#10497,#10498,#10499,#10500,
#10501,#10502,#10503,#10504,#10505,#10506,#10507));
#10604=CLOSED_SHELL('',(#10508,#10509,#10510,#10511,#10512,#10513,#10514,
#10515,#10516,#10517,#10518,#10519,#10520,#10521));
#10605=CLOSED_SHELL('',(#10522,#10523,#10524,#10525,#10526,#10527,#10528,
#10529,#10530,#10531,#10532,#10533,#10534,#10535,#10536,#10537,#10538,#10539,
#10540,#10541,#10542,#10543,#10544,#10545,#10546,#10547,#10548,#10549,#10550,
#10551,#10552,#10553,#10554,#10555,#10556,#10557,#10558,#10559,#10560,#10561,
#10562,#10563,#10564,#10565,#10566,#10567,#10568,#10569,#10570,#10571,#10572,
#10573,#10574,#10575,#10576,#10577,#10578,#10579,#10580,#10581,#10582,#10583,
#10584,#10585,#10586,#10587,#10588,#10589));
#10606=DERIVED_UNIT_ELEMENT(#10638,1.);
#10607=DERIVED_UNIT_ELEMENT(#17866,-3.);
#10608=DERIVED_UNIT_ELEMENT(#10638,1.);
#10609=DERIVED_UNIT_ELEMENT(#17866,-3.);
#10610=DERIVED_UNIT_ELEMENT(#10638,1.);
#10611=DERIVED_UNIT_ELEMENT(#17866,-3.);
#10612=DERIVED_UNIT_ELEMENT(#10638,1.);
#10613=DERIVED_UNIT_ELEMENT(#17866,-3.);
#10614=DERIVED_UNIT_ELEMENT(#10638,1.);
#10615=DERIVED_UNIT_ELEMENT(#17866,-3.);
#10616=DERIVED_UNIT_ELEMENT(#10638,1.);
#10617=DERIVED_UNIT_ELEMENT(#17866,-3.);
#10618=DERIVED_UNIT_ELEMENT(#10638,1.);
#10619=DERIVED_UNIT_ELEMENT(#17866,-3.);
#10620=DERIVED_UNIT_ELEMENT(#10638,1.);
#10621=DERIVED_UNIT_ELEMENT(#17866,-3.);
#10622=DERIVED_UNIT_ELEMENT(#10638,1.);
#10623=DERIVED_UNIT_ELEMENT(#17866,-3.);
#10624=DERIVED_UNIT_ELEMENT(#10638,1.);
#10625=DERIVED_UNIT_ELEMENT(#17866,-3.);
#10626=DERIVED_UNIT_ELEMENT(#10638,1.);
#10627=DERIVED_UNIT_ELEMENT(#17866,-3.);
#10628=DERIVED_UNIT_ELEMENT(#10638,1.);
#10629=DERIVED_UNIT_ELEMENT(#17866,-3.);
#10630=DERIVED_UNIT_ELEMENT(#10638,1.);
#10631=DERIVED_UNIT_ELEMENT(#17866,-3.);
#10632=DERIVED_UNIT_ELEMENT(#10638,1.);
#10633=DERIVED_UNIT_ELEMENT(#17866,-3.);
#10634=DERIVED_UNIT_ELEMENT(#10638,1.);
#10635=DERIVED_UNIT_ELEMENT(#17866,-3.);
#10636=DERIVED_UNIT_ELEMENT(#10638,1.);
#10637=DERIVED_UNIT_ELEMENT(#17866,-3.);
#10638=(
MASS_UNIT()
NAMED_UNIT(*)
SI_UNIT(.KILO.,.GRAM.)
);
#10639=DERIVED_UNIT((#10606,#10607));
#10640=DERIVED_UNIT((#10608,#10609));
#10641=DERIVED_UNIT((#10610,#10611));
#10642=DERIVED_UNIT((#10612,#10613));
#10643=DERIVED_UNIT((#10614,#10615));
#10644=DERIVED_UNIT((#10616,#10617));
#10645=DERIVED_UNIT((#10618,#10619));
#10646=DERIVED_UNIT((#10620,#10621));
#10647=DERIVED_UNIT((#10622,#10623));
#10648=DERIVED_UNIT((#10624,#10625));
#10649=DERIVED_UNIT((#10626,#10627));
#10650=DERIVED_UNIT((#10628,#10629));
#10651=DERIVED_UNIT((#10630,#10631));
#10652=DERIVED_UNIT((#10632,#10633));
#10653=DERIVED_UNIT((#10634,#10635));
#10654=DERIVED_UNIT((#10636,#10637));
#10655=MEASURE_REPRESENTATION_ITEM('density measure',
POSITIVE_RATIO_MEASURE(7850.),#10639);
#10656=MEASURE_REPRESENTATION_ITEM('density measure',
POSITIVE_RATIO_MEASURE(7850.),#10640);
#10657=MEASURE_REPRESENTATION_ITEM('density measure',
POSITIVE_RATIO_MEASURE(7850.),#10641);
#10658=MEASURE_REPRESENTATION_ITEM('density measure',
POSITIVE_RATIO_MEASURE(7850.),#10642);
#10659=MEASURE_REPRESENTATION_ITEM('density measure',
POSITIVE_RATIO_MEASURE(7850.),#10643);
#10660=MEASURE_REPRESENTATION_ITEM('density measure',
POSITIVE_RATIO_MEASURE(7850.),#10644);
#10661=MEASURE_REPRESENTATION_ITEM('density measure',
POSITIVE_RATIO_MEASURE(7850.),#10645);
#10662=MEASURE_REPRESENTATION_ITEM('density measure',
POSITIVE_RATIO_MEASURE(7850.),#10646);
#10663=MEASURE_REPRESENTATION_ITEM('density measure',
POSITIVE_RATIO_MEASURE(7850.),#10647);
#10664=MEASURE_REPRESENTATION_ITEM('density measure',
POSITIVE_RATIO_MEASURE(7850.),#10648);
#10665=MEASURE_REPRESENTATION_ITEM('density measure',
POSITIVE_RATIO_MEASURE(7850.),#10649);
#10666=MEASURE_REPRESENTATION_ITEM('density measure',
POSITIVE_RATIO_MEASURE(7850.),#10650);
#10667=MEASURE_REPRESENTATION_ITEM('density measure',
POSITIVE_RATIO_MEASURE(7850.),#10651);
#10668=MEASURE_REPRESENTATION_ITEM('density measure',
POSITIVE_RATIO_MEASURE(7850.),#10652);
#10669=MEASURE_REPRESENTATION_ITEM('density measure',
POSITIVE_RATIO_MEASURE(7850.),#10653);
#10670=MEASURE_REPRESENTATION_ITEM('density measure',
POSITIVE_RATIO_MEASURE(7850.),#10654);
#10671=PROPERTY_DEFINITION_REPRESENTATION(#10751,#10703);
#10672=PROPERTY_DEFINITION_REPRESENTATION(#10752,#10704);
#10673=PROPERTY_DEFINITION_REPRESENTATION(#10753,#10705);
#10674=PROPERTY_DEFINITION_REPRESENTATION(#10754,#10706);
#10675=PROPERTY_DEFINITION_REPRESENTATION(#10755,#10707);
#10676=PROPERTY_DEFINITION_REPRESENTATION(#10756,#10708);
#10677=PROPERTY_DEFINITION_REPRESENTATION(#10757,#10709);
#10678=PROPERTY_DEFINITION_REPRESENTATION(#10758,#10710);
#10679=PROPERTY_DEFINITION_REPRESENTATION(#10759,#10711);
#10680=PROPERTY_DEFINITION_REPRESENTATION(#10760,#10712);
#10681=PROPERTY_DEFINITION_REPRESENTATION(#10761,#10713);
#10682=PROPERTY_DEFINITION_REPRESENTATION(#10762,#10714);
#10683=PROPERTY_DEFINITION_REPRESENTATION(#10763,#10715);
#10684=PROPERTY_DEFINITION_REPRESENTATION(#10764,#10716);
#10685=PROPERTY_DEFINITION_REPRESENTATION(#10765,#10717);
#10686=PROPERTY_DEFINITION_REPRESENTATION(#10766,#10718);
#10687=PROPERTY_DEFINITION_REPRESENTATION(#10767,#10719);
#10688=PROPERTY_DEFINITION_REPRESENTATION(#10768,#10720);
#10689=PROPERTY_DEFINITION_REPRESENTATION(#10769,#10721);
#10690=PROPERTY_DEFINITION_REPRESENTATION(#10770,#10722);
#10691=PROPERTY_DEFINITION_REPRESENTATION(#10771,#10723);
#10692=PROPERTY_DEFINITION_REPRESENTATION(#10772,#10724);
#10693=PROPERTY_DEFINITION_REPRESENTATION(#10773,#10725);
#10694=PROPERTY_DEFINITION_REPRESENTATION(#10774,#10726);
#10695=PROPERTY_DEFINITION_REPRESENTATION(#10775,#10727);
#10696=PROPERTY_DEFINITION_REPRESENTATION(#10776,#10728);
#10697=PROPERTY_DEFINITION_REPRESENTATION(#10777,#10729);
#10698=PROPERTY_DEFINITION_REPRESENTATION(#10778,#10730);
#10699=PROPERTY_DEFINITION_REPRESENTATION(#10779,#10731);
#10700=PROPERTY_DEFINITION_REPRESENTATION(#10780,#10732);
#10701=PROPERTY_DEFINITION_REPRESENTATION(#10781,#10733);
#10702=PROPERTY_DEFINITION_REPRESENTATION(#10782,#10734);
#10703=REPRESENTATION('material name',(#10735),#17848);
#10704=REPRESENTATION('density',(#10655),#17848);
#10705=REPRESENTATION('material name',(#10736),#17849);
#10706=REPRESENTATION('density',(#10656),#17849);
#10707=REPRESENTATION('material name',(#10737),#17850);
#10708=REPRESENTATION('density',(#10657),#17850);
#10709=REPRESENTATION('material name',(#10738),#17851);
#10710=REPRESENTATION('density',(#10658),#17851);
#10711=REPRESENTATION('material name',(#10739),#17852);
#10712=REPRESENTATION('density',(#10659),#17852);
#10713=REPRESENTATION('material name',(#10740),#17853);
#10714=REPRESENTATION('density',(#10660),#17853);
#10715=REPRESENTATION('material name',(#10741),#17854);
#10716=REPRESENTATION('density',(#10661),#17854);
#10717=REPRESENTATION('material name',(#10742),#17855);
#10718=REPRESENTATION('density',(#10662),#17855);
#10719=REPRESENTATION('material name',(#10743),#17856);
#10720=REPRESENTATION('density',(#10663),#17856);
#10721=REPRESENTATION('material name',(#10744),#17857);
#10722=REPRESENTATION('density',(#10664),#17857);
#10723=REPRESENTATION('material name',(#10745),#17858);
#10724=REPRESENTATION('density',(#10665),#17858);
#10725=REPRESENTATION('material name',(#10746),#17859);
#10726=REPRESENTATION('density',(#10666),#17859);
#10727=REPRESENTATION('material name',(#10747),#17860);
#10728=REPRESENTATION('density',(#10667),#17860);
#10729=REPRESENTATION('material name',(#10748),#17861);
#10730=REPRESENTATION('density',(#10668),#17861);
#10731=REPRESENTATION('material name',(#10749),#17862);
#10732=REPRESENTATION('density',(#10669),#17862);
#10733=REPRESENTATION('material name',(#10750),#17863);
#10734=REPRESENTATION('density',(#10670),#17863);
#10735=DESCRIPTIVE_REPRESENTATION_ITEM('Steel','Steel');
#10736=DESCRIPTIVE_REPRESENTATION_ITEM('Steel','Steel');
#10737=DESCRIPTIVE_REPRESENTATION_ITEM('Steel','Steel');
#10738=DESCRIPTIVE_REPRESENTATION_ITEM('Steel','Steel');
#10739=DESCRIPTIVE_REPRESENTATION_ITEM('Steel','Steel');
#10740=DESCRIPTIVE_REPRESENTATION_ITEM('Steel','Steel');
#10741=DESCRIPTIVE_REPRESENTATION_ITEM('Steel','Steel');
#10742=DESCRIPTIVE_REPRESENTATION_ITEM('Steel','Steel');
#10743=DESCRIPTIVE_REPRESENTATION_ITEM('Steel','Steel');
#10744=DESCRIPTIVE_REPRESENTATION_ITEM('Steel','Steel');
#10745=DESCRIPTIVE_REPRESENTATION_ITEM('Steel','Steel');
#10746=DESCRIPTIVE_REPRESENTATION_ITEM('Steel','Steel');
#10747=DESCRIPTIVE_REPRESENTATION_ITEM('Steel','Steel');
#10748=DESCRIPTIVE_REPRESENTATION_ITEM('Steel','Steel');
#10749=DESCRIPTIVE_REPRESENTATION_ITEM('Steel','Steel');
#10750=DESCRIPTIVE_REPRESENTATION_ITEM('Steel','Steel');
#10751=PROPERTY_DEFINITION('material property','material name',#17955);
#10752=PROPERTY_DEFINITION('material property','density of part',#17955);
#10753=PROPERTY_DEFINITION('material property','material name',#17956);
#10754=PROPERTY_DEFINITION('material property','density of part',#17956);
#10755=PROPERTY_DEFINITION('material property','material name',#17957);
#10756=PROPERTY_DEFINITION('material property','density of part',#17957);
#10757=PROPERTY_DEFINITION('material property','material name',#17958);
#10758=PROPERTY_DEFINITION('material property','density of part',#17958);
#10759=PROPERTY_DEFINITION('material property','material name',#17959);
#10760=PROPERTY_DEFINITION('material property','density of part',#17959);
#10761=PROPERTY_DEFINITION('material property','material name',#17960);
#10762=PROPERTY_DEFINITION('material property','density of part',#17960);
#10763=PROPERTY_DEFINITION('material property','material name',#17961);
#10764=PROPERTY_DEFINITION('material property','density of part',#17961);
#10765=PROPERTY_DEFINITION('material property','material name',#17962);
#10766=PROPERTY_DEFINITION('material property','density of part',#17962);
#10767=PROPERTY_DEFINITION('material property','material name',#17963);
#10768=PROPERTY_DEFINITION('material property','density of part',#17963);
#10769=PROPERTY_DEFINITION('material property','material name',#17964);
#10770=PROPERTY_DEFINITION('material property','density of part',#17964);
#10771=PROPERTY_DEFINITION('material property','material name',#17965);
#10772=PROPERTY_DEFINITION('material property','density of part',#17965);
#10773=PROPERTY_DEFINITION('material property','material name',#17966);
#10774=PROPERTY_DEFINITION('material property','density of part',#17966);
#10775=PROPERTY_DEFINITION('material property','material name',#17967);
#10776=PROPERTY_DEFINITION('material property','density of part',#17967);
#10777=PROPERTY_DEFINITION('material property','material name',#17968);
#10778=PROPERTY_DEFINITION('material property','density of part',#17968);
#10779=PROPERTY_DEFINITION('material property','material name',#17969);
#10780=PROPERTY_DEFINITION('material property','density of part',#17969);
#10781=PROPERTY_DEFINITION('material property','material name',#17970);
#10782=PROPERTY_DEFINITION('material property','density of part',#17970);
#10783=AXIS2_PLACEMENT_3D('',#14790,#11757,#11758);
#10784=AXIS2_PLACEMENT_3D('',#14791,#11759,#11760);
#10785=AXIS2_PLACEMENT_3D('',#14792,#11761,#11762);
#10786=AXIS2_PLACEMENT_3D('',#14796,#11764,#11765);
#10787=AXIS2_PLACEMENT_3D('',#14797,#11766,#11767);
#10788=AXIS2_PLACEMENT_3D('',#14799,#11768,#11769);
#10789=AXIS2_PLACEMENT_3D('',#14801,#11771,#11772);
#10790=AXIS2_PLACEMENT_3D('',#14805,#11774,#11775);
#10791=AXIS2_PLACEMENT_3D('',#14806,#11776,#11777);
#10792=AXIS2_PLACEMENT_3D('',#14808,#11778,#11779);
#10793=AXIS2_PLACEMENT_3D('',#14810,#11781,#11782);
#10794=AXIS2_PLACEMENT_3D('',#14814,#11784,#11785);
#10795=AXIS2_PLACEMENT_3D('',#14815,#11786,#11787);
#10796=AXIS2_PLACEMENT_3D('',#14817,#11788,#11789);
#10797=AXIS2_PLACEMENT_3D('',#14819,#11791,#11792);
#10798=AXIS2_PLACEMENT_3D('',#14823,#11794,#11795);
#10799=AXIS2_PLACEMENT_3D('',#14824,#11796,#11797);
#10800=AXIS2_PLACEMENT_3D('',#14826,#11798,#11799);
#10801=AXIS2_PLACEMENT_3D('',#14828,#11801,#11802);
#10802=AXIS2_PLACEMENT_3D('',#14832,#11804,#11805);
#10803=AXIS2_PLACEMENT_3D('',#14833,#11806,#11807);
#10804=AXIS2_PLACEMENT_3D('',#14835,#11808,#11809);
#10805=AXIS2_PLACEMENT_3D('',#14837,#11811,#11812);
#10806=AXIS2_PLACEMENT_3D('',#14841,#11814,#11815);
#10807=AXIS2_PLACEMENT_3D('',#14842,#11816,#11817);
#10808=AXIS2_PLACEMENT_3D('',#14844,#11818,#11819);
#10809=AXIS2_PLACEMENT_3D('',#14846,#11821,#11822);
#10810=AXIS2_PLACEMENT_3D('',#14850,#11824,#11825);
#10811=AXIS2_PLACEMENT_3D('',#14851,#11826,#11827);
#10812=AXIS2_PLACEMENT_3D('',#14853,#11828,#11829);
#10813=AXIS2_PLACEMENT_3D('',#14855,#11831,#11832);
#10814=AXIS2_PLACEMENT_3D('',#14859,#11834,#11835);
#10815=AXIS2_PLACEMENT_3D('',#14860,#11836,#11837);
#10816=AXIS2_PLACEMENT_3D('',#14862,#11838,#11839);
#10817=AXIS2_PLACEMENT_3D('',#14864,#11841,#11842);
#10818=AXIS2_PLACEMENT_3D('',#14873,#11847,#11848);
#10819=AXIS2_PLACEMENT_3D('',#14882,#11853,#11854);
#10820=AXIS2_PLACEMENT_3D('',#14891,#11859,#11860);
#10821=AXIS2_PLACEMENT_3D('',#14900,#11865,#11866);
#10822=AXIS2_PLACEMENT_3D('',#14909,#11871,#11872);
#10823=AXIS2_PLACEMENT_3D('',#14915,#11876,#11877);
#10824=AXIS2_PLACEMENT_3D('',#14919,#11880,#11881);
#10825=AXIS2_PLACEMENT_3D('',#14928,#11886,#11887);
#10826=AXIS2_PLACEMENT_3D('',#14937,#11892,#11893);
#10827=AXIS2_PLACEMENT_3D('',#14946,#11898,#11899);
#10828=AXIS2_PLACEMENT_3D('',#14952,#11903,#11904);
#10829=AXIS2_PLACEMENT_3D('',#14956,#11907,#11908);
#10830=AXIS2_PLACEMENT_3D('',#14960,#11911,#11912);
#10831=AXIS2_PLACEMENT_3D('',#14962,#11914,#11915);
#10832=AXIS2_PLACEMENT_3D('',#14971,#11920,#11921);
#10833=AXIS2_PLACEMENT_3D('',#14980,#11926,#11927);
#10834=AXIS2_PLACEMENT_3D('',#14984,#11930,#11931);
#10835=AXIS2_PLACEMENT_3D('',#14986,#11933,#11934);
#10836=AXIS2_PLACEMENT_3D('',#14995,#11939,#11940);
#10837=AXIS2_PLACEMENT_3D('',#15004,#11945,#11946);
#10838=AXIS2_PLACEMENT_3D('',#15013,#11951,#11952);
#10839=AXIS2_PLACEMENT_3D('',#15022,#11957,#11958);
#10840=AXIS2_PLACEMENT_3D('',#15028,#11962,#11963);
#10841=AXIS2_PLACEMENT_3D('',#15034,#11967,#11968);
#10842=AXIS2_PLACEMENT_3D('',#15040,#11972,#11973);
#10843=AXIS2_PLACEMENT_3D('',#15044,#11976,#11977);
#10844=AXIS2_PLACEMENT_3D('',#15046,#11979,#11980);
#10845=AXIS2_PLACEMENT_3D('',#15052,#11984,#11985);
#10846=AXIS2_PLACEMENT_3D('',#15056,#11988,#11989);
#10847=AXIS2_PLACEMENT_3D('',#15060,#11992,#11993);
#10848=AXIS2_PLACEMENT_3D('',#15066,#11997,#11998);
#10849=AXIS2_PLACEMENT_3D('',#15070,#12001,#12002);
#10850=AXIS2_PLACEMENT_3D('',#15074,#12005,#12006);
#10851=AXIS2_PLACEMENT_3D('',#15080,#12010,#12011);
#10852=AXIS2_PLACEMENT_3D('',#15086,#12015,#12016);
#10853=AXIS2_PLACEMENT_3D('',#15090,#12019,#12020);
#10854=AXIS2_PLACEMENT_3D('',#15094,#12023,#12024);
#10855=AXIS2_PLACEMENT_3D('',#15098,#12027,#12028);
#10856=AXIS2_PLACEMENT_3D('',#15102,#12031,#12032);
#10857=AXIS2_PLACEMENT_3D('',#15108,#12036,#12037);
#10858=AXIS2_PLACEMENT_3D('',#15112,#12040,#12041);
#10859=AXIS2_PLACEMENT_3D('',#15116,#12044,#12045);
#10860=AXIS2_PLACEMENT_3D('',#15122,#12049,#12050);
#10861=AXIS2_PLACEMENT_3D('',#15128,#12054,#12055);
#10862=AXIS2_PLACEMENT_3D('',#15132,#12058,#12059);
#10863=AXIS2_PLACEMENT_3D('',#15136,#12062,#12063);
#10864=AXIS2_PLACEMENT_3D('',#15140,#12066,#12067);
#10865=AXIS2_PLACEMENT_3D('',#15144,#12070,#12071);
#10866=AXIS2_PLACEMENT_3D('',#15150,#12075,#12076);
#10867=AXIS2_PLACEMENT_3D('',#15156,#12080,#12081);
#10868=AXIS2_PLACEMENT_3D('',#15160,#12084,#12085);
#10869=AXIS2_PLACEMENT_3D('',#15164,#12088,#12089);
#10870=AXIS2_PLACEMENT_3D('',#15168,#12092,#12093);
#10871=AXIS2_PLACEMENT_3D('',#15172,#12096,#12097);
#10872=AXIS2_PLACEMENT_3D('',#15178,#12101,#12102);
#10873=AXIS2_PLACEMENT_3D('',#15182,#12105,#12106);
#10874=AXIS2_PLACEMENT_3D('',#15186,#12109,#12110);
#10875=AXIS2_PLACEMENT_3D('',#15197,#12117,#12118);
#10876=AXIS2_PLACEMENT_3D('',#15212,#12128,#12129);
#10877=AXIS2_PLACEMENT_3D('',#15214,#12131,#12132);
#10878=AXIS2_PLACEMENT_3D('',#15225,#12139,#12140);
#10879=AXIS2_PLACEMENT_3D('',#15238,#12149,#12150);
#10880=AXIS2_PLACEMENT_3D('',#15241,#12151,#12152);
#10881=AXIS2_PLACEMENT_3D('',#15245,#12154,#12155);
#10882=AXIS2_PLACEMENT_3D('',#15247,#12157,#12158);
#10883=AXIS2_PLACEMENT_3D('',#15250,#12159,#12160);
#10884=AXIS2_PLACEMENT_3D('',#15254,#12162,#12163);
#10885=AXIS2_PLACEMENT_3D('',#15256,#12165,#12166);
#10886=AXIS2_PLACEMENT_3D('',#15262,#12170,#12171);
#10887=AXIS2_PLACEMENT_3D('',#15265,#12173,#12174);
#10888=AXIS2_PLACEMENT_3D('',#15266,#12175,#12176);
#10889=AXIS2_PLACEMENT_3D('',#15267,#12177,#12178);
#10890=AXIS2_PLACEMENT_3D('',#15273,#12182,#12183);
#10891=AXIS2_PLACEMENT_3D('',#15276,#12185,#12186);
#10892=AXIS2_PLACEMENT_3D('',#15277,#12187,#12188);
#10893=AXIS2_PLACEMENT_3D('',#15278,#12189,#12190);
#10894=AXIS2_PLACEMENT_3D('',#15282,#12193,#12194);
#10895=AXIS2_PLACEMENT_3D('',#15286,#12197,#12198);
#10896=AXIS2_PLACEMENT_3D('',#15287,#12199,#12200);
#10897=AXIS2_PLACEMENT_3D('',#15288,#12201,#12202);
#10898=AXIS2_PLACEMENT_3D('',#15290,#12203,#12204);
#10899=AXIS2_PLACEMENT_3D('',#15293,#12206,#12207);
#10900=AXIS2_PLACEMENT_3D('',#15295,#12208,#12209);
#10901=AXIS2_PLACEMENT_3D('',#15298,#12211,#12212);
#10902=AXIS2_PLACEMENT_3D('',#15299,#12213,#12214);
#10903=AXIS2_PLACEMENT_3D('',#15303,#12216,#12217);
#10904=AXIS2_PLACEMENT_3D('',#15304,#12218,#12219);
#10905=AXIS2_PLACEMENT_3D('',#15306,#12220,#12221);
#10906=AXIS2_PLACEMENT_3D('',#15308,#12223,#12224);
#10907=AXIS2_PLACEMENT_3D('',#15312,#12226,#12227);
#10908=AXIS2_PLACEMENT_3D('',#15313,#12228,#12229);
#10909=AXIS2_PLACEMENT_3D('',#15315,#12230,#12231);
#10910=AXIS2_PLACEMENT_3D('',#15317,#12233,#12234);
#10911=AXIS2_PLACEMENT_3D('',#15321,#12236,#12237);
#10912=AXIS2_PLACEMENT_3D('',#15322,#12238,#12239);
#10913=AXIS2_PLACEMENT_3D('',#15324,#12240,#12241);
#10914=AXIS2_PLACEMENT_3D('',#15326,#12243,#12244);
#10915=AXIS2_PLACEMENT_3D('',#15330,#12246,#12247);
#10916=AXIS2_PLACEMENT_3D('',#15331,#12248,#12249);
#10917=AXIS2_PLACEMENT_3D('',#15333,#12250,#12251);
#10918=AXIS2_PLACEMENT_3D('',#15335,#12253,#12254);
#10919=AXIS2_PLACEMENT_3D('',#15338,#12255,#12256);
#10920=AXIS2_PLACEMENT_3D('',#15342,#12258,#12259);
#10921=AXIS2_PLACEMENT_3D('',#15344,#12261,#12262);
#10922=AXIS2_PLACEMENT_3D('',#15350,#12266,#12267);
#10923=AXIS2_PLACEMENT_3D('',#15353,#12268,#12269);
#10924=AXIS2_PLACEMENT_3D('',#15357,#12271,#12272);
#10925=AXIS2_PLACEMENT_3D('',#15359,#12274,#12275);
#10926=AXIS2_PLACEMENT_3D('',#15362,#12278,#12279);
#10927=AXIS2_PLACEMENT_3D('',#15365,#12280,#12281);
#10928=AXIS2_PLACEMENT_3D('',#15369,#12283,#12284);
#10929=AXIS2_PLACEMENT_3D('',#15371,#12286,#12287);
#10930=AXIS2_PLACEMENT_3D('',#15377,#12291,#12292);
#10931=AXIS2_PLACEMENT_3D('',#15378,#12293,#12294);
#10932=AXIS2_PLACEMENT_3D('',#15379,#12295,#12296);
#10933=AXIS2_PLACEMENT_3D('',#15380,#12297,#12298);
#10934=AXIS2_PLACEMENT_3D('',#15383,#12301,#12302);
#10935=AXIS2_PLACEMENT_3D('',#15386,#12303,#12304);
#10936=AXIS2_PLACEMENT_3D('',#15390,#12306,#12307);
#10937=AXIS2_PLACEMENT_3D('',#15394,#12309,#12310);
#10938=AXIS2_PLACEMENT_3D('',#15398,#12312,#12313);
#10939=AXIS2_PLACEMENT_3D('',#15400,#12315,#12316);
#10940=AXIS2_PLACEMENT_3D('',#15401,#12317,#12318);
#10941=AXIS2_PLACEMENT_3D('',#15402,#12319,#12320);
#10942=AXIS2_PLACEMENT_3D('',#15403,#12321,#12322);
#10943=AXIS2_PLACEMENT_3D('',#15405,#12323,#12324);
#10944=AXIS2_PLACEMENT_3D('',#15407,#12326,#12327);
#10945=AXIS2_PLACEMENT_3D('',#15411,#12330,#12331);
#10946=AXIS2_PLACEMENT_3D('',#15414,#12333,#12334);
#10947=AXIS2_PLACEMENT_3D('',#15415,#12335,#12336);
#10948=AXIS2_PLACEMENT_3D('',#15419,#12339,#12340);
#10949=AXIS2_PLACEMENT_3D('',#15420,#12341,#12342);
#10950=AXIS2_PLACEMENT_3D('',#15421,#12343,#12344);
#10951=AXIS2_PLACEMENT_3D('',#15422,#12345,#12346);
#10952=AXIS2_PLACEMENT_3D('',#15423,#12347,#12348);
#10953=AXIS2_PLACEMENT_3D('',#15427,#12350,#12351);
#10954=AXIS2_PLACEMENT_3D('',#15429,#12353,#12354);
#10955=AXIS2_PLACEMENT_3D('',#15433,#12357,#12358);
#10956=AXIS2_PLACEMENT_3D('',#15434,#12359,#12360);
#10957=AXIS2_PLACEMENT_3D('',#15437,#12361,#12362);
#10958=AXIS2_PLACEMENT_3D('',#15440,#12365,#12366);
#10959=AXIS2_PLACEMENT_3D('',#15444,#12369,#12370);
#10960=AXIS2_PLACEMENT_3D('',#15446,#12371,#12372);
#10961=AXIS2_PLACEMENT_3D('',#15448,#12374,#12375);
#10962=AXIS2_PLACEMENT_3D('',#15449,#12376,#12377);
#10963=AXIS2_PLACEMENT_3D('',#15452,#12379,#12380);
#10964=AXIS2_PLACEMENT_3D('',#15453,#12381,#12382);
#10965=AXIS2_PLACEMENT_3D('',#15455,#12384,#12385);
#10966=AXIS2_PLACEMENT_3D('',#15457,#12387,#12388);
#10967=AXIS2_PLACEMENT_3D('',#15458,#12389,#12390);
#10968=AXIS2_PLACEMENT_3D('',#15459,#12391,#12392);
#10969=AXIS2_PLACEMENT_3D('',#15468,#12397,#12398);
#10970=AXIS2_PLACEMENT_3D('',#15470,#12399,#12400);
#10971=AXIS2_PLACEMENT_3D('',#15473,#12402,#12403);
#10972=AXIS2_PLACEMENT_3D('',#15474,#12404,#12405);
#10973=AXIS2_PLACEMENT_3D('',#15483,#12410,#12411);
#10974=AXIS2_PLACEMENT_3D('',#15492,#12416,#12417);
#10975=AXIS2_PLACEMENT_3D('',#15494,#12418,#12419);
#10976=AXIS2_PLACEMENT_3D('',#15497,#12421,#12422);
#10977=AXIS2_PLACEMENT_3D('',#15498,#12423,#12424);
#10978=AXIS2_PLACEMENT_3D('',#15502,#12426,#12427);
#10979=AXIS2_PLACEMENT_3D('',#15503,#12428,#12429);
#10980=AXIS2_PLACEMENT_3D('',#15505,#12430,#12431);
#10981=AXIS2_PLACEMENT_3D('',#15507,#12433,#12434);
#10982=AXIS2_PLACEMENT_3D('',#15511,#12436,#12437);
#10983=AXIS2_PLACEMENT_3D('',#15512,#12438,#12439);
#10984=AXIS2_PLACEMENT_3D('',#15514,#12440,#12441);
#10985=AXIS2_PLACEMENT_3D('',#15516,#12443,#12444);
#10986=AXIS2_PLACEMENT_3D('',#15520,#12446,#12447);
#10987=AXIS2_PLACEMENT_3D('',#15521,#12448,#12449);
#10988=AXIS2_PLACEMENT_3D('',#15523,#12450,#12451);
#10989=AXIS2_PLACEMENT_3D('',#15525,#12453,#12454);
#10990=AXIS2_PLACEMENT_3D('',#15529,#12456,#12457);
#10991=AXIS2_PLACEMENT_3D('',#15530,#12458,#12459);
#10992=AXIS2_PLACEMENT_3D('',#15532,#12460,#12461);
#10993=AXIS2_PLACEMENT_3D('',#15534,#12463,#12464);
#10994=AXIS2_PLACEMENT_3D('',#15538,#12466,#12467);
#10995=AXIS2_PLACEMENT_3D('',#15539,#12468,#12469);
#10996=AXIS2_PLACEMENT_3D('',#15541,#12470,#12471);
#10997=AXIS2_PLACEMENT_3D('',#15543,#12473,#12474);
#10998=AXIS2_PLACEMENT_3D('',#15547,#12476,#12477);
#10999=AXIS2_PLACEMENT_3D('',#15548,#12478,#12479);
#11000=AXIS2_PLACEMENT_3D('',#15550,#12480,#12481);
#11001=AXIS2_PLACEMENT_3D('',#15552,#12483,#12484);
#11002=AXIS2_PLACEMENT_3D('',#15556,#12486,#12487);
#11003=AXIS2_PLACEMENT_3D('',#15557,#12488,#12489);
#11004=AXIS2_PLACEMENT_3D('',#15559,#12490,#12491);
#11005=AXIS2_PLACEMENT_3D('',#15561,#12493,#12494);
#11006=AXIS2_PLACEMENT_3D('',#15565,#12496,#12497);
#11007=AXIS2_PLACEMENT_3D('',#15566,#12498,#12499);
#11008=AXIS2_PLACEMENT_3D('',#15568,#12500,#12501);
#11009=AXIS2_PLACEMENT_3D('',#15570,#12503,#12504);
#11010=AXIS2_PLACEMENT_3D('',#15576,#12508,#12509);
#11011=AXIS2_PLACEMENT_3D('',#15585,#12514,#12515);
#11012=AXIS2_PLACEMENT_3D('',#15591,#12519,#12520);
#11013=AXIS2_PLACEMENT_3D('',#15592,#12521,#12522);
#11014=AXIS2_PLACEMENT_3D('',#15593,#12523,#12524);
#11015=AXIS2_PLACEMENT_3D('',#15595,#12525,#12526);
#11016=AXIS2_PLACEMENT_3D('',#15598,#12528,#12529);
#11017=AXIS2_PLACEMENT_3D('',#15600,#12530,#12531);
#11018=AXIS2_PLACEMENT_3D('',#15603,#12533,#12534);
#11019=AXIS2_PLACEMENT_3D('',#15604,#12535,#12536);
#11020=AXIS2_PLACEMENT_3D('',#15608,#12538,#12539);
#11021=AXIS2_PLACEMENT_3D('',#15609,#12540,#12541);
#11022=AXIS2_PLACEMENT_3D('',#15611,#12542,#12543);
#11023=AXIS2_PLACEMENT_3D('',#15613,#12545,#12546);
#11024=AXIS2_PLACEMENT_3D('',#15617,#12548,#12549);
#11025=AXIS2_PLACEMENT_3D('',#15618,#12550,#12551);
#11026=AXIS2_PLACEMENT_3D('',#15620,#12552,#12553);
#11027=AXIS2_PLACEMENT_3D('',#15622,#12555,#12556);
#11028=AXIS2_PLACEMENT_3D('',#15626,#12558,#12559);
#11029=AXIS2_PLACEMENT_3D('',#15627,#12560,#12561);
#11030=AXIS2_PLACEMENT_3D('',#15629,#12562,#12563);
#11031=AXIS2_PLACEMENT_3D('',#15631,#12565,#12566);
#11032=AXIS2_PLACEMENT_3D('',#15635,#12568,#12569);
#11033=AXIS2_PLACEMENT_3D('',#15636,#12570,#12571);
#11034=AXIS2_PLACEMENT_3D('',#15638,#12572,#12573);
#11035=AXIS2_PLACEMENT_3D('',#15640,#12575,#12576);
#11036=AXIS2_PLACEMENT_3D('',#15643,#12577,#12578);
#11037=AXIS2_PLACEMENT_3D('',#15647,#12580,#12581);
#11038=AXIS2_PLACEMENT_3D('',#15649,#12583,#12584);
#11039=AXIS2_PLACEMENT_3D('',#15655,#12588,#12589);
#11040=AXIS2_PLACEMENT_3D('',#15658,#12590,#12591);
#11041=AXIS2_PLACEMENT_3D('',#15662,#12593,#12594);
#11042=AXIS2_PLACEMENT_3D('',#15664,#12596,#12597);
#11043=AXIS2_PLACEMENT_3D('',#15667,#12600,#12601);
#11044=AXIS2_PLACEMENT_3D('',#15670,#12602,#12603);
#11045=AXIS2_PLACEMENT_3D('',#15674,#12605,#12606);
#11046=AXIS2_PLACEMENT_3D('',#15676,#12608,#12609);
#11047=AXIS2_PLACEMENT_3D('',#15682,#12613,#12614);
#11048=AXIS2_PLACEMENT_3D('',#15683,#12615,#12616);
#11049=AXIS2_PLACEMENT_3D('',#15684,#12617,#12618);
#11050=AXIS2_PLACEMENT_3D('',#15685,#12619,#12620);
#11051=AXIS2_PLACEMENT_3D('',#15688,#12623,#12624);
#11052=AXIS2_PLACEMENT_3D('',#15691,#12625,#12626);
#11053=AXIS2_PLACEMENT_3D('',#15695,#12628,#12629);
#11054=AXIS2_PLACEMENT_3D('',#15699,#12631,#12632);
#11055=AXIS2_PLACEMENT_3D('',#15703,#12634,#12635);
#11056=AXIS2_PLACEMENT_3D('',#15705,#12637,#12638);
#11057=AXIS2_PLACEMENT_3D('',#15706,#12639,#12640);
#11058=AXIS2_PLACEMENT_3D('',#15707,#12641,#12642);
#11059=AXIS2_PLACEMENT_3D('',#15708,#12643,#12644);
#11060=AXIS2_PLACEMENT_3D('',#15710,#12645,#12646);
#11061=AXIS2_PLACEMENT_3D('',#15712,#12648,#12649);
#11062=AXIS2_PLACEMENT_3D('',#15716,#12652,#12653);
#11063=AXIS2_PLACEMENT_3D('',#15719,#12655,#12656);
#11064=AXIS2_PLACEMENT_3D('',#15720,#12657,#12658);
#11065=AXIS2_PLACEMENT_3D('',#15724,#12661,#12662);
#11066=AXIS2_PLACEMENT_3D('',#15725,#12663,#12664);
#11067=AXIS2_PLACEMENT_3D('',#15726,#12665,#12666);
#11068=AXIS2_PLACEMENT_3D('',#15727,#12667,#12668);
#11069=AXIS2_PLACEMENT_3D('',#15728,#12669,#12670);
#11070=AXIS2_PLACEMENT_3D('',#15732,#12672,#12673);
#11071=AXIS2_PLACEMENT_3D('',#15734,#12675,#12676);
#11072=AXIS2_PLACEMENT_3D('',#15738,#12679,#12680);
#11073=AXIS2_PLACEMENT_3D('',#15739,#12681,#12682);
#11074=AXIS2_PLACEMENT_3D('',#15742,#12683,#12684);
#11075=AXIS2_PLACEMENT_3D('',#15745,#12687,#12688);
#11076=AXIS2_PLACEMENT_3D('',#15749,#12691,#12692);
#11077=AXIS2_PLACEMENT_3D('',#15751,#12693,#12694);
#11078=AXIS2_PLACEMENT_3D('',#15753,#12696,#12697);
#11079=AXIS2_PLACEMENT_3D('',#15754,#12698,#12699);
#11080=AXIS2_PLACEMENT_3D('',#15757,#12701,#12702);
#11081=AXIS2_PLACEMENT_3D('',#15758,#12703,#12704);
#11082=AXIS2_PLACEMENT_3D('',#15760,#12706,#12707);
#11083=AXIS2_PLACEMENT_3D('',#15762,#12709,#12710);
#11084=AXIS2_PLACEMENT_3D('',#15763,#12711,#12712);
#11085=AXIS2_PLACEMENT_3D('',#15764,#12713,#12714);
#11086=AXIS2_PLACEMENT_3D('',#15766,#12715,#12716);
#11087=AXIS2_PLACEMENT_3D('',#15771,#12718,#12719);
#11088=AXIS2_PLACEMENT_3D('',#15773,#12720,#12721);
#11089=AXIS2_PLACEMENT_3D('',#15777,#12723,#12724);
#11090=AXIS2_PLACEMENT_3D('',#15778,#12725,#12726);
#11091=AXIS2_PLACEMENT_3D('',#15779,#12727,#12728);
#11092=AXIS2_PLACEMENT_3D('',#15782,#12730,#12731);
#11093=AXIS2_PLACEMENT_3D('',#15783,#12732,#12733);
#11094=AXIS2_PLACEMENT_3D('',#15786,#12734,#12735);
#11095=AXIS2_PLACEMENT_3D('',#15789,#12738,#12739);
#11096=AXIS2_PLACEMENT_3D('',#15793,#12741,#12742);
#11097=AXIS2_PLACEMENT_3D('',#15795,#12744,#12745);
#11098=AXIS2_PLACEMENT_3D('',#15797,#12746,#12747);
#11099=AXIS2_PLACEMENT_3D('',#15799,#12749,#12750);
#11100=AXIS2_PLACEMENT_3D('',#15801,#12751,#12752);
#11101=AXIS2_PLACEMENT_3D('',#15803,#12754,#12755);
#11102=AXIS2_PLACEMENT_3D('',#15805,#12757,#12758);
#11103=AXIS2_PLACEMENT_3D('',#15807,#12760,#12761);
#11104=AXIS2_PLACEMENT_3D('',#15810,#12762,#12763);
#11105=AXIS2_PLACEMENT_3D('',#15814,#12765,#12766);
#11106=AXIS2_PLACEMENT_3D('',#15818,#12768,#12769);
#11107=AXIS2_PLACEMENT_3D('',#15822,#12771,#12772);
#11108=AXIS2_PLACEMENT_3D('',#15824,#12774,#12775);
#11109=AXIS2_PLACEMENT_3D('',#15828,#12777,#12778);
#11110=AXIS2_PLACEMENT_3D('',#15830,#12780,#12781);
#11111=AXIS2_PLACEMENT_3D('',#15834,#12784,#12785);
#11112=AXIS2_PLACEMENT_3D('',#15838,#12787,#12788);
#11113=AXIS2_PLACEMENT_3D('',#15842,#12790,#12791);
#11114=AXIS2_PLACEMENT_3D('',#15845,#12793,#12794);
#11115=AXIS2_PLACEMENT_3D('',#15846,#12795,#12796);
#11116=AXIS2_PLACEMENT_3D('',#15849,#12799,#12800);
#11117=AXIS2_PLACEMENT_3D('',#15851,#12802,#12803);
#11118=AXIS2_PLACEMENT_3D('',#15853,#12805,#12806);
#11119=AXIS2_PLACEMENT_3D('',#15855,#12808,#12809);
#11120=AXIS2_PLACEMENT_3D('',#15856,#12810,#12811);
#11121=AXIS2_PLACEMENT_3D('',#15857,#12812,#12813);
#11122=AXIS2_PLACEMENT_3D('',#15858,#12814,#12815);
#11123=AXIS2_PLACEMENT_3D('',#15860,#12816,#12817);
#11124=AXIS2_PLACEMENT_3D('',#15863,#12819,#12820);
#11125=AXIS2_PLACEMENT_3D('',#15864,#12821,#12822);
#11126=AXIS2_PLACEMENT_3D('',#15866,#12823,#12824);
#11127=AXIS2_PLACEMENT_3D('',#15869,#12826,#12827);
#11128=AXIS2_PLACEMENT_3D('',#15870,#12828,#12829);
#11129=AXIS2_PLACEMENT_3D('',#15879,#12834,#12835);
#11130=AXIS2_PLACEMENT_3D('',#15888,#12840,#12841);
#11131=AXIS2_PLACEMENT_3D('',#15891,#12844,#12845);
#11132=AXIS2_PLACEMENT_3D('',#15898,#12849,#12850);
#11133=AXIS2_PLACEMENT_3D('',#15900,#12851,#12852);
#11134=AXIS2_PLACEMENT_3D('',#15901,#12853,#12854);
#11135=AXIS2_PLACEMENT_3D('',#15908,#12858,#12859);
#11136=AXIS2_PLACEMENT_3D('',#15909,#12860,#12861);
#11137=AXIS2_PLACEMENT_3D('',#15918,#12866,#12867);
#11138=AXIS2_PLACEMENT_3D('',#15924,#12871,#12872);
#11139=AXIS2_PLACEMENT_3D('',#15927,#12875,#12876);
#11140=AXIS2_PLACEMENT_3D('',#15934,#12880,#12881);
#11141=AXIS2_PLACEMENT_3D('',#15935,#12882,#12883);
#11142=AXIS2_PLACEMENT_3D('',#15938,#12885,#12886);
#11143=AXIS2_PLACEMENT_3D('',#15939,#12887,#12888);
#11144=AXIS2_PLACEMENT_3D('',#15942,#12890,#12891);
#11145=AXIS2_PLACEMENT_3D('',#15943,#12892,#12893);
#11146=AXIS2_PLACEMENT_3D('',#15949,#12897,#12898);
#11147=AXIS2_PLACEMENT_3D('',#15955,#12902,#12903);
#11148=AXIS2_PLACEMENT_3D('',#15959,#12906,#12907);
#11149=AXIS2_PLACEMENT_3D('',#15961,#12908,#12909);
#11150=AXIS2_PLACEMENT_3D('',#15962,#12910,#12911);
#11151=AXIS2_PLACEMENT_3D('',#15963,#12912,#12913);
#11152=AXIS2_PLACEMENT_3D('',#15965,#12915,#12916);
#11153=AXIS2_PLACEMENT_3D('',#15967,#12918,#12919);
#11154=AXIS2_PLACEMENT_3D('',#15968,#12920,#12921);
#11155=AXIS2_PLACEMENT_3D('',#15969,#12922,#12923);
#11156=AXIS2_PLACEMENT_3D('',#15971,#12924,#12925);
#11157=AXIS2_PLACEMENT_3D('',#15974,#12927,#12928);
#11158=AXIS2_PLACEMENT_3D('',#15975,#12929,#12930);
#11159=AXIS2_PLACEMENT_3D('',#15978,#12931,#12932);
#11160=AXIS2_PLACEMENT_3D('',#15982,#12934,#12935);
#11161=AXIS2_PLACEMENT_3D('',#15986,#12937,#12938);
#11162=AXIS2_PLACEMENT_3D('',#15990,#12940,#12941);
#11163=AXIS2_PLACEMENT_3D('',#15993,#12943,#12944);
#11164=AXIS2_PLACEMENT_3D('',#15995,#12945,#12946);
#11165=AXIS2_PLACEMENT_3D('',#15997,#12947,#12948);
#11166=AXIS2_PLACEMENT_3D('',#15999,#12949,#12950);
#11167=AXIS2_PLACEMENT_3D('',#16000,#12951,#12952);
#11168=AXIS2_PLACEMENT_3D('',#16003,#12953,#12954);
#11169=AXIS2_PLACEMENT_3D('',#16007,#12956,#12957);
#11170=AXIS2_PLACEMENT_3D('',#16009,#12959,#12960);
#11171=AXIS2_PLACEMENT_3D('',#16012,#12961,#12962);
#11172=AXIS2_PLACEMENT_3D('',#16016,#12964,#12965);
#11173=AXIS2_PLACEMENT_3D('',#16018,#12967,#12968);
#11174=AXIS2_PLACEMENT_3D('',#16020,#12969,#12970);
#11175=AXIS2_PLACEMENT_3D('',#16022,#12971,#12972);
#11176=AXIS2_PLACEMENT_3D('',#16024,#12974,#12975);
#11177=AXIS2_PLACEMENT_3D('',#16026,#12976,#12977);
#11178=AXIS2_PLACEMENT_3D('',#16029,#12979,#12980);
#11179=AXIS2_PLACEMENT_3D('',#16030,#12981,#12982);
#11180=AXIS2_PLACEMENT_3D('',#16033,#12985,#12986);
#11181=AXIS2_PLACEMENT_3D('',#16036,#12989,#12990);
#11182=AXIS2_PLACEMENT_3D('',#16039,#12991,#12992);
#11183=AXIS2_PLACEMENT_3D('',#16043,#12994,#12995);
#11184=AXIS2_PLACEMENT_3D('',#16047,#12997,#12998);
#11185=AXIS2_PLACEMENT_3D('',#16051,#13000,#13001);
#11186=AXIS2_PLACEMENT_3D('',#16054,#13003,#13004);
#11187=AXIS2_PLACEMENT_3D('',#16056,#13005,#13006);
#11188=AXIS2_PLACEMENT_3D('',#16058,#13007,#13008);
#11189=AXIS2_PLACEMENT_3D('',#16060,#13009,#13010);
#11190=AXIS2_PLACEMENT_3D('',#16061,#13011,#13012);
#11191=AXIS2_PLACEMENT_3D('',#16062,#13013,#13014);
#11192=AXIS2_PLACEMENT_3D('',#16064,#13016,#13017);
#11193=AXIS2_PLACEMENT_3D('',#16066,#13019,#13020);
#11194=AXIS2_PLACEMENT_3D('',#16068,#13022,#13023);
#11195=AXIS2_PLACEMENT_3D('',#16070,#13025,#13026);
#11196=AXIS2_PLACEMENT_3D('',#16073,#13029,#13030);
#11197=AXIS2_PLACEMENT_3D('',#16075,#13032,#13033);
#11198=AXIS2_PLACEMENT_3D('',#16077,#13035,#13036);
#11199=AXIS2_PLACEMENT_3D('',#16079,#13038,#13039);
#11200=AXIS2_PLACEMENT_3D('',#16082,#13042,#13043);
#11201=AXIS2_PLACEMENT_3D('',#16083,#13044,#13045);
#11202=AXIS2_PLACEMENT_3D('',#16085,#13047,#13048);
#11203=AXIS2_PLACEMENT_3D('',#16086,#13049,#13050);
#11204=AXIS2_PLACEMENT_3D('',#16087,#13051,#13052);
#11205=AXIS2_PLACEMENT_3D('',#16089,#13053,#13054);
#11206=AXIS2_PLACEMENT_3D('',#16092,#13056,#13057);
#11207=AXIS2_PLACEMENT_3D('',#16093,#13058,#13059);
#11208=AXIS2_PLACEMENT_3D('',#16095,#13060,#13061);
#11209=AXIS2_PLACEMENT_3D('',#16098,#13063,#13064);
#11210=AXIS2_PLACEMENT_3D('',#16099,#13065,#13066);
#11211=AXIS2_PLACEMENT_3D('',#16108,#13071,#13072);
#11212=AXIS2_PLACEMENT_3D('',#16117,#13077,#13078);
#11213=AXIS2_PLACEMENT_3D('',#16120,#13081,#13082);
#11214=AXIS2_PLACEMENT_3D('',#16127,#13086,#13087);
#11215=AXIS2_PLACEMENT_3D('',#16129,#13088,#13089);
#11216=AXIS2_PLACEMENT_3D('',#16130,#13090,#13091);
#11217=AXIS2_PLACEMENT_3D('',#16137,#13095,#13096);
#11218=AXIS2_PLACEMENT_3D('',#16138,#13097,#13098);
#11219=AXIS2_PLACEMENT_3D('',#16147,#13103,#13104);
#11220=AXIS2_PLACEMENT_3D('',#16153,#13108,#13109);
#11221=AXIS2_PLACEMENT_3D('',#16156,#13112,#13113);
#11222=AXIS2_PLACEMENT_3D('',#16163,#13117,#13118);
#11223=AXIS2_PLACEMENT_3D('',#16164,#13119,#13120);
#11224=AXIS2_PLACEMENT_3D('',#16167,#13122,#13123);
#11225=AXIS2_PLACEMENT_3D('',#16168,#13124,#13125);
#11226=AXIS2_PLACEMENT_3D('',#16171,#13127,#13128);
#11227=AXIS2_PLACEMENT_3D('',#16172,#13129,#13130);
#11228=AXIS2_PLACEMENT_3D('',#16178,#13134,#13135);
#11229=AXIS2_PLACEMENT_3D('',#16182,#13138,#13139);
#11230=AXIS2_PLACEMENT_3D('',#16186,#13142,#13143);
#11231=AXIS2_PLACEMENT_3D('',#16189,#13145,#13146);
#11232=AXIS2_PLACEMENT_3D('',#16191,#13147,#13148);
#11233=AXIS2_PLACEMENT_3D('',#16192,#13149,#13150);
#11234=AXIS2_PLACEMENT_3D('',#16193,#13151,#13152);
#11235=AXIS2_PLACEMENT_3D('',#16195,#13154,#13155);
#11236=AXIS2_PLACEMENT_3D('',#16197,#13157,#13158);
#11237=AXIS2_PLACEMENT_3D('',#16198,#13159,#13160);
#11238=AXIS2_PLACEMENT_3D('',#16202,#13162,#13163);
#11239=AXIS2_PLACEMENT_3D('',#16203,#13164,#13165);
#11240=AXIS2_PLACEMENT_3D('',#16205,#13166,#13167);
#11241=AXIS2_PLACEMENT_3D('',#16207,#13169,#13170);
#11242=AXIS2_PLACEMENT_3D('',#16211,#13172,#13173);
#11243=AXIS2_PLACEMENT_3D('',#16212,#13174,#13175);
#11244=AXIS2_PLACEMENT_3D('',#16214,#13176,#13177);
#11245=AXIS2_PLACEMENT_3D('',#16216,#13179,#13180);
#11246=AXIS2_PLACEMENT_3D('',#16225,#13185,#13186);
#11247=AXIS2_PLACEMENT_3D('',#16239,#13194,#13195);
#11248=AXIS2_PLACEMENT_3D('',#16253,#13203,#13204);
#11249=AXIS2_PLACEMENT_3D('',#16256,#13207,#13208);
#11250=AXIS2_PLACEMENT_3D('',#16259,#13209,#13210);
#11251=AXIS2_PLACEMENT_3D('',#16261,#13211,#13212);
#11252=AXIS2_PLACEMENT_3D('',#16262,#13213,#13214);
#11253=AXIS2_PLACEMENT_3D('',#16265,#13216,#13217);
#11254=AXIS2_PLACEMENT_3D('',#16266,#13218,#13219);
#11255=AXIS2_PLACEMENT_3D('',#16268,#13220,#13221);
#11256=AXIS2_PLACEMENT_3D('',#16271,#13223,#13224);
#11257=AXIS2_PLACEMENT_3D('',#16272,#13225,#13226);
#11258=AXIS2_PLACEMENT_3D('',#16273,#13227,#13228);
#11259=AXIS2_PLACEMENT_3D('',#16274,#13229,#13230);
#11260=AXIS2_PLACEMENT_3D('',#16277,#13232,#13233);
#11261=AXIS2_PLACEMENT_3D('',#16278,#13234,#13235);
#11262=AXIS2_PLACEMENT_3D('',#16281,#13236,#13237);
#11263=AXIS2_PLACEMENT_3D('',#16283,#13238,#13239);
#11264=AXIS2_PLACEMENT_3D('',#16284,#13240,#13241);
#11265=AXIS2_PLACEMENT_3D('',#16287,#13243,#13244);
#11266=AXIS2_PLACEMENT_3D('',#16288,#13245,#13246);
#11267=AXIS2_PLACEMENT_3D('',#16290,#13247,#13248);
#11268=AXIS2_PLACEMENT_3D('',#16293,#13250,#13251);
#11269=AXIS2_PLACEMENT_3D('',#16294,#13252,#13253);
#11270=AXIS2_PLACEMENT_3D('',#16295,#13254,#13255);
#11271=AXIS2_PLACEMENT_3D('',#16296,#13256,#13257);
#11272=AXIS2_PLACEMENT_3D('',#16299,#13259,#13260);
#11273=AXIS2_PLACEMENT_3D('',#16300,#13261,#13262);
#11274=AXIS2_PLACEMENT_3D('',#16303,#13264,#13265);
#11275=AXIS2_PLACEMENT_3D('',#16305,#13266,#13267);
#11276=AXIS2_PLACEMENT_3D('',#16307,#13269,#13270);
#11277=AXIS2_PLACEMENT_3D('',#16310,#13272,#13273);
#11278=AXIS2_PLACEMENT_3D('',#16312,#13274,#13275);
#11279=AXIS2_PLACEMENT_3D('',#16314,#13277,#13278);
#11280=AXIS2_PLACEMENT_3D('',#16316,#13280,#13281);
#11281=AXIS2_PLACEMENT_3D('',#16318,#13283,#13284);
#11282=AXIS2_PLACEMENT_3D('',#16320,#13286,#13287);
#11283=AXIS2_PLACEMENT_3D('',#16322,#13289,#13290);
#11284=AXIS2_PLACEMENT_3D('',#16323,#13291,#13292);
#11285=AXIS2_PLACEMENT_3D('',#16324,#13293,#13294);
#11286=AXIS2_PLACEMENT_3D('',#16325,#13295,#13296);
#11287=AXIS2_PLACEMENT_3D('',#16327,#13297,#13298);
#11288=AXIS2_PLACEMENT_3D('',#16330,#13300,#13301);
#11289=AXIS2_PLACEMENT_3D('',#16331,#13302,#13303);
#11290=AXIS2_PLACEMENT_3D('',#16333,#13304,#13305);
#11291=AXIS2_PLACEMENT_3D('',#16336,#13307,#13308);
#11292=AXIS2_PLACEMENT_3D('',#16337,#13309,#13310);
#11293=AXIS2_PLACEMENT_3D('',#16346,#13315,#13316);
#11294=AXIS2_PLACEMENT_3D('',#16361,#13324,#13325);
#11295=AXIS2_PLACEMENT_3D('',#16363,#13326,#13327);
#11296=AXIS2_PLACEMENT_3D('',#16364,#13328,#13329);
#11297=AXIS2_PLACEMENT_3D('',#16370,#13333,#13334);
#11298=AXIS2_PLACEMENT_3D('',#16372,#13335,#13336);
#11299=AXIS2_PLACEMENT_3D('',#16375,#13338,#13339);
#11300=AXIS2_PLACEMENT_3D('',#16376,#13340,#13341);
#11301=AXIS2_PLACEMENT_3D('',#16378,#13342,#13343);
#11302=AXIS2_PLACEMENT_3D('',#16381,#13345,#13346);
#11303=AXIS2_PLACEMENT_3D('',#16382,#13347,#13348);
#11304=AXIS2_PLACEMENT_3D('',#16384,#13349,#13350);
#11305=AXIS2_PLACEMENT_3D('',#16387,#13352,#13353);
#11306=AXIS2_PLACEMENT_3D('',#16390,#13354,#13355);
#11307=AXIS2_PLACEMENT_3D('',#16391,#13356,#13357);
#11308=AXIS2_PLACEMENT_3D('',#16392,#13358,#13359);
#11309=AXIS2_PLACEMENT_3D('',#16394,#13360,#13361);
#11310=AXIS2_PLACEMENT_3D('',#16398,#13363,#13364);
#11311=AXIS2_PLACEMENT_3D('',#16400,#13365,#13366);
#11312=AXIS2_PLACEMENT_3D('',#16403,#13368,#13369);
#11313=AXIS2_PLACEMENT_3D('',#16405,#13370,#13371);
#11314=AXIS2_PLACEMENT_3D('',#16406,#13372,#13373);
#11315=AXIS2_PLACEMENT_3D('',#16407,#13374,#13375);
#11316=AXIS2_PLACEMENT_3D('',#16414,#13379,#13380);
#11317=AXIS2_PLACEMENT_3D('',#16415,#13381,#13382);
#11318=AXIS2_PLACEMENT_3D('',#16424,#13388,#13389);
#11319=AXIS2_PLACEMENT_3D('',#16426,#13390,#13391);
#11320=AXIS2_PLACEMENT_3D('',#16427,#13392,#13393);
#11321=AXIS2_PLACEMENT_3D('',#16428,#13394,#13395);
#11322=AXIS2_PLACEMENT_3D('',#16432,#13398,#13399);
#11323=AXIS2_PLACEMENT_3D('',#16433,#13400,#13401);
#11324=AXIS2_PLACEMENT_3D('',#16434,#13402,#13403);
#11325=AXIS2_PLACEMENT_3D('',#16436,#13405,#13406);
#11326=AXIS2_PLACEMENT_3D('',#16438,#13408,#13409);
#11327=AXIS2_PLACEMENT_3D('',#16440,#13411,#13412);
#11328=AXIS2_PLACEMENT_3D('',#16442,#13414,#13415);
#11329=AXIS2_PLACEMENT_3D('',#16443,#13416,#13417);
#11330=AXIS2_PLACEMENT_3D('',#16444,#13418,#13419);
#11331=AXIS2_PLACEMENT_3D('',#16445,#13420,#13421);
#11332=AXIS2_PLACEMENT_3D('',#16448,#13422,#13423);
#11333=AXIS2_PLACEMENT_3D('',#16452,#13425,#13426);
#11334=AXIS2_PLACEMENT_3D('',#16454,#13428,#13429);
#11335=AXIS2_PLACEMENT_3D('',#16458,#13431,#13432);
#11336=AXIS2_PLACEMENT_3D('',#16462,#13434,#13435);
#11337=AXIS2_PLACEMENT_3D('',#16466,#13437,#13438);
#11338=AXIS2_PLACEMENT_3D('',#16476,#13444,#13445);
#11339=AXIS2_PLACEMENT_3D('',#16480,#13448,#13449);
#11340=AXIS2_PLACEMENT_3D('',#16482,#13450,#13451);
#11341=AXIS2_PLACEMENT_3D('',#16484,#13453,#13454);
#11342=AXIS2_PLACEMENT_3D('',#16487,#13455,#13456);
#11343=AXIS2_PLACEMENT_3D('',#16490,#13459,#13460);
#11344=AXIS2_PLACEMENT_3D('',#16494,#13463,#13464);
#11345=AXIS2_PLACEMENT_3D('',#16497,#13466,#13467);
#11346=AXIS2_PLACEMENT_3D('',#16498,#13468,#13469);
#11347=AXIS2_PLACEMENT_3D('',#16500,#13471,#13472);
#11348=AXIS2_PLACEMENT_3D('',#16502,#13474,#13475);
#11349=AXIS2_PLACEMENT_3D('',#16511,#13480,#13481);
#11350=AXIS2_PLACEMENT_3D('',#16514,#13484,#13485);
#11351=AXIS2_PLACEMENT_3D('',#16516,#13487,#13488);
#11352=AXIS2_PLACEMENT_3D('',#16518,#13490,#13491);
#11353=AXIS2_PLACEMENT_3D('',#16519,#13492,#13493);
#11354=AXIS2_PLACEMENT_3D('',#16520,#13494,#13495);
#11355=AXIS2_PLACEMENT_3D('',#16523,#13496,#13497);
#11356=AXIS2_PLACEMENT_3D('',#16527,#13499,#13500);
#11357=AXIS2_PLACEMENT_3D('',#16529,#13502,#13503);
#11358=AXIS2_PLACEMENT_3D('',#16533,#13505,#13506);
#11359=AXIS2_PLACEMENT_3D('',#16537,#13508,#13509);
#11360=AXIS2_PLACEMENT_3D('',#16541,#13511,#13512);
#11361=AXIS2_PLACEMENT_3D('',#16551,#13518,#13519);
#11362=AXIS2_PLACEMENT_3D('',#16555,#13522,#13523);
#11363=AXIS2_PLACEMENT_3D('',#16557,#13524,#13525);
#11364=AXIS2_PLACEMENT_3D('',#16559,#13527,#13528);
#11365=AXIS2_PLACEMENT_3D('',#16563,#13530,#13531);
#11366=AXIS2_PLACEMENT_3D('',#16565,#13533,#13534);
#11367=AXIS2_PLACEMENT_3D('',#16569,#13537,#13538);
#11368=AXIS2_PLACEMENT_3D('',#16571,#13539,#13540);
#11369=AXIS2_PLACEMENT_3D('',#16573,#13542,#13543);
#11370=AXIS2_PLACEMENT_3D('',#16575,#13545,#13546);
#11371=AXIS2_PLACEMENT_3D('',#16581,#13550,#13551);
#11372=AXIS2_PLACEMENT_3D('',#16585,#13554,#13555);
#11373=AXIS2_PLACEMENT_3D('',#16589,#13558,#13559);
#11374=AXIS2_PLACEMENT_3D('',#16591,#13561,#13562);
#11375=AXIS2_PLACEMENT_3D('',#16593,#13564,#13565);
#11376=AXIS2_PLACEMENT_3D('',#16594,#13566,#13567);
#11377=AXIS2_PLACEMENT_3D('',#16595,#13568,#13569);
#11378=AXIS2_PLACEMENT_3D('',#16598,#13570,#13571);
#11379=AXIS2_PLACEMENT_3D('',#16602,#13573,#13574);
#11380=AXIS2_PLACEMENT_3D('',#16604,#13576,#13577);
#11381=AXIS2_PLACEMENT_3D('',#16610,#13581,#13582);
#11382=AXIS2_PLACEMENT_3D('',#16614,#13584,#13585);
#11383=AXIS2_PLACEMENT_3D('',#16618,#13587,#13588);
#11384=AXIS2_PLACEMENT_3D('',#16621,#13590,#13591);
#11385=AXIS2_PLACEMENT_3D('',#16630,#13596,#13597);
#11386=AXIS2_PLACEMENT_3D('',#16632,#13598,#13599);
#11387=AXIS2_PLACEMENT_3D('',#16634,#13601,#13602);
#11388=AXIS2_PLACEMENT_3D('',#16638,#13605,#13606);
#11389=AXIS2_PLACEMENT_3D('',#16642,#13608,#13609);
#11390=AXIS2_PLACEMENT_3D('',#16644,#13611,#13612);
#11391=AXIS2_PLACEMENT_3D('',#16648,#13615,#13616);
#11392=AXIS2_PLACEMENT_3D('',#16649,#13617,#13618);
#11393=AXIS2_PLACEMENT_3D('',#16650,#13619,#13620);
#11394=AXIS2_PLACEMENT_3D('',#16656,#13624,#13625);
#11395=AXIS2_PLACEMENT_3D('',#16660,#13628,#13629);
#11396=AXIS2_PLACEMENT_3D('',#16664,#13632,#13633);
#11397=AXIS2_PLACEMENT_3D('',#16666,#13635,#13636);
#11398=AXIS2_PLACEMENT_3D('',#16668,#13638,#13639);
#11399=AXIS2_PLACEMENT_3D('',#16669,#13640,#13641);
#11400=AXIS2_PLACEMENT_3D('',#16670,#13642,#13643);
#11401=AXIS2_PLACEMENT_3D('',#16672,#13644,#13645);
#11402=AXIS2_PLACEMENT_3D('',#16674,#13646,#13647);
#11403=AXIS2_PLACEMENT_3D('',#16675,#13648,#13649);
#11404=AXIS2_PLACEMENT_3D('',#16677,#13650,#13651);
#11405=AXIS2_PLACEMENT_3D('',#16679,#13653,#13654);
#11406=AXIS2_PLACEMENT_3D('',#16682,#13656,#13657);
#11407=AXIS2_PLACEMENT_3D('',#16683,#13658,#13659);
#11408=AXIS2_PLACEMENT_3D('',#16685,#13660,#13661);
#11409=AXIS2_PLACEMENT_3D('',#16687,#13662,#13663);
#11410=AXIS2_PLACEMENT_3D('',#16688,#13664,#13665);
#11411=AXIS2_PLACEMENT_3D('',#16690,#13666,#13667);
#11412=AXIS2_PLACEMENT_3D('',#16692,#13669,#13670);
#11413=AXIS2_PLACEMENT_3D('',#16695,#13672,#13673);
#11414=AXIS2_PLACEMENT_3D('',#16696,#13674,#13675);
#11415=AXIS2_PLACEMENT_3D('',#16698,#13676,#13677);
#11416=AXIS2_PLACEMENT_3D('',#16700,#13678,#13679);
#11417=AXIS2_PLACEMENT_3D('',#16701,#13680,#13681);
#11418=AXIS2_PLACEMENT_3D('',#16703,#13682,#13683);
#11419=AXIS2_PLACEMENT_3D('',#16705,#13685,#13686);
#11420=AXIS2_PLACEMENT_3D('',#16708,#13688,#13689);
#11421=AXIS2_PLACEMENT_3D('',#16709,#13690,#13691);
#11422=AXIS2_PLACEMENT_3D('',#16711,#13692,#13693);
#11423=AXIS2_PLACEMENT_3D('',#16713,#13694,#13695);
#11424=AXIS2_PLACEMENT_3D('',#16714,#13696,#13697);
#11425=AXIS2_PLACEMENT_3D('',#16716,#13698,#13699);
#11426=AXIS2_PLACEMENT_3D('',#16718,#13701,#13702);
#11427=AXIS2_PLACEMENT_3D('',#16721,#13704,#13705);
#11428=AXIS2_PLACEMENT_3D('',#16722,#13706,#13707);
#11429=AXIS2_PLACEMENT_3D('',#16725,#13708,#13709);
#11430=AXIS2_PLACEMENT_3D('',#16729,#13711,#13712);
#11431=AXIS2_PLACEMENT_3D('',#16731,#13714,#13715);
#11432=AXIS2_PLACEMENT_3D('',#16737,#13719,#13720);
#11433=AXIS2_PLACEMENT_3D('',#16739,#13721,#13722);
#11434=AXIS2_PLACEMENT_3D('',#16741,#13723,#13724);
#11435=AXIS2_PLACEMENT_3D('',#16743,#13726,#13727);
#11436=AXIS2_PLACEMENT_3D('',#16746,#13728,#13729);
#11437=AXIS2_PLACEMENT_3D('',#16750,#13731,#13732);
#11438=AXIS2_PLACEMENT_3D('',#16754,#13734,#13735);
#11439=AXIS2_PLACEMENT_3D('',#16758,#13737,#13738);
#11440=AXIS2_PLACEMENT_3D('',#16763,#13741,#13742);
#11441=AXIS2_PLACEMENT_3D('',#16767,#13744,#13745);
#11442=AXIS2_PLACEMENT_3D('',#16771,#13747,#13748);
#11443=AXIS2_PLACEMENT_3D('',#16775,#13750,#13751);
#11444=AXIS2_PLACEMENT_3D('',#16779,#13753,#13754);
#11445=AXIS2_PLACEMENT_3D('',#16783,#13756,#13757);
#11446=AXIS2_PLACEMENT_3D('',#16787,#13759,#13760);
#11447=AXIS2_PLACEMENT_3D('',#16791,#13762,#13763);
#11448=AXIS2_PLACEMENT_3D('',#16795,#13765,#13766);
#11449=AXIS2_PLACEMENT_3D('',#16799,#13768,#13769);
#11450=AXIS2_PLACEMENT_3D('',#16801,#13771,#13772);
#11451=AXIS2_PLACEMENT_3D('',#16804,#13773,#13774);
#11452=AXIS2_PLACEMENT_3D('',#16807,#13777,#13778);
#11453=AXIS2_PLACEMENT_3D('',#16809,#13780,#13781);
#11454=AXIS2_PLACEMENT_3D('',#16813,#13784,#13785);
#11455=AXIS2_PLACEMENT_3D('',#16817,#13787,#13788);
#11456=AXIS2_PLACEMENT_3D('',#16819,#13790,#13791);
#11457=AXIS2_PLACEMENT_3D('',#16823,#13794,#13795);
#11458=AXIS2_PLACEMENT_3D('',#16826,#13797,#13798);
#11459=AXIS2_PLACEMENT_3D('',#16827,#13799,#13800);
#11460=AXIS2_PLACEMENT_3D('',#16830,#13801,#13802);
#11461=AXIS2_PLACEMENT_3D('',#16833,#13805,#13806);
#11462=AXIS2_PLACEMENT_3D('',#16835,#13808,#13809);
#11463=AXIS2_PLACEMENT_3D('',#16839,#13812,#13813);
#11464=AXIS2_PLACEMENT_3D('',#16843,#13815,#13816);
#11465=AXIS2_PLACEMENT_3D('',#16845,#13818,#13819);
#11466=AXIS2_PLACEMENT_3D('',#16849,#13822,#13823);
#11467=AXIS2_PLACEMENT_3D('',#16851,#13824,#13825);
#11468=AXIS2_PLACEMENT_3D('',#16853,#13827,#13828);
#11469=AXIS2_PLACEMENT_3D('',#16855,#13829,#13830);
#11470=AXIS2_PLACEMENT_3D('',#16857,#13832,#13833);
#11471=AXIS2_PLACEMENT_3D('',#16859,#13835,#13836);
#11472=AXIS2_PLACEMENT_3D('',#16861,#13838,#13839);
#11473=AXIS2_PLACEMENT_3D('',#16865,#13842,#13843);
#11474=AXIS2_PLACEMENT_3D('',#16867,#13844,#13845);
#11475=AXIS2_PLACEMENT_3D('',#16869,#13847,#13848);
#11476=AXIS2_PLACEMENT_3D('',#16873,#13851,#13852);
#11477=AXIS2_PLACEMENT_3D('',#16875,#13853,#13854);
#11478=AXIS2_PLACEMENT_3D('',#16877,#13856,#13857);
#11479=AXIS2_PLACEMENT_3D('',#16881,#13860,#13861);
#11480=AXIS2_PLACEMENT_3D('',#16882,#13862,#13863);
#11481=AXIS2_PLACEMENT_3D('',#16883,#13864,#13865);
#11482=AXIS2_PLACEMENT_3D('',#16886,#13866,#13867);
#11483=AXIS2_PLACEMENT_3D('',#16890,#13869,#13870);
#11484=AXIS2_PLACEMENT_3D('',#16894,#13872,#13873);
#11485=AXIS2_PLACEMENT_3D('',#16898,#13875,#13876);
#11486=AXIS2_PLACEMENT_3D('',#16900,#13878,#13879);
#11487=AXIS2_PLACEMENT_3D('',#16904,#13881,#13882);
#11488=AXIS2_PLACEMENT_3D('',#16906,#13884,#13885);
#11489=AXIS2_PLACEMENT_3D('',#16910,#13888,#13889);
#11490=AXIS2_PLACEMENT_3D('',#16914,#13891,#13892);
#11491=AXIS2_PLACEMENT_3D('',#16918,#13894,#13895);
#11492=AXIS2_PLACEMENT_3D('',#16921,#13897,#13898);
#11493=AXIS2_PLACEMENT_3D('',#16926,#13900,#13901);
#11494=AXIS2_PLACEMENT_3D('',#16930,#13903,#13904);
#11495=AXIS2_PLACEMENT_3D('',#16934,#13906,#13907);
#11496=AXIS2_PLACEMENT_3D('',#16937,#13909,#13910);
#11497=AXIS2_PLACEMENT_3D('',#16938,#13911,#13912);
#11498=AXIS2_PLACEMENT_3D('',#16941,#13913,#13914);
#11499=AXIS2_PLACEMENT_3D('',#16944,#13917,#13918);
#11500=AXIS2_PLACEMENT_3D('',#16948,#13920,#13921);
#11501=AXIS2_PLACEMENT_3D('',#16952,#13923,#13924);
#11502=AXIS2_PLACEMENT_3D('',#16956,#13926,#13927);
#11503=AXIS2_PLACEMENT_3D('',#16962,#13930,#13931);
#11504=AXIS2_PLACEMENT_3D('',#16966,#13933,#13934);
#11505=AXIS2_PLACEMENT_3D('',#16970,#13936,#13937);
#11506=AXIS2_PLACEMENT_3D('',#16973,#13939,#13940);
#11507=AXIS2_PLACEMENT_3D('',#16974,#13941,#13942);
#11508=AXIS2_PLACEMENT_3D('',#16976,#13944,#13945);
#11509=AXIS2_PLACEMENT_3D('',#16979,#13948,#13949);
#11510=AXIS2_PLACEMENT_3D('',#16981,#13951,#13952);
#11511=AXIS2_PLACEMENT_3D('',#16983,#13954,#13955);
#11512=AXIS2_PLACEMENT_3D('',#16985,#13957,#13958);
#11513=AXIS2_PLACEMENT_3D('',#16987,#13960,#13961);
#11514=AXIS2_PLACEMENT_3D('',#16989,#13963,#13964);
#11515=AXIS2_PLACEMENT_3D('',#16992,#13967,#13968);
#11516=AXIS2_PLACEMENT_3D('',#16993,#13969,#13970);
#11517=AXIS2_PLACEMENT_3D('',#16996,#13973,#13974);
#11518=AXIS2_PLACEMENT_3D('',#16998,#13976,#13977);
#11519=AXIS2_PLACEMENT_3D('',#17001,#13980,#13981);
#11520=AXIS2_PLACEMENT_3D('',#17002,#13982,#13983);
#11521=AXIS2_PLACEMENT_3D('',#17005,#13986,#13987);
#11522=AXIS2_PLACEMENT_3D('',#17006,#13988,#13989);
#11523=AXIS2_PLACEMENT_3D('',#17008,#13991,#13992);
#11524=AXIS2_PLACEMENT_3D('',#17010,#13994,#13995);
#11525=AXIS2_PLACEMENT_3D('',#17011,#13996,#13997);
#11526=AXIS2_PLACEMENT_3D('',#17012,#13998,#13999);
#11527=AXIS2_PLACEMENT_3D('',#17013,#14000,#14001);
#11528=AXIS2_PLACEMENT_3D('',#17014,#14002,#14003);
#11529=AXIS2_PLACEMENT_3D('',#17015,#14004,#14005);
#11530=AXIS2_PLACEMENT_3D('',#17019,#14007,#14008);
#11531=AXIS2_PLACEMENT_3D('',#17020,#14009,#14010);
#11532=AXIS2_PLACEMENT_3D('',#17022,#14011,#14012);
#11533=AXIS2_PLACEMENT_3D('',#17024,#14014,#14015);
#11534=AXIS2_PLACEMENT_3D('',#17028,#14017,#14018);
#11535=AXIS2_PLACEMENT_3D('',#17029,#14019,#14020);
#11536=AXIS2_PLACEMENT_3D('',#17031,#14021,#14022);
#11537=AXIS2_PLACEMENT_3D('',#17033,#14024,#14025);
#11538=AXIS2_PLACEMENT_3D('',#17037,#14027,#14028);
#11539=AXIS2_PLACEMENT_3D('',#17038,#14029,#14030);
#11540=AXIS2_PLACEMENT_3D('',#17040,#14031,#14032);
#11541=AXIS2_PLACEMENT_3D('',#17042,#14034,#14035);
#11542=AXIS2_PLACEMENT_3D('',#17046,#14037,#14038);
#11543=AXIS2_PLACEMENT_3D('',#17047,#14039,#14040);
#11544=AXIS2_PLACEMENT_3D('',#17049,#14041,#14042);
#11545=AXIS2_PLACEMENT_3D('',#17051,#14044,#14045);
#11546=AXIS2_PLACEMENT_3D('',#17054,#14046,#14047);
#11547=AXIS2_PLACEMENT_3D('',#17058,#14049,#14050);
#11548=AXIS2_PLACEMENT_3D('',#17060,#14052,#14053);
#11549=AXIS2_PLACEMENT_3D('',#17066,#14057,#14058);
#11550=AXIS2_PLACEMENT_3D('',#17068,#14059,#14060);
#11551=AXIS2_PLACEMENT_3D('',#17070,#14061,#14062);
#11552=AXIS2_PLACEMENT_3D('',#17072,#14064,#14065);
#11553=AXIS2_PLACEMENT_3D('',#17075,#14066,#14067);
#11554=AXIS2_PLACEMENT_3D('',#17079,#14069,#14070);
#11555=AXIS2_PLACEMENT_3D('',#17081,#14072,#14073);
#11556=AXIS2_PLACEMENT_3D('',#17084,#14076,#14077);
#11557=AXIS2_PLACEMENT_3D('',#17087,#14078,#14079);
#11558=AXIS2_PLACEMENT_3D('',#17091,#14081,#14082);
#11559=AXIS2_PLACEMENT_3D('',#17093,#14084,#14085);
#11560=AXIS2_PLACEMENT_3D('',#17096,#14088,#14089);
#11561=AXIS2_PLACEMENT_3D('',#17099,#14092,#14093);
#11562=AXIS2_PLACEMENT_3D('',#17102,#14094,#14095);
#11563=AXIS2_PLACEMENT_3D('',#17106,#14097,#14098);
#11564=AXIS2_PLACEMENT_3D('',#17108,#14100,#14101);
#11565=AXIS2_PLACEMENT_3D('',#17112,#14103,#14104);
#11566=AXIS2_PLACEMENT_3D('',#17116,#14106,#14107);
#11567=AXIS2_PLACEMENT_3D('',#17120,#14109,#14110);
#11568=AXIS2_PLACEMENT_3D('',#17122,#14112,#14113);
#11569=AXIS2_PLACEMENT_3D('',#17126,#14116,#14117);
#11570=AXIS2_PLACEMENT_3D('',#17129,#14118,#14119);
#11571=AXIS2_PLACEMENT_3D('',#17133,#14121,#14122);
#11572=AXIS2_PLACEMENT_3D('',#17135,#14124,#14125);
#11573=AXIS2_PLACEMENT_3D('',#17139,#14127,#14128);
#11574=AXIS2_PLACEMENT_3D('',#17143,#14130,#14131);
#11575=AXIS2_PLACEMENT_3D('',#17147,#14133,#14134);
#11576=AXIS2_PLACEMENT_3D('',#17153,#14137,#14138);
#11577=AXIS2_PLACEMENT_3D('',#17157,#14140,#14141);
#11578=AXIS2_PLACEMENT_3D('',#17161,#14143,#14144);
#11579=AXIS2_PLACEMENT_3D('',#17164,#14146,#14147);
#11580=AXIS2_PLACEMENT_3D('',#17165,#14148,#14149);
#11581=AXIS2_PLACEMENT_3D('',#17169,#14152,#14153);
#11582=AXIS2_PLACEMENT_3D('',#17172,#14154,#14155);
#11583=AXIS2_PLACEMENT_3D('',#17175,#14158,#14159);
#11584=AXIS2_PLACEMENT_3D('',#17179,#14162,#14163);
#11585=AXIS2_PLACEMENT_3D('',#17181,#14164,#14165);
#11586=AXIS2_PLACEMENT_3D('',#17183,#14167,#14168);
#11587=AXIS2_PLACEMENT_3D('',#17185,#14169,#14170);
#11588=AXIS2_PLACEMENT_3D('',#17187,#14172,#14173);
#11589=AXIS2_PLACEMENT_3D('',#17191,#14175,#14176);
#11590=AXIS2_PLACEMENT_3D('',#17193,#14178,#14179);
#11591=AXIS2_PLACEMENT_3D('',#17197,#14182,#14183);
#11592=AXIS2_PLACEMENT_3D('',#17200,#14184,#14185);
#11593=AXIS2_PLACEMENT_3D('',#17203,#14188,#14189);
#11594=AXIS2_PLACEMENT_3D('',#17207,#14192,#14193);
#11595=AXIS2_PLACEMENT_3D('',#17210,#14194,#14195);
#11596=AXIS2_PLACEMENT_3D('',#17213,#14198,#14199);
#11597=AXIS2_PLACEMENT_3D('',#17217,#14202,#14203);
#11598=AXIS2_PLACEMENT_3D('',#17220,#14205,#14206);
#11599=AXIS2_PLACEMENT_3D('',#17221,#14207,#14208);
#11600=AXIS2_PLACEMENT_3D('',#17225,#14211,#14212);
#11601=AXIS2_PLACEMENT_3D('',#17227,#14213,#14214);
#11602=AXIS2_PLACEMENT_3D('',#17229,#14216,#14217);
#11603=AXIS2_PLACEMENT_3D('',#17231,#14218,#14219);
#11604=AXIS2_PLACEMENT_3D('',#17233,#14221,#14222);
#11605=AXIS2_PLACEMENT_3D('',#17234,#14223,#14224);
#11606=AXIS2_PLACEMENT_3D('',#17235,#14225,#14226);
#11607=AXIS2_PLACEMENT_3D('',#17237,#14228,#14229);
#11608=AXIS2_PLACEMENT_3D('',#17239,#14231,#14232);
#11609=AXIS2_PLACEMENT_3D('',#17241,#14234,#14235);
#11610=AXIS2_PLACEMENT_3D('',#17243,#14237,#14238);
#11611=AXIS2_PLACEMENT_3D('',#17245,#14240,#14241);
#11612=AXIS2_PLACEMENT_3D('',#17246,#14242,#14243);
#11613=AXIS2_PLACEMENT_3D('',#17247,#14244,#14245);
#11614=AXIS2_PLACEMENT_3D('',#17248,#14246,#14247);
#11615=AXIS2_PLACEMENT_3D('',#17250,#14248,#14249);
#11616=AXIS2_PLACEMENT_3D('',#17253,#14251,#14252);
#11617=AXIS2_PLACEMENT_3D('',#17254,#14253,#14254);
#11618=AXIS2_PLACEMENT_3D('',#17256,#14255,#14256);
#11619=AXIS2_PLACEMENT_3D('',#17259,#14258,#14259);
#11620=AXIS2_PLACEMENT_3D('',#17260,#14260,#14261);
#11621=AXIS2_PLACEMENT_3D('',#17269,#14266,#14267);
#11622=AXIS2_PLACEMENT_3D('',#17278,#14272,#14273);
#11623=AXIS2_PLACEMENT_3D('',#17289,#14280,#14281);
#11624=AXIS2_PLACEMENT_3D('',#17295,#14285,#14286);
#11625=AXIS2_PLACEMENT_3D('',#17301,#14290,#14291);
#11626=AXIS2_PLACEMENT_3D('',#17312,#14298,#14299);
#11627=AXIS2_PLACEMENT_3D('',#17315,#14302,#14303);
#11628=AXIS2_PLACEMENT_3D('',#17317,#14305,#14306);
#11629=AXIS2_PLACEMENT_3D('',#17318,#14307,#14308);
#11630=AXIS2_PLACEMENT_3D('',#17319,#14309,#14310);
#11631=AXIS2_PLACEMENT_3D('',#17321,#14312,#14313);
#11632=AXIS2_PLACEMENT_3D('',#17322,#14314,#14315);
#11633=AXIS2_PLACEMENT_3D('',#17323,#14316,#14317);
#11634=AXIS2_PLACEMENT_3D('',#17325,#14318,#14319);
#11635=AXIS2_PLACEMENT_3D('',#17328,#14321,#14322);
#11636=AXIS2_PLACEMENT_3D('',#17329,#14323,#14324);
#11637=AXIS2_PLACEMENT_3D('',#17338,#14329,#14330);
#11638=AXIS2_PLACEMENT_3D('',#17347,#14335,#14336);
#11639=AXIS2_PLACEMENT_3D('',#17359,#14343,#14344);
#11640=AXIS2_PLACEMENT_3D('',#17360,#14345,#14346);
#11641=AXIS2_PLACEMENT_3D('',#17367,#14350,#14351);
#11642=AXIS2_PLACEMENT_3D('',#17368,#14352,#14353);
#11643=AXIS2_PLACEMENT_3D('',#17374,#14357,#14358);
#11644=AXIS2_PLACEMENT_3D('',#17378,#14361,#14362);
#11645=AXIS2_PLACEMENT_3D('',#17382,#14365,#14366);
#11646=AXIS2_PLACEMENT_3D('',#17389,#14371,#14372);
#11647=AXIS2_PLACEMENT_3D('',#17391,#14374,#14375);
#11648=AXIS2_PLACEMENT_3D('',#17393,#14377,#14378);
#11649=AXIS2_PLACEMENT_3D('',#17394,#14379,#14380);
#11650=AXIS2_PLACEMENT_3D('',#17396,#14382,#14383);
#11651=AXIS2_PLACEMENT_3D('',#17397,#14384,#14385);
#11652=AXIS2_PLACEMENT_3D('',#17398,#14386,#14387);
#11653=AXIS2_PLACEMENT_3D('',#17527,#14452,#14453);
#11654=AXIS2_PLACEMENT_3D('',#17533,#14457,#14458);
#11655=AXIS2_PLACEMENT_3D('',#17537,#14461,#14462);
#11656=AXIS2_PLACEMENT_3D('',#17541,#14465,#14466);
#11657=AXIS2_PLACEMENT_3D('',#17545,#14469,#14470);
#11658=AXIS2_PLACEMENT_3D('',#17549,#14473,#14474);
#11659=AXIS2_PLACEMENT_3D('',#17553,#14477,#14478);
#11660=AXIS2_PLACEMENT_3D('',#17557,#14481,#14482);
#11661=AXIS2_PLACEMENT_3D('',#17561,#14485,#14486);
#11662=AXIS2_PLACEMENT_3D('',#17565,#14489,#14490);
#11663=AXIS2_PLACEMENT_3D('',#17569,#14493,#14494);
#11664=AXIS2_PLACEMENT_3D('',#17573,#14497,#14498);
#11665=AXIS2_PLACEMENT_3D('',#17577,#14501,#14502);
#11666=AXIS2_PLACEMENT_3D('',#17581,#14505,#14506);
#11667=AXIS2_PLACEMENT_3D('',#17585,#14509,#14510);
#11668=AXIS2_PLACEMENT_3D('',#17589,#14513,#14514);
#11669=AXIS2_PLACEMENT_3D('',#17593,#14517,#14518);
#11670=AXIS2_PLACEMENT_3D('',#17597,#14521,#14522);
#11671=AXIS2_PLACEMENT_3D('',#17601,#14525,#14526);
#11672=AXIS2_PLACEMENT_3D('',#17605,#14529,#14530);
#11673=AXIS2_PLACEMENT_3D('',#17609,#14533,#14534);
#11674=AXIS2_PLACEMENT_3D('',#17613,#14537,#14538);
#11675=AXIS2_PLACEMENT_3D('',#17617,#14541,#14542);
#11676=AXIS2_PLACEMENT_3D('',#17621,#14545,#14546);
#11677=AXIS2_PLACEMENT_3D('',#17625,#14549,#14550);
#11678=AXIS2_PLACEMENT_3D('',#17629,#14553,#14554);
#11679=AXIS2_PLACEMENT_3D('',#17633,#14557,#14558);
#11680=AXIS2_PLACEMENT_3D('',#17637,#14561,#14562);
#11681=AXIS2_PLACEMENT_3D('',#17641,#14565,#14566);
#11682=AXIS2_PLACEMENT_3D('',#17646,#14569,#14570);
#11683=AXIS2_PLACEMENT_3D('',#17647,#14571,#14572);
#11684=AXIS2_PLACEMENT_3D('',#17651,#14575,#14576);
#11685=AXIS2_PLACEMENT_3D('',#17656,#14579,#14580);
#11686=AXIS2_PLACEMENT_3D('',#17658,#14581,#14582);
#11687=AXIS2_PLACEMENT_3D('',#17659,#14583,#14584);
#11688=AXIS2_PLACEMENT_3D('',#17663,#14587,#14588);
#11689=AXIS2_PLACEMENT_3D('',#17669,#14592,#14593);
#11690=AXIS2_PLACEMENT_3D('',#17675,#14597,#14598);
#11691=AXIS2_PLACEMENT_3D('',#17681,#14602,#14603);
#11692=AXIS2_PLACEMENT_3D('',#17687,#14607,#14608);
#11693=AXIS2_PLACEMENT_3D('',#17693,#14612,#14613);
#11694=AXIS2_PLACEMENT_3D('',#17699,#14617,#14618);
#11695=AXIS2_PLACEMENT_3D('',#17705,#14622,#14623);
#11696=AXIS2_PLACEMENT_3D('',#17711,#14627,#14628);
#11697=AXIS2_PLACEMENT_3D('',#17715,#14631,#14632);
#11698=AXIS2_PLACEMENT_3D('',#17719,#14635,#14636);
#11699=AXIS2_PLACEMENT_3D('',#17723,#14639,#14640);
#11700=AXIS2_PLACEMENT_3D('',#17727,#14643,#14644);
#11701=AXIS2_PLACEMENT_3D('',#17731,#14647,#14648);
#11702=AXIS2_PLACEMENT_3D('',#17735,#14651,#14652);
#11703=AXIS2_PLACEMENT_3D('',#17739,#14655,#14656);
#11704=AXIS2_PLACEMENT_3D('',#17743,#14659,#14660);
#11705=AXIS2_PLACEMENT_3D('',#17747,#14663,#14664);
#11706=AXIS2_PLACEMENT_3D('',#17749,#14666,#14667);
#11707=AXIS2_PLACEMENT_3D('',#17753,#14670,#14671);
#11708=AXIS2_PLACEMENT_3D('',#17757,#14674,#14675);
#11709=AXIS2_PLACEMENT_3D('',#17759,#14677,#14678);
#11710=AXIS2_PLACEMENT_3D('',#17763,#14681,#14682);
#11711=AXIS2_PLACEMENT_3D('',#17765,#14684,#14685);
#11712=AXIS2_PLACEMENT_3D('',#17769,#14688,#14689);
#11713=AXIS2_PLACEMENT_3D('',#17773,#14692,#14693);
#11714=AXIS2_PLACEMENT_3D('',#17775,#14695,#14696);
#11715=AXIS2_PLACEMENT_3D('',#17777,#14698,#14699);
#11716=AXIS2_PLACEMENT_3D('',#17781,#14702,#14703);
#11717=AXIS2_PLACEMENT_3D('',#17783,#14705,#14706);
#11718=AXIS2_PLACEMENT_3D('',#17786,#14708,#14709);
#11719=AXIS2_PLACEMENT_3D('',#17787,#14710,#14711);
#11720=AXIS2_PLACEMENT_3D('',#17789,#14713,#14714);
#11721=AXIS2_PLACEMENT_3D('',#17791,#14716,#14717);
#11722=AXIS2_PLACEMENT_3D('',#17792,#14718,#14719);
#11723=AXIS2_PLACEMENT_3D('',#17794,#14721,#14722);
#11724=AXIS2_PLACEMENT_3D('',#17796,#14724,#14725);
#11725=AXIS2_PLACEMENT_3D('',#17797,#14726,#14727);
#11726=AXIS2_PLACEMENT_3D('',#17798,#14728,#14729);
#11727=AXIS2_PLACEMENT_3D('',#17799,#14730,#14731);
#11728=AXIS2_PLACEMENT_3D('',#17800,#14732,#14733);
#11729=AXIS2_PLACEMENT_3D('',#17801,#14734,#14735);
#11730=AXIS2_PLACEMENT_3D('',#17802,#14736,#14737);
#11731=AXIS2_PLACEMENT_3D('',#17803,#14738,#14739);
#11732=AXIS2_PLACEMENT_3D('',#17804,#14740,#14741);
#11733=AXIS2_PLACEMENT_3D('',#17805,#14742,#14743);
#11734=AXIS2_PLACEMENT_3D('',#17806,#14744,#14745);
#11735=AXIS2_PLACEMENT_3D('',#17807,#14746,#14747);
#11736=AXIS2_PLACEMENT_3D('',#17808,#14748,#14749);
#11737=AXIS2_PLACEMENT_3D('',#17809,#14750,#14751);
#11738=AXIS2_PLACEMENT_3D('',#17810,#14752,#14753);
#11739=AXIS2_PLACEMENT_3D('',#17811,#14754,#14755);
#11740=AXIS2_PLACEMENT_3D('',#17812,#14756,#14757);
#11741=AXIS2_PLACEMENT_3D('',#17813,#14758,#14759);
#11742=AXIS2_PLACEMENT_3D('',#17814,#14760,#14761);
#11743=AXIS2_PLACEMENT_3D('',#17815,#14762,#14763);
#11744=AXIS2_PLACEMENT_3D('',#17816,#14764,#14765);
#11745=AXIS2_PLACEMENT_3D('',#17817,#14766,#14767);
#11746=AXIS2_PLACEMENT_3D('',#17818,#14768,#14769);
#11747=AXIS2_PLACEMENT_3D('',#17819,#14770,#14771);
#11748=AXIS2_PLACEMENT_3D('',#17820,#14772,#14773);
#11749=AXIS2_PLACEMENT_3D('',#17821,#14774,#14775);
#11750=AXIS2_PLACEMENT_3D('',#17822,#14776,#14777);
#11751=AXIS2_PLACEMENT_3D('',#17823,#14778,#14779);
#11752=AXIS2_PLACEMENT_3D('',#17824,#14780,#14781);
#11753=AXIS2_PLACEMENT_3D('',#17825,#14782,#14783);
#11754=AXIS2_PLACEMENT_3D('',#17826,#14784,#14785);
#11755=AXIS2_PLACEMENT_3D('',#17827,#14786,#14787);
#11756=AXIS2_PLACEMENT_3D('',#17828,#14788,#14789);
#11757=DIRECTION('axis',(0.,0.,1.));
#11758=DIRECTION('refdir',(1.,0.,0.));
#11759=DIRECTION('axis',(0.,0.,1.));
#11760=DIRECTION('refdir',(1.,0.,0.));
#11761=DIRECTION('center_axis',(0.,-1.,0.));
#11762=DIRECTION('ref_axis',(0.,0.,-1.));
#11763=DIRECTION('',(-1.04972719113862E-16,-0.515038074910058,0.85716730070211));
#11764=DIRECTION('center_axis',(0.,1.,0.));
#11765=DIRECTION('ref_axis',(0.,0.,-1.));
#11766=DIRECTION('center_axis',(0.,1.,0.));
#11767=DIRECTION('ref_axis',(0.,0.,-1.));
#11768=DIRECTION('center_axis',(0.,1.,0.));
#11769=DIRECTION('ref_axis',(0.,0.,-1.));
#11770=DIRECTION('',(0.,1.,0.));
#11771=DIRECTION('center_axis',(0.,-1.,0.));
#11772=DIRECTION('ref_axis',(0.,0.,-1.));
#11773=DIRECTION('',(-1.04972719113862E-16,-0.515038074910058,0.85716730070211));
#11774=DIRECTION('center_axis',(0.,1.,0.));
#11775=DIRECTION('ref_axis',(0.,0.,-1.));
#11776=DIRECTION('center_axis',(0.,1.,0.));
#11777=DIRECTION('ref_axis',(0.,0.,-1.));
#11778=DIRECTION('center_axis',(0.,1.,0.));
#11779=DIRECTION('ref_axis',(0.,0.,-1.));
#11780=DIRECTION('',(0.,1.,0.));
#11781=DIRECTION('center_axis',(0.,-1.,0.));
#11782=DIRECTION('ref_axis',(0.,0.,-1.));
#11783=DIRECTION('',(-1.04972719113862E-16,-0.515038074910058,0.85716730070211));
#11784=DIRECTION('center_axis',(0.,1.,0.));
#11785=DIRECTION('ref_axis',(0.,0.,-1.));
#11786=DIRECTION('center_axis',(0.,1.,0.));
#11787=DIRECTION('ref_axis',(0.,0.,-1.));
#11788=DIRECTION('center_axis',(0.,1.,0.));
#11789=DIRECTION('ref_axis',(0.,0.,-1.));
#11790=DIRECTION('',(0.,1.,0.));
#11791=DIRECTION('center_axis',(0.,-1.,0.));
#11792=DIRECTION('ref_axis',(0.,0.,-1.));
#11793=DIRECTION('',(-1.04972719113862E-16,-0.515038074910058,0.85716730070211));
#11794=DIRECTION('center_axis',(0.,1.,0.));
#11795=DIRECTION('ref_axis',(0.,0.,-1.));
#11796=DIRECTION('center_axis',(0.,1.,0.));
#11797=DIRECTION('ref_axis',(0.,0.,-1.));
#11798=DIRECTION('center_axis',(0.,1.,0.));
#11799=DIRECTION('ref_axis',(0.,0.,-1.));
#11800=DIRECTION('',(0.,1.,0.));
#11801=DIRECTION('center_axis',(0.,-1.,0.));
#11802=DIRECTION('ref_axis',(0.,0.,-1.));
#11803=DIRECTION('',(-1.04972719113862E-16,-0.515038074910058,0.85716730070211));
#11804=DIRECTION('center_axis',(0.,1.,0.));
#11805=DIRECTION('ref_axis',(0.,0.,-1.));
#11806=DIRECTION('center_axis',(0.,1.,0.));
#11807=DIRECTION('ref_axis',(0.,0.,-1.));
#11808=DIRECTION('center_axis',(0.,1.,0.));
#11809=DIRECTION('ref_axis',(0.,0.,-1.));
#11810=DIRECTION('',(0.,1.,0.));
#11811=DIRECTION('center_axis',(0.,-1.,0.));
#11812=DIRECTION('ref_axis',(0.,0.,-1.));
#11813=DIRECTION('',(-1.04972719113862E-16,-0.515038074910058,0.85716730070211));
#11814=DIRECTION('center_axis',(0.,1.,0.));
#11815=DIRECTION('ref_axis',(0.,0.,-1.));
#11816=DIRECTION('center_axis',(0.,1.,0.));
#11817=DIRECTION('ref_axis',(0.,0.,-1.));
#11818=DIRECTION('center_axis',(0.,1.,0.));
#11819=DIRECTION('ref_axis',(0.,0.,-1.));
#11820=DIRECTION('',(0.,1.,0.));
#11821=DIRECTION('center_axis',(0.,-1.,0.));
#11822=DIRECTION('ref_axis',(0.,0.,-1.));
#11823=DIRECTION('',(-1.04972719113862E-16,-0.515038074910058,0.85716730070211));
#11824=DIRECTION('center_axis',(0.,1.,0.));
#11825=DIRECTION('ref_axis',(0.,0.,-1.));
#11826=DIRECTION('center_axis',(0.,1.,0.));
#11827=DIRECTION('ref_axis',(0.,0.,-1.));
#11828=DIRECTION('center_axis',(0.,1.,0.));
#11829=DIRECTION('ref_axis',(0.,0.,-1.));
#11830=DIRECTION('',(0.,1.,0.));
#11831=DIRECTION('center_axis',(0.,-1.,0.));
#11832=DIRECTION('ref_axis',(0.,0.,-1.));
#11833=DIRECTION('',(-1.04972719113862E-16,-0.515038074910058,0.85716730070211));
#11834=DIRECTION('center_axis',(0.,1.,0.));
#11835=DIRECTION('ref_axis',(0.,0.,-1.));
#11836=DIRECTION('center_axis',(0.,1.,0.));
#11837=DIRECTION('ref_axis',(0.,0.,-1.));
#11838=DIRECTION('center_axis',(0.,1.,0.));
#11839=DIRECTION('ref_axis',(0.,0.,-1.));
#11840=DIRECTION('',(0.,1.,0.));
#11841=DIRECTION('center_axis',(-1.,0.,0.));
#11842=DIRECTION('ref_axis',(0.,0.,1.));
#11843=DIRECTION('',(0.,0.,1.));
#11844=DIRECTION('',(0.,-1.,0.));
#11845=DIRECTION('',(0.,0.,-1.));
#11846=DIRECTION('',(0.,1.,0.));
#11847=DIRECTION('center_axis',(-1.,0.,0.));
#11848=DIRECTION('ref_axis',(0.,0.,1.));
#11849=DIRECTION('',(0.,0.,1.));
#11850=DIRECTION('',(0.,-1.,0.));
#11851=DIRECTION('',(0.,0.,-1.));
#11852=DIRECTION('',(0.,1.,0.));
#11853=DIRECTION('center_axis',(-1.,0.,0.));
#11854=DIRECTION('ref_axis',(0.,0.,1.));
#11855=DIRECTION('',(0.,0.,1.));
#11856=DIRECTION('',(0.,-1.,0.));
#11857=DIRECTION('',(0.,0.,-1.));
#11858=DIRECTION('',(0.,1.,0.));
#11859=DIRECTION('center_axis',(-1.,0.,0.));
#11860=DIRECTION('ref_axis',(0.,0.,1.));
#11861=DIRECTION('',(0.,0.,1.));
#11862=DIRECTION('',(0.,-1.,0.));
#11863=DIRECTION('',(0.,0.,-1.));
#11864=DIRECTION('',(0.,1.,0.));
#11865=DIRECTION('center_axis',(-1.,0.,0.));
#11866=DIRECTION('ref_axis',(0.,0.,1.));
#11867=DIRECTION('',(0.,0.,1.));
#11868=DIRECTION('',(0.,-1.,0.));
#11869=DIRECTION('',(0.,0.,-1.));
#11870=DIRECTION('',(0.,1.,0.));
#11871=DIRECTION('center_axis',(0.,0.,1.));
#11872=DIRECTION('ref_axis',(1.,0.,0.));
#11873=DIRECTION('',(1.,0.,0.));
#11874=DIRECTION('',(0.,1.,0.));
#11875=DIRECTION('',(-1.,0.,0.));
#11876=DIRECTION('center_axis',(0.,1.,0.));
#11877=DIRECTION('ref_axis',(0.,0.,1.));
#11878=DIRECTION('',(1.,0.,0.));
#11879=DIRECTION('',(0.,0.,-1.));
#11880=DIRECTION('center_axis',(-1.,0.,0.));
#11881=DIRECTION('ref_axis',(0.,0.,1.));
#11882=DIRECTION('',(0.,0.,1.));
#11883=DIRECTION('',(0.,-1.,0.));
#11884=DIRECTION('',(0.,0.,-1.));
#11885=DIRECTION('',(0.,1.,0.));
#11886=DIRECTION('center_axis',(-1.,0.,0.));
#11887=DIRECTION('ref_axis',(0.,0.,1.));
#11888=DIRECTION('',(0.,0.,1.));
#11889=DIRECTION('',(0.,-1.,0.));
#11890=DIRECTION('',(0.,0.,-1.));
#11891=DIRECTION('',(0.,1.,0.));
#11892=DIRECTION('center_axis',(-1.,0.,0.));
#11893=DIRECTION('ref_axis',(0.,0.,1.));
#11894=DIRECTION('',(0.,0.,1.));
#11895=DIRECTION('',(0.,-1.,0.));
#11896=DIRECTION('',(0.,0.,-1.));
#11897=DIRECTION('',(0.,1.,0.));
#11898=DIRECTION('center_axis',(0.,0.,-1.));
#11899=DIRECTION('ref_axis',(-1.,0.,0.));
#11900=DIRECTION('',(-1.,0.,0.));
#11901=DIRECTION('',(0.,1.,0.));
#11902=DIRECTION('',(-1.,0.,0.));
#11903=DIRECTION('center_axis',(0.,1.,0.));
#11904=DIRECTION('ref_axis',(0.,0.,1.));
#11905=DIRECTION('',(-1.,0.,0.));
#11906=DIRECTION('',(0.,0.,-1.));
#11907=DIRECTION('center_axis',(1.,0.,0.));
#11908=DIRECTION('ref_axis',(0.,0.,-1.));
#11909=DIRECTION('',(0.,-1.,0.));
#11910=DIRECTION('',(0.,0.,1.));
#11911=DIRECTION('center_axis',(0.,0.,-1.));
#11912=DIRECTION('ref_axis',(-1.,0.,0.));
#11913=DIRECTION('',(1.,0.,0.));
#11914=DIRECTION('center_axis',(1.,0.,0.));
#11915=DIRECTION('ref_axis',(0.,0.,-1.));
#11916=DIRECTION('',(0.,0.,-1.));
#11917=DIRECTION('',(0.,-1.,0.));
#11918=DIRECTION('',(0.,0.,1.));
#11919=DIRECTION('',(0.,1.,0.));
#11920=DIRECTION('center_axis',(1.,0.,0.));
#11921=DIRECTION('ref_axis',(0.,0.,-1.));
#11922=DIRECTION('',(0.,0.,-1.));
#11923=DIRECTION('',(0.,-1.,0.));
#11924=DIRECTION('',(0.,0.,1.));
#11925=DIRECTION('',(0.,1.,0.));
#11926=DIRECTION('center_axis',(1.,0.,0.));
#11927=DIRECTION('ref_axis',(0.,0.,-1.));
#11928=DIRECTION('',(0.,-1.,0.));
#11929=DIRECTION('',(0.,0.,1.));
#11930=DIRECTION('center_axis',(0.,0.,1.));
#11931=DIRECTION('ref_axis',(1.,0.,0.));
#11932=DIRECTION('',(1.,0.,0.));
#11933=DIRECTION('center_axis',(1.,0.,0.));
#11934=DIRECTION('ref_axis',(0.,0.,-1.));
#11935=DIRECTION('',(0.,0.,-1.));
#11936=DIRECTION('',(0.,-1.,0.));
#11937=DIRECTION('',(0.,0.,1.));
#11938=DIRECTION('',(0.,1.,0.));
#11939=DIRECTION('center_axis',(1.,0.,0.));
#11940=DIRECTION('ref_axis',(0.,0.,-1.));
#11941=DIRECTION('',(0.,0.,-1.));
#11942=DIRECTION('',(0.,-1.,0.));
#11943=DIRECTION('',(0.,0.,1.));
#11944=DIRECTION('',(0.,1.,0.));
#11945=DIRECTION('center_axis',(-1.,0.,0.));
#11946=DIRECTION('ref_axis',(0.,0.,1.));
#11947=DIRECTION('',(0.,0.,1.));
#11948=DIRECTION('',(0.,1.,0.));
#11949=DIRECTION('',(0.,0.,1.));
#11950=DIRECTION('',(0.,-1.,0.));
#11951=DIRECTION('center_axis',(1.,0.,0.));
#11952=DIRECTION('ref_axis',(0.,0.,-1.));
#11953=DIRECTION('',(0.,0.,-1.));
#11954=DIRECTION('',(0.,-1.,0.));
#11955=DIRECTION('',(0.,0.,1.));
#11956=DIRECTION('',(0.,1.,0.));
#11957=DIRECTION('center_axis',(0.,0.,-1.));
#11958=DIRECTION('ref_axis',(-1.,0.,0.));
#11959=DIRECTION('',(-1.,0.,0.));
#11960=DIRECTION('',(0.,1.,0.));
#11961=DIRECTION('',(-1.,0.,0.));
#11962=DIRECTION('center_axis',(0.,0.,-1.));
#11963=DIRECTION('ref_axis',(-1.,0.,0.));
#11964=DIRECTION('',(1.,0.,0.));
#11965=DIRECTION('',(0.,1.,0.));
#11966=DIRECTION('',(-1.,0.,0.));
#11967=DIRECTION('center_axis',(0.,0.,-1.));
#11968=DIRECTION('ref_axis',(-1.,0.,0.));
#11969=DIRECTION('',(-1.,0.,0.));
#11970=DIRECTION('',(0.,-1.,0.));
#11971=DIRECTION('',(1.,0.,0.));
#11972=DIRECTION('center_axis',(0.,1.,0.));
#11973=DIRECTION('ref_axis',(0.,0.,1.));
#11974=DIRECTION('',(-1.,0.,0.));
#11975=DIRECTION('',(0.,0.,-1.));
#11976=DIRECTION('center_axis',(0.,1.,0.));
#11977=DIRECTION('ref_axis',(0.,0.,1.));
#11978=DIRECTION('',(0.,0.,-1.));
#11979=DIRECTION('center_axis',(0.,0.,-1.));
#11980=DIRECTION('ref_axis',(-1.,0.,0.));
#11981=DIRECTION('',(-1.,0.,0.));
#11982=DIRECTION('',(0.,-1.,0.));
#11983=DIRECTION('',(1.,0.,0.));
#11984=DIRECTION('center_axis',(0.,1.,0.));
#11985=DIRECTION('ref_axis',(0.,0.,1.));
#11986=DIRECTION('',(-1.,0.,0.));
#11987=DIRECTION('',(0.,0.,-1.));
#11988=DIRECTION('center_axis',(0.,0.,-1.));
#11989=DIRECTION('ref_axis',(-1.,0.,0.));
#11990=DIRECTION('',(-1.,0.,0.));
#11991=DIRECTION('',(0.,-1.,0.));
#11992=DIRECTION('center_axis',(0.,0.,-1.));
#11993=DIRECTION('ref_axis',(-1.,0.,0.));
#11994=DIRECTION('',(-1.,0.,0.));
#11995=DIRECTION('',(0.,1.,0.));
#11996=DIRECTION('',(-1.,0.,0.));
#11997=DIRECTION('center_axis',(0.,1.,0.));
#11998=DIRECTION('ref_axis',(0.,0.,1.));
#11999=DIRECTION('',(-1.,0.,0.));
#12000=DIRECTION('',(0.,0.,1.));
#12001=DIRECTION('center_axis',(0.,0.,-1.));
#12002=DIRECTION('ref_axis',(-1.,0.,0.));
#12003=DIRECTION('',(1.,0.,0.));
#12004=DIRECTION('',(0.,1.,0.));
#12005=DIRECTION('center_axis',(0.,0.,-1.));
#12006=DIRECTION('ref_axis',(-1.,0.,0.));
#12007=DIRECTION('',(-1.,0.,0.));
#12008=DIRECTION('',(0.,-1.,0.));
#12009=DIRECTION('',(-1.,0.,0.));
#12010=DIRECTION('center_axis',(0.,0.,-1.));
#12011=DIRECTION('ref_axis',(-1.,0.,0.));
#12012=DIRECTION('',(-1.,0.,0.));
#12013=DIRECTION('',(0.,1.,0.));
#12014=DIRECTION('',(-1.,0.,0.));
#12015=DIRECTION('center_axis',(0.,1.,0.));
#12016=DIRECTION('ref_axis',(0.,0.,1.));
#12017=DIRECTION('',(0.,0.,-1.));
#12018=DIRECTION('',(-1.,0.,0.));
#12019=DIRECTION('center_axis',(0.,1.,0.));
#12020=DIRECTION('ref_axis',(0.,0.,1.));
#12021=DIRECTION('',(-1.,0.,0.));
#12022=DIRECTION('',(0.,0.,-1.));
#12023=DIRECTION('center_axis',(0.,0.,-1.));
#12024=DIRECTION('ref_axis',(-1.,0.,0.));
#12025=DIRECTION('',(0.,-1.,0.));
#12026=DIRECTION('',(1.,0.,0.));
#12027=DIRECTION('center_axis',(0.,0.,-1.));
#12028=DIRECTION('ref_axis',(-1.,0.,0.));
#12029=DIRECTION('',(1.,0.,0.));
#12030=DIRECTION('',(0.,1.,0.));
#12031=DIRECTION('center_axis',(0.,0.,1.));
#12032=DIRECTION('ref_axis',(1.,0.,0.));
#12033=DIRECTION('',(-1.,0.,0.));
#12034=DIRECTION('',(0.,1.,0.));
#12035=DIRECTION('',(1.,0.,0.));
#12036=DIRECTION('center_axis',(0.,1.,0.));
#12037=DIRECTION('ref_axis',(0.,0.,1.));
#12038=DIRECTION('',(0.,0.,-1.));
#12039=DIRECTION('',(1.,0.,0.));
#12040=DIRECTION('center_axis',(0.,0.,1.));
#12041=DIRECTION('ref_axis',(1.,0.,0.));
#12042=DIRECTION('',(0.,1.,0.));
#12043=DIRECTION('',(1.,0.,0.));
#12044=DIRECTION('center_axis',(0.,0.,1.));
#12045=DIRECTION('ref_axis',(1.,0.,0.));
#12046=DIRECTION('',(1.,0.,0.));
#12047=DIRECTION('',(0.,-1.,0.));
#12048=DIRECTION('',(1.,0.,0.));
#12049=DIRECTION('center_axis',(0.,0.,1.));
#12050=DIRECTION('ref_axis',(1.,0.,0.));
#12051=DIRECTION('',(1.,0.,0.));
#12052=DIRECTION('',(0.,1.,0.));
#12053=DIRECTION('',(1.,0.,0.));
#12054=DIRECTION('center_axis',(0.,1.,0.));
#12055=DIRECTION('ref_axis',(0.,0.,1.));
#12056=DIRECTION('',(0.,0.,1.));
#12057=DIRECTION('',(1.,0.,0.));
#12058=DIRECTION('center_axis',(0.,1.,0.));
#12059=DIRECTION('ref_axis',(0.,0.,1.));
#12060=DIRECTION('',(1.,0.,0.));
#12061=DIRECTION('',(0.,0.,-1.));
#12062=DIRECTION('center_axis',(0.,0.,1.));
#12063=DIRECTION('ref_axis',(1.,0.,0.));
#12064=DIRECTION('',(0.,-1.,0.));
#12065=DIRECTION('',(-1.,0.,0.));
#12066=DIRECTION('center_axis',(0.,0.,1.));
#12067=DIRECTION('ref_axis',(1.,0.,0.));
#12068=DIRECTION('',(-1.,0.,0.));
#12069=DIRECTION('',(0.,1.,0.));
#12070=DIRECTION('center_axis',(0.,0.,1.));
#12071=DIRECTION('ref_axis',(1.,0.,0.));
#12072=DIRECTION('',(1.,0.,0.));
#12073=DIRECTION('',(0.,-1.,0.));
#12074=DIRECTION('',(1.,0.,0.));
#12075=DIRECTION('center_axis',(0.,0.,1.));
#12076=DIRECTION('ref_axis',(1.,0.,0.));
#12077=DIRECTION('',(1.,0.,0.));
#12078=DIRECTION('',(0.,1.,0.));
#12079=DIRECTION('',(1.,0.,0.));
#12080=DIRECTION('center_axis',(0.,1.,0.));
#12081=DIRECTION('ref_axis',(0.,0.,1.));
#12082=DIRECTION('',(0.,0.,1.));
#12083=DIRECTION('',(1.,0.,0.));
#12084=DIRECTION('center_axis',(0.,1.,0.));
#12085=DIRECTION('ref_axis',(0.,0.,1.));
#12086=DIRECTION('',(1.,0.,0.));
#12087=DIRECTION('',(0.,0.,-1.));
#12088=DIRECTION('center_axis',(0.,0.,1.));
#12089=DIRECTION('ref_axis',(1.,0.,0.));
#12090=DIRECTION('',(0.,-1.,0.));
#12091=DIRECTION('',(-1.,0.,0.));
#12092=DIRECTION('center_axis',(0.,0.,1.));
#12093=DIRECTION('ref_axis',(1.,0.,0.));
#12094=DIRECTION('',(-1.,0.,0.));
#12095=DIRECTION('',(0.,1.,0.));
#12096=DIRECTION('center_axis',(0.,0.,1.));
#12097=DIRECTION('ref_axis',(1.,0.,0.));
#12098=DIRECTION('',(1.,0.,0.));
#12099=DIRECTION('',(0.,-1.,0.));
#12100=DIRECTION('',(1.,0.,0.));
#12101=DIRECTION('center_axis',(0.,1.,0.));
#12102=DIRECTION('ref_axis',(0.,0.,1.));
#12103=DIRECTION('',(0.,0.,1.));
#12104=DIRECTION('',(1.,0.,0.));
#12105=DIRECTION('center_axis',(0.,0.,1.));
#12106=DIRECTION('ref_axis',(1.,0.,0.));
#12107=DIRECTION('',(0.,-1.,0.));
#12108=DIRECTION('',(-1.,0.,0.));
#12109=DIRECTION('center_axis',(-1.,0.,0.));
#12110=DIRECTION('ref_axis',(0.,0.,1.));
#12111=DIRECTION('',(0.,0.,1.));
#12112=DIRECTION('',(0.,0.,1.));
#12113=DIRECTION('',(0.,-1.,0.));
#12114=DIRECTION('',(0.,0.,-1.));
#12115=DIRECTION('',(0.,1.,0.));
#12116=DIRECTION('',(0.,0.,1.));
#12117=DIRECTION('center_axis',(1.,0.,0.));
#12118=DIRECTION('ref_axis',(0.,0.,-1.));
#12119=DIRECTION('',(0.,0.,1.));
#12120=DIRECTION('',(0.,-1.,0.));
#12121=DIRECTION('',(0.,0.,1.));
#12122=DIRECTION('',(0.,0.,1.));
#12123=DIRECTION('',(0.,-1.,0.));
#12124=DIRECTION('',(0.,0.,1.));
#12125=DIRECTION('',(0.,1.,0.));
#12126=DIRECTION('',(0.,0.,1.));
#12127=DIRECTION('',(0.,0.,1.));
#12128=DIRECTION('center_axis',(0.,0.,-1.));
#12129=DIRECTION('ref_axis',(-1.,0.,0.));
#12130=DIRECTION('',(-1.,0.,0.));
#12131=DIRECTION('center_axis',(1.,0.,0.));
#12132=DIRECTION('ref_axis',(0.,0.,-1.));
#12133=DIRECTION('',(0.,0.,-1.));
#12134=DIRECTION('',(0.,0.,-1.));
#12135=DIRECTION('',(0.,-1.,0.));
#12136=DIRECTION('',(0.,0.,1.));
#12137=DIRECTION('',(0.,1.,0.));
#12138=DIRECTION('',(0.,0.,-1.));
#12139=DIRECTION('center_axis',(-1.,0.,0.));
#12140=DIRECTION('ref_axis',(0.,0.,1.));
#12141=DIRECTION('',(0.,0.,1.));
#12142=DIRECTION('',(0.,0.,1.));
#12143=DIRECTION('',(0.,0.,1.));
#12144=DIRECTION('',(0.,-1.,0.));
#12145=DIRECTION('',(0.,0.,-1.));
#12146=DIRECTION('',(0.,1.,0.));
#12147=DIRECTION('',(0.,0.,1.));
#12148=DIRECTION('',(0.,0.,1.));
#12149=DIRECTION('center_axis',(0.,-1.,0.));
#12150=DIRECTION('ref_axis',(1.,0.,0.));
#12151=DIRECTION('center_axis',(0.,1.,0.));
#12152=DIRECTION('ref_axis',(-0.707106781186548,0.,0.707106781186548));
#12153=DIRECTION('',(-1.,0.,0.));
#12154=DIRECTION('center_axis',(0.,1.,0.));
#12155=DIRECTION('ref_axis',(0.707106781186548,0.,0.707106781186548));
#12156=DIRECTION('',(1.,0.,0.));
#12157=DIRECTION('center_axis',(0.,-1.,0.));
#12158=DIRECTION('ref_axis',(1.,0.,0.));
#12159=DIRECTION('center_axis',(0.,1.,0.));
#12160=DIRECTION('ref_axis',(0.707106781186548,0.,-0.707106781186548));
#12161=DIRECTION('',(1.,0.,0.));
#12162=DIRECTION('center_axis',(0.,1.,0.));
#12163=DIRECTION('ref_axis',(-0.707106781186548,0.,-0.707106781186548));
#12164=DIRECTION('',(-1.,0.,0.));
#12165=DIRECTION('center_axis',(0.,0.,1.));
#12166=DIRECTION('ref_axis',(1.,0.,0.));
#12167=DIRECTION('',(0.,-1.,0.));
#12168=DIRECTION('',(-1.,0.,0.));
#12169=DIRECTION('',(0.,-1.,0.));
#12170=DIRECTION('center_axis',(0.,1.,0.));
#12171=DIRECTION('ref_axis',(0.707106781186548,0.,0.707106781186548));
#12172=DIRECTION('',(0.,-1.,0.));
#12173=DIRECTION('center_axis',(0.,1.,0.));
#12174=DIRECTION('ref_axis',(0.707106781186548,0.,0.707106781186548));
#12175=DIRECTION('center_axis',(0.,-1.,0.));
#12176=DIRECTION('ref_axis',(0.707106781186548,0.,0.707106781186548));
#12177=DIRECTION('center_axis',(0.,0.,-1.));
#12178=DIRECTION('ref_axis',(-1.,0.,0.));
#12179=DIRECTION('',(0.,-1.,0.));
#12180=DIRECTION('',(1.,0.,0.));
#12181=DIRECTION('',(0.,1.,0.));
#12182=DIRECTION('center_axis',(0.,-1.,0.));
#12183=DIRECTION('ref_axis',(-0.707106781186548,0.,-0.707106781186548));
#12184=DIRECTION('',(0.,-1.,0.));
#12185=DIRECTION('center_axis',(0.,1.,0.));
#12186=DIRECTION('ref_axis',(-0.707106781186548,0.,-0.707106781186548));
#12187=DIRECTION('center_axis',(0.,-1.,0.));
#12188=DIRECTION('ref_axis',(-0.707106781186548,0.,-0.707106781186548));
#12189=DIRECTION('center_axis',(0.,0.,-1.));
#12190=DIRECTION('ref_axis',(1.,0.,0.));
#12191=DIRECTION('',(0.,-1.,0.));
#12192=DIRECTION('',(-1.,0.,0.));
#12193=DIRECTION('center_axis',(0.,0.,1.));
#12194=DIRECTION('ref_axis',(-1.,0.,0.));
#12195=DIRECTION('',(0.,-1.,0.));
#12196=DIRECTION('',(1.,0.,0.));
#12197=DIRECTION('center_axis',(0.,1.,0.));
#12198=DIRECTION('ref_axis',(1.,0.,0.));
#12199=DIRECTION('center_axis',(0.,1.,0.));
#12200=DIRECTION('ref_axis',(-0.707106781186548,0.,0.707106781186548));
#12201=DIRECTION('center_axis',(0.,1.,0.));
#12202=DIRECTION('ref_axis',(0.707106781186548,0.,-0.707106781186548));
#12203=DIRECTION('center_axis',(0.,-1.,0.));
#12204=DIRECTION('ref_axis',(0.707106781186547,0.,-0.707106781186548));
#12205=DIRECTION('',(1.,0.,0.));
#12206=DIRECTION('center_axis',(0.,-1.,0.));
#12207=DIRECTION('ref_axis',(-0.707106781186547,0.,-0.707106781186548));
#12208=DIRECTION('center_axis',(0.,-1.,0.));
#12209=DIRECTION('ref_axis',(-0.707106781186548,0.,0.707106781186548));
#12210=DIRECTION('',(-1.,0.,0.));
#12211=DIRECTION('center_axis',(0.,-1.,0.));
#12212=DIRECTION('ref_axis',(0.707106781186548,0.,0.707106781186547));
#12213=DIRECTION('center_axis',(0.,1.,0.));
#12214=DIRECTION('ref_axis',(0.,0.,1.));
#12215=DIRECTION('',(-1.04972719113862E-16,0.515038074910058,-0.85716730070211));
#12216=DIRECTION('center_axis',(0.,-1.,0.));
#12217=DIRECTION('ref_axis',(0.,0.,1.));
#12218=DIRECTION('center_axis',(0.,-1.,0.));
#12219=DIRECTION('ref_axis',(0.,0.,1.));
#12220=DIRECTION('center_axis',(0.,-1.,0.));
#12221=DIRECTION('ref_axis',(0.,0.,1.));
#12222=DIRECTION('',(0.,-1.,0.));
#12223=DIRECTION('center_axis',(0.,1.,0.));
#12224=DIRECTION('ref_axis',(0.,0.,1.));
#12225=DIRECTION('',(-1.04972719113862E-16,0.515038074910058,-0.85716730070211));
#12226=DIRECTION('center_axis',(0.,-1.,0.));
#12227=DIRECTION('ref_axis',(0.,0.,1.));
#12228=DIRECTION('center_axis',(0.,-1.,0.));
#12229=DIRECTION('ref_axis',(0.,0.,1.));
#12230=DIRECTION('center_axis',(0.,-1.,0.));
#12231=DIRECTION('ref_axis',(0.,0.,1.));
#12232=DIRECTION('',(0.,-1.,0.));
#12233=DIRECTION('center_axis',(0.,1.,0.));
#12234=DIRECTION('ref_axis',(0.,0.,1.));
#12235=DIRECTION('',(-1.04972719113862E-16,0.515038074910058,-0.85716730070211));
#12236=DIRECTION('center_axis',(0.,-1.,0.));
#12237=DIRECTION('ref_axis',(0.,0.,1.));
#12238=DIRECTION('center_axis',(0.,-1.,0.));
#12239=DIRECTION('ref_axis',(0.,0.,1.));
#12240=DIRECTION('center_axis',(0.,-1.,0.));
#12241=DIRECTION('ref_axis',(0.,0.,1.));
#12242=DIRECTION('',(0.,-1.,0.));
#12243=DIRECTION('center_axis',(0.,1.,0.));
#12244=DIRECTION('ref_axis',(0.,0.,1.));
#12245=DIRECTION('',(-1.04972719113862E-16,0.515038074910058,-0.85716730070211));
#12246=DIRECTION('center_axis',(0.,-1.,0.));
#12247=DIRECTION('ref_axis',(0.,0.,1.));
#12248=DIRECTION('center_axis',(0.,-1.,0.));
#12249=DIRECTION('ref_axis',(0.,0.,1.));
#12250=DIRECTION('center_axis',(0.,-1.,0.));
#12251=DIRECTION('ref_axis',(0.,0.,1.));
#12252=DIRECTION('',(0.,-1.,0.));
#12253=DIRECTION('center_axis',(0.,1.,0.));
#12254=DIRECTION('ref_axis',(-0.707106781186547,0.,-0.707106781186548));
#12255=DIRECTION('center_axis',(0.,-1.,0.));
#12256=DIRECTION('ref_axis',(-0.707106781186547,0.,-0.707106781186548));
#12257=DIRECTION('',(0.,1.,0.));
#12258=DIRECTION('center_axis',(0.,1.,0.));
#12259=DIRECTION('ref_axis',(-0.707106781186547,0.,-0.707106781186548));
#12260=DIRECTION('',(0.,-1.,0.));
#12261=DIRECTION('center_axis',(1.,0.,0.));
#12262=DIRECTION('ref_axis',(0.,0.,-1.));
#12263=DIRECTION('',(0.,0.,-1.));
#12264=DIRECTION('',(0.,-1.,0.));
#12265=DIRECTION('',(0.,0.,1.));
#12266=DIRECTION('center_axis',(0.,1.,0.));
#12267=DIRECTION('ref_axis',(0.707106781186547,0.,-0.707106781186548));
#12268=DIRECTION('center_axis',(0.,-1.,0.));
#12269=DIRECTION('ref_axis',(0.707106781186547,0.,-0.707106781186548));
#12270=DIRECTION('',(0.,1.,0.));
#12271=DIRECTION('center_axis',(0.,1.,0.));
#12272=DIRECTION('ref_axis',(0.707106781186547,0.,-0.707106781186548));
#12273=DIRECTION('',(0.,-1.,0.));
#12274=DIRECTION('center_axis',(0.,0.,1.));
#12275=DIRECTION('ref_axis',(1.,0.,0.));
#12276=DIRECTION('',(-1.,0.,0.));
#12277=DIRECTION('',(1.,0.,0.));
#12278=DIRECTION('center_axis',(0.,-1.,0.));
#12279=DIRECTION('ref_axis',(0.707106781186547,0.,0.707106781186548));
#12280=DIRECTION('center_axis',(0.,1.,0.));
#12281=DIRECTION('ref_axis',(0.707106781186547,0.,0.707106781186548));
#12282=DIRECTION('',(0.,-1.,0.));
#12283=DIRECTION('center_axis',(0.,-1.,0.));
#12284=DIRECTION('ref_axis',(0.707106781186547,0.,0.707106781186548));
#12285=DIRECTION('',(0.,1.,0.));
#12286=DIRECTION('center_axis',(0.,0.,-1.));
#12287=DIRECTION('ref_axis',(-1.,0.,0.));
#12288=DIRECTION('',(1.,0.,0.));
#12289=DIRECTION('',(0.,1.,0.));
#12290=DIRECTION('',(-1.,0.,0.));
#12291=DIRECTION('center_axis',(0.,1.,0.));
#12292=DIRECTION('ref_axis',(-0.707106781186547,0.,0.707106781186548));
#12293=DIRECTION('center_axis',(0.,-1.,0.));
#12294=DIRECTION('ref_axis',(-0.707106781186547,0.,0.707106781186548));
#12295=DIRECTION('center_axis',(0.,1.,0.));
#12296=DIRECTION('ref_axis',(-0.707106781186547,0.,0.707106781186548));
#12297=DIRECTION('center_axis',(-1.,0.,0.));
#12298=DIRECTION('ref_axis',(0.,0.,1.));
#12299=DIRECTION('',(0.,0.,-1.));
#12300=DIRECTION('',(0.,0.,1.));
#12301=DIRECTION('center_axis',(0.,1.,0.));
#12302=DIRECTION('ref_axis',(1.,0.,0.));
#12303=DIRECTION('center_axis',(0.,1.,0.));
#12304=DIRECTION('ref_axis',(-0.707106781186548,0.,-0.707106781186548));
#12305=DIRECTION('',(-1.,0.,0.));
#12306=DIRECTION('center_axis',(0.,1.,0.));
#12307=DIRECTION('ref_axis',(0.707106781186548,0.,-0.707106781186548));
#12308=DIRECTION('',(0.,0.,-1.));
#12309=DIRECTION('center_axis',(0.,1.,0.));
#12310=DIRECTION('ref_axis',(0.707106781186548,0.,0.707106781186548));
#12311=DIRECTION('',(1.,0.,0.));
#12312=DIRECTION('center_axis',(0.,1.,0.));
#12313=DIRECTION('ref_axis',(-0.707106781186548,0.,0.707106781186548));
#12314=DIRECTION('',(0.,0.,1.));
#12315=DIRECTION('center_axis',(0.,-1.,0.));
#12316=DIRECTION('ref_axis',(-1.,0.,0.));
#12317=DIRECTION('center_axis',(0.,-1.,0.));
#12318=DIRECTION('ref_axis',(-0.707106781186548,0.,0.707106781186548));
#12319=DIRECTION('center_axis',(0.,-1.,0.));
#12320=DIRECTION('ref_axis',(0.707106781186548,0.,-0.707106781186548));
#12321=DIRECTION('center_axis',(0.,-1.,0.));
#12322=DIRECTION('ref_axis',(-0.707106781186548,0.,0.707106781186548));
#12323=DIRECTION('center_axis',(0.,1.,0.));
#12324=DIRECTION('ref_axis',(-0.707106781186548,0.,0.707106781186548));
#12325=DIRECTION('',(0.,-1.,0.));
#12326=DIRECTION('center_axis',(0.,0.,-1.));
#12327=DIRECTION('ref_axis',(-1.,0.,0.));
#12328=DIRECTION('',(-1.,0.,0.));
#12329=DIRECTION('',(0.,1.,0.));
#12330=DIRECTION('center_axis',(0.,1.,0.));
#12331=DIRECTION('ref_axis',(-0.707106781186547,0.,-0.707106781186548));
#12332=DIRECTION('',(0.,1.,0.));
#12333=DIRECTION('center_axis',(0.,1.,0.));
#12334=DIRECTION('ref_axis',(-0.707106781186547,0.,-0.707106781186548));
#12335=DIRECTION('center_axis',(0.,0.,1.));
#12336=DIRECTION('ref_axis',(1.,0.,0.));
#12337=DIRECTION('',(0.,-1.,0.));
#12338=DIRECTION('',(1.,0.,0.));
#12339=DIRECTION('center_axis',(0.,-1.,0.));
#12340=DIRECTION('ref_axis',(0.707106781186547,0.,-0.707106781186548));
#12341=DIRECTION('center_axis',(0.,1.,0.));
#12342=DIRECTION('ref_axis',(0.707106781186547,0.,-0.707106781186548));
#12343=DIRECTION('center_axis',(0.,1.,0.));
#12344=DIRECTION('ref_axis',(0.707106781186548,0.,0.707106781186547));
#12345=DIRECTION('center_axis',(0.,1.,0.));
#12346=DIRECTION('ref_axis',(0.707106781186548,0.,0.707106781186547));
#12347=DIRECTION('center_axis',(0.,-1.,0.));
#12348=DIRECTION('ref_axis',(-0.707106781186548,0.,-0.707106781186548));
#12349=DIRECTION('',(0.,1.,0.));
#12350=DIRECTION('center_axis',(0.,-1.,0.));
#12351=DIRECTION('ref_axis',(-0.707106781186548,0.,-0.707106781186548));
#12352=DIRECTION('',(0.,-1.,0.));
#12353=DIRECTION('center_axis',(-1.,0.,0.));
#12354=DIRECTION('ref_axis',(0.,0.,1.));
#12355=DIRECTION('',(0.,-1.,0.));
#12356=DIRECTION('',(0.,0.,1.));
#12357=DIRECTION('center_axis',(0.,1.,0.));
#12358=DIRECTION('ref_axis',(0.707106781186548,0.,-0.707106781186548));
#12359=DIRECTION('center_axis',(0.,1.,0.));
#12360=DIRECTION('ref_axis',(0.707106781186548,0.,-0.707106781186548));
#12361=DIRECTION('center_axis',(0.,-1.,0.));
#12362=DIRECTION('ref_axis',(0.707106781186548,0.,-0.707106781186548));
#12363=DIRECTION('',(0.,-1.,0.));
#12364=DIRECTION('',(0.,1.,0.));
#12365=DIRECTION('center_axis',(1.,0.,0.));
#12366=DIRECTION('ref_axis',(0.,0.,-1.));
#12367=DIRECTION('',(0.,0.,1.));
#12368=DIRECTION('',(0.,1.,0.));
#12369=DIRECTION('center_axis',(0.,1.,0.));
#12370=DIRECTION('ref_axis',(0.707106781186548,0.,0.707106781186548));
#12371=DIRECTION('center_axis',(0.,-1.,0.));
#12372=DIRECTION('ref_axis',(0.707106781186548,0.,0.707106781186548));
#12373=DIRECTION('',(0.,-1.,0.));
#12374=DIRECTION('center_axis',(0.,-1.,0.));
#12375=DIRECTION('ref_axis',(-0.707106781186548,0.,0.707106781186548));
#12376=DIRECTION('center_axis',(0.,-1.,0.));
#12377=DIRECTION('ref_axis',(-0.707106781186548,0.,0.707106781186548));
#12378=DIRECTION('',(0.,1.,0.));
#12379=DIRECTION('center_axis',(0.,-1.,0.));
#12380=DIRECTION('ref_axis',(-0.707106781186548,0.,0.707106781186548));
#12381=DIRECTION('center_axis',(0.,0.,-1.));
#12382=DIRECTION('ref_axis',(-1.,0.,0.));
#12383=DIRECTION('',(-1.,0.,0.));
#12384=DIRECTION('center_axis',(0.,0.,1.));
#12385=DIRECTION('ref_axis',(1.,0.,0.));
#12386=DIRECTION('',(-1.,0.,0.));
#12387=DIRECTION('center_axis',(0.,1.,0.));
#12388=DIRECTION('ref_axis',(0.,0.,1.));
#12389=DIRECTION('axis',(0.,0.,1.));
#12390=DIRECTION('refdir',(1.,0.,0.));
#12391=DIRECTION('center_axis',(0.,0.,-1.));
#12392=DIRECTION('ref_axis',(-1.,0.,0.));
#12393=DIRECTION('',(-1.,0.,0.));
#12394=DIRECTION('',(0.,-1.,0.));
#12395=DIRECTION('',(1.,0.,0.));
#12396=DIRECTION('',(0.,1.,0.));
#12397=DIRECTION('center_axis',(0.,-1.,0.));
#12398=DIRECTION('ref_axis',(-0.707106781186548,0.,-0.707106781186548));
#12399=DIRECTION('center_axis',(0.,1.,0.));
#12400=DIRECTION('ref_axis',(-0.707106781186548,0.,-0.707106781186548));
#12401=DIRECTION('',(0.,1.,0.));
#12402=DIRECTION('center_axis',(0.,-1.,0.));
#12403=DIRECTION('ref_axis',(-0.707106781186548,0.,-0.707106781186548));
#12404=DIRECTION('center_axis',(-1.,0.,0.));
#12405=DIRECTION('ref_axis',(0.,0.,1.));
#12406=DIRECTION('',(0.,0.,1.));
#12407=DIRECTION('',(0.,-1.,0.));
#12408=DIRECTION('',(0.,0.,-1.));
#12409=DIRECTION('',(0.,1.,0.));
#12410=DIRECTION('center_axis',(0.,0.,1.));
#12411=DIRECTION('ref_axis',(1.,0.,0.));
#12412=DIRECTION('',(1.,0.,0.));
#12413=DIRECTION('',(0.,-1.,0.));
#12414=DIRECTION('',(-1.,0.,0.));
#12415=DIRECTION('',(0.,-1.,0.));
#12416=DIRECTION('center_axis',(0.,1.,0.));
#12417=DIRECTION('ref_axis',(0.707106781186548,0.,0.707106781186548));
#12418=DIRECTION('center_axis',(0.,1.,0.));
#12419=DIRECTION('ref_axis',(0.707106781186548,0.,0.707106781186548));
#12420=DIRECTION('',(0.,1.,0.));
#12421=DIRECTION('center_axis',(0.,-1.,0.));
#12422=DIRECTION('ref_axis',(0.707106781186548,0.,0.707106781186548));
#12423=DIRECTION('center_axis',(0.,-1.,0.));
#12424=DIRECTION('ref_axis',(0.,0.,-1.));
#12425=DIRECTION('',(-1.04972719113862E-16,-0.515038074910058,0.85716730070211));
#12426=DIRECTION('center_axis',(0.,1.,0.));
#12427=DIRECTION('ref_axis',(0.,0.,-1.));
#12428=DIRECTION('center_axis',(0.,1.,0.));
#12429=DIRECTION('ref_axis',(0.,0.,-1.));
#12430=DIRECTION('center_axis',(0.,1.,0.));
#12431=DIRECTION('ref_axis',(0.,0.,-1.));
#12432=DIRECTION('',(0.,1.,0.));
#12433=DIRECTION('center_axis',(0.,-1.,0.));
#12434=DIRECTION('ref_axis',(0.,0.,-1.));
#12435=DIRECTION('',(-1.04972719113862E-16,-0.515038074910058,0.85716730070211));
#12436=DIRECTION('center_axis',(0.,1.,0.));
#12437=DIRECTION('ref_axis',(0.,0.,-1.));
#12438=DIRECTION('center_axis',(0.,1.,0.));
#12439=DIRECTION('ref_axis',(0.,0.,-1.));
#12440=DIRECTION('center_axis',(0.,1.,0.));
#12441=DIRECTION('ref_axis',(0.,0.,-1.));
#12442=DIRECTION('',(0.,1.,0.));
#12443=DIRECTION('center_axis',(0.,-1.,0.));
#12444=DIRECTION('ref_axis',(0.,0.,-1.));
#12445=DIRECTION('',(-1.04972719113862E-16,-0.515038074910058,0.85716730070211));
#12446=DIRECTION('center_axis',(0.,1.,0.));
#12447=DIRECTION('ref_axis',(0.,0.,-1.));
#12448=DIRECTION('center_axis',(0.,1.,0.));
#12449=DIRECTION('ref_axis',(0.,0.,-1.));
#12450=DIRECTION('center_axis',(0.,1.,0.));
#12451=DIRECTION('ref_axis',(0.,0.,-1.));
#12452=DIRECTION('',(0.,1.,0.));
#12453=DIRECTION('center_axis',(0.,-1.,0.));
#12454=DIRECTION('ref_axis',(0.,0.,-1.));
#12455=DIRECTION('',(-1.04972719113862E-16,-0.515038074910058,0.85716730070211));
#12456=DIRECTION('center_axis',(0.,1.,0.));
#12457=DIRECTION('ref_axis',(0.,0.,-1.));
#12458=DIRECTION('center_axis',(0.,1.,0.));
#12459=DIRECTION('ref_axis',(0.,0.,-1.));
#12460=DIRECTION('center_axis',(0.,1.,0.));
#12461=DIRECTION('ref_axis',(0.,0.,-1.));
#12462=DIRECTION('',(0.,1.,0.));
#12463=DIRECTION('center_axis',(0.,-1.,0.));
#12464=DIRECTION('ref_axis',(0.,0.,-1.));
#12465=DIRECTION('',(-1.04972719113862E-16,-0.515038074910058,0.85716730070211));
#12466=DIRECTION('center_axis',(0.,1.,0.));
#12467=DIRECTION('ref_axis',(0.,0.,-1.));
#12468=DIRECTION('center_axis',(0.,1.,0.));
#12469=DIRECTION('ref_axis',(0.,0.,-1.));
#12470=DIRECTION('center_axis',(0.,1.,0.));
#12471=DIRECTION('ref_axis',(0.,0.,-1.));
#12472=DIRECTION('',(0.,1.,0.));
#12473=DIRECTION('center_axis',(0.,-1.,0.));
#12474=DIRECTION('ref_axis',(0.,0.,-1.));
#12475=DIRECTION('',(-1.04972719113862E-16,-0.515038074910058,0.85716730070211));
#12476=DIRECTION('center_axis',(0.,1.,0.));
#12477=DIRECTION('ref_axis',(0.,0.,-1.));
#12478=DIRECTION('center_axis',(0.,1.,0.));
#12479=DIRECTION('ref_axis',(0.,0.,-1.));
#12480=DIRECTION('center_axis',(0.,1.,0.));
#12481=DIRECTION('ref_axis',(0.,0.,-1.));
#12482=DIRECTION('',(0.,1.,0.));
#12483=DIRECTION('center_axis',(0.,-1.,0.));
#12484=DIRECTION('ref_axis',(0.,0.,-1.));
#12485=DIRECTION('',(-1.04972719113862E-16,-0.515038074910058,0.85716730070211));
#12486=DIRECTION('center_axis',(0.,1.,0.));
#12487=DIRECTION('ref_axis',(0.,0.,-1.));
#12488=DIRECTION('center_axis',(0.,1.,0.));
#12489=DIRECTION('ref_axis',(0.,0.,-1.));
#12490=DIRECTION('center_axis',(0.,1.,0.));
#12491=DIRECTION('ref_axis',(0.,0.,-1.));
#12492=DIRECTION('',(0.,1.,0.));
#12493=DIRECTION('center_axis',(0.,-1.,0.));
#12494=DIRECTION('ref_axis',(0.,0.,-1.));
#12495=DIRECTION('',(-1.04972719113862E-16,-0.515038074910058,0.85716730070211));
#12496=DIRECTION('center_axis',(0.,1.,0.));
#12497=DIRECTION('ref_axis',(0.,0.,-1.));
#12498=DIRECTION('center_axis',(0.,1.,0.));
#12499=DIRECTION('ref_axis',(0.,0.,-1.));
#12500=DIRECTION('center_axis',(0.,1.,0.));
#12501=DIRECTION('ref_axis',(0.,0.,-1.));
#12502=DIRECTION('',(0.,1.,0.));
#12503=DIRECTION('center_axis',(1.,0.,0.));
#12504=DIRECTION('ref_axis',(0.,0.,-1.));
#12505=DIRECTION('',(0.,0.,1.));
#12506=DIRECTION('',(0.,-1.,0.));
#12507=DIRECTION('',(0.,0.,1.));
#12508=DIRECTION('center_axis',(1.,0.,0.));
#12509=DIRECTION('ref_axis',(0.,0.,-1.));
#12510=DIRECTION('',(0.,0.,-1.));
#12511=DIRECTION('',(0.,-1.,0.));
#12512=DIRECTION('',(0.,0.,1.));
#12513=DIRECTION('',(0.,1.,0.));
#12514=DIRECTION('center_axis',(-1.,0.,0.));
#12515=DIRECTION('ref_axis',(0.,0.,1.));
#12516=DIRECTION('',(0.,0.,1.));
#12517=DIRECTION('',(0.,-1.,0.));
#12518=DIRECTION('',(0.,0.,-1.));
#12519=DIRECTION('center_axis',(0.,1.,0.));
#12520=DIRECTION('ref_axis',(1.,0.,0.));
#12521=DIRECTION('center_axis',(0.,1.,0.));
#12522=DIRECTION('ref_axis',(-0.707106781186548,0.,0.707106781186548));
#12523=DIRECTION('center_axis',(0.,1.,0.));
#12524=DIRECTION('ref_axis',(0.707106781186548,0.,-0.707106781186548));
#12525=DIRECTION('center_axis',(0.,-1.,0.));
#12526=DIRECTION('ref_axis',(0.707106781186547,0.,-0.707106781186548));
#12527=DIRECTION('',(1.,0.,0.));
#12528=DIRECTION('center_axis',(0.,-1.,0.));
#12529=DIRECTION('ref_axis',(-0.707106781186547,0.,-0.707106781186548));
#12530=DIRECTION('center_axis',(0.,-1.,0.));
#12531=DIRECTION('ref_axis',(-0.707106781186548,0.,0.707106781186548));
#12532=DIRECTION('',(-1.,0.,0.));
#12533=DIRECTION('center_axis',(0.,-1.,0.));
#12534=DIRECTION('ref_axis',(0.707106781186548,0.,0.707106781186547));
#12535=DIRECTION('center_axis',(0.,1.,0.));
#12536=DIRECTION('ref_axis',(0.,0.,1.));
#12537=DIRECTION('',(-1.04972719113862E-16,0.515038074910058,-0.85716730070211));
#12538=DIRECTION('center_axis',(0.,-1.,0.));
#12539=DIRECTION('ref_axis',(0.,0.,1.));
#12540=DIRECTION('center_axis',(0.,-1.,0.));
#12541=DIRECTION('ref_axis',(0.,0.,1.));
#12542=DIRECTION('center_axis',(0.,-1.,0.));
#12543=DIRECTION('ref_axis',(0.,0.,1.));
#12544=DIRECTION('',(0.,-1.,0.));
#12545=DIRECTION('center_axis',(0.,1.,0.));
#12546=DIRECTION('ref_axis',(0.,0.,1.));
#12547=DIRECTION('',(-1.04972719113862E-16,0.515038074910058,-0.85716730070211));
#12548=DIRECTION('center_axis',(0.,-1.,0.));
#12549=DIRECTION('ref_axis',(0.,0.,1.));
#12550=DIRECTION('center_axis',(0.,-1.,0.));
#12551=DIRECTION('ref_axis',(0.,0.,1.));
#12552=DIRECTION('center_axis',(0.,-1.,0.));
#12553=DIRECTION('ref_axis',(0.,0.,1.));
#12554=DIRECTION('',(0.,-1.,0.));
#12555=DIRECTION('center_axis',(0.,1.,0.));
#12556=DIRECTION('ref_axis',(0.,0.,1.));
#12557=DIRECTION('',(-1.04972719113862E-16,0.515038074910058,-0.85716730070211));
#12558=DIRECTION('center_axis',(0.,-1.,0.));
#12559=DIRECTION('ref_axis',(0.,0.,1.));
#12560=DIRECTION('center_axis',(0.,-1.,0.));
#12561=DIRECTION('ref_axis',(0.,0.,1.));
#12562=DIRECTION('center_axis',(0.,-1.,0.));
#12563=DIRECTION('ref_axis',(0.,0.,1.));
#12564=DIRECTION('',(0.,-1.,0.));
#12565=DIRECTION('center_axis',(0.,1.,0.));
#12566=DIRECTION('ref_axis',(0.,0.,1.));
#12567=DIRECTION('',(-1.04972719113862E-16,0.515038074910058,-0.85716730070211));
#12568=DIRECTION('center_axis',(0.,-1.,0.));
#12569=DIRECTION('ref_axis',(0.,0.,1.));
#12570=DIRECTION('center_axis',(0.,-1.,0.));
#12571=DIRECTION('ref_axis',(0.,0.,1.));
#12572=DIRECTION('center_axis',(0.,-1.,0.));
#12573=DIRECTION('ref_axis',(0.,0.,1.));
#12574=DIRECTION('',(0.,-1.,0.));
#12575=DIRECTION('center_axis',(0.,1.,0.));
#12576=DIRECTION('ref_axis',(-0.707106781186547,0.,-0.707106781186548));
#12577=DIRECTION('center_axis',(0.,-1.,0.));
#12578=DIRECTION('ref_axis',(-0.707106781186547,0.,-0.707106781186548));
#12579=DIRECTION('',(0.,1.,0.));
#12580=DIRECTION('center_axis',(0.,1.,0.));
#12581=DIRECTION('ref_axis',(-0.707106781186547,0.,-0.707106781186548));
#12582=DIRECTION('',(0.,-1.,0.));
#12583=DIRECTION('center_axis',(1.,0.,0.));
#12584=DIRECTION('ref_axis',(0.,0.,-1.));
#12585=DIRECTION('',(0.,0.,-1.));
#12586=DIRECTION('',(0.,-1.,0.));
#12587=DIRECTION('',(0.,0.,1.));
#12588=DIRECTION('center_axis',(0.,1.,0.));
#12589=DIRECTION('ref_axis',(0.707106781186547,0.,-0.707106781186548));
#12590=DIRECTION('center_axis',(0.,-1.,0.));
#12591=DIRECTION('ref_axis',(0.707106781186547,0.,-0.707106781186548));
#12592=DIRECTION('',(0.,1.,0.));
#12593=DIRECTION('center_axis',(0.,1.,0.));
#12594=DIRECTION('ref_axis',(0.707106781186547,0.,-0.707106781186548));
#12595=DIRECTION('',(0.,-1.,0.));
#12596=DIRECTION('center_axis',(0.,0.,1.));
#12597=DIRECTION('ref_axis',(1.,0.,0.));
#12598=DIRECTION('',(-1.,0.,0.));
#12599=DIRECTION('',(1.,0.,0.));
#12600=DIRECTION('center_axis',(0.,-1.,0.));
#12601=DIRECTION('ref_axis',(0.707106781186547,0.,0.707106781186548));
#12602=DIRECTION('center_axis',(0.,1.,0.));
#12603=DIRECTION('ref_axis',(0.707106781186547,0.,0.707106781186548));
#12604=DIRECTION('',(0.,-1.,0.));
#12605=DIRECTION('center_axis',(0.,-1.,0.));
#12606=DIRECTION('ref_axis',(0.707106781186547,0.,0.707106781186548));
#12607=DIRECTION('',(0.,1.,0.));
#12608=DIRECTION('center_axis',(0.,0.,-1.));
#12609=DIRECTION('ref_axis',(-1.,0.,0.));
#12610=DIRECTION('',(1.,0.,0.));
#12611=DIRECTION('',(0.,1.,0.));
#12612=DIRECTION('',(-1.,0.,0.));
#12613=DIRECTION('center_axis',(0.,1.,0.));
#12614=DIRECTION('ref_axis',(-0.707106781186547,0.,0.707106781186548));
#12615=DIRECTION('center_axis',(0.,-1.,0.));
#12616=DIRECTION('ref_axis',(-0.707106781186547,0.,0.707106781186548));
#12617=DIRECTION('center_axis',(0.,1.,0.));
#12618=DIRECTION('ref_axis',(-0.707106781186547,0.,0.707106781186548));
#12619=DIRECTION('center_axis',(-1.,0.,0.));
#12620=DIRECTION('ref_axis',(0.,0.,1.));
#12621=DIRECTION('',(0.,0.,-1.));
#12622=DIRECTION('',(0.,0.,1.));
#12623=DIRECTION('center_axis',(0.,1.,0.));
#12624=DIRECTION('ref_axis',(1.,0.,0.));
#12625=DIRECTION('center_axis',(0.,1.,0.));
#12626=DIRECTION('ref_axis',(-0.707106781186548,0.,-0.707106781186548));
#12627=DIRECTION('',(-1.,0.,0.));
#12628=DIRECTION('center_axis',(0.,1.,0.));
#12629=DIRECTION('ref_axis',(0.707106781186548,0.,-0.707106781186548));
#12630=DIRECTION('',(0.,0.,-1.));
#12631=DIRECTION('center_axis',(0.,1.,0.));
#12632=DIRECTION('ref_axis',(0.707106781186548,0.,0.707106781186548));
#12633=DIRECTION('',(1.,0.,0.));
#12634=DIRECTION('center_axis',(0.,1.,0.));
#12635=DIRECTION('ref_axis',(-0.707106781186548,0.,0.707106781186548));
#12636=DIRECTION('',(0.,0.,1.));
#12637=DIRECTION('center_axis',(0.,-1.,0.));
#12638=DIRECTION('ref_axis',(-1.,0.,0.));
#12639=DIRECTION('center_axis',(0.,-1.,0.));
#12640=DIRECTION('ref_axis',(-0.707106781186548,0.,0.707106781186548));
#12641=DIRECTION('center_axis',(0.,-1.,0.));
#12642=DIRECTION('ref_axis',(0.707106781186548,0.,-0.707106781186548));
#12643=DIRECTION('center_axis',(0.,-1.,0.));
#12644=DIRECTION('ref_axis',(-0.707106781186548,0.,0.707106781186548));
#12645=DIRECTION('center_axis',(0.,1.,0.));
#12646=DIRECTION('ref_axis',(-0.707106781186548,0.,0.707106781186548));
#12647=DIRECTION('',(0.,-1.,0.));
#12648=DIRECTION('center_axis',(0.,0.,-1.));
#12649=DIRECTION('ref_axis',(-1.,0.,0.));
#12650=DIRECTION('',(-1.,0.,0.));
#12651=DIRECTION('',(0.,1.,0.));
#12652=DIRECTION('center_axis',(0.,1.,0.));
#12653=DIRECTION('ref_axis',(-0.707106781186547,0.,-0.707106781186548));
#12654=DIRECTION('',(0.,1.,0.));
#12655=DIRECTION('center_axis',(0.,1.,0.));
#12656=DIRECTION('ref_axis',(-0.707106781186547,0.,-0.707106781186548));
#12657=DIRECTION('center_axis',(0.,0.,1.));
#12658=DIRECTION('ref_axis',(1.,0.,0.));
#12659=DIRECTION('',(0.,-1.,0.));
#12660=DIRECTION('',(1.,0.,0.));
#12661=DIRECTION('center_axis',(0.,-1.,0.));
#12662=DIRECTION('ref_axis',(0.707106781186547,0.,-0.707106781186548));
#12663=DIRECTION('center_axis',(0.,1.,0.));
#12664=DIRECTION('ref_axis',(0.707106781186547,0.,-0.707106781186548));
#12665=DIRECTION('center_axis',(0.,1.,0.));
#12666=DIRECTION('ref_axis',(0.707106781186548,0.,0.707106781186547));
#12667=DIRECTION('center_axis',(0.,1.,0.));
#12668=DIRECTION('ref_axis',(0.707106781186548,0.,0.707106781186547));
#12669=DIRECTION('center_axis',(0.,-1.,0.));
#12670=DIRECTION('ref_axis',(-0.707106781186548,0.,-0.707106781186548));
#12671=DIRECTION('',(0.,1.,0.));
#12672=DIRECTION('center_axis',(0.,-1.,0.));
#12673=DIRECTION('ref_axis',(-0.707106781186548,0.,-0.707106781186548));
#12674=DIRECTION('',(0.,-1.,0.));
#12675=DIRECTION('center_axis',(-1.,0.,0.));
#12676=DIRECTION('ref_axis',(0.,0.,1.));
#12677=DIRECTION('',(0.,-1.,0.));
#12678=DIRECTION('',(0.,0.,1.));
#12679=DIRECTION('center_axis',(0.,1.,0.));
#12680=DIRECTION('ref_axis',(0.707106781186548,0.,-0.707106781186548));
#12681=DIRECTION('center_axis',(0.,1.,0.));
#12682=DIRECTION('ref_axis',(0.707106781186548,0.,-0.707106781186548));
#12683=DIRECTION('center_axis',(0.,-1.,0.));
#12684=DIRECTION('ref_axis',(0.707106781186548,0.,-0.707106781186548));
#12685=DIRECTION('',(0.,-1.,0.));
#12686=DIRECTION('',(0.,1.,0.));
#12687=DIRECTION('center_axis',(1.,0.,0.));
#12688=DIRECTION('ref_axis',(0.,0.,-1.));
#12689=DIRECTION('',(0.,0.,1.));
#12690=DIRECTION('',(0.,1.,0.));
#12691=DIRECTION('center_axis',(0.,1.,0.));
#12692=DIRECTION('ref_axis',(0.707106781186548,0.,0.707106781186548));
#12693=DIRECTION('center_axis',(0.,-1.,0.));
#12694=DIRECTION('ref_axis',(0.707106781186548,0.,0.707106781186548));
#12695=DIRECTION('',(0.,-1.,0.));
#12696=DIRECTION('center_axis',(0.,-1.,0.));
#12697=DIRECTION('ref_axis',(-0.707106781186548,0.,0.707106781186548));
#12698=DIRECTION('center_axis',(0.,-1.,0.));
#12699=DIRECTION('ref_axis',(-0.707106781186548,0.,0.707106781186548));
#12700=DIRECTION('',(0.,1.,0.));
#12701=DIRECTION('center_axis',(0.,-1.,0.));
#12702=DIRECTION('ref_axis',(-0.707106781186548,0.,0.707106781186548));
#12703=DIRECTION('center_axis',(0.,0.,-1.));
#12704=DIRECTION('ref_axis',(-1.,0.,0.));
#12705=DIRECTION('',(-1.,0.,0.));
#12706=DIRECTION('center_axis',(0.,0.,1.));
#12707=DIRECTION('ref_axis',(1.,0.,0.));
#12708=DIRECTION('',(-1.,0.,0.));
#12709=DIRECTION('center_axis',(0.,1.,0.));
#12710=DIRECTION('ref_axis',(0.,0.,1.));
#12711=DIRECTION('axis',(0.,0.,1.));
#12712=DIRECTION('refdir',(1.,0.,0.));
#12713=DIRECTION('center_axis',(0.,1.,0.));
#12714=DIRECTION('ref_axis',(-1.,0.,0.));
#12715=DIRECTION('center_axis',(0.,-1.,0.));
#12716=DIRECTION('ref_axis',(0.707106781186547,0.,0.707106781186547));
#12717=DIRECTION('',(-1.,0.,0.));
#12718=DIRECTION('center_axis',(0.,1.,0.));
#12719=DIRECTION('ref_axis',(0.707106781186548,0.,-0.707106781186548));
#12720=DIRECTION('center_axis',(0.,1.,0.));
#12721=DIRECTION('ref_axis',(0.999999999917755,0.,1.28253795775124E-5));
#12722=DIRECTION('',(1.,0.,0.));
#12723=DIRECTION('center_axis',(0.,1.,0.));
#12724=DIRECTION('ref_axis',(-0.999999999917755,0.,1.28253795774534E-5));
#12725=DIRECTION('center_axis',(0.,1.,0.));
#12726=DIRECTION('ref_axis',(-0.707106781186548,0.,-0.707106781186548));
#12727=DIRECTION('center_axis',(0.,1.,0.));
#12728=DIRECTION('ref_axis',(-0.707106781186547,0.,-0.707106781186547));
#12729=DIRECTION('',(0.,-1.,0.));
#12730=DIRECTION('center_axis',(0.,-1.,0.));
#12731=DIRECTION('ref_axis',(0.707106781186547,0.,0.707106781186547));
#12732=DIRECTION('center_axis',(0.,-1.,0.));
#12733=DIRECTION('ref_axis',(0.999999999917755,0.,1.28253795775124E-5));
#12734=DIRECTION('center_axis',(0.,-1.,0.));
#12735=DIRECTION('ref_axis',(0.999999999917755,0.,1.28253795775124E-5));
#12736=DIRECTION('',(0.,1.,0.));
#12737=DIRECTION('',(0.,1.,0.));
#12738=DIRECTION('center_axis',(0.,1.,0.));
#12739=DIRECTION('ref_axis',(-0.999999999917755,0.,1.28253795774534E-5));
#12740=DIRECTION('',(0.,-1.,0.));
#12741=DIRECTION('center_axis',(0.,-1.,0.));
#12742=DIRECTION('ref_axis',(-0.999999999917755,0.,1.28253795774534E-5));
#12743=DIRECTION('',(0.,-1.,0.));
#12744=DIRECTION('center_axis',(0.,-1.,0.));
#12745=DIRECTION('ref_axis',(-0.707106781186548,0.,-0.707106781186548));
#12746=DIRECTION('center_axis',(0.,-1.,0.));
#12747=DIRECTION('ref_axis',(-0.707106781186548,0.,-0.707106781186548));
#12748=DIRECTION('',(0.,1.,0.));
#12749=DIRECTION('center_axis',(0.,1.,0.));
#12750=DIRECTION('ref_axis',(0.707106781186548,0.,-0.707106781186548));
#12751=DIRECTION('center_axis',(0.,-1.,0.));
#12752=DIRECTION('ref_axis',(0.707106781186548,0.,-0.707106781186548));
#12753=DIRECTION('',(0.,-1.,0.));
#12754=DIRECTION('center_axis',(0.,0.,-1.));
#12755=DIRECTION('ref_axis',(-1.,0.,0.));
#12756=DIRECTION('',(-1.,0.,0.));
#12757=DIRECTION('center_axis',(0.,0.,1.));
#12758=DIRECTION('ref_axis',(1.,0.,0.));
#12759=DIRECTION('',(1.,0.,0.));
#12760=DIRECTION('center_axis',(0.,-1.,0.));
#12761=DIRECTION('ref_axis',(0.,0.,-1.));
#12762=DIRECTION('center_axis',(0.,-1.,0.));
#12763=DIRECTION('ref_axis',(0.707106781186548,0.,-0.707106781186548));
#12764=DIRECTION('',(1.,0.,0.));
#12765=DIRECTION('center_axis',(0.,-1.,0.));
#12766=DIRECTION('ref_axis',(-0.707106781186548,0.,-0.707106781186548));
#12767=DIRECTION('',(0.,0.,-1.));
#12768=DIRECTION('center_axis',(0.,-1.,0.));
#12769=DIRECTION('ref_axis',(-0.707106781186548,0.,0.707106781186548));
#12770=DIRECTION('',(-1.,0.,0.));
#12771=DIRECTION('center_axis',(0.,-1.,0.));
#12772=DIRECTION('ref_axis',(0.707106781186548,0.,0.707106781186548));
#12773=DIRECTION('',(0.,0.,1.));
#12774=DIRECTION('center_axis',(0.,1.,0.));
#12775=DIRECTION('ref_axis',(0.707106781186548,0.,-0.707106781186548));
#12776=DIRECTION('',(0.,-1.,0.));
#12777=DIRECTION('center_axis',(0.,1.,0.));
#12778=DIRECTION('ref_axis',(0.707106781186548,0.,-0.707106781186548));
#12779=DIRECTION('',(0.,1.,0.));
#12780=DIRECTION('center_axis',(0.,0.,-1.));
#12781=DIRECTION('ref_axis',(-1.,0.,0.));
#12782=DIRECTION('',(1.,0.,0.));
#12783=DIRECTION('',(0.,-1.,0.));
#12784=DIRECTION('center_axis',(0.,1.,0.));
#12785=DIRECTION('ref_axis',(1.,0.,0.));
#12786=DIRECTION('',(0.,0.,1.));
#12787=DIRECTION('center_axis',(0.,1.,0.));
#12788=DIRECTION('ref_axis',(0.707106781186548,0.,0.707106781186548));
#12789=DIRECTION('',(-1.,0.,0.));
#12790=DIRECTION('center_axis',(0.,1.,0.));
#12791=DIRECTION('ref_axis',(-0.707106781186548,0.,0.707106781186548));
#12792=DIRECTION('',(0.,0.,-1.));
#12793=DIRECTION('center_axis',(0.,1.,0.));
#12794=DIRECTION('ref_axis',(-0.707106781186548,0.,-0.707106781186548));
#12795=DIRECTION('center_axis',(0.,1.,0.));
#12796=DIRECTION('ref_axis',(0.707106781186548,0.,0.707106781186548));
#12797=DIRECTION('',(0.,-1.,0.));
#12798=DIRECTION('',(0.,1.,0.));
#12799=DIRECTION('center_axis',(0.,0.,1.));
#12800=DIRECTION('ref_axis',(1.,0.,0.));
#12801=DIRECTION('',(0.,1.,0.));
#12802=DIRECTION('center_axis',(0.,1.,0.));
#12803=DIRECTION('ref_axis',(-0.707106781186548,0.,0.707106781186548));
#12804=DIRECTION('',(0.,-1.,0.));
#12805=DIRECTION('center_axis',(0.,1.,0.));
#12806=DIRECTION('ref_axis',(-0.707106781186548,0.,-0.707106781186548));
#12807=DIRECTION('',(0.,1.,0.));
#12808=DIRECTION('center_axis',(1.,0.,0.));
#12809=DIRECTION('ref_axis',(0.,0.,-1.));
#12810=DIRECTION('center_axis',(-1.,0.,0.));
#12811=DIRECTION('ref_axis',(0.,0.,1.));
#12812=DIRECTION('axis',(0.,0.,1.));
#12813=DIRECTION('refdir',(1.,0.,0.));
#12814=DIRECTION('center_axis',(0.,-1.,0.));
#12815=DIRECTION('ref_axis',(0.,0.,1.));
#12816=DIRECTION('center_axis',(0.,-1.,0.));
#12817=DIRECTION('ref_axis',(0.,0.,1.));
#12818=DIRECTION('',(0.,-1.,0.));
#12819=DIRECTION('center_axis',(0.,1.,0.));
#12820=DIRECTION('ref_axis',(0.,0.,1.));
#12821=DIRECTION('center_axis',(0.,-1.,0.));
#12822=DIRECTION('ref_axis',(0.,0.,1.));
#12823=DIRECTION('center_axis',(0.,-1.,0.));
#12824=DIRECTION('ref_axis',(0.,0.,1.));
#12825=DIRECTION('',(0.,-1.,0.));
#12826=DIRECTION('center_axis',(0.,1.,0.));
#12827=DIRECTION('ref_axis',(0.,0.,1.));
#12828=DIRECTION('center_axis',(-1.,0.,0.));
#12829=DIRECTION('ref_axis',(0.,0.,1.));
#12830=DIRECTION('',(0.,0.,-1.));
#12831=DIRECTION('',(0.,1.,0.));
#12832=DIRECTION('',(0.,0.,1.));
#12833=DIRECTION('',(0.,1.,0.));
#12834=DIRECTION('center_axis',(1.,0.,0.));
#12835=DIRECTION('ref_axis',(0.,0.,-1.));
#12836=DIRECTION('',(0.,0.,1.));
#12837=DIRECTION('',(0.,1.,0.));
#12838=DIRECTION('',(0.,0.,-1.));
#12839=DIRECTION('',(0.,1.,0.));
#12840=DIRECTION('center_axis',(0.,1.,0.));
#12841=DIRECTION('ref_axis',(0.,0.,1.));
#12842=DIRECTION('',(1.,0.,0.));
#12843=DIRECTION('',(-1.,0.,0.));
#12844=DIRECTION('center_axis',(0.,1.,0.));
#12845=DIRECTION('ref_axis',(0.,0.,1.));
#12846=DIRECTION('',(1.,0.,0.));
#12847=DIRECTION('',(0.,0.,1.));
#12848=DIRECTION('',(-1.,0.,0.));
#12849=DIRECTION('center_axis',(0.,-1.,0.));
#12850=DIRECTION('ref_axis',(0.,0.,1.));
#12851=DIRECTION('center_axis',(0.,-1.,0.));
#12852=DIRECTION('ref_axis',(0.,0.,1.));
#12853=DIRECTION('center_axis',(0.,1.,0.));
#12854=DIRECTION('ref_axis',(0.,0.,1.));
#12855=DIRECTION('',(-1.,0.,0.));
#12856=DIRECTION('',(0.,0.,1.));
#12857=DIRECTION('',(1.,0.,0.));
#12858=DIRECTION('center_axis',(0.,-1.,0.));
#12859=DIRECTION('ref_axis',(0.,0.,1.));
#12860=DIRECTION('center_axis',(-1.,0.,0.));
#12861=DIRECTION('ref_axis',(0.,0.,1.));
#12862=DIRECTION('',(0.,0.,-1.));
#12863=DIRECTION('',(0.,1.,0.));
#12864=DIRECTION('',(0.,0.,1.));
#12865=DIRECTION('',(0.,1.,0.));
#12866=DIRECTION('center_axis',(1.,0.,0.));
#12867=DIRECTION('ref_axis',(0.,0.,-1.));
#12868=DIRECTION('',(0.,1.,0.));
#12869=DIRECTION('',(0.,0.,-1.));
#12870=DIRECTION('',(0.,1.,0.));
#12871=DIRECTION('center_axis',(0.,1.,0.));
#12872=DIRECTION('ref_axis',(0.,0.,1.));
#12873=DIRECTION('',(-1.,0.,0.));
#12874=DIRECTION('',(1.,0.,0.));
#12875=DIRECTION('center_axis',(0.,1.,0.));
#12876=DIRECTION('ref_axis',(0.,0.,1.));
#12877=DIRECTION('',(1.,0.,0.));
#12878=DIRECTION('',(0.,0.,-1.));
#12879=DIRECTION('',(-1.,0.,0.));
#12880=DIRECTION('center_axis',(0.,-1.,0.));
#12881=DIRECTION('ref_axis',(0.,0.,1.));
#12882=DIRECTION('center_axis',(0.,-1.,0.));
#12883=DIRECTION('ref_axis',(0.,0.,1.));
#12884=DIRECTION('',(0.,-1.,0.));
#12885=DIRECTION('center_axis',(0.,1.,0.));
#12886=DIRECTION('ref_axis',(0.,0.,1.));
#12887=DIRECTION('center_axis',(0.,-1.,0.));
#12888=DIRECTION('ref_axis',(0.,0.,1.));
#12889=DIRECTION('',(0.,-1.,0.));
#12890=DIRECTION('center_axis',(0.,1.,0.));
#12891=DIRECTION('ref_axis',(0.,0.,1.));
#12892=DIRECTION('center_axis',(1.,0.,0.));
#12893=DIRECTION('ref_axis',(0.,0.,-1.));
#12894=DIRECTION('',(0.,-1.,0.));
#12895=DIRECTION('',(0.,0.,-1.));
#12896=DIRECTION('',(0.,1.,0.));
#12897=DIRECTION('center_axis',(-1.,0.,0.));
#12898=DIRECTION('ref_axis',(0.,0.,1.));
#12899=DIRECTION('',(0.,1.,0.));
#12900=DIRECTION('',(0.,-1.,0.));
#12901=DIRECTION('',(0.,0.,1.));
#12902=DIRECTION('center_axis',(0.,1.,0.));
#12903=DIRECTION('ref_axis',(1.,0.,0.));
#12904=DIRECTION('',(-1.,0.,0.));
#12905=DIRECTION('',(1.,0.,0.));
#12906=DIRECTION('center_axis',(0.,1.,0.));
#12907=DIRECTION('ref_axis',(0.,0.,1.));
#12908=DIRECTION('center_axis',(0.,1.,0.));
#12909=DIRECTION('ref_axis',(0.,0.,1.));
#12910=DIRECTION('center_axis',(0.,0.,1.));
#12911=DIRECTION('ref_axis',(1.,0.,0.));
#12912=DIRECTION('center_axis',(0.,-1.,0.));
#12913=DIRECTION('ref_axis',(0.,0.,1.));
#12914=DIRECTION('',(0.,-1.,0.));
#12915=DIRECTION('center_axis',(0.,-1.,0.));
#12916=DIRECTION('ref_axis',(0.,0.,1.));
#12917=DIRECTION('',(0.,-1.,0.));
#12918=DIRECTION('center_axis',(0.,0.,-1.));
#12919=DIRECTION('ref_axis',(-1.,0.,0.));
#12920=DIRECTION('axis',(0.,0.,1.));
#12921=DIRECTION('refdir',(1.,0.,0.));
#12922=DIRECTION('center_axis',(0.,1.,0.));
#12923=DIRECTION('ref_axis',(-0.707106781186547,0.,-0.707106781186547));
#12924=DIRECTION('center_axis',(0.,1.,0.));
#12925=DIRECTION('ref_axis',(0.707106781186547,0.,0.707106781186547));
#12926=DIRECTION('',(0.,-1.,0.));
#12927=DIRECTION('center_axis',(0.,1.,0.));
#12928=DIRECTION('ref_axis',(0.707106781186547,0.,0.707106781186547));
#12929=DIRECTION('center_axis',(0.,1.,0.));
#12930=DIRECTION('ref_axis',(0.,0.,1.));
#12931=DIRECTION('center_axis',(0.,1.,0.));
#12932=DIRECTION('ref_axis',(-0.707106781186548,0.,-0.707106781186547));
#12933=DIRECTION('',(-1.,0.,0.));
#12934=DIRECTION('center_axis',(0.,1.,0.));
#12935=DIRECTION('ref_axis',(0.707106781186548,0.,-0.707106781186548));
#12936=DIRECTION('',(0.,0.,-1.));
#12937=DIRECTION('center_axis',(0.,1.,0.));
#12938=DIRECTION('ref_axis',(0.707106781186548,0.,0.707106781186548));
#12939=DIRECTION('',(1.,0.,0.));
#12940=DIRECTION('center_axis',(0.,1.,0.));
#12941=DIRECTION('ref_axis',(-0.707106781186548,0.,0.707106781186548));
#12942=DIRECTION('',(0.,0.,-1.));
#12943=DIRECTION('center_axis',(0.,1.,0.));
#12944=DIRECTION('ref_axis',(0.,0.,1.));
#12945=DIRECTION('center_axis',(0.,1.,0.));
#12946=DIRECTION('ref_axis',(0.,0.,1.));
#12947=DIRECTION('center_axis',(0.,1.,0.));
#12948=DIRECTION('ref_axis',(0.,0.,1.));
#12949=DIRECTION('center_axis',(0.,1.,0.));
#12950=DIRECTION('ref_axis',(0.,0.,1.));
#12951=DIRECTION('center_axis',(0.,1.,0.));
#12952=DIRECTION('ref_axis',(0.999999999927328,0.,-1.20558568026397E-5));
#12953=DIRECTION('center_axis',(0.,1.,0.));
#12954=DIRECTION('ref_axis',(0.999999999927328,0.,-1.20558568026397E-5));
#12955=DIRECTION('',(0.,-1.,0.));
#12956=DIRECTION('center_axis',(0.,-1.,0.));
#12957=DIRECTION('ref_axis',(0.999999999927328,0.,-1.20558568026397E-5));
#12958=DIRECTION('',(0.,-1.,0.));
#12959=DIRECTION('center_axis',(0.,-1.,0.));
#12960=DIRECTION('ref_axis',(-0.999999999927328,0.,-1.20558568026397E-5));
#12961=DIRECTION('center_axis',(0.,-1.,0.));
#12962=DIRECTION('ref_axis',(-0.999999999927328,0.,-1.20558568026397E-5));
#12963=DIRECTION('',(0.,1.,0.));
#12964=DIRECTION('center_axis',(0.,1.,0.));
#12965=DIRECTION('ref_axis',(-0.999999999927328,0.,-1.20558568026397E-5));
#12966=DIRECTION('',(0.,1.,0.));
#12967=DIRECTION('center_axis',(0.,1.,0.));
#12968=DIRECTION('ref_axis',(-0.707106781186548,0.,0.707106781186548));
#12969=DIRECTION('center_axis',(0.,-1.,0.));
#12970=DIRECTION('ref_axis',(-0.707106781186548,0.,0.707106781186548));
#12971=DIRECTION('center_axis',(0.,1.,0.));
#12972=DIRECTION('ref_axis',(-0.707106781186548,0.,0.707106781186548));
#12973=DIRECTION('',(0.,-1.,0.));
#12974=DIRECTION('center_axis',(0.,1.,0.));
#12975=DIRECTION('ref_axis',(0.707106781186548,0.,0.707106781186548));
#12976=DIRECTION('center_axis',(0.,-1.,0.));
#12977=DIRECTION('ref_axis',(0.707106781186548,0.,0.707106781186548));
#12978=DIRECTION('',(0.,1.,0.));
#12979=DIRECTION('center_axis',(0.,1.,0.));
#12980=DIRECTION('ref_axis',(0.707106781186548,0.,0.707106781186548));
#12981=DIRECTION('center_axis',(0.,0.,-1.));
#12982=DIRECTION('ref_axis',(-1.,0.,0.));
#12983=DIRECTION('',(-1.,0.,0.));
#12984=DIRECTION('',(-1.,0.,0.));
#12985=DIRECTION('center_axis',(0.,0.,-1.));
#12986=DIRECTION('ref_axis',(-1.,0.,0.));
#12987=DIRECTION('',(1.,0.,0.));
#12988=DIRECTION('',(-1.,0.,0.));
#12989=DIRECTION('center_axis',(0.,1.,0.));
#12990=DIRECTION('ref_axis',(0.,0.,1.));
#12991=DIRECTION('center_axis',(0.,-1.,0.));
#12992=DIRECTION('ref_axis',(-0.707106781186548,0.,-0.707106781186547));
#12993=DIRECTION('',(0.,0.,-1.));
#12994=DIRECTION('center_axis',(0.,-1.,0.));
#12995=DIRECTION('ref_axis',(-0.707106781186548,0.,0.707106781186548));
#12996=DIRECTION('',(1.,0.,0.));
#12997=DIRECTION('center_axis',(0.,-1.,0.));
#12998=DIRECTION('ref_axis',(0.707106781186548,0.,0.707106781186548));
#12999=DIRECTION('',(0.,0.,-1.));
#13000=DIRECTION('center_axis',(0.,-1.,0.));
#13001=DIRECTION('ref_axis',(0.707106781186548,0.,-0.707106781186548));
#13002=DIRECTION('',(-1.,0.,0.));
#13003=DIRECTION('center_axis',(0.,-1.,0.));
#13004=DIRECTION('ref_axis',(0.,0.,1.));
#13005=DIRECTION('center_axis',(0.,-1.,0.));
#13006=DIRECTION('ref_axis',(0.,0.,1.));
#13007=DIRECTION('center_axis',(0.,-1.,0.));
#13008=DIRECTION('ref_axis',(0.,0.,1.));
#13009=DIRECTION('center_axis',(0.,-1.,0.));
#13010=DIRECTION('ref_axis',(0.,0.,1.));
#13011=DIRECTION('center_axis',(0.,1.,0.));
#13012=DIRECTION('ref_axis',(1.,0.,0.));
#13013=DIRECTION('center_axis',(0.,-1.,0.));
#13014=DIRECTION('ref_axis',(0.,0.,1.));
#13015=DIRECTION('',(0.,-1.,0.));
#13016=DIRECTION('center_axis',(0.,-1.,0.));
#13017=DIRECTION('ref_axis',(0.,0.,1.));
#13018=DIRECTION('',(0.,-1.,0.));
#13019=DIRECTION('center_axis',(0.,-1.,0.));
#13020=DIRECTION('ref_axis',(0.,0.,1.));
#13021=DIRECTION('',(0.,-1.,0.));
#13022=DIRECTION('center_axis',(0.,-1.,0.));
#13023=DIRECTION('ref_axis',(0.,0.,1.));
#13024=DIRECTION('',(0.,-1.,0.));
#13025=DIRECTION('center_axis',(0.,-1.,0.));
#13026=DIRECTION('ref_axis',(-0.707106781186548,0.,-0.707106781186547));
#13027=DIRECTION('',(0.,1.,0.));
#13028=DIRECTION('',(0.,-1.,0.));
#13029=DIRECTION('center_axis',(0.,0.,-1.));
#13030=DIRECTION('ref_axis',(-1.,0.,0.));
#13031=DIRECTION('',(0.,1.,0.));
#13032=DIRECTION('center_axis',(0.,1.,0.));
#13033=DIRECTION('ref_axis',(0.707106781186548,0.,-0.707106781186548));
#13034=DIRECTION('',(0.,-1.,0.));
#13035=DIRECTION('center_axis',(1.,0.,0.));
#13036=DIRECTION('ref_axis',(0.,0.,-1.));
#13037=DIRECTION('',(0.,1.,0.));
#13038=DIRECTION('center_axis',(0.,1.,0.));
#13039=DIRECTION('ref_axis',(-0.707106781186548,0.,0.707106781186548));
#13040=DIRECTION('',(0.,-1.,0.));
#13041=DIRECTION('',(0.,1.,0.));
#13042=DIRECTION('center_axis',(-1.,0.,0.));
#13043=DIRECTION('ref_axis',(0.,0.,1.));
#13044=DIRECTION('center_axis',(0.,-1.,0.));
#13045=DIRECTION('ref_axis',(0.707106781186548,0.,0.707106781186548));
#13046=DIRECTION('',(0.,-1.,0.));
#13047=DIRECTION('center_axis',(0.,0.,1.));
#13048=DIRECTION('ref_axis',(1.,0.,0.));
#13049=DIRECTION('axis',(0.,0.,1.));
#13050=DIRECTION('refdir',(1.,0.,0.));
#13051=DIRECTION('center_axis',(0.,-1.,0.));
#13052=DIRECTION('ref_axis',(0.,0.,1.));
#13053=DIRECTION('center_axis',(0.,-1.,0.));
#13054=DIRECTION('ref_axis',(0.,0.,1.));
#13055=DIRECTION('',(0.,-1.,0.));
#13056=DIRECTION('center_axis',(0.,1.,0.));
#13057=DIRECTION('ref_axis',(0.,0.,1.));
#13058=DIRECTION('center_axis',(0.,-1.,0.));
#13059=DIRECTION('ref_axis',(0.,0.,1.));
#13060=DIRECTION('center_axis',(0.,-1.,0.));
#13061=DIRECTION('ref_axis',(0.,0.,1.));
#13062=DIRECTION('',(0.,-1.,0.));
#13063=DIRECTION('center_axis',(0.,1.,0.));
#13064=DIRECTION('ref_axis',(0.,0.,1.));
#13065=DIRECTION('center_axis',(-1.,0.,0.));
#13066=DIRECTION('ref_axis',(0.,0.,1.));
#13067=DIRECTION('',(0.,0.,-1.));
#13068=DIRECTION('',(0.,1.,0.));
#13069=DIRECTION('',(0.,0.,1.));
#13070=DIRECTION('',(0.,1.,0.));
#13071=DIRECTION('center_axis',(1.,0.,0.));
#13072=DIRECTION('ref_axis',(0.,0.,-1.));
#13073=DIRECTION('',(0.,0.,1.));
#13074=DIRECTION('',(0.,1.,0.));
#13075=DIRECTION('',(0.,0.,-1.));
#13076=DIRECTION('',(0.,1.,0.));
#13077=DIRECTION('center_axis',(0.,1.,0.));
#13078=DIRECTION('ref_axis',(0.,0.,1.));
#13079=DIRECTION('',(1.,0.,0.));
#13080=DIRECTION('',(-1.,0.,0.));
#13081=DIRECTION('center_axis',(0.,1.,0.));
#13082=DIRECTION('ref_axis',(0.,0.,1.));
#13083=DIRECTION('',(1.,0.,0.));
#13084=DIRECTION('',(0.,0.,1.));
#13085=DIRECTION('',(-1.,0.,0.));
#13086=DIRECTION('center_axis',(0.,-1.,0.));
#13087=DIRECTION('ref_axis',(0.,0.,1.));
#13088=DIRECTION('center_axis',(0.,-1.,0.));
#13089=DIRECTION('ref_axis',(0.,0.,1.));
#13090=DIRECTION('center_axis',(0.,1.,0.));
#13091=DIRECTION('ref_axis',(0.,0.,1.));
#13092=DIRECTION('',(-1.,0.,0.));
#13093=DIRECTION('',(0.,0.,-1.));
#13094=DIRECTION('',(1.,0.,0.));
#13095=DIRECTION('center_axis',(0.,-1.,0.));
#13096=DIRECTION('ref_axis',(0.,0.,1.));
#13097=DIRECTION('center_axis',(-1.,0.,0.));
#13098=DIRECTION('ref_axis',(0.,0.,1.));
#13099=DIRECTION('',(0.,0.,-1.));
#13100=DIRECTION('',(0.,1.,0.));
#13101=DIRECTION('',(0.,0.,1.));
#13102=DIRECTION('',(0.,1.,0.));
#13103=DIRECTION('center_axis',(1.,0.,0.));
#13104=DIRECTION('ref_axis',(0.,0.,-1.));
#13105=DIRECTION('',(0.,1.,0.));
#13106=DIRECTION('',(0.,0.,-1.));
#13107=DIRECTION('',(0.,1.,0.));
#13108=DIRECTION('center_axis',(0.,1.,0.));
#13109=DIRECTION('ref_axis',(0.,0.,1.));
#13110=DIRECTION('',(-1.,0.,0.));
#13111=DIRECTION('',(1.,0.,0.));
#13112=DIRECTION('center_axis',(0.,1.,0.));
#13113=DIRECTION('ref_axis',(0.,0.,1.));
#13114=DIRECTION('',(1.,0.,0.));
#13115=DIRECTION('',(0.,0.,1.));
#13116=DIRECTION('',(-1.,0.,0.));
#13117=DIRECTION('center_axis',(0.,-1.,0.));
#13118=DIRECTION('ref_axis',(0.,0.,1.));
#13119=DIRECTION('center_axis',(0.,-1.,0.));
#13120=DIRECTION('ref_axis',(0.,0.,1.));
#13121=DIRECTION('',(0.,-1.,0.));
#13122=DIRECTION('center_axis',(0.,1.,0.));
#13123=DIRECTION('ref_axis',(0.,0.,1.));
#13124=DIRECTION('center_axis',(0.,-1.,0.));
#13125=DIRECTION('ref_axis',(0.,0.,1.));
#13126=DIRECTION('',(0.,-1.,0.));
#13127=DIRECTION('center_axis',(0.,1.,0.));
#13128=DIRECTION('ref_axis',(0.,0.,1.));
#13129=DIRECTION('center_axis',(-1.,0.,0.));
#13130=DIRECTION('ref_axis',(0.,0.,1.));
#13131=DIRECTION('',(0.,1.,0.));
#13132=DIRECTION('',(0.,0.,1.));
#13133=DIRECTION('',(0.,-1.,0.));
#13134=DIRECTION('center_axis',(0.,0.,-1.));
#13135=DIRECTION('ref_axis',(-1.,0.,0.));
#13136=DIRECTION('',(1.,0.,0.));
#13137=DIRECTION('',(0.,1.,0.));
#13138=DIRECTION('center_axis',(1.,0.,0.));
#13139=DIRECTION('ref_axis',(0.,0.,-1.));
#13140=DIRECTION('',(0.,-1.,0.));
#13141=DIRECTION('',(0.,0.,-1.));
#13142=DIRECTION('center_axis',(0.,1.,0.));
#13143=DIRECTION('ref_axis',(1.,0.,0.));
#13144=DIRECTION('',(-1.,0.,0.));
#13145=DIRECTION('center_axis',(0.,1.,0.));
#13146=DIRECTION('ref_axis',(0.,0.,1.));
#13147=DIRECTION('center_axis',(0.,1.,0.));
#13148=DIRECTION('ref_axis',(0.,0.,1.));
#13149=DIRECTION('center_axis',(0.,0.,1.));
#13150=DIRECTION('ref_axis',(1.,0.,0.));
#13151=DIRECTION('center_axis',(0.,-1.,0.));
#13152=DIRECTION('ref_axis',(0.,0.,1.));
#13153=DIRECTION('',(0.,-1.,0.));
#13154=DIRECTION('center_axis',(0.,-1.,0.));
#13155=DIRECTION('ref_axis',(0.,0.,1.));
#13156=DIRECTION('',(0.,-1.,0.));
#13157=DIRECTION('axis',(0.,0.,1.));
#13158=DIRECTION('refdir',(1.,0.,0.));
#13159=DIRECTION('center_axis',(-1.,0.,0.));
#13160=DIRECTION('ref_axis',(0.,-1.,0.));
#13161=DIRECTION('',(-0.515038074910058,0.85716730070211,-1.04972719113862E-16));
#13162=DIRECTION('center_axis',(1.,0.,0.));
#13163=DIRECTION('ref_axis',(0.,-1.,0.));
#13164=DIRECTION('center_axis',(1.,0.,0.));
#13165=DIRECTION('ref_axis',(0.,-1.,0.));
#13166=DIRECTION('center_axis',(1.,0.,0.));
#13167=DIRECTION('ref_axis',(0.,-1.,0.));
#13168=DIRECTION('',(1.,0.,0.));
#13169=DIRECTION('center_axis',(1.,0.,0.));
#13170=DIRECTION('ref_axis',(0.,1.,0.));
#13171=DIRECTION('',(0.515038074910058,-0.85716730070211,-1.04972719113862E-16));
#13172=DIRECTION('center_axis',(-1.,0.,0.));
#13173=DIRECTION('ref_axis',(0.,1.,0.));
#13174=DIRECTION('center_axis',(-1.,0.,0.));
#13175=DIRECTION('ref_axis',(0.,1.,0.));
#13176=DIRECTION('center_axis',(-1.,0.,0.));
#13177=DIRECTION('ref_axis',(0.,1.,0.));
#13178=DIRECTION('',(-1.,0.,0.));
#13179=DIRECTION('center_axis',(0.,-1.,0.));
#13180=DIRECTION('ref_axis',(0.,0.,-1.));
#13181=DIRECTION('',(0.,0.,-1.));
#13182=DIRECTION('',(-1.,0.,0.));
#13183=DIRECTION('',(0.,0.,1.));
#13184=DIRECTION('',(1.,0.,0.));
#13185=DIRECTION('center_axis',(0.,0.,-1.));
#13186=DIRECTION('ref_axis',(-1.,0.,0.));
#13187=DIRECTION('',(0.,-1.,0.));
#13188=DIRECTION('',(0.,1.,0.));
#13189=DIRECTION('',(-1.,0.,0.));
#13190=DIRECTION('',(0.,1.,0.));
#13191=DIRECTION('',(1.,0.,0.));
#13192=DIRECTION('',(0.,1.,0.));
#13193=DIRECTION('',(-1.,0.,0.));
#13194=DIRECTION('center_axis',(0.,0.,1.));
#13195=DIRECTION('ref_axis',(1.,0.,0.));
#13196=DIRECTION('',(0.,-1.,0.));
#13197=DIRECTION('',(0.,1.,0.));
#13198=DIRECTION('',(1.,0.,0.));
#13199=DIRECTION('',(0.,-1.,0.));
#13200=DIRECTION('',(-1.,0.,0.));
#13201=DIRECTION('',(0.,1.,0.));
#13202=DIRECTION('',(1.,0.,0.));
#13203=DIRECTION('center_axis',(0.,-1.,0.));
#13204=DIRECTION('ref_axis',(0.,0.,-1.));
#13205=DIRECTION('',(0.,0.,-1.));
#13206=DIRECTION('',(0.,0.,1.));
#13207=DIRECTION('center_axis',(1.,0.,0.));
#13208=DIRECTION('ref_axis',(0.,-1.,0.));
#13209=DIRECTION('center_axis',(0.707106781186548,-0.707106781186548,0.));
#13210=DIRECTION('ref_axis',(-0.707106781186547,-0.707106781186547,0.));
#13211=DIRECTION('center_axis',(0.707106781186548,0.707106781186548,0.));
#13212=DIRECTION('ref_axis',(0.707106781186547,-0.707106781186547,0.));
#13213=DIRECTION('center_axis',(0.707106781186548,-0.707106781186548,0.));
#13214=DIRECTION('ref_axis',(-0.707106781186547,-0.707106781186547,0.));
#13215=DIRECTION('',(1.,0.,0.));
#13216=DIRECTION('center_axis',(-1.,0.,0.));
#13217=DIRECTION('ref_axis',(0.,-1.,0.));
#13218=DIRECTION('center_axis',(1.,0.,0.));
#13219=DIRECTION('ref_axis',(0.,-1.,0.));
#13220=DIRECTION('center_axis',(1.,0.,0.));
#13221=DIRECTION('ref_axis',(0.,-1.,0.));
#13222=DIRECTION('',(1.,0.,0.));
#13223=DIRECTION('center_axis',(-0.707106781186548,-0.707106781186548,0.));
#13224=DIRECTION('ref_axis',(0.707106781186547,-0.707106781186547,0.));
#13225=DIRECTION('center_axis',(-0.707106781186548,0.707106781186548,0.));
#13226=DIRECTION('ref_axis',(-0.707106781186547,-0.707106781186547,0.));
#13227=DIRECTION('center_axis',(-0.707106781186548,-0.707106781186548,0.));
#13228=DIRECTION('ref_axis',(0.707106781186547,-0.707106781186547,0.));
#13229=DIRECTION('center_axis',(0.,-1.,0.));
#13230=DIRECTION('ref_axis',(0.,0.,1.));
#13231=DIRECTION('',(0.,-1.,0.));
#13232=DIRECTION('center_axis',(0.,-1.,0.));
#13233=DIRECTION('ref_axis',(0.,0.,1.));
#13234=DIRECTION('center_axis',(-1.,0.,0.));
#13235=DIRECTION('ref_axis',(0.,1.,0.));
#13236=DIRECTION('center_axis',(-0.70710678118655,0.707106781186545,0.));
#13237=DIRECTION('ref_axis',(0.707106781186545,0.70710678118655,0.));
#13238=DIRECTION('center_axis',(-0.70710678118655,-0.707106781186545,0.));
#13239=DIRECTION('ref_axis',(-0.707106781186545,0.70710678118655,0.));
#13240=DIRECTION('center_axis',(-0.70710678118655,0.707106781186545,0.));
#13241=DIRECTION('ref_axis',(0.707106781186545,0.70710678118655,0.));
#13242=DIRECTION('',(-1.,0.,0.));
#13243=DIRECTION('center_axis',(1.,0.,0.));
#13244=DIRECTION('ref_axis',(0.,1.,0.));
#13245=DIRECTION('center_axis',(-1.,0.,0.));
#13246=DIRECTION('ref_axis',(0.,1.,0.));
#13247=DIRECTION('center_axis',(-1.,0.,0.));
#13248=DIRECTION('ref_axis',(0.,1.,0.));
#13249=DIRECTION('',(-1.,0.,0.));
#13250=DIRECTION('center_axis',(0.70710678118655,0.707106781186545,0.));
#13251=DIRECTION('ref_axis',(-0.707106781186545,0.70710678118655,0.));
#13252=DIRECTION('center_axis',(0.70710678118655,-0.707106781186545,0.));
#13253=DIRECTION('ref_axis',(0.707106781186545,0.70710678118655,0.));
#13254=DIRECTION('center_axis',(0.70710678118655,0.707106781186545,0.));
#13255=DIRECTION('ref_axis',(-0.707106781186545,0.70710678118655,0.));
#13256=DIRECTION('center_axis',(0.,-1.,0.));
#13257=DIRECTION('ref_axis',(0.,0.,1.));
#13258=DIRECTION('',(0.,-1.,0.));
#13259=DIRECTION('center_axis',(0.,-1.,0.));
#13260=DIRECTION('ref_axis',(0.,0.,1.));
#13261=DIRECTION('center_axis',(0.,1.,0.));
#13262=DIRECTION('ref_axis',(0.,0.,1.));
#13263=DIRECTION('',(-1.04972719113862E-16,0.515038074910058,-0.85716730070211));
#13264=DIRECTION('center_axis',(0.,-1.,0.));
#13265=DIRECTION('ref_axis',(0.,0.,1.));
#13266=DIRECTION('center_axis',(0.,-1.,0.));
#13267=DIRECTION('ref_axis',(0.,0.,1.));
#13268=DIRECTION('',(0.,-1.,0.));
#13269=DIRECTION('center_axis',(0.,1.,0.));
#13270=DIRECTION('ref_axis',(0.,0.,1.));
#13271=DIRECTION('',(-1.04972719113862E-16,0.515038074910058,-0.85716730070211));
#13272=DIRECTION('center_axis',(0.,-1.,0.));
#13273=DIRECTION('ref_axis',(0.,0.,1.));
#13274=DIRECTION('center_axis',(0.,-1.,0.));
#13275=DIRECTION('ref_axis',(0.,0.,1.));
#13276=DIRECTION('',(0.,-1.,0.));
#13277=DIRECTION('center_axis',(1.,0.,0.));
#13278=DIRECTION('ref_axis',(0.,0.,-1.));
#13279=DIRECTION('',(0.,0.,-1.));
#13280=DIRECTION('center_axis',(0.,1.,0.));
#13281=DIRECTION('ref_axis',(0.,0.,1.));
#13282=DIRECTION('',(0.,0.,1.));
#13283=DIRECTION('center_axis',(-1.,0.,0.));
#13284=DIRECTION('ref_axis',(0.,0.,1.));
#13285=DIRECTION('',(0.,0.,1.));
#13286=DIRECTION('center_axis',(0.,1.,0.));
#13287=DIRECTION('ref_axis',(0.,0.,1.));
#13288=DIRECTION('',(0.,0.,-1.));
#13289=DIRECTION('center_axis',(-1.,0.,0.));
#13290=DIRECTION('ref_axis',(0.,0.,1.));
#13291=DIRECTION('center_axis',(1.,0.,0.));
#13292=DIRECTION('ref_axis',(0.,0.,-1.));
#13293=DIRECTION('axis',(0.,0.,1.));
#13294=DIRECTION('refdir',(1.,0.,0.));
#13295=DIRECTION('center_axis',(0.,0.,1.));
#13296=DIRECTION('ref_axis',(-1.,0.,0.));
#13297=DIRECTION('center_axis',(0.,0.,1.));
#13298=DIRECTION('ref_axis',(-1.,0.,0.));
#13299=DIRECTION('',(0.,0.,1.));
#13300=DIRECTION('center_axis',(0.,0.,-1.));
#13301=DIRECTION('ref_axis',(-1.,0.,0.));
#13302=DIRECTION('center_axis',(0.,0.,1.));
#13303=DIRECTION('ref_axis',(-1.,0.,0.));
#13304=DIRECTION('center_axis',(0.,0.,1.));
#13305=DIRECTION('ref_axis',(-1.,0.,0.));
#13306=DIRECTION('',(0.,0.,1.));
#13307=DIRECTION('center_axis',(0.,0.,-1.));
#13308=DIRECTION('ref_axis',(-1.,0.,0.));
#13309=DIRECTION('center_axis',(0.,-1.,0.));
#13310=DIRECTION('ref_axis',(0.,0.,-1.));
#13311=DIRECTION('',(0.,0.,-1.));
#13312=DIRECTION('',(-1.,0.,0.));
#13313=DIRECTION('',(0.,0.,1.));
#13314=DIRECTION('',(1.,0.,0.));
#13315=DIRECTION('center_axis',(0.,0.,-1.));
#13316=DIRECTION('ref_axis',(-1.,0.,0.));
#13317=DIRECTION('',(0.,-1.,0.));
#13318=DIRECTION('',(0.,1.,0.));
#13319=DIRECTION('',(1.,0.,0.));
#13320=DIRECTION('',(0.,1.,0.));
#13321=DIRECTION('',(1.,0.,0.));
#13322=DIRECTION('',(0.,1.,0.));
#13323=DIRECTION('',(1.,0.,0.));
#13324=DIRECTION('center_axis',(0.,0.,1.));
#13325=DIRECTION('ref_axis',(1.,0.,0.));
#13326=DIRECTION('center_axis',(0.,0.,1.));
#13327=DIRECTION('ref_axis',(1.,0.,0.));
#13328=DIRECTION('center_axis',(0.,-1.,0.));
#13329=DIRECTION('ref_axis',(0.,0.,-1.));
#13330=DIRECTION('',(-1.,0.,0.));
#13331=DIRECTION('',(0.,0.,-1.));
#13332=DIRECTION('',(0.,0.,1.));
#13333=DIRECTION('center_axis',(1.,0.,0.));
#13334=DIRECTION('ref_axis',(0.,-1.,0.));
#13335=DIRECTION('center_axis',(1.,0.,0.));
#13336=DIRECTION('ref_axis',(0.,-1.,0.));
#13337=DIRECTION('',(1.,0.,0.));
#13338=DIRECTION('center_axis',(-1.,0.,0.));
#13339=DIRECTION('ref_axis',(0.,-1.,0.));
#13340=DIRECTION('center_axis',(-1.,0.,0.));
#13341=DIRECTION('ref_axis',(0.,1.,0.));
#13342=DIRECTION('center_axis',(-1.,0.,0.));
#13343=DIRECTION('ref_axis',(0.,1.,0.));
#13344=DIRECTION('',(-1.,0.,0.));
#13345=DIRECTION('center_axis',(1.,0.,0.));
#13346=DIRECTION('ref_axis',(0.,1.,0.));
#13347=DIRECTION('center_axis',(-1.,0.,0.));
#13348=DIRECTION('ref_axis',(0.,1.,0.));
#13349=DIRECTION('center_axis',(-1.,0.,0.));
#13350=DIRECTION('ref_axis',(0.,1.,0.));
#13351=DIRECTION('',(-1.,0.,0.));
#13352=DIRECTION('center_axis',(1.,0.,0.));
#13353=DIRECTION('ref_axis',(0.,1.,0.));
#13354=DIRECTION('center_axis',(0.707106781186546,-0.707106781186549,0.));
#13355=DIRECTION('ref_axis',(0.707106781186549,0.707106781186546,0.));
#13356=DIRECTION('center_axis',(-0.707106781186546,-0.707106781186549,0.));
#13357=DIRECTION('ref_axis',(-0.707106781186549,0.707106781186546,0.));
#13358=DIRECTION('center_axis',(1.,0.,0.));
#13359=DIRECTION('ref_axis',(0.,-1.,0.));
#13360=DIRECTION('center_axis',(1.,0.,0.));
#13361=DIRECTION('ref_axis',(0.,-1.,0.));
#13362=DIRECTION('',(1.,0.,0.));
#13363=DIRECTION('center_axis',(-0.707106781186548,-0.707106781186548,0.));
#13364=DIRECTION('ref_axis',(0.707106781186547,-0.707106781186547,0.));
#13365=DIRECTION('center_axis',(0.707106781186548,-0.707106781186548,0.));
#13366=DIRECTION('ref_axis',(-0.707106781186547,-0.707106781186547,0.));
#13367=DIRECTION('',(1.,0.,0.));
#13368=DIRECTION('center_axis',(-1.,0.,0.));
#13369=DIRECTION('ref_axis',(0.,-1.,0.));
#13370=DIRECTION('center_axis',(0.707106781186548,-0.707106781186548,0.));
#13371=DIRECTION('ref_axis',(-0.707106781186547,-0.707106781186547,0.));
#13372=DIRECTION('center_axis',(-0.707106781186548,-0.707106781186548,0.));
#13373=DIRECTION('ref_axis',(0.707106781186547,-0.707106781186547,0.));
#13374=DIRECTION('center_axis',(0.,1.,0.));
#13375=DIRECTION('ref_axis',(0.,0.,1.));
#13376=DIRECTION('',(0.,0.,1.));
#13377=DIRECTION('',(0.,0.,-1.));
#13378=DIRECTION('',(-1.,0.,0.));
#13379=DIRECTION('center_axis',(0.,1.,0.));
#13380=DIRECTION('ref_axis',(0.,0.,1.));
#13381=DIRECTION('center_axis',(0.,0.,1.));
#13382=DIRECTION('ref_axis',(1.,0.,0.));
#13383=DIRECTION('',(0.,1.,0.));
#13384=DIRECTION('',(-1.,0.,0.));
#13385=DIRECTION('',(0.,-1.,0.));
#13386=DIRECTION('',(0.,1.,0.));
#13387=DIRECTION('',(0.,-1.,0.));
#13388=DIRECTION('center_axis',(0.,0.,-1.));
#13389=DIRECTION('ref_axis',(1.,0.,0.));
#13390=DIRECTION('center_axis',(0.,0.,-1.));
#13391=DIRECTION('ref_axis',(1.,0.,0.));
#13392=DIRECTION('center_axis',(-1.,0.,0.));
#13393=DIRECTION('ref_axis',(0.,0.,1.));
#13394=DIRECTION('center_axis',(0.,1.,0.));
#13395=DIRECTION('ref_axis',(0.,0.,1.));
#13396=DIRECTION('',(0.,0.,1.));
#13397=DIRECTION('',(0.,0.,-1.));
#13398=DIRECTION('center_axis',(0.,1.,0.));
#13399=DIRECTION('ref_axis',(0.,0.,1.));
#13400=DIRECTION('center_axis',(-1.,0.,0.));
#13401=DIRECTION('ref_axis',(0.,0.,1.));
#13402=DIRECTION('center_axis',(0.,0.,-1.));
#13403=DIRECTION('ref_axis',(1.,0.,0.));
#13404=DIRECTION('',(0.,0.,-1.));
#13405=DIRECTION('center_axis',(0.,0.,-1.));
#13406=DIRECTION('ref_axis',(1.,0.,0.));
#13407=DIRECTION('',(0.,0.,-1.));
#13408=DIRECTION('center_axis',(0.,-1.,0.));
#13409=DIRECTION('ref_axis',(0.,0.,1.));
#13410=DIRECTION('',(0.,-1.,0.));
#13411=DIRECTION('center_axis',(0.,-1.,0.));
#13412=DIRECTION('ref_axis',(0.,0.,1.));
#13413=DIRECTION('',(0.,-1.,0.));
#13414=DIRECTION('center_axis',(1.,0.,0.));
#13415=DIRECTION('ref_axis',(0.,0.,-1.));
#13416=DIRECTION('center_axis',(1.,0.,0.));
#13417=DIRECTION('ref_axis',(0.,0.,-1.));
#13418=DIRECTION('axis',(0.,0.,1.));
#13419=DIRECTION('refdir',(1.,0.,0.));
#13420=DIRECTION('center_axis',(0.,1.,0.));
#13421=DIRECTION('ref_axis',(-0.707106781186548,0.,-0.707106781186548));
#13422=DIRECTION('center_axis',(0.,-1.,0.));
#13423=DIRECTION('ref_axis',(-0.707106781186548,0.,-0.707106781186548));
#13424=DIRECTION('',(0.,-1.,0.));
#13425=DIRECTION('center_axis',(0.,1.,0.));
#13426=DIRECTION('ref_axis',(-0.707106781186548,0.,-0.707106781186548));
#13427=DIRECTION('',(0.,1.,0.));
#13428=DIRECTION('center_axis',(0.,1.,0.));
#13429=DIRECTION('ref_axis',(1.,0.,0.));
#13430=DIRECTION('',(1.,0.,0.));
#13431=DIRECTION('center_axis',(0.,1.,0.));
#13432=DIRECTION('ref_axis',(0.707106781186548,0.,-0.707106781186548));
#13433=DIRECTION('',(0.,0.,1.));
#13434=DIRECTION('center_axis',(0.,1.,0.));
#13435=DIRECTION('ref_axis',(0.707106781186548,0.,0.707106781186548));
#13436=DIRECTION('',(-1.,0.,0.));
#13437=DIRECTION('center_axis',(0.,1.,0.));
#13438=DIRECTION('ref_axis',(-0.707106781186548,0.,0.707106781186548));
#13439=DIRECTION('',(0.,0.,-1.));
#13440=DIRECTION('',(0.,0.,1.));
#13441=DIRECTION('',(1.,0.,0.));
#13442=DIRECTION('',(0.,0.,-1.));
#13443=DIRECTION('',(-1.,0.,0.));
#13444=DIRECTION('center_axis',(0.,0.,1.));
#13445=DIRECTION('ref_axis',(1.,0.,0.));
#13446=DIRECTION('',(-1.,0.,0.));
#13447=DIRECTION('',(0.,1.,0.));
#13448=DIRECTION('center_axis',(0.,-1.,0.));
#13449=DIRECTION('ref_axis',(0.707106781186548,0.,-0.707106781186548));
#13450=DIRECTION('center_axis',(0.,-1.,0.));
#13451=DIRECTION('ref_axis',(0.707106781186548,0.,-0.707106781186548));
#13452=DIRECTION('',(0.,-1.,0.));
#13453=DIRECTION('center_axis',(0.,1.,0.));
#13454=DIRECTION('ref_axis',(-0.707106781186548,0.,0.707106781186548));
#13455=DIRECTION('center_axis',(0.,-1.,0.));
#13456=DIRECTION('ref_axis',(-0.707106781186548,0.,0.707106781186548));
#13457=DIRECTION('',(0.,-1.,0.));
#13458=DIRECTION('',(0.,1.,0.));
#13459=DIRECTION('center_axis',(0.,0.,-1.));
#13460=DIRECTION('ref_axis',(-1.,0.,0.));
#13461=DIRECTION('',(0.,-1.,0.));
#13462=DIRECTION('',(1.,0.,0.));
#13463=DIRECTION('center_axis',(0.,-1.,0.));
#13464=DIRECTION('ref_axis',(0.707106781186548,0.,0.707106781186548));
#13465=DIRECTION('',(0.,1.,0.));
#13466=DIRECTION('center_axis',(0.,-1.,0.));
#13467=DIRECTION('ref_axis',(0.707106781186548,0.,0.707106781186548));
#13468=DIRECTION('center_axis',(1.,0.,0.));
#13469=DIRECTION('ref_axis',(0.,0.,-1.));
#13470=DIRECTION('',(0.,0.,1.));
#13471=DIRECTION('center_axis',(-1.,0.,0.));
#13472=DIRECTION('ref_axis',(0.,0.,1.));
#13473=DIRECTION('',(0.,0.,-1.));
#13474=DIRECTION('center_axis',(0.,1.,0.));
#13475=DIRECTION('ref_axis',(0.,0.,1.));
#13476=DIRECTION('',(1.,0.,0.));
#13477=DIRECTION('',(0.,0.,1.));
#13478=DIRECTION('',(-1.,0.,0.));
#13479=DIRECTION('',(0.,0.,-1.));
#13480=DIRECTION('center_axis',(0.,0.,-1.));
#13481=DIRECTION('ref_axis',(-1.,0.,0.));
#13482=DIRECTION('',(0.,-1.,0.));
#13483=DIRECTION('',(0.,1.,0.));
#13484=DIRECTION('center_axis',(-1.,0.,0.));
#13485=DIRECTION('ref_axis',(0.,0.,1.));
#13486=DIRECTION('',(0.,-1.,0.));
#13487=DIRECTION('center_axis',(1.,0.,0.));
#13488=DIRECTION('ref_axis',(0.,0.,-1.));
#13489=DIRECTION('',(0.,-1.,0.));
#13490=DIRECTION('center_axis',(0.,0.,1.));
#13491=DIRECTION('ref_axis',(1.,0.,0.));
#13492=DIRECTION('axis',(0.,0.,1.));
#13493=DIRECTION('refdir',(1.,0.,0.));
#13494=DIRECTION('center_axis',(0.,-1.,0.));
#13495=DIRECTION('ref_axis',(0.707106781186548,0.,-0.707106781186548));
#13496=DIRECTION('center_axis',(0.,1.,0.));
#13497=DIRECTION('ref_axis',(0.707106781186548,0.,-0.707106781186548));
#13498=DIRECTION('',(0.,1.,0.));
#13499=DIRECTION('center_axis',(0.,-1.,0.));
#13500=DIRECTION('ref_axis',(0.707106781186548,0.,-0.707106781186548));
#13501=DIRECTION('',(0.,-1.,0.));
#13502=DIRECTION('center_axis',(0.,1.,0.));
#13503=DIRECTION('ref_axis',(1.,0.,0.));
#13504=DIRECTION('',(0.,0.,1.));
#13505=DIRECTION('center_axis',(0.,1.,0.));
#13506=DIRECTION('ref_axis',(0.707106781186548,0.,0.707106781186548));
#13507=DIRECTION('',(-1.,0.,0.));
#13508=DIRECTION('center_axis',(0.,1.,0.));
#13509=DIRECTION('ref_axis',(-0.707106781186548,0.,0.707106781186548));
#13510=DIRECTION('',(0.,0.,1.));
#13511=DIRECTION('center_axis',(0.,1.,0.));
#13512=DIRECTION('ref_axis',(-0.707106781186548,0.,-0.707106781186548));
#13513=DIRECTION('',(-1.,0.,0.));
#13514=DIRECTION('',(-1.,0.,0.));
#13515=DIRECTION('',(0.,0.,1.));
#13516=DIRECTION('',(1.,0.,0.));
#13517=DIRECTION('',(0.,0.,-1.));
#13518=DIRECTION('center_axis',(1.,0.,0.));
#13519=DIRECTION('ref_axis',(0.,0.,-1.));
#13520=DIRECTION('',(0.,0.,-1.));
#13521=DIRECTION('',(0.,1.,0.));
#13522=DIRECTION('center_axis',(0.,1.,0.));
#13523=DIRECTION('ref_axis',(0.707106781186548,0.,0.707106781186548));
#13524=DIRECTION('center_axis',(0.,-1.,0.));
#13525=DIRECTION('ref_axis',(0.707106781186548,0.,0.707106781186548));
#13526=DIRECTION('',(0.,-1.,0.));
#13527=DIRECTION('center_axis',(0.,-1.,0.));
#13528=DIRECTION('ref_axis',(-0.707106781186548,0.,-0.707106781186548));
#13529=DIRECTION('',(0.,1.,0.));
#13530=DIRECTION('center_axis',(0.,-1.,0.));
#13531=DIRECTION('ref_axis',(-0.707106781186548,0.,-0.707106781186548));
#13532=DIRECTION('',(0.,-1.,0.));
#13533=DIRECTION('center_axis',(-1.,0.,0.));
#13534=DIRECTION('ref_axis',(0.,0.,1.));
#13535=DIRECTION('',(0.,-1.,0.));
#13536=DIRECTION('',(0.,0.,-1.));
#13537=DIRECTION('center_axis',(0.,1.,0.));
#13538=DIRECTION('ref_axis',(-0.707106781186548,0.,0.707106781186548));
#13539=DIRECTION('center_axis',(0.,-1.,0.));
#13540=DIRECTION('ref_axis',(-0.707106781186548,0.,0.707106781186548));
#13541=DIRECTION('',(0.,1.,0.));
#13542=DIRECTION('center_axis',(0.,0.,1.));
#13543=DIRECTION('ref_axis',(1.,0.,0.));
#13544=DIRECTION('',(-1.,0.,0.));
#13545=DIRECTION('center_axis',(-1.,0.,0.));
#13546=DIRECTION('ref_axis',(0.,0.,1.));
#13547=DIRECTION('',(0.,0.,-1.));
#13548=DIRECTION('',(0.,1.,0.));
#13549=DIRECTION('',(0.,-1.,0.));
#13550=DIRECTION('center_axis',(0.,0.,-1.));
#13551=DIRECTION('ref_axis',(-1.,0.,0.));
#13552=DIRECTION('',(0.,-1.,0.));
#13553=DIRECTION('',(1.,0.,0.));
#13554=DIRECTION('center_axis',(0.,0.,1.));
#13555=DIRECTION('ref_axis',(1.,0.,0.));
#13556=DIRECTION('',(-1.,0.,0.));
#13557=DIRECTION('',(0.,1.,0.));
#13558=DIRECTION('center_axis',(1.,0.,0.));
#13559=DIRECTION('ref_axis',(0.,0.,-1.));
#13560=DIRECTION('',(0.,0.,1.));
#13561=DIRECTION('center_axis',(0.,0.,-1.));
#13562=DIRECTION('ref_axis',(-1.,0.,0.));
#13563=DIRECTION('',(-1.,0.,0.));
#13564=DIRECTION('center_axis',(0.,1.,0.));
#13565=DIRECTION('ref_axis',(0.,0.,1.));
#13566=DIRECTION('axis',(0.,0.,1.));
#13567=DIRECTION('refdir',(1.,0.,0.));
#13568=DIRECTION('center_axis',(0.,-1.,0.));
#13569=DIRECTION('ref_axis',(-0.707106781186548,0.,-0.707106781186548));
#13570=DIRECTION('center_axis',(0.,1.,0.));
#13571=DIRECTION('ref_axis',(-0.707106781186548,0.,-0.707106781186548));
#13572=DIRECTION('',(0.,1.,0.));
#13573=DIRECTION('center_axis',(0.,-1.,0.));
#13574=DIRECTION('ref_axis',(-0.707106781186548,0.,-0.707106781186548));
#13575=DIRECTION('',(0.,-1.,0.));
#13576=DIRECTION('center_axis',(0.,0.,-1.));
#13577=DIRECTION('ref_axis',(-1.,0.,0.));
#13578=DIRECTION('',(-1.,0.,0.));
#13579=DIRECTION('',(0.,1.,0.));
#13580=DIRECTION('',(-1.,0.,0.));
#13581=DIRECTION('center_axis',(0.,1.,0.));
#13582=DIRECTION('ref_axis',(0.,0.,1.));
#13583=DIRECTION('',(0.,0.,-1.));
#13584=DIRECTION('center_axis',(0.,-1.,0.));
#13585=DIRECTION('ref_axis',(-0.707106781186546,0.,0.707106781186549));
#13586=DIRECTION('',(1.,0.,0.));
#13587=DIRECTION('center_axis',(0.,-1.,0.));
#13588=DIRECTION('ref_axis',(0.707106781186546,0.,0.707106781186549));
#13589=DIRECTION('',(0.,0.,-1.));
#13590=DIRECTION('center_axis',(0.,-1.,0.));
#13591=DIRECTION('ref_axis',(0.707106781186547,0.,-0.707106781186548));
#13592=DIRECTION('',(-1.,0.,0.));
#13593=DIRECTION('',(0.,0.,-1.));
#13594=DIRECTION('',(1.,0.,0.));
#13595=DIRECTION('',(0.,0.,1.));
#13596=DIRECTION('center_axis',(0.,-1.,0.));
#13597=DIRECTION('ref_axis',(0.707106781186547,0.,-0.707106781186548));
#13598=DIRECTION('center_axis',(0.,1.,0.));
#13599=DIRECTION('ref_axis',(0.707106781186547,0.,-0.707106781186548));
#13600=DIRECTION('',(0.,-1.,0.));
#13601=DIRECTION('center_axis',(1.,0.,0.));
#13602=DIRECTION('ref_axis',(0.,0.,-1.));
#13603=DIRECTION('',(0.,1.,0.));
#13604=DIRECTION('',(0.,0.,-1.));
#13605=DIRECTION('center_axis',(0.,1.,0.));
#13606=DIRECTION('ref_axis',(-0.707106781186546,0.,0.707106781186549));
#13607=DIRECTION('',(0.,-1.,0.));
#13608=DIRECTION('center_axis',(0.,1.,0.));
#13609=DIRECTION('ref_axis',(-0.707106781186546,0.,0.707106781186549));
#13610=DIRECTION('',(0.,1.,0.));
#13611=DIRECTION('center_axis',(0.,0.,1.));
#13612=DIRECTION('ref_axis',(1.,0.,0.));
#13613=DIRECTION('',(-1.,0.,0.));
#13614=DIRECTION('',(0.,-1.,0.));
#13615=DIRECTION('center_axis',(0.,-1.,0.));
#13616=DIRECTION('ref_axis',(0.707106781186546,0.,0.707106781186549));
#13617=DIRECTION('center_axis',(0.,1.,0.));
#13618=DIRECTION('ref_axis',(0.707106781186546,0.,0.707106781186549));
#13619=DIRECTION('center_axis',(-1.,0.,0.));
#13620=DIRECTION('ref_axis',(0.,0.,1.));
#13621=DIRECTION('',(0.,0.,1.));
#13622=DIRECTION('',(0.,-1.,0.));
#13623=DIRECTION('',(0.,1.,0.));
#13624=DIRECTION('center_axis',(0.,0.,-1.));
#13625=DIRECTION('ref_axis',(-1.,0.,0.));
#13626=DIRECTION('',(-1.,0.,0.));
#13627=DIRECTION('',(0.,-1.,0.));
#13628=DIRECTION('center_axis',(1.,0.,0.));
#13629=DIRECTION('ref_axis',(0.,0.,-1.));
#13630=DIRECTION('',(0.,0.,-1.));
#13631=DIRECTION('',(0.,-1.,0.));
#13632=DIRECTION('center_axis',(0.,0.,1.));
#13633=DIRECTION('ref_axis',(1.,0.,0.));
#13634=DIRECTION('',(1.,0.,0.));
#13635=DIRECTION('center_axis',(-1.,0.,0.));
#13636=DIRECTION('ref_axis',(0.,0.,1.));
#13637=DIRECTION('',(0.,0.,1.));
#13638=DIRECTION('center_axis',(0.,1.,0.));
#13639=DIRECTION('ref_axis',(1.,0.,0.));
#13640=DIRECTION('axis',(0.,0.,1.));
#13641=DIRECTION('refdir',(1.,0.,0.));
#13642=DIRECTION('center_axis',(0.,-1.,0.));
#13643=DIRECTION('ref_axis',(0.,0.,1.));
#13644=DIRECTION('center_axis',(0.,-1.,0.));
#13645=DIRECTION('ref_axis',(0.,0.,1.));
#13646=DIRECTION('center_axis',(0.,-1.,0.));
#13647=DIRECTION('ref_axis',(0.,0.,1.));
#13648=DIRECTION('center_axis',(0.,-1.,0.));
#13649=DIRECTION('ref_axis',(0.,0.,1.));
#13650=DIRECTION('center_axis',(0.,-1.,0.));
#13651=DIRECTION('ref_axis',(0.,0.,1.));
#13652=DIRECTION('',(0.,-1.,0.));
#13653=DIRECTION('center_axis',(0.,-1.,0.));
#13654=DIRECTION('ref_axis',(0.,0.,1.));
#13655=DIRECTION('',(0.,-1.,0.));
#13656=DIRECTION('center_axis',(0.,1.,0.));
#13657=DIRECTION('ref_axis',(0.,0.,1.));
#13658=DIRECTION('center_axis',(0.,-1.,0.));
#13659=DIRECTION('ref_axis',(0.,0.,1.));
#13660=DIRECTION('center_axis',(0.,-1.,0.));
#13661=DIRECTION('ref_axis',(0.,0.,1.));
#13662=DIRECTION('center_axis',(0.,-1.,0.));
#13663=DIRECTION('ref_axis',(0.,0.,1.));
#13664=DIRECTION('center_axis',(0.,-1.,0.));
#13665=DIRECTION('ref_axis',(0.,0.,1.));
#13666=DIRECTION('center_axis',(0.,-1.,0.));
#13667=DIRECTION('ref_axis',(0.,0.,1.));
#13668=DIRECTION('',(0.,-1.,0.));
#13669=DIRECTION('center_axis',(0.,-1.,0.));
#13670=DIRECTION('ref_axis',(0.,0.,1.));
#13671=DIRECTION('',(0.,-1.,0.));
#13672=DIRECTION('center_axis',(0.,1.,0.));
#13673=DIRECTION('ref_axis',(0.,0.,1.));
#13674=DIRECTION('center_axis',(0.,-1.,0.));
#13675=DIRECTION('ref_axis',(0.,0.,1.));
#13676=DIRECTION('center_axis',(0.,-1.,0.));
#13677=DIRECTION('ref_axis',(0.,0.,1.));
#13678=DIRECTION('center_axis',(0.,-1.,0.));
#13679=DIRECTION('ref_axis',(0.,0.,1.));
#13680=DIRECTION('center_axis',(0.,-1.,0.));
#13681=DIRECTION('ref_axis',(0.,0.,1.));
#13682=DIRECTION('center_axis',(0.,-1.,0.));
#13683=DIRECTION('ref_axis',(0.,0.,1.));
#13684=DIRECTION('',(0.,-1.,0.));
#13685=DIRECTION('center_axis',(0.,-1.,0.));
#13686=DIRECTION('ref_axis',(0.,0.,1.));
#13687=DIRECTION('',(0.,-1.,0.));
#13688=DIRECTION('center_axis',(0.,1.,0.));
#13689=DIRECTION('ref_axis',(0.,0.,1.));
#13690=DIRECTION('center_axis',(0.,-1.,0.));
#13691=DIRECTION('ref_axis',(0.,0.,1.));
#13692=DIRECTION('center_axis',(0.,-1.,0.));
#13693=DIRECTION('ref_axis',(0.,0.,1.));
#13694=DIRECTION('center_axis',(0.,-1.,0.));
#13695=DIRECTION('ref_axis',(0.,0.,1.));
#13696=DIRECTION('center_axis',(0.,-1.,0.));
#13697=DIRECTION('ref_axis',(0.,0.,1.));
#13698=DIRECTION('center_axis',(0.,-1.,0.));
#13699=DIRECTION('ref_axis',(0.,0.,1.));
#13700=DIRECTION('',(0.,-1.,0.));
#13701=DIRECTION('center_axis',(0.,-1.,0.));
#13702=DIRECTION('ref_axis',(0.,0.,1.));
#13703=DIRECTION('',(0.,-1.,0.));
#13704=DIRECTION('center_axis',(0.,1.,0.));
#13705=DIRECTION('ref_axis',(0.,0.,1.));
#13706=DIRECTION('center_axis',(0.,1.,0.));
#13707=DIRECTION('ref_axis',(-0.707106781186549,0.,0.707106781186546));
#13708=DIRECTION('center_axis',(0.,-1.,0.));
#13709=DIRECTION('ref_axis',(-0.707106781186549,0.,0.707106781186546));
#13710=DIRECTION('',(0.,1.,0.));
#13711=DIRECTION('center_axis',(0.,1.,0.));
#13712=DIRECTION('ref_axis',(-0.707106781186549,0.,0.707106781186546));
#13713=DIRECTION('',(0.,-1.,0.));
#13714=DIRECTION('center_axis',(1.,0.,0.));
#13715=DIRECTION('ref_axis',(0.,0.,-1.));
#13716=DIRECTION('',(0.,0.,-1.));
#13717=DIRECTION('',(0.,-1.,0.));
#13718=DIRECTION('',(0.,0.,1.));
#13719=DIRECTION('center_axis',(0.,1.,0.));
#13720=DIRECTION('ref_axis',(0.707106781186549,0.,-0.707106781186546));
#13721=DIRECTION('center_axis',(0.,-1.,0.));
#13722=DIRECTION('ref_axis',(0.707106781186549,0.,-0.707106781186546));
#13723=DIRECTION('center_axis',(0.,1.,0.));
#13724=DIRECTION('ref_axis',(0.707106781186549,0.,-0.707106781186546));
#13725=DIRECTION('',(0.,1.,0.));
#13726=DIRECTION('center_axis',(0.,1.,0.));
#13727=DIRECTION('ref_axis',(1.,0.,0.));
#13728=DIRECTION('center_axis',(0.,1.,0.));
#13729=DIRECTION('ref_axis',(0.707106781186547,0.,-0.707106781186548));
#13730=DIRECTION('',(0.,0.,-1.));
#13731=DIRECTION('center_axis',(0.,1.,0.));
#13732=DIRECTION('ref_axis',(0.707106781186546,0.,0.707106781186549));
#13733=DIRECTION('',(-1.,0.,0.));
#13734=DIRECTION('center_axis',(0.,1.,0.));
#13735=DIRECTION('ref_axis',(-0.707106781186546,0.,0.707106781186549));
#13736=DIRECTION('',(0.,0.,-1.));
#13737=DIRECTION('center_axis',(0.,1.,0.));
#13738=DIRECTION('ref_axis',(-0.707106781186548,0.,-0.707106781186548));
#13739=DIRECTION('',(-1.,0.,0.));
#13740=DIRECTION('',(-1.,0.,0.));
#13741=DIRECTION('center_axis',(0.,-1.,0.));
#13742=DIRECTION('ref_axis',(0.707106781186549,0.,0.707106781186546));
#13743=DIRECTION('',(0.,0.,1.));
#13744=DIRECTION('center_axis',(0.,1.,0.));
#13745=DIRECTION('ref_axis',(-0.707106781186549,0.,-0.707106781186546));
#13746=DIRECTION('',(-1.,0.,0.));
#13747=DIRECTION('center_axis',(0.,-1.,0.));
#13748=DIRECTION('ref_axis',(0.707106781186549,0.,0.707106781186546));
#13749=DIRECTION('',(0.,0.,1.));
#13750=DIRECTION('center_axis',(0.,-1.,0.));
#13751=DIRECTION('ref_axis',(0.707106781186548,0.,-0.707106781186547));
#13752=DIRECTION('',(-1.,0.,0.));
#13753=DIRECTION('center_axis',(0.,1.,0.));
#13754=DIRECTION('ref_axis',(-0.707106781186548,0.,0.707106781186547));
#13755=DIRECTION('',(0.,0.,1.));
#13756=DIRECTION('center_axis',(0.,-1.,0.));
#13757=DIRECTION('ref_axis',(0.707106781186547,0.,-0.707106781186548));
#13758=DIRECTION('',(-1.,0.,0.));
#13759=DIRECTION('center_axis',(0.,-1.,0.));
#13760=DIRECTION('ref_axis',(-0.707106781186548,0.,-0.707106781186548));
#13761=DIRECTION('',(0.,0.,1.));
#13762=DIRECTION('center_axis',(0.,1.,0.));
#13763=DIRECTION('ref_axis',(0.707106781186548,0.,0.707106781186548));
#13764=DIRECTION('',(-1.,0.,0.));
#13765=DIRECTION('center_axis',(0.,-1.,0.));
#13766=DIRECTION('ref_axis',(-0.707106781186551,0.,-0.707106781186544));
#13767=DIRECTION('',(0.,0.,-1.));
#13768=DIRECTION('center_axis',(0.,-1.,0.));
#13769=DIRECTION('ref_axis',(-0.707106781186548,0.,0.707106781186548));
#13770=DIRECTION('',(1.,0.,0.));
#13771=DIRECTION('center_axis',(0.,-1.,0.));
#13772=DIRECTION('ref_axis',(-0.707106781186548,0.,0.707106781186548));
#13773=DIRECTION('center_axis',(0.,1.,0.));
#13774=DIRECTION('ref_axis',(-0.707106781186548,0.,0.707106781186548));
#13775=DIRECTION('',(0.,-1.,0.));
#13776=DIRECTION('',(0.,1.,0.));
#13777=DIRECTION('center_axis',(0.,0.,-1.));
#13778=DIRECTION('ref_axis',(0.,1.,0.));
#13779=DIRECTION('',(1.,0.,0.));
#13780=DIRECTION('center_axis',(1.,0.,0.));
#13781=DIRECTION('ref_axis',(0.,0.,-1.));
#13782=DIRECTION('',(0.,-1.,0.));
#13783=DIRECTION('',(0.,0.,-1.));
#13784=DIRECTION('center_axis',(0.,1.,0.));
#13785=DIRECTION('ref_axis',(0.707106781186549,0.,0.707106781186546));
#13786=DIRECTION('',(0.,1.,0.));
#13787=DIRECTION('center_axis',(0.,1.,0.));
#13788=DIRECTION('ref_axis',(0.707106781186549,0.,0.707106781186546));
#13789=DIRECTION('',(0.,-1.,0.));
#13790=DIRECTION('center_axis',(0.,0.,-1.));
#13791=DIRECTION('ref_axis',(0.,-1.,0.));
#13792=DIRECTION('',(0.,-1.,0.));
#13793=DIRECTION('',(-1.,0.,0.));
#13794=DIRECTION('center_axis',(0.,-1.,0.));
#13795=DIRECTION('ref_axis',(-0.707106781186549,0.,-0.707106781186546));
#13796=DIRECTION('',(0.,1.,0.));
#13797=DIRECTION('center_axis',(0.,-1.,0.));
#13798=DIRECTION('ref_axis',(-0.707106781186549,0.,-0.707106781186546));
#13799=DIRECTION('center_axis',(0.,-1.,0.));
#13800=DIRECTION('ref_axis',(0.707106781186549,0.,0.707106781186546));
#13801=DIRECTION('center_axis',(0.,1.,0.));
#13802=DIRECTION('ref_axis',(0.707106781186549,0.,0.707106781186546));
#13803=DIRECTION('',(0.,-1.,0.));
#13804=DIRECTION('',(0.,1.,0.));
#13805=DIRECTION('center_axis',(-1.,0.,0.));
#13806=DIRECTION('ref_axis',(0.,0.,1.));
#13807=DIRECTION('',(0.,0.,-1.));
#13808=DIRECTION('center_axis',(-1.,0.,0.));
#13809=DIRECTION('ref_axis',(0.,0.,1.));
#13810=DIRECTION('',(0.,0.,1.));
#13811=DIRECTION('',(0.,1.,0.));
#13812=DIRECTION('center_axis',(0.,1.,0.));
#13813=DIRECTION('ref_axis',(0.707106781186547,0.,-0.707106781186548));
#13814=DIRECTION('',(0.,1.,0.));
#13815=DIRECTION('center_axis',(0.,1.,0.));
#13816=DIRECTION('ref_axis',(0.707106781186547,0.,-0.707106781186548));
#13817=DIRECTION('',(0.,-1.,0.));
#13818=DIRECTION('center_axis',(-1.,0.,0.));
#13819=DIRECTION('ref_axis',(0.,0.,1.));
#13820=DIRECTION('',(0.,-1.,0.));
#13821=DIRECTION('',(0.,0.,-1.));
#13822=DIRECTION('center_axis',(0.,1.,0.));
#13823=DIRECTION('ref_axis',(-0.707106781186548,0.,0.707106781186547));
#13824=DIRECTION('center_axis',(0.,-1.,0.));
#13825=DIRECTION('ref_axis',(-0.707106781186548,0.,0.707106781186547));
#13826=DIRECTION('',(0.,1.,0.));
#13827=DIRECTION('center_axis',(0.,-1.,0.));
#13828=DIRECTION('ref_axis',(0.707106781186548,0.,-0.707106781186547));
#13829=DIRECTION('center_axis',(0.,1.,0.));
#13830=DIRECTION('ref_axis',(0.707106781186548,0.,-0.707106781186547));
#13831=DIRECTION('',(0.,-1.,0.));
#13832=DIRECTION('center_axis',(0.,0.,1.));
#13833=DIRECTION('ref_axis',(0.,1.,0.));
#13834=DIRECTION('',(-1.,0.,0.));
#13835=DIRECTION('center_axis',(0.,0.,-1.));
#13836=DIRECTION('ref_axis',(-1.,0.,0.));
#13837=DIRECTION('',(-1.,0.,0.));
#13838=DIRECTION('center_axis',(0.,0.,1.));
#13839=DIRECTION('ref_axis',(1.,0.,0.));
#13840=DIRECTION('',(1.,0.,0.));
#13841=DIRECTION('',(0.,1.,0.));
#13842=DIRECTION('center_axis',(0.,-1.,0.));
#13843=DIRECTION('ref_axis',(-0.707106781186548,0.,-0.707106781186548));
#13844=DIRECTION('center_axis',(0.,1.,0.));
#13845=DIRECTION('ref_axis',(-0.707106781186548,0.,-0.707106781186548));
#13846=DIRECTION('',(0.,-1.,0.));
#13847=DIRECTION('center_axis',(-1.,0.,0.));
#13848=DIRECTION('ref_axis',(0.,0.,1.));
#13849=DIRECTION('',(0.,0.,-1.));
#13850=DIRECTION('',(0.,1.,0.));
#13851=DIRECTION('center_axis',(0.,-1.,0.));
#13852=DIRECTION('ref_axis',(0.707106781186548,0.,0.707106781186548));
#13853=DIRECTION('center_axis',(0.,-1.,0.));
#13854=DIRECTION('ref_axis',(0.707106781186548,0.,0.707106781186548));
#13855=DIRECTION('',(0.,-1.,0.));
#13856=DIRECTION('center_axis',(0.,0.,-1.));
#13857=DIRECTION('ref_axis',(-1.,0.,0.));
#13858=DIRECTION('',(1.,0.,0.));
#13859=DIRECTION('',(0.,1.,0.));
#13860=DIRECTION('center_axis',(0.,1.,0.));
#13861=DIRECTION('ref_axis',(-0.707106781186551,0.,-0.707106781186544));
#13862=DIRECTION('center_axis',(0.,1.,0.));
#13863=DIRECTION('ref_axis',(-0.707106781186551,0.,-0.707106781186544));
#13864=DIRECTION('center_axis',(0.,1.,0.));
#13865=DIRECTION('ref_axis',(0.,0.,1.));
#13866=DIRECTION('center_axis',(0.,-1.,0.));
#13867=DIRECTION('ref_axis',(0.707106781186547,0.,-0.707106781186548));
#13868=DIRECTION('',(1.,0.,0.));
#13869=DIRECTION('center_axis',(0.,-1.,0.));
#13870=DIRECTION('ref_axis',(-0.707106781186548,0.,-0.707106781186548));
#13871=DIRECTION('',(0.,0.,-1.));
#13872=DIRECTION('center_axis',(0.,-1.,0.));
#13873=DIRECTION('ref_axis',(-0.707106781186546,0.,0.707106781186549));
#13874=DIRECTION('',(1.,0.,0.));
#13875=DIRECTION('center_axis',(0.,-1.,0.));
#13876=DIRECTION('ref_axis',(0.707106781186546,0.,0.707106781186549));
#13877=DIRECTION('',(0.,0.,-1.));
#13878=DIRECTION('center_axis',(0.,-1.,0.));
#13879=DIRECTION('ref_axis',(0.707106781186547,0.,-0.707106781186548));
#13880=DIRECTION('',(0.,1.,0.));
#13881=DIRECTION('center_axis',(0.,-1.,0.));
#13882=DIRECTION('ref_axis',(0.707106781186547,0.,-0.707106781186548));
#13883=DIRECTION('',(0.,-1.,0.));
#13884=DIRECTION('center_axis',(1.,0.,0.));
#13885=DIRECTION('ref_axis',(0.,0.,-1.));
#13886=DIRECTION('',(0.,0.,1.));
#13887=DIRECTION('',(0.,1.,0.));
#13888=DIRECTION('center_axis',(0.,-1.,0.));
#13889=DIRECTION('ref_axis',(1.,0.,0.));
#13890=DIRECTION('',(1.,0.,0.));
#13891=DIRECTION('center_axis',(0.,-1.,0.));
#13892=DIRECTION('ref_axis',(-0.707106781186548,0.,-0.707106781186548));
#13893=DIRECTION('',(0.,0.,-1.));
#13894=DIRECTION('center_axis',(0.,-1.,0.));
#13895=DIRECTION('ref_axis',(-0.707106781186546,0.,0.707106781186549));
#13896=DIRECTION('',(-1.,0.,0.));
#13897=DIRECTION('center_axis',(0.,-1.,0.));
#13898=DIRECTION('ref_axis',(0.707106781186546,0.,0.707106781186549));
#13899=DIRECTION('',(0.,0.,1.));
#13900=DIRECTION('center_axis',(0.,-1.,0.));
#13901=DIRECTION('ref_axis',(0.707106781186549,0.,0.707106781186546));
#13902=DIRECTION('',(-1.,0.,0.));
#13903=DIRECTION('center_axis',(0.,-1.,0.));
#13904=DIRECTION('ref_axis',(-0.707106781186546,0.,0.707106781186549));
#13905=DIRECTION('',(0.,0.,-1.));
#13906=DIRECTION('center_axis',(0.,-1.,0.));
#13907=DIRECTION('ref_axis',(-0.707106781186548,0.,-0.707106781186548));
#13908=DIRECTION('',(1.,0.,0.));
#13909=DIRECTION('center_axis',(0.,-1.,0.));
#13910=DIRECTION('ref_axis',(0.707106781186548,0.,-0.707106781186548));
#13911=DIRECTION('center_axis',(0.,-1.,0.));
#13912=DIRECTION('ref_axis',(0.707106781186547,0.,-0.707106781186548));
#13913=DIRECTION('center_axis',(0.,1.,0.));
#13914=DIRECTION('ref_axis',(0.707106781186547,0.,-0.707106781186548));
#13915=DIRECTION('',(0.,1.,0.));
#13916=DIRECTION('',(0.,-1.,0.));
#13917=DIRECTION('center_axis',(0.,1.,0.));
#13918=DIRECTION('ref_axis',(-1.,0.,0.));
#13919=DIRECTION('',(0.,0.,-1.));
#13920=DIRECTION('center_axis',(0.,1.,0.));
#13921=DIRECTION('ref_axis',(0.707106781186546,0.,0.707106781186549));
#13922=DIRECTION('',(1.,0.,0.));
#13923=DIRECTION('center_axis',(0.,1.,0.));
#13924=DIRECTION('ref_axis',(-0.707106781186546,0.,0.707106781186549));
#13925=DIRECTION('',(0.,0.,1.));
#13926=DIRECTION('center_axis',(0.,1.,0.));
#13927=DIRECTION('ref_axis',(-0.707106781186548,0.,-0.707106781186548));
#13928=DIRECTION('',(-1.,0.,0.));
#13929=DIRECTION('',(-1.,0.,0.));
#13930=DIRECTION('center_axis',(0.,1.,0.));
#13931=DIRECTION('ref_axis',(-0.707106781186548,0.,-0.707106781186548));
#13932=DIRECTION('',(0.,0.,1.));
#13933=DIRECTION('center_axis',(0.,1.,0.));
#13934=DIRECTION('ref_axis',(-0.707106781186546,0.,0.707106781186549));
#13935=DIRECTION('',(1.,0.,0.));
#13936=DIRECTION('center_axis',(0.,1.,0.));
#13937=DIRECTION('ref_axis',(0.707106781186549,0.,0.707106781186546));
#13938=DIRECTION('',(0.,0.,-1.));
#13939=DIRECTION('center_axis',(0.,1.,0.));
#13940=DIRECTION('ref_axis',(0.707106781186548,0.,-0.707106781186548));
#13941=DIRECTION('center_axis',(1.,0.,0.));
#13942=DIRECTION('ref_axis',(0.,0.,-1.));
#13943=DIRECTION('',(0.,1.,0.));
#13944=DIRECTION('center_axis',(0.,-1.,0.));
#13945=DIRECTION('ref_axis',(0.707106781186548,0.,-0.707106781186548));
#13946=DIRECTION('',(0.,-1.,0.));
#13947=DIRECTION('',(0.,1.,0.));
#13948=DIRECTION('center_axis',(-1.,0.,0.));
#13949=DIRECTION('ref_axis',(0.,0.,1.));
#13950=DIRECTION('',(0.,1.,0.));
#13951=DIRECTION('center_axis',(0.,-1.,0.));
#13952=DIRECTION('ref_axis',(0.707106781186546,0.,0.707106781186549));
#13953=DIRECTION('',(0.,-1.,0.));
#13954=DIRECTION('center_axis',(0.,1.,0.));
#13955=DIRECTION('ref_axis',(0.707106781186549,0.,0.707106781186546));
#13956=DIRECTION('',(0.,-1.,0.));
#13957=DIRECTION('center_axis',(0.,-1.,0.));
#13958=DIRECTION('ref_axis',(0.707106781186546,0.,0.707106781186549));
#13959=DIRECTION('',(0.,-1.,0.));
#13960=DIRECTION('center_axis',(0.,0.,1.));
#13961=DIRECTION('ref_axis',(1.,0.,0.));
#13962=DIRECTION('',(0.,-1.,0.));
#13963=DIRECTION('center_axis',(0.,1.,0.));
#13964=DIRECTION('ref_axis',(-0.707106781186546,0.,0.707106781186549));
#13965=DIRECTION('',(0.,-1.,0.));
#13966=DIRECTION('',(0.,1.,0.));
#13967=DIRECTION('center_axis',(0.,0.,1.));
#13968=DIRECTION('ref_axis',(1.,0.,0.));
#13969=DIRECTION('center_axis',(0.,1.,0.));
#13970=DIRECTION('ref_axis',(-0.707106781186546,0.,0.707106781186549));
#13971=DIRECTION('',(0.,-1.,0.));
#13972=DIRECTION('',(0.,1.,0.));
#13973=DIRECTION('center_axis',(-1.,0.,0.));
#13974=DIRECTION('ref_axis',(0.,0.,1.));
#13975=DIRECTION('',(0.,1.,0.));
#13976=DIRECTION('center_axis',(0.,1.,0.));
#13977=DIRECTION('ref_axis',(-0.707106781186546,0.,0.707106781186549));
#13978=DIRECTION('',(0.,1.,0.));
#13979=DIRECTION('',(0.,-1.,0.));
#13980=DIRECTION('center_axis',(0.,0.,-1.));
#13981=DIRECTION('ref_axis',(-1.,0.,0.));
#13982=DIRECTION('center_axis',(0.,1.,0.));
#13983=DIRECTION('ref_axis',(-0.707106781186548,0.,-0.707106781186548));
#13984=DIRECTION('',(0.,-1.,0.));
#13985=DIRECTION('',(0.,1.,0.));
#13986=DIRECTION('center_axis',(-1.,0.,0.));
#13987=DIRECTION('ref_axis',(0.,0.,1.));
#13988=DIRECTION('center_axis',(0.,1.,0.));
#13989=DIRECTION('ref_axis',(-0.707106781186548,0.,-0.707106781186548));
#13990=DIRECTION('',(0.,-1.,0.));
#13991=DIRECTION('center_axis',(0.,1.,0.));
#13992=DIRECTION('ref_axis',(-0.707106781186548,0.,-0.707106781186548));
#13993=DIRECTION('',(0.,1.,0.));
#13994=DIRECTION('center_axis',(1.,0.,0.));
#13995=DIRECTION('ref_axis',(0.,0.,-1.));
#13996=DIRECTION('center_axis',(0.,0.,1.));
#13997=DIRECTION('ref_axis',(1.,0.,0.));
#13998=DIRECTION('center_axis',(0.,0.,-1.));
#13999=DIRECTION('ref_axis',(-1.,0.,0.));
#14000=DIRECTION('center_axis',(0.,0.,-1.));
#14001=DIRECTION('ref_axis',(-1.,0.,0.));
#14002=DIRECTION('axis',(0.,0.,1.));
#14003=DIRECTION('refdir',(1.,0.,0.));
#14004=DIRECTION('center_axis',(0.,1.,0.));
#14005=DIRECTION('ref_axis',(0.,0.,1.));
#14006=DIRECTION('',(-1.04972719113862E-16,0.515038074910058,-0.85716730070211));
#14007=DIRECTION('center_axis',(0.,-1.,0.));
#14008=DIRECTION('ref_axis',(0.,0.,1.));
#14009=DIRECTION('center_axis',(0.,-1.,0.));
#14010=DIRECTION('ref_axis',(0.,0.,1.));
#14011=DIRECTION('center_axis',(0.,-1.,0.));
#14012=DIRECTION('ref_axis',(0.,0.,1.));
#14013=DIRECTION('',(0.,-1.,0.));
#14014=DIRECTION('center_axis',(0.,1.,0.));
#14015=DIRECTION('ref_axis',(0.,0.,1.));
#14016=DIRECTION('',(-1.04972719113862E-16,0.515038074910058,-0.85716730070211));
#14017=DIRECTION('center_axis',(0.,-1.,0.));
#14018=DIRECTION('ref_axis',(0.,0.,1.));
#14019=DIRECTION('center_axis',(0.,-1.,0.));
#14020=DIRECTION('ref_axis',(0.,0.,1.));
#14021=DIRECTION('center_axis',(0.,-1.,0.));
#14022=DIRECTION('ref_axis',(0.,0.,1.));
#14023=DIRECTION('',(0.,-1.,0.));
#14024=DIRECTION('center_axis',(0.,1.,0.));
#14025=DIRECTION('ref_axis',(0.,0.,1.));
#14026=DIRECTION('',(-1.04972719113862E-16,0.515038074910058,-0.85716730070211));
#14027=DIRECTION('center_axis',(0.,-1.,0.));
#14028=DIRECTION('ref_axis',(0.,0.,1.));
#14029=DIRECTION('center_axis',(0.,-1.,0.));
#14030=DIRECTION('ref_axis',(0.,0.,1.));
#14031=DIRECTION('center_axis',(0.,-1.,0.));
#14032=DIRECTION('ref_axis',(0.,0.,1.));
#14033=DIRECTION('',(0.,-1.,0.));
#14034=DIRECTION('center_axis',(0.,1.,0.));
#14035=DIRECTION('ref_axis',(0.,0.,1.));
#14036=DIRECTION('',(-1.04972719113862E-16,0.515038074910058,-0.85716730070211));
#14037=DIRECTION('center_axis',(0.,-1.,0.));
#14038=DIRECTION('ref_axis',(0.,0.,1.));
#14039=DIRECTION('center_axis',(0.,-1.,0.));
#14040=DIRECTION('ref_axis',(0.,0.,1.));
#14041=DIRECTION('center_axis',(0.,-1.,0.));
#14042=DIRECTION('ref_axis',(0.,0.,1.));
#14043=DIRECTION('',(0.,-1.,0.));
#14044=DIRECTION('center_axis',(0.,1.,0.));
#14045=DIRECTION('ref_axis',(-0.707106781186548,0.,0.707106781186548));
#14046=DIRECTION('center_axis',(0.,-1.,0.));
#14047=DIRECTION('ref_axis',(-0.707106781186548,0.,0.707106781186548));
#14048=DIRECTION('',(0.,1.,0.));
#14049=DIRECTION('center_axis',(0.,1.,0.));
#14050=DIRECTION('ref_axis',(-0.707106781186548,0.,0.707106781186548));
#14051=DIRECTION('',(0.,-1.,0.));
#14052=DIRECTION('center_axis',(1.,0.,0.));
#14053=DIRECTION('ref_axis',(0.,0.,-1.));
#14054=DIRECTION('',(0.,0.,-1.));
#14055=DIRECTION('',(0.,-1.,0.));
#14056=DIRECTION('',(0.,0.,1.));
#14057=DIRECTION('center_axis',(0.,-1.,0.));
#14058=DIRECTION('ref_axis',(-0.707106781186548,0.,-0.707106781186548));
#14059=DIRECTION('center_axis',(0.,1.,0.));
#14060=DIRECTION('ref_axis',(-0.707106781186548,0.,-0.707106781186548));
#14061=DIRECTION('center_axis',(0.,-1.,0.));
#14062=DIRECTION('ref_axis',(-0.707106781186548,0.,-0.707106781186548));
#14063=DIRECTION('',(0.,1.,0.));
#14064=DIRECTION('center_axis',(0.,-1.,0.));
#14065=DIRECTION('ref_axis',(0.707106781186548,0.,-0.707106781186548));
#14066=DIRECTION('center_axis',(0.,1.,0.));
#14067=DIRECTION('ref_axis',(0.707106781186548,0.,-0.707106781186548));
#14068=DIRECTION('',(0.,-1.,0.));
#14069=DIRECTION('center_axis',(0.,-1.,0.));
#14070=DIRECTION('ref_axis',(0.707106781186548,0.,-0.707106781186548));
#14071=DIRECTION('',(0.,1.,0.));
#14072=DIRECTION('center_axis',(0.,0.,1.));
#14073=DIRECTION('ref_axis',(1.,0.,0.));
#14074=DIRECTION('',(1.,0.,0.));
#14075=DIRECTION('',(-1.,0.,0.));
#14076=DIRECTION('center_axis',(0.,-1.,0.));
#14077=DIRECTION('ref_axis',(0.707106781186548,0.,0.707106781186548));
#14078=DIRECTION('center_axis',(0.,1.,0.));
#14079=DIRECTION('ref_axis',(0.707106781186548,0.,0.707106781186548));
#14080=DIRECTION('',(0.,-1.,0.));
#14081=DIRECTION('center_axis',(0.,-1.,0.));
#14082=DIRECTION('ref_axis',(0.707106781186548,0.,0.707106781186548));
#14083=DIRECTION('',(0.,1.,0.));
#14084=DIRECTION('center_axis',(-1.,0.,0.));
#14085=DIRECTION('ref_axis',(0.,0.,1.));
#14086=DIRECTION('',(0.,0.,1.));
#14087=DIRECTION('',(0.,0.,-1.));
#14088=DIRECTION('center_axis',(0.,0.,-1.));
#14089=DIRECTION('ref_axis',(-1.,0.,0.));
#14090=DIRECTION('',(1.,0.,0.));
#14091=DIRECTION('',(-1.,0.,0.));
#14092=DIRECTION('center_axis',(0.,-1.,0.));
#14093=DIRECTION('ref_axis',(-0.707106781186548,0.,-0.707106781186548));
#14094=DIRECTION('center_axis',(0.,1.,0.));
#14095=DIRECTION('ref_axis',(-0.707106781186548,0.,-0.707106781186548));
#14096=DIRECTION('',(0.,1.,0.));
#14097=DIRECTION('center_axis',(0.,-1.,0.));
#14098=DIRECTION('ref_axis',(-0.707106781186548,0.,-0.707106781186548));
#14099=DIRECTION('',(0.,-1.,0.));
#14100=DIRECTION('center_axis',(0.,1.,0.));
#14101=DIRECTION('ref_axis',(1.,0.,0.));
#14102=DIRECTION('',(1.,0.,0.));
#14103=DIRECTION('center_axis',(0.,1.,0.));
#14104=DIRECTION('ref_axis',(0.707106781186548,0.,-0.707106781186548));
#14105=DIRECTION('',(0.,0.,1.));
#14106=DIRECTION('center_axis',(0.,1.,0.));
#14107=DIRECTION('ref_axis',(0.707106781186548,0.,0.707106781186548));
#14108=DIRECTION('',(1.,0.,0.));
#14109=DIRECTION('center_axis',(0.,1.,0.));
#14110=DIRECTION('ref_axis',(-0.707106781186548,0.,0.707106781186548));
#14111=DIRECTION('',(0.,0.,1.));
#14112=DIRECTION('center_axis',(0.,0.,1.));
#14113=DIRECTION('ref_axis',(1.,0.,0.));
#14114=DIRECTION('',(1.,0.,0.));
#14115=DIRECTION('',(0.,1.,0.));
#14116=DIRECTION('center_axis',(0.,-1.,0.));
#14117=DIRECTION('ref_axis',(-0.707106781186548,0.,-0.707106781186548));
#14118=DIRECTION('center_axis',(0.,1.,0.));
#14119=DIRECTION('ref_axis',(-0.707106781186548,0.,-0.707106781186548));
#14120=DIRECTION('',(0.,1.,0.));
#14121=DIRECTION('center_axis',(0.,-1.,0.));
#14122=DIRECTION('ref_axis',(-0.707106781186548,0.,-0.707106781186548));
#14123=DIRECTION('',(0.,-1.,0.));
#14124=DIRECTION('center_axis',(0.,1.,0.));
#14125=DIRECTION('ref_axis',(0.,0.,1.));
#14126=DIRECTION('',(1.,0.,0.));
#14127=DIRECTION('center_axis',(0.,1.,0.));
#14128=DIRECTION('ref_axis',(0.707106781186548,0.,-0.707106781186548));
#14129=DIRECTION('',(0.,0.,1.));
#14130=DIRECTION('center_axis',(0.,1.,0.));
#14131=DIRECTION('ref_axis',(0.707106781186548,0.,0.707106781186548));
#14132=DIRECTION('',(-1.,0.,0.));
#14133=DIRECTION('center_axis',(0.,1.,0.));
#14134=DIRECTION('ref_axis',(-0.707106781186548,0.,0.707106781186548));
#14135=DIRECTION('',(0.,0.,1.));
#14136=DIRECTION('',(0.,0.,-1.));
#14137=DIRECTION('center_axis',(0.,1.,0.));
#14138=DIRECTION('ref_axis',(0.707106781186548,0.,-0.707106781186548));
#14139=DIRECTION('',(-1.,0.,0.));
#14140=DIRECTION('center_axis',(0.,1.,0.));
#14141=DIRECTION('ref_axis',(-0.707106781186548,0.,-0.707106781186548));
#14142=DIRECTION('',(0.,0.,1.));
#14143=DIRECTION('center_axis',(0.,1.,0.));
#14144=DIRECTION('ref_axis',(-0.707106781186548,0.,0.707106781186548));
#14145=DIRECTION('',(1.,0.,0.));
#14146=DIRECTION('center_axis',(0.,1.,0.));
#14147=DIRECTION('ref_axis',(0.707106781186548,0.,0.707106781186548));
#14148=DIRECTION('center_axis',(0.,0.,1.));
#14149=DIRECTION('ref_axis',(1.,0.,0.));
#14150=DIRECTION('',(1.,0.,0.));
#14151=DIRECTION('',(0.,1.,0.));
#14152=DIRECTION('center_axis',(0.,1.,0.));
#14153=DIRECTION('ref_axis',(-0.707106781186548,0.,-0.707106781186548));
#14154=DIRECTION('center_axis',(0.,-1.,0.));
#14155=DIRECTION('ref_axis',(-0.707106781186548,0.,-0.707106781186548));
#14156=DIRECTION('',(0.,1.,0.));
#14157=DIRECTION('',(0.,-1.,0.));
#14158=DIRECTION('center_axis',(1.,0.,0.));
#14159=DIRECTION('ref_axis',(0.,0.,-1.));
#14160=DIRECTION('',(0.,0.,-1.));
#14161=DIRECTION('',(0.,-1.,0.));
#14162=DIRECTION('center_axis',(0.,-1.,0.));
#14163=DIRECTION('ref_axis',(0.707106781186548,0.,-0.707106781186548));
#14164=DIRECTION('center_axis',(0.,-1.,0.));
#14165=DIRECTION('ref_axis',(0.707106781186548,0.,-0.707106781186548));
#14166=DIRECTION('',(0.,-1.,0.));
#14167=DIRECTION('center_axis',(0.,-1.,0.));
#14168=DIRECTION('ref_axis',(0.707106781186548,0.,-0.707106781186548));
#14169=DIRECTION('center_axis',(0.,-1.,0.));
#14170=DIRECTION('ref_axis',(0.707106781186548,0.,-0.707106781186548));
#14171=DIRECTION('',(0.,-1.,0.));
#14172=DIRECTION('center_axis',(0.,-1.,0.));
#14173=DIRECTION('ref_axis',(0.707106781186548,0.,-0.707106781186548));
#14174=DIRECTION('',(0.,-1.,0.));
#14175=DIRECTION('center_axis',(0.,-1.,0.));
#14176=DIRECTION('ref_axis',(0.707106781186548,0.,-0.707106781186548));
#14177=DIRECTION('',(0.,1.,0.));
#14178=DIRECTION('center_axis',(-1.,0.,0.));
#14179=DIRECTION('ref_axis',(0.,0.,1.));
#14180=DIRECTION('',(0.,1.,0.));
#14181=DIRECTION('',(0.,0.,1.));
#14182=DIRECTION('center_axis',(0.,1.,0.));
#14183=DIRECTION('ref_axis',(0.707106781186548,0.,0.707106781186548));
#14184=DIRECTION('center_axis',(0.,-1.,0.));
#14185=DIRECTION('ref_axis',(0.707106781186548,0.,0.707106781186548));
#14186=DIRECTION('',(0.,-1.,0.));
#14187=DIRECTION('',(0.,1.,0.));
#14188=DIRECTION('center_axis',(0.,0.,1.));
#14189=DIRECTION('ref_axis',(1.,0.,0.));
#14190=DIRECTION('',(-1.,0.,0.));
#14191=DIRECTION('',(0.,1.,0.));
#14192=DIRECTION('center_axis',(0.,1.,0.));
#14193=DIRECTION('ref_axis',(0.707106781186548,0.,0.707106781186548));
#14194=DIRECTION('center_axis',(0.,-1.,0.));
#14195=DIRECTION('ref_axis',(0.707106781186548,0.,0.707106781186548));
#14196=DIRECTION('',(0.,-1.,0.));
#14197=DIRECTION('',(0.,1.,0.));
#14198=DIRECTION('center_axis',(0.,0.,-1.));
#14199=DIRECTION('ref_axis',(-1.,0.,0.));
#14200=DIRECTION('',(1.,0.,0.));
#14201=DIRECTION('',(0.,1.,0.));
#14202=DIRECTION('center_axis',(0.,-1.,0.));
#14203=DIRECTION('ref_axis',(0.707106781186548,0.,0.707106781186548));
#14204=DIRECTION('',(0.,-1.,0.));
#14205=DIRECTION('center_axis',(0.,-1.,0.));
#14206=DIRECTION('ref_axis',(0.707106781186548,0.,0.707106781186548));
#14207=DIRECTION('center_axis',(0.,0.,-1.));
#14208=DIRECTION('ref_axis',(-1.,0.,0.));
#14209=DIRECTION('',(0.,1.,0.));
#14210=DIRECTION('',(-1.,0.,0.));
#14211=DIRECTION('center_axis',(0.,-1.,0.));
#14212=DIRECTION('ref_axis',(-0.707106781186548,0.,0.707106781186548));
#14213=DIRECTION('center_axis',(0.,-1.,0.));
#14214=DIRECTION('ref_axis',(-0.707106781186548,0.,0.707106781186548));
#14215=DIRECTION('',(0.,-1.,0.));
#14216=DIRECTION('center_axis',(0.,1.,0.));
#14217=DIRECTION('ref_axis',(-0.707106781186548,0.,0.707106781186548));
#14218=DIRECTION('center_axis',(0.,-1.,0.));
#14219=DIRECTION('ref_axis',(-0.707106781186548,0.,0.707106781186548));
#14220=DIRECTION('',(0.,-1.,0.));
#14221=DIRECTION('center_axis',(0.,1.,0.));
#14222=DIRECTION('ref_axis',(-0.707106781186548,0.,0.707106781186548));
#14223=DIRECTION('center_axis',(0.,-1.,0.));
#14224=DIRECTION('ref_axis',(-0.707106781186548,0.,0.707106781186548));
#14225=DIRECTION('center_axis',(-1.,0.,0.));
#14226=DIRECTION('ref_axis',(0.,0.,1.));
#14227=DIRECTION('',(0.,0.,-1.));
#14228=DIRECTION('center_axis',(-1.,0.,0.));
#14229=DIRECTION('ref_axis',(0.,0.,1.));
#14230=DIRECTION('',(0.,0.,-1.));
#14231=DIRECTION('center_axis',(-1.,0.,0.));
#14232=DIRECTION('ref_axis',(0.,0.,1.));
#14233=DIRECTION('',(0.,0.,1.));
#14234=DIRECTION('center_axis',(-1.,0.,0.));
#14235=DIRECTION('ref_axis',(0.,0.,1.));
#14236=DIRECTION('',(0.,0.,-1.));
#14237=DIRECTION('center_axis',(0.,-1.,0.));
#14238=DIRECTION('ref_axis',(0.,0.,-1.));
#14239=DIRECTION('',(1.,0.,0.));
#14240=DIRECTION('center_axis',(0.,1.,0.));
#14241=DIRECTION('ref_axis',(0.,0.,1.));
#14242=DIRECTION('center_axis',(0.,0.,1.));
#14243=DIRECTION('ref_axis',(1.,0.,0.));
#14244=DIRECTION('axis',(0.,0.,1.));
#14245=DIRECTION('refdir',(1.,0.,0.));
#14246=DIRECTION('center_axis',(-1.,0.,0.));
#14247=DIRECTION('ref_axis',(0.,1.,0.));
#14248=DIRECTION('center_axis',(-1.,0.,0.));
#14249=DIRECTION('ref_axis',(0.,1.,0.));
#14250=DIRECTION('',(-1.,0.,0.));
#14251=DIRECTION('center_axis',(1.,0.,0.));
#14252=DIRECTION('ref_axis',(0.,1.,0.));
#14253=DIRECTION('center_axis',(0.,-1.,0.));
#14254=DIRECTION('ref_axis',(0.,0.,1.));
#14255=DIRECTION('center_axis',(0.,-1.,0.));
#14256=DIRECTION('ref_axis',(0.,0.,1.));
#14257=DIRECTION('',(0.,-1.,0.));
#14258=DIRECTION('center_axis',(0.,1.,0.));
#14259=DIRECTION('ref_axis',(0.,0.,1.));
#14260=DIRECTION('center_axis',(0.,0.,1.));
#14261=DIRECTION('ref_axis',(1.,0.,0.));
#14262=DIRECTION('',(1.,0.,0.));
#14263=DIRECTION('',(0.,-1.,0.));
#14264=DIRECTION('',(-1.,0.,0.));
#14265=DIRECTION('',(0.,1.,0.));
#14266=DIRECTION('center_axis',(0.,0.,-1.));
#14267=DIRECTION('ref_axis',(-1.,0.,0.));
#14268=DIRECTION('',(0.,-1.,0.));
#14269=DIRECTION('',(1.,0.,0.));
#14270=DIRECTION('',(0.,1.,0.));
#14271=DIRECTION('',(-1.,0.,0.));
#14272=DIRECTION('center_axis',(0.,1.,0.));
#14273=DIRECTION('ref_axis',(1.,0.,0.));
#14274=DIRECTION('',(0.,0.,1.));
#14275=DIRECTION('',(0.,0.,1.));
#14276=DIRECTION('',(1.,0.,0.));
#14277=DIRECTION('',(0.,0.,-1.));
#14278=DIRECTION('',(-1.,0.,0.));
#14279=DIRECTION('',(0.,0.,-1.));
#14280=DIRECTION('center_axis',(0.,0.,1.));
#14281=DIRECTION('ref_axis',(-1.,0.,0.));
#14282=DIRECTION('',(1.,0.,0.));
#14283=DIRECTION('',(0.,-1.,0.));
#14284=DIRECTION('',(0.,-1.,0.));
#14285=DIRECTION('center_axis',(0.,1.,0.));
#14286=DIRECTION('ref_axis',(0.,0.,1.));
#14287=DIRECTION('',(0.,0.,-1.));
#14288=DIRECTION('',(1.,0.,0.));
#14289=DIRECTION('',(0.,0.,1.));
#14290=DIRECTION('center_axis',(0.,0.,1.));
#14291=DIRECTION('ref_axis',(1.,0.,0.));
#14292=DIRECTION('',(0.,-1.,0.));
#14293=DIRECTION('',(0.,1.,0.));
#14294=DIRECTION('',(-1.,0.,0.));
#14295=DIRECTION('',(0.,1.,0.));
#14296=DIRECTION('',(-1.,0.,0.));
#14297=DIRECTION('',(0.,-1.,0.));
#14298=DIRECTION('center_axis',(-1.,0.,0.));
#14299=DIRECTION('ref_axis',(0.,0.,1.));
#14300=DIRECTION('',(0.,0.,-1.));
#14301=DIRECTION('',(0.,0.,1.));
#14302=DIRECTION('center_axis',(0.,-1.,0.));
#14303=DIRECTION('ref_axis',(0.,0.,-1.));
#14304=DIRECTION('',(0.,0.,1.));
#14305=DIRECTION('center_axis',(1.,0.,0.));
#14306=DIRECTION('ref_axis',(0.,0.,-1.));
#14307=DIRECTION('center_axis',(1.,0.,0.));
#14308=DIRECTION('ref_axis',(0.,0.,-1.));
#14309=DIRECTION('center_axis',(-1.,0.,0.));
#14310=DIRECTION('ref_axis',(0.,0.,1.));
#14311=DIRECTION('',(0.,0.,1.));
#14312=DIRECTION('center_axis',(0.,1.,0.));
#14313=DIRECTION('ref_axis',(0.,0.,1.));
#14314=DIRECTION('axis',(0.,0.,1.));
#14315=DIRECTION('refdir',(1.,0.,0.));
#14316=DIRECTION('center_axis',(-1.,0.,0.));
#14317=DIRECTION('ref_axis',(0.,1.,0.));
#14318=DIRECTION('center_axis',(-1.,0.,0.));
#14319=DIRECTION('ref_axis',(0.,1.,0.));
#14320=DIRECTION('',(-1.,0.,0.));
#14321=DIRECTION('center_axis',(1.,0.,0.));
#14322=DIRECTION('ref_axis',(0.,1.,0.));
#14323=DIRECTION('center_axis',(0.,0.,-1.));
#14324=DIRECTION('ref_axis',(1.,0.,0.));
#14325=DIRECTION('',(-1.,0.,0.));
#14326=DIRECTION('',(0.,1.,0.));
#14327=DIRECTION('',(1.,0.,0.));
#14328=DIRECTION('',(0.,-1.,0.));
#14329=DIRECTION('center_axis',(0.,0.,-1.));
#14330=DIRECTION('ref_axis',(1.,0.,0.));
#14331=DIRECTION('',(-1.,0.,0.));
#14332=DIRECTION('',(0.,-1.,0.));
#14333=DIRECTION('',(1.,0.,0.));
#14334=DIRECTION('',(0.,-1.,0.));
#14335=DIRECTION('center_axis',(0.,1.,0.));
#14336=DIRECTION('ref_axis',(1.,0.,0.));
#14337=DIRECTION('',(0.,0.,1.));
#14338=DIRECTION('',(-1.,0.,0.));
#14339=DIRECTION('',(0.,0.,-1.));
#14340=DIRECTION('',(0.,0.,-1.));
#14341=DIRECTION('',(1.,0.,0.));
#14342=DIRECTION('',(0.,0.,1.));
#14343=DIRECTION('center_axis',(0.,1.,0.));
#14344=DIRECTION('ref_axis',(0.,0.,1.));
#14345=DIRECTION('center_axis',(0.,-1.,0.));
#14346=DIRECTION('ref_axis',(0.,0.,-1.));
#14347=DIRECTION('',(0.,0.,1.));
#14348=DIRECTION('',(1.,0.,0.));
#14349=DIRECTION('',(0.,0.,1.));
#14350=DIRECTION('center_axis',(0.,-1.,0.));
#14351=DIRECTION('ref_axis',(0.,0.,1.));
#14352=DIRECTION('center_axis',(0.,0.,1.));
#14353=DIRECTION('ref_axis',(1.,0.,0.));
#14354=DIRECTION('',(0.,1.,0.));
#14355=DIRECTION('',(-1.,0.,0.));
#14356=DIRECTION('',(0.,-1.,0.));
#14357=DIRECTION('center_axis',(1.,0.,0.));
#14358=DIRECTION('ref_axis',(0.,0.,-1.));
#14359=DIRECTION('',(0.,0.,-1.));
#14360=DIRECTION('',(0.,1.,0.));
#14361=DIRECTION('center_axis',(0.,1.,0.));
#14362=DIRECTION('ref_axis',(0.,0.,1.));
#14363=DIRECTION('',(0.,0.,1.));
#14364=DIRECTION('',(-1.,0.,0.));
#14365=DIRECTION('center_axis',(0.,0.,-1.));
#14366=DIRECTION('ref_axis',(-1.,0.,0.));
#14367=DIRECTION('',(0.,1.,0.));
#14368=DIRECTION('',(-1.,0.,0.));
#14369=DIRECTION('',(0.,-1.,0.));
#14370=DIRECTION('',(0.,1.,0.));
#14371=DIRECTION('center_axis',(-1.,0.,0.));
#14372=DIRECTION('ref_axis',(0.,0.,1.));
#14373=DIRECTION('',(0.,0.,-1.));
#14374=DIRECTION('center_axis',(0.,-1.,0.));
#14375=DIRECTION('ref_axis',(0.,0.,1.));
#14376=DIRECTION('',(0.,-1.,0.));
#14377=DIRECTION('center_axis',(1.,0.,0.));
#14378=DIRECTION('ref_axis',(0.,0.,-1.));
#14379=DIRECTION('center_axis',(-1.,0.,0.));
#14380=DIRECTION('ref_axis',(0.,0.,1.));
#14381=DIRECTION('',(0.,0.,1.));
#14382=DIRECTION('center_axis',(0.,1.,0.));
#14383=DIRECTION('ref_axis',(0.,0.,1.));
#14384=DIRECTION('axis',(0.,0.,1.));
#14385=DIRECTION('refdir',(1.,0.,0.));
#14386=DIRECTION('center_axis',(0.,0.,-1.));
#14387=DIRECTION('ref_axis',(-1.,0.,0.));
#14388=DIRECTION('',(0.,1.,0.));
#14389=DIRECTION('',(-1.,0.,0.));
#14390=DIRECTION('',(0.,-1.,0.));
#14391=DIRECTION('',(1.,0.,0.));
#14392=DIRECTION('',(0.,-1.,0.));
#14393=DIRECTION('',(1.,0.,0.));
#14394=DIRECTION('',(0.,1.,0.));
#14395=DIRECTION('',(1.,0.,0.));
#14396=DIRECTION('',(0.,-1.,0.));
#14397=DIRECTION('',(1.,0.,0.));
#14398=DIRECTION('',(0.,1.,0.));
#14399=DIRECTION('',(1.,0.,0.));
#14400=DIRECTION('',(0.,-1.,0.));
#14401=DIRECTION('',(1.,0.,0.));
#14402=DIRECTION('',(0.,1.,0.));
#14403=DIRECTION('',(1.,0.,0.));
#14404=DIRECTION('',(0.,-1.,0.));
#14405=DIRECTION('',(1.,0.,0.));
#14406=DIRECTION('',(0.,1.,0.));
#14407=DIRECTION('',(1.,0.,0.));
#14408=DIRECTION('',(0.,-1.,0.));
#14409=DIRECTION('',(1.,0.,0.));
#14410=DIRECTION('',(0.,1.,0.));
#14411=DIRECTION('',(1.,0.,0.));
#14412=DIRECTION('',(0.,-1.,0.));
#14413=DIRECTION('',(1.,0.,0.));
#14414=DIRECTION('',(0.,1.,0.));
#14415=DIRECTION('',(1.,0.,0.));
#14416=DIRECTION('',(0.,-1.,0.));
#14417=DIRECTION('',(1.,0.,0.));
#14418=DIRECTION('',(0.,1.,0.));
#14419=DIRECTION('',(1.,0.,0.));
#14420=DIRECTION('',(0.,-1.,0.));
#14421=DIRECTION('',(1.,0.,0.));
#14422=DIRECTION('',(0.,1.,0.));
#14423=DIRECTION('',(1.,0.,0.));
#14424=DIRECTION('',(0.,-1.,0.));
#14425=DIRECTION('',(1.,0.,0.));
#14426=DIRECTION('',(0.,1.,0.));
#14427=DIRECTION('',(1.,0.,0.));
#14428=DIRECTION('',(0.,-1.,0.));
#14429=DIRECTION('',(1.,0.,0.));
#14430=DIRECTION('',(0.,1.,0.));
#14431=DIRECTION('',(1.,0.,0.));
#14432=DIRECTION('',(0.,-1.,0.));
#14433=DIRECTION('',(1.,0.,0.));
#14434=DIRECTION('',(0.,1.,0.));
#14435=DIRECTION('',(1.,0.,0.));
#14436=DIRECTION('',(0.,-1.,0.));
#14437=DIRECTION('',(1.,0.,0.));
#14438=DIRECTION('',(0.,1.,0.));
#14439=DIRECTION('',(1.,0.,0.));
#14440=DIRECTION('',(0.,-1.,0.));
#14441=DIRECTION('',(1.,0.,0.));
#14442=DIRECTION('',(0.,1.,0.));
#14443=DIRECTION('',(1.,0.,0.));
#14444=DIRECTION('',(0.,-1.,0.));
#14445=DIRECTION('',(1.,0.,0.));
#14446=DIRECTION('',(0.,1.,0.));
#14447=DIRECTION('',(1.,0.,0.));
#14448=DIRECTION('',(0.,-1.,0.));
#14449=DIRECTION('',(1.,0.,0.));
#14450=DIRECTION('',(0.,1.,0.));
#14451=DIRECTION('',(1.,0.,0.));
#14452=DIRECTION('center_axis',(0.,1.,0.));
#14453=DIRECTION('ref_axis',(0.,0.,1.));
#14454=DIRECTION('',(0.,0.,-1.));
#14455=DIRECTION('',(-1.,0.,0.));
#14456=DIRECTION('',(0.,0.,1.));
#14457=DIRECTION('center_axis',(-1.,0.,0.));
#14458=DIRECTION('ref_axis',(0.,0.,1.));
#14459=DIRECTION('',(0.,0.,1.));
#14460=DIRECTION('',(0.,1.,0.));
#14461=DIRECTION('center_axis',(0.,1.,0.));
#14462=DIRECTION('ref_axis',(0.,0.,1.));
#14463=DIRECTION('',(0.,0.,-1.));
#14464=DIRECTION('',(-1.,0.,0.));
#14465=DIRECTION('center_axis',(1.,0.,0.));
#14466=DIRECTION('ref_axis',(0.,0.,-1.));
#14467=DIRECTION('',(0.,0.,1.));
#14468=DIRECTION('',(0.,1.,0.));
#14469=DIRECTION('center_axis',(0.,1.,0.));
#14470=DIRECTION('ref_axis',(0.,0.,1.));
#14471=DIRECTION('',(0.,0.,-1.));
#14472=DIRECTION('',(-1.,0.,0.));
#14473=DIRECTION('center_axis',(-1.,0.,0.));
#14474=DIRECTION('ref_axis',(0.,0.,1.));
#14475=DIRECTION('',(0.,0.,1.));
#14476=DIRECTION('',(0.,1.,0.));
#14477=DIRECTION('center_axis',(0.,1.,0.));
#14478=DIRECTION('ref_axis',(0.,0.,1.));
#14479=DIRECTION('',(0.,0.,-1.));
#14480=DIRECTION('',(-1.,0.,0.));
#14481=DIRECTION('center_axis',(1.,0.,0.));
#14482=DIRECTION('ref_axis',(0.,0.,-1.));
#14483=DIRECTION('',(0.,0.,1.));
#14484=DIRECTION('',(0.,1.,0.));
#14485=DIRECTION('center_axis',(0.,1.,0.));
#14486=DIRECTION('ref_axis',(0.,0.,1.));
#14487=DIRECTION('',(0.,0.,-1.));
#14488=DIRECTION('',(-1.,0.,0.));
#14489=DIRECTION('center_axis',(-1.,0.,0.));
#14490=DIRECTION('ref_axis',(0.,0.,1.));
#14491=DIRECTION('',(0.,0.,1.));
#14492=DIRECTION('',(0.,1.,0.));
#14493=DIRECTION('center_axis',(0.,1.,0.));
#14494=DIRECTION('ref_axis',(0.,0.,1.));
#14495=DIRECTION('',(0.,0.,-1.));
#14496=DIRECTION('',(-1.,0.,0.));
#14497=DIRECTION('center_axis',(1.,0.,0.));
#14498=DIRECTION('ref_axis',(0.,0.,-1.));
#14499=DIRECTION('',(0.,0.,1.));
#14500=DIRECTION('',(0.,1.,0.));
#14501=DIRECTION('center_axis',(0.,1.,0.));
#14502=DIRECTION('ref_axis',(0.,0.,1.));
#14503=DIRECTION('',(0.,0.,-1.));
#14504=DIRECTION('',(-1.,0.,0.));
#14505=DIRECTION('center_axis',(-1.,0.,0.));
#14506=DIRECTION('ref_axis',(0.,0.,1.));
#14507=DIRECTION('',(0.,0.,1.));
#14508=DIRECTION('',(0.,1.,0.));
#14509=DIRECTION('center_axis',(0.,1.,0.));
#14510=DIRECTION('ref_axis',(0.,0.,1.));
#14511=DIRECTION('',(0.,0.,-1.));
#14512=DIRECTION('',(-1.,0.,0.));
#14513=DIRECTION('center_axis',(1.,0.,0.));
#14514=DIRECTION('ref_axis',(0.,0.,-1.));
#14515=DIRECTION('',(0.,0.,1.));
#14516=DIRECTION('',(0.,1.,0.));
#14517=DIRECTION('center_axis',(0.,1.,0.));
#14518=DIRECTION('ref_axis',(0.,0.,1.));
#14519=DIRECTION('',(0.,0.,-1.));
#14520=DIRECTION('',(-1.,0.,0.));
#14521=DIRECTION('center_axis',(-1.,0.,0.));
#14522=DIRECTION('ref_axis',(0.,0.,1.));
#14523=DIRECTION('',(0.,0.,1.));
#14524=DIRECTION('',(0.,1.,0.));
#14525=DIRECTION('center_axis',(0.,1.,0.));
#14526=DIRECTION('ref_axis',(0.,0.,1.));
#14527=DIRECTION('',(0.,0.,-1.));
#14528=DIRECTION('',(-1.,0.,0.));
#14529=DIRECTION('center_axis',(1.,0.,0.));
#14530=DIRECTION('ref_axis',(0.,0.,-1.));
#14531=DIRECTION('',(0.,0.,1.));
#14532=DIRECTION('',(0.,1.,0.));
#14533=DIRECTION('center_axis',(0.,1.,0.));
#14534=DIRECTION('ref_axis',(0.,0.,1.));
#14535=DIRECTION('',(0.,0.,-1.));
#14536=DIRECTION('',(-1.,0.,0.));
#14537=DIRECTION('center_axis',(-1.,0.,0.));
#14538=DIRECTION('ref_axis',(0.,0.,1.));
#14539=DIRECTION('',(0.,0.,1.));
#14540=DIRECTION('',(0.,1.,0.));
#14541=DIRECTION('center_axis',(0.,1.,0.));
#14542=DIRECTION('ref_axis',(0.,0.,1.));
#14543=DIRECTION('',(0.,0.,-1.));
#14544=DIRECTION('',(-1.,0.,0.));
#14545=DIRECTION('center_axis',(1.,0.,0.));
#14546=DIRECTION('ref_axis',(0.,0.,-1.));
#14547=DIRECTION('',(0.,0.,1.));
#14548=DIRECTION('',(0.,1.,0.));
#14549=DIRECTION('center_axis',(0.,1.,0.));
#14550=DIRECTION('ref_axis',(0.,0.,1.));
#14551=DIRECTION('',(0.,0.,-1.));
#14552=DIRECTION('',(-1.,0.,0.));
#14553=DIRECTION('center_axis',(-1.,0.,0.));
#14554=DIRECTION('ref_axis',(0.,0.,1.));
#14555=DIRECTION('',(0.,0.,1.));
#14556=DIRECTION('',(0.,1.,0.));
#14557=DIRECTION('center_axis',(0.,1.,0.));
#14558=DIRECTION('ref_axis',(0.,0.,1.));
#14559=DIRECTION('',(0.,0.,-1.));
#14560=DIRECTION('',(-1.,0.,0.));
#14561=DIRECTION('center_axis',(1.,0.,0.));
#14562=DIRECTION('ref_axis',(0.,0.,-1.));
#14563=DIRECTION('',(0.,0.,1.));
#14564=DIRECTION('',(0.,1.,0.));
#14565=DIRECTION('center_axis',(0.,1.,0.));
#14566=DIRECTION('ref_axis',(0.,0.,1.));
#14567=DIRECTION('',(0.,0.,-1.));
#14568=DIRECTION('',(-1.,0.,0.));
#14569=DIRECTION('center_axis',(0.,1.,0.));
#14570=DIRECTION('ref_axis',(0.,0.,1.));
#14571=DIRECTION('center_axis',(-1.,0.,0.));
#14572=DIRECTION('ref_axis',(0.,0.,1.));
#14573=DIRECTION('',(0.,0.,1.));
#14574=DIRECTION('',(0.,-1.,0.));
#14575=DIRECTION('center_axis',(0.,1.,0.));
#14576=DIRECTION('ref_axis',(1.,0.,0.));
#14577=DIRECTION('',(0.,0.,-1.));
#14578=DIRECTION('',(1.,0.,0.));
#14579=DIRECTION('center_axis',(0.,1.,0.));
#14580=DIRECTION('ref_axis',(0.,0.,1.));
#14581=DIRECTION('center_axis',(0.,1.,0.));
#14582=DIRECTION('ref_axis',(0.,0.,1.));
#14583=DIRECTION('center_axis',(1.,0.,0.));
#14584=DIRECTION('ref_axis',(0.,0.,-1.));
#14585=DIRECTION('',(0.,0.,1.));
#14586=DIRECTION('',(0.,1.,0.));
#14587=DIRECTION('center_axis',(0.,1.,0.));
#14588=DIRECTION('ref_axis',(0.,0.,1.));
#14589=DIRECTION('',(0.,0.,-1.));
#14590=DIRECTION('',(-1.,0.,0.));
#14591=DIRECTION('',(0.,0.,1.));
#14592=DIRECTION('center_axis',(0.,1.,0.));
#14593=DIRECTION('ref_axis',(0.,0.,1.));
#14594=DIRECTION('',(0.,0.,-1.));
#14595=DIRECTION('',(-1.,0.,0.));
#14596=DIRECTION('',(0.,0.,1.));
#14597=DIRECTION('center_axis',(0.,1.,0.));
#14598=DIRECTION('ref_axis',(0.,0.,1.));
#14599=DIRECTION('',(0.,0.,-1.));
#14600=DIRECTION('',(-1.,0.,0.));
#14601=DIRECTION('',(0.,0.,1.));
#14602=DIRECTION('center_axis',(0.,1.,0.));
#14603=DIRECTION('ref_axis',(0.,0.,1.));
#14604=DIRECTION('',(0.,0.,-1.));
#14605=DIRECTION('',(-1.,0.,0.));
#14606=DIRECTION('',(0.,0.,1.));
#14607=DIRECTION('center_axis',(0.,1.,0.));
#14608=DIRECTION('ref_axis',(0.,0.,1.));
#14609=DIRECTION('',(0.,0.,-1.));
#14610=DIRECTION('',(-1.,0.,0.));
#14611=DIRECTION('',(0.,0.,1.));
#14612=DIRECTION('center_axis',(0.,1.,0.));
#14613=DIRECTION('ref_axis',(0.,0.,1.));
#14614=DIRECTION('',(0.,0.,-1.));
#14615=DIRECTION('',(-1.,0.,0.));
#14616=DIRECTION('',(0.,0.,1.));
#14617=DIRECTION('center_axis',(0.,1.,0.));
#14618=DIRECTION('ref_axis',(0.,0.,1.));
#14619=DIRECTION('',(0.,0.,-1.));
#14620=DIRECTION('',(-1.,0.,0.));
#14621=DIRECTION('',(0.,0.,1.));
#14622=DIRECTION('center_axis',(0.,1.,0.));
#14623=DIRECTION('ref_axis',(0.,0.,1.));
#14624=DIRECTION('',(0.,0.,-1.));
#14625=DIRECTION('',(-1.,0.,0.));
#14626=DIRECTION('',(0.,0.,1.));
#14627=DIRECTION('center_axis',(-1.,0.,0.));
#14628=DIRECTION('ref_axis',(0.,0.,1.));
#14629=DIRECTION('',(0.,1.,0.));
#14630=DIRECTION('',(0.,0.,-1.));
#14631=DIRECTION('center_axis',(1.,0.,0.));
#14632=DIRECTION('ref_axis',(0.,0.,-1.));
#14633=DIRECTION('',(0.,0.,1.));
#14634=DIRECTION('',(0.,1.,0.));
#14635=DIRECTION('center_axis',(0.,1.,0.));
#14636=DIRECTION('ref_axis',(0.,0.,1.));
#14637=DIRECTION('',(-1.,0.,0.));
#14638=DIRECTION('',(0.,0.,1.));
#14639=DIRECTION('center_axis',(0.,1.,0.));
#14640=DIRECTION('ref_axis',(0.,0.,1.));
#14641=DIRECTION('',(0.,0.,-1.));
#14642=DIRECTION('',(-1.,0.,0.));
#14643=DIRECTION('center_axis',(-1.,0.,0.));
#14644=DIRECTION('ref_axis',(0.,0.,1.));
#14645=DIRECTION('',(0.,1.,0.));
#14646=DIRECTION('',(0.,0.,-1.));
#14647=DIRECTION('center_axis',(1.,0.,0.));
#14648=DIRECTION('ref_axis',(0.,0.,-1.));
#14649=DIRECTION('',(0.,0.,1.));
#14650=DIRECTION('',(0.,1.,0.));
#14651=DIRECTION('center_axis',(0.,1.,0.));
#14652=DIRECTION('ref_axis',(0.,0.,1.));
#14653=DIRECTION('',(-1.,0.,0.));
#14654=DIRECTION('',(0.,0.,1.));
#14655=DIRECTION('center_axis',(0.,1.,0.));
#14656=DIRECTION('ref_axis',(0.,0.,1.));
#14657=DIRECTION('',(0.,0.,-1.));
#14658=DIRECTION('',(-1.,0.,0.));
#14659=DIRECTION('center_axis',(-1.,0.,0.));
#14660=DIRECTION('ref_axis',(0.,0.,1.));
#14661=DIRECTION('',(0.,1.,0.));
#14662=DIRECTION('',(0.,0.,-1.));
#14663=DIRECTION('center_axis',(1.,0.,0.));
#14664=DIRECTION('ref_axis',(0.,0.,-1.));
#14665=DIRECTION('',(0.,1.,0.));
#14666=DIRECTION('center_axis',(0.,1.,0.));
#14667=DIRECTION('ref_axis',(0.,0.,1.));
#14668=DIRECTION('',(-1.,0.,0.));
#14669=DIRECTION('',(0.,0.,1.));
#14670=DIRECTION('center_axis',(-1.,0.,0.));
#14671=DIRECTION('ref_axis',(0.,0.,1.));
#14672=DIRECTION('',(0.,1.,0.));
#14673=DIRECTION('',(0.,0.,-1.));
#14674=DIRECTION('center_axis',(1.,0.,0.));
#14675=DIRECTION('ref_axis',(0.,0.,-1.));
#14676=DIRECTION('',(0.,1.,0.));
#14677=DIRECTION('center_axis',(0.,1.,0.));
#14678=DIRECTION('ref_axis',(0.,0.,1.));
#14679=DIRECTION('',(-1.,0.,0.));
#14680=DIRECTION('',(0.,0.,1.));
#14681=DIRECTION('center_axis',(-1.,0.,0.));
#14682=DIRECTION('ref_axis',(0.,0.,1.));
#14683=DIRECTION('',(0.,1.,0.));
#14684=DIRECTION('center_axis',(1.,0.,0.));
#14685=DIRECTION('ref_axis',(0.,0.,-1.));
#14686=DIRECTION('',(0.,0.,1.));
#14687=DIRECTION('',(0.,1.,0.));
#14688=DIRECTION('center_axis',(0.,1.,0.));
#14689=DIRECTION('ref_axis',(0.,0.,1.));
#14690=DIRECTION('',(0.,0.,-1.));
#14691=DIRECTION('',(-1.,0.,0.));
#14692=DIRECTION('center_axis',(-1.,0.,0.));
#14693=DIRECTION('ref_axis',(0.,0.,1.));
#14694=DIRECTION('',(0.,1.,0.));
#14695=DIRECTION('center_axis',(1.,0.,0.));
#14696=DIRECTION('ref_axis',(0.,0.,-1.));
#14697=DIRECTION('',(0.,1.,0.));
#14698=DIRECTION('center_axis',(-1.,0.,0.));
#14699=DIRECTION('ref_axis',(0.,0.,1.));
#14700=DIRECTION('',(0.,1.,0.));
#14701=DIRECTION('',(0.,0.,-1.));
#14702=DIRECTION('center_axis',(1.,0.,0.));
#14703=DIRECTION('ref_axis',(0.,0.,-1.));
#14704=DIRECTION('',(0.,1.,0.));
#14705=DIRECTION('center_axis',(0.,1.,0.));
#14706=DIRECTION('ref_axis',(0.,0.,1.));
#14707=DIRECTION('',(-1.,0.,0.));
#14708=DIRECTION('center_axis',(0.,1.,0.));
#14709=DIRECTION('ref_axis',(0.,0.,1.));
#14710=DIRECTION('center_axis',(-1.,0.,0.));
#14711=DIRECTION('ref_axis',(0.,0.,1.));
#14712=DIRECTION('',(0.,1.,0.));
#14713=DIRECTION('center_axis',(1.,0.,0.));
#14714=DIRECTION('ref_axis',(0.,0.,-1.));
#14715=DIRECTION('',(0.,1.,0.));
#14716=DIRECTION('center_axis',(0.,0.,1.));
#14717=DIRECTION('ref_axis',(1.,0.,0.));
#14718=DIRECTION('center_axis',(0.,-1.,0.));
#14719=DIRECTION('ref_axis',(0.,0.,1.));
#14720=DIRECTION('',(0.,-1.,0.));
#14721=DIRECTION('center_axis',(0.,-1.,0.));
#14722=DIRECTION('ref_axis',(0.,0.,1.));
#14723=DIRECTION('',(0.,-1.,0.));
#14724=DIRECTION('',(2.6920089103127E-15,1.,-1.03596326487489E-15));
#14725=DIRECTION('',(-1.,2.66053824819041E-15,1.80411241501588E-15));
#14726=DIRECTION('',(-2.15105711021124E-15,-1.03596326487488E-15,-1.));
#14727=DIRECTION('',(-1.,2.66053824819041E-15,1.80411241501588E-15));
#14728=DIRECTION('',(1.,-3.20992857177691E-15,-2.8047009159593E-14));
#14729=DIRECTION('',(-3.24139923389917E-15,-0.999999999999998,9.38818750220191E-16));
#14730=DIRECTION('',(2.6920089103127E-15,1.,-1.03596326487489E-15));
#14731=DIRECTION('',(-1.,2.66053824819041E-15,1.80411241501588E-15));
#14732=DIRECTION('',(-1.,2.47684122831831E-15,1.80411241501588E-15));
#14733=DIRECTION('',(-2.50831189044059E-15,-0.999999999999998,1.03596326487489E-15));
#14734=DIRECTION('',(1.,-2.59930590823305E-15,-1.80411241501588E-15));
#14735=DIRECTION('',(2.63077657035533E-15,0.999999999999998,-1.03596326487489E-15));
#14736=DIRECTION('',(2.6920089103127E-15,1.,-1.03596326487489E-15));
#14737=DIRECTION('',(-1.,2.66053824819041E-15,1.80411241501588E-15));
#14738=DIRECTION('',(2.89386764206273E-15,1.,-1.03596326487489E-15));
#14739=DIRECTION('',(-1.,2.86239697994044E-15,1.80411241501588E-15));
#14740=DIRECTION('',(2.56710882004237E-15,1.,-1.0359632648749E-15));
#14741=DIRECTION('',(-5.45397060847107E-15,-1.03596326487486E-15,-1.));
#14742=DIRECTION('',(2.56710882004237E-15,1.,-1.03596326487489E-15));
#14743=DIRECTION('',(4.038436252074E-15,1.03596326487487E-15,1.));
#14744=DIRECTION('',(-2.69200891031268E-15,-1.,1.05561257010356E-14));
#14745=DIRECTION('',(-1.,2.66053824819041E-15,1.80411241501588E-15));
#14746=DIRECTION('',(-2.15105711021124E-15,-6.46217829773034E-15,-1.));
#14747=DIRECTION('',(-1.,2.66053824819041E-15,1.80411241501588E-15));
#14748=DIRECTION('',(-1.,2.47684122831831E-15,1.80411241501588E-15));
#14749=DIRECTION('',(-2.50831189044059E-15,-0.999999999999998,1.03596326487489E-15));
#14750=DIRECTION('',(1.,-2.66053824819042E-15,-1.80411241501588E-15));
#14751=DIRECTION('',(2.69200891031269E-15,0.999999999999998,-6.46217829773035E-15));
#14752=DIRECTION('',(-1.,2.66053824819042E-15,1.80411241501588E-15));
#14753=DIRECTION('',(-2.6920089103127E-15,-0.999999999999998,1.03596326487489E-15));
#14754=DIRECTION('',(2.6920089103127E-15,1.,-1.03596326487489E-15));
#14755=DIRECTION('',(-1.,2.66053824819047E-15,6.07985883860351E-14));
#14756=DIRECTION('',(2.6920089103127E-15,1.,-1.03596326487489E-15));
#14757=DIRECTION('',(1.,-2.6605382481904E-15,4.28823643261466E-15));
#14758=DIRECTION('',(1.,-7.48428721658374E-15,-1.31561428418081E-14));
#14759=DIRECTION('',(-7.51575787870602E-15,-0.999999999999998,1.03596326487489E-15));
#14760=DIRECTION('',(2.6920089103127E-15,1.,-1.03596326487489E-15));
#14761=DIRECTION('',(1.,-2.66053824819041E-15,-9.15933995315753E-16));
#14762=DIRECTION('',(-1.,2.47684122831831E-15,1.80411241501588E-15));
#14763=DIRECTION('',(-2.50831189044059E-15,-0.999999999999998,1.03596326487489E-15));
#14764=DIRECTION('',(1.,-2.59930590823305E-15,-1.80411241501588E-15));
#14765=DIRECTION('',(2.63077657035533E-15,0.999999999999998,-1.03596326487489E-15));
#14766=DIRECTION('',(2.6920089103127E-15,1.,-1.03596326487489E-15));
#14767=DIRECTION('',(-1.,2.66053824819041E-15,1.80411241501588E-15));
#14768=DIRECTION('',(-2.15105711021124E-15,-1.03596326487488E-15,-1.));
#14769=DIRECTION('',(-1.,2.66053824819041E-15,1.80411241501588E-15));
#14770=DIRECTION('',(2.89386764206273E-15,1.,-1.03596326487489E-15));
#14771=DIRECTION('',(-1.,2.86239697994044E-15,1.80411241501588E-15));
#14772=DIRECTION('',(2.56710882004237E-15,1.,-1.03596326487489E-15));
#14773=DIRECTION('',(-5.45397060847107E-15,-1.03596326487486E-15,-1.));
#14774=DIRECTION('',(2.56710882004237E-15,1.,-9.38818750220193E-16));
#14775=DIRECTION('',(-1.15324416682938E-14,-9.3881875022013E-16,-1.));
#14776=DIRECTION('',(2.15105711021124E-15,1.03596326487488E-15,1.));
#14777=DIRECTION('',(-1.,2.66053824819041E-15,1.80411241501588E-15));
#14778=DIRECTION('',(1.,-2.59930590823305E-15,-1.80411241501588E-15));
#14779=DIRECTION('',(2.63077657035533E-15,0.999999999999998,-1.03596326487489E-15));
#14780=DIRECTION('',(-1.,2.66053824819042E-15,1.80411241501588E-15));
#14781=DIRECTION('',(-2.6920089103127E-15,-0.999999999999998,1.03596326487489E-15));
#14782=DIRECTION('',(1.,-2.66053824819042E-15,-1.80411241501588E-15));
#14783=DIRECTION('',(2.69200891031269E-15,0.999999999999998,-6.46217829773035E-15));
#14784=DIRECTION('',(1.,-2.32747134080288E-15,-1.80411241501588E-15));
#14785=DIRECTION('',(-2.35894200292516E-15,-0.999999999999998,1.03596326487489E-15));
#14786=DIRECTION('',(-1.,2.72177058814778E-15,1.80411241501588E-15));
#14787=DIRECTION('',(2.75324125027006E-15,0.999999999999998,-1.14698556733741E-15));
#14788=DIRECTION('',(1.,-2.84423526806251E-15,6.66133814775094E-16));
#14789=DIRECTION('',(-2.8757059301848E-15,-0.999999999999999,1.03596326487489E-15));
#14790=CARTESIAN_POINT('',(0.,0.,0.));
#14791=CARTESIAN_POINT('',(0.,0.,0.));
#14792=CARTESIAN_POINT('Origin',(-32.0000004470348,4.4425338459138,27.0000004768372));
#14793=CARTESIAN_POINT('',(-32.0000004470348,4.8850676918276,27.0000004768372));
#14794=CARTESIAN_POINT('',(-32.0000004470348,4.,28.4730004768372));
#14795=CARTESIAN_POINT('',(-32.0000004470348,4.4425338459138,27.7365004768372));
#14796=CARTESIAN_POINT('Origin',(-32.0000004470348,4.,27.0000004768372));
#14797=CARTESIAN_POINT('Origin',(-32.0000004470348,2.,27.0000004768372));
#14798=CARTESIAN_POINT('',(-32.0000004470348,2.77555756156289E-16,28.4730004768372));
#14799=CARTESIAN_POINT('Origin',(-32.0000004470348,0.,27.0000004768372));
#14800=CARTESIAN_POINT('',(-32.0000004470348,2.,28.4730004768372));
#14801=CARTESIAN_POINT('Origin',(-32.0000004470348,4.4425338459138,13.000000103926));
#14802=CARTESIAN_POINT('',(-32.0000004470348,4.8850676918276,13.000000103926));
#14803=CARTESIAN_POINT('',(-32.0000004470348,4.,14.4730001039261));
#14804=CARTESIAN_POINT('',(-32.0000004470348,4.4425338459138,13.736500103926));
#14805=CARTESIAN_POINT('Origin',(-32.0000004470348,4.,13.000000103926));
#14806=CARTESIAN_POINT('Origin',(-32.0000004470348,2.,13.000000103926));
#14807=CARTESIAN_POINT('',(-32.0000004470348,2.77555756156289E-16,14.473000103926));
#14808=CARTESIAN_POINT('Origin',(-32.0000004470348,0.,13.000000103926));
#14809=CARTESIAN_POINT('',(-32.0000004470348,2.,14.473000103926));
#14810=CARTESIAN_POINT('Origin',(32.0000004470348,4.4425338459138,13.));
#14811=CARTESIAN_POINT('',(32.0000004470348,4.8850676918276,13.));
#14812=CARTESIAN_POINT('',(32.0000004470348,4.,14.473));
#14813=CARTESIAN_POINT('',(32.0000004470348,4.4425338459138,13.7365));
#14814=CARTESIAN_POINT('Origin',(32.0000004470348,4.,13.));
#14815=CARTESIAN_POINT('Origin',(32.0000004470348,2.,13.));
#14816=CARTESIAN_POINT('',(32.0000004470348,2.77555756156289E-16,14.473));
#14817=CARTESIAN_POINT('Origin',(32.0000004470348,0.,13.));
#14818=CARTESIAN_POINT('',(32.0000004470348,2.,14.473));
#14819=CARTESIAN_POINT('Origin',(32.0000004470348,4.4425338459138,27.0000002598151));
#14820=CARTESIAN_POINT('',(32.0000004470348,4.8850676918276,27.0000002598151));
#14821=CARTESIAN_POINT('',(32.0000004470348,4.,28.4730002598151));
#14822=CARTESIAN_POINT('',(32.0000004470348,4.4425338459138,27.7365002598151));
#14823=CARTESIAN_POINT('Origin',(32.0000004470348,4.,27.0000002598151));
#14824=CARTESIAN_POINT('Origin',(32.0000004470348,2.,27.0000002598151));
#14825=CARTESIAN_POINT('',(32.0000004470348,2.77555756156289E-16,28.4730002598151));
#14826=CARTESIAN_POINT('Origin',(32.0000004470348,0.,27.0000002598151));
#14827=CARTESIAN_POINT('',(32.0000004470348,2.,28.4730002598151));
#14828=CARTESIAN_POINT('Origin',(-31.9999998882413,4.4425338459138,41.));
#14829=CARTESIAN_POINT('',(-31.9999998882413,4.8850676918276,41.));
#14830=CARTESIAN_POINT('',(-31.9999998882413,4.,42.473));
#14831=CARTESIAN_POINT('',(-31.9999998882413,4.4425338459138,41.7365));
#14832=CARTESIAN_POINT('Origin',(-31.9999998882413,4.,41.));
#14833=CARTESIAN_POINT('Origin',(-31.9999998882413,2.,41.));
#14834=CARTESIAN_POINT('',(-31.9999998882413,2.77555756156289E-16,42.473));
#14835=CARTESIAN_POINT('Origin',(-31.9999998882413,0.,41.));
#14836=CARTESIAN_POINT('',(-31.9999998882413,2.,42.473));
#14837=CARTESIAN_POINT('Origin',(-31.9999998882413,4.4425338459138,-0.999999910593033));
#14838=CARTESIAN_POINT('',(-31.9999998882413,4.8850676918276,-0.999999910593033));
#14839=CARTESIAN_POINT('',(-31.9999998882413,4.,0.473000089406967));
#14840=CARTESIAN_POINT('',(-31.9999998882413,4.4425338459138,-0.263499910593033));
#14841=CARTESIAN_POINT('Origin',(-31.9999998882413,4.,-0.999999910593033));
#14842=CARTESIAN_POINT('Origin',(-31.9999998882413,2.,-0.999999910593033));
#14843=CARTESIAN_POINT('',(-31.9999998882413,2.77555756156289E-16,0.473000089406967));
#14844=CARTESIAN_POINT('Origin',(-31.9999998882413,0.,-0.999999910593033));
#14845=CARTESIAN_POINT('',(-31.9999998882413,2.,0.473000089406967));
#14846=CARTESIAN_POINT('Origin',(31.9999998882412,4.4425338459138,41.0000005066395));
#14847=CARTESIAN_POINT('',(31.9999998882412,4.8850676918276,41.0000005066395));
#14848=CARTESIAN_POINT('',(31.9999998882412,4.,42.4730005066395));
#14849=CARTESIAN_POINT('',(31.9999998882412,4.4425338459138,41.7365005066395));
#14850=CARTESIAN_POINT('Origin',(31.9999998882412,4.,41.0000005066395));
#14851=CARTESIAN_POINT('Origin',(31.9999998882412,2.,41.0000005066395));
#14852=CARTESIAN_POINT('',(31.9999998882412,2.77555756156289E-16,42.4730005066395));
#14853=CARTESIAN_POINT('Origin',(31.9999998882412,0.,41.0000005066395));
#14854=CARTESIAN_POINT('',(31.9999998882412,2.,42.4730005066395));
#14855=CARTESIAN_POINT('Origin',(31.9999998882413,4.4425338459138,-0.999999999999999));
#14856=CARTESIAN_POINT('',(31.9999998882413,4.8850676918276,-0.999999999999999));
#14857=CARTESIAN_POINT('',(31.9999998882413,4.,0.473000000000002));
#14858=CARTESIAN_POINT('',(31.9999998882413,4.4425338459138,-0.263499999999999));
#14859=CARTESIAN_POINT('Origin',(31.9999998882413,4.,-0.999999999999999));
#14860=CARTESIAN_POINT('Origin',(31.9999998882413,2.,-0.999999999999999));
#14861=CARTESIAN_POINT('',(31.9999998882413,2.77555756156289E-16,0.473000000000001));
#14862=CARTESIAN_POINT('Origin',(31.9999998882413,0.,-0.999999999999999));
#14863=CARTESIAN_POINT('',(31.9999998882413,2.,0.473000000000001));
#14864=CARTESIAN_POINT('Origin',(-38.1,-1.,-10.));
#14865=CARTESIAN_POINT('',(-38.1,-1.,-10.));
#14866=CARTESIAN_POINT('',(-38.1,-1.,-8.));
#14867=CARTESIAN_POINT('',(-38.1,-1.,-8.5));
#14868=CARTESIAN_POINT('',(-38.1,0.,-10.));
#14869=CARTESIAN_POINT('',(-38.1,-0.5,-10.));
#14870=CARTESIAN_POINT('',(-38.1,0.,-8.));
#14871=CARTESIAN_POINT('',(-38.1,0.,-10.));
#14872=CARTESIAN_POINT('',(-38.1,-0.5,-8.));
#14873=CARTESIAN_POINT('Origin',(-38.1000004470348,-1.,4.00000008940697));
#14874=CARTESIAN_POINT('',(-38.1000004470348,-1.,4.00000008940697));
#14875=CARTESIAN_POINT('',(-38.1000004470348,-1.,6.00000011862787));
#14876=CARTESIAN_POINT('',(-38.1000004470348,-1.,5.50000009685755));
#14877=CARTESIAN_POINT('',(-38.1000004470348,0.,4.00000008940697));
#14878=CARTESIAN_POINT('',(-38.1000004470348,-0.5,4.00000008940697));
#14879=CARTESIAN_POINT('',(-38.1000004470348,0.,6.00000011862787));
#14880=CARTESIAN_POINT('',(-38.1000004470348,0.,4.00000008940697));
#14881=CARTESIAN_POINT('',(-38.1000004470348,-0.5,6.00000011920929));
#14882=CARTESIAN_POINT('Origin',(-38.1000007450581,-1.,34.0000004768372));
#14883=CARTESIAN_POINT('',(-38.1000007450581,-1.,34.0000004768372));
#14884=CARTESIAN_POINT('',(-38.1000007450581,-1.,36.));
#14885=CARTESIAN_POINT('',(-38.1000007450581,-1.,33.5000003576279));
#14886=CARTESIAN_POINT('',(-38.1000007450581,0.,34.0000004768372));
#14887=CARTESIAN_POINT('',(-38.1000007450581,-0.5,34.0000004768372));
#14888=CARTESIAN_POINT('',(-38.1000007450581,0.,36.));
#14889=CARTESIAN_POINT('',(-38.1000007450581,0.,34.0000004768372));
#14890=CARTESIAN_POINT('',(-38.1000007450581,-0.5,36.));
#14891=CARTESIAN_POINT('Origin',(-38.1000005662441,-1.,48.0000007152557));
#14892=CARTESIAN_POINT('',(-38.1000005662441,-1.,48.0000000005445));
#14893=CARTESIAN_POINT('',(-38.1000005662441,-1.,50.));
#14894=CARTESIAN_POINT('',(-38.1000005662441,-1.,47.5000003576279));
#14895=CARTESIAN_POINT('',(-38.1000005662441,0.,48.0000000005445));
#14896=CARTESIAN_POINT('',(-38.1000005662441,-0.5,48.));
#14897=CARTESIAN_POINT('',(-38.1000005662441,0.,50.));
#14898=CARTESIAN_POINT('',(-38.1000005662441,0.,48.0000007152557));
#14899=CARTESIAN_POINT('',(-38.1000005662441,-0.5,50.));
#14900=CARTESIAN_POINT('Origin',(33.9000005066395,-1.,48.));
#14901=CARTESIAN_POINT('',(33.9000005066395,-1.,48.));
#14902=CARTESIAN_POINT('',(33.9000005066395,-1.,50.0000000005672));
#14903=CARTESIAN_POINT('',(33.9000005066395,-1.,47.5));
#14904=CARTESIAN_POINT('',(33.9000005066395,0.,48.));
#14905=CARTESIAN_POINT('',(33.9000005066395,-0.5,48.));
#14906=CARTESIAN_POINT('',(33.9000005066395,0.,50.0000000005672));
#14907=CARTESIAN_POINT('',(33.9000005066395,0.,48.));
#14908=CARTESIAN_POINT('',(33.9000005066395,-0.5,50.));
#14909=CARTESIAN_POINT('Origin',(-50.,0.,48.));
#14910=CARTESIAN_POINT('',(-33.9000004470348,-1.,48.0000000005445));
#14911=CARTESIAN_POINT('',(-25.,-1.,48.));
#14912=CARTESIAN_POINT('',(-33.9000004470348,0.,48.0000000005445));
#14913=CARTESIAN_POINT('',(-33.9000004470348,-0.5,48.));
#14914=CARTESIAN_POINT('',(-15.0000002235174,0.,48.));
#14915=CARTESIAN_POINT('Origin',(0.,-1.,47.));
#14916=CARTESIAN_POINT('',(-33.9000004470348,-1.,50.));
#14917=CARTESIAN_POINT('',(25.,-1.,50.));
#14918=CARTESIAN_POINT('',(-33.9000004470348,-1.,48.5));
#14919=CARTESIAN_POINT('Origin',(33.9000005066395,-1.,34.0000005066395));
#14920=CARTESIAN_POINT('',(33.9000005066395,-1.,34.0000000005785));
#14921=CARTESIAN_POINT('',(33.9000005066395,-1.,36.0000005066395));
#14922=CARTESIAN_POINT('',(33.9000005066395,-1.,33.5000003799796));
#14923=CARTESIAN_POINT('',(33.9000005066395,0.,34.0000000005785));
#14924=CARTESIAN_POINT('',(33.9000005066395,-0.5,34.));
#14925=CARTESIAN_POINT('',(33.9000005066395,0.,36.0000005066395));
#14926=CARTESIAN_POINT('',(33.9000005066395,0.,34.0000005066395));
#14927=CARTESIAN_POINT('',(33.9000005066395,-0.75,36.0000005066395));
#14928=CARTESIAN_POINT('Origin',(33.9000004470348,-2.,4.));
#14929=CARTESIAN_POINT('',(33.9000004470348,-1.,4.));
#14930=CARTESIAN_POINT('',(33.9000004470348,-1.,6.));
#14931=CARTESIAN_POINT('',(33.9000004470348,-1.,5.5));
#14932=CARTESIAN_POINT('',(33.9000004470348,0.,4.));
#14933=CARTESIAN_POINT('',(33.9000004470348,-1.,4.));
#14934=CARTESIAN_POINT('',(33.9000004470348,0.,6.));
#14935=CARTESIAN_POINT('',(33.9000004470348,0.,6.));
#14936=CARTESIAN_POINT('',(33.9000004470348,-1.,6.));
#14937=CARTESIAN_POINT('Origin',(33.9,-1.,-10.));
#14938=CARTESIAN_POINT('',(33.9,-1.,-10.));
#14939=CARTESIAN_POINT('',(33.9,-1.,-8.00000000045939));
#14940=CARTESIAN_POINT('',(33.9,-1.,-8.5));
#14941=CARTESIAN_POINT('',(33.9,0.,-10.));
#14942=CARTESIAN_POINT('',(33.9,-0.5,-10.));
#14943=CARTESIAN_POINT('',(33.9,0.,-8.00000000045939));
#14944=CARTESIAN_POINT('',(33.9,0.,-10.));
#14945=CARTESIAN_POINT('',(33.9,-0.5,-8.));
#14946=CARTESIAN_POINT('Origin',(-50.,0.,-10.));
#14947=CARTESIAN_POINT('',(-33.9,-1.,-10.));
#14948=CARTESIAN_POINT('',(-25.,-1.,-10.));
#14949=CARTESIAN_POINT('',(-33.9,0.,-10.));
#14950=CARTESIAN_POINT('',(-33.9,-0.5,-10.));
#14951=CARTESIAN_POINT('',(-25.,0.,-10.));
#14952=CARTESIAN_POINT('Origin',(0.,-1.,-7.));
#14953=CARTESIAN_POINT('',(-33.9,-1.,-8.));
#14954=CARTESIAN_POINT('',(25.,-1.,-8.));
#14955=CARTESIAN_POINT('',(-33.9,-1.,-7.5));
#14956=CARTESIAN_POINT('Origin',(-33.9,-1.,-8.));
#14957=CARTESIAN_POINT('',(-33.9,0.,-8.));
#14958=CARTESIAN_POINT('',(-33.9,-0.5,-8.));
#14959=CARTESIAN_POINT('',(-33.9,0.,-8.));
#14960=CARTESIAN_POINT('Origin',(50.,0.,-8.));
#14961=CARTESIAN_POINT('',(25.,0.,-8.));
#14962=CARTESIAN_POINT('Origin',(-33.9000004470348,-1.,6.00000008940697));
#14963=CARTESIAN_POINT('',(-33.9000004470348,-1.,6.00000011862787));
#14964=CARTESIAN_POINT('',(-33.9000004470348,-1.,4.00000008940697));
#14965=CARTESIAN_POINT('',(-33.9000004470348,-1.,6.50000009685755));
#14966=CARTESIAN_POINT('',(-33.9000004470348,0.,6.00000011862787));
#14967=CARTESIAN_POINT('',(-33.9000004470348,-0.5,6.00000011920929));
#14968=CARTESIAN_POINT('',(-33.9000004470348,0.,4.00000008940697));
#14969=CARTESIAN_POINT('',(-33.9000004470348,0.,6.00000008940697));
#14970=CARTESIAN_POINT('',(-33.9000004470348,-0.5,4.00000008940697));
#14971=CARTESIAN_POINT('Origin',(-33.9000005960464,-1.,36.));
#14972=CARTESIAN_POINT('',(-33.9000005960464,-1.,36.));
#14973=CARTESIAN_POINT('',(-33.9000005960464,-1.,34.0000004768372));
#14974=CARTESIAN_POINT('',(-33.9000005960465,-1.,34.5000001192093));
#14975=CARTESIAN_POINT('',(-33.9000005960464,0.,36.));
#14976=CARTESIAN_POINT('',(-33.9000005960465,-0.5,36.));
#14977=CARTESIAN_POINT('',(-33.9000005960464,0.,34.0000004768372));
#14978=CARTESIAN_POINT('',(-33.9000005960464,0.,36.));
#14979=CARTESIAN_POINT('',(-33.9000005960465,-0.5,34.0000004768372));
#14980=CARTESIAN_POINT('Origin',(-33.9000004470348,-1.,50.));
#14981=CARTESIAN_POINT('',(-33.9000004470348,0.,50.));
#14982=CARTESIAN_POINT('',(-33.9000004470348,-0.5,50.));
#14983=CARTESIAN_POINT('',(-33.9000004470348,0.,35.));
#14984=CARTESIAN_POINT('Origin',(50.,0.,50.));
#14985=CARTESIAN_POINT('',(25.,0.,50.));
#14986=CARTESIAN_POINT('Origin',(38.1000005662441,-1.,50.0000007450581));
#14987=CARTESIAN_POINT('',(38.1000005662441,-1.,50.0000000005672));
#14988=CARTESIAN_POINT('',(38.1000005662441,-1.,48.));
#14989=CARTESIAN_POINT('',(38.1000005662441,-1.,48.500000372529));
#14990=CARTESIAN_POINT('',(38.1000005662441,0.,50.0000000005672));
#14991=CARTESIAN_POINT('',(38.1000005662441,-0.5,50.));
#14992=CARTESIAN_POINT('',(38.1000005662441,0.,48.));
#14993=CARTESIAN_POINT('',(38.1000005662441,0.,50.0000007450581));
#14994=CARTESIAN_POINT('',(38.1000005662441,-0.5,48.));
#14995=CARTESIAN_POINT('Origin',(38.1000005662441,-1.,36.0000005066395));
#14996=CARTESIAN_POINT('',(38.1000005662441,-1.,36.0000005066395));
#14997=CARTESIAN_POINT('',(38.1000005662441,-1.,34.0000000005785));
#14998=CARTESIAN_POINT('',(38.1000005662441,-1.,34.5000003799796));
#14999=CARTESIAN_POINT('',(38.1000005662441,0.,36.0000005066395));
#15000=CARTESIAN_POINT('',(38.1000005662441,-0.75,36.0000005066395));
#15001=CARTESIAN_POINT('',(38.1000005662441,0.,34.0000000005785));
#15002=CARTESIAN_POINT('',(38.1000005662441,0.,36.0000005066395));
#15003=CARTESIAN_POINT('',(38.1000005662441,-0.5,34.));
#15004=CARTESIAN_POINT('Origin',(38.1,-1.,-8.00000011920929));
#15005=CARTESIAN_POINT('',(38.1,-1.,-10.));
#15006=CARTESIAN_POINT('',(38.1,-1.,-8.00000000045939));
#15007=CARTESIAN_POINT('',(38.1,-1.,-7.50000005960465));
#15008=CARTESIAN_POINT('',(38.1,0.,-8.00000000045939));
#15009=CARTESIAN_POINT('',(38.1,-0.5,-8.));
#15010=CARTESIAN_POINT('',(38.1,0.,-10.));
#15011=CARTESIAN_POINT('',(38.1,0.,5.99999994039536));
#15012=CARTESIAN_POINT('',(38.1,-0.5,-10.));
#15013=CARTESIAN_POINT('Origin',(38.1000004470348,-2.,6.));
#15014=CARTESIAN_POINT('',(38.1000004470348,-1.,6.));
#15015=CARTESIAN_POINT('',(38.1000004470348,-1.,4.));
#15016=CARTESIAN_POINT('',(38.1000004470348,-1.,6.5));
#15017=CARTESIAN_POINT('',(38.1000004470348,0.,6.));
#15018=CARTESIAN_POINT('',(38.1000004470348,-1.,6.));
#15019=CARTESIAN_POINT('',(38.1000004470348,0.,4.));
#15020=CARTESIAN_POINT('',(38.1000004470348,0.,4.));
#15021=CARTESIAN_POINT('',(38.1000004470348,-1.,4.));
#15022=CARTESIAN_POINT('Origin',(30.0000004470348,0.,4.));
#15023=CARTESIAN_POINT('',(30.0000004464237,-1.,4.));
#15024=CARTESIAN_POINT('',(35.0000003352761,-1.,4.));
#15025=CARTESIAN_POINT('',(30.0000002232129,0.,4.));
#15026=CARTESIAN_POINT('',(30.0000004470348,0.,4.));
#15027=CARTESIAN_POINT('',(15.0000002235174,0.,4.));
#15028=CARTESIAN_POINT('Origin',(50.,0.,6.));
#15029=CARTESIAN_POINT('',(30.0000000005104,0.,6.));
#15030=CARTESIAN_POINT('',(25.,0.,6.));
#15031=CARTESIAN_POINT('',(30.0000002232129,-1.,6.));
#15032=CARTESIAN_POINT('',(30.,0.,6.));
#15033=CARTESIAN_POINT('',(45.0000001117587,-1.,6.));
#15034=CARTESIAN_POINT('Origin',(50.,0.,6.));
#15035=CARTESIAN_POINT('',(50.,-1.,6.));
#15036=CARTESIAN_POINT('',(45.0000001117587,-1.,6.));
#15037=CARTESIAN_POINT('',(50.,0.,6.));
#15038=CARTESIAN_POINT('',(50.,0.,6.));
#15039=CARTESIAN_POINT('',(25.,0.,6.));
#15040=CARTESIAN_POINT('Origin',(40.0000002235174,-1.,7.));
#15041=CARTESIAN_POINT('',(50.,-1.,4.));
#15042=CARTESIAN_POINT('',(35.0000003352761,-1.,4.));
#15043=CARTESIAN_POINT('',(50.,-1.,48.5));
#15044=CARTESIAN_POINT('Origin',(40.0000002235174,-1.,7.));
#15045=CARTESIAN_POINT('',(30.0000004470348,-1.,6.));
#15046=CARTESIAN_POINT('Origin',(50.,0.,-8.));
#15047=CARTESIAN_POINT('',(50.,-1.,-8.));
#15048=CARTESIAN_POINT('',(25.,-1.,-8.));
#15049=CARTESIAN_POINT('',(50.,0.,-8.));
#15050=CARTESIAN_POINT('',(50.,0.,-8.00000000000001));
#15051=CARTESIAN_POINT('',(25.,0.,-8.));
#15052=CARTESIAN_POINT('Origin',(0.,-1.,-7.));
#15053=CARTESIAN_POINT('',(50.,-1.,-10.));
#15054=CARTESIAN_POINT('',(-25.,-1.,-10.));
#15055=CARTESIAN_POINT('',(50.,-1.,41.5));
#15056=CARTESIAN_POINT('Origin',(-50.,0.,-10.));
#15057=CARTESIAN_POINT('',(50.,0.,-10.));
#15058=CARTESIAN_POINT('',(19.1,0.,-10.));
#15059=CARTESIAN_POINT('',(50.,0.,-10.));
#15060=CARTESIAN_POINT('Origin',(-50.,0.,-10.));
#15061=CARTESIAN_POINT('',(-50.,-1.,-10.));
#15062=CARTESIAN_POINT('',(-25.,-1.,-10.));
#15063=CARTESIAN_POINT('',(-50.,0.,-10.));
#15064=CARTESIAN_POINT('',(-50.,0.,-10.));
#15065=CARTESIAN_POINT('',(-25.,0.,-10.));
#15066=CARTESIAN_POINT('Origin',(0.,-1.,-7.));
#15067=CARTESIAN_POINT('',(-50.,-1.,-8.));
#15068=CARTESIAN_POINT('',(25.,-1.,-8.));
#15069=CARTESIAN_POINT('',(-50.,-1.,-28.5));
#15070=CARTESIAN_POINT('Origin',(50.,0.,-8.));
#15071=CARTESIAN_POINT('',(-50.,0.,-8.));
#15072=CARTESIAN_POINT('',(25.,0.,-8.));
#15073=CARTESIAN_POINT('',(-50.,0.,-8.));
#15074=CARTESIAN_POINT('Origin',(-50.0000007450581,0.,4.00000008940697));
#15075=CARTESIAN_POINT('',(-30.0000002232129,0.,4.00000008940697));
#15076=CARTESIAN_POINT('',(-25.000000372529,0.,4.00000008940697));
#15077=CARTESIAN_POINT('',(-30.0000002232129,-1.,4.00000008940697));
#15078=CARTESIAN_POINT('',(-30.0000004470348,0.,4.00000008940697));
#15079=CARTESIAN_POINT('',(-45.0000006705523,-1.,4.00000008940697));
#15080=CARTESIAN_POINT('Origin',(-50.0000007450581,0.,4.00000008940697));
#15081=CARTESIAN_POINT('',(-50.0000007447182,-1.,4.00000008940697));
#15082=CARTESIAN_POINT('',(-45.0000006705523,-1.,4.00000008940697));
#15083=CARTESIAN_POINT('',(-50.0000003723595,0.,4.00000008940697));
#15084=CARTESIAN_POINT('',(-50.0000007450581,0.,4.00000008940697));
#15085=CARTESIAN_POINT('',(-25.000000372529,0.,4.00000008940697));
#15086=CARTESIAN_POINT('Origin',(-40.0000005960464,-1.,7.00000010430813));
#15087=CARTESIAN_POINT('',(-30.0000000005104,-1.,6.00000011920929));
#15088=CARTESIAN_POINT('',(-30.,-1.,44.5000000521541));
#15089=CARTESIAN_POINT('',(-35.0000005215406,-1.,6.00000011920929));
#15090=CARTESIAN_POINT('Origin',(-40.0000005960464,-1.,7.00000010430813));
#15091=CARTESIAN_POINT('',(-50.0000003723595,-1.,6.00000011920929));
#15092=CARTESIAN_POINT('',(-35.0000005215406,-1.,6.00000011920929));
#15093=CARTESIAN_POINT('',(-50.0000007450581,-1.,6.00000008940697));
#15094=CARTESIAN_POINT('Origin',(-30.0000004470348,0.,6.00000011920929));
#15095=CARTESIAN_POINT('',(-30.0000000005104,0.,6.00000011920929));
#15096=CARTESIAN_POINT('',(-30.,0.,6.00000011920929));
#15097=CARTESIAN_POINT('',(-15.0000002235174,0.,6.00000011920929));
#15098=CARTESIAN_POINT('Origin',(-30.0000004470348,0.,6.00000011920929));
#15099=CARTESIAN_POINT('',(-50.0000000005672,0.,6.00000011920929));
#15100=CARTESIAN_POINT('',(-15.0000002235174,0.,6.00000011920929));
#15101=CARTESIAN_POINT('',(-50.,0.,6.00000011920929));
#15102=CARTESIAN_POINT('Origin',(-50.,0.,48.));
#15103=CARTESIAN_POINT('',(50.,0.,48.));
#15104=CARTESIAN_POINT('',(-15.0000002235174,0.,48.));
#15105=CARTESIAN_POINT('',(50.,-1.,48.));
#15106=CARTESIAN_POINT('',(50.,0.,48.));
#15107=CARTESIAN_POINT('',(-25.,-1.,48.));
#15108=CARTESIAN_POINT('Origin',(0.,-1.,47.));
#15109=CARTESIAN_POINT('',(50.,-1.,50.));
#15110=CARTESIAN_POINT('',(50.,-1.,68.5));
#15111=CARTESIAN_POINT('',(25.,-1.,50.));
#15112=CARTESIAN_POINT('Origin',(50.,0.,50.));
#15113=CARTESIAN_POINT('',(50.,0.,50.));
#15114=CARTESIAN_POINT('',(50.,0.,50.));
#15115=CARTESIAN_POINT('',(25.,0.,50.));
#15116=CARTESIAN_POINT('Origin',(40.0000002235174,-0.5,36.0000005066395));
#15117=CARTESIAN_POINT('',(30.0000002232129,0.,36.0000005066395));
#15118=CARTESIAN_POINT('',(20.0000001117587,0.,36.0000005066395));
#15119=CARTESIAN_POINT('',(30.0000002232129,-1.,36.0000005066395));
#15120=CARTESIAN_POINT('',(30.0000004470348,0.,36.0000005066395));
#15121=CARTESIAN_POINT('',(30.0000004470348,-1.,36.0000005066395));
#15122=CARTESIAN_POINT('Origin',(40.0000002235174,-0.5,36.0000005066395));
#15123=CARTESIAN_POINT('',(50.,-1.,36.0000005066395));
#15124=CARTESIAN_POINT('',(30.0000004470348,-1.,36.0000005066395));
#15125=CARTESIAN_POINT('',(50.,0.,36.0000005066395));
#15126=CARTESIAN_POINT('',(50.,-1.,36.0000005066395));
#15127=CARTESIAN_POINT('',(20.0000001117587,0.,36.0000005066395));
#15128=CARTESIAN_POINT('Origin',(40.0000002235174,-1.,33.0000002533197));
#15129=CARTESIAN_POINT('',(30.0000000005104,-1.,34.));
#15130=CARTESIAN_POINT('',(30.,-1.,-4.49999987334013));
#15131=CARTESIAN_POINT('',(35.0000003352761,-1.,34.));
#15132=CARTESIAN_POINT('Origin',(40.0000002235174,-1.,33.0000002533197));
#15133=CARTESIAN_POINT('',(50.,-1.,34.));
#15134=CARTESIAN_POINT('',(35.0000003352761,-1.,34.));
#15135=CARTESIAN_POINT('',(50.,-1.,61.5000001266599));
#15136=CARTESIAN_POINT('Origin',(30.0000004470348,0.,34.));
#15137=CARTESIAN_POINT('',(30.0000000005104,0.,34.));
#15138=CARTESIAN_POINT('',(30.,0.,34.));
#15139=CARTESIAN_POINT('',(15.0000002235174,0.,34.));
#15140=CARTESIAN_POINT('Origin',(30.0000004470348,0.,34.));
#15141=CARTESIAN_POINT('',(50.,0.,34.));
#15142=CARTESIAN_POINT('',(15.0000002235174,0.,34.));
#15143=CARTESIAN_POINT('',(50.,0.,34.));
#15144=CARTESIAN_POINT('Origin',(-30.0000004470348,0.,36.));
#15145=CARTESIAN_POINT('',(-50.0000003723595,0.,36.));
#15146=CARTESIAN_POINT('',(-15.0000002235174,0.,36.));
#15147=CARTESIAN_POINT('',(-50.0000003723595,-1.,36.));
#15148=CARTESIAN_POINT('',(-50.0000007450581,0.,36.));
#15149=CARTESIAN_POINT('',(-35.0000005215406,-1.,36.));
#15150=CARTESIAN_POINT('Origin',(-30.0000004470348,0.,36.));
#15151=CARTESIAN_POINT('',(-30.0000002232129,-1.,36.));
#15152=CARTESIAN_POINT('',(-35.0000005215406,-1.,36.));
#15153=CARTESIAN_POINT('',(-30.0000002232129,0.,36.));
#15154=CARTESIAN_POINT('',(-30.0000004470348,0.,36.));
#15155=CARTESIAN_POINT('',(-15.0000002235174,0.,36.));
#15156=CARTESIAN_POINT('Origin',(-40.0000005960464,-1.,33.0000002384186));
#15157=CARTESIAN_POINT('',(-50.0000000005672,-1.,34.0000004768372));
#15158=CARTESIAN_POINT('',(-50.,-1.,-8.49999988079071));
#15159=CARTESIAN_POINT('',(-45.0000006705523,-1.,34.0000004768372));
#15160=CARTESIAN_POINT('Origin',(-40.0000005960464,-1.,33.0000002384186));
#15161=CARTESIAN_POINT('',(-30.0000000005104,-1.,34.0000004768372));
#15162=CARTESIAN_POINT('',(-45.0000006705523,-1.,34.0000004768372));
#15163=CARTESIAN_POINT('',(-30.,-1.,57.5000001192093));
#15164=CARTESIAN_POINT('Origin',(-50.0000007450581,0.,34.0000004768372));
#15165=CARTESIAN_POINT('',(-50.0000000005672,0.,34.0000004768372));
#15166=CARTESIAN_POINT('',(-50.,0.,34.0000004768372));
#15167=CARTESIAN_POINT('',(-25.000000372529,0.,34.0000004768372));
#15168=CARTESIAN_POINT('Origin',(-50.0000007450581,0.,34.0000004768372));
#15169=CARTESIAN_POINT('',(-30.0000000005104,0.,34.0000004768372));
#15170=CARTESIAN_POINT('',(-25.000000372529,0.,34.0000004768372));
#15171=CARTESIAN_POINT('',(-30.,0.,34.0000004768372));
#15172=CARTESIAN_POINT('Origin',(50.,0.,50.));
#15173=CARTESIAN_POINT('',(-50.,0.,50.));
#15174=CARTESIAN_POINT('',(25.,0.,50.));
#15175=CARTESIAN_POINT('',(-50.,-1.,50.));
#15176=CARTESIAN_POINT('',(-50.,0.,50.));
#15177=CARTESIAN_POINT('',(25.,-1.,50.));
#15178=CARTESIAN_POINT('Origin',(0.,-1.,47.));
#15179=CARTESIAN_POINT('',(-50.,-1.,48.));
#15180=CARTESIAN_POINT('',(-50.,-1.,-1.49999999999999));
#15181=CARTESIAN_POINT('',(-25.,-1.,48.));
#15182=CARTESIAN_POINT('Origin',(-50.,0.,48.));
#15183=CARTESIAN_POINT('',(-50.,0.,48.));
#15184=CARTESIAN_POINT('',(-50.,0.,48.));
#15185=CARTESIAN_POINT('',(-25.,0.,48.));
#15186=CARTESIAN_POINT('Origin',(-30.,0.,82.));
#15187=CARTESIAN_POINT('',(-30.,0.,51.));
#15188=CARTESIAN_POINT('',(-30.,0.,0.));
#15189=CARTESIAN_POINT('',(-30.,0.,51.));
#15190=CARTESIAN_POINT('',(-30.,12.,0.));
#15191=CARTESIAN_POINT('',(-30.,0.,0.));
#15192=CARTESIAN_POINT('',(-30.,12.,40.));
#15193=CARTESIAN_POINT('',(-30.,12.,51.));
#15194=CARTESIAN_POINT('',(-30.,0.,40.));
#15195=CARTESIAN_POINT('',(-30.,0.,40.));
#15196=CARTESIAN_POINT('',(-30.,0.,51.));
#15197=CARTESIAN_POINT('Origin',(50.,0.,90.));
#15198=CARTESIAN_POINT('',(50.,0.,60.));
#15199=CARTESIAN_POINT('',(50.,0.,4.));
#15200=CARTESIAN_POINT('',(50.,0.,4.));
#15201=CARTESIAN_POINT('',(50.,0.,60.));
#15202=CARTESIAN_POINT('',(50.,0.,-20.));
#15203=CARTESIAN_POINT('',(50.,0.,60.));
#15204=CARTESIAN_POINT('',(50.,2.,-20.));
#15205=CARTESIAN_POINT('',(50.,0.,-20.));
#15206=CARTESIAN_POINT('',(50.,2.,60.));
#15207=CARTESIAN_POINT('',(50.,2.,77.));
#15208=CARTESIAN_POINT('',(50.,0.,60.));
#15209=CARTESIAN_POINT('',(50.,0.,60.));
#15210=CARTESIAN_POINT('',(50.,0.,60.));
#15211=CARTESIAN_POINT('',(50.,0.,60.));
#15212=CARTESIAN_POINT('Origin',(30.0000004470348,0.,4.));
#15213=CARTESIAN_POINT('',(15.0000002235174,0.,4.));
#15214=CARTESIAN_POINT('Origin',(30.,0.,-42.));
#15215=CARTESIAN_POINT('',(30.,0.,-11.));
#15216=CARTESIAN_POINT('',(30.,0.,40.));
#15217=CARTESIAN_POINT('',(30.,0.,-11.));
#15218=CARTESIAN_POINT('',(30.,12.,40.));
#15219=CARTESIAN_POINT('',(30.,0.,40.));
#15220=CARTESIAN_POINT('',(30.,12.,0.));
#15221=CARTESIAN_POINT('',(30.,12.,-11.));
#15222=CARTESIAN_POINT('',(30.,0.,0.));
#15223=CARTESIAN_POINT('',(30.,0.,0.));
#15224=CARTESIAN_POINT('',(30.,0.,-11.));
#15225=CARTESIAN_POINT('Origin',(-50.,0.,-50.));
#15226=CARTESIAN_POINT('',(-50.,0.,-8.99999976158142));
#15227=CARTESIAN_POINT('',(-50.,0.,-2.));
#15228=CARTESIAN_POINT('',(-50.,0.,60.));
#15229=CARTESIAN_POINT('',(-50.,0.,-20.));
#15230=CARTESIAN_POINT('',(-50.,2.,60.));
#15231=CARTESIAN_POINT('',(-50.,0.,60.));
#15232=CARTESIAN_POINT('',(-50.,2.,-20.));
#15233=CARTESIAN_POINT('',(-50.,2.,-37.));
#15234=CARTESIAN_POINT('',(-50.,0.,-20.));
#15235=CARTESIAN_POINT('',(-50.,0.,-20.));
#15236=CARTESIAN_POINT('',(-50.,0.,-20.));
#15237=CARTESIAN_POINT('',(-50.,0.,-20.));
#15238=CARTESIAN_POINT('Origin',(0.,-1.,63.0000009536743));
#15239=CARTESIAN_POINT('',(-49.4641010645335,-1.,62.0000009536743));
#15240=CARTESIAN_POINT('',(-46.,-1.,64.0000003178914));
#15241=CARTESIAN_POINT('Origin',(-46.,-1.,60.));
#15242=CARTESIAN_POINT('',(49.4641010645335,-1.,62.0000009536743));
#15243=CARTESIAN_POINT('',(-24.7320505322667,-1.,62.0000009536743));
#15244=CARTESIAN_POINT('',(46.,-1.,64.0000003178914));
#15245=CARTESIAN_POINT('Origin',(46.,-1.,60.));
#15246=CARTESIAN_POINT('',(-15.,-1.,64.));
#15247=CARTESIAN_POINT('Origin',(8.88178419700125E-15,-1.,-23.0000003576279));
#15248=CARTESIAN_POINT('',(49.4641014086612,-1.,-22.0000003576279));
#15249=CARTESIAN_POINT('',(46.,-1.,-24.0000000004906));
#15250=CARTESIAN_POINT('Origin',(46.,-1.,-20.));
#15251=CARTESIAN_POINT('',(-49.4641014086612,-1.,-22.0000003576279));
#15252=CARTESIAN_POINT('',(24.7320507043306,-1.,-22.0000003576279));
#15253=CARTESIAN_POINT('',(-46.,-1.,-24.0000000004906));
#15254=CARTESIAN_POINT('Origin',(-46.,-1.,-20.));
#15255=CARTESIAN_POINT('',(15.,-1.,-24.));
#15256=CARTESIAN_POINT('Origin',(-30.,0.,64.));
#15257=CARTESIAN_POINT('',(46.,2.,64.0000003178914));
#15258=CARTESIAN_POINT('',(46.,0.,64.0000009536743));
#15259=CARTESIAN_POINT('',(-46.,2.,64.0000003178914));
#15260=CARTESIAN_POINT('',(10.,2.,64.));
#15261=CARTESIAN_POINT('',(-46.,0.,64.0000009536743));
#15262=CARTESIAN_POINT('Origin',(46.,0.,60.));
#15263=CARTESIAN_POINT('',(49.4641010645335,0.,62.0000009536743));
#15264=CARTESIAN_POINT('',(49.4641010645335,0.,62.0000009536743));
#15265=CARTESIAN_POINT('Origin',(46.,0.,60.));
#15266=CARTESIAN_POINT('Origin',(46.,2.,60.));
#15267=CARTESIAN_POINT('Origin',(30.,0.,-24.));
#15268=CARTESIAN_POINT('',(-46.,2.,-24.));
#15269=CARTESIAN_POINT('',(-46.,0.,-24.));
#15270=CARTESIAN_POINT('',(46.,2.,-24.));
#15271=CARTESIAN_POINT('',(40.,2.,-24.));
#15272=CARTESIAN_POINT('',(46.,0.,-24.));
#15273=CARTESIAN_POINT('Origin',(-46.,0.,-20.));
#15274=CARTESIAN_POINT('',(-49.4641014086612,0.,-22.0000003576279));
#15275=CARTESIAN_POINT('',(-49.4641014086612,0.,-22.0000003576279));
#15276=CARTESIAN_POINT('Origin',(-46.,0.,-20.));
#15277=CARTESIAN_POINT('Origin',(-46.,2.,-20.));
#15278=CARTESIAN_POINT('Origin',(-49.4641010645335,0.,62.0000009536743));
#15279=CARTESIAN_POINT('',(-49.4641010645335,0.,62.0000009536743));
#15280=CARTESIAN_POINT('',(-49.4641010645335,0.,62.0000009536743));
#15281=CARTESIAN_POINT('',(-24.7320505322667,0.,62.0000009536743));
#15282=CARTESIAN_POINT('Origin',(49.4641014086612,0.,-22.0000003576279));
#15283=CARTESIAN_POINT('',(49.4641014086612,0.,-22.0000003576279));
#15284=CARTESIAN_POINT('',(49.4641014086612,0.,-22.0000003576279));
#15285=CARTESIAN_POINT('',(24.7320507043306,0.,-22.0000003576279));
#15286=CARTESIAN_POINT('Origin',(0.,0.,20.));
#15287=CARTESIAN_POINT('Origin',(-46.,0.,60.));
#15288=CARTESIAN_POINT('Origin',(46.,0.,-20.));
#15289=CARTESIAN_POINT('',(26.,0.,-3.99999999999999));
#15290=CARTESIAN_POINT('Origin',(26.,0.,0.));
#15291=CARTESIAN_POINT('',(-26.,0.,-3.99999999999999));
#15292=CARTESIAN_POINT('',(-11.,0.,-3.99999999999999));
#15293=CARTESIAN_POINT('Origin',(-26.,0.,0.));
#15294=CARTESIAN_POINT('',(-26.,0.,44.));
#15295=CARTESIAN_POINT('Origin',(-26.,0.,40.));
#15296=CARTESIAN_POINT('',(26.,0.,44.));
#15297=CARTESIAN_POINT('',(-11.,0.,44.));
#15298=CARTESIAN_POINT('Origin',(26.,0.,40.));
#15299=CARTESIAN_POINT('Origin',(-26.,7.5574661540862,46.));
#15300=CARTESIAN_POINT('',(-26.,7.1149323081724,46.));
#15301=CARTESIAN_POINT('',(-26.,8.,44.527));
#15302=CARTESIAN_POINT('',(-26.,7.5574661540862,45.2635));
#15303=CARTESIAN_POINT('Origin',(-26.,8.,46.));
#15304=CARTESIAN_POINT('Origin',(-26.,10.,46.));
#15305=CARTESIAN_POINT('',(-26.,12.,44.527));
#15306=CARTESIAN_POINT('Origin',(-26.,12.,46.));
#15307=CARTESIAN_POINT('',(-26.,10.,44.527));
#15308=CARTESIAN_POINT('Origin',(-26.,7.5574661540862,-6.));
#15309=CARTESIAN_POINT('',(-26.,7.1149323081724,-6.));
#15310=CARTESIAN_POINT('',(-26.,8.,-7.473));
#15311=CARTESIAN_POINT('',(-26.,7.5574661540862,-6.7365));
#15312=CARTESIAN_POINT('Origin',(-26.,8.,-6.));
#15313=CARTESIAN_POINT('Origin',(-26.,10.,-6.));
#15314=CARTESIAN_POINT('',(-26.,12.,-7.473));
#15315=CARTESIAN_POINT('Origin',(-26.,12.,-6.));
#15316=CARTESIAN_POINT('',(-26.,10.,-7.473));
#15317=CARTESIAN_POINT('Origin',(26.,7.5574661540862,-6.));
#15318=CARTESIAN_POINT('',(26.,7.1149323081724,-6.));
#15319=CARTESIAN_POINT('',(26.,8.,-7.473));
#15320=CARTESIAN_POINT('',(26.,7.5574661540862,-6.7365));
#15321=CARTESIAN_POINT('Origin',(26.,8.,-6.));
#15322=CARTESIAN_POINT('Origin',(26.,10.,-6.));
#15323=CARTESIAN_POINT('',(26.,12.,-7.473));
#15324=CARTESIAN_POINT('Origin',(26.,12.,-6.));
#15325=CARTESIAN_POINT('',(26.,10.,-7.473));
#15326=CARTESIAN_POINT('Origin',(26.,7.5574661540862,46.));
#15327=CARTESIAN_POINT('',(26.,7.1149323081724,46.));
#15328=CARTESIAN_POINT('',(26.,8.,44.527));
#15329=CARTESIAN_POINT('',(26.,7.5574661540862,45.2635));
#15330=CARTESIAN_POINT('Origin',(26.,8.,46.));
#15331=CARTESIAN_POINT('Origin',(26.,10.,46.));
#15332=CARTESIAN_POINT('',(26.,12.,44.527));
#15333=CARTESIAN_POINT('Origin',(26.,12.,46.));
#15334=CARTESIAN_POINT('',(26.,10.,44.527));
#15335=CARTESIAN_POINT('Origin',(-30.,6.,-3.99999999999999));
#15336=CARTESIAN_POINT('',(-30.,2.,-8.));
#15337=CARTESIAN_POINT('',(-34.,2.00000001441387,-4.));
#15338=CARTESIAN_POINT('Origin',(-30.,2.,-3.99999999999999));
#15339=CARTESIAN_POINT('',(-34.,10.,-3.99999999999999));
#15340=CARTESIAN_POINT('',(-34.,6.,-3.99999999999999));
#15341=CARTESIAN_POINT('',(-30.,10.,-8.));
#15342=CARTESIAN_POINT('Origin',(-30.,10.,-3.99999999999999));
#15343=CARTESIAN_POINT('',(-30.,6.,-8.));
#15344=CARTESIAN_POINT('Origin',(-34.,6.,20.));
#15345=CARTESIAN_POINT('',(-34.,2.00000001441387,44.));
#15346=CARTESIAN_POINT('',(-34.,2.00000002980232,84.));
#15347=CARTESIAN_POINT('',(-34.,10.,44.));
#15348=CARTESIAN_POINT('',(-34.,6.,44.));
#15349=CARTESIAN_POINT('',(-34.,10.,-16.));
#15350=CARTESIAN_POINT('Origin',(30.,6.,-3.99999999999999));
#15351=CARTESIAN_POINT('',(34.,2.,-3.99999999999999));
#15352=CARTESIAN_POINT('',(30.,2.,-8.));
#15353=CARTESIAN_POINT('Origin',(30.,2.,-3.99999999999999));
#15354=CARTESIAN_POINT('',(30.,10.,-8.));
#15355=CARTESIAN_POINT('',(30.,6.,-8.));
#15356=CARTESIAN_POINT('',(34.,10.,-3.99999999999999));
#15357=CARTESIAN_POINT('Origin',(30.,10.,-3.99999999999999));
#15358=CARTESIAN_POINT('',(34.,6.,-3.99999999999999));
#15359=CARTESIAN_POINT('Origin',(-3.99999999999999,6.,-8.));
#15360=CARTESIAN_POINT('',(42.,10.,-8.));
#15361=CARTESIAN_POINT('',(-58.,2.,-8.));
#15362=CARTESIAN_POINT('Origin',(30.,6.,44.));
#15363=CARTESIAN_POINT('',(34.,10.,44.));
#15364=CARTESIAN_POINT('',(30.,10.,48.));
#15365=CARTESIAN_POINT('Origin',(30.,10.,44.));
#15366=CARTESIAN_POINT('',(30.,2.,48.));
#15367=CARTESIAN_POINT('',(30.,6.,48.));
#15368=CARTESIAN_POINT('',(34.,2.,44.));
#15369=CARTESIAN_POINT('Origin',(30.,2.,44.));
#15370=CARTESIAN_POINT('',(34.,6.,44.));
#15371=CARTESIAN_POINT('Origin',(0.,6.,48.));
#15372=CARTESIAN_POINT('',(-30.,10.,48.));
#15373=CARTESIAN_POINT('',(-50.,10.,48.));
#15374=CARTESIAN_POINT('',(-30.,2.,48.));
#15375=CARTESIAN_POINT('',(-30.,6.,48.));
#15376=CARTESIAN_POINT('',(50.,2.,48.));
#15377=CARTESIAN_POINT('Origin',(-30.,6.,44.));
#15378=CARTESIAN_POINT('Origin',(-30.,2.,44.));
#15379=CARTESIAN_POINT('Origin',(-30.,10.,44.));
#15380=CARTESIAN_POINT('Origin',(34.,6.,16.));
#15381=CARTESIAN_POINT('',(34.,10.,56.));
#15382=CARTESIAN_POINT('',(34.,2.,-44.));
#15383=CARTESIAN_POINT('Origin',(-50.,10.,64.));
#15384=CARTESIAN_POINT('',(-46.,10.,-24.));
#15385=CARTESIAN_POINT('',(-50.,10.,-20.));
#15386=CARTESIAN_POINT('Origin',(-46.,10.,-20.));
#15387=CARTESIAN_POINT('',(46.,10.,-24.));
#15388=CARTESIAN_POINT('',(40.,10.,-24.));
#15389=CARTESIAN_POINT('',(50.,10.,-20.));
#15390=CARTESIAN_POINT('Origin',(46.,10.,-20.));
#15391=CARTESIAN_POINT('',(50.,10.,60.));
#15392=CARTESIAN_POINT('',(50.,10.,77.));
#15393=CARTESIAN_POINT('',(46.,10.,64.));
#15394=CARTESIAN_POINT('Origin',(46.,10.,60.));
#15395=CARTESIAN_POINT('',(-46.,10.,64.));
#15396=CARTESIAN_POINT('',(-40.,10.,64.));
#15397=CARTESIAN_POINT('',(-50.,10.,60.));
#15398=CARTESIAN_POINT('Origin',(-46.,10.,60.));
#15399=CARTESIAN_POINT('',(-50.,10.,-37.));
#15400=CARTESIAN_POINT('Origin',(50.,2.,64.));
#15401=CARTESIAN_POINT('Origin',(-46.,2.,60.));
#15402=CARTESIAN_POINT('Origin',(46.,2.,-20.));
#15403=CARTESIAN_POINT('Origin',(-26.,0.,40.));
#15404=CARTESIAN_POINT('',(-26.,12.,44.));
#15405=CARTESIAN_POINT('Origin',(-26.,12.,40.));
#15406=CARTESIAN_POINT('',(-26.,0.,44.));
#15407=CARTESIAN_POINT('Origin',(22.,0.,44.));
#15408=CARTESIAN_POINT('',(26.,12.,44.));
#15409=CARTESIAN_POINT('',(-11.,12.,44.));
#15410=CARTESIAN_POINT('',(26.,0.,44.));
#15411=CARTESIAN_POINT('Origin',(-26.,0.,0.));
#15412=CARTESIAN_POINT('',(-26.,12.,-3.99999999999999));
#15413=CARTESIAN_POINT('',(-26.,0.,-4.));
#15414=CARTESIAN_POINT('Origin',(-26.,12.,0.));
#15415=CARTESIAN_POINT('Origin',(-22.,0.,-4.));
#15416=CARTESIAN_POINT('',(26.,12.,-3.99999999999999));
#15417=CARTESIAN_POINT('',(26.,0.,-4.));
#15418=CARTESIAN_POINT('',(11.,12.,-3.99999999999999));
#15419=CARTESIAN_POINT('Origin',(26.,0.,0.));
#15420=CARTESIAN_POINT('Origin',(26.,12.,0.));
#15421=CARTESIAN_POINT('Origin',(26.,0.,40.));
#15422=CARTESIAN_POINT('Origin',(26.,12.,40.));
#15423=CARTESIAN_POINT('Origin',(-46.,0.,-20.));
#15424=CARTESIAN_POINT('',(-50.,12.,-20.));
#15425=CARTESIAN_POINT('',(-50.,0.,-20.));
#15426=CARTESIAN_POINT('',(-46.,12.,-24.));
#15427=CARTESIAN_POINT('Origin',(-46.,12.,-20.));
#15428=CARTESIAN_POINT('',(-46.,0.,-24.));
#15429=CARTESIAN_POINT('Origin',(-50.,0.,-50.));
#15430=CARTESIAN_POINT('',(-50.,12.,60.));
#15431=CARTESIAN_POINT('',(-50.,0.,60.));
#15432=CARTESIAN_POINT('',(-50.,12.,60.));
#15433=CARTESIAN_POINT('Origin',(46.,0.,-20.));
#15434=CARTESIAN_POINT('Origin',(46.,0.,-20.));
#15435=CARTESIAN_POINT('',(46.,12.,-24.));
#15436=CARTESIAN_POINT('',(50.,12.,-20.));
#15437=CARTESIAN_POINT('Origin',(46.,12.,-20.));
#15438=CARTESIAN_POINT('',(50.,0.,-20.));
#15439=CARTESIAN_POINT('',(46.,0.,-24.));
#15440=CARTESIAN_POINT('Origin',(50.,0.,90.));
#15441=CARTESIAN_POINT('',(50.,12.,60.));
#15442=CARTESIAN_POINT('',(50.,12.,-20.));
#15443=CARTESIAN_POINT('',(50.,0.,60.));
#15444=CARTESIAN_POINT('Origin',(46.,0.,60.));
#15445=CARTESIAN_POINT('',(46.,12.,64.));
#15446=CARTESIAN_POINT('Origin',(46.,12.,60.));
#15447=CARTESIAN_POINT('',(46.,0.,64.));
#15448=CARTESIAN_POINT('Origin',(-46.,0.,60.));
#15449=CARTESIAN_POINT('Origin',(-46.,0.,60.));
#15450=CARTESIAN_POINT('',(-46.,12.,64.));
#15451=CARTESIAN_POINT('',(-46.,0.,64.));
#15452=CARTESIAN_POINT('Origin',(-46.,12.,60.));
#15453=CARTESIAN_POINT('Origin',(30.,0.,-24.));
#15454=CARTESIAN_POINT('',(-46.,12.,-24.));
#15455=CARTESIAN_POINT('Origin',(-30.,0.,64.));
#15456=CARTESIAN_POINT('',(-46.,12.,64.));
#15457=CARTESIAN_POINT('Origin',(0.,12.,20.));
#15458=CARTESIAN_POINT('',(0.,0.,0.));
#15459=CARTESIAN_POINT('Origin',(30.,0.,-24.));
#15460=CARTESIAN_POINT('',(46.,0.,-24.0000000004906));
#15461=CARTESIAN_POINT('',(-46.,0.,-24.0000000004906));
#15462=CARTESIAN_POINT('',(15.,0.,-24.));
#15463=CARTESIAN_POINT('',(-46.,2.,-24.));
#15464=CARTESIAN_POINT('',(-46.,0.,-24.));
#15465=CARTESIAN_POINT('',(46.,2.,-24.));
#15466=CARTESIAN_POINT('',(40.,2.,-24.));
#15467=CARTESIAN_POINT('',(46.,0.,-24.));
#15468=CARTESIAN_POINT('Origin',(-46.,0.,-20.));
#15469=CARTESIAN_POINT('',(-50.,0.,-20.));
#15470=CARTESIAN_POINT('Origin',(-46.,0.,-20.));
#15471=CARTESIAN_POINT('',(-50.,2.,-20.));
#15472=CARTESIAN_POINT('',(-50.,0.,-20.));
#15473=CARTESIAN_POINT('Origin',(-46.,2.,-20.));
#15474=CARTESIAN_POINT('Origin',(-30.,0.,82.));
#15475=CARTESIAN_POINT('',(-30.,0.,0.));
#15476=CARTESIAN_POINT('',(-30.,0.,40.));
#15477=CARTESIAN_POINT('',(-30.,0.,51.));
#15478=CARTESIAN_POINT('',(-30.,12.,0.));
#15479=CARTESIAN_POINT('',(-30.,0.,0.));
#15480=CARTESIAN_POINT('',(-30.,12.,40.));
#15481=CARTESIAN_POINT('',(-30.,12.,51.));
#15482=CARTESIAN_POINT('',(-30.,0.,40.));
#15483=CARTESIAN_POINT('Origin',(-30.,0.,64.));
#15484=CARTESIAN_POINT('',(-46.,0.,64.0000003178914));
#15485=CARTESIAN_POINT('',(46.,0.,64.0000003178914));
#15486=CARTESIAN_POINT('',(-15.,0.,64.));
#15487=CARTESIAN_POINT('',(46.,2.,64.0000003178914));
#15488=CARTESIAN_POINT('',(46.,0.,64.0000009536743));
#15489=CARTESIAN_POINT('',(-46.,2.,64.0000003178914));
#15490=CARTESIAN_POINT('',(10.,2.,64.));
#15491=CARTESIAN_POINT('',(-46.,0.,64.0000009536743));
#15492=CARTESIAN_POINT('Origin',(46.,0.,60.));
#15493=CARTESIAN_POINT('',(50.,0.,60.));
#15494=CARTESIAN_POINT('Origin',(46.,0.,60.));
#15495=CARTESIAN_POINT('',(50.,2.,60.));
#15496=CARTESIAN_POINT('',(50.,0.,60.));
#15497=CARTESIAN_POINT('Origin',(46.,2.,60.));
#15498=CARTESIAN_POINT('Origin',(-32.0000004470348,4.4425338459138,27.0000004768372));
#15499=CARTESIAN_POINT('',(-32.0000004470348,4.8850676918276,27.0000004768372));
#15500=CARTESIAN_POINT('',(-32.0000004470348,4.,28.4730004768372));
#15501=CARTESIAN_POINT('',(-32.0000004470348,4.4425338459138,27.7365004768372));
#15502=CARTESIAN_POINT('Origin',(-32.0000004470348,4.,27.0000004768372));
#15503=CARTESIAN_POINT('Origin',(-32.0000004470348,2.,27.0000004768372));
#15504=CARTESIAN_POINT('',(-32.0000004470348,2.77555756156289E-16,28.4730004768372));
#15505=CARTESIAN_POINT('Origin',(-32.0000004470348,0.,27.0000004768372));
#15506=CARTESIAN_POINT('',(-32.0000004470348,2.,28.4730004768372));
#15507=CARTESIAN_POINT('Origin',(-32.0000004470348,4.4425338459138,13.000000103926));
#15508=CARTESIAN_POINT('',(-32.0000004470348,4.8850676918276,13.000000103926));
#15509=CARTESIAN_POINT('',(-32.0000004470348,4.,14.4730001039261));
#15510=CARTESIAN_POINT('',(-32.0000004470348,4.4425338459138,13.736500103926));
#15511=CARTESIAN_POINT('Origin',(-32.0000004470348,4.,13.000000103926));
#15512=CARTESIAN_POINT('Origin',(-32.0000004470348,2.,13.000000103926));
#15513=CARTESIAN_POINT('',(-32.0000004470348,2.77555756156289E-16,14.473000103926));
#15514=CARTESIAN_POINT('Origin',(-32.0000004470348,0.,13.000000103926));
#15515=CARTESIAN_POINT('',(-32.0000004470348,2.,14.473000103926));
#15516=CARTESIAN_POINT('Origin',(32.0000004470348,4.4425338459138,13.));
#15517=CARTESIAN_POINT('',(32.0000004470348,4.8850676918276,13.));
#15518=CARTESIAN_POINT('',(32.0000004470348,4.,14.473));
#15519=CARTESIAN_POINT('',(32.0000004470348,4.4425338459138,13.7365));
#15520=CARTESIAN_POINT('Origin',(32.0000004470348,4.,13.));
#15521=CARTESIAN_POINT('Origin',(32.0000004470348,2.,13.));
#15522=CARTESIAN_POINT('',(32.0000004470348,2.77555756156289E-16,14.473));
#15523=CARTESIAN_POINT('Origin',(32.0000004470348,0.,13.));
#15524=CARTESIAN_POINT('',(32.0000004470348,2.,14.473));
#15525=CARTESIAN_POINT('Origin',(32.0000004470348,4.4425338459138,27.0000002598151));
#15526=CARTESIAN_POINT('',(32.0000004470348,4.8850676918276,27.0000002598151));
#15527=CARTESIAN_POINT('',(32.0000004470348,4.,28.4730002598151));
#15528=CARTESIAN_POINT('',(32.0000004470348,4.4425338459138,27.7365002598151));
#15529=CARTESIAN_POINT('Origin',(32.0000004470348,4.,27.0000002598151));
#15530=CARTESIAN_POINT('Origin',(32.0000004470348,2.,27.0000002598151));
#15531=CARTESIAN_POINT('',(32.0000004470348,2.77555756156289E-16,28.4730002598151));
#15532=CARTESIAN_POINT('Origin',(32.0000004470348,0.,27.0000002598151));
#15533=CARTESIAN_POINT('',(32.0000004470348,2.,28.4730002598151));
#15534=CARTESIAN_POINT('Origin',(-31.9999998882413,4.4425338459138,41.));
#15535=CARTESIAN_POINT('',(-31.9999998882413,4.8850676918276,41.));
#15536=CARTESIAN_POINT('',(-31.9999998882413,4.,42.473));
#15537=CARTESIAN_POINT('',(-31.9999998882413,4.4425338459138,41.7365));
#15538=CARTESIAN_POINT('Origin',(-31.9999998882413,4.,41.));
#15539=CARTESIAN_POINT('Origin',(-31.9999998882413,2.,41.));
#15540=CARTESIAN_POINT('',(-31.9999998882413,2.77555756156289E-16,42.473));
#15541=CARTESIAN_POINT('Origin',(-31.9999998882413,0.,41.));
#15542=CARTESIAN_POINT('',(-31.9999998882413,2.,42.473));
#15543=CARTESIAN_POINT('Origin',(-31.9999998882413,4.4425338459138,-0.999999910593033));
#15544=CARTESIAN_POINT('',(-31.9999998882413,4.8850676918276,-0.999999910593033));
#15545=CARTESIAN_POINT('',(-31.9999998882413,4.,0.473000089406967));
#15546=CARTESIAN_POINT('',(-31.9999998882413,4.4425338459138,-0.263499910593033));
#15547=CARTESIAN_POINT('Origin',(-31.9999998882413,4.,-0.999999910593033));
#15548=CARTESIAN_POINT('Origin',(-31.9999998882413,2.,-0.999999910593033));
#15549=CARTESIAN_POINT('',(-31.9999998882413,2.77555756156289E-16,0.473000089406967));
#15550=CARTESIAN_POINT('Origin',(-31.9999998882413,0.,-0.999999910593033));
#15551=CARTESIAN_POINT('',(-31.9999998882413,2.,0.473000089406967));
#15552=CARTESIAN_POINT('Origin',(31.9999998882412,4.4425338459138,41.0000005066395));
#15553=CARTESIAN_POINT('',(31.9999998882412,4.8850676918276,41.0000005066395));
#15554=CARTESIAN_POINT('',(31.9999998882412,4.,42.4730005066395));
#15555=CARTESIAN_POINT('',(31.9999998882412,4.4425338459138,41.7365005066395));
#15556=CARTESIAN_POINT('Origin',(31.9999998882412,4.,41.0000005066395));
#15557=CARTESIAN_POINT('Origin',(31.9999998882412,2.,41.0000005066395));
#15558=CARTESIAN_POINT('',(31.9999998882412,2.77555756156289E-16,42.4730005066395));
#15559=CARTESIAN_POINT('Origin',(31.9999998882412,0.,41.0000005066395));
#15560=CARTESIAN_POINT('',(31.9999998882412,2.,42.4730005066395));
#15561=CARTESIAN_POINT('Origin',(31.9999998882413,4.4425338459138,-0.999999999999999));
#15562=CARTESIAN_POINT('',(31.9999998882413,4.8850676918276,-0.999999999999999));
#15563=CARTESIAN_POINT('',(31.9999998882413,4.,0.473000000000002));
#15564=CARTESIAN_POINT('',(31.9999998882413,4.4425338459138,-0.263499999999999));
#15565=CARTESIAN_POINT('Origin',(31.9999998882413,4.,-0.999999999999999));
#15566=CARTESIAN_POINT('Origin',(31.9999998882413,2.,-0.999999999999999));
#15567=CARTESIAN_POINT('',(31.9999998882413,2.77555756156289E-16,0.473000000000001));
#15568=CARTESIAN_POINT('Origin',(31.9999998882413,0.,-0.999999999999999));
#15569=CARTESIAN_POINT('',(31.9999998882413,2.,0.473000000000001));
#15570=CARTESIAN_POINT('Origin',(50.,0.,90.));
#15571=CARTESIAN_POINT('',(50.,0.,-20.));
#15572=CARTESIAN_POINT('',(50.,0.,60.));
#15573=CARTESIAN_POINT('',(50.,2.,-20.));
#15574=CARTESIAN_POINT('',(50.,0.,-20.));
#15575=CARTESIAN_POINT('',(50.,2.,77.));
#15576=CARTESIAN_POINT('Origin',(30.,0.,-42.));
#15577=CARTESIAN_POINT('',(30.,0.,40.));
#15578=CARTESIAN_POINT('',(30.,0.,0.));
#15579=CARTESIAN_POINT('',(30.,0.,-11.));
#15580=CARTESIAN_POINT('',(30.,12.,40.));
#15581=CARTESIAN_POINT('',(30.,0.,40.));
#15582=CARTESIAN_POINT('',(30.,12.,0.));
#15583=CARTESIAN_POINT('',(30.,12.,-11.));
#15584=CARTESIAN_POINT('',(30.,0.,0.));
#15585=CARTESIAN_POINT('Origin',(-50.,0.,-50.));
#15586=CARTESIAN_POINT('',(-50.,0.,60.));
#15587=CARTESIAN_POINT('',(-50.,0.,-20.));
#15588=CARTESIAN_POINT('',(-50.,2.,60.));
#15589=CARTESIAN_POINT('',(-50.,0.,60.));
#15590=CARTESIAN_POINT('',(-50.,2.,-37.));
#15591=CARTESIAN_POINT('Origin',(0.,0.,20.));
#15592=CARTESIAN_POINT('Origin',(-46.,0.,60.));
#15593=CARTESIAN_POINT('Origin',(46.,0.,-20.));
#15594=CARTESIAN_POINT('',(26.,0.,-3.99999999999999));
#15595=CARTESIAN_POINT('Origin',(26.,0.,0.));
#15596=CARTESIAN_POINT('',(-26.,0.,-3.99999999999999));
#15597=CARTESIAN_POINT('',(-11.,0.,-3.99999999999999));
#15598=CARTESIAN_POINT('Origin',(-26.,0.,0.));
#15599=CARTESIAN_POINT('',(-26.,0.,44.));
#15600=CARTESIAN_POINT('Origin',(-26.,0.,40.));
#15601=CARTESIAN_POINT('',(26.,0.,44.));
#15602=CARTESIAN_POINT('',(-11.,0.,44.));
#15603=CARTESIAN_POINT('Origin',(26.,0.,40.));
#15604=CARTESIAN_POINT('Origin',(-26.,7.5574661540862,46.));
#15605=CARTESIAN_POINT('',(-26.,7.1149323081724,46.));
#15606=CARTESIAN_POINT('',(-26.,8.,44.527));
#15607=CARTESIAN_POINT('',(-26.,7.5574661540862,45.2635));
#15608=CARTESIAN_POINT('Origin',(-26.,8.,46.));
#15609=CARTESIAN_POINT('Origin',(-26.,10.,46.));
#15610=CARTESIAN_POINT('',(-26.,12.,44.527));
#15611=CARTESIAN_POINT('Origin',(-26.,12.,46.));
#15612=CARTESIAN_POINT('',(-26.,10.,44.527));
#15613=CARTESIAN_POINT('Origin',(-26.,7.5574661540862,-6.));
#15614=CARTESIAN_POINT('',(-26.,7.1149323081724,-6.));
#15615=CARTESIAN_POINT('',(-26.,8.,-7.473));
#15616=CARTESIAN_POINT('',(-26.,7.5574661540862,-6.7365));
#15617=CARTESIAN_POINT('Origin',(-26.,8.,-6.));
#15618=CARTESIAN_POINT('Origin',(-26.,10.,-6.));
#15619=CARTESIAN_POINT('',(-26.,12.,-7.473));
#15620=CARTESIAN_POINT('Origin',(-26.,12.,-6.));
#15621=CARTESIAN_POINT('',(-26.,10.,-7.473));
#15622=CARTESIAN_POINT('Origin',(26.,7.5574661540862,-6.));
#15623=CARTESIAN_POINT('',(26.,7.1149323081724,-6.));
#15624=CARTESIAN_POINT('',(26.,8.,-7.473));
#15625=CARTESIAN_POINT('',(26.,7.5574661540862,-6.7365));
#15626=CARTESIAN_POINT('Origin',(26.,8.,-6.));
#15627=CARTESIAN_POINT('Origin',(26.,10.,-6.));
#15628=CARTESIAN_POINT('',(26.,12.,-7.473));
#15629=CARTESIAN_POINT('Origin',(26.,12.,-6.));
#15630=CARTESIAN_POINT('',(26.,10.,-7.473));
#15631=CARTESIAN_POINT('Origin',(26.,7.5574661540862,46.));
#15632=CARTESIAN_POINT('',(26.,7.1149323081724,46.));
#15633=CARTESIAN_POINT('',(26.,8.,44.527));
#15634=CARTESIAN_POINT('',(26.,7.5574661540862,45.2635));
#15635=CARTESIAN_POINT('Origin',(26.,8.,46.));
#15636=CARTESIAN_POINT('Origin',(26.,10.,46.));
#15637=CARTESIAN_POINT('',(26.,12.,44.527));
#15638=CARTESIAN_POINT('Origin',(26.,12.,46.));
#15639=CARTESIAN_POINT('',(26.,10.,44.527));
#15640=CARTESIAN_POINT('Origin',(-30.,6.,-3.99999999999999));
#15641=CARTESIAN_POINT('',(-30.,2.,-8.));
#15642=CARTESIAN_POINT('',(-34.,2.00000001441387,-4.));
#15643=CARTESIAN_POINT('Origin',(-30.,2.,-3.99999999999999));
#15644=CARTESIAN_POINT('',(-34.,10.,-3.99999999999999));
#15645=CARTESIAN_POINT('',(-34.,6.,-3.99999999999999));
#15646=CARTESIAN_POINT('',(-30.,10.,-8.));
#15647=CARTESIAN_POINT('Origin',(-30.,10.,-3.99999999999999));
#15648=CARTESIAN_POINT('',(-30.,6.,-8.));
#15649=CARTESIAN_POINT('Origin',(-34.,6.,20.));
#15650=CARTESIAN_POINT('',(-34.,2.00000001441387,44.));
#15651=CARTESIAN_POINT('',(-34.,2.00000002980232,84.));
#15652=CARTESIAN_POINT('',(-34.,10.,44.));
#15653=CARTESIAN_POINT('',(-34.,6.,44.));
#15654=CARTESIAN_POINT('',(-34.,10.,-16.));
#15655=CARTESIAN_POINT('Origin',(30.,6.,-3.99999999999999));
#15656=CARTESIAN_POINT('',(34.,2.,-3.99999999999999));
#15657=CARTESIAN_POINT('',(30.,2.,-8.));
#15658=CARTESIAN_POINT('Origin',(30.,2.,-3.99999999999999));
#15659=CARTESIAN_POINT('',(30.,10.,-8.));
#15660=CARTESIAN_POINT('',(30.,6.,-8.));
#15661=CARTESIAN_POINT('',(34.,10.,-3.99999999999999));
#15662=CARTESIAN_POINT('Origin',(30.,10.,-3.99999999999999));
#15663=CARTESIAN_POINT('',(34.,6.,-3.99999999999999));
#15664=CARTESIAN_POINT('Origin',(-3.99999999999999,6.,-8.));
#15665=CARTESIAN_POINT('',(42.,10.,-8.));
#15666=CARTESIAN_POINT('',(-58.,2.,-8.));
#15667=CARTESIAN_POINT('Origin',(30.,6.,44.));
#15668=CARTESIAN_POINT('',(34.,10.,44.));
#15669=CARTESIAN_POINT('',(30.,10.,48.));
#15670=CARTESIAN_POINT('Origin',(30.,10.,44.));
#15671=CARTESIAN_POINT('',(30.,2.,48.));
#15672=CARTESIAN_POINT('',(30.,6.,48.));
#15673=CARTESIAN_POINT('',(34.,2.,44.));
#15674=CARTESIAN_POINT('Origin',(30.,2.,44.));
#15675=CARTESIAN_POINT('',(34.,6.,44.));
#15676=CARTESIAN_POINT('Origin',(0.,6.,48.));
#15677=CARTESIAN_POINT('',(-30.,10.,48.));
#15678=CARTESIAN_POINT('',(-50.,10.,48.));
#15679=CARTESIAN_POINT('',(-30.,2.,48.));
#15680=CARTESIAN_POINT('',(-30.,6.,48.));
#15681=CARTESIAN_POINT('',(50.,2.,48.));
#15682=CARTESIAN_POINT('Origin',(-30.,6.,44.));
#15683=CARTESIAN_POINT('Origin',(-30.,2.,44.));
#15684=CARTESIAN_POINT('Origin',(-30.,10.,44.));
#15685=CARTESIAN_POINT('Origin',(34.,6.,16.));
#15686=CARTESIAN_POINT('',(34.,10.,56.));
#15687=CARTESIAN_POINT('',(34.,2.,-44.));
#15688=CARTESIAN_POINT('Origin',(-50.,10.,64.));
#15689=CARTESIAN_POINT('',(-46.,10.,-24.));
#15690=CARTESIAN_POINT('',(-50.,10.,-20.));
#15691=CARTESIAN_POINT('Origin',(-46.,10.,-20.));
#15692=CARTESIAN_POINT('',(46.,10.,-24.));
#15693=CARTESIAN_POINT('',(40.,10.,-24.));
#15694=CARTESIAN_POINT('',(50.,10.,-20.));
#15695=CARTESIAN_POINT('Origin',(46.,10.,-20.));
#15696=CARTESIAN_POINT('',(50.,10.,60.));
#15697=CARTESIAN_POINT('',(50.,10.,77.));
#15698=CARTESIAN_POINT('',(46.,10.,64.));
#15699=CARTESIAN_POINT('Origin',(46.,10.,60.));
#15700=CARTESIAN_POINT('',(-46.,10.,64.));
#15701=CARTESIAN_POINT('',(-40.,10.,64.));
#15702=CARTESIAN_POINT('',(-50.,10.,60.));
#15703=CARTESIAN_POINT('Origin',(-46.,10.,60.));
#15704=CARTESIAN_POINT('',(-50.,10.,-37.));
#15705=CARTESIAN_POINT('Origin',(50.,2.,64.));
#15706=CARTESIAN_POINT('Origin',(-46.,2.,60.));
#15707=CARTESIAN_POINT('Origin',(46.,2.,-20.));
#15708=CARTESIAN_POINT('Origin',(-26.,0.,40.));
#15709=CARTESIAN_POINT('',(-26.,12.,44.));
#15710=CARTESIAN_POINT('Origin',(-26.,12.,40.));
#15711=CARTESIAN_POINT('',(-26.,0.,44.));
#15712=CARTESIAN_POINT('Origin',(22.,0.,44.));
#15713=CARTESIAN_POINT('',(26.,12.,44.));
#15714=CARTESIAN_POINT('',(-11.,12.,44.));
#15715=CARTESIAN_POINT('',(26.,0.,44.));
#15716=CARTESIAN_POINT('Origin',(-26.,0.,0.));
#15717=CARTESIAN_POINT('',(-26.,12.,-3.99999999999999));
#15718=CARTESIAN_POINT('',(-26.,0.,-4.));
#15719=CARTESIAN_POINT('Origin',(-26.,12.,0.));
#15720=CARTESIAN_POINT('Origin',(-22.,0.,-4.));
#15721=CARTESIAN_POINT('',(26.,12.,-3.99999999999999));
#15722=CARTESIAN_POINT('',(26.,0.,-4.));
#15723=CARTESIAN_POINT('',(11.,12.,-3.99999999999999));
#15724=CARTESIAN_POINT('Origin',(26.,0.,0.));
#15725=CARTESIAN_POINT('Origin',(26.,12.,0.));
#15726=CARTESIAN_POINT('Origin',(26.,0.,40.));
#15727=CARTESIAN_POINT('Origin',(26.,12.,40.));
#15728=CARTESIAN_POINT('Origin',(-46.,0.,-20.));
#15729=CARTESIAN_POINT('',(-50.,12.,-20.));
#15730=CARTESIAN_POINT('',(-50.,0.,-20.));
#15731=CARTESIAN_POINT('',(-46.,12.,-24.));
#15732=CARTESIAN_POINT('Origin',(-46.,12.,-20.));
#15733=CARTESIAN_POINT('',(-46.,0.,-24.));
#15734=CARTESIAN_POINT('Origin',(-50.,0.,-50.));
#15735=CARTESIAN_POINT('',(-50.,12.,60.));
#15736=CARTESIAN_POINT('',(-50.,0.,60.));
#15737=CARTESIAN_POINT('',(-50.,12.,60.));
#15738=CARTESIAN_POINT('Origin',(46.,0.,-20.));
#15739=CARTESIAN_POINT('Origin',(46.,0.,-20.));
#15740=CARTESIAN_POINT('',(46.,12.,-24.));
#15741=CARTESIAN_POINT('',(50.,12.,-20.));
#15742=CARTESIAN_POINT('Origin',(46.,12.,-20.));
#15743=CARTESIAN_POINT('',(50.,0.,-20.));
#15744=CARTESIAN_POINT('',(46.,0.,-24.));
#15745=CARTESIAN_POINT('Origin',(50.,0.,90.));
#15746=CARTESIAN_POINT('',(50.,12.,60.));
#15747=CARTESIAN_POINT('',(50.,12.,-20.));
#15748=CARTESIAN_POINT('',(50.,0.,60.));
#15749=CARTESIAN_POINT('Origin',(46.,0.,60.));
#15750=CARTESIAN_POINT('',(46.,12.,64.));
#15751=CARTESIAN_POINT('Origin',(46.,12.,60.));
#15752=CARTESIAN_POINT('',(46.,0.,64.));
#15753=CARTESIAN_POINT('Origin',(-46.,0.,60.));
#15754=CARTESIAN_POINT('Origin',(-46.,0.,60.));
#15755=CARTESIAN_POINT('',(-46.,12.,64.));
#15756=CARTESIAN_POINT('',(-46.,0.,64.));
#15757=CARTESIAN_POINT('Origin',(-46.,12.,60.));
#15758=CARTESIAN_POINT('Origin',(30.,0.,-24.));
#15759=CARTESIAN_POINT('',(-46.,12.,-24.));
#15760=CARTESIAN_POINT('Origin',(-30.,0.,64.));
#15761=CARTESIAN_POINT('',(-46.,12.,64.));
#15762=CARTESIAN_POINT('Origin',(0.,12.,20.));
#15763=CARTESIAN_POINT('',(0.,0.,0.));
#15764=CARTESIAN_POINT('Origin',(3.27825544488292E-7,4.,3.27825544488292E-7));
#15765=CARTESIAN_POINT('',(7.00035746157237,4.,7.00035746157237));
#15766=CARTESIAN_POINT('Origin',(3.27825545598515E-7,4.,3.27825545598515E-7));
#15767=CARTESIAN_POINT('',(1.49011610828254E-7,4.,-9.39987929242036));
#15768=CARTESIAN_POINT('',(-0.000386990964266198,4.,-9.39987929242036));
#15769=CARTESIAN_POINT('',(-4.76019333156936,4.,-9.39987929242036));
#15770=CARTESIAN_POINT('',(9.40000014901161,4.,0.000120707579639445));
#15771=CARTESIAN_POINT('Origin',(1.49011610828254E-7,4.,0.000120707579639445));
#15772=CARTESIAN_POINT('',(1.49784715741674E-7,4.,9.40000014901161));
#15773=CARTESIAN_POINT('Origin',(1.49784715741674E-7,4.,1.49011610828254E-7));
#15774=CARTESIAN_POINT('',(-0.000386991737371112,4.,9.40000014901161));
#15775=CARTESIAN_POINT('',(-4.76019333156936,4.,9.40000014901161));
#15776=CARTESIAN_POINT('',(-9.40038699096427,4.,0.00012070757963889));
#15777=CARTESIAN_POINT('Origin',(-0.000386991737371112,4.,1.49011610828254E-7));
#15778=CARTESIAN_POINT('Origin',(-0.000386990964266198,4.,0.00012070757963889));
#15779=CARTESIAN_POINT('Origin',(3.27825543378069E-7,6.00000008940697,3.27825545598515E-7));
#15780=CARTESIAN_POINT('',(7.00035746157237,2.00000002980232,7.00035746157237));
#15781=CARTESIAN_POINT('',(7.00035746157237,6.00000008940697,7.00035746157237));
#15782=CARTESIAN_POINT('Origin',(3.27825545598515E-7,2.00000002980232,3.27825545598515E-7));
#15783=CARTESIAN_POINT('Origin',(1.49784715741674E-7,1.,1.49011610828254E-7));
#15784=CARTESIAN_POINT('',(9.40000014901161,0.,0.000120707579639445));
#15785=CARTESIAN_POINT('',(1.49784715741674E-7,0.,9.40000014901161));
#15786=CARTESIAN_POINT('Origin',(1.49784715741674E-7,0.,1.49011610828254E-7));
#15787=CARTESIAN_POINT('',(1.49784715741674E-7,1.,9.40000014901161));
#15788=CARTESIAN_POINT('',(9.40000014901161,1.,0.000120707579639445));
#15789=CARTESIAN_POINT('Origin',(-0.000386991737371112,0.,1.49011610828254E-7));
#15790=CARTESIAN_POINT('',(-0.000386991737371112,0.,9.40000014901161));
#15791=CARTESIAN_POINT('',(-0.000386991737371112,0.,9.40000014901161));
#15792=CARTESIAN_POINT('',(-9.40038699096427,0.,0.00012070757963889));
#15793=CARTESIAN_POINT('Origin',(-0.000386991737371112,0.,1.49011610828254E-7));
#15794=CARTESIAN_POINT('',(-9.40038699096427,0.,0.00012070757963889));
#15795=CARTESIAN_POINT('Origin',(-0.000386990964266198,0.,0.00012070757963889));
#15796=CARTESIAN_POINT('',(-0.000386990964266198,0.,-9.39987929242036));
#15797=CARTESIAN_POINT('Origin',(-0.000386990964266198,0.,0.00012070757963889));
#15798=CARTESIAN_POINT('',(-0.000386990964266198,0.,-9.39987929242036));
#15799=CARTESIAN_POINT('Origin',(1.49011610828254E-7,1.,0.000120707579639445));
#15800=CARTESIAN_POINT('',(1.49011610828254E-7,0.,-9.39987929242036));
#15801=CARTESIAN_POINT('Origin',(1.49011610828254E-7,0.,0.000120707579639445));
#15802=CARTESIAN_POINT('',(1.49011610828254E-7,1.,-9.39987929242036));
#15803=CARTESIAN_POINT('Origin',(10.0000001490116,0.,9.40000014901161));
#15804=CARTESIAN_POINT('',(-4.76019333156936,0.,9.40000014901161));
#15805=CARTESIAN_POINT('Origin',(-9.52038699096427,0.,-9.39987929242036));
#15806=CARTESIAN_POINT('',(-4.76019333156936,0.,-9.39987929242036));
#15807=CARTESIAN_POINT('Origin',(-21.9999996721745,2.00000002980232,22.0000003278255));
#15808=CARTESIAN_POINT('',(20.0000003278255,2.00000002980232,-21.9999996721745));
#15809=CARTESIAN_POINT('',(22.0000003278255,2.00000002980232,-19.9999996721745));
#15810=CARTESIAN_POINT('Origin',(20.0000003278255,2.00000002980232,-19.9999996721745));
#15811=CARTESIAN_POINT('',(-19.9999996721745,2.00000002980232,-21.9999996721745));
#15812=CARTESIAN_POINT('',(3.27825544488292E-7,2.00000002980232,-21.9999996721745));
#15813=CARTESIAN_POINT('',(-21.9999996721745,2.00000002980232,-19.9999996721745));
#15814=CARTESIAN_POINT('Origin',(-19.9999996721745,2.00000002980232,-19.9999996721745));
#15815=CARTESIAN_POINT('',(-21.9999996721745,2.00000002980232,20.0000003278255));
#15816=CARTESIAN_POINT('',(-21.9999996721745,2.00000002980232,3.27825544488292E-7));
#15817=CARTESIAN_POINT('',(-19.9999996721745,2.00000002980232,22.0000003278255));
#15818=CARTESIAN_POINT('Origin',(-19.9999996721745,2.00000002980232,20.0000003278255));
#15819=CARTESIAN_POINT('',(20.0000003278255,2.00000002980232,22.0000003278255));
#15820=CARTESIAN_POINT('',(-21.9999996721745,2.00000002980232,22.0000003278255));
#15821=CARTESIAN_POINT('',(22.0000003278255,2.00000002980232,20.0000003278255));
#15822=CARTESIAN_POINT('Origin',(20.0000003278255,2.00000002980232,20.0000003278255));
#15823=CARTESIAN_POINT('',(22.0000003278255,2.00000002980232,22.0000003278255));
#15824=CARTESIAN_POINT('Origin',(20.0000003278255,0.,-19.9999996721745));
#15825=CARTESIAN_POINT('',(22.0000003278255,0.,-19.9999996721745));
#15826=CARTESIAN_POINT('',(22.0000003278255,0.,-19.9999996721745));
#15827=CARTESIAN_POINT('',(20.0000003278255,0.,-21.9999996721745));
#15828=CARTESIAN_POINT('Origin',(20.0000003278255,0.,-19.9999996721745));
#15829=CARTESIAN_POINT('',(20.0000003278255,0.,-21.9999996721745));
#15830=CARTESIAN_POINT('Origin',(22.0000003278255,0.,-21.9999996721745));
#15831=CARTESIAN_POINT('',(-19.9999996721745,0.,-21.9999996721745));
#15832=CARTESIAN_POINT('',(-21.9999996721745,0.,-21.9999996721745));
#15833=CARTESIAN_POINT('',(-19.9999996721745,0.,-21.9999996721745));
#15834=CARTESIAN_POINT('Origin',(3.27825544488292E-7,0.,3.27825544488292E-7));
#15835=CARTESIAN_POINT('',(22.0000003278255,0.,20.0000003278255));
#15836=CARTESIAN_POINT('',(22.0000003278255,0.,-21.9999996721745));
#15837=CARTESIAN_POINT('',(20.0000003278255,0.,22.0000003278255));
#15838=CARTESIAN_POINT('Origin',(20.0000003278255,0.,20.0000003278255));
#15839=CARTESIAN_POINT('',(-19.9999996721745,0.,22.0000003278255));
#15840=CARTESIAN_POINT('',(22.0000003278255,0.,22.0000003278255));
#15841=CARTESIAN_POINT('',(-21.9999996721745,0.,20.0000003278255));
#15842=CARTESIAN_POINT('Origin',(-19.9999996721745,0.,20.0000003278255));
#15843=CARTESIAN_POINT('',(-21.9999996721745,0.,-19.9999996721745));
#15844=CARTESIAN_POINT('',(-21.9999996721745,0.,22.0000003278255));
#15845=CARTESIAN_POINT('Origin',(-19.9999996721745,0.,-19.9999996721745));
#15846=CARTESIAN_POINT('Origin',(20.0000003278255,0.,20.0000003278255));
#15847=CARTESIAN_POINT('',(20.0000003278255,0.,22.0000003278255));
#15848=CARTESIAN_POINT('',(22.0000003278255,0.,20.0000003278255));
#15849=CARTESIAN_POINT('Origin',(-21.9999996721745,0.,22.0000003278255));
#15850=CARTESIAN_POINT('',(-19.9999996721745,0.,22.0000003278255));
#15851=CARTESIAN_POINT('Origin',(-19.9999996721745,0.,20.0000003278255));
#15852=CARTESIAN_POINT('',(-21.9999996721745,0.,20.0000003278255));
#15853=CARTESIAN_POINT('Origin',(-19.9999996721745,0.,-19.9999996721745));
#15854=CARTESIAN_POINT('',(-21.9999996721745,0.,-19.9999996721745));
#15855=CARTESIAN_POINT('Origin',(22.0000003278255,0.,22.0000003278255));
#15856=CARTESIAN_POINT('Origin',(-21.9999996721745,0.,-21.9999996721745));
#15857=CARTESIAN_POINT('',(0.,0.,0.));
#15858=CARTESIAN_POINT('Origin',(-16.0000002980232,2.,-4.));
#15859=CARTESIAN_POINT('',(-16.0000002980232,12.,-5.473));
#15860=CARTESIAN_POINT('Origin',(-16.0000002980232,12.,-4.));
#15861=CARTESIAN_POINT('',(-16.0000002980232,0.,-5.473));
#15862=CARTESIAN_POINT('',(-16.0000002980232,2.,-5.473));
#15863=CARTESIAN_POINT('Origin',(-16.0000002980232,0.,-4.));
#15864=CARTESIAN_POINT('Origin',(-68.0000002980232,2.00000000000007,-4.));
#15865=CARTESIAN_POINT('',(-68.0000002980232,12.,-5.473));
#15866=CARTESIAN_POINT('Origin',(-68.0000002980232,12.,-4.));
#15867=CARTESIAN_POINT('',(-68.0000002980232,0.,-5.473));
#15868=CARTESIAN_POINT('',(-68.0000002980232,2.00000000000007,-5.473));
#15869=CARTESIAN_POINT('Origin',(-68.0000002980232,0.,-4.));
#15870=CARTESIAN_POINT('Origin',(-18.0000002980232,4.,-8.));
#15871=CARTESIAN_POINT('',(-18.0000002980232,4.,0.));
#15872=CARTESIAN_POINT('',(-18.0000002980232,4.,-8.));
#15873=CARTESIAN_POINT('',(-18.0000002980232,4.,-6.));
#15874=CARTESIAN_POINT('',(-18.0000002980232,12.,0.));
#15875=CARTESIAN_POINT('',(-18.0000002980232,4.,0.));
#15876=CARTESIAN_POINT('',(-18.0000002980232,12.,-8.));
#15877=CARTESIAN_POINT('',(-18.0000002980232,12.,0.));
#15878=CARTESIAN_POINT('',(-18.0000002980232,4.,-8.));
#15879=CARTESIAN_POINT('Origin',(-6.00000029802323,4.,0.));
#15880=CARTESIAN_POINT('',(-6.00000029802323,4.,-8.));
#15881=CARTESIAN_POINT('',(-6.00000029802323,4.,0.));
#15882=CARTESIAN_POINT('',(-6.00000029802323,4.,-2.));
#15883=CARTESIAN_POINT('',(-6.00000029802323,12.,-8.));
#15884=CARTESIAN_POINT('',(-6.00000029802323,4.,-8.));
#15885=CARTESIAN_POINT('',(-6.00000029802323,12.,0.));
#15886=CARTESIAN_POINT('',(-6.00000029802323,12.,-8.));
#15887=CARTESIAN_POINT('',(-6.00000029802323,4.,0.));
#15888=CARTESIAN_POINT('Origin',(-12.0000002980232,12.,-4.));
#15889=CARTESIAN_POINT('',(-6.00000029802323,12.,0.));
#15890=CARTESIAN_POINT('',(-18.0000002980232,12.,-8.));
#15891=CARTESIAN_POINT('Origin',(-2.98023223876953E-7,4.,-4.));
#15892=CARTESIAN_POINT('',(-66.0000002980232,4.,-8.));
#15893=CARTESIAN_POINT('',(44.9999997019768,4.,-8.));
#15894=CARTESIAN_POINT('',(-66.0000002980232,4.,0.));
#15895=CARTESIAN_POINT('',(-66.0000002980232,4.,-2.));
#15896=CARTESIAN_POINT('',(-20.0000002980232,4.,0.));
#15897=CARTESIAN_POINT('',(-60.0000002980232,4.,-5.473));
#15898=CARTESIAN_POINT('Origin',(-60.0000002980232,4.,-4.));
#15899=CARTESIAN_POINT('',(-24.0000002980232,4.,-5.473));
#15900=CARTESIAN_POINT('Origin',(-24.0000002980232,4.,-4.));
#15901=CARTESIAN_POINT('Origin',(-2.98023223876953E-7,4.,-4.));
#15902=CARTESIAN_POINT('',(35.9999997019768,4.,0.));
#15903=CARTESIAN_POINT('',(-20.0000002980232,4.,0.));
#15904=CARTESIAN_POINT('',(35.9999997019768,4.,-8.));
#15905=CARTESIAN_POINT('',(35.9999997019768,4.,-4.));
#15906=CARTESIAN_POINT('',(44.9999997019768,4.,-8.));
#15907=CARTESIAN_POINT('',(31.9999997019768,4.,-5.473));
#15908=CARTESIAN_POINT('Origin',(31.9999997019768,4.,-4.));
#15909=CARTESIAN_POINT('Origin',(-78.0000002980232,4.,-8.));
#15910=CARTESIAN_POINT('',(-78.0000002980232,4.,0.));
#15911=CARTESIAN_POINT('',(-78.0000002980232,4.,-8.));
#15912=CARTESIAN_POINT('',(-78.0000002980232,4.,-6.));
#15913=CARTESIAN_POINT('',(-78.0000002980232,12.,0.));
#15914=CARTESIAN_POINT('',(-78.0000002980232,4.,0.));
#15915=CARTESIAN_POINT('',(-78.0000002980232,12.,-8.));
#15916=CARTESIAN_POINT('',(-78.0000002980232,12.,-8.));
#15917=CARTESIAN_POINT('',(-78.0000002980232,4.,-8.));
#15918=CARTESIAN_POINT('Origin',(-66.0000002980232,4.,0.));
#15919=CARTESIAN_POINT('',(-66.0000002980232,12.,-8.));
#15920=CARTESIAN_POINT('',(-66.0000002980232,4.,-8.));
#15921=CARTESIAN_POINT('',(-66.0000002980232,12.,0.));
#15922=CARTESIAN_POINT('',(-66.0000002980232,12.,0.));
#15923=CARTESIAN_POINT('',(-66.0000002980232,4.,0.));
#15924=CARTESIAN_POINT('Origin',(-72.0000002980232,12.,-4.));
#15925=CARTESIAN_POINT('',(-66.0000002980232,12.,-8.));
#15926=CARTESIAN_POINT('',(-78.0000002980232,12.,0.));
#15927=CARTESIAN_POINT('Origin',(-2.98023223876953E-7,4.,-4.));
#15928=CARTESIAN_POINT('',(-120.000000298023,4.,-8.));
#15929=CARTESIAN_POINT('',(44.9999997019768,4.,-8.));
#15930=CARTESIAN_POINT('',(-120.000000298023,4.,0.));
#15931=CARTESIAN_POINT('',(-120.000000298023,4.,-8.));
#15932=CARTESIAN_POINT('',(-20.0000002980232,4.,0.));
#15933=CARTESIAN_POINT('',(-116.000000298023,4.,-5.473));
#15934=CARTESIAN_POINT('Origin',(-116.000000298023,4.,-4.));
#15935=CARTESIAN_POINT('Origin',(-116.000000298023,-1.,-4.));
#15936=CARTESIAN_POINT('',(-116.000000298023,0.,-5.473));
#15937=CARTESIAN_POINT('',(-116.000000298023,-1.,-5.473));
#15938=CARTESIAN_POINT('Origin',(-116.000000298023,0.,-4.));
#15939=CARTESIAN_POINT('Origin',(31.9999997019768,-1.,-4.));
#15940=CARTESIAN_POINT('',(31.9999997019768,0.,-5.473));
#15941=CARTESIAN_POINT('',(31.9999997019768,-1.,-5.473));
#15942=CARTESIAN_POINT('Origin',(31.9999997019768,0.,-4.));
#15943=CARTESIAN_POINT('Origin',(35.9999997019768,2.,-4.));
#15944=CARTESIAN_POINT('',(35.9999997019768,0.,0.));
#15945=CARTESIAN_POINT('',(35.9999997019768,1.,0.));
#15946=CARTESIAN_POINT('',(35.9999997019768,0.,-8.));
#15947=CARTESIAN_POINT('',(35.9999997019768,0.,-4.));
#15948=CARTESIAN_POINT('',(35.9999997019768,1.,-8.));
#15949=CARTESIAN_POINT('Origin',(-120.000000298023,0.,-8.));
#15950=CARTESIAN_POINT('',(-120.000000298023,0.,0.));
#15951=CARTESIAN_POINT('',(-120.000000298023,0.,0.));
#15952=CARTESIAN_POINT('',(-120.000000298023,0.,-8.));
#15953=CARTESIAN_POINT('',(-120.000000298023,0.,-8.));
#15954=CARTESIAN_POINT('',(-120.000000298023,0.,-8.));
#15955=CARTESIAN_POINT('Origin',(-2.98023223876953E-7,0.,-4.));
#15956=CARTESIAN_POINT('',(-20.0000002980232,0.,0.));
#15957=CARTESIAN_POINT('',(-20.0000002980232,0.,-8.));
#15958=CARTESIAN_POINT('',(-24.0000002980232,0.,-5.473));
#15959=CARTESIAN_POINT('Origin',(-24.0000002980232,0.,-4.));
#15960=CARTESIAN_POINT('',(-60.0000002980232,0.,-5.473));
#15961=CARTESIAN_POINT('Origin',(-60.0000002980232,0.,-4.));
#15962=CARTESIAN_POINT('Origin',(-20.0000002980232,0.,0.));
#15963=CARTESIAN_POINT('Origin',(-24.0000002980232,0.825,-4.));
#15964=CARTESIAN_POINT('',(-24.0000002980232,0.825,-5.473));
#15965=CARTESIAN_POINT('Origin',(-60.0000002980232,0.825,-4.));
#15966=CARTESIAN_POINT('',(-60.0000002980232,0.825,-5.473));
#15967=CARTESIAN_POINT('Origin',(19.9999997019768,0.,-8.));
#15968=CARTESIAN_POINT('',(0.,0.,0.));
#15969=CARTESIAN_POINT('Origin',(3.27825544488292E-7,6.00000008940697,3.27825544488292E-7));
#15970=CARTESIAN_POINT('',(8.48528170206412,10.0000001490116,8.48528170206412));
#15971=CARTESIAN_POINT('Origin',(3.27825544488292E-7,10.0000001490116,3.27825544488292E-7));
#15972=CARTESIAN_POINT('',(8.48528170206412,2.,8.48528170206412));
#15973=CARTESIAN_POINT('',(8.48528170206412,6.00000008940697,8.48528170206411));
#15974=CARTESIAN_POINT('Origin',(3.27825544488292E-7,2.,3.27825544488292E-7));
#15975=CARTESIAN_POINT('Origin',(-21.9999996721745,10.0000001490116,-22.0000003278255));
#15976=CARTESIAN_POINT('',(-27.9999996721745,10.0000001490116,-21.9999996721745));
#15977=CARTESIAN_POINT('',(-29.9999996721745,10.0000001490116,-19.9999996721745));
#15978=CARTESIAN_POINT('Origin',(-27.9999996721745,10.0000001490116,-19.9999996721745));
#15979=CARTESIAN_POINT('',(28.0000003278255,10.0000001490116,-21.9999996721745));
#15980=CARTESIAN_POINT('',(-21.9999996721745,10.0000001490116,-21.9999996721745));
#15981=CARTESIAN_POINT('',(30.0000003278255,10.0000001490116,-19.9999996721745));
#15982=CARTESIAN_POINT('Origin',(28.0000003278255,10.0000001490116,-19.9999996721745));
#15983=CARTESIAN_POINT('',(30.0000003278255,10.0000001490116,20.0000003278255));
#15984=CARTESIAN_POINT('',(30.0000003278255,10.0000001490116,22.0000003278255));
#15985=CARTESIAN_POINT('',(28.0000003278255,10.0000001490116,22.0000003278255));
#15986=CARTESIAN_POINT('Origin',(28.0000003278255,10.0000001490116,20.0000003278255));
#15987=CARTESIAN_POINT('',(-27.9999996721745,10.0000001490116,22.0000003278255));
#15988=CARTESIAN_POINT('',(22.0000003278255,10.0000001490116,22.0000003278255));
#15989=CARTESIAN_POINT('',(-29.9999996721745,10.0000001490116,20.0000003278255));
#15990=CARTESIAN_POINT('Origin',(-27.9999996721745,10.0000001490116,20.0000003278255));
#15991=CARTESIAN_POINT('',(-29.9999996721745,10.0000001490116,-21.9999996721745));
#15992=CARTESIAN_POINT('',(-25.9999996721745,10.0000001490116,-19.4729996721745));
#15993=CARTESIAN_POINT('Origin',(-25.9999996721745,10.0000001490116,-17.9999996721745));
#15994=CARTESIAN_POINT('',(-25.9999996721745,10.0000001490116,16.5270003278255));
#15995=CARTESIAN_POINT('Origin',(-25.9999996721745,10.0000001490116,18.0000003278255));
#15996=CARTESIAN_POINT('',(26.0000003278255,10.0000001490116,-19.4729996721745));
#15997=CARTESIAN_POINT('Origin',(26.0000003278255,10.0000001490116,-17.9999996721745));
#15998=CARTESIAN_POINT('',(26.0000003278255,10.0000001490116,16.5270003278255));
#15999=CARTESIAN_POINT('Origin',(26.0000003278255,10.0000001490116,18.0000003278255));
#16000=CARTESIAN_POINT('Origin',(1.49738330623705E-7,0.,0.000120707579638335));
#16001=CARTESIAN_POINT('',(1.49738330623705E-7,12.,-9.99987929242036));
#16002=CARTESIAN_POINT('',(10.0000001490116,12.,1.49011611938477E-7));
#16003=CARTESIAN_POINT('Origin',(1.49738330623705E-7,12.,0.000120707579638335));
#16004=CARTESIAN_POINT('',(1.49738330623705E-7,2.,-9.99987929242036));
#16005=CARTESIAN_POINT('',(1.49738330623705E-7,0.,-9.99987929242036));
#16006=CARTESIAN_POINT('',(10.0000001490116,2.,1.49011611938477E-7));
#16007=CARTESIAN_POINT('Origin',(1.49738330623705E-7,2.,0.000120707579638335));
#16008=CARTESIAN_POINT('',(10.0000001490116,0.,1.49011611938477E-7));
#16009=CARTESIAN_POINT('Origin',(-0.000386991690985994,0.,0.000120707579638335));
#16010=CARTESIAN_POINT('',(-10.0003869909643,2.,1.49011611938477E-7));
#16011=CARTESIAN_POINT('',(-0.000386991690985994,2.,-9.99987929242036));
#16012=CARTESIAN_POINT('Origin',(-0.000386991690985994,2.,0.000120707579638335));
#16013=CARTESIAN_POINT('',(-0.000386991690985994,12.,-9.99987929242036));
#16014=CARTESIAN_POINT('',(-0.000386991690985994,0.,-9.99987929242036));
#16015=CARTESIAN_POINT('',(-10.0003869909643,12.,1.49011611938477E-7));
#16016=CARTESIAN_POINT('Origin',(-0.000386991690985994,12.,0.000120707579638335));
#16017=CARTESIAN_POINT('',(-10.0003869909643,0.,1.49011611938477E-7));
#16018=CARTESIAN_POINT('Origin',(-0.000386990964267309,0.,1.49011611938477E-7));
#16019=CARTESIAN_POINT('',(-0.000386990964267309,2.,10.0000001490116));
#16020=CARTESIAN_POINT('Origin',(-0.000386990964267309,2.,1.49011611938477E-7));
#16021=CARTESIAN_POINT('',(-0.000386990964267309,12.,10.0000001490116));
#16022=CARTESIAN_POINT('Origin',(-0.000386990964267309,12.,1.49011611938477E-7));
#16023=CARTESIAN_POINT('',(-0.000386990964267309,0.,10.0000001490116));
#16024=CARTESIAN_POINT('Origin',(1.49011611938477E-7,0.,1.49011611938477E-7));
#16025=CARTESIAN_POINT('',(1.49011611938477E-7,2.,10.0000001490116));
#16026=CARTESIAN_POINT('Origin',(1.49011611938477E-7,2.,1.49011611938477E-7));
#16027=CARTESIAN_POINT('',(1.49011611938477E-7,12.,10.0000001490116));
#16028=CARTESIAN_POINT('',(1.49011611938477E-7,0.,10.0000001490116));
#16029=CARTESIAN_POINT('Origin',(1.49011611938477E-7,12.,1.49011611938477E-7));
#16030=CARTESIAN_POINT('Origin',(10.0000001490116,0.,10.0000001490116));
#16031=CARTESIAN_POINT('',(10.0000001490116,12.,10.0000001490116));
#16032=CARTESIAN_POINT('',(5.00000023841858,2.,10.0000001490116));
#16033=CARTESIAN_POINT('Origin',(-9.52038699096427,0.,-9.99987929242036));
#16034=CARTESIAN_POINT('',(-4.76019333156936,12.,-9.99987929242036));
#16035=CARTESIAN_POINT('',(-4.76019333156936,2.,-9.99987929242036));
#16036=CARTESIAN_POINT('Origin',(3.27825544488292E-7,12.,3.27825544488292E-7));
#16037=CARTESIAN_POINT('',(-29.9999996721745,12.,-19.9999996721745));
#16038=CARTESIAN_POINT('',(-27.9999996721745,12.,-21.9999996721745));
#16039=CARTESIAN_POINT('Origin',(-27.9999996721745,12.,-19.9999996721745));
#16040=CARTESIAN_POINT('',(-29.9999996721745,12.,20.0000003278255));
#16041=CARTESIAN_POINT('',(-29.9999996721745,12.,22.0000003278255));
#16042=CARTESIAN_POINT('',(-27.9999996721745,12.,22.0000003278255));
#16043=CARTESIAN_POINT('Origin',(-27.9999996721745,12.,20.0000003278255));
#16044=CARTESIAN_POINT('',(28.0000003278255,12.,22.0000003278255));
#16045=CARTESIAN_POINT('',(22.0000003278255,12.,22.0000003278255));
#16046=CARTESIAN_POINT('',(30.0000003278255,12.,20.0000003278255));
#16047=CARTESIAN_POINT('Origin',(28.0000003278255,12.,20.0000003278255));
#16048=CARTESIAN_POINT('',(30.0000003278255,12.,-19.9999996721745));
#16049=CARTESIAN_POINT('',(30.0000003278255,12.,-21.9999996721745));
#16050=CARTESIAN_POINT('',(28.0000003278255,12.,-21.9999996721745));
#16051=CARTESIAN_POINT('Origin',(28.0000003278255,12.,-19.9999996721745));
#16052=CARTESIAN_POINT('',(-12.9999998360872,12.,-21.9999996721745));
#16053=CARTESIAN_POINT('',(26.0000003278255,12.,16.5270003278255));
#16054=CARTESIAN_POINT('Origin',(26.0000003278255,12.,18.0000003278255));
#16055=CARTESIAN_POINT('',(26.0000003278255,12.,-19.4729996721745));
#16056=CARTESIAN_POINT('Origin',(26.0000003278255,12.,-17.9999996721745));
#16057=CARTESIAN_POINT('',(-25.9999996721745,12.,16.5270003278255));
#16058=CARTESIAN_POINT('Origin',(-25.9999996721745,12.,18.0000003278255));
#16059=CARTESIAN_POINT('',(-25.9999996721745,12.,-19.4729996721745));
#16060=CARTESIAN_POINT('Origin',(-25.9999996721745,12.,-17.9999996721745));
#16061=CARTESIAN_POINT('Origin',(3.27825544488292E-7,2.,3.27825544488292E-7));
#16062=CARTESIAN_POINT('Origin',(-25.9999996721745,8.825,-17.9999996721745));
#16063=CARTESIAN_POINT('',(-25.9999996721745,8.825,-19.4729996721745));
#16064=CARTESIAN_POINT('Origin',(-25.9999996721745,8.825,18.0000003278255));
#16065=CARTESIAN_POINT('',(-25.9999996721745,8.825,16.5270003278255));
#16066=CARTESIAN_POINT('Origin',(26.0000003278255,8.825,-17.9999996721745));
#16067=CARTESIAN_POINT('',(26.0000003278255,8.825,-19.4729996721745));
#16068=CARTESIAN_POINT('Origin',(26.0000003278255,8.825,18.0000003278255));
#16069=CARTESIAN_POINT('',(26.0000003278255,8.825,16.5270003278255));
#16070=CARTESIAN_POINT('Origin',(-27.9999996721745,0.,-19.9999996721745));
#16071=CARTESIAN_POINT('',(-29.9999996721745,0.,-19.9999996721745));
#16072=CARTESIAN_POINT('',(-27.9999996721745,0.,-21.9999996721745));
#16073=CARTESIAN_POINT('Origin',(22.0000003278255,0.,-21.9999996721745));
#16074=CARTESIAN_POINT('',(28.0000003278255,0.,-21.9999996721745));
#16075=CARTESIAN_POINT('Origin',(28.0000003278255,0.,-19.9999996721745));
#16076=CARTESIAN_POINT('',(30.0000003278255,0.,-19.9999996721745));
#16077=CARTESIAN_POINT('Origin',(30.0000003278255,0.,22.0000003278255));
#16078=CARTESIAN_POINT('',(30.0000003278255,0.,20.0000003278255));
#16079=CARTESIAN_POINT('Origin',(-27.9999996721745,0.,20.0000003278255));
#16080=CARTESIAN_POINT('',(-29.9999996721745,0.,20.0000003278255));
#16081=CARTESIAN_POINT('',(-27.9999996721745,0.,22.0000003278255));
#16082=CARTESIAN_POINT('Origin',(-29.9999996721745,0.,-21.9999996721745));
#16083=CARTESIAN_POINT('Origin',(28.0000003278255,0.,20.0000003278255));
#16084=CARTESIAN_POINT('',(28.0000003278255,0.,22.0000003278255));
#16085=CARTESIAN_POINT('Origin',(-21.9999996721745,0.,22.0000003278255));
#16086=CARTESIAN_POINT('',(0.,0.,0.));
#16087=CARTESIAN_POINT('Origin',(-16.0000002980232,2.,-4.));
#16088=CARTESIAN_POINT('',(-16.0000002980232,12.,-5.473));
#16089=CARTESIAN_POINT('Origin',(-16.0000002980232,12.,-4.));
#16090=CARTESIAN_POINT('',(-16.0000002980232,0.,-5.473));
#16091=CARTESIAN_POINT('',(-16.0000002980232,2.,-5.473));
#16092=CARTESIAN_POINT('Origin',(-16.0000002980232,0.,-4.));
#16093=CARTESIAN_POINT('Origin',(-68.0000002980232,2.,-4.));
#16094=CARTESIAN_POINT('',(-68.0000002980232,12.,-5.473));
#16095=CARTESIAN_POINT('Origin',(-68.0000002980232,12.,-4.));
#16096=CARTESIAN_POINT('',(-68.0000002980232,0.,-5.473));
#16097=CARTESIAN_POINT('',(-68.0000002980232,2.,-5.473));
#16098=CARTESIAN_POINT('Origin',(-68.0000002980232,0.,-4.));
#16099=CARTESIAN_POINT('Origin',(-18.0000002980232,4.,-8.));
#16100=CARTESIAN_POINT('',(-18.0000002980232,4.,0.));
#16101=CARTESIAN_POINT('',(-18.0000002980232,4.,-8.));
#16102=CARTESIAN_POINT('',(-18.0000002980232,4.,-6.));
#16103=CARTESIAN_POINT('',(-18.0000002980232,12.,0.));
#16104=CARTESIAN_POINT('',(-18.0000002980232,4.,0.));
#16105=CARTESIAN_POINT('',(-18.0000002980232,12.,-8.));
#16106=CARTESIAN_POINT('',(-18.0000002980232,12.,0.));
#16107=CARTESIAN_POINT('',(-18.0000002980232,4.,-8.));
#16108=CARTESIAN_POINT('Origin',(-6.00000029802324,4.,0.));
#16109=CARTESIAN_POINT('',(-6.00000029802324,4.,-8.));
#16110=CARTESIAN_POINT('',(-6.00000029802324,4.,0.));
#16111=CARTESIAN_POINT('',(-6.00000029802324,4.,-2.));
#16112=CARTESIAN_POINT('',(-6.00000029802324,12.,-8.));
#16113=CARTESIAN_POINT('',(-6.00000029802324,4.,-8.));
#16114=CARTESIAN_POINT('',(-6.00000029802324,12.,0.));
#16115=CARTESIAN_POINT('',(-6.00000029802324,12.,-8.));
#16116=CARTESIAN_POINT('',(-6.00000029802324,4.,0.));
#16117=CARTESIAN_POINT('Origin',(-12.0000002980232,12.,-4.));
#16118=CARTESIAN_POINT('',(-6.00000029802324,12.,0.));
#16119=CARTESIAN_POINT('',(-18.0000002980232,12.,-8.));
#16120=CARTESIAN_POINT('Origin',(-2.98023223876953E-7,4.,-4.));
#16121=CARTESIAN_POINT('',(-66.0000002980232,4.,-8.));
#16122=CARTESIAN_POINT('',(44.9999997019768,4.,-8.));
#16123=CARTESIAN_POINT('',(-66.0000002980232,4.,0.));
#16124=CARTESIAN_POINT('',(-66.0000002980232,4.,-2.));
#16125=CARTESIAN_POINT('',(-20.0000002980232,4.,0.));
#16126=CARTESIAN_POINT('',(-24.0000002980232,4.,-5.473));
#16127=CARTESIAN_POINT('Origin',(-24.0000002980232,4.,-4.));
#16128=CARTESIAN_POINT('',(-60.0000002980232,4.,-5.473));
#16129=CARTESIAN_POINT('Origin',(-60.0000002980232,4.,-4.));
#16130=CARTESIAN_POINT('Origin',(-2.98023223876953E-7,4.,-4.));
#16131=CARTESIAN_POINT('',(43.9999997019768,4.,0.));
#16132=CARTESIAN_POINT('',(-20.0000002980232,4.,0.));
#16133=CARTESIAN_POINT('',(43.9999997019768,4.,-8.));
#16134=CARTESIAN_POINT('',(43.9999997019768,4.,-4.));
#16135=CARTESIAN_POINT('',(44.9999997019768,4.,-8.));
#16136=CARTESIAN_POINT('',(39.9999997019768,4.,-5.473));
#16137=CARTESIAN_POINT('Origin',(39.9999997019768,4.,-4.));
#16138=CARTESIAN_POINT('Origin',(-78.0000002980232,4.,-8.));
#16139=CARTESIAN_POINT('',(-78.0000002980232,4.,0.));
#16140=CARTESIAN_POINT('',(-78.0000002980232,4.,-8.));
#16141=CARTESIAN_POINT('',(-78.0000002980232,4.,-6.));
#16142=CARTESIAN_POINT('',(-78.0000002980232,12.,0.));
#16143=CARTESIAN_POINT('',(-78.0000002980232,4.,0.));
#16144=CARTESIAN_POINT('',(-78.0000002980232,12.,-8.));
#16145=CARTESIAN_POINT('',(-78.0000002980232,12.,-8.));
#16146=CARTESIAN_POINT('',(-78.0000002980232,4.,-8.));
#16147=CARTESIAN_POINT('Origin',(-66.0000002980232,4.,0.));
#16148=CARTESIAN_POINT('',(-66.0000002980232,12.,-8.));
#16149=CARTESIAN_POINT('',(-66.0000002980232,4.,-8.));
#16150=CARTESIAN_POINT('',(-66.0000002980232,12.,0.));
#16151=CARTESIAN_POINT('',(-66.0000002980232,12.,0.));
#16152=CARTESIAN_POINT('',(-66.0000002980232,4.,0.));
#16153=CARTESIAN_POINT('Origin',(-72.0000002980232,12.,-4.));
#16154=CARTESIAN_POINT('',(-66.0000002980232,12.,-8.));
#16155=CARTESIAN_POINT('',(-78.0000002980232,12.,0.));
#16156=CARTESIAN_POINT('Origin',(-2.98023223876953E-7,4.,-4.));
#16157=CARTESIAN_POINT('',(-128.000000298023,4.,-8.));
#16158=CARTESIAN_POINT('',(44.9999997019768,4.,-8.));
#16159=CARTESIAN_POINT('',(-128.000000298023,4.,0.));
#16160=CARTESIAN_POINT('',(-128.000000298023,4.,-6.));
#16161=CARTESIAN_POINT('',(-20.0000002980232,4.,0.));
#16162=CARTESIAN_POINT('',(-124.000000298023,4.,-5.473));
#16163=CARTESIAN_POINT('Origin',(-124.000000298023,4.,-4.));
#16164=CARTESIAN_POINT('Origin',(39.9999997019768,-1.,-4.));
#16165=CARTESIAN_POINT('',(39.9999997019768,0.,-5.473));
#16166=CARTESIAN_POINT('',(39.9999997019768,-1.,-5.473));
#16167=CARTESIAN_POINT('Origin',(39.9999997019768,0.,-4.));
#16168=CARTESIAN_POINT('Origin',(-124.000000298023,-1.,-4.));
#16169=CARTESIAN_POINT('',(-124.000000298023,0.,-5.473));
#16170=CARTESIAN_POINT('',(-124.000000298023,-1.,-5.473));
#16171=CARTESIAN_POINT('Origin',(-124.000000298023,0.,-4.));
#16172=CARTESIAN_POINT('Origin',(43.9999997019768,2.,-4.));
#16173=CARTESIAN_POINT('',(43.9999997019768,0.,0.));
#16174=CARTESIAN_POINT('',(43.9999997019768,1.,0.));
#16175=CARTESIAN_POINT('',(43.9999997019768,0.,-8.));
#16176=CARTESIAN_POINT('',(43.9999997019768,0.,-4.));
#16177=CARTESIAN_POINT('',(43.9999997019768,1.,-8.));
#16178=CARTESIAN_POINT('Origin',(19.9999997019768,0.,-8.));
#16179=CARTESIAN_POINT('',(-128.000000298023,0.,-8.));
#16180=CARTESIAN_POINT('',(-20.0000002980232,0.,-8.));
#16181=CARTESIAN_POINT('',(-128.000000298023,0.,-8.));
#16182=CARTESIAN_POINT('Origin',(-128.000000298023,0.,-8.));
#16183=CARTESIAN_POINT('',(-128.000000298023,0.,0.));
#16184=CARTESIAN_POINT('',(-128.000000298023,0.,0.));
#16185=CARTESIAN_POINT('',(-128.000000298023,0.,-6.));
#16186=CARTESIAN_POINT('Origin',(-2.98023223876953E-7,0.,-4.));
#16187=CARTESIAN_POINT('',(-20.0000002980232,0.,0.));
#16188=CARTESIAN_POINT('',(-24.0000002980232,0.,-5.473));
#16189=CARTESIAN_POINT('Origin',(-24.0000002980232,0.,-4.));
#16190=CARTESIAN_POINT('',(-60.0000002980232,0.,-5.473));
#16191=CARTESIAN_POINT('Origin',(-60.0000002980232,0.,-4.));
#16192=CARTESIAN_POINT('Origin',(-20.0000002980232,0.,0.));
#16193=CARTESIAN_POINT('Origin',(-24.0000002980232,0.825,-4.));
#16194=CARTESIAN_POINT('',(-24.0000002980232,0.825,-5.473));
#16195=CARTESIAN_POINT('Origin',(-60.0000002980232,0.825,-4.));
#16196=CARTESIAN_POINT('',(-60.0000002980232,0.825,-5.473));
#16197=CARTESIAN_POINT('',(0.,0.,0.));
#16198=CARTESIAN_POINT('Origin',(-53.5574661540862,-21.4,-1.));
#16199=CARTESIAN_POINT('',(-53.1149323081724,-21.4,-1.));
#16200=CARTESIAN_POINT('',(-54.,-19.927,-1.));
#16201=CARTESIAN_POINT('',(-53.5574661540862,-20.6635,-1.));
#16202=CARTESIAN_POINT('Origin',(-54.,-21.4,-1.));
#16203=CARTESIAN_POINT('Origin',(-57.,-21.4,-1.));
#16204=CARTESIAN_POINT('',(-60.,-19.927,-1.));
#16205=CARTESIAN_POINT('Origin',(-60.,-21.4,-1.));
#16206=CARTESIAN_POINT('',(-57.,-19.927,-1.));
#16207=CARTESIAN_POINT('Origin',(89.5574661540862,-21.4,-1.));
#16208=CARTESIAN_POINT('',(89.1149323081724,-21.4,-1.));
#16209=CARTESIAN_POINT('',(90.,-22.873,-1.));
#16210=CARTESIAN_POINT('',(89.5574661540862,-22.1365,-1.));
#16211=CARTESIAN_POINT('Origin',(90.,-21.4,-1.));
#16212=CARTESIAN_POINT('Origin',(93.,-21.4,-1.));
#16213=CARTESIAN_POINT('',(96.,-22.873,-1.));
#16214=CARTESIAN_POINT('Origin',(96.,-21.4,-1.));
#16215=CARTESIAN_POINT('',(93.,-22.873,-1.));
#16216=CARTESIAN_POINT('Origin',(18.,-17.4,-1.));
#16217=CARTESIAN_POINT('',(-52.,-17.4,3.));
#16218=CARTESIAN_POINT('',(-52.,-17.4,-5.));
#16219=CARTESIAN_POINT('',(-52.,-17.4,1.));
#16220=CARTESIAN_POINT('',(88.,-17.4,3.));
#16221=CARTESIAN_POINT('',(-21.,-17.4,3.));
#16222=CARTESIAN_POINT('',(88.,-17.4,-5.));
#16223=CARTESIAN_POINT('',(88.,-17.4,-3.));
#16224=CARTESIAN_POINT('',(57.,-17.4,-5.));
#16225=CARTESIAN_POINT('Origin',(96.,0.,-5.));
#16226=CARTESIAN_POINT('',(-52.,55.892,-5.));
#16227=CARTESIAN_POINT('',(-52.,4.,-5.));
#16228=CARTESIAN_POINT('',(88.,55.892,-5.));
#16229=CARTESIAN_POINT('',(88.,4.,-5.));
#16230=CARTESIAN_POINT('',(96.,55.892,-5.));
#16231=CARTESIAN_POINT('',(96.,55.892,-5.));
#16232=CARTESIAN_POINT('',(96.,-25.4,-5.));
#16233=CARTESIAN_POINT('',(96.,0.,-5.));
#16234=CARTESIAN_POINT('',(-60.,-25.4,-5.));
#16235=CARTESIAN_POINT('',(-60.,-25.4,-5.));
#16236=CARTESIAN_POINT('',(-60.,55.892,-5.));
#16237=CARTESIAN_POINT('',(-60.,0.,-5.));
#16238=CARTESIAN_POINT('',(-60.,55.892,-5.));
#16239=CARTESIAN_POINT('Origin',(-60.,0.,3.));
#16240=CARTESIAN_POINT('',(88.,55.892,3.));
#16241=CARTESIAN_POINT('',(88.,4.,3.));
#16242=CARTESIAN_POINT('',(-52.,55.892,3.));
#16243=CARTESIAN_POINT('',(-52.,4.,3.));
#16244=CARTESIAN_POINT('',(-60.,55.892,3.));
#16245=CARTESIAN_POINT('',(-52.,55.892,3.));
#16246=CARTESIAN_POINT('',(-60.,-25.4,3.));
#16247=CARTESIAN_POINT('',(-60.,0.,3.));
#16248=CARTESIAN_POINT('',(96.,-25.4,3.));
#16249=CARTESIAN_POINT('',(96.,-25.4,3.));
#16250=CARTESIAN_POINT('',(96.,55.892,3.));
#16251=CARTESIAN_POINT('',(96.,0.,3.));
#16252=CARTESIAN_POINT('',(88.,55.892,3.));
#16253=CARTESIAN_POINT('Origin',(18.,-25.4,-1.));
#16254=CARTESIAN_POINT('',(-60.,-25.4,3.));
#16255=CARTESIAN_POINT('',(96.,-25.4,-5.));
#16256=CARTESIAN_POINT('Origin',(-55.,48.,-1.));
#16257=CARTESIAN_POINT('',(-56.,48.,-2.473));
#16258=CARTESIAN_POINT('',(-54.527,49.473,-1.));
#16259=CARTESIAN_POINT('Origin',(-56.,48.,-1.));
#16260=CARTESIAN_POINT('',(-56.,48.,0.473));
#16261=CARTESIAN_POINT('Origin',(-56.,48.,-1.));
#16262=CARTESIAN_POINT('Origin',(-56.,48.,-1.));
#16263=CARTESIAN_POINT('',(-52.,49.473,-1.));
#16264=CARTESIAN_POINT('',(-55.,49.473,-1.));
#16265=CARTESIAN_POINT('Origin',(-52.,48.,-1.));
#16266=CARTESIAN_POINT('Origin',(-55.,48.,-1.));
#16267=CARTESIAN_POINT('',(-60.,49.473,-1.));
#16268=CARTESIAN_POINT('Origin',(-60.,48.,-1.));
#16269=CARTESIAN_POINT('',(-57.473,49.473,-1.));
#16270=CARTESIAN_POINT('',(-55.,49.473,-1.));
#16271=CARTESIAN_POINT('Origin',(-56.,48.,-1.));
#16272=CARTESIAN_POINT('Origin',(-56.,48.,-1.));
#16273=CARTESIAN_POINT('Origin',(-56.,48.,-1.));
#16274=CARTESIAN_POINT('Origin',(-56.,50.892,-1.));
#16275=CARTESIAN_POINT('',(-56.,45.892,-2.473));
#16276=CARTESIAN_POINT('',(-56.,50.892,-2.473));
#16277=CARTESIAN_POINT('Origin',(-56.,45.892,-1.));
#16278=CARTESIAN_POINT('Origin',(91.,48.,-1.));
#16279=CARTESIAN_POINT('',(92.,48.,-2.473));
#16280=CARTESIAN_POINT('',(90.527,46.527,-1.));
#16281=CARTESIAN_POINT('Origin',(92.,48.,-1.));
#16282=CARTESIAN_POINT('',(92.,48.,0.473));
#16283=CARTESIAN_POINT('Origin',(92.,48.,-1.));
#16284=CARTESIAN_POINT('Origin',(92.,48.,-1.));
#16285=CARTESIAN_POINT('',(88.,46.527,-1.));
#16286=CARTESIAN_POINT('',(91.,46.527,-1.));
#16287=CARTESIAN_POINT('Origin',(88.,48.,-1.));
#16288=CARTESIAN_POINT('Origin',(91.,48.,-1.));
#16289=CARTESIAN_POINT('',(96.,46.527,-1.));
#16290=CARTESIAN_POINT('Origin',(96.,48.,-1.));
#16291=CARTESIAN_POINT('',(93.473,46.527,-1.));
#16292=CARTESIAN_POINT('',(91.,46.527,-1.));
#16293=CARTESIAN_POINT('Origin',(92.,48.,-1.));
#16294=CARTESIAN_POINT('Origin',(92.,48.,-1.));
#16295=CARTESIAN_POINT('Origin',(92.,48.,-1.));
#16296=CARTESIAN_POINT('Origin',(92.,50.892,-1.));
#16297=CARTESIAN_POINT('',(92.,45.892,-2.473));
#16298=CARTESIAN_POINT('',(92.,50.892,-2.473));
#16299=CARTESIAN_POINT('Origin',(92.,45.892,-1.));
#16300=CARTESIAN_POINT('Origin',(92.,45.4494661540862,-1.));
#16301=CARTESIAN_POINT('',(92.,45.0069323081724,-1.));
#16302=CARTESIAN_POINT('',(92.,45.4494661540862,-1.7365));
#16303=CARTESIAN_POINT('Origin',(92.,50.892,-1.));
#16304=CARTESIAN_POINT('',(92.,55.892,-2.473));
#16305=CARTESIAN_POINT('Origin',(92.,55.892,-1.));
#16306=CARTESIAN_POINT('',(92.,50.892,-2.473));
#16307=CARTESIAN_POINT('Origin',(-56.,45.4494661540862,-1.));
#16308=CARTESIAN_POINT('',(-56.,45.0069323081724,-1.));
#16309=CARTESIAN_POINT('',(-56.,45.4494661540862,-1.7365));
#16310=CARTESIAN_POINT('Origin',(-56.,50.892,-1.));
#16311=CARTESIAN_POINT('',(-56.,55.892,-2.473));
#16312=CARTESIAN_POINT('Origin',(-56.,55.892,-1.));
#16313=CARTESIAN_POINT('',(-56.,50.892,-2.473));
#16314=CARTESIAN_POINT('Origin',(-52.,8.,3.));
#16315=CARTESIAN_POINT('',(-52.,55.892,-5.));
#16316=CARTESIAN_POINT('Origin',(-56.,55.892,-1.));
#16317=CARTESIAN_POINT('',(-60.,55.892,3.));
#16318=CARTESIAN_POINT('Origin',(88.,8.,-5.));
#16319=CARTESIAN_POINT('',(88.,55.892,-5.));
#16320=CARTESIAN_POINT('Origin',(92.,55.892,-1.));
#16321=CARTESIAN_POINT('',(96.,55.892,3.));
#16322=CARTESIAN_POINT('Origin',(-60.,0.,-5.));
#16323=CARTESIAN_POINT('Origin',(96.,0.,3.));
#16324=CARTESIAN_POINT('',(0.,0.,0.));
#16325=CARTESIAN_POINT('Origin',(-45.9215746343882,-21.4,1.86142386450669));
#16326=CARTESIAN_POINT('',(-44.4485746343882,-21.4,-4.13857613549331));
#16327=CARTESIAN_POINT('Origin',(-45.9215746343882,-21.4,-4.13857613549331));
#16328=CARTESIAN_POINT('',(-44.4485746343882,-21.4,3.86142386450669));
#16329=CARTESIAN_POINT('',(-44.4485746343882,-21.4,1.86142386450669));
#16330=CARTESIAN_POINT('Origin',(-45.9215746343882,-21.4,3.86142386450669));
#16331=CARTESIAN_POINT('Origin',(6.07842536561181,-21.4,1.86142386450669));
#16332=CARTESIAN_POINT('',(7.55142536561181,-21.4,-4.13857613549331));
#16333=CARTESIAN_POINT('Origin',(6.07842536561181,-21.4,-4.13857613549331));
#16334=CARTESIAN_POINT('',(7.55142536561181,-21.4,3.86142386450669));
#16335=CARTESIAN_POINT('',(7.55142536561181,-21.4,1.86142386450669));
#16336=CARTESIAN_POINT('Origin',(6.07842536561181,-21.4,3.86142386450669));
#16337=CARTESIAN_POINT('Origin',(-19.9215746343882,-17.4,-0.138576135493306));
#16338=CARTESIAN_POINT('',(-41.9215746343882,-17.4,3.86142386450669));
#16339=CARTESIAN_POINT('',(-41.9215746343882,-17.4,-4.13857613549331));
#16340=CARTESIAN_POINT('',(-41.9215746343882,-17.4,1.86142386450669));
#16341=CARTESIAN_POINT('',(2.07842536561182,-17.4,3.86142386450669));
#16342=CARTESIAN_POINT('',(-34.9215746343882,-17.4,3.86142386450669));
#16343=CARTESIAN_POINT('',(2.07842536561182,-17.4,-4.13857613549331));
#16344=CARTESIAN_POINT('',(2.07842536561181,-17.4,-2.13857613549331));
#16345=CARTESIAN_POINT('',(-4.92157463438819,-17.4,-4.13857613549331));
#16346=CARTESIAN_POINT('Origin',(10.0784253656118,0.,-4.13857613549331));
#16347=CARTESIAN_POINT('',(-41.9215746343882,117.892,-4.13857613549331));
#16348=CARTESIAN_POINT('',(-41.9215746343882,4.,-4.13857613549331));
#16349=CARTESIAN_POINT('',(2.07842536561181,117.892,-4.13857613549331));
#16350=CARTESIAN_POINT('',(2.07842536561182,4.,-4.13857613549331));
#16351=CARTESIAN_POINT('',(10.0784253656118,117.892,-4.13857613549331));
#16352=CARTESIAN_POINT('',(8.07842536561181,117.892,-4.13857613549331));
#16353=CARTESIAN_POINT('',(10.0784253656118,-25.4,-4.13857613549331));
#16354=CARTESIAN_POINT('',(10.0784253656118,0.,-4.13857613549331));
#16355=CARTESIAN_POINT('',(-49.9215746343882,-25.4,-4.13857613549331));
#16356=CARTESIAN_POINT('',(-49.9215746343882,-25.4,-4.13857613549331));
#16357=CARTESIAN_POINT('',(-49.9215746343882,117.892,-4.13857613549331));
#16358=CARTESIAN_POINT('',(-49.9215746343882,0.,-4.13857613549331));
#16359=CARTESIAN_POINT('',(-17.9215746343882,117.892,-4.13857613549331));
#16360=CARTESIAN_POINT('',(-47.3945746343882,48.,-4.13857613549331));
#16361=CARTESIAN_POINT('Origin',(-45.9215746343882,48.,-4.13857613549331));
#16362=CARTESIAN_POINT('',(4.60542536561181,48.,-4.13857613549331));
#16363=CARTESIAN_POINT('Origin',(6.07842536561181,48.,-4.13857613549331));
#16364=CARTESIAN_POINT('Origin',(-19.9215746343882,-25.4,-0.138576135493306));
#16365=CARTESIAN_POINT('',(10.0784253656118,-25.4,3.86142386450669));
#16366=CARTESIAN_POINT('',(-49.9215746343882,-25.4,3.86142386450669));
#16367=CARTESIAN_POINT('',(10.0784253656118,-25.4,3.86142386450669));
#16368=CARTESIAN_POINT('',(-49.9215746343882,-25.4,3.86142386450669));
#16369=CARTESIAN_POINT('',(10.0784253656118,-25.4,-4.13857613549331));
#16370=CARTESIAN_POINT('Origin',(-42.9215746343882,63.892,-0.138576135493306));
#16371=CARTESIAN_POINT('',(-49.9215746343882,65.365,-0.138576135493306));
#16372=CARTESIAN_POINT('Origin',(-49.9215746343882,63.892,-0.138576135493306));
#16373=CARTESIAN_POINT('',(-41.9215746343882,65.365,-0.138576135493306));
#16374=CARTESIAN_POINT('',(-42.9215746343882,65.365,-0.138576135493306));
#16375=CARTESIAN_POINT('Origin',(-41.9215746343882,63.892,-0.138576135493306));
#16376=CARTESIAN_POINT('Origin',(3.07842536561181,63.892,-0.138576135493306));
#16377=CARTESIAN_POINT('',(10.0784253656118,62.419,-0.138576135493306));
#16378=CARTESIAN_POINT('Origin',(10.0784253656118,63.892,-0.138576135493306));
#16379=CARTESIAN_POINT('',(2.07842536561181,62.419,-0.138576135493306));
#16380=CARTESIAN_POINT('',(3.07842536561181,62.419,-0.138576135493306));
#16381=CARTESIAN_POINT('Origin',(2.07842536561181,63.892,-0.138576135493306));
#16382=CARTESIAN_POINT('Origin',(3.07842536561181,113.892,-0.138576135493306));
#16383=CARTESIAN_POINT('',(10.0784253656118,112.419,-0.138576135493306));
#16384=CARTESIAN_POINT('Origin',(10.0784253656118,113.892,-0.138576135493306));
#16385=CARTESIAN_POINT('',(2.07842536561181,112.419,-0.138576135493306));
#16386=CARTESIAN_POINT('',(3.07842536561181,112.419,-0.138576135493306));
#16387=CARTESIAN_POINT('Origin',(2.07842536561181,113.892,-0.138576135493306));
#16388=CARTESIAN_POINT('',(6.07842536561181,113.892,-1.61157613549331));
#16389=CARTESIAN_POINT('',(6.07842536561181,113.892,1.33442386450669));
#16390=CARTESIAN_POINT('Origin',(6.07842536561181,113.892,-0.138576135493306));
#16391=CARTESIAN_POINT('Origin',(6.07842536561181,113.892,-0.138576135493306));
#16392=CARTESIAN_POINT('Origin',(-42.9215746343882,113.892,-0.138576135493306));
#16393=CARTESIAN_POINT('',(-49.9215746343882,115.365,-0.138576135493306));
#16394=CARTESIAN_POINT('Origin',(-49.9215746343882,113.892,-0.138576135493306));
#16395=CARTESIAN_POINT('',(-47.3945746343882,115.365,-0.138576135493306));
#16396=CARTESIAN_POINT('',(-42.9215746343882,115.365,-0.138576135493306));
#16397=CARTESIAN_POINT('',(-45.9215746343882,113.892,1.33442386450669));
#16398=CARTESIAN_POINT('Origin',(-45.9215746343882,113.892,-0.138576135493306));
#16399=CARTESIAN_POINT('',(-44.4485746343882,115.365,-0.138576135493306));
#16400=CARTESIAN_POINT('Origin',(-45.9215746343882,113.892,-0.138576135493306));
#16401=CARTESIAN_POINT('',(-41.9215746343882,115.365,-0.138576135493306));
#16402=CARTESIAN_POINT('',(-42.9215746343882,115.365,-0.138576135493306));
#16403=CARTESIAN_POINT('Origin',(-41.9215746343882,113.892,-0.138576135493306));
#16404=CARTESIAN_POINT('',(-45.9215746343882,113.892,-1.61157613549331));
#16405=CARTESIAN_POINT('Origin',(-45.9215746343882,113.892,-0.138576135493306));
#16406=CARTESIAN_POINT('Origin',(-45.9215746343882,113.892,-0.138576135493306));
#16407=CARTESIAN_POINT('Origin',(6.07842536561181,117.892,-0.138576135493306));
#16408=CARTESIAN_POINT('',(10.0784253656118,117.892,3.86142386450669));
#16409=CARTESIAN_POINT('',(10.0784253656118,117.892,1.86142386450669));
#16410=CARTESIAN_POINT('',(2.07842536561181,117.892,3.86142386450669));
#16411=CARTESIAN_POINT('',(2.07842536561181,117.892,-2.13857613549331));
#16412=CARTESIAN_POINT('',(-21.9215746343882,117.892,3.86142386450669));
#16413=CARTESIAN_POINT('',(6.07842536561181,117.892,-1.61157613549331));
#16414=CARTESIAN_POINT('Origin',(6.07842536561181,117.892,-0.138576135493306));
#16415=CARTESIAN_POINT('Origin',(-49.9215746343882,0.,3.86142386450669));
#16416=CARTESIAN_POINT('',(-41.9215746343882,117.892,3.86142386450669));
#16417=CARTESIAN_POINT('',(-41.9215746343882,4.,3.86142386450669));
#16418=CARTESIAN_POINT('',(-49.9215746343882,117.892,3.86142386450669));
#16419=CARTESIAN_POINT('',(-47.9215746343882,117.892,3.86142386450669));
#16420=CARTESIAN_POINT('',(-49.9215746343882,0.,3.86142386450669));
#16421=CARTESIAN_POINT('',(10.0784253656118,0.,3.86142386450669));
#16422=CARTESIAN_POINT('',(2.07842536561182,4.,3.86142386450669));
#16423=CARTESIAN_POINT('',(4.60542536561181,48.,3.86142386450669));
#16424=CARTESIAN_POINT('Origin',(6.07842536561181,48.,3.86142386450669));
#16425=CARTESIAN_POINT('',(-47.3945746343882,48.,3.86142386450669));
#16426=CARTESIAN_POINT('Origin',(-45.9215746343882,48.,3.86142386450669));
#16427=CARTESIAN_POINT('Origin',(2.07842536561181,8.,-4.13857613549331));
#16428=CARTESIAN_POINT('Origin',(-45.9215746343882,117.892,-0.138576135493306));
#16429=CARTESIAN_POINT('',(-41.9215746343882,117.892,1.86142386450669));
#16430=CARTESIAN_POINT('',(-49.9215746343882,117.892,-2.13857613549331));
#16431=CARTESIAN_POINT('',(-45.9215746343882,117.892,-1.61157613549331));
#16432=CARTESIAN_POINT('Origin',(-45.9215746343882,117.892,-0.138576135493306));
#16433=CARTESIAN_POINT('Origin',(-49.9215746343882,0.,-4.13857613549331));
#16434=CARTESIAN_POINT('Origin',(-45.9215746343882,48.,-1.13857613549331));
#16435=CARTESIAN_POINT('',(-47.3945746343882,48.,-1.13857613549331));
#16436=CARTESIAN_POINT('Origin',(6.07842536561181,48.,-1.13857613549331));
#16437=CARTESIAN_POINT('',(4.60542536561181,48.,-1.13857613549331));
#16438=CARTESIAN_POINT('Origin',(-45.9215746343882,118.892,-0.138576135493306));
#16439=CARTESIAN_POINT('',(-45.9215746343882,118.892,-1.61157613549331));
#16440=CARTESIAN_POINT('Origin',(6.07842536561181,118.892,-0.138576135493306));
#16441=CARTESIAN_POINT('',(6.07842536561181,118.892,-1.61157613549331));
#16442=CARTESIAN_POINT('Origin',(-41.9215746343882,8.,3.86142386450669));
#16443=CARTESIAN_POINT('Origin',(10.0784253656118,0.,3.86142386450669));
#16444=CARTESIAN_POINT('',(0.,0.,0.));
#16445=CARTESIAN_POINT('Origin',(-59.,0.,-59.));
#16446=CARTESIAN_POINT('',(-63.,8.,-59.));
#16447=CARTESIAN_POINT('',(-59.,8.,-63.));
#16448=CARTESIAN_POINT('Origin',(-59.,8.,-59.));
#16449=CARTESIAN_POINT('',(-59.,0.,-63.));
#16450=CARTESIAN_POINT('',(-59.,0.,-63.));
#16451=CARTESIAN_POINT('',(-63.,0.,-59.));
#16452=CARTESIAN_POINT('Origin',(-59.,0.,-59.));
#16453=CARTESIAN_POINT('',(-63.,0.,-59.));
#16454=CARTESIAN_POINT('Origin',(0.,0.,3.));
#16455=CARTESIAN_POINT('',(59.,0.,-63.));
#16456=CARTESIAN_POINT('',(15.,0.,-63.));
#16457=CARTESIAN_POINT('',(63.,0.,-59.));
#16458=CARTESIAN_POINT('Origin',(59.,0.,-59.));
#16459=CARTESIAN_POINT('',(63.,0.,65.));
#16460=CARTESIAN_POINT('',(63.,0.,19.5));
#16461=CARTESIAN_POINT('',(59.,0.,69.));
#16462=CARTESIAN_POINT('Origin',(59.,0.,65.));
#16463=CARTESIAN_POINT('',(-59.,0.,69.));
#16464=CARTESIAN_POINT('',(-15.,0.,69.));
#16465=CARTESIAN_POINT('',(-63.,0.,65.));
#16466=CARTESIAN_POINT('Origin',(-59.,0.,65.));
#16467=CARTESIAN_POINT('',(-63.,0.,-13.5));
#16468=CARTESIAN_POINT('',(55.,0.,-55.));
#16469=CARTESIAN_POINT('',(55.,0.,61.));
#16470=CARTESIAN_POINT('',(55.,0.,-26.));
#16471=CARTESIAN_POINT('',(-55.,0.,-55.));
#16472=CARTESIAN_POINT('',(-27.5,0.,-55.));
#16473=CARTESIAN_POINT('',(-55.,0.,61.));
#16474=CARTESIAN_POINT('',(-55.,0.,15.5));
#16475=CARTESIAN_POINT('',(-27.5,0.,61.));
#16476=CARTESIAN_POINT('Origin',(30.,0.,-63.));
#16477=CARTESIAN_POINT('',(59.,8.,-63.));
#16478=CARTESIAN_POINT('',(15.,8.,-63.));
#16479=CARTESIAN_POINT('',(59.,0.,-63.));
#16480=CARTESIAN_POINT('Origin',(59.,0.,-59.));
#16481=CARTESIAN_POINT('',(63.,8.,-59.));
#16482=CARTESIAN_POINT('Origin',(59.,8.,-59.));
#16483=CARTESIAN_POINT('',(63.,0.,-59.));
#16484=CARTESIAN_POINT('Origin',(-59.,0.,65.));
#16485=CARTESIAN_POINT('',(-59.,8.,69.));
#16486=CARTESIAN_POINT('',(-63.,8.,65.));
#16487=CARTESIAN_POINT('Origin',(-59.,8.,65.));
#16488=CARTESIAN_POINT('',(-63.,0.,65.));
#16489=CARTESIAN_POINT('',(-59.,0.,69.));
#16490=CARTESIAN_POINT('Origin',(-30.,0.,69.));
#16491=CARTESIAN_POINT('',(59.,8.,69.));
#16492=CARTESIAN_POINT('',(59.,0.,69.));
#16493=CARTESIAN_POINT('',(-15.,8.,69.));
#16494=CARTESIAN_POINT('Origin',(59.,0.,65.));
#16495=CARTESIAN_POINT('',(63.,8.,65.));
#16496=CARTESIAN_POINT('',(63.,0.,65.));
#16497=CARTESIAN_POINT('Origin',(59.,8.,65.));
#16498=CARTESIAN_POINT('Origin',(-63.,0.,-30.));
#16499=CARTESIAN_POINT('',(-63.,8.,-13.5));
#16500=CARTESIAN_POINT('Origin',(63.,0.,36.));
#16501=CARTESIAN_POINT('',(63.,8.,19.5));
#16502=CARTESIAN_POINT('Origin',(0.,8.,3.));
#16503=CARTESIAN_POINT('',(-55.,8.,61.));
#16504=CARTESIAN_POINT('',(55.,8.,61.));
#16505=CARTESIAN_POINT('',(-27.5,8.,61.));
#16506=CARTESIAN_POINT('',(-55.,8.,-55.));
#16507=CARTESIAN_POINT('',(-55.,8.,15.5));
#16508=CARTESIAN_POINT('',(55.,8.,-55.));
#16509=CARTESIAN_POINT('',(-27.5,8.,-55.));
#16510=CARTESIAN_POINT('',(55.,8.,-26.));
#16511=CARTESIAN_POINT('Origin',(22.,0.,61.));
#16512=CARTESIAN_POINT('',(-55.,0.,61.));
#16513=CARTESIAN_POINT('',(55.,0.,61.));
#16514=CARTESIAN_POINT('Origin',(55.,0.,-22.));
#16515=CARTESIAN_POINT('',(55.,0.,-55.));
#16516=CARTESIAN_POINT('Origin',(-55.,0.,28.));
#16517=CARTESIAN_POINT('',(-55.,0.,-55.));
#16518=CARTESIAN_POINT('Origin',(-22.,0.,-55.));
#16519=CARTESIAN_POINT('',(0.,0.,0.));
#16520=CARTESIAN_POINT('Origin',(46.,0.,-20.));
#16521=CARTESIAN_POINT('',(50.,0.,-20.));
#16522=CARTESIAN_POINT('',(46.,0.,-24.));
#16523=CARTESIAN_POINT('Origin',(46.,0.,-20.));
#16524=CARTESIAN_POINT('',(46.,8.,-24.));
#16525=CARTESIAN_POINT('',(46.,0.,-24.));
#16526=CARTESIAN_POINT('',(50.,8.,-20.));
#16527=CARTESIAN_POINT('Origin',(46.,8.,-20.));
#16528=CARTESIAN_POINT('',(50.,0.,-20.));
#16529=CARTESIAN_POINT('Origin',(0.,0.,20.));
#16530=CARTESIAN_POINT('',(50.,0.,60.));
#16531=CARTESIAN_POINT('',(50.,0.,60.));
#16532=CARTESIAN_POINT('',(46.,0.,64.));
#16533=CARTESIAN_POINT('Origin',(46.,0.,60.));
#16534=CARTESIAN_POINT('',(-46.,0.,64.));
#16535=CARTESIAN_POINT('',(-46.,0.,64.));
#16536=CARTESIAN_POINT('',(-50.,0.,60.));
#16537=CARTESIAN_POINT('Origin',(-46.,0.,60.));
#16538=CARTESIAN_POINT('',(-50.,0.,-20.));
#16539=CARTESIAN_POINT('',(-50.,0.,60.));
#16540=CARTESIAN_POINT('',(-46.,0.,-24.));
#16541=CARTESIAN_POINT('Origin',(-46.,0.,-20.));
#16542=CARTESIAN_POINT('',(46.,0.,-24.));
#16543=CARTESIAN_POINT('',(34.,0.,-8.));
#16544=CARTESIAN_POINT('',(-34.,0.,-7.99999999999999));
#16545=CARTESIAN_POINT('',(-15.,0.,-8.));
#16546=CARTESIAN_POINT('',(-34.,0.,48.));
#16547=CARTESIAN_POINT('',(-34.,0.,51.));
#16548=CARTESIAN_POINT('',(34.,0.,48.));
#16549=CARTESIAN_POINT('',(-15.,0.,48.));
#16550=CARTESIAN_POINT('',(34.,0.,8.));
#16551=CARTESIAN_POINT('Origin',(50.,0.,90.));
#16552=CARTESIAN_POINT('',(50.,8.,60.));
#16553=CARTESIAN_POINT('',(50.,8.,-20.));
#16554=CARTESIAN_POINT('',(50.,0.,60.));
#16555=CARTESIAN_POINT('Origin',(46.,0.,60.));
#16556=CARTESIAN_POINT('',(46.,8.,64.));
#16557=CARTESIAN_POINT('Origin',(46.,8.,60.));
#16558=CARTESIAN_POINT('',(46.,0.,64.));
#16559=CARTESIAN_POINT('Origin',(-46.,0.,-20.));
#16560=CARTESIAN_POINT('',(-50.,8.,-20.));
#16561=CARTESIAN_POINT('',(-50.,0.,-20.));
#16562=CARTESIAN_POINT('',(-46.,8.,-24.));
#16563=CARTESIAN_POINT('Origin',(-46.,8.,-20.));
#16564=CARTESIAN_POINT('',(-46.,0.,-24.));
#16565=CARTESIAN_POINT('Origin',(-50.,0.,-50.));
#16566=CARTESIAN_POINT('',(-50.,8.,60.));
#16567=CARTESIAN_POINT('',(-50.,0.,60.));
#16568=CARTESIAN_POINT('',(-50.,8.,60.));
#16569=CARTESIAN_POINT('Origin',(-46.,0.,60.));
#16570=CARTESIAN_POINT('',(-46.,8.,64.));
#16571=CARTESIAN_POINT('Origin',(-46.,8.,60.));
#16572=CARTESIAN_POINT('',(-46.,0.,64.));
#16573=CARTESIAN_POINT('Origin',(-30.,0.,64.));
#16574=CARTESIAN_POINT('',(46.,8.,64.));
#16575=CARTESIAN_POINT('Origin',(-34.,0.,82.));
#16576=CARTESIAN_POINT('',(-34.,8.,48.));
#16577=CARTESIAN_POINT('',(-34.,8.,-7.99999999999999));
#16578=CARTESIAN_POINT('',(-34.,8.,51.));
#16579=CARTESIAN_POINT('',(-34.,0.,48.));
#16580=CARTESIAN_POINT('',(-34.,0.,-8.));
#16581=CARTESIAN_POINT('Origin',(-22.,0.,-7.99999999999999));
#16582=CARTESIAN_POINT('',(34.,8.,-7.99999999999999));
#16583=CARTESIAN_POINT('',(34.,0.,-8.));
#16584=CARTESIAN_POINT('',(-15.,8.,-8.));
#16585=CARTESIAN_POINT('Origin',(22.,0.,48.));
#16586=CARTESIAN_POINT('',(34.,8.,48.));
#16587=CARTESIAN_POINT('',(-15.,8.,48.));
#16588=CARTESIAN_POINT('',(34.,0.,48.));
#16589=CARTESIAN_POINT('Origin',(34.,0.,-42.));
#16590=CARTESIAN_POINT('',(34.,8.,8.));
#16591=CARTESIAN_POINT('Origin',(30.,0.,-24.));
#16592=CARTESIAN_POINT('',(-46.,8.,-24.));
#16593=CARTESIAN_POINT('Origin',(0.,8.,20.));
#16594=CARTESIAN_POINT('',(0.,0.,0.));
#16595=CARTESIAN_POINT('Origin',(-54.,0.,-30.));
#16596=CARTESIAN_POINT('',(-54.,0.,-34.));
#16597=CARTESIAN_POINT('',(-58.,0.,-30.));
#16598=CARTESIAN_POINT('Origin',(-54.,0.,-30.));
#16599=CARTESIAN_POINT('',(-58.,8.,-30.));
#16600=CARTESIAN_POINT('',(-58.,0.,-30.));
#16601=CARTESIAN_POINT('',(-54.,8.,-34.));
#16602=CARTESIAN_POINT('Origin',(-54.,8.,-30.));
#16603=CARTESIAN_POINT('',(-54.,0.,-34.));
#16604=CARTESIAN_POINT('Origin',(16.,0.,-34.));
#16605=CARTESIAN_POINT('',(20.,8.,-34.));
#16606=CARTESIAN_POINT('',(-54.,8.,-34.));
#16607=CARTESIAN_POINT('',(20.,0.,-34.));
#16608=CARTESIAN_POINT('',(20.,0.,-34.));
#16609=CARTESIAN_POINT('',(16.,0.,-34.));
#16610=CARTESIAN_POINT('Origin',(-17.,8.,64.));
#16611=CARTESIAN_POINT('',(-58.,8.,158.));
#16612=CARTESIAN_POINT('',(-58.,8.,17.));
#16613=CARTESIAN_POINT('',(-54.,8.,162.));
#16614=CARTESIAN_POINT('Origin',(-54.,8.,158.));
#16615=CARTESIAN_POINT('',(20.,8.,162.));
#16616=CARTESIAN_POINT('',(20.,8.,162.));
#16617=CARTESIAN_POINT('',(24.,8.,158.));
#16618=CARTESIAN_POINT('Origin',(20.,8.,158.));
#16619=CARTESIAN_POINT('',(24.,8.,-30.));
#16620=CARTESIAN_POINT('',(24.,8.,-30.));
#16621=CARTESIAN_POINT('Origin',(20.,8.,-30.));
#16622=CARTESIAN_POINT('',(16.,8.,154.));
#16623=CARTESIAN_POINT('',(-50.,8.,154.));
#16624=CARTESIAN_POINT('',(-31.5,8.,154.));
#16625=CARTESIAN_POINT('',(-50.,8.,-26.));
#16626=CARTESIAN_POINT('',(-50.,8.,107.));
#16627=CARTESIAN_POINT('',(16.,8.,-26.));
#16628=CARTESIAN_POINT('',(-31.5,8.,-26.));
#16629=CARTESIAN_POINT('',(16.,8.,21.));
#16630=CARTESIAN_POINT('Origin',(20.,0.,-30.));
#16631=CARTESIAN_POINT('',(24.,0.,-30.));
#16632=CARTESIAN_POINT('Origin',(20.,0.,-30.));
#16633=CARTESIAN_POINT('',(24.,0.,-30.));
#16634=CARTESIAN_POINT('Origin',(24.,0.,158.));
#16635=CARTESIAN_POINT('',(24.,0.,158.));
#16636=CARTESIAN_POINT('',(24.,0.,158.));
#16637=CARTESIAN_POINT('',(24.,0.,158.));
#16638=CARTESIAN_POINT('Origin',(-54.,0.,158.));
#16639=CARTESIAN_POINT('',(-58.,0.,158.));
#16640=CARTESIAN_POINT('',(-58.,0.,158.));
#16641=CARTESIAN_POINT('',(-54.,0.,162.));
#16642=CARTESIAN_POINT('Origin',(-54.,0.,158.));
#16643=CARTESIAN_POINT('',(-54.,0.,162.));
#16644=CARTESIAN_POINT('Origin',(-50.,0.,162.));
#16645=CARTESIAN_POINT('',(20.,0.,162.));
#16646=CARTESIAN_POINT('',(-54.,0.,162.));
#16647=CARTESIAN_POINT('',(20.,0.,162.));
#16648=CARTESIAN_POINT('Origin',(20.,0.,158.));
#16649=CARTESIAN_POINT('Origin',(20.,0.,158.));
#16650=CARTESIAN_POINT('Origin',(-50.,0.,150.));
#16651=CARTESIAN_POINT('',(-50.,0.,-26.));
#16652=CARTESIAN_POINT('',(-50.,0.,154.));
#16653=CARTESIAN_POINT('',(-50.,0.,107.));
#16654=CARTESIAN_POINT('',(-50.,0.,-26.));
#16655=CARTESIAN_POINT('',(-50.,0.,154.));
#16656=CARTESIAN_POINT('Origin',(-42.,0.,-26.));
#16657=CARTESIAN_POINT('',(16.,0.,-26.));
#16658=CARTESIAN_POINT('',(-31.5,0.,-26.));
#16659=CARTESIAN_POINT('',(16.,0.,-26.));
#16660=CARTESIAN_POINT('Origin',(16.,0.,-22.));
#16661=CARTESIAN_POINT('',(16.,0.,154.));
#16662=CARTESIAN_POINT('',(16.,0.,21.));
#16663=CARTESIAN_POINT('',(16.,0.,154.));
#16664=CARTESIAN_POINT('Origin',(8.,0.,154.));
#16665=CARTESIAN_POINT('',(-31.5,0.,154.));
#16666=CARTESIAN_POINT('Origin',(-58.,0.,-30.));
#16667=CARTESIAN_POINT('',(-58.,0.,-30.));
#16668=CARTESIAN_POINT('Origin',(-17.,0.,64.));
#16669=CARTESIAN_POINT('',(0.,0.,0.));
#16670=CARTESIAN_POINT('Origin',(8.,8.,146.000002115965));
#16671=CARTESIAN_POINT('',(8.,8.,143.200002115965));
#16672=CARTESIAN_POINT('Origin',(8.,8.,146.000002115965));
#16673=CARTESIAN_POINT('',(8.,8.,144.527002115965));
#16674=CARTESIAN_POINT('Origin',(8.,8.,146.000002115965));
#16675=CARTESIAN_POINT('Origin',(8.,10.,146.000002115965));
#16676=CARTESIAN_POINT('',(8.,12.,143.200002115965));
#16677=CARTESIAN_POINT('Origin',(8.,12.,146.000002115965));
#16678=CARTESIAN_POINT('',(8.,10.,143.200002115965));
#16679=CARTESIAN_POINT('Origin',(8.,5.,146.000002115965));
#16680=CARTESIAN_POINT('',(8.,0.,144.527002115965));
#16681=CARTESIAN_POINT('',(8.,5.,144.527002115965));
#16682=CARTESIAN_POINT('Origin',(8.,0.,146.000002115965));
#16683=CARTESIAN_POINT('Origin',(8.,8.,-18.0000002086163));
#16684=CARTESIAN_POINT('',(8.,8.,-20.8000002086163));
#16685=CARTESIAN_POINT('Origin',(8.,8.,-18.0000002086163));
#16686=CARTESIAN_POINT('',(8.,8.,-19.4730002086163));
#16687=CARTESIAN_POINT('Origin',(8.,8.,-18.0000002086163));
#16688=CARTESIAN_POINT('Origin',(8.,10.,-18.0000002086163));
#16689=CARTESIAN_POINT('',(8.,12.,-20.8000002086163));
#16690=CARTESIAN_POINT('Origin',(8.,12.,-18.0000002086163));
#16691=CARTESIAN_POINT('',(8.,10.,-20.8000002086163));
#16692=CARTESIAN_POINT('Origin',(8.,5.,-18.0000002086163));
#16693=CARTESIAN_POINT('',(8.,0.,-19.4730002086163));
#16694=CARTESIAN_POINT('',(8.,5.,-19.4730002086163));
#16695=CARTESIAN_POINT('Origin',(8.,0.,-18.0000002086163));
#16696=CARTESIAN_POINT('Origin',(-42.,8.,-18.));
#16697=CARTESIAN_POINT('',(-42.,8.,-20.8));
#16698=CARTESIAN_POINT('Origin',(-42.,8.,-18.));
#16699=CARTESIAN_POINT('',(-42.,8.,-19.473));
#16700=CARTESIAN_POINT('Origin',(-42.,8.,-18.));
#16701=CARTESIAN_POINT('Origin',(-42.,10.,-18.));
#16702=CARTESIAN_POINT('',(-42.,12.,-20.8));
#16703=CARTESIAN_POINT('Origin',(-42.,12.,-18.));
#16704=CARTESIAN_POINT('',(-42.,10.,-20.8));
#16705=CARTESIAN_POINT('Origin',(-42.,5.,-18.));
#16706=CARTESIAN_POINT('',(-42.,0.,-19.473));
#16707=CARTESIAN_POINT('',(-42.,5.,-19.473));
#16708=CARTESIAN_POINT('Origin',(-42.,0.,-18.));
#16709=CARTESIAN_POINT('Origin',(-42.,8.,146.000002115965));
#16710=CARTESIAN_POINT('',(-42.,8.,143.200002115965));
#16711=CARTESIAN_POINT('Origin',(-42.,8.,146.000002115965));
#16712=CARTESIAN_POINT('',(-42.,8.,144.527002115965));
#16713=CARTESIAN_POINT('Origin',(-42.,8.,146.000002115965));
#16714=CARTESIAN_POINT('Origin',(-42.,10.,146.000002115965));
#16715=CARTESIAN_POINT('',(-42.,12.,143.200002115965));
#16716=CARTESIAN_POINT('Origin',(-42.,12.,146.000002115965));
#16717=CARTESIAN_POINT('',(-42.,10.,143.200002115965));
#16718=CARTESIAN_POINT('Origin',(-42.,5.,146.000002115965));
#16719=CARTESIAN_POINT('',(-42.,0.,144.527002115965));
#16720=CARTESIAN_POINT('',(-42.,5.,144.527002115965));
#16721=CARTESIAN_POINT('Origin',(-42.,0.,146.000002115965));
#16722=CARTESIAN_POINT('Origin',(-36.,3.,148.));
#16723=CARTESIAN_POINT('',(-36.,0.,150.));
#16724=CARTESIAN_POINT('',(-38.,0.,148.));
#16725=CARTESIAN_POINT('Origin',(-36.,0.,148.));
#16726=CARTESIAN_POINT('',(-38.,12.,148.));
#16727=CARTESIAN_POINT('',(-38.,3.,148.));
#16728=CARTESIAN_POINT('',(-36.,12.,150.));
#16729=CARTESIAN_POINT('Origin',(-36.,12.,148.));
#16730=CARTESIAN_POINT('',(-36.,3.,150.));
#16731=CARTESIAN_POINT('Origin',(-38.,6.,146.000001057982));
#16732=CARTESIAN_POINT('',(-38.,0.,144.000002115965));
#16733=CARTESIAN_POINT('',(-38.,0.,142.000002115965));
#16734=CARTESIAN_POINT('',(-38.,12.,144.000002115965));
#16735=CARTESIAN_POINT('',(-38.,3.,144.000002115965));
#16736=CARTESIAN_POINT('',(-38.,12.,150.));
#16737=CARTESIAN_POINT('Origin',(-40.,3.,144.000002115965));
#16738=CARTESIAN_POINT('',(-40.,12.,142.000002115965));
#16739=CARTESIAN_POINT('Origin',(-40.,12.,144.000002115965));
#16740=CARTESIAN_POINT('',(-40.,0.,142.000002115965));
#16741=CARTESIAN_POINT('Origin',(-40.,0.,144.000002115965));
#16742=CARTESIAN_POINT('',(-40.,3.,142.000002115965));
#16743=CARTESIAN_POINT('Origin',(-17.,0.,64.));
#16744=CARTESIAN_POINT('',(24.,0.,-30.));
#16745=CARTESIAN_POINT('',(20.,0.,-34.));
#16746=CARTESIAN_POINT('Origin',(20.,0.,-30.));
#16747=CARTESIAN_POINT('',(24.,0.,158.));
#16748=CARTESIAN_POINT('',(24.,0.,158.));
#16749=CARTESIAN_POINT('',(20.,0.,162.));
#16750=CARTESIAN_POINT('Origin',(20.,0.,158.));
#16751=CARTESIAN_POINT('',(-54.,0.,162.));
#16752=CARTESIAN_POINT('',(-54.,0.,162.));
#16753=CARTESIAN_POINT('',(-58.,0.,158.));
#16754=CARTESIAN_POINT('Origin',(-54.,0.,158.));
#16755=CARTESIAN_POINT('',(-58.,0.,-30.));
#16756=CARTESIAN_POINT('',(-58.,0.,-30.));
#16757=CARTESIAN_POINT('',(-54.,0.,-34.));
#16758=CARTESIAN_POINT('Origin',(-54.,0.,-30.));
#16759=CARTESIAN_POINT('',(16.,0.,-34.));
#16760=CARTESIAN_POINT('',(2.,0.,150.));
#16761=CARTESIAN_POINT('',(8.,0.,150.));
#16762=CARTESIAN_POINT('',(4.,0.,148.));
#16763=CARTESIAN_POINT('Origin',(2.,0.,148.));
#16764=CARTESIAN_POINT('',(4.,0.,144.000002115965));
#16765=CARTESIAN_POINT('',(4.,0.,142.000002115965));
#16766=CARTESIAN_POINT('',(6.,0.,142.000002115965));
#16767=CARTESIAN_POINT('Origin',(6.,0.,144.000002115965));
#16768=CARTESIAN_POINT('',(10.,0.,142.000002115965));
#16769=CARTESIAN_POINT('',(12.,0.,142.000002115965));
#16770=CARTESIAN_POINT('',(12.,0.,140.000002115965));
#16771=CARTESIAN_POINT('Origin',(10.,0.,140.000002115965));
#16772=CARTESIAN_POINT('',(12.,0.,-12.0000002086163));
#16773=CARTESIAN_POINT('',(12.,0.,21.));
#16774=CARTESIAN_POINT('',(10.,0.,-14.0000002086163));
#16775=CARTESIAN_POINT('Origin',(10.,0.,-12.0000002086163));
#16776=CARTESIAN_POINT('',(6.,0.,-14.0000002086163));
#16777=CARTESIAN_POINT('',(12.,0.,-14.0000002086163));
#16778=CARTESIAN_POINT('',(4.,0.,-16.0000002086163));
#16779=CARTESIAN_POINT('Origin',(6.,0.,-16.0000002086163));
#16780=CARTESIAN_POINT('',(4.,0.,-20.));
#16781=CARTESIAN_POINT('',(4.,0.,-14.0000002086163));
#16782=CARTESIAN_POINT('',(2.,0.,-22.));
#16783=CARTESIAN_POINT('Origin',(2.,0.,-20.));
#16784=CARTESIAN_POINT('',(-36.,0.,-22.));
#16785=CARTESIAN_POINT('',(-25.5,0.,-22.));
#16786=CARTESIAN_POINT('',(-38.,0.,-20.));
#16787=CARTESIAN_POINT('Origin',(-36.,0.,-20.));
#16788=CARTESIAN_POINT('',(-38.,0.,-16.));
#16789=CARTESIAN_POINT('',(-38.,0.,21.));
#16790=CARTESIAN_POINT('',(-40.,0.,-14.));
#16791=CARTESIAN_POINT('Origin',(-40.,0.,-16.));
#16792=CARTESIAN_POINT('',(-44.,0.,-14.));
#16793=CARTESIAN_POINT('',(-28.5,0.,-14.));
#16794=CARTESIAN_POINT('',(-46.,0.,-12.));
#16795=CARTESIAN_POINT('Origin',(-44.,0.,-12.));
#16796=CARTESIAN_POINT('',(-46.,0.,140.000002115965));
#16797=CARTESIAN_POINT('',(-46.,0.,107.));
#16798=CARTESIAN_POINT('',(-44.,0.,142.000002115965));
#16799=CARTESIAN_POINT('Origin',(-44.,0.,140.000002115965));
#16800=CARTESIAN_POINT('',(-46.,0.,142.000002115965));
#16801=CARTESIAN_POINT('Origin',(-44.,0.,140.000002115965));
#16802=CARTESIAN_POINT('',(-46.,12.,140.000002115965));
#16803=CARTESIAN_POINT('',(-44.,12.,142.000002115965));
#16804=CARTESIAN_POINT('Origin',(-44.,12.,140.000002115965));
#16805=CARTESIAN_POINT('',(-44.,0.,142.000002115965));
#16806=CARTESIAN_POINT('',(-46.,0.,140.000002115965));
#16807=CARTESIAN_POINT('Origin',(-46.,0.,142.000002115965));
#16808=CARTESIAN_POINT('',(-46.,12.,142.000002115965));
#16809=CARTESIAN_POINT('Origin',(-46.,0.,150.));
#16810=CARTESIAN_POINT('',(-46.,12.,-12.));
#16811=CARTESIAN_POINT('',(-46.,3.,-12.));
#16812=CARTESIAN_POINT('',(-46.,12.,30.));
#16813=CARTESIAN_POINT('Origin',(10.,6.,140.000002115965));
#16814=CARTESIAN_POINT('',(10.,12.,142.000002115965));
#16815=CARTESIAN_POINT('',(10.,6.,142.000002115965));
#16816=CARTESIAN_POINT('',(12.,12.,140.000002115965));
#16817=CARTESIAN_POINT('Origin',(10.,12.,140.000002115965));
#16818=CARTESIAN_POINT('',(12.,6.,140.000002115965));
#16819=CARTESIAN_POINT('Origin',(12.,12.,142.000002115965));
#16820=CARTESIAN_POINT('',(6.,12.,142.000002115965));
#16821=CARTESIAN_POINT('',(6.,9.,142.000002115965));
#16822=CARTESIAN_POINT('',(12.,12.,142.000002115965));
#16823=CARTESIAN_POINT('Origin',(6.,9.,144.000002115965));
#16824=CARTESIAN_POINT('',(4.,12.,144.000002115965));
#16825=CARTESIAN_POINT('',(4.,9.,144.000002115965));
#16826=CARTESIAN_POINT('Origin',(6.,12.,144.000002115965));
#16827=CARTESIAN_POINT('Origin',(2.,3.,148.));
#16828=CARTESIAN_POINT('',(2.,12.,150.));
#16829=CARTESIAN_POINT('',(4.,12.,148.));
#16830=CARTESIAN_POINT('Origin',(2.,12.,148.));
#16831=CARTESIAN_POINT('',(4.,3.,148.));
#16832=CARTESIAN_POINT('',(2.,3.,150.));
#16833=CARTESIAN_POINT('Origin',(4.,6.,146.000001057982));
#16834=CARTESIAN_POINT('',(4.,12.,150.));
#16835=CARTESIAN_POINT('Origin',(12.,0.,-22.));
#16836=CARTESIAN_POINT('',(12.,12.,-12.0000002086163));
#16837=CARTESIAN_POINT('',(12.,12.,21.));
#16838=CARTESIAN_POINT('',(12.,0.,-12.0000002086163));
#16839=CARTESIAN_POINT('Origin',(2.,3.,-20.));
#16840=CARTESIAN_POINT('',(4.,12.,-20.));
#16841=CARTESIAN_POINT('',(4.,3.,-20.));
#16842=CARTESIAN_POINT('',(2.,12.,-22.));
#16843=CARTESIAN_POINT('Origin',(2.,12.,-20.));
#16844=CARTESIAN_POINT('',(2.,3.,-22.));
#16845=CARTESIAN_POINT('Origin',(4.,6.,-18.0000001043081));
#16846=CARTESIAN_POINT('',(4.,12.,-16.0000002086163));
#16847=CARTESIAN_POINT('',(4.,3.,-16.0000002086163));
#16848=CARTESIAN_POINT('',(4.,12.,-22.));
#16849=CARTESIAN_POINT('Origin',(6.,3.,-16.0000002086163));
#16850=CARTESIAN_POINT('',(6.,12.,-14.0000002086163));
#16851=CARTESIAN_POINT('Origin',(6.,12.,-16.0000002086163));
#16852=CARTESIAN_POINT('',(6.,3.,-14.0000002086163));
#16853=CARTESIAN_POINT('Origin',(10.,0.,-12.0000002086163));
#16854=CARTESIAN_POINT('',(10.,12.,-14.0000002086163));
#16855=CARTESIAN_POINT('Origin',(10.,12.,-12.0000002086163));
#16856=CARTESIAN_POINT('',(10.,0.,-14.0000002086163));
#16857=CARTESIAN_POINT('Origin',(12.,0.,-14.0000002086163));
#16858=CARTESIAN_POINT('',(12.,12.,-14.0000002086163));
#16859=CARTESIAN_POINT('Origin',(8.,0.,150.));
#16860=CARTESIAN_POINT('',(-4.5,12.,150.));
#16861=CARTESIAN_POINT('Origin',(-42.,0.,-22.));
#16862=CARTESIAN_POINT('',(-36.,12.,-22.));
#16863=CARTESIAN_POINT('',(-29.5,12.,-22.));
#16864=CARTESIAN_POINT('',(-36.,0.,-22.));
#16865=CARTESIAN_POINT('Origin',(-36.,0.,-20.));
#16866=CARTESIAN_POINT('',(-38.,12.,-20.));
#16867=CARTESIAN_POINT('Origin',(-36.,12.,-20.));
#16868=CARTESIAN_POINT('',(-38.,0.,-20.));
#16869=CARTESIAN_POINT('Origin',(-38.,0.,-22.));
#16870=CARTESIAN_POINT('',(-38.,12.,-16.));
#16871=CARTESIAN_POINT('',(-38.,12.,21.));
#16872=CARTESIAN_POINT('',(-38.,3.,-16.));
#16873=CARTESIAN_POINT('Origin',(-40.,3.,-16.));
#16874=CARTESIAN_POINT('',(-40.,12.,-14.));
#16875=CARTESIAN_POINT('Origin',(-40.,12.,-16.));
#16876=CARTESIAN_POINT('',(-40.,3.,-14.));
#16877=CARTESIAN_POINT('Origin',(-40.,6.,-14.));
#16878=CARTESIAN_POINT('',(-44.,12.,-14.));
#16879=CARTESIAN_POINT('',(-28.5,12.,-14.));
#16880=CARTESIAN_POINT('',(-44.,3.,-14.));
#16881=CARTESIAN_POINT('Origin',(-44.,3.,-12.));
#16882=CARTESIAN_POINT('Origin',(-44.,12.,-12.));
#16883=CARTESIAN_POINT('Origin',(-17.,12.,64.));
#16884=CARTESIAN_POINT('',(20.,12.,-34.));
#16885=CARTESIAN_POINT('',(24.,12.,-30.));
#16886=CARTESIAN_POINT('Origin',(20.,12.,-30.));
#16887=CARTESIAN_POINT('',(-54.,12.,-34.));
#16888=CARTESIAN_POINT('',(20.,12.,-34.));
#16889=CARTESIAN_POINT('',(-58.,12.,-30.));
#16890=CARTESIAN_POINT('Origin',(-54.,12.,-30.));
#16891=CARTESIAN_POINT('',(-58.,12.,158.));
#16892=CARTESIAN_POINT('',(-58.,12.,17.));
#16893=CARTESIAN_POINT('',(-54.,12.,162.));
#16894=CARTESIAN_POINT('Origin',(-54.,12.,158.));
#16895=CARTESIAN_POINT('',(20.,12.,162.));
#16896=CARTESIAN_POINT('',(20.,12.,162.));
#16897=CARTESIAN_POINT('',(24.,12.,158.));
#16898=CARTESIAN_POINT('Origin',(20.,12.,158.));
#16899=CARTESIAN_POINT('',(24.,12.,-30.));
#16900=CARTESIAN_POINT('Origin',(20.,0.,-30.));
#16901=CARTESIAN_POINT('',(20.,2.00000017881393,-34.));
#16902=CARTESIAN_POINT('',(20.,0.,-34.));
#16903=CARTESIAN_POINT('',(24.,2.00000017881393,-30.));
#16904=CARTESIAN_POINT('Origin',(20.,2.00000017881393,-30.));
#16905=CARTESIAN_POINT('',(24.,0.,-30.));
#16906=CARTESIAN_POINT('Origin',(24.,0.,158.));
#16907=CARTESIAN_POINT('',(24.,2.00000017881393,158.));
#16908=CARTESIAN_POINT('',(24.,2.00000017881393,62.));
#16909=CARTESIAN_POINT('',(24.,0.,158.));
#16910=CARTESIAN_POINT('Origin',(-57.9999996423721,2.00000017881393,-34.));
#16911=CARTESIAN_POINT('',(-54.,2.00000017881393,-34.));
#16912=CARTESIAN_POINT('',(-20.9999998211861,2.00000017881393,-34.));
#16913=CARTESIAN_POINT('',(-58.,2.00000017881393,-30.));
#16914=CARTESIAN_POINT('Origin',(-54.,2.00000017881393,-30.));
#16915=CARTESIAN_POINT('',(-58.,2.00000017881393,158.));
#16916=CARTESIAN_POINT('',(-58.,2.00000017881393,-32.));
#16917=CARTESIAN_POINT('',(-54.,2.00000017881393,162.));
#16918=CARTESIAN_POINT('Origin',(-54.,2.00000017881393,158.));
#16919=CARTESIAN_POINT('',(20.,2.00000017881393,162.));
#16920=CARTESIAN_POINT('',(-54.,2.00000017881393,162.));
#16921=CARTESIAN_POINT('Origin',(20.,2.00000017881393,158.));
#16922=CARTESIAN_POINT('',(16.,2.00000017881393,-22.));
#16923=CARTESIAN_POINT('',(16.,2.00000017881393,150.));
#16924=CARTESIAN_POINT('',(16.,2.00000017881393,-42.));
#16925=CARTESIAN_POINT('',(12.,2.00000017881393,154.));
#16926=CARTESIAN_POINT('Origin',(12.,2.00000017881393,150.));
#16927=CARTESIAN_POINT('',(-46.,2.00000017881393,154.));
#16928=CARTESIAN_POINT('',(32.,2.00000017881393,154.));
#16929=CARTESIAN_POINT('',(-50.,2.00000017881393,150.));
#16930=CARTESIAN_POINT('Origin',(-46.,2.00000017881393,150.));
#16931=CARTESIAN_POINT('',(-50.,2.00000017881393,-22.));
#16932=CARTESIAN_POINT('',(-50.,2.00000017881393,170.));
#16933=CARTESIAN_POINT('',(-46.,2.00000017881393,-26.));
#16934=CARTESIAN_POINT('Origin',(-46.,2.00000017881393,-22.));
#16935=CARTESIAN_POINT('',(12.,2.00000017881393,-26.));
#16936=CARTESIAN_POINT('',(-57.9999996423721,2.00000017881393,-26.));
#16937=CARTESIAN_POINT('Origin',(12.,2.00000017881393,-22.));
#16938=CARTESIAN_POINT('Origin',(20.,0.,-30.));
#16939=CARTESIAN_POINT('',(24.,10.0000001788139,-30.));
#16940=CARTESIAN_POINT('',(20.,10.0000001788139,-34.));
#16941=CARTESIAN_POINT('Origin',(20.,10.0000001788139,-30.));
#16942=CARTESIAN_POINT('',(20.,0.,-34.));
#16943=CARTESIAN_POINT('',(24.,0.,-30.));
#16944=CARTESIAN_POINT('Origin',(24.0000003576279,10.0000001788139,-34.));
#16945=CARTESIAN_POINT('',(24.,10.0000001788139,158.));
#16946=CARTESIAN_POINT('',(24.,10.0000001788139,62.));
#16947=CARTESIAN_POINT('',(20.,10.0000001788139,162.));
#16948=CARTESIAN_POINT('Origin',(20.,10.0000001788139,158.));
#16949=CARTESIAN_POINT('',(-54.,10.0000001788139,162.));
#16950=CARTESIAN_POINT('',(-54.,10.0000001788139,162.));
#16951=CARTESIAN_POINT('',(-58.,10.0000001788139,158.));
#16952=CARTESIAN_POINT('Origin',(-54.,10.0000001788139,158.));
#16953=CARTESIAN_POINT('',(-58.,10.0000001788139,-30.));
#16954=CARTESIAN_POINT('',(-58.,10.0000001788139,-32.));
#16955=CARTESIAN_POINT('',(-54.,10.0000001788139,-34.));
#16956=CARTESIAN_POINT('Origin',(-54.,10.0000001788139,-30.));
#16957=CARTESIAN_POINT('',(20.0000001788139,10.0000001788139,-34.));
#16958=CARTESIAN_POINT('',(12.,10.0000001788139,-26.));
#16959=CARTESIAN_POINT('',(-46.,10.0000001788139,-26.));
#16960=CARTESIAN_POINT('',(24.0000003576279,10.0000001788139,-26.));
#16961=CARTESIAN_POINT('',(-50.,10.0000001788139,-22.));
#16962=CARTESIAN_POINT('Origin',(-46.,10.0000001788139,-22.));
#16963=CARTESIAN_POINT('',(-50.,10.0000001788139,150.));
#16964=CARTESIAN_POINT('',(-50.,10.0000001788139,-26.));
#16965=CARTESIAN_POINT('',(-46.,10.0000001788139,154.));
#16966=CARTESIAN_POINT('Origin',(-46.,10.0000001788139,150.));
#16967=CARTESIAN_POINT('',(12.,10.0000001788139,154.));
#16968=CARTESIAN_POINT('',(-50.,10.0000001788139,154.));
#16969=CARTESIAN_POINT('',(16.,10.0000001788139,150.));
#16970=CARTESIAN_POINT('Origin',(12.,10.0000001788139,150.));
#16971=CARTESIAN_POINT('',(16.,10.0000001788139,-22.));
#16972=CARTESIAN_POINT('',(16.,10.0000001788139,154.));
#16973=CARTESIAN_POINT('Origin',(12.,10.0000001788139,-22.));
#16974=CARTESIAN_POINT('Origin',(24.,0.,158.));
#16975=CARTESIAN_POINT('',(24.,0.,158.));
#16976=CARTESIAN_POINT('Origin',(12.,6.00000017881393,-22.));
#16977=CARTESIAN_POINT('',(16.,6.00000017881393,-22.));
#16978=CARTESIAN_POINT('',(12.,6.00000017881393,-26.));
#16979=CARTESIAN_POINT('Origin',(16.,6.00000017881393,64.));
#16980=CARTESIAN_POINT('',(16.,6.00000017881393,150.));
#16981=CARTESIAN_POINT('Origin',(20.,0.,158.));
#16982=CARTESIAN_POINT('',(20.,0.,162.));
#16983=CARTESIAN_POINT('Origin',(12.,6.00000017881393,150.));
#16984=CARTESIAN_POINT('',(12.,6.00000017881393,154.));
#16985=CARTESIAN_POINT('Origin',(20.,0.,158.));
#16986=CARTESIAN_POINT('',(20.,0.,162.));
#16987=CARTESIAN_POINT('Origin',(-16.9999996423721,6.00000017881393,-26.));
#16988=CARTESIAN_POINT('',(-46.,6.00000017881393,-26.));
#16989=CARTESIAN_POINT('Origin',(-54.,0.,158.));
#16990=CARTESIAN_POINT('',(-58.,0.,158.));
#16991=CARTESIAN_POINT('',(-54.,0.,162.));
#16992=CARTESIAN_POINT('Origin',(-50.,0.,162.));
#16993=CARTESIAN_POINT('Origin',(-54.,0.,158.));
#16994=CARTESIAN_POINT('',(-58.,0.,158.));
#16995=CARTESIAN_POINT('',(-54.,0.,162.));
#16996=CARTESIAN_POINT('Origin',(-58.,0.,-30.));
#16997=CARTESIAN_POINT('',(-58.,0.,-30.));
#16998=CARTESIAN_POINT('Origin',(-46.,6.00000017881393,150.));
#16999=CARTESIAN_POINT('',(-46.,6.00000017881393,154.));
#17000=CARTESIAN_POINT('',(-50.,6.00000017881393,150.));
#17001=CARTESIAN_POINT('Origin',(-13.,6.00000017881393,154.));
#17002=CARTESIAN_POINT('Origin',(-54.,0.,-30.));
#17003=CARTESIAN_POINT('',(-54.,0.,-34.));
#17004=CARTESIAN_POINT('',(-58.,0.,-30.));
#17005=CARTESIAN_POINT('Origin',(-58.,0.,-30.));
#17006=CARTESIAN_POINT('Origin',(-54.,0.,-30.));
#17007=CARTESIAN_POINT('',(-54.,0.,-34.));
#17008=CARTESIAN_POINT('Origin',(-46.,6.00000017881393,-22.));
#17009=CARTESIAN_POINT('',(-50.,6.00000017881393,-22.));
#17010=CARTESIAN_POINT('Origin',(-50.,6.00000017881393,68.));
#17011=CARTESIAN_POINT('Origin',(-50.,0.,162.));
#17012=CARTESIAN_POINT('Origin',(16.,0.,-34.));
#17013=CARTESIAN_POINT('Origin',(16.,0.,-34.));
#17014=CARTESIAN_POINT('',(0.,0.,0.));
#17015=CARTESIAN_POINT('Origin',(-36.,7.5574661540862,-53.));
#17016=CARTESIAN_POINT('',(-36.,7.1149323081724,-53.));
#17017=CARTESIAN_POINT('',(-36.,8.,-54.473));
#17018=CARTESIAN_POINT('',(-36.,7.5574661540862,-53.7365));
#17019=CARTESIAN_POINT('Origin',(-36.,8.,-53.));
#17020=CARTESIAN_POINT('Origin',(-36.,10.,-53.));
#17021=CARTESIAN_POINT('',(-36.,12.,-54.473));
#17022=CARTESIAN_POINT('Origin',(-36.,12.,-53.));
#17023=CARTESIAN_POINT('',(-36.,10.,-54.473));
#17024=CARTESIAN_POINT('Origin',(36.,7.5574661540862,-53.));
#17025=CARTESIAN_POINT('',(36.,7.1149323081724,-53.));
#17026=CARTESIAN_POINT('',(36.,8.,-54.473));
#17027=CARTESIAN_POINT('',(36.,7.5574661540862,-53.7365));
#17028=CARTESIAN_POINT('Origin',(36.,8.,-53.));
#17029=CARTESIAN_POINT('Origin',(36.,10.,-53.));
#17030=CARTESIAN_POINT('',(36.,12.,-54.473));
#17031=CARTESIAN_POINT('Origin',(36.,12.,-53.));
#17032=CARTESIAN_POINT('',(36.,10.,-54.473));
#17033=CARTESIAN_POINT('Origin',(-36.,7.5574661540862,59.));
#17034=CARTESIAN_POINT('',(-36.,7.1149323081724,59.));
#17035=CARTESIAN_POINT('',(-36.,8.,57.527));
#17036=CARTESIAN_POINT('',(-36.,7.5574661540862,58.2635));
#17037=CARTESIAN_POINT('Origin',(-36.,8.,59.));
#17038=CARTESIAN_POINT('Origin',(-36.,10.,59.));
#17039=CARTESIAN_POINT('',(-36.,12.,57.527));
#17040=CARTESIAN_POINT('Origin',(-36.,12.,59.));
#17041=CARTESIAN_POINT('',(-36.,10.,57.527));
#17042=CARTESIAN_POINT('Origin',(36.,7.5574661540862,59.));
#17043=CARTESIAN_POINT('',(36.,7.1149323081724,59.));
#17044=CARTESIAN_POINT('',(36.,8.,57.527));
#17045=CARTESIAN_POINT('',(36.,7.5574661540862,58.2635));
#17046=CARTESIAN_POINT('Origin',(36.,8.,59.));
#17047=CARTESIAN_POINT('Origin',(36.,10.,59.));
#17048=CARTESIAN_POINT('',(36.,12.,57.527));
#17049=CARTESIAN_POINT('Origin',(36.,12.,59.));
#17050=CARTESIAN_POINT('',(36.,10.,57.527));
#17051=CARTESIAN_POINT('Origin',(-49.,0.,55.));
#17052=CARTESIAN_POINT('',(-49.,0.,57.));
#17053=CARTESIAN_POINT('',(-51.,0.,55.));
#17054=CARTESIAN_POINT('Origin',(-49.,0.,55.));
#17055=CARTESIAN_POINT('',(-51.,12.,55.));
#17056=CARTESIAN_POINT('',(-51.,0.,55.));
#17057=CARTESIAN_POINT('',(-49.,12.,57.));
#17058=CARTESIAN_POINT('Origin',(-49.,12.,55.));
#17059=CARTESIAN_POINT('',(-49.,0.,57.));
#17060=CARTESIAN_POINT('Origin',(-51.,0.,28.));
#17061=CARTESIAN_POINT('',(-51.,0.,-49.));
#17062=CARTESIAN_POINT('',(-51.,0.,-25.5));
#17063=CARTESIAN_POINT('',(-51.,12.,-49.));
#17064=CARTESIAN_POINT('',(-51.,0.,-49.));
#17065=CARTESIAN_POINT('',(-51.,12.,-25.5));
#17066=CARTESIAN_POINT('Origin',(-49.,0.,-49.));
#17067=CARTESIAN_POINT('',(-49.,12.,-51.));
#17068=CARTESIAN_POINT('Origin',(-49.,12.,-49.));
#17069=CARTESIAN_POINT('',(-49.,0.,-51.));
#17070=CARTESIAN_POINT('Origin',(-49.,0.,-49.));
#17071=CARTESIAN_POINT('',(-49.,0.,-51.));
#17072=CARTESIAN_POINT('Origin',(49.,0.,-49.));
#17073=CARTESIAN_POINT('',(51.,12.,-49.));
#17074=CARTESIAN_POINT('',(49.,12.,-51.));
#17075=CARTESIAN_POINT('Origin',(49.,12.,-49.));
#17076=CARTESIAN_POINT('',(49.,0.,-51.));
#17077=CARTESIAN_POINT('',(49.,0.,-51.));
#17078=CARTESIAN_POINT('',(51.,0.,-49.));
#17079=CARTESIAN_POINT('Origin',(49.,0.,-49.));
#17080=CARTESIAN_POINT('',(51.,0.,-49.));
#17081=CARTESIAN_POINT('Origin',(-22.,0.,-51.));
#17082=CARTESIAN_POINT('',(-11.,0.,-51.));
#17083=CARTESIAN_POINT('',(-11.,12.,-51.));
#17084=CARTESIAN_POINT('Origin',(49.,0.,55.));
#17085=CARTESIAN_POINT('',(49.,12.,57.));
#17086=CARTESIAN_POINT('',(51.,12.,55.));
#17087=CARTESIAN_POINT('Origin',(49.,12.,55.));
#17088=CARTESIAN_POINT('',(51.,0.,55.));
#17089=CARTESIAN_POINT('',(51.,0.,55.));
#17090=CARTESIAN_POINT('',(49.,0.,57.));
#17091=CARTESIAN_POINT('Origin',(49.,0.,55.));
#17092=CARTESIAN_POINT('',(49.,0.,57.));
#17093=CARTESIAN_POINT('Origin',(51.,0.,-22.));
#17094=CARTESIAN_POINT('',(51.,0.,-25.5));
#17095=CARTESIAN_POINT('',(51.,12.,-25.5));
#17096=CARTESIAN_POINT('Origin',(22.,0.,57.));
#17097=CARTESIAN_POINT('',(11.,12.,57.));
#17098=CARTESIAN_POINT('',(11.,0.,57.));
#17099=CARTESIAN_POINT('Origin',(-59.,0.,-59.));
#17100=CARTESIAN_POINT('',(-59.,0.,-63.));
#17101=CARTESIAN_POINT('',(-63.,0.,-59.));
#17102=CARTESIAN_POINT('Origin',(-59.,0.,-59.));
#17103=CARTESIAN_POINT('',(-63.,2.,-59.));
#17104=CARTESIAN_POINT('',(-63.,0.,-59.));
#17105=CARTESIAN_POINT('',(-59.,2.,-63.));
#17106=CARTESIAN_POINT('Origin',(-59.,2.,-59.));
#17107=CARTESIAN_POINT('',(-59.,0.,-63.));
#17108=CARTESIAN_POINT('Origin',(0.,0.,3.));
#17109=CARTESIAN_POINT('',(59.,0.,-63.));
#17110=CARTESIAN_POINT('',(63.,0.,-63.));
#17111=CARTESIAN_POINT('',(63.,0.,-59.));
#17112=CARTESIAN_POINT('Origin',(59.,0.,-59.));
#17113=CARTESIAN_POINT('',(63.,0.,65.));
#17114=CARTESIAN_POINT('',(63.,0.,19.5));
#17115=CARTESIAN_POINT('',(59.,0.,69.));
#17116=CARTESIAN_POINT('Origin',(59.,0.,65.));
#17117=CARTESIAN_POINT('',(-59.,0.,69.));
#17118=CARTESIAN_POINT('',(-59.,0.,69.));
#17119=CARTESIAN_POINT('',(-63.,0.,65.));
#17120=CARTESIAN_POINT('Origin',(-59.,0.,65.));
#17121=CARTESIAN_POINT('',(-63.,0.,-13.5));
#17122=CARTESIAN_POINT('Origin',(30.,0.,-63.));
#17123=CARTESIAN_POINT('',(59.,2.,-63.));
#17124=CARTESIAN_POINT('',(63.,2.,-63.));
#17125=CARTESIAN_POINT('',(59.,0.,-63.));
#17126=CARTESIAN_POINT('Origin',(-59.,0.,-59.));
#17127=CARTESIAN_POINT('',(-59.,10.,-63.));
#17128=CARTESIAN_POINT('',(-63.,10.,-59.));
#17129=CARTESIAN_POINT('Origin',(-59.,10.,-59.));
#17130=CARTESIAN_POINT('',(-63.,12.,-59.));
#17131=CARTESIAN_POINT('',(-63.,0.,-59.));
#17132=CARTESIAN_POINT('',(-59.,12.,-63.));
#17133=CARTESIAN_POINT('Origin',(-59.,12.,-59.));
#17134=CARTESIAN_POINT('',(-59.,0.,-63.));
#17135=CARTESIAN_POINT('Origin',(-67.,10.,-67.));
#17136=CARTESIAN_POINT('',(59.,10.,-63.));
#17137=CARTESIAN_POINT('',(63.,10.,-63.));
#17138=CARTESIAN_POINT('',(63.,10.,-59.));
#17139=CARTESIAN_POINT('Origin',(59.,10.,-59.));
#17140=CARTESIAN_POINT('',(63.,10.,65.));
#17141=CARTESIAN_POINT('',(63.,10.,-15.5));
#17142=CARTESIAN_POINT('',(59.,10.,69.));
#17143=CARTESIAN_POINT('Origin',(59.,10.,65.));
#17144=CARTESIAN_POINT('',(-59.,10.,69.));
#17145=CARTESIAN_POINT('',(-59.,10.,69.));
#17146=CARTESIAN_POINT('',(-63.,10.,65.));
#17147=CARTESIAN_POINT('Origin',(-59.,10.,65.));
#17148=CARTESIAN_POINT('',(-63.,10.,-48.5));
#17149=CARTESIAN_POINT('',(55.,10.,57.));
#17150=CARTESIAN_POINT('',(55.,10.,-51.));
#17151=CARTESIAN_POINT('',(55.,10.,65.));
#17152=CARTESIAN_POINT('',(51.,10.,-55.));
#17153=CARTESIAN_POINT('Origin',(51.,10.,-51.));
#17154=CARTESIAN_POINT('',(-51.,10.,-55.));
#17155=CARTESIAN_POINT('',(59.,10.,-55.));
#17156=CARTESIAN_POINT('',(-55.,10.,-51.));
#17157=CARTESIAN_POINT('Origin',(-51.,10.,-51.));
#17158=CARTESIAN_POINT('',(-55.,10.,57.));
#17159=CARTESIAN_POINT('',(-55.,10.,-67.));
#17160=CARTESIAN_POINT('',(-51.,10.,61.));
#17161=CARTESIAN_POINT('Origin',(-51.,10.,57.));
#17162=CARTESIAN_POINT('',(51.,10.,61.));
#17163=CARTESIAN_POINT('',(-59.,10.,61.));
#17164=CARTESIAN_POINT('Origin',(51.,10.,57.));
#17165=CARTESIAN_POINT('Origin',(30.,0.,-63.));
#17166=CARTESIAN_POINT('',(59.,12.,-63.));
#17167=CARTESIAN_POINT('',(63.,12.,-63.));
#17168=CARTESIAN_POINT('',(59.,0.,-63.));
#17169=CARTESIAN_POINT('Origin',(-51.,6.,-51.));
#17170=CARTESIAN_POINT('',(-51.,2.,-55.));
#17171=CARTESIAN_POINT('',(-55.,2.,-51.));
#17172=CARTESIAN_POINT('Origin',(-51.,2.,-51.));
#17173=CARTESIAN_POINT('',(-55.,6.,-51.));
#17174=CARTESIAN_POINT('',(-51.,6.,-55.));
#17175=CARTESIAN_POINT('Origin',(-55.,6.,3.));
#17176=CARTESIAN_POINT('',(-55.,2.,57.));
#17177=CARTESIAN_POINT('',(-55.,2.,83.));
#17178=CARTESIAN_POINT('',(-55.,6.,57.));
#17179=CARTESIAN_POINT('Origin',(59.,0.,-59.));
#17180=CARTESIAN_POINT('',(63.,2.,-59.));
#17181=CARTESIAN_POINT('Origin',(59.,2.,-59.));
#17182=CARTESIAN_POINT('',(63.,0.,-59.));
#17183=CARTESIAN_POINT('Origin',(59.,0.,-59.));
#17184=CARTESIAN_POINT('',(63.,12.,-59.));
#17185=CARTESIAN_POINT('Origin',(59.,12.,-59.));
#17186=CARTESIAN_POINT('',(63.,0.,-59.));
#17187=CARTESIAN_POINT('Origin',(51.,6.,-51.));
#17188=CARTESIAN_POINT('',(55.,2.,-51.));
#17189=CARTESIAN_POINT('',(55.,6.,-51.));
#17190=CARTESIAN_POINT('',(51.,2.,-55.));
#17191=CARTESIAN_POINT('Origin',(51.,2.,-51.));
#17192=CARTESIAN_POINT('',(51.,6.,-55.));
#17193=CARTESIAN_POINT('Origin',(55.,6.,-1.00000000000001));
#17194=CARTESIAN_POINT('',(55.,2.,57.));
#17195=CARTESIAN_POINT('',(55.,6.,57.));
#17196=CARTESIAN_POINT('',(55.,2.,-85.));
#17197=CARTESIAN_POINT('Origin',(59.,0.,65.));
#17198=CARTESIAN_POINT('',(63.,2.,65.));
#17199=CARTESIAN_POINT('',(59.,2.,69.));
#17200=CARTESIAN_POINT('Origin',(59.,2.,65.));
#17201=CARTESIAN_POINT('',(59.,0.,69.));
#17202=CARTESIAN_POINT('',(63.,0.,65.));
#17203=CARTESIAN_POINT('Origin',(-30.,0.,69.));
#17204=CARTESIAN_POINT('',(-59.,2.,69.));
#17205=CARTESIAN_POINT('',(63.,2.,69.));
#17206=CARTESIAN_POINT('',(-59.,0.,69.));
#17207=CARTESIAN_POINT('Origin',(59.,0.,65.));
#17208=CARTESIAN_POINT('',(63.,12.,65.));
#17209=CARTESIAN_POINT('',(59.,12.,69.));
#17210=CARTESIAN_POINT('Origin',(59.,12.,65.));
#17211=CARTESIAN_POINT('',(59.,0.,69.));
#17212=CARTESIAN_POINT('',(63.,0.,65.));
#17213=CARTESIAN_POINT('Origin',(-30.,0.,69.));
#17214=CARTESIAN_POINT('',(-59.,12.,69.));
#17215=CARTESIAN_POINT('',(63.,12.,69.));
#17216=CARTESIAN_POINT('',(-59.,0.,69.));
#17217=CARTESIAN_POINT('Origin',(51.,6.,57.));
#17218=CARTESIAN_POINT('',(51.,2.,61.));
#17219=CARTESIAN_POINT('',(51.,6.,61.));
#17220=CARTESIAN_POINT('Origin',(51.,2.,57.));
#17221=CARTESIAN_POINT('Origin',(4.,6.,61.));
#17222=CARTESIAN_POINT('',(-51.,2.,61.));
#17223=CARTESIAN_POINT('',(-51.,6.,61.));
#17224=CARTESIAN_POINT('',(91.,2.,61.));
#17225=CARTESIAN_POINT('Origin',(-59.,0.,65.));
#17226=CARTESIAN_POINT('',(-63.,2.,65.));
#17227=CARTESIAN_POINT('Origin',(-59.,2.,65.));
#17228=CARTESIAN_POINT('',(-63.,0.,65.));
#17229=CARTESIAN_POINT('Origin',(-59.,0.,65.));
#17230=CARTESIAN_POINT('',(-63.,12.,65.));
#17231=CARTESIAN_POINT('Origin',(-59.,12.,65.));
#17232=CARTESIAN_POINT('',(-63.,0.,65.));
#17233=CARTESIAN_POINT('Origin',(-51.,6.,57.));
#17234=CARTESIAN_POINT('Origin',(-51.,2.,57.));
#17235=CARTESIAN_POINT('Origin',(63.,0.,36.));
#17236=CARTESIAN_POINT('',(63.,12.,19.5));
#17237=CARTESIAN_POINT('Origin',(63.,0.,36.));
#17238=CARTESIAN_POINT('',(63.,2.,54.5));
#17239=CARTESIAN_POINT('Origin',(-63.,0.,-30.));
#17240=CARTESIAN_POINT('',(-63.,2.,65.));
#17241=CARTESIAN_POINT('Origin',(-63.,0.,-30.));
#17242=CARTESIAN_POINT('',(-63.,12.,-13.5));
#17243=CARTESIAN_POINT('Origin',(-67.,2.,73.));
#17244=CARTESIAN_POINT('',(-91.,2.,-55.));
#17245=CARTESIAN_POINT('Origin',(0.,12.,3.00000000000001));
#17246=CARTESIAN_POINT('Origin',(0.,6.,-55.));
#17247=CARTESIAN_POINT('',(0.,0.,0.));
#17248=CARTESIAN_POINT('Origin',(-8.00000014901161,3.,-3.00000007450581));
#17249=CARTESIAN_POINT('',(-6.00000014901161,1.527,-3.00000007450581));
#17250=CARTESIAN_POINT('Origin',(-6.00000014901161,3.,-3.00000007450581));
#17251=CARTESIAN_POINT('',(-10.0000001490116,1.527,-3.00000007450581));
#17252=CARTESIAN_POINT('',(-8.00000014901161,1.527,-3.00000007450581));
#17253=CARTESIAN_POINT('Origin',(-10.0000001490116,3.,-3.00000007450581));
#17254=CARTESIAN_POINT('Origin',(-1.00000014901161,-5.55111512312578E-16,
0.999999925494194));
#17255=CARTESIAN_POINT('',(-1.00000014901161,2.,-0.473000074505806));
#17256=CARTESIAN_POINT('Origin',(-1.00000014901161,2.,0.999999925494194));
#17257=CARTESIAN_POINT('',(-1.00000014901161,0.,-0.473000074505806));
#17258=CARTESIAN_POINT('',(-1.00000014901161,-5.55111512312578E-16,-0.473000074505806));
#17259=CARTESIAN_POINT('Origin',(-1.00000014901161,0.,0.999999925494194));
#17260=CARTESIAN_POINT('Origin',(-2.00000014901161,1.,-1.00000007450581));
#17261=CARTESIAN_POINT('',(-6.00000014901161,-5.55111512312578E-16,-1.00000007450581));
#17262=CARTESIAN_POINT('',(1.99999985098839,-5.55111512312578E-16,-1.00000007450581));
#17263=CARTESIAN_POINT('',(-3.00000014901161,0.,-1.00000007450581));
#17264=CARTESIAN_POINT('',(-6.00000014901161,2.,-1.00000007450581));
#17265=CARTESIAN_POINT('',(-6.00000014901161,2.,-1.00000007450581));
#17266=CARTESIAN_POINT('',(1.99999985098839,2.,-1.00000007450581));
#17267=CARTESIAN_POINT('',(-1.50000014901161,2.,-1.00000007450581));
#17268=CARTESIAN_POINT('',(1.99999985098839,0.5,-1.00000007450581));
#17269=CARTESIAN_POINT('Origin',(1.99999985098839,0.,-5.00000007450581));
#17270=CARTESIAN_POINT('',(-6.00000014901161,8.,-5.00000007450581));
#17271=CARTESIAN_POINT('',(-6.00000014901161,-5.55111512312578E-16,-5.00000007450581));
#17272=CARTESIAN_POINT('',(-6.00000014901161,1.,-5.00000007450581));
#17273=CARTESIAN_POINT('',(-10.0000001490116,0.,-5.00000007450581));
#17274=CARTESIAN_POINT('',(-10.0000001490116,0.,-5.00000007450581));
#17275=CARTESIAN_POINT('',(-10.0000001490116,8.,-5.00000007450581));
#17276=CARTESIAN_POINT('',(-10.0000001490116,0.,-5.00000007450581));
#17277=CARTESIAN_POINT('',(-10.0000001490116,8.,-5.00000007450581));
#17278=CARTESIAN_POINT('Origin',(-4.00000014901161,0.,-3.00000007450581));
#17279=CARTESIAN_POINT('',(-6.00000014901161,0.,-4.00000007450581));
#17280=CARTESIAN_POINT('',(1.99999985098839,0.,2.99999992549419));
#17281=CARTESIAN_POINT('',(1.99999985098839,0.,-1.00000007450581));
#17282=CARTESIAN_POINT('',(-8.00000014901161,0.,2.99999992549419));
#17283=CARTESIAN_POINT('',(-5.00000014901161,0.,2.99999992549419));
#17284=CARTESIAN_POINT('',(-8.00000014901161,0.,-1.00000007450581));
#17285=CARTESIAN_POINT('',(-8.00000014901161,0.,-2.00000007450581));
#17286=CARTESIAN_POINT('',(-10.0000001490116,0.,-1.00000007450581));
#17287=CARTESIAN_POINT('',(-8.00000014901161,0.,-1.00000007450581));
#17288=CARTESIAN_POINT('',(-10.0000001490116,0.,-1.00000007450581));
#17289=CARTESIAN_POINT('Origin',(-8.00000014901161,1.,-1.00000007450581));
#17290=CARTESIAN_POINT('',(-10.0000001490116,1.,-1.00000007450581));
#17291=CARTESIAN_POINT('',(-8.00000014901161,1.,-1.00000007450581));
#17292=CARTESIAN_POINT('',(-8.50000014901161,1.,-1.00000007450581));
#17293=CARTESIAN_POINT('',(-10.0000001490116,1.,-1.00000007450581));
#17294=CARTESIAN_POINT('',(-8.00000014901161,0.5,-1.00000007450581));
#17295=CARTESIAN_POINT('Origin',(-9.00000014901161,1.,-3.00000007450581));
#17296=CARTESIAN_POINT('',(-8.00000014901161,1.,2.99999992549419));
#17297=CARTESIAN_POINT('',(-8.00000014901161,1.,-1.00000007450581));
#17298=CARTESIAN_POINT('',(-10.0000001490116,1.,2.99999992549419));
#17299=CARTESIAN_POINT('',(-9.00000014901161,1.,2.99999992549419));
#17300=CARTESIAN_POINT('',(-10.0000001490116,1.,-3.00000007450581));
#17301=CARTESIAN_POINT('Origin',(-10.0000001490116,0.,2.99999992549419));
#17302=CARTESIAN_POINT('',(-8.00000014901161,0.,2.99999992549419));
#17303=CARTESIAN_POINT('',(1.99999985098839,2.,2.99999992549419));
#17304=CARTESIAN_POINT('',(1.99999985098839,1.,2.99999992549419));
#17305=CARTESIAN_POINT('',(-6.00000014901161,2.,2.99999992549419));
#17306=CARTESIAN_POINT('',(-3.50000014901161,2.,2.99999992549419));
#17307=CARTESIAN_POINT('',(-6.00000014901161,8.,2.99999992549419));
#17308=CARTESIAN_POINT('',(-6.00000014901161,1.,2.99999992549419));
#17309=CARTESIAN_POINT('',(-10.0000001490116,8.,2.99999992549419));
#17310=CARTESIAN_POINT('',(1.99999985098839,8.,2.99999992549419));
#17311=CARTESIAN_POINT('',(-10.0000001490116,0.,2.99999992549419));
#17312=CARTESIAN_POINT('Origin',(-6.00000014901161,8.,-1.00000007450581));
#17313=CARTESIAN_POINT('',(-6.00000014901161,8.,-2.00000007450581));
#17314=CARTESIAN_POINT('',(-6.00000014901161,2.,-1.00000007450581));
#17315=CARTESIAN_POINT('Origin',(-1.00000014901161,2.,-3.00000007450581));
#17316=CARTESIAN_POINT('',(1.99999985098839,2.,-2.00000007450581));
#17317=CARTESIAN_POINT('Origin',(-8.00000014901161,0.,-1.00000007450581));
#17318=CARTESIAN_POINT('Origin',(1.99999985098839,0.,-1.00000007450581));
#17319=CARTESIAN_POINT('Origin',(-10.0000001490116,0.,-5.00000007450581));
#17320=CARTESIAN_POINT('',(-10.0000001490116,8.,-1.00000007450581));
#17321=CARTESIAN_POINT('Origin',(-4.00000014901161,8.,-3.00000007450581));
#17322=CARTESIAN_POINT('',(0.,0.,0.));
#17323=CARTESIAN_POINT('Origin',(-8.00000014901161,3.,0.999999925494194));
#17324=CARTESIAN_POINT('',(-6.00000014901161,1.527,0.999999925494194));
#17325=CARTESIAN_POINT('Origin',(-6.00000014901161,3.,0.999999925494194));
#17326=CARTESIAN_POINT('',(-10.0000001490116,1.527,0.999999925494194));
#17327=CARTESIAN_POINT('',(-8.00000014901161,1.527,0.999999925494194));
#17328=CARTESIAN_POINT('Origin',(-10.0000001490116,3.,0.999999925494194));
#17329=CARTESIAN_POINT('Origin',(-10.0000001490116,1.,-1.00000007450581));
#17330=CARTESIAN_POINT('',(-8.00000014901161,1.,-1.00000007450581));
#17331=CARTESIAN_POINT('',(-10.0000001490116,1.,-1.00000007450581));
#17332=CARTESIAN_POINT('',(-9.50000014901161,1.,-1.00000007450581));
#17333=CARTESIAN_POINT('',(-8.00000014901161,0.,-1.00000007450581));
#17334=CARTESIAN_POINT('',(-8.00000014901161,0.5,-1.00000007450581));
#17335=CARTESIAN_POINT('',(-10.0000001490116,0.,-1.00000007450581));
#17336=CARTESIAN_POINT('',(-8.00000014901161,0.,-1.00000007450581));
#17337=CARTESIAN_POINT('',(-10.0000001490116,1.,-1.00000007450581));
#17338=CARTESIAN_POINT('Origin',(-6.00000014901161,2.,-1.00000007450581));
#17339=CARTESIAN_POINT('',(1.99999985098839,0.,-1.00000007450581));
#17340=CARTESIAN_POINT('',(-6.00000014901161,0.,-1.00000007450581));
#17341=CARTESIAN_POINT('',(-5.00000014901161,0.,-1.00000007450581));
#17342=CARTESIAN_POINT('',(1.99999985098839,2.,-1.00000007450581));
#17343=CARTESIAN_POINT('',(1.99999985098839,1.,-1.00000007450581));
#17344=CARTESIAN_POINT('',(-6.00000014901161,2.,-1.00000007450581));
#17345=CARTESIAN_POINT('',(-3.50000014901161,2.,-1.00000007450581));
#17346=CARTESIAN_POINT('',(-6.00000014901161,2.,-1.00000007450581));
#17347=CARTESIAN_POINT('Origin',(-4.00000014901161,0.,-3.00000007450581));
#17348=CARTESIAN_POINT('',(-6.00000014901161,0.,2.99999992549419));
#17349=CARTESIAN_POINT('',(-6.00000014901161,0.,-7.45058056916825E-8));
#17350=CARTESIAN_POINT('',(-10.0000001490116,0.,2.99999992549419));
#17351=CARTESIAN_POINT('',(-10.0000001490116,0.,2.99999992549419));
#17352=CARTESIAN_POINT('',(-10.0000001490116,0.,-1.00000007450581));
#17353=CARTESIAN_POINT('',(-8.00000014901161,0.,-5.00000007450581));
#17354=CARTESIAN_POINT('',(-8.00000014901161,0.,-2.00000007450581));
#17355=CARTESIAN_POINT('',(1.99999985098839,0.,-5.00000007450581));
#17356=CARTESIAN_POINT('',(-10.0000001490116,0.,-5.00000007450581));
#17357=CARTESIAN_POINT('',(1.99999985098839,0.,-1.00000007450581));
#17358=CARTESIAN_POINT('',(-1.00000014901161,0.,-4.47300007450581));
#17359=CARTESIAN_POINT('Origin',(-1.00000014901161,0.,-3.00000007450581));
#17360=CARTESIAN_POINT('Origin',(-1.00000014901161,2.,-3.00000007450581));
#17361=CARTESIAN_POINT('',(1.99999985098839,2.,-5.00000007450581));
#17362=CARTESIAN_POINT('',(1.99999985098839,2.,-2.00000007450581));
#17363=CARTESIAN_POINT('',(-6.00000014901161,2.,-5.00000007450581));
#17364=CARTESIAN_POINT('',(-1.00000014901161,2.,-5.00000007450581));
#17365=CARTESIAN_POINT('',(-6.00000014901161,2.,-1.00000007450581));
#17366=CARTESIAN_POINT('',(-1.00000014901161,2.,-4.47300007450581));
#17367=CARTESIAN_POINT('Origin',(-1.00000014901161,2.,-3.00000007450581));
#17368=CARTESIAN_POINT('Origin',(-10.0000001490116,0.,2.99999992549419));
#17369=CARTESIAN_POINT('',(-6.00000014901161,8.,2.99999992549419));
#17370=CARTESIAN_POINT('',(-6.00000014901161,1.,2.99999992549419));
#17371=CARTESIAN_POINT('',(-10.0000001490116,8.,2.99999992549419));
#17372=CARTESIAN_POINT('',(1.99999985098839,8.,2.99999992549419));
#17373=CARTESIAN_POINT('',(-10.0000001490116,0.,2.99999992549419));
#17374=CARTESIAN_POINT('Origin',(-8.00000014901161,0.,-1.00000007450581));
#17375=CARTESIAN_POINT('',(-8.00000014901161,1.,-5.00000007450581));
#17376=CARTESIAN_POINT('',(-8.00000014901161,1.,-1.00000007450581));
#17377=CARTESIAN_POINT('',(-8.00000014901161,0.,-5.00000007450581));
#17378=CARTESIAN_POINT('Origin',(-9.00000014901161,1.,-3.00000007450581));
#17379=CARTESIAN_POINT('',(-10.0000001490116,1.,-5.00000007450581));
#17380=CARTESIAN_POINT('',(-10.0000001490116,1.,-1.00000007450581));
#17381=CARTESIAN_POINT('',(-3.50000014901161,1.,-5.00000007450581));
#17382=CARTESIAN_POINT('Origin',(1.99999985098839,0.,-5.00000007450581));
#17383=CARTESIAN_POINT('',(-10.0000001490116,8.,-5.00000007450581));
#17384=CARTESIAN_POINT('',(-10.0000001490116,0.,-5.00000007450581));
#17385=CARTESIAN_POINT('',(-6.00000014901161,8.,-5.00000007450581));
#17386=CARTESIAN_POINT('',(-10.0000001490116,8.,-5.00000007450581));
#17387=CARTESIAN_POINT('',(-6.00000014901161,4.,-5.00000007450581));
#17388=CARTESIAN_POINT('',(1.99999985098839,0.,-5.00000007450581));
#17389=CARTESIAN_POINT('Origin',(-6.00000014901161,8.,-1.00000007450581));
#17390=CARTESIAN_POINT('',(-6.00000014901161,8.,-2.00000007450581));
#17391=CARTESIAN_POINT('Origin',(-1.00000014901161,-2.,-3.00000007450581));
#17392=CARTESIAN_POINT('',(-1.00000014901161,-2.,-4.47300007450581));
#17393=CARTESIAN_POINT('Origin',(1.99999985098839,0.,-1.00000007450581));
#17394=CARTESIAN_POINT('Origin',(-10.0000001490116,0.,-5.00000007450581));
#17395=CARTESIAN_POINT('',(-10.0000001490116,8.,-1.00000007450581));
#17396=CARTESIAN_POINT('Origin',(-4.00000014901161,8.,-3.00000007450581));
#17397=CARTESIAN_POINT('',(0.,0.,0.));
#17398=CARTESIAN_POINT('Origin',(-10.0000001490116,0.,3.99999985098839));
#17399=CARTESIAN_POINT('',(-9.00000014901161,0.,3.99999985098839));
#17400=CARTESIAN_POINT('',(-9.00000014901161,2.,3.99999985098839));
#17401=CARTESIAN_POINT('',(-9.00000014901161,0.,3.99999985098839));
#17402=CARTESIAN_POINT('',(32.9999998509884,0.,3.99999985098839));
#17403=CARTESIAN_POINT('',(0.999999850988389,0.,3.99999985098839));
#17404=CARTESIAN_POINT('',(32.9999998509884,2.,3.99999985098839));
#17405=CARTESIAN_POINT('',(32.9999998509884,0.,3.99999985098839));
#17406=CARTESIAN_POINT('',(26.9999998509884,2.,3.99999985156263));
#17407=CARTESIAN_POINT('',(0.999999850988389,2.,3.99999985098839));
#17408=CARTESIAN_POINT('',(26.9999998509884,17.,3.99999985156263));
#17409=CARTESIAN_POINT('',(26.9999998509884,1.,3.99999985098839));
#17410=CARTESIAN_POINT('',(26.0000003874302,17.,3.99999985156263));
#17411=CARTESIAN_POINT('',(8.24999998509884,17.,3.99999985098839));
#17412=CARTESIAN_POINT('',(26.0000003874302,2.,3.99999985156263));
#17413=CARTESIAN_POINT('',(26.0000003874302,1.,3.99999985098839));
#17414=CARTESIAN_POINT('',(25.000000372529,2.,3.99999985156263));
#17415=CARTESIAN_POINT('',(0.999999850988389,2.,3.99999985098839));
#17416=CARTESIAN_POINT('',(25.000000372529,17.,3.99999985156263));
#17417=CARTESIAN_POINT('',(25.000000372529,1.,3.99999985098839));
#17418=CARTESIAN_POINT('',(24.0000003576279,17.,3.99999985156263));
#17419=CARTESIAN_POINT('',(7.25000010803342,17.,3.99999985098839));
#17420=CARTESIAN_POINT('',(24.0000003576279,2.,3.99999985156263));
#17421=CARTESIAN_POINT('',(24.0000003576279,1.,3.99999985098839));
#17422=CARTESIAN_POINT('',(23.0000003427267,2.,3.99999985156263));
#17423=CARTESIAN_POINT('',(0.999999850988389,2.,3.99999985098839));
#17424=CARTESIAN_POINT('',(23.0000003427267,17.,3.99999985156263));
#17425=CARTESIAN_POINT('',(23.0000003427267,1.,3.99999985098839));
#17426=CARTESIAN_POINT('',(22.0000003278255,17.,3.99999985156263));
#17427=CARTESIAN_POINT('',(6.25000009313226,17.,3.99999985098839));
#17428=CARTESIAN_POINT('',(22.0000003278255,2.,3.99999985156263));
#17429=CARTESIAN_POINT('',(22.0000003278255,1.,3.99999985098839));
#17430=CARTESIAN_POINT('',(21.0000003129244,2.,3.99999985156263));
#17431=CARTESIAN_POINT('',(0.999999850988389,2.,3.99999985098839));
#17432=CARTESIAN_POINT('',(21.0000003129244,17.,3.99999985156263));
#17433=CARTESIAN_POINT('',(21.0000003129244,1.,3.99999985098839));
#17434=CARTESIAN_POINT('',(20.0000002980232,17.,3.99999985156263));
#17435=CARTESIAN_POINT('',(5.2500000782311,17.,3.99999985098839));
#17436=CARTESIAN_POINT('',(20.0000002980232,2.,3.99999985156263));
#17437=CARTESIAN_POINT('',(20.0000002980232,1.,3.99999985098839));
#17438=CARTESIAN_POINT('',(19.0000002831221,2.,3.99999985156263));
#17439=CARTESIAN_POINT('',(0.999999850988389,2.,3.99999985098839));
#17440=CARTESIAN_POINT('',(19.0000002831221,17.,3.99999985156263));
#17441=CARTESIAN_POINT('',(19.0000002831221,1.,3.99999985098839));
#17442=CARTESIAN_POINT('',(18.0000002682209,17.,3.99999985156263));
#17443=CARTESIAN_POINT('',(4.25000006332994,17.,3.99999985098839));
#17444=CARTESIAN_POINT('',(18.0000002682209,2.,3.99999985156263));
#17445=CARTESIAN_POINT('',(18.0000002682209,1.,3.99999985098839));
#17446=CARTESIAN_POINT('',(17.0000002533197,2.,3.99999985156263));
#17447=CARTESIAN_POINT('',(0.999999850988389,2.,3.99999985098839));
#17448=CARTESIAN_POINT('',(17.0000002533197,17.,3.99999985156263));
#17449=CARTESIAN_POINT('',(17.0000002533197,1.,3.99999985098839));
#17450=CARTESIAN_POINT('',(16.0000002384186,17.,3.99999985156263));
#17451=CARTESIAN_POINT('',(3.25000004842877,17.,3.99999985098839));
#17452=CARTESIAN_POINT('',(16.0000002384186,2.,3.99999985156263));
#17453=CARTESIAN_POINT('',(16.0000002384186,1.,3.99999985098839));
#17454=CARTESIAN_POINT('',(15.0000002235174,2.,3.99999985156263));
#17455=CARTESIAN_POINT('',(0.999999850988389,2.,3.99999985098839));
#17456=CARTESIAN_POINT('',(15.0000002235174,17.,3.99999985156263));
#17457=CARTESIAN_POINT('',(15.0000002235174,1.,3.99999985098839));
#17458=CARTESIAN_POINT('',(14.0000002086163,17.,3.99999985156263));
#17459=CARTESIAN_POINT('',(2.25000003352761,17.,3.99999985098839));
#17460=CARTESIAN_POINT('',(14.0000002086163,2.,3.99999985156263));
#17461=CARTESIAN_POINT('',(14.0000002086163,1.,3.99999985098839));
#17462=CARTESIAN_POINT('',(13.0000001937151,2.,3.99999985156263));
#17463=CARTESIAN_POINT('',(0.999999850988389,2.,3.99999985098839));
#17464=CARTESIAN_POINT('',(13.0000001937151,17.,3.99999985156263));
#17465=CARTESIAN_POINT('',(13.0000001937151,1.,3.99999985098839));
#17466=CARTESIAN_POINT('',(11.0000001639128,17.,3.99999985098839));
#17467=CARTESIAN_POINT('',(1.00000001490116,17.,3.99999985098839));
#17468=CARTESIAN_POINT('',(11.0000001639128,2.,3.99999985098839));
#17469=CARTESIAN_POINT('',(11.0000001639128,1.,3.99999985098839));
#17470=CARTESIAN_POINT('',(10.0000001490116,2.,3.99999985156263));
#17471=CARTESIAN_POINT('',(0.999999850988389,2.,3.99999985098839));
#17472=CARTESIAN_POINT('',(10.0000001490116,17.,3.99999985156263));
#17473=CARTESIAN_POINT('',(10.0000001490116,1.,3.99999985098839));
#17474=CARTESIAN_POINT('',(9.00000013411045,17.,3.99999985156263));
#17475=CARTESIAN_POINT('',(-0.25000000372529,17.,3.99999985098839));
#17476=CARTESIAN_POINT('',(9.00000013411045,2.,3.99999985156263));
#17477=CARTESIAN_POINT('',(9.00000013411045,1.,3.99999985098839));
#17478=CARTESIAN_POINT('',(8.00000011920929,2.,3.99999985156263));
#17479=CARTESIAN_POINT('',(0.999999850988389,2.,3.99999985098839));
#17480=CARTESIAN_POINT('',(8.00000011920929,17.,3.99999985156263));
#17481=CARTESIAN_POINT('',(8.00000011920929,1.,3.99999985098839));
#17482=CARTESIAN_POINT('',(7.00000010430813,17.,3.99999985156263));
#17483=CARTESIAN_POINT('',(-1.25000001862645,17.,3.99999985098839));
#17484=CARTESIAN_POINT('',(7.00000010430813,2.,3.99999985156263));
#17485=CARTESIAN_POINT('',(7.00000010430813,1.,3.99999985098839));
#17486=CARTESIAN_POINT('',(6.00000008940697,2.,3.99999985156263));
#17487=CARTESIAN_POINT('',(0.999999850988389,2.,3.99999985098839));
#17488=CARTESIAN_POINT('',(6.00000008940697,17.,3.99999985156263));
#17489=CARTESIAN_POINT('',(6.00000008940697,1.,3.99999985098839));
#17490=CARTESIAN_POINT('',(5.00000007450581,17.,3.99999985156263));
#17491=CARTESIAN_POINT('',(-2.25000003352761,17.,3.99999985098839));
#17492=CARTESIAN_POINT('',(5.00000007450581,2.,3.99999985156263));
#17493=CARTESIAN_POINT('',(5.00000007450581,1.,3.99999985098839));
#17494=CARTESIAN_POINT('',(4.00000005960464,2.,3.99999985156263));
#17495=CARTESIAN_POINT('',(0.999999850988389,2.,3.99999985098839));
#17496=CARTESIAN_POINT('',(4.00000005960464,17.,3.99999985156263));
#17497=CARTESIAN_POINT('',(4.00000005960464,1.,3.99999985098839));
#17498=CARTESIAN_POINT('',(3.00000004470348,17.,3.99999985156263));
#17499=CARTESIAN_POINT('',(-3.25000004842877,17.,3.99999985098839));
#17500=CARTESIAN_POINT('',(3.00000004470348,2.,3.99999985156263));
#17501=CARTESIAN_POINT('',(3.00000004470348,1.,3.99999985098839));
#17502=CARTESIAN_POINT('',(2.00000002980232,2.,3.99999985156263));
#17503=CARTESIAN_POINT('',(0.999999850988389,2.,3.99999985098839));
#17504=CARTESIAN_POINT('',(2.00000002980232,17.,3.99999985156263));
#17505=CARTESIAN_POINT('',(2.00000002980232,1.,3.99999985098839));
#17506=CARTESIAN_POINT('',(1.00000001490116,17.,3.99999985156263));
#17507=CARTESIAN_POINT('',(-4.25000006332994,17.,3.99999985098839));
#17508=CARTESIAN_POINT('',(1.00000001490116,2.,3.99999985156263));
#17509=CARTESIAN_POINT('',(1.00000001490116,1.,3.99999985098839));
#17510=CARTESIAN_POINT('',(0.,2.,3.99999985156263));
#17511=CARTESIAN_POINT('',(0.999999850988389,2.,3.99999985098839));
#17512=CARTESIAN_POINT('',(0.,17.,3.99999985156263));
#17513=CARTESIAN_POINT('',(0.,1.,3.99999985098839));
#17514=CARTESIAN_POINT('',(-1.00000014901161,17.,3.99999985098839));
#17515=CARTESIAN_POINT('',(-5.25000011175871,17.,3.99999985098839));
#17516=CARTESIAN_POINT('',(-1.00000014901161,2.,3.99999985098839));
#17517=CARTESIAN_POINT('',(-1.00000014901161,1.,3.99999985098839));
#17518=CARTESIAN_POINT('',(-2.00000014901161,2.,3.99999985098839));
#17519=CARTESIAN_POINT('',(0.999999850988389,2.,3.99999985098839));
#17520=CARTESIAN_POINT('',(-2.00000014901161,17.,3.99999985098839));
#17521=CARTESIAN_POINT('',(-2.00000014901161,1.,3.99999985098839));
#17522=CARTESIAN_POINT('',(-3.00000014901161,17.,3.99999985098839));
#17523=CARTESIAN_POINT('',(-6.25000014901161,17.,3.99999985098839));
#17524=CARTESIAN_POINT('',(-3.00000014901161,2.,3.99999985098839));
#17525=CARTESIAN_POINT('',(-3.00000014901161,1.,3.99999985098839));
#17526=CARTESIAN_POINT('',(0.999999850988389,2.,3.99999985098839));
#17527=CARTESIAN_POINT('Origin',(11.9999998509884,2.,-2.50000014901161));
#17528=CARTESIAN_POINT('',(14.0000002086163,2.,-9.00000014901161));
#17529=CARTESIAN_POINT('',(14.0000002086163,2.,-5.75000014901161));
#17530=CARTESIAN_POINT('',(13.0000001937151,2.,-9.00000014901161));
#17531=CARTESIAN_POINT('',(22.9999998509884,2.,-9.00000014901161));
#17532=CARTESIAN_POINT('',(13.0000001937151,2.,1.2499999627471));
#17533=CARTESIAN_POINT('Origin',(14.0000002086163,2.,-9.00000014901161));
#17534=CARTESIAN_POINT('',(14.0000002086163,17.,-9.00000014901161));
#17535=CARTESIAN_POINT('',(14.0000002086163,17.,5.00000007450581));
#17536=CARTESIAN_POINT('',(14.0000002086163,2.,-9.00000014901161));
#17537=CARTESIAN_POINT('Origin',(14.5000002160668,17.,-2.0000000372529));
#17538=CARTESIAN_POINT('',(15.0000002235174,17.,-9.00000014901161));
#17539=CARTESIAN_POINT('',(15.0000002235174,17.,5.00000007450581));
#17540=CARTESIAN_POINT('',(14.0000002086163,17.,-9.00000014901161));
#17541=CARTESIAN_POINT('Origin',(15.0000002235174,2.,5.00000007450581));
#17542=CARTESIAN_POINT('',(15.0000002235174,2.,-9.00000014901161));
#17543=CARTESIAN_POINT('',(15.0000002235174,2.,1.2499999627471));
#17544=CARTESIAN_POINT('',(15.0000002235174,2.,-9.00000014901161));
#17545=CARTESIAN_POINT('Origin',(11.9999998509884,2.,-2.50000014901161));
#17546=CARTESIAN_POINT('',(16.0000002384186,2.,-9.00000014901161));
#17547=CARTESIAN_POINT('',(16.0000002384186,2.,-5.75000014901161));
#17548=CARTESIAN_POINT('',(22.9999998509884,2.,-9.00000014901161));
#17549=CARTESIAN_POINT('Origin',(16.0000002384186,2.,-9.00000014901161));
#17550=CARTESIAN_POINT('',(16.0000002384186,17.,-9.00000014901161));
#17551=CARTESIAN_POINT('',(16.0000002384186,17.,5.00000007450581));
#17552=CARTESIAN_POINT('',(16.0000002384186,2.,-9.00000014901161));
#17553=CARTESIAN_POINT('Origin',(16.5000002458692,17.,-2.0000000372529));
#17554=CARTESIAN_POINT('',(17.0000002533197,17.,-9.00000014901161));
#17555=CARTESIAN_POINT('',(17.0000002533197,17.,5.00000007450581));
#17556=CARTESIAN_POINT('',(16.0000002384186,17.,-9.00000014901161));
#17557=CARTESIAN_POINT('Origin',(17.0000002533197,2.,5.00000007450581));
#17558=CARTESIAN_POINT('',(17.0000002533197,2.,-9.00000014901161));
#17559=CARTESIAN_POINT('',(17.0000002533197,2.,1.2499999627471));
#17560=CARTESIAN_POINT('',(17.0000002533197,2.,-9.00000014901161));
#17561=CARTESIAN_POINT('Origin',(11.9999998509884,2.,-2.50000014901161));
#17562=CARTESIAN_POINT('',(18.0000002682209,2.,-9.00000014901161));
#17563=CARTESIAN_POINT('',(18.0000002682209,2.,-5.75000014901161));
#17564=CARTESIAN_POINT('',(22.9999998509884,2.,-9.00000014901161));
#17565=CARTESIAN_POINT('Origin',(18.0000002682209,2.,-9.00000014901161));
#17566=CARTESIAN_POINT('',(18.0000002682209,17.,-9.00000014901161));
#17567=CARTESIAN_POINT('',(18.0000002682209,17.,5.00000007450581));
#17568=CARTESIAN_POINT('',(18.0000002682209,2.,-9.00000014901161));
#17569=CARTESIAN_POINT('Origin',(18.5000002756715,17.,-2.0000000372529));
#17570=CARTESIAN_POINT('',(19.0000002831221,17.,-9.00000014901161));
#17571=CARTESIAN_POINT('',(19.0000002831221,17.,5.00000007450581));
#17572=CARTESIAN_POINT('',(18.0000002682209,17.,-9.00000014901161));
#17573=CARTESIAN_POINT('Origin',(19.0000002831221,2.,5.00000007450581));
#17574=CARTESIAN_POINT('',(19.0000002831221,2.,-9.00000014901161));
#17575=CARTESIAN_POINT('',(19.0000002831221,2.,1.2499999627471));
#17576=CARTESIAN_POINT('',(19.0000002831221,2.,-9.00000014901161));
#17577=CARTESIAN_POINT('Origin',(11.9999998509884,2.,-2.50000014901161));
#17578=CARTESIAN_POINT('',(20.0000002980232,2.,-9.00000014901161));
#17579=CARTESIAN_POINT('',(20.0000002980232,2.,-5.75000014901161));
#17580=CARTESIAN_POINT('',(22.9999998509884,2.,-9.00000014901161));
#17581=CARTESIAN_POINT('Origin',(20.0000002980232,2.,-9.00000014901161));
#17582=CARTESIAN_POINT('',(20.0000002980232,17.,-9.00000014901161));
#17583=CARTESIAN_POINT('',(20.0000002980232,17.,5.00000007450581));
#17584=CARTESIAN_POINT('',(20.0000002980232,2.,-9.00000014901161));
#17585=CARTESIAN_POINT('Origin',(20.5000003054738,17.,-2.0000000372529));
#17586=CARTESIAN_POINT('',(21.0000003129244,17.,-9.00000014901161));
#17587=CARTESIAN_POINT('',(21.0000003129244,17.,5.00000007450581));
#17588=CARTESIAN_POINT('',(20.0000002980232,17.,-9.00000014901161));
#17589=CARTESIAN_POINT('Origin',(21.0000003129244,2.,5.00000007450581));
#17590=CARTESIAN_POINT('',(21.0000003129244,2.,-9.00000014901161));
#17591=CARTESIAN_POINT('',(21.0000003129244,2.,1.2499999627471));
#17592=CARTESIAN_POINT('',(21.0000003129244,2.,-9.00000014901161));
#17593=CARTESIAN_POINT('Origin',(11.9999998509884,2.,-2.50000014901161));
#17594=CARTESIAN_POINT('',(22.0000003278255,2.,-9.00000014901161));
#17595=CARTESIAN_POINT('',(22.0000003278255,2.,-5.75000014901161));
#17596=CARTESIAN_POINT('',(22.9999998509884,2.,-9.00000014901161));
#17597=CARTESIAN_POINT('Origin',(22.0000003278255,2.,-9.00000014901161));
#17598=CARTESIAN_POINT('',(22.0000003278255,17.,-9.00000014901161));
#17599=CARTESIAN_POINT('',(22.0000003278255,17.,5.00000007450581));
#17600=CARTESIAN_POINT('',(22.0000003278255,2.,-9.00000014901161));
#17601=CARTESIAN_POINT('Origin',(22.5000003352761,17.,-2.0000000372529));
#17602=CARTESIAN_POINT('',(23.0000003427267,17.,-9.00000014901161));
#17603=CARTESIAN_POINT('',(23.0000003427267,17.,5.00000007450581));
#17604=CARTESIAN_POINT('',(22.0000003278255,17.,-9.00000014901161));
#17605=CARTESIAN_POINT('Origin',(23.0000003427267,2.,5.00000007450581));
#17606=CARTESIAN_POINT('',(23.0000003427267,2.,-9.00000014901161));
#17607=CARTESIAN_POINT('',(23.0000003427267,2.,1.2499999627471));
#17608=CARTESIAN_POINT('',(23.0000003427267,2.,-9.00000014901161));
#17609=CARTESIAN_POINT('Origin',(11.9999998509884,2.,-2.50000014901161));
#17610=CARTESIAN_POINT('',(24.0000003576279,2.,-9.00000014901161));
#17611=CARTESIAN_POINT('',(24.0000003576279,2.,-5.75000014901161));
#17612=CARTESIAN_POINT('',(22.9999998509884,2.,-9.00000014901161));
#17613=CARTESIAN_POINT('Origin',(24.0000003576279,2.,-9.00000014901161));
#17614=CARTESIAN_POINT('',(24.0000003576279,17.,-9.00000014901161));
#17615=CARTESIAN_POINT('',(24.0000003576279,17.,5.00000007450581));
#17616=CARTESIAN_POINT('',(24.0000003576279,2.,-9.00000014901161));
#17617=CARTESIAN_POINT('Origin',(24.5000003650784,17.,-2.0000000372529));
#17618=CARTESIAN_POINT('',(25.000000372529,17.,-9.00000014901161));
#17619=CARTESIAN_POINT('',(25.000000372529,17.,5.00000007450581));
#17620=CARTESIAN_POINT('',(24.0000003576279,17.,-9.00000014901161));
#17621=CARTESIAN_POINT('Origin',(25.000000372529,2.,5.00000007450581));
#17622=CARTESIAN_POINT('',(25.000000372529,2.,-9.00000014901161));
#17623=CARTESIAN_POINT('',(25.000000372529,2.,1.2499999627471));
#17624=CARTESIAN_POINT('',(25.000000372529,2.,-9.00000014901161));
#17625=CARTESIAN_POINT('Origin',(11.9999998509884,2.,-2.50000014901161));
#17626=CARTESIAN_POINT('',(26.0000003874302,2.,-9.00000014901161));
#17627=CARTESIAN_POINT('',(26.0000003874302,2.,-5.75000014901161));
#17628=CARTESIAN_POINT('',(22.9999998509884,2.,-9.00000014901161));
#17629=CARTESIAN_POINT('Origin',(26.0000003874302,2.,-9.00000014901161));
#17630=CARTESIAN_POINT('',(26.0000003874302,17.,-9.00000014901161));
#17631=CARTESIAN_POINT('',(26.0000003874302,17.,5.00000007450581));
#17632=CARTESIAN_POINT('',(26.0000003874302,2.,-9.00000014901161));
#17633=CARTESIAN_POINT('Origin',(26.5000001192093,17.,-2.0000000372529));
#17634=CARTESIAN_POINT('',(26.9999998509884,17.,-9.00000014901161));
#17635=CARTESIAN_POINT('',(26.9999998509884,17.,-9.00000014901161));
#17636=CARTESIAN_POINT('',(26.0000003874302,17.,-9.00000014901161));
#17637=CARTESIAN_POINT('Origin',(26.9999998509884,2.,5.00000007450581));
#17638=CARTESIAN_POINT('',(26.9999998509884,2.,-9.00000014901161));
#17639=CARTESIAN_POINT('',(26.9999998509884,2.,1.2499999627471));
#17640=CARTESIAN_POINT('',(26.9999998509884,2.,-9.00000014901161));
#17641=CARTESIAN_POINT('Origin',(11.9999998509884,2.,-2.50000014901161));
#17642=CARTESIAN_POINT('',(32.9999998509884,2.,-9.00000014901161));
#17643=CARTESIAN_POINT('',(32.9999998509884,2.,1.24999985098839));
#17644=CARTESIAN_POINT('',(22.9999998509884,2.,-9.00000014901161));
#17645=CARTESIAN_POINT('',(29.9999998509884,2.,-7.47300014901161));
#17646=CARTESIAN_POINT('Origin',(29.9999998509884,2.,-6.00000014901161));
#17647=CARTESIAN_POINT('Origin',(32.9999998509884,0.,4.99999985098839));
#17648=CARTESIAN_POINT('',(32.9999998509884,0.,-9.00000014901161));
#17649=CARTESIAN_POINT('',(32.9999998509884,0.,1.24999985098839));
#17650=CARTESIAN_POINT('',(32.9999998509884,0.,-9.00000014901161));
#17651=CARTESIAN_POINT('Origin',(11.9999998509884,0.,-2.50000014901161));
#17652=CARTESIAN_POINT('',(-9.00000014901161,0.,-9.00000014901161));
#17653=CARTESIAN_POINT('',(-9.00000014901161,0.,-6.25000014901161));
#17654=CARTESIAN_POINT('',(22.9999998509884,0.,-9.00000014901161));
#17655=CARTESIAN_POINT('',(29.9999998509884,0.,-7.47300014901161));
#17656=CARTESIAN_POINT('Origin',(29.9999998509884,0.,-6.00000014901161));
#17657=CARTESIAN_POINT('',(-6.00000014901161,0.,-7.47300014901161));
#17658=CARTESIAN_POINT('Origin',(-6.00000014901161,0.,-6.00000014901161));
#17659=CARTESIAN_POINT('Origin',(-9.00000014901161,0.,-10.0000001490116));
#17660=CARTESIAN_POINT('',(-9.00000014901161,2.,-9.00000014901161));
#17661=CARTESIAN_POINT('',(-9.00000014901161,2.,-6.25000014901161));
#17662=CARTESIAN_POINT('',(-9.00000014901161,0.,-9.00000014901161));
#17663=CARTESIAN_POINT('Origin',(-2.50000014901161,17.,-2.00000014901161));
#17664=CARTESIAN_POINT('',(-2.00000014901161,17.,-9.00000014901161));
#17665=CARTESIAN_POINT('',(-2.00000014901161,17.,4.99999985098839));
#17666=CARTESIAN_POINT('',(-3.00000014901161,17.,-9.00000014901161));
#17667=CARTESIAN_POINT('',(-3.00000014901161,17.,-9.00000014901161));
#17668=CARTESIAN_POINT('',(-3.00000014901161,17.,4.99999985098839));
#17669=CARTESIAN_POINT('Origin',(1.50000002235174,17.,-2.0000000372529));
#17670=CARTESIAN_POINT('',(2.00000002980232,17.,-9.00000014901161));
#17671=CARTESIAN_POINT('',(2.00000002980232,17.,5.00000007450581));
#17672=CARTESIAN_POINT('',(1.00000001490116,17.,-9.00000014901161));
#17673=CARTESIAN_POINT('',(1.00000001490116,17.,-9.00000014901161));
#17674=CARTESIAN_POINT('',(1.00000001490116,17.,5.00000007450581));
#17675=CARTESIAN_POINT('Origin',(5.50000008195639,17.,-2.0000000372529));
#17676=CARTESIAN_POINT('',(6.00000008940697,17.,-9.00000014901161));
#17677=CARTESIAN_POINT('',(6.00000008940697,17.,5.00000007450581));
#17678=CARTESIAN_POINT('',(5.00000007450581,17.,-9.00000014901161));
#17679=CARTESIAN_POINT('',(5.00000007450581,17.,-9.00000014901161));
#17680=CARTESIAN_POINT('',(5.00000007450581,17.,5.00000007450581));
#17681=CARTESIAN_POINT('Origin',(9.50000014156103,17.,-2.0000000372529));
#17682=CARTESIAN_POINT('',(10.0000001490116,17.,-9.00000014901161));
#17683=CARTESIAN_POINT('',(10.0000001490116,17.,5.00000007450581));
#17684=CARTESIAN_POINT('',(9.00000013411045,17.,-9.00000014901161));
#17685=CARTESIAN_POINT('',(9.00000013411045,17.,-9.00000014901161));
#17686=CARTESIAN_POINT('',(9.00000013411045,17.,5.00000007450581));
#17687=CARTESIAN_POINT('Origin',(12.0000001788139,17.,-2.0000000372529));
#17688=CARTESIAN_POINT('',(13.0000001937151,17.,-9.00000014901161));
#17689=CARTESIAN_POINT('',(13.0000001937151,17.,5.00000007450581));
#17690=CARTESIAN_POINT('',(11.0000001639128,17.,-9.00000014901161));
#17691=CARTESIAN_POINT('',(11.9999998509884,17.,-9.00000014901161));
#17692=CARTESIAN_POINT('',(11.0000001639128,17.,4.99999985098839));
#17693=CARTESIAN_POINT('Origin',(7.50000011175871,17.,-2.0000000372529));
#17694=CARTESIAN_POINT('',(8.00000011920929,17.,-9.00000014901161));
#17695=CARTESIAN_POINT('',(8.00000011920929,17.,5.00000007450581));
#17696=CARTESIAN_POINT('',(7.00000010430813,17.,-9.00000014901161));
#17697=CARTESIAN_POINT('',(7.00000010430813,17.,-9.00000014901161));
#17698=CARTESIAN_POINT('',(7.00000010430813,17.,5.00000007450581));
#17699=CARTESIAN_POINT('Origin',(3.50000005215406,17.,-2.0000000372529));
#17700=CARTESIAN_POINT('',(4.00000005960464,17.,-9.00000014901161));
#17701=CARTESIAN_POINT('',(4.00000005960464,17.,5.00000007450581));
#17702=CARTESIAN_POINT('',(3.00000004470348,17.,-9.00000014901161));
#17703=CARTESIAN_POINT('',(3.00000004470348,17.,-9.00000014901161));
#17704=CARTESIAN_POINT('',(3.00000004470348,17.,5.00000007450581));
#17705=CARTESIAN_POINT('Origin',(-0.500000074505803,17.,-2.0000000372529));
#17706=CARTESIAN_POINT('',(0.,17.,-9.00000014901161));
#17707=CARTESIAN_POINT('',(0.,17.,5.00000007450581));
#17708=CARTESIAN_POINT('',(-1.00000014901161,17.,-9.00000014901161));
#17709=CARTESIAN_POINT('',(-1.00000014901161,17.,-9.00000014901161));
#17710=CARTESIAN_POINT('',(-1.00000014901161,17.,4.99999985098839));
#17711=CARTESIAN_POINT('Origin',(9.00000013411045,2.,-9.00000014901161));
#17712=CARTESIAN_POINT('',(9.00000013411045,2.,-9.00000014901161));
#17713=CARTESIAN_POINT('',(9.00000013411045,2.,-9.00000014901161));
#17714=CARTESIAN_POINT('',(9.00000013411045,2.,-5.75000014901161));
#17715=CARTESIAN_POINT('Origin',(10.0000001490116,2.,5.00000007450581));
#17716=CARTESIAN_POINT('',(10.0000001490116,2.,-9.00000014901161));
#17717=CARTESIAN_POINT('',(10.0000001490116,2.,1.2499999627471));
#17718=CARTESIAN_POINT('',(10.0000001490116,2.,-9.00000014901161));
#17719=CARTESIAN_POINT('Origin',(11.9999998509884,2.,-2.50000014901161));
#17720=CARTESIAN_POINT('',(8.00000011920929,2.,-9.00000014901161));
#17721=CARTESIAN_POINT('',(22.9999998509884,2.,-9.00000014901161));
#17722=CARTESIAN_POINT('',(8.00000011920929,2.,1.2499999627471));
#17723=CARTESIAN_POINT('Origin',(11.9999998509884,2.,-2.50000014901161));
#17724=CARTESIAN_POINT('',(11.0000001639128,2.,-9.00000014901161));
#17725=CARTESIAN_POINT('',(11.0000001639128,2.,-5.75000014901161));
#17726=CARTESIAN_POINT('',(22.9999998509884,2.,-9.00000014901161));
#17727=CARTESIAN_POINT('Origin',(1.00000001490116,2.,-9.00000014901161));
#17728=CARTESIAN_POINT('',(1.00000001490116,2.,-9.00000014901161));
#17729=CARTESIAN_POINT('',(1.00000001490116,2.,-9.00000014901161));
#17730=CARTESIAN_POINT('',(1.00000001490116,2.,-5.75000014901161));
#17731=CARTESIAN_POINT('Origin',(2.00000002980232,2.,5.00000007450581));
#17732=CARTESIAN_POINT('',(2.00000002980232,2.,-9.00000014901161));
#17733=CARTESIAN_POINT('',(2.00000002980232,2.,1.2499999627471));
#17734=CARTESIAN_POINT('',(2.00000002980232,2.,-9.00000014901161));
#17735=CARTESIAN_POINT('Origin',(11.9999998509884,2.,-2.50000014901161));
#17736=CARTESIAN_POINT('',(0.,2.,-9.00000014901161));
#17737=CARTESIAN_POINT('',(22.9999998509884,2.,-9.00000014901161));
#17738=CARTESIAN_POINT('',(0.,2.,1.2499999627471));
#17739=CARTESIAN_POINT('Origin',(11.9999998509884,2.,-2.50000014901161));
#17740=CARTESIAN_POINT('',(3.00000004470348,2.,-9.00000014901161));
#17741=CARTESIAN_POINT('',(3.00000004470348,2.,-5.75000014901161));
#17742=CARTESIAN_POINT('',(22.9999998509884,2.,-9.00000014901161));
#17743=CARTESIAN_POINT('Origin',(-1.00000014901161,2.,-9.00000014901161));
#17744=CARTESIAN_POINT('',(-1.00000014901161,2.,-9.00000014901161));
#17745=CARTESIAN_POINT('',(-1.00000014901161,2.,-9.00000014901161));
#17746=CARTESIAN_POINT('',(-1.00000014901161,2.,-5.75000014901161));
#17747=CARTESIAN_POINT('Origin',(0.,2.,5.00000007450581));
#17748=CARTESIAN_POINT('',(0.,2.,-9.00000014901161));
#17749=CARTESIAN_POINT('Origin',(11.9999998509884,2.,-2.50000014901161));
#17750=CARTESIAN_POINT('',(-2.00000014901161,2.,-9.00000014901161));
#17751=CARTESIAN_POINT('',(22.9999998509884,2.,-9.00000014901161));
#17752=CARTESIAN_POINT('',(-2.00000014901161,2.,1.24999985098839));
#17753=CARTESIAN_POINT('Origin',(7.00000010430813,2.,-9.00000014901161));
#17754=CARTESIAN_POINT('',(7.00000010430813,2.,-9.00000014901161));
#17755=CARTESIAN_POINT('',(7.00000010430813,2.,-9.00000014901161));
#17756=CARTESIAN_POINT('',(7.00000010430813,2.,-5.75000014901161));
#17757=CARTESIAN_POINT('Origin',(8.00000011920929,2.,5.00000007450581));
#17758=CARTESIAN_POINT('',(8.00000011920929,2.,-9.00000014901161));
#17759=CARTESIAN_POINT('Origin',(11.9999998509884,2.,-2.50000014901161));
#17760=CARTESIAN_POINT('',(6.00000008940697,2.,-9.00000014901161));
#17761=CARTESIAN_POINT('',(22.9999998509884,2.,-9.00000014901161));
#17762=CARTESIAN_POINT('',(6.00000008940697,2.,1.2499999627471));
#17763=CARTESIAN_POINT('Origin',(3.00000004470348,2.,-9.00000014901161));
#17764=CARTESIAN_POINT('',(3.00000004470348,2.,-9.00000014901161));
#17765=CARTESIAN_POINT('Origin',(4.00000005960464,2.,5.00000007450581));
#17766=CARTESIAN_POINT('',(4.00000005960464,2.,-9.00000014901161));
#17767=CARTESIAN_POINT('',(4.00000005960464,2.,1.2499999627471));
#17768=CARTESIAN_POINT('',(4.00000005960464,2.,-9.00000014901161));
#17769=CARTESIAN_POINT('Origin',(11.9999998509884,2.,-2.50000014901161));
#17770=CARTESIAN_POINT('',(5.00000007450581,2.,-9.00000014901161));
#17771=CARTESIAN_POINT('',(5.00000007450581,2.,-5.75000014901161));
#17772=CARTESIAN_POINT('',(22.9999998509884,2.,-9.00000014901161));
#17773=CARTESIAN_POINT('Origin',(11.0000001639128,2.,-9.00000014901161));
#17774=CARTESIAN_POINT('',(11.0000001639128,2.,-9.00000014901161));
#17775=CARTESIAN_POINT('Origin',(13.0000001937151,2.,5.00000007450581));
#17776=CARTESIAN_POINT('',(13.0000001937151,2.,-9.00000014901161));
#17777=CARTESIAN_POINT('Origin',(-3.00000014901161,2.,-9.00000014901161));
#17778=CARTESIAN_POINT('',(-3.00000014901161,2.,-9.00000014901161));
#17779=CARTESIAN_POINT('',(-3.00000014901161,2.,-9.00000014901161));
#17780=CARTESIAN_POINT('',(-3.00000014901161,2.,-5.75000014901161));
#17781=CARTESIAN_POINT('Origin',(-2.00000014901161,2.,4.99999985098839));
#17782=CARTESIAN_POINT('',(-2.00000014901161,2.,-9.00000014901161));
#17783=CARTESIAN_POINT('Origin',(11.9999998509884,2.,-2.50000014901161));
#17784=CARTESIAN_POINT('',(22.9999998509884,2.,-9.00000014901161));
#17785=CARTESIAN_POINT('',(-6.00000014901161,2.,-7.47300014901161));
#17786=CARTESIAN_POINT('Origin',(-6.00000014901161,2.,-6.00000014901161));
#17787=CARTESIAN_POINT('Origin',(5.00000007450581,2.,-9.00000014901161));
#17788=CARTESIAN_POINT('',(5.00000007450581,2.,-9.00000014901161));
#17789=CARTESIAN_POINT('Origin',(6.00000008940697,2.,5.00000007450581));
#17790=CARTESIAN_POINT('',(6.00000008940697,2.,-9.00000014901161));
#17791=CARTESIAN_POINT('Origin',(33.9999998509884,0.,-9.00000014901161));
#17792=CARTESIAN_POINT('Origin',(29.9999998509884,-6.,-6.00000014901161));
#17793=CARTESIAN_POINT('',(29.9999998509884,-6.,-7.47300014901161));
#17794=CARTESIAN_POINT('Origin',(-6.00000014901161,-6.,-6.00000014901161));
#17795=CARTESIAN_POINT('',(-6.00000014901161,-6.,-7.47300014901161));
#17796=CARTESIAN_POINT('',(-0.000386990963953762,-0.000204020477947617,
22.9888333251591));
#17797=CARTESIAN_POINT('',(-0.00038731878944267,31.9997963073475,3.042833325159));
#17798=CARTESIAN_POINT('',(-22.0003873187896,-42.0002039906757,-29.0111668238527));
#17799=CARTESIAN_POINT('',(-0.000386990963953762,-0.000204020477947617,
22.9888333251591));
#17800=CARTESIAN_POINT('',(-30.0003873187896,-42.0002039906758,28.9888333251592));
#17801=CARTESIAN_POINT('',(-25.0003873187898,-18.0002036926526,-88.9031668238533));
#17802=CARTESIAN_POINT('',(-19.9219619531777,82.1383724428409,-88.9031666748413));
#17803=CARTESIAN_POINT('',(-0.000387318789436355,-20.0002036926525,42.9888333251591));
#17804=CARTESIAN_POINT('',(39.9996126812104,-64.0002036926528,-17.0111666748411));
#17805=CARTESIAN_POINT('',(29.9996125023967,-64.0002036926528,16.988833325159));
#17806=CARTESIAN_POINT('',(-0.00038699096382914,19.9997959795222,53.0234648755861));
#17807=CARTESIAN_POINT('',(-0.000387318789644869,-42.0083647140026,2.98925783915797));
#17808=CARTESIAN_POINT('',(19.999612532199,11.999796158336,34.988833325159));
#17809=CARTESIAN_POINT('',(34.9996127557165,-20.0083645649907,52.9872578391578));
#17810=CARTESIAN_POINT('',(32.999612606705,19.9997961583358,53.0428333251592));
#17811=CARTESIAN_POINT('',(-0.000386990964405345,-20.000204020478,-53.0111666748431));
#17812=CARTESIAN_POINT('',(-0.000387646615249795,-0.000204020478002793,
-23.0111666152363));
#17813=CARTESIAN_POINT('',(29.9996126812105,-42.000203990676,-29.0111668238527));
#17814=CARTESIAN_POINT('',(-0.000387646615127393,-0.000204020478002793,
-23.011166674841));
#17815=CARTESIAN_POINT('',(21.9996126812105,-42.0002039906758,28.9888333251591));
#17816=CARTESIAN_POINT('',(26.9996126812104,-18.0002036926526,-88.9031668238533));
#17817=CARTESIAN_POINT('',(-19.9219619531781,-81.8616275571593,-88.9031666748412));
#17818=CARTESIAN_POINT('',(-0.000387318789634634,-40.0002036926525,3.04283332515906));
#17819=CARTESIAN_POINT('',(-0.000387318789627314,-20.0002036926526,-51.0111666748411));
#17820=CARTESIAN_POINT('',(-32.0003873187898,-64.0002036926526,-17.0111666748407));
#17821=CARTESIAN_POINT('',(-29.9853501698755,-64.0002036926526,-17.0111666786771));
#17822=CARTESIAN_POINT('',(-0.000387318789425323,41.9997963073474,-3.01116667484093));
#17823=CARTESIAN_POINT('',(-20.0003871697779,-12.0002035436408,34.9888333251592));
#17824=CARTESIAN_POINT('',(-35.0003873932952,19.999796158336,53.0428333251593));
#17825=CARTESIAN_POINT('',(-33.0003872442836,-20.0083645649905,52.9872578391579));
#17826=CARTESIAN_POINT('',(34.9996127557164,19.9997961583358,-53.011166674841));
#17827=CARTESIAN_POINT('',(19.9996125321989,-12.0002035436409,-35.0111666748411));
#17828=CARTESIAN_POINT('',(-20.0003871697781,11.9997961583358,-35.011166674841));
#17829=UNCERTAINTY_MEASURE_WITH_UNIT(LENGTH_MEASURE(0.01),#17865,
'DISTANCE_ACCURACY_VALUE',
'Maximum model space distance between geometric entities at asserted c
onnectivities');
#17830=UNCERTAINTY_MEASURE_WITH_UNIT(LENGTH_MEASURE(0.01),#17865,
'DISTANCE_ACCURACY_VALUE',
'Maximum model space distance between geometric entities at asserted c
onnectivities');
#17831=UNCERTAINTY_MEASURE_WITH_UNIT(LENGTH_MEASURE(0.01),#17865,
'DISTANCE_ACCURACY_VALUE',
'Maximum model space distance between geometric entities at asserted c
onnectivities');
#17832=UNCERTAINTY_MEASURE_WITH_UNIT(LENGTH_MEASURE(0.01),#17865,
'DISTANCE_ACCURACY_VALUE',
'Maximum model space distance between geometric entities at asserted c
onnectivities');
#17833=UNCERTAINTY_MEASURE_WITH_UNIT(LENGTH_MEASURE(0.01),#17865,
'DISTANCE_ACCURACY_VALUE',
'Maximum model space distance between geometric entities at asserted c
onnectivities');
#17834=UNCERTAINTY_MEASURE_WITH_UNIT(LENGTH_MEASURE(0.01),#17865,
'DISTANCE_ACCURACY_VALUE',
'Maximum model space distance between geometric entities at asserted c
onnectivities');
#17835=UNCERTAINTY_MEASURE_WITH_UNIT(LENGTH_MEASURE(0.01),#17865,
'DISTANCE_ACCURACY_VALUE',
'Maximum model space distance between geometric entities at asserted c
onnectivities');
#17836=UNCERTAINTY_MEASURE_WITH_UNIT(LENGTH_MEASURE(0.01),#17865,
'DISTANCE_ACCURACY_VALUE',
'Maximum model space distance between geometric entities at asserted c
onnectivities');
#17837=UNCERTAINTY_MEASURE_WITH_UNIT(LENGTH_MEASURE(0.01),#17865,
'DISTANCE_ACCURACY_VALUE',
'Maximum model space distance between geometric entities at asserted c
onnectivities');
#17838=UNCERTAINTY_MEASURE_WITH_UNIT(LENGTH_MEASURE(0.01),#17865,
'DISTANCE_ACCURACY_VALUE',
'Maximum model space distance between geometric entities at asserted c
onnectivities');
#17839=UNCERTAINTY_MEASURE_WITH_UNIT(LENGTH_MEASURE(0.01),#17865,
'DISTANCE_ACCURACY_VALUE',
'Maximum model space distance between geometric entities at asserted c
onnectivities');
#17840=UNCERTAINTY_MEASURE_WITH_UNIT(LENGTH_MEASURE(0.01),#17865,
'DISTANCE_ACCURACY_VALUE',
'Maximum model space distance between geometric entities at asserted c
onnectivities');
#17841=UNCERTAINTY_MEASURE_WITH_UNIT(LENGTH_MEASURE(0.01),#17865,
'DISTANCE_ACCURACY_VALUE',
'Maximum model space distance between geometric entities at asserted c
onnectivities');
#17842=UNCERTAINTY_MEASURE_WITH_UNIT(LENGTH_MEASURE(0.01),#17865,
'DISTANCE_ACCURACY_VALUE',
'Maximum model space distance between geometric entities at asserted c
onnectivities');
#17843=UNCERTAINTY_MEASURE_WITH_UNIT(LENGTH_MEASURE(0.01),#17865,
'DISTANCE_ACCURACY_VALUE',
'Maximum model space distance between geometric entities at asserted c
onnectivities');
#17844=UNCERTAINTY_MEASURE_WITH_UNIT(LENGTH_MEASURE(0.01),#17865,
'DISTANCE_ACCURACY_VALUE',
'Maximum model space distance between geometric entities at asserted c
onnectivities');
#17845=UNCERTAINTY_MEASURE_WITH_UNIT(LENGTH_MEASURE(0.01),#17865,
'DISTANCE_ACCURACY_VALUE',
'Maximum model space distance between geometric entities at asserted c
onnectivities');
#17846=UNCERTAINTY_MEASURE_WITH_UNIT(LENGTH_MEASURE(0.01),#17865,
'DISTANCE_ACCURACY_VALUE',
'Maximum model space distance between geometric entities at asserted c
onnectivities');
#17847=(
GEOMETRIC_REPRESENTATION_CONTEXT(3)
GLOBAL_UNCERTAINTY_ASSIGNED_CONTEXT((#17829))
GLOBAL_UNIT_ASSIGNED_CONTEXT((#17865,#17867,#17868))
REPRESENTATION_CONTEXT('','3D')
);
#17848=(
GEOMETRIC_REPRESENTATION_CONTEXT(3)
GLOBAL_UNCERTAINTY_ASSIGNED_CONTEXT((#17830))
GLOBAL_UNIT_ASSIGNED_CONTEXT((#17865,#17867,#17868))
REPRESENTATION_CONTEXT('','3D')
);
#17849=(
GEOMETRIC_REPRESENTATION_CONTEXT(3)
GLOBAL_UNCERTAINTY_ASSIGNED_CONTEXT((#17831))
GLOBAL_UNIT_ASSIGNED_CONTEXT((#17865,#17867,#17868))
REPRESENTATION_CONTEXT('','3D')
);
#17850=(
GEOMETRIC_REPRESENTATION_CONTEXT(3)
GLOBAL_UNCERTAINTY_ASSIGNED_CONTEXT((#17832))
GLOBAL_UNIT_ASSIGNED_CONTEXT((#17865,#17867,#17868))
REPRESENTATION_CONTEXT('','3D')
);
#17851=(
GEOMETRIC_REPRESENTATION_CONTEXT(3)
GLOBAL_UNCERTAINTY_ASSIGNED_CONTEXT((#17833))
GLOBAL_UNIT_ASSIGNED_CONTEXT((#17865,#17867,#17868))
REPRESENTATION_CONTEXT('','3D')
);
#17852=(
GEOMETRIC_REPRESENTATION_CONTEXT(3)
GLOBAL_UNCERTAINTY_ASSIGNED_CONTEXT((#17834))
GLOBAL_UNIT_ASSIGNED_CONTEXT((#17865,#17867,#17868))
REPRESENTATION_CONTEXT('','3D')
);
#17853=(
GEOMETRIC_REPRESENTATION_CONTEXT(3)
GLOBAL_UNCERTAINTY_ASSIGNED_CONTEXT((#17835))
GLOBAL_UNIT_ASSIGNED_CONTEXT((#17865,#17867,#17868))
REPRESENTATION_CONTEXT('','3D')
);
#17854=(
GEOMETRIC_REPRESENTATION_CONTEXT(3)
GLOBAL_UNCERTAINTY_ASSIGNED_CONTEXT((#17836))
GLOBAL_UNIT_ASSIGNED_CONTEXT((#17865,#17867,#17868))
REPRESENTATION_CONTEXT('','3D')
);
#17855=(
GEOMETRIC_REPRESENTATION_CONTEXT(3)
GLOBAL_UNCERTAINTY_ASSIGNED_CONTEXT((#17837))
GLOBAL_UNIT_ASSIGNED_CONTEXT((#17865,#17867,#17868))
REPRESENTATION_CONTEXT('','3D')
);
#17856=(
GEOMETRIC_REPRESENTATION_CONTEXT(3)
GLOBAL_UNCERTAINTY_ASSIGNED_CONTEXT((#17838))
GLOBAL_UNIT_ASSIGNED_CONTEXT((#17865,#17867,#17868))
REPRESENTATION_CONTEXT('','3D')
);
#17857=(
GEOMETRIC_REPRESENTATION_CONTEXT(3)
GLOBAL_UNCERTAINTY_ASSIGNED_CONTEXT((#17839))
GLOBAL_UNIT_ASSIGNED_CONTEXT((#17865,#17867,#17868))
REPRESENTATION_CONTEXT('','3D')
);
#17858=(
GEOMETRIC_REPRESENTATION_CONTEXT(3)
GLOBAL_UNCERTAINTY_ASSIGNED_CONTEXT((#17840))
GLOBAL_UNIT_ASSIGNED_CONTEXT((#17865,#17867,#17868))
REPRESENTATION_CONTEXT('','3D')
);
#17859=(
GEOMETRIC_REPRESENTATION_CONTEXT(3)
GLOBAL_UNCERTAINTY_ASSIGNED_CONTEXT((#17841))
GLOBAL_UNIT_ASSIGNED_CONTEXT((#17865,#17867,#17868))
REPRESENTATION_CONTEXT('','3D')
);
#17860=(
GEOMETRIC_REPRESENTATION_CONTEXT(3)
GLOBAL_UNCERTAINTY_ASSIGNED_CONTEXT((#17842))
GLOBAL_UNIT_ASSIGNED_CONTEXT((#17865,#17867,#17868))
REPRESENTATION_CONTEXT('','3D')
);
#17861=(
GEOMETRIC_REPRESENTATION_CONTEXT(3)
GLOBAL_UNCERTAINTY_ASSIGNED_CONTEXT((#17843))
GLOBAL_UNIT_ASSIGNED_CONTEXT((#17865,#17867,#17868))
REPRESENTATION_CONTEXT('','3D')
);
#17862=(
GEOMETRIC_REPRESENTATION_CONTEXT(3)
GLOBAL_UNCERTAINTY_ASSIGNED_CONTEXT((#17844))
GLOBAL_UNIT_ASSIGNED_CONTEXT((#17865,#17867,#17868))
REPRESENTATION_CONTEXT('','3D')
);
#17863=(
GEOMETRIC_REPRESENTATION_CONTEXT(3)
GLOBAL_UNCERTAINTY_ASSIGNED_CONTEXT((#17845))
GLOBAL_UNIT_ASSIGNED_CONTEXT((#17865,#17867,#17868))
REPRESENTATION_CONTEXT('','3D')
);
#17864=(
GEOMETRIC_REPRESENTATION_CONTEXT(3)
GLOBAL_UNCERTAINTY_ASSIGNED_CONTEXT((#17846))
GLOBAL_UNIT_ASSIGNED_CONTEXT((#17865,#17867,#17868))
REPRESENTATION_CONTEXT('','3D')
);
#17865=(
LENGTH_UNIT()
NAMED_UNIT(*)
SI_UNIT(.MILLI.,.METRE.)
);
#17866=(
LENGTH_UNIT()
NAMED_UNIT(*)
SI_UNIT($,.METRE.)
);
#17867=(
NAMED_UNIT(*)
PLANE_ANGLE_UNIT()
SI_UNIT($,.RADIAN.)
);
#17868=(
NAMED_UNIT(*)
SI_UNIT($,.STERADIAN.)
SOLID_ANGLE_UNIT()
);
#17869=SHAPE_DEFINITION_REPRESENTATION(#17886,#17936);
#17870=SHAPE_DEFINITION_REPRESENTATION(#17887,#17937);
#17871=SHAPE_DEFINITION_REPRESENTATION(#17888,#17938);
#17872=SHAPE_DEFINITION_REPRESENTATION(#17889,#17939);
#17873=SHAPE_DEFINITION_REPRESENTATION(#17890,#17940);
#17874=SHAPE_DEFINITION_REPRESENTATION(#17891,#17941);
#17875=SHAPE_DEFINITION_REPRESENTATION(#17892,#17942);
#17876=SHAPE_DEFINITION_REPRESENTATION(#17893,#17943);
#17877=SHAPE_DEFINITION_REPRESENTATION(#17894,#17944);
#17878=SHAPE_DEFINITION_REPRESENTATION(#17895,#17945);
#17879=SHAPE_DEFINITION_REPRESENTATION(#17896,#17946);
#17880=SHAPE_DEFINITION_REPRESENTATION(#17897,#17947);
#17881=SHAPE_DEFINITION_REPRESENTATION(#17898,#17948);
#17882=SHAPE_DEFINITION_REPRESENTATION(#17899,#17949);
#17883=SHAPE_DEFINITION_REPRESENTATION(#17900,#17950);
#17884=SHAPE_DEFINITION_REPRESENTATION(#17901,#17951);
#17885=SHAPE_DEFINITION_REPRESENTATION(#17902,#17952);
#17886=PRODUCT_DEFINITION_SHAPE('',$,#17954);
#17887=PRODUCT_DEFINITION_SHAPE('',$,#17955);
#17888=PRODUCT_DEFINITION_SHAPE('',$,#17956);
#17889=PRODUCT_DEFINITION_SHAPE('',$,#17957);
#17890=PRODUCT_DEFINITION_SHAPE('',$,#17958);
#17891=PRODUCT_DEFINITION_SHAPE('',$,#17959);
#17892=PRODUCT_DEFINITION_SHAPE('',$,#17960);
#17893=PRODUCT_DEFINITION_SHAPE('',$,#17961);
#17894=PRODUCT_DEFINITION_SHAPE('',$,#17962);
#17895=PRODUCT_DEFINITION_SHAPE('',$,#17963);
#17896=PRODUCT_DEFINITION_SHAPE('',$,#17964);
#17897=PRODUCT_DEFINITION_SHAPE('',$,#17965);
#17898=PRODUCT_DEFINITION_SHAPE('',$,#17966);
#17899=PRODUCT_DEFINITION_SHAPE('',$,#17967);
#17900=PRODUCT_DEFINITION_SHAPE('',$,#17968);
#17901=PRODUCT_DEFINITION_SHAPE('',$,#17969);
#17902=PRODUCT_DEFINITION_SHAPE('',$,#17970);
#17903=PRODUCT_DEFINITION_SHAPE($,$,#110);
#17904=PRODUCT_DEFINITION_SHAPE($,$,#111);
#17905=PRODUCT_DEFINITION_SHAPE($,$,#112);
#17906=PRODUCT_DEFINITION_SHAPE($,$,#113);
#17907=PRODUCT_DEFINITION_SHAPE($,$,#114);
#17908=PRODUCT_DEFINITION_SHAPE($,$,#115);
#17909=PRODUCT_DEFINITION_SHAPE($,$,#116);
#17910=PRODUCT_DEFINITION_SHAPE($,$,#117);
#17911=PRODUCT_DEFINITION_SHAPE($,$,#118);
#17912=PRODUCT_DEFINITION_SHAPE($,$,#119);
#17913=PRODUCT_DEFINITION_SHAPE($,$,#120);
#17914=PRODUCT_DEFINITION_SHAPE($,$,#121);
#17915=PRODUCT_DEFINITION_SHAPE($,$,#122);
#17916=PRODUCT_DEFINITION_SHAPE($,$,#123);
#17917=PRODUCT_DEFINITION_SHAPE($,$,#124);
#17918=PRODUCT_DEFINITION_SHAPE($,$,#125);
#17919=PRODUCT_DEFINITION_SHAPE($,$,#126);
#17920=PRODUCT_DEFINITION_SHAPE($,$,#127);
#17921=PRODUCT_DEFINITION_SHAPE($,$,#128);
#17922=PRODUCT_DEFINITION_SHAPE($,$,#129);
#17923=PRODUCT_DEFINITION_SHAPE($,$,#130);
#17924=PRODUCT_DEFINITION_SHAPE($,$,#131);
#17925=PRODUCT_DEFINITION_SHAPE($,$,#132);
#17926=PRODUCT_DEFINITION_SHAPE($,$,#133);
#17927=PRODUCT_DEFINITION_SHAPE($,$,#134);
#17928=PRODUCT_DEFINITION_SHAPE($,$,#135);
#17929=PRODUCT_DEFINITION_SHAPE($,$,#136);
#17930=PRODUCT_DEFINITION_SHAPE($,$,#137);
#17931=PRODUCT_DEFINITION_SHAPE($,$,#138);
#17932=PRODUCT_DEFINITION_SHAPE($,$,#139);
#17933=PRODUCT_DEFINITION_SHAPE($,$,#140);
#17934=PRODUCT_DEFINITION_SHAPE($,$,#141);
#17935=PRODUCT_DEFINITION_SHAPE($,$,#142);
#17936=SHAPE_REPRESENTATION('',(#10783,#11724,#11725,#11726,#11727,#11728,
#11729,#11730,#11731,#11732,#11733,#11734,#11735,#11736,#11737,#11738,#11739,
#11740,#11741,#11742,#11743,#11744,#11745,#11746,#11747,#11748,#11749,#11750,
#11751,#11752,#11753,#11754,#11755,#11756),#17847);
#17937=SHAPE_REPRESENTATION('',(#10784),#17848);
#17938=SHAPE_REPRESENTATION('',(#10967),#17849);
#17939=SHAPE_REPRESENTATION('',(#11084),#17850);
#17940=SHAPE_REPRESENTATION('',(#11121),#17851);
#17941=SHAPE_REPRESENTATION('',(#11154),#17852);
#17942=SHAPE_REPRESENTATION('',(#11203),#17853);
#17943=SHAPE_REPRESENTATION('',(#11236),#17854);
#17944=SHAPE_REPRESENTATION('',(#11285),#17855);
#17945=SHAPE_REPRESENTATION('',(#11330),#17856);
#17946=SHAPE_REPRESENTATION('',(#11353),#17857);
#17947=SHAPE_REPRESENTATION('',(#11376),#17858);
#17948=SHAPE_REPRESENTATION('',(#11399),#17859);
#17949=SHAPE_REPRESENTATION('',(#11528),#17860);
#17950=SHAPE_REPRESENTATION('',(#11613),#17861);
#17951=SHAPE_REPRESENTATION('',(#11632),#17862);
#17952=SHAPE_REPRESENTATION('',(#11651),#17863);
#17953=PRODUCT_DEFINITION_CONTEXT('part definition',#18006,'design');
#17954=PRODUCT_DEFINITION('2026-05-29-10-03-42-226','MOT_Coils',#17971,
#17953);
#17955=PRODUCT_DEFINITION('2026-06-01-14-21-32-388_1',
'TopBiasCoilFrame',#17972,#17953);
#17956=PRODUCT_DEFINITION('2026-06-01-14-21-32-388_2',
'BottomBiasCoilFrame2',#17973,#17953);
#17957=PRODUCT_DEFINITION('2026-05-13-23-03-56-096','GradientCoil2',#17974,
#17953);
#17958=PRODUCT_DEFINITION('2026-05-18-18-53-30-135','CoilSupportBottom',
#17975,#17953);
#17959=PRODUCT_DEFINITION('2026-05-13-23-03-56-096_1','GradientCoil',#17976,
#17953);
#17960=PRODUCT_DEFINITION('2026-05-18-18-53-30-135_1','CoilSupportTop',
#17977,#17953);
#17961=PRODUCT_DEFINITION('2026-05-29-11-02-23-635',
'CoilSupportBottomBracket',#17978,#17953);
#17962=PRODUCT_DEFINITION('2026-05-29-11-21-24-823',
'CoilsSupportTopBracket',#17979,#17953);
#17963=PRODUCT_DEFINITION('2026-06-01-14-10-57-264','FrontBiasCoil',#17980,
#17953);
#17964=PRODUCT_DEFINITION('2026-06-01-14-21-32-388','TopBottomBiasCoil',
#17981,#17953);
#17965=PRODUCT_DEFINITION('2026-06-01-14-31-02-798','SideBiasCoil',#17982,
#17953);
#17966=PRODUCT_DEFINITION('2026-06-01-14-31-02-798_1',
'SideBiasCoilFrame',#17983,#17953);
#17967=PRODUCT_DEFINITION('2026-06-01-14-10-57-264_1',
'FrontBiasCoilFrame',#17984,#17953);
#17968=PRODUCT_DEFINITION('2026-06-11-12-28-17-624',
'FrontCoilClamp_lefthand',#17985,#17953);
#17969=PRODUCT_DEFINITION('2026-06-11-12-28-17-624_1','FrontCoilClamp',
#17986,#17953);
#17970=PRODUCT_DEFINITION('2026-06-10-16-42-19-761','GradientCoilFins',
#17987,#17953);
#17971=PRODUCT_DEFINITION_FORMATION('',$,#18008);
#17972=PRODUCT_DEFINITION_FORMATION('',$,#18009);
#17973=PRODUCT_DEFINITION_FORMATION('',$,#18010);
#17974=PRODUCT_DEFINITION_FORMATION('',$,#18011);
#17975=PRODUCT_DEFINITION_FORMATION('',$,#18012);
#17976=PRODUCT_DEFINITION_FORMATION('',$,#18013);
#17977=PRODUCT_DEFINITION_FORMATION('',$,#18014);
#17978=PRODUCT_DEFINITION_FORMATION('',$,#18015);
#17979=PRODUCT_DEFINITION_FORMATION('',$,#18016);
#17980=PRODUCT_DEFINITION_FORMATION('',$,#18017);
#17981=PRODUCT_DEFINITION_FORMATION('',$,#18018);
#17982=PRODUCT_DEFINITION_FORMATION('',$,#18019);
#17983=PRODUCT_DEFINITION_FORMATION('',$,#18020);
#17984=PRODUCT_DEFINITION_FORMATION('',$,#18021);
#17985=PRODUCT_DEFINITION_FORMATION('',$,#18022);
#17986=PRODUCT_DEFINITION_FORMATION('',$,#18023);
#17987=PRODUCT_DEFINITION_FORMATION('',$,#18024);
#17988=PRODUCT_RELATED_PRODUCT_CATEGORY('MOT_Coils','MOT_Coils',(#18008));
#17989=PRODUCT_RELATED_PRODUCT_CATEGORY('TopBiasCoilFrame',
'TopBiasCoilFrame',(#18009));
#17990=PRODUCT_RELATED_PRODUCT_CATEGORY('BottomBiasCoilFrame2',
'BottomBiasCoilFrame2',(#18010));
#17991=PRODUCT_RELATED_PRODUCT_CATEGORY('GradientCoil2','GradientCoil2',
(#18011));
#17992=PRODUCT_RELATED_PRODUCT_CATEGORY('CoilSupportBottom',
'CoilSupportBottom',(#18012));
#17993=PRODUCT_RELATED_PRODUCT_CATEGORY('GradientCoil','GradientCoil',(#18013));
#17994=PRODUCT_RELATED_PRODUCT_CATEGORY('CoilSupportTop',
'CoilSupportTop',(#18014));
#17995=PRODUCT_RELATED_PRODUCT_CATEGORY('CoilSupportBottomBracket',
'CoilSupportBottomBracket',(#18015));
#17996=PRODUCT_RELATED_PRODUCT_CATEGORY('CoilsSupportTopBracket',
'CoilsSupportTopBracket',(#18016));
#17997=PRODUCT_RELATED_PRODUCT_CATEGORY('FrontBiasCoil','FrontBiasCoil',
(#18017));
#17998=PRODUCT_RELATED_PRODUCT_CATEGORY('TopBottomBiasCoil',
'TopBottomBiasCoil',(#18018));
#17999=PRODUCT_RELATED_PRODUCT_CATEGORY('SideBiasCoil','SideBiasCoil',(#18019));
#18000=PRODUCT_RELATED_PRODUCT_CATEGORY('SideBiasCoilFrame',
'SideBiasCoilFrame',(#18020));
#18001=PRODUCT_RELATED_PRODUCT_CATEGORY('FrontBiasCoilFrame',
'FrontBiasCoilFrame',(#18021));
#18002=PRODUCT_RELATED_PRODUCT_CATEGORY('FrontCoilClamp_lefthand',
'FrontCoilClamp_lefthand',(#18022));
#18003=PRODUCT_RELATED_PRODUCT_CATEGORY('FrontCoilClamp',
'FrontCoilClamp',(#18023));
#18004=PRODUCT_RELATED_PRODUCT_CATEGORY('GradientCoilFins',
'GradientCoilFins',(#18024));
#18005=APPLICATION_PROTOCOL_DEFINITION('international standard',
'automotive_design',2009,#18006);
#18006=APPLICATION_CONTEXT(
'Core Data for Automotive Mechanical Design Process');
#18007=PRODUCT_CONTEXT('part definition',#18006,'mechanical');
#18008=PRODUCT('2026-05-29-10-03-42-226','MOT_Coils',$,(#18007));
#18009=PRODUCT('2026-06-01-14-21-32-388_1','TopBiasCoilFrame',$,(#18007));
#18010=PRODUCT('2026-06-01-14-21-32-388_2','BottomBiasCoilFrame2',$,(#18007));
#18011=PRODUCT('2026-05-13-23-03-56-096','GradientCoil2',$,(#18007));
#18012=PRODUCT('2026-05-18-18-53-30-135','CoilSupportBottom',$,(#18007));
#18013=PRODUCT('2026-05-13-23-03-56-096_1','GradientCoil',$,(#18007));
#18014=PRODUCT('2026-05-18-18-53-30-135_1','CoilSupportTop',$,(#18007));
#18015=PRODUCT('2026-05-29-11-02-23-635','CoilSupportBottomBracket',$,(#18007));
#18016=PRODUCT('2026-05-29-11-21-24-823','CoilsSupportTopBracket',$,(#18007));
#18017=PRODUCT('2026-06-01-14-10-57-264','FrontBiasCoil',$,(#18007));
#18018=PRODUCT('2026-06-01-14-21-32-388','TopBottomBiasCoil',$,(#18007));
#18019=PRODUCT('2026-06-01-14-31-02-798','SideBiasCoil',$,(#18007));
#18020=PRODUCT('2026-06-01-14-31-02-798_1','SideBiasCoilFrame',$,(#18007));
#18021=PRODUCT('2026-06-01-14-10-57-264_1','FrontBiasCoilFrame',$,(#18007));
#18022=PRODUCT('2026-06-11-12-28-17-624','FrontCoilClamp_lefthand',$,(#18007));
#18023=PRODUCT('2026-06-11-12-28-17-624_1','FrontCoilClamp',$,(#18007));
#18024=PRODUCT('2026-06-10-16-42-19-761','GradientCoilFins',$,(#18007));
#18025=PRESENTATION_STYLE_ASSIGNMENT((#18027));
#18026=PRESENTATION_STYLE_ASSIGNMENT((#18028));
#18027=SURFACE_STYLE_USAGE(.BOTH.,#18029);
#18028=SURFACE_STYLE_USAGE(.BOTH.,#18030);
#18029=SURFACE_SIDE_STYLE('',(#18031));
#18030=SURFACE_SIDE_STYLE('',(#18032));
#18031=SURFACE_STYLE_FILL_AREA(#18033);
#18032=SURFACE_STYLE_FILL_AREA(#18034);
#18033=FILL_AREA_STYLE('Steel - Satin',(#18035));
#18034=FILL_AREA_STYLE('Opaque(160,160,160)',(#18036));
#18035=FILL_AREA_STYLE_COLOUR('Steel - Satin',#18037);
#18036=FILL_AREA_STYLE_COLOUR('Opaque(160,160,160)',#18038);
#18037=COLOUR_RGB('Steel - Satin',0.627450980392157,0.627450980392157,0.627450980392157);
#18038=COLOUR_RGB('Opaque(160,160,160)',0.627450980392157,0.627450980392157,
0.627450980392157);
ENDSEC;
END-ISO-10303-21;
